ISO-10303-21;
HEADER;
FILE_DESCRIPTION(('Open CASCADE Model'),'2;1');
FILE_NAME('Open CASCADE Shape Model','2026-08-13T22:16:55',('Author'),(
    'Open CASCADE'),'Open CASCADE STEP processor 7.9','Open CASCADE 7.9'
  ,'Unknown');
FILE_SCHEMA(('AUTOMOTIVE_DESIGN { 1 0 10303 214 1 1 1 1 }'));
ENDSEC;
DATA;
#1 = APPLICATION_PROTOCOL_DEFINITION('international standard',
  'automotive_design',2000,#2);
#2 = APPLICATION_CONTEXT(
  'core data for automotive mechanical design processes');
#3 = SHAPE_DEFINITION_REPRESENTATION(#4,#10);
#4 = PRODUCT_DEFINITION_SHAPE('','',#5);
#5 = PRODUCT_DEFINITION('design','',#6,#9);
#6 = PRODUCT_DEFINITION_FORMATION('','',#7);
#7 = PRODUCT('Open CASCADE STEP translator 7.9 233',
  'Open CASCADE STEP translator 7.9 233','',(#8));
#8 = PRODUCT_CONTEXT('',#2,'mechanical');
#9 = PRODUCT_DEFINITION_CONTEXT('part definition',#2,'design');
#10 = ADVANCED_BREP_SHAPE_REPRESENTATION('',(#11,#15),#2336);
#11 = AXIS2_PLACEMENT_3D('',#12,#13,#14);
#12 = CARTESIAN_POINT('',(0.,0.,0.));
#13 = DIRECTION('',(0.,0.,1.));
#14 = DIRECTION('',(1.,0.,-0.));
#15 = MANIFOLD_SOLID_BREP('',#16);
#16 = CLOSED_SHELL('',(#17,#137,#213,#323,#394,#669,#872,#1155,#1503,
    #1550,#1621,#1668,#1678,#1725,#1733,#1980,#2067,#2098,#2152,#2179,
    #2206,#2260,#2287,#2315,#2323));
#17 = ADVANCED_FACE('',(#18),#32,.F.);
#18 = FACE_BOUND('',#19,.T.);
#19 = EDGE_LOOP('',(#20,#55,#83,#111));
#20 = ORIENTED_EDGE('',*,*,#21,.F.);
#21 = EDGE_CURVE('',#22,#24,#26,.T.);
#22 = VERTEX_POINT('',#23);
#23 = CARTESIAN_POINT('',(52.386112441279,-32.75286648547,
    50.196734513624));
#24 = VERTEX_POINT('',#25);
#25 = CARTESIAN_POINT('',(52.386112441279,-32.75286648547,
    50.059437303657));
#26 = SURFACE_CURVE('',#27,(#31,#43),.PCURVE_S1.);
#27 = LINE('',#28,#29);
#28 = CARTESIAN_POINT('',(52.386112441279,-32.75286648547,65.12808590864
    ));
#29 = VECTOR('',#30,1.);
#30 = DIRECTION('',(-1.008916698411E-14,4.199871412848E-30,-1.));
#31 = PCURVE('',#32,#37);
#32 = PLANE('',#33);
#33 = AXIS2_PLACEMENT_3D('',#34,#35,#36);
#34 = CARTESIAN_POINT('',(52.386112441279,-120.0965141869,
    50.196734513623));
#35 = DIRECTION('',(1.,-1.875043330478E-15,-1.008916698411E-14));
#36 = DIRECTION('',(-1.008916698411E-14,1.021607962629E-14,-1.));
#37 = DEFINITIONAL_REPRESENTATION('',(#38),#42);
#38 = LINE('',#39,#40);
#39 = CARTESIAN_POINT('',(-14.93135139501,87.343647701522));
#40 = VECTOR('',#41,1.);
#41 = DIRECTION('',(1.,-1.021607962629E-14));
#42 = ( GEOMETRIC_REPRESENTATION_CONTEXT(2) 
PARAMETRIC_REPRESENTATION_CONTEXT() REPRESENTATION_CONTEXT('2D SPACE',''
  ) );
#43 = PCURVE('',#44,#49);
#44 = PLANE('',#45);
#45 = AXIS2_PLACEMENT_3D('',#46,#47,#48);
#46 = CARTESIAN_POINT('',(64.922693063068,-32.75286648547,
    80.059437303657));
#47 = DIRECTION('',(-4.65236315081E-16,-1.,4.939754570766E-31));
#48 = DIRECTION('',(-1.,4.65236315081E-16,1.209723642171E-15));
#49 = DEFINITIONAL_REPRESENTATION('',(#50),#54);
#50 = LINE('',#51,#52);
#51 = CARTESIAN_POINT('',(12.536580621789,14.931351395017));
#52 = VECTOR('',#53,1.);
#53 = DIRECTION('',(8.87944334194E-15,1.));
#54 = ( GEOMETRIC_REPRESENTATION_CONTEXT(2) 
PARAMETRIC_REPRESENTATION_CONTEXT() REPRESENTATION_CONTEXT('2D SPACE',''
  ) );
#55 = ORIENTED_EDGE('',*,*,#56,.T.);
#56 = EDGE_CURVE('',#22,#57,#59,.T.);
#57 = VERTEX_POINT('',#58);
#58 = CARTESIAN_POINT('',(52.386112441279,-30.09651418699,
    50.196734513624));
#59 = SURFACE_CURVE('',#60,(#64,#71),.PCURVE_S1.);
#60 = LINE('',#61,#62);
#61 = CARTESIAN_POINT('',(52.386112441279,-120.0965141869,
    50.196734513623));
#62 = VECTOR('',#63,1.);
#63 = DIRECTION('',(1.875043330478E-15,1.,1.026339507209E-14));
#64 = PCURVE('',#32,#65);
#65 = DEFINITIONAL_REPRESENTATION('',(#66),#70);
#66 = LINE('',#67,#68);
#67 = CARTESIAN_POINT('',(0.,0.));
#68 = VECTOR('',#69,1.);
#69 = DIRECTION('',(-4.731544579662E-17,1.));
#70 = ( GEOMETRIC_REPRESENTATION_CONTEXT(2) 
PARAMETRIC_REPRESENTATION_CONTEXT() REPRESENTATION_CONTEXT('2D SPACE',''
  ) );
#71 = PCURVE('',#72,#77);
#72 = PLANE('',#73);
#73 = AXIS2_PLACEMENT_3D('',#74,#75,#76);
#74 = CARTESIAN_POINT('',(37.654112441279,-120.0965141869,
    50.196734513624));
#75 = DIRECTION('',(1.008916698411E-14,-1.026339507209E-14,1.));
#76 = DIRECTION('',(1.,-1.883830387447E-15,-1.008916698411E-14));
#77 = DEFINITIONAL_REPRESENTATION('',(#78),#82);
#78 = LINE('',#79,#80);
#79 = CARTESIAN_POINT('',(14.732,2.775258926786E-14));
#80 = VECTOR('',#81,1.);
#81 = DIRECTION('',(-8.787056968754E-18,1.));
#82 = ( GEOMETRIC_REPRESENTATION_CONTEXT(2) 
PARAMETRIC_REPRESENTATION_CONTEXT() REPRESENTATION_CONTEXT('2D SPACE',''
  ) );
#83 = ORIENTED_EDGE('',*,*,#84,.T.);
#84 = EDGE_CURVE('',#57,#85,#87,.T.);
#85 = VERTEX_POINT('',#86);
#86 = CARTESIAN_POINT('',(52.386112441279,-30.09651418699,
    50.059437303657));
#87 = SURFACE_CURVE('',#88,(#92,#99),.PCURVE_S1.);
#88 = LINE('',#89,#90);
#89 = CARTESIAN_POINT('',(52.386112441279,-30.09651418699,
    50.196734513624));
#90 = VECTOR('',#91,1.);
#91 = DIRECTION('',(-1.008916698411E-14,1.021607962629E-14,-1.));
#92 = PCURVE('',#32,#93);
#93 = DEFINITIONAL_REPRESENTATION('',(#94),#98);
#94 = LINE('',#95,#96);
#95 = CARTESIAN_POINT('',(1.70578919511E-14,90.));
#96 = VECTOR('',#97,1.);
#97 = DIRECTION('',(1.,0.));
#98 = ( GEOMETRIC_REPRESENTATION_CONTEXT(2) 
PARAMETRIC_REPRESENTATION_CONTEXT() REPRESENTATION_CONTEXT('2D SPACE',''
  ) );
#99 = PCURVE('',#100,#105);
#100 = PLANE('',#101);
#101 = AXIS2_PLACEMENT_3D('',#102,#103,#104);
#102 = CARTESIAN_POINT('',(45.020112441279,-30.09651418699,
    39.071534513624));
#103 = DIRECTION('',(1.875043330478E-15,1.,1.026339507209E-14));
#104 = DIRECTION('',(0.,-1.026339507209E-14,1.));
#105 = DEFINITIONAL_REPRESENTATION('',(#106),#110);
#106 = LINE('',#107,#108);
#107 = CARTESIAN_POINT('',(11.1252,7.366));
#108 = VECTOR('',#109,1.);
#109 = DIRECTION('',(-1.,-1.008916698411E-14));
#110 = ( GEOMETRIC_REPRESENTATION_CONTEXT(2) 
PARAMETRIC_REPRESENTATION_CONTEXT() REPRESENTATION_CONTEXT('2D SPACE',''
  ) );
#111 = ORIENTED_EDGE('',*,*,#112,.F.);
#112 = EDGE_CURVE('',#24,#85,#113,.T.);
#113 = SURFACE_CURVE('',#114,(#118,#125),.PCURVE_S1.);
#114 = LINE('',#115,#116);
#115 = CARTESIAN_POINT('',(52.386112441279,-71.66219033623,
    50.059437303657));
#116 = VECTOR('',#117,1.);
#117 = DIRECTION('',(1.875043330478E-15,1.,2.77568255201E-17));
#118 = PCURVE('',#32,#119);
#119 = DEFINITIONAL_REPRESENTATION('',(#120),#124);
#120 = LINE('',#121,#122);
#121 = CARTESIAN_POINT('',(0.137297209967,48.434323850761));
#122 = VECTOR('',#123,1.);
#123 = DIRECTION('',(1.018832280077E-14,1.));
#124 = ( GEOMETRIC_REPRESENTATION_CONTEXT(2) 
PARAMETRIC_REPRESENTATION_CONTEXT() REPRESENTATION_CONTEXT('2D SPACE',''
  ) );
#125 = PCURVE('',#126,#131);
#126 = PLANE('',#127);
#127 = AXIS2_PLACEMENT_3D('',#128,#129,#130);
#128 = CARTESIAN_POINT('',(45.056693063069,-23.22786648547,
    50.059437303657));
#129 = DIRECTION('',(-1.209723642171E-15,2.77568255201E-17,-1.));
#130 = DIRECTION('',(1.,9.860761315263E-32,-1.209723642171E-15));
#131 = DEFINITIONAL_REPRESENTATION('',(#132),#136);
#132 = LINE('',#133,#134);
#133 = CARTESIAN_POINT('',(7.32941937821,48.434323850761));
#134 = VECTOR('',#135,1.);
#135 = DIRECTION('',(1.875043330478E-15,-1.));
#136 = ( GEOMETRIC_REPRESENTATION_CONTEXT(2) 
PARAMETRIC_REPRESENTATION_CONTEXT() REPRESENTATION_CONTEXT('2D SPACE',''
  ) );
#137 = ADVANCED_FACE('',(#138),#100,.F.);
#138 = FACE_BOUND('',#139,.T.);
#139 = EDGE_LOOP('',(#140,#163,#164,#187));
#140 = ORIENTED_EDGE('',*,*,#141,.F.);
#141 = EDGE_CURVE('',#85,#142,#144,.T.);
#142 = VERTEX_POINT('',#143);
#143 = CARTESIAN_POINT('',(45.993399671207,-30.09651418699,
    50.059437303657));
#144 = SURFACE_CURVE('',#145,(#149,#156),.PCURVE_S1.);
#145 = LINE('',#146,#147);
#146 = CARTESIAN_POINT('',(45.038402752174,-30.09651418699,
    50.059437303657));
#147 = VECTOR('',#148,1.);
#148 = DIRECTION('',(-1.,1.875043330478E-15,1.209723642171E-15));
#149 = PCURVE('',#100,#150);
#150 = DEFINITIONAL_REPRESENTATION('',(#151),#155);
#151 = LINE('',#152,#153);
#152 = CARTESIAN_POINT('',(10.987902790032,1.82903108948E-02));
#153 = VECTOR('',#154,1.);
#154 = DIRECTION('',(1.209723642171E-15,-1.));
#155 = ( GEOMETRIC_REPRESENTATION_CONTEXT(2) 
PARAMETRIC_REPRESENTATION_CONTEXT() REPRESENTATION_CONTEXT('2D SPACE',''
  ) );
#156 = PCURVE('',#126,#157);
#157 = DEFINITIONAL_REPRESENTATION('',(#158),#162);
#158 = LINE('',#159,#160);
#159 = CARTESIAN_POINT('',(-1.82903108949E-02,6.868647701522));
#160 = VECTOR('',#161,1.);
#161 = DIRECTION('',(-1.,-1.875043330478E-15));
#162 = ( GEOMETRIC_REPRESENTATION_CONTEXT(2) 
PARAMETRIC_REPRESENTATION_CONTEXT() REPRESENTATION_CONTEXT('2D SPACE',''
  ) );
#163 = ORIENTED_EDGE('',*,*,#84,.F.);
#164 = ORIENTED_EDGE('',*,*,#165,.F.);
#165 = EDGE_CURVE('',#166,#57,#168,.T.);
#166 = VERTEX_POINT('',#167);
#167 = CARTESIAN_POINT('',(45.993399671207,-30.09651418699,
    50.196734513624));
#168 = SURFACE_CURVE('',#169,(#173,#180),.PCURVE_S1.);
#169 = LINE('',#170,#171);
#170 = CARTESIAN_POINT('',(37.654112441279,-30.09651418699,
    50.196734513625));
#171 = VECTOR('',#172,1.);
#172 = DIRECTION('',(1.,-1.883830387447E-15,-1.008916698411E-14));
#173 = PCURVE('',#100,#174);
#174 = DEFINITIONAL_REPRESENTATION('',(#175),#179);
#175 = LINE('',#176,#177);
#176 = CARTESIAN_POINT('',(11.1252,-7.366));
#177 = VECTOR('',#178,1.);
#178 = DIRECTION('',(-1.008916698411E-14,1.));
#179 = ( GEOMETRIC_REPRESENTATION_CONTEXT(2) 
PARAMETRIC_REPRESENTATION_CONTEXT() REPRESENTATION_CONTEXT('2D SPACE',''
  ) );
#180 = PCURVE('',#72,#181);
#181 = DEFINITIONAL_REPRESENTATION('',(#182),#186);
#182 = LINE('',#183,#184);
#183 = CARTESIAN_POINT('',(3.651265850022E-14,90.));
#184 = VECTOR('',#185,1.);
#185 = DIRECTION('',(1.,1.861023303421E-31));
#186 = ( GEOMETRIC_REPRESENTATION_CONTEXT(2) 
PARAMETRIC_REPRESENTATION_CONTEXT() REPRESENTATION_CONTEXT('2D SPACE',''
  ) );
#187 = ORIENTED_EDGE('',*,*,#188,.F.);
#188 = EDGE_CURVE('',#142,#166,#189,.T.);
#189 = SURFACE_CURVE('',#190,(#194,#201),.PCURVE_S1.);
#190 = LINE('',#191,#192);
#191 = CARTESIAN_POINT('',(45.993399671206,-30.09651418699,
    80.059437303657));
#192 = VECTOR('',#193,1.);
#193 = DIRECTION('',(1.061773213019E-15,0.,1.));
#194 = PCURVE('',#100,#195);
#195 = DEFINITIONAL_REPRESENTATION('',(#196),#200);
#196 = LINE('',#197,#198);
#197 = CARTESIAN_POINT('',(40.987902790032,0.973287229927));
#198 = VECTOR('',#199,1.);
#199 = DIRECTION('',(1.,1.061773213019E-15));
#200 = ( GEOMETRIC_REPRESENTATION_CONTEXT(2) 
PARAMETRIC_REPRESENTATION_CONTEXT() REPRESENTATION_CONTEXT('2D SPACE',''
  ) );
#201 = PCURVE('',#202,#207);
#202 = CYLINDRICAL_SURFACE('',#203,1.5);
#203 = AXIS2_PLACEMENT_3D('',#204,#205,#206);
#204 = CARTESIAN_POINT('',(44.937259983432,-29.03135271571,
    80.059437303657));
#205 = DIRECTION('',(-1.061773213019E-15,0.,-1.));
#206 = DIRECTION('',(1.,9.860761315263E-32,-1.061773213019E-15));
#207 = DEFINITIONAL_REPRESENTATION('',(#208),#212);
#208 = LINE('',#209,#210);
#209 = CARTESIAN_POINT('',(0.789651085751,-7.105427357601E-15));
#210 = VECTOR('',#211,1.);
#211 = DIRECTION('',(2.425882561384E-14,-1.));
#212 = ( GEOMETRIC_REPRESENTATION_CONTEXT(2) 
PARAMETRIC_REPRESENTATION_CONTEXT() REPRESENTATION_CONTEXT('2D SPACE',''
  ) );
#213 = ADVANCED_FACE('',(#214),#72,.F.);
#214 = FACE_BOUND('',#215,.T.);
#215 = EDGE_LOOP('',(#216,#239,#267,#295,#321,#322));
#216 = ORIENTED_EDGE('',*,*,#217,.F.);
#217 = EDGE_CURVE('',#218,#22,#220,.T.);
#218 = VERTEX_POINT('',#219);
#219 = CARTESIAN_POINT('',(37.690693063069,-32.75286648547,
    50.196734513624));
#220 = SURFACE_CURVE('',#221,(#225,#232),.PCURVE_S1.);
#221 = LINE('',#222,#223);
#222 = CARTESIAN_POINT('',(51.288402752174,-32.75286648547,
    50.196734513624));
#223 = VECTOR('',#224,1.);
#224 = DIRECTION('',(1.,-4.65236315081E-16,-1.008916698411E-14));
#225 = PCURVE('',#72,#226);
#226 = DEFINITIONAL_REPRESENTATION('',(#227),#231);
#227 = LINE('',#228,#229);
#228 = CARTESIAN_POINT('',(13.634290310894,87.343647701522));
#229 = VECTOR('',#230,1.);
#230 = DIRECTION('',(1.,1.418594072366E-15));
#231 = ( GEOMETRIC_REPRESENTATION_CONTEXT(2) 
PARAMETRIC_REPRESENTATION_CONTEXT() REPRESENTATION_CONTEXT('2D SPACE',''
  ) );
#232 = PCURVE('',#44,#233);
#233 = DEFINITIONAL_REPRESENTATION('',(#234),#238);
#234 = LINE('',#235,#236);
#235 = CARTESIAN_POINT('',(13.634290310895,29.862702790032));
#236 = VECTOR('',#237,1.);
#237 = DIRECTION('',(-1.,8.87944334194E-15));
#238 = ( GEOMETRIC_REPRESENTATION_CONTEXT(2) 
PARAMETRIC_REPRESENTATION_CONTEXT() REPRESENTATION_CONTEXT('2D SPACE',''
  ) );
#239 = ORIENTED_EDGE('',*,*,#240,.F.);
#240 = EDGE_CURVE('',#241,#218,#243,.T.);
#241 = VERTEX_POINT('',#242);
#242 = CARTESIAN_POINT('',(37.690693063069,-30.09651418699,
    50.196734513625));
#243 = SURFACE_CURVE('',#244,(#248,#255),.PCURVE_S1.);
#244 = LINE('',#245,#246);
#245 = CARTESIAN_POINT('',(37.690693063069,-76.42469033623,
    50.196734513624));
#246 = VECTOR('',#247,1.);
#247 = DIRECTION('',(-1.080289698327E-29,-1.,-1.026339507209E-14));
#248 = PCURVE('',#72,#249);
#249 = DEFINITIONAL_REPRESENTATION('',(#250),#254);
#250 = LINE('',#251,#252);
#251 = CARTESIAN_POINT('',(3.658062179022E-02,43.671823850761));
#252 = VECTOR('',#253,1.);
#253 = DIRECTION('',(1.883830387447E-15,-1.));
#254 = ( GEOMETRIC_REPRESENTATION_CONTEXT(2) 
PARAMETRIC_REPRESENTATION_CONTEXT() REPRESENTATION_CONTEXT('2D SPACE',''
  ) );
#255 = PCURVE('',#256,#261);
#256 = PLANE('',#257);
#257 = AXIS2_PLACEMENT_3D('',#258,#259,#260);
#258 = CARTESIAN_POINT('',(37.690693063069,-32.75286648547,
    80.059437303657));
#259 = DIRECTION('',(-1.,-9.450097890501E-32,1.061773213019E-15));
#260 = DIRECTION('',(-6.502952508932E-32,1.,2.775682552012E-17));
#261 = DEFINITIONAL_REPRESENTATION('',(#262),#266);
#262 = LINE('',#263,#264);
#263 = CARTESIAN_POINT('',(-43.67182385076,29.862702790033));
#264 = VECTOR('',#265,1.);
#265 = DIRECTION('',(-1.,1.023563824657E-14));
#266 = ( GEOMETRIC_REPRESENTATION_CONTEXT(2) 
PARAMETRIC_REPRESENTATION_CONTEXT() REPRESENTATION_CONTEXT('2D SPACE',''
  ) );
#267 = ORIENTED_EDGE('',*,*,#268,.T.);
#268 = EDGE_CURVE('',#241,#269,#271,.T.);
#269 = VERTEX_POINT('',#270);
#270 = CARTESIAN_POINT('',(43.881120295657,-30.09651418699,
    50.196734513624));
#271 = SURFACE_CURVE('',#272,(#276,#283),.PCURVE_S1.);
#272 = LINE('',#273,#274);
#273 = CARTESIAN_POINT('',(37.654112441279,-30.09651418699,
    50.196734513625));
#274 = VECTOR('',#275,1.);
#275 = DIRECTION('',(1.,-1.883830387447E-15,-1.008916698411E-14));
#276 = PCURVE('',#72,#277);
#277 = DEFINITIONAL_REPRESENTATION('',(#278),#282);
#278 = LINE('',#279,#280);
#279 = CARTESIAN_POINT('',(3.651265850022E-14,90.));
#280 = VECTOR('',#281,1.);
#281 = DIRECTION('',(1.,1.861023303421E-31));
#282 = ( GEOMETRIC_REPRESENTATION_CONTEXT(2) 
PARAMETRIC_REPRESENTATION_CONTEXT() REPRESENTATION_CONTEXT('2D SPACE',''
  ) );
#283 = PCURVE('',#284,#289);
#284 = PLANE('',#285);
#285 = AXIS2_PLACEMENT_3D('',#286,#287,#288);
#286 = CARTESIAN_POINT('',(45.020112441279,-30.09651418699,
    39.071534513624));
#287 = DIRECTION('',(1.875043330478E-15,1.,1.026339507209E-14));
#288 = DIRECTION('',(0.,-1.026339507209E-14,1.));
#289 = DEFINITIONAL_REPRESENTATION('',(#290),#294);
#290 = LINE('',#291,#292);
#291 = CARTESIAN_POINT('',(11.1252,-7.366));
#292 = VECTOR('',#293,1.);
#293 = DIRECTION('',(-1.008916698411E-14,1.));
#294 = ( GEOMETRIC_REPRESENTATION_CONTEXT(2) 
PARAMETRIC_REPRESENTATION_CONTEXT() REPRESENTATION_CONTEXT('2D SPACE',''
  ) );
#295 = ORIENTED_EDGE('',*,*,#296,.F.);
#296 = EDGE_CURVE('',#166,#269,#297,.T.);
#297 = SURFACE_CURVE('',#298,(#303,#314),.PCURVE_S1.);
#298 = CIRCLE('',#299,1.5);
#299 = AXIS2_PLACEMENT_3D('',#300,#301,#302);
#300 = CARTESIAN_POINT('',(44.937259983432,-29.03135271571,
    50.196734513624));
#301 = DIRECTION('',(-1.008916698411E-14,1.026339507209E-14,-1.));
#302 = DIRECTION('',(1.,9.27503163572E-29,-1.008916698411E-14));
#303 = PCURVE('',#72,#304);
#304 = DEFINITIONAL_REPRESENTATION('',(#305),#313);
#305 = ( BOUNDED_CURVE() B_SPLINE_CURVE(2,(#306,#307,#308,#309,#310,#311
,#312),.UNSPECIFIED.,.T.,.F.) B_SPLINE_CURVE_WITH_KNOTS((1,2,2,2,2,1),(
    -2.094395102393,0.,2.094395102393,4.188790204786,6.28318530718,
8.377580409573),.UNSPECIFIED.) CURVE() GEOMETRIC_REPRESENTATION_ITEM() 
RATIONAL_B_SPLINE_CURVE((1.,0.5,1.,0.5,1.,0.5,1.)) REPRESENTATION_ITEM(
  '') );
#306 = CARTESIAN_POINT('',(8.783147542153,91.065161471283));
#307 = CARTESIAN_POINT('',(8.783147542153,88.46708525993));
#308 = CARTESIAN_POINT('',(6.533147542153,89.766123365607));
#309 = CARTESIAN_POINT('',(4.283147542153,91.065161471283));
#310 = CARTESIAN_POINT('',(6.533147542153,92.36419957696));
#311 = CARTESIAN_POINT('',(8.783147542153,93.663237682637));
#312 = CARTESIAN_POINT('',(8.783147542153,91.065161471283));
#313 = ( GEOMETRIC_REPRESENTATION_CONTEXT(2) 
PARAMETRIC_REPRESENTATION_CONTEXT() REPRESENTATION_CONTEXT('2D SPACE',''
  ) );
#314 = PCURVE('',#202,#315);
#315 = DEFINITIONAL_REPRESENTATION('',(#316),#320);
#316 = LINE('',#317,#318);
#317 = CARTESIAN_POINT('',(-1.50990331349E-14,29.862702790033));
#318 = VECTOR('',#319,1.);
#319 = DIRECTION('',(1.,-1.364425010404E-14));
#320 = ( GEOMETRIC_REPRESENTATION_CONTEXT(2) 
PARAMETRIC_REPRESENTATION_CONTEXT() REPRESENTATION_CONTEXT('2D SPACE',''
  ) );
#321 = ORIENTED_EDGE('',*,*,#165,.T.);
#322 = ORIENTED_EDGE('',*,*,#56,.F.);
#323 = ADVANCED_FACE('',(#324),#284,.F.);
#324 = FACE_BOUND('',#325,.T.);
#325 = EDGE_LOOP('',(#326,#349,#372,#393));
#326 = ORIENTED_EDGE('',*,*,#327,.F.);
#327 = EDGE_CURVE('',#328,#241,#330,.T.);
#328 = VERTEX_POINT('',#329);
#329 = CARTESIAN_POINT('',(37.690693063069,-30.09651418699,
    50.059437303657));
#330 = SURFACE_CURVE('',#331,(#335,#342),.PCURVE_S1.);
#331 = LINE('',#332,#333);
#332 = CARTESIAN_POINT('',(37.690693063069,-30.09651418699,
    59.565485908641));
#333 = VECTOR('',#334,1.);
#334 = DIRECTION('',(1.061773213019E-15,-1.026339507209E-14,1.));
#335 = PCURVE('',#284,#336);
#336 = DEFINITIONAL_REPRESENTATION('',(#337),#341);
#337 = LINE('',#338,#339);
#338 = CARTESIAN_POINT('',(20.493951395016,-7.32941937821));
#339 = VECTOR('',#340,1.);
#340 = DIRECTION('',(1.,1.061773213019E-15));
#341 = ( GEOMETRIC_REPRESENTATION_CONTEXT(2) 
PARAMETRIC_REPRESENTATION_CONTEXT() REPRESENTATION_CONTEXT('2D SPACE',''
  ) );
#342 = PCURVE('',#256,#343);
#343 = DEFINITIONAL_REPRESENTATION('',(#344),#348);
#344 = LINE('',#345,#346);
#345 = CARTESIAN_POINT('',(2.656352298478,20.493951395016));
#346 = VECTOR('',#347,1.);
#347 = DIRECTION('',(-1.023563824657E-14,-1.));
#348 = ( GEOMETRIC_REPRESENTATION_CONTEXT(2) 
PARAMETRIC_REPRESENTATION_CONTEXT() REPRESENTATION_CONTEXT('2D SPACE',''
  ) );
#349 = ORIENTED_EDGE('',*,*,#350,.F.);
#350 = EDGE_CURVE('',#351,#328,#353,.T.);
#351 = VERTEX_POINT('',#352);
#352 = CARTESIAN_POINT('',(43.881120295657,-30.09651418699,
    50.059437303657));
#353 = SURFACE_CURVE('',#354,(#358,#365),.PCURVE_S1.);
#354 = LINE('',#355,#356);
#355 = CARTESIAN_POINT('',(45.038402752174,-30.09651418699,
    50.059437303657));
#356 = VECTOR('',#357,1.);
#357 = DIRECTION('',(-1.,1.875043330478E-15,1.209723642171E-15));
#358 = PCURVE('',#284,#359);
#359 = DEFINITIONAL_REPRESENTATION('',(#360),#364);
#360 = LINE('',#361,#362);
#361 = CARTESIAN_POINT('',(10.987902790032,1.82903108948E-02));
#362 = VECTOR('',#363,1.);
#363 = DIRECTION('',(1.209723642171E-15,-1.));
#364 = ( GEOMETRIC_REPRESENTATION_CONTEXT(2) 
PARAMETRIC_REPRESENTATION_CONTEXT() REPRESENTATION_CONTEXT('2D SPACE',''
  ) );
#365 = PCURVE('',#126,#366);
#366 = DEFINITIONAL_REPRESENTATION('',(#367),#371);
#367 = LINE('',#368,#369);
#368 = CARTESIAN_POINT('',(-1.82903108949E-02,6.868647701522));
#369 = VECTOR('',#370,1.);
#370 = DIRECTION('',(-1.,-1.875043330478E-15));
#371 = ( GEOMETRIC_REPRESENTATION_CONTEXT(2) 
PARAMETRIC_REPRESENTATION_CONTEXT() REPRESENTATION_CONTEXT('2D SPACE',''
  ) );
#372 = ORIENTED_EDGE('',*,*,#373,.F.);
#373 = EDGE_CURVE('',#269,#351,#374,.T.);
#374 = SURFACE_CURVE('',#375,(#379,#386),.PCURVE_S1.);
#375 = LINE('',#376,#377);
#376 = CARTESIAN_POINT('',(43.881120295658,-30.09651418699,
    80.059437303657));
#377 = VECTOR('',#378,1.);
#378 = DIRECTION('',(-1.061773213019E-15,0.,-1.));
#379 = PCURVE('',#284,#380);
#380 = DEFINITIONAL_REPRESENTATION('',(#381),#385);
#381 = LINE('',#382,#383);
#382 = CARTESIAN_POINT('',(40.987902790032,-1.138992145622));
#383 = VECTOR('',#384,1.);
#384 = DIRECTION('',(-1.,-1.061773213019E-15));
#385 = ( GEOMETRIC_REPRESENTATION_CONTEXT(2) 
PARAMETRIC_REPRESENTATION_CONTEXT() REPRESENTATION_CONTEXT('2D SPACE',''
  ) );
#386 = PCURVE('',#202,#387);
#387 = DEFINITIONAL_REPRESENTATION('',(#388),#392);
#388 = LINE('',#389,#390);
#389 = CARTESIAN_POINT('',(2.35194156784,-7.105427357601E-15));
#390 = VECTOR('',#391,1.);
#391 = DIRECTION('',(-2.264157057292E-14,1.));
#392 = ( GEOMETRIC_REPRESENTATION_CONTEXT(2) 
PARAMETRIC_REPRESENTATION_CONTEXT() REPRESENTATION_CONTEXT('2D SPACE',''
  ) );
#393 = ORIENTED_EDGE('',*,*,#268,.F.);
#394 = ADVANCED_FACE('',(#395),#44,.T.);
#395 = FACE_BOUND('',#396,.T.);
#396 = EDGE_LOOP('',(#397,#398,#399,#422,#450,#479,#507,#535,#563,#591,
    #619,#648));
#397 = ORIENTED_EDGE('',*,*,#217,.T.);
#398 = ORIENTED_EDGE('',*,*,#21,.T.);
#399 = ORIENTED_EDGE('',*,*,#400,.F.);
#400 = EDGE_CURVE('',#401,#24,#403,.T.);
#401 = VERTEX_POINT('',#402);
#402 = CARTESIAN_POINT('',(52.422693063068,-32.75286648547,
    50.059437303657));
#403 = SURFACE_CURVE('',#404,(#408,#415),.PCURVE_S1.);
#404 = LINE('',#405,#406);
#405 = CARTESIAN_POINT('',(-121.1382140915,-32.75286648547,
    50.059437303657));
#406 = VECTOR('',#407,1.);
#407 = DIRECTION('',(-1.,4.65236315081E-16,1.209723642171E-15));
#408 = PCURVE('',#44,#409);
#409 = DEFINITIONAL_REPRESENTATION('',(#410),#414);
#410 = LINE('',#411,#412);
#411 = CARTESIAN_POINT('',(186.06090715466,30.));
#412 = VECTOR('',#413,1.);
#413 = DIRECTION('',(1.,0.));
#414 = ( GEOMETRIC_REPRESENTATION_CONTEXT(2) 
PARAMETRIC_REPRESENTATION_CONTEXT() REPRESENTATION_CONTEXT('2D SPACE',''
  ) );
#415 = PCURVE('',#126,#416);
#416 = DEFINITIONAL_REPRESENTATION('',(#417),#421);
#417 = LINE('',#418,#419);
#418 = CARTESIAN_POINT('',(-166.1949071546,9.525));
#419 = VECTOR('',#420,1.);
#420 = DIRECTION('',(-1.,-4.65236315081E-16));
#421 = ( GEOMETRIC_REPRESENTATION_CONTEXT(2) 
PARAMETRIC_REPRESENTATION_CONTEXT() REPRESENTATION_CONTEXT('2D SPACE',''
  ) );
#422 = ORIENTED_EDGE('',*,*,#423,.F.);
#423 = EDGE_CURVE('',#424,#401,#426,.T.);
#424 = VERTEX_POINT('',#425);
#425 = CARTESIAN_POINT('',(52.422693063068,-32.75286648547,
    61.059437303657));
#426 = SURFACE_CURVE('',#427,(#431,#438),.PCURVE_S1.);
#427 = LINE('',#428,#429);
#428 = CARTESIAN_POINT('',(52.422693063068,-32.75286648547,
    80.059437303657));
#429 = VECTOR('',#430,1.);
#430 = DIRECTION('',(-1.061773213019E-15,0.,-1.));
#431 = PCURVE('',#44,#432);
#432 = DEFINITIONAL_REPRESENTATION('',(#433),#437);
#433 = LINE('',#434,#435);
#434 = CARTESIAN_POINT('',(12.5,1.512154552714E-14));
#435 = VECTOR('',#436,1.);
#436 = DIRECTION('',(-1.479504291526E-16,1.));
#437 = ( GEOMETRIC_REPRESENTATION_CONTEXT(2) 
PARAMETRIC_REPRESENTATION_CONTEXT() REPRESENTATION_CONTEXT('2D SPACE',''
  ) );
#438 = PCURVE('',#439,#444);
#439 = PLANE('',#440);
#440 = AXIS2_PLACEMENT_3D('',#441,#442,#443);
#441 = CARTESIAN_POINT('',(52.422693063068,-13.70286648547,
    80.059437303657));
#442 = DIRECTION('',(1.,9.450097890502E-32,-1.061773213019E-15));
#443 = DIRECTION('',(6.502952508934E-32,-1.,-2.77568255201E-17));
#444 = DEFINITIONAL_REPRESENTATION('',(#445),#449);
#445 = LINE('',#446,#447);
#446 = CARTESIAN_POINT('',(19.05,-5.287675261579E-16));
#447 = VECTOR('',#448,1.);
#448 = DIRECTION('',(2.77568255201E-17,1.));
#449 = ( GEOMETRIC_REPRESENTATION_CONTEXT(2) 
PARAMETRIC_REPRESENTATION_CONTEXT() REPRESENTATION_CONTEXT('2D SPACE',''
  ) );
#450 = ORIENTED_EDGE('',*,*,#451,.F.);
#451 = EDGE_CURVE('',#452,#424,#454,.T.);
#452 = VERTEX_POINT('',#453);
#453 = CARTESIAN_POINT('',(56.422693063068,-32.75286648547,
    65.059437303657));
#454 = SURFACE_CURVE('',#455,(#460,#467),.PCURVE_S1.);
#455 = CIRCLE('',#456,4.);
#456 = AXIS2_PLACEMENT_3D('',#457,#458,#459);
#457 = CARTESIAN_POINT('',(56.422693063068,-32.75286648547,
    61.059437303657));
#458 = DIRECTION('',(-4.65236315081E-16,-1.,4.930380657631E-31));
#459 = DIRECTION('',(-0.707106781187,3.28971753248E-16,0.707106781187));
#460 = PCURVE('',#44,#461);
#461 = DEFINITIONAL_REPRESENTATION('',(#462),#466);
#462 = CIRCLE('',#463,4.);
#463 = AXIS2_PLACEMENT_2D('',#464,#465);
#464 = CARTESIAN_POINT('',(8.5,19.));
#465 = DIRECTION('',(0.707106781187,-0.707106781187));
#466 = ( GEOMETRIC_REPRESENTATION_CONTEXT(2) 
PARAMETRIC_REPRESENTATION_CONTEXT() REPRESENTATION_CONTEXT('2D SPACE',''
  ) );
#467 = PCURVE('',#468,#473);
#468 = CYLINDRICAL_SURFACE('',#469,4.);
#469 = AXIS2_PLACEMENT_3D('',#470,#471,#472);
#470 = CARTESIAN_POINT('',(56.422693063068,-18.46536648547,
    61.059437303657));
#471 = DIRECTION('',(-6.502952508934E-32,1.,2.77568255201E-17));
#472 = DIRECTION('',(-0.707106781187,-1.962703954947E-17,0.707106781187)
  );
#473 = DEFINITIONAL_REPRESENTATION('',(#474),#478);
#474 = LINE('',#475,#476);
#475 = CARTESIAN_POINT('',(6.28318530718,-14.2875));
#476 = VECTOR('',#477,1.);
#477 = DIRECTION('',(-1.,0.));
#478 = ( GEOMETRIC_REPRESENTATION_CONTEXT(2) 
PARAMETRIC_REPRESENTATION_CONTEXT() REPRESENTATION_CONTEXT('2D SPACE',''
  ) );
#479 = ORIENTED_EDGE('',*,*,#480,.F.);
#480 = EDGE_CURVE('',#481,#452,#483,.T.);
#481 = VERTEX_POINT('',#482);
#482 = CARTESIAN_POINT('',(64.922693063068,-32.75286648547,
    65.059437303657));
#483 = SURFACE_CURVE('',#484,(#488,#495),.PCURVE_S1.);
#484 = LINE('',#485,#486);
#485 = CARTESIAN_POINT('',(-121.1382140915,-32.75286648547,
    65.059437303657));
#486 = VECTOR('',#487,1.);
#487 = DIRECTION('',(-1.,4.65236315081E-16,1.209723642171E-15));
#488 = PCURVE('',#44,#489);
#489 = DEFINITIONAL_REPRESENTATION('',(#490),#494);
#490 = LINE('',#491,#492);
#491 = CARTESIAN_POINT('',(186.06090715466,15.));
#492 = VECTOR('',#493,1.);
#493 = DIRECTION('',(1.,0.));
#494 = ( GEOMETRIC_REPRESENTATION_CONTEXT(2) 
PARAMETRIC_REPRESENTATION_CONTEXT() REPRESENTATION_CONTEXT('2D SPACE',''
  ) );
#495 = PCURVE('',#496,#501);
#496 = PLANE('',#497);
#497 = AXIS2_PLACEMENT_3D('',#498,#499,#500);
#498 = CARTESIAN_POINT('',(45.056693063069,-23.22786648547,
    65.059437303657));
#499 = DIRECTION('',(-1.209723642171E-15,2.77568255201E-17,-1.));
#500 = DIRECTION('',(1.,9.860761315263E-32,-1.209723642171E-15));
#501 = DEFINITIONAL_REPRESENTATION('',(#502),#506);
#502 = LINE('',#503,#504);
#503 = CARTESIAN_POINT('',(-166.1949071546,9.525));
#504 = VECTOR('',#505,1.);
#505 = DIRECTION('',(-1.,-4.65236315081E-16));
#506 = ( GEOMETRIC_REPRESENTATION_CONTEXT(2) 
PARAMETRIC_REPRESENTATION_CONTEXT() REPRESENTATION_CONTEXT('2D SPACE',''
  ) );
#507 = ORIENTED_EDGE('',*,*,#508,.F.);
#508 = EDGE_CURVE('',#509,#481,#511,.T.);
#509 = VERTEX_POINT('',#510);
#510 = CARTESIAN_POINT('',(64.922693063068,-32.75286648547,
    80.059437303657));
#511 = SURFACE_CURVE('',#512,(#516,#523),.PCURVE_S1.);
#512 = LINE('',#513,#514);
#513 = CARTESIAN_POINT('',(64.922693063068,-32.75286648547,
    80.059437303657));
#514 = VECTOR('',#515,1.);
#515 = DIRECTION('',(-1.061773213019E-15,0.,-1.));
#516 = PCURVE('',#44,#517);
#517 = DEFINITIONAL_REPRESENTATION('',(#518),#522);
#518 = LINE('',#519,#520);
#519 = CARTESIAN_POINT('',(0.,0.));
#520 = VECTOR('',#521,1.);
#521 = DIRECTION('',(-1.479504291526E-16,1.));
#522 = ( GEOMETRIC_REPRESENTATION_CONTEXT(2) 
PARAMETRIC_REPRESENTATION_CONTEXT() REPRESENTATION_CONTEXT('2D SPACE',''
  ) );
#523 = PCURVE('',#524,#529);
#524 = PLANE('',#525);
#525 = AXIS2_PLACEMENT_3D('',#526,#527,#528);
#526 = CARTESIAN_POINT('',(64.922693063068,-13.70286648547,
    80.059437303657));
#527 = DIRECTION('',(1.,9.450097890502E-32,-1.061773213019E-15));
#528 = DIRECTION('',(6.502952508934E-32,-1.,-2.77568255201E-17));
#529 = DEFINITIONAL_REPRESENTATION('',(#530),#534);
#530 = LINE('',#531,#532);
#531 = CARTESIAN_POINT('',(19.05,-5.287675261579E-16));
#532 = VECTOR('',#533,1.);
#533 = DIRECTION('',(2.77568255201E-17,1.));
#534 = ( GEOMETRIC_REPRESENTATION_CONTEXT(2) 
PARAMETRIC_REPRESENTATION_CONTEXT() REPRESENTATION_CONTEXT('2D SPACE',''
  ) );
#535 = ORIENTED_EDGE('',*,*,#536,.F.);
#536 = EDGE_CURVE('',#537,#509,#539,.T.);
#537 = VERTEX_POINT('',#538);
#538 = CARTESIAN_POINT('',(25.190693063069,-32.75286648547,
    80.059437303657));
#539 = SURFACE_CURVE('',#540,(#544,#551),.PCURVE_S1.);
#540 = LINE('',#541,#542);
#541 = CARTESIAN_POINT('',(-121.1382140915,-32.75286648547,
    80.059437303657));
#542 = VECTOR('',#543,1.);
#543 = DIRECTION('',(1.,-4.65236315081E-16,-1.209723642171E-15));
#544 = PCURVE('',#44,#545);
#545 = DEFINITIONAL_REPRESENTATION('',(#546),#550);
#546 = LINE('',#547,#548);
#547 = CARTESIAN_POINT('',(186.06090715466,1.19194575408E-14));
#548 = VECTOR('',#549,1.);
#549 = DIRECTION('',(-1.,0.));
#550 = ( GEOMETRIC_REPRESENTATION_CONTEXT(2) 
PARAMETRIC_REPRESENTATION_CONTEXT() REPRESENTATION_CONTEXT('2D SPACE',''
  ) );
#551 = PCURVE('',#552,#557);
#552 = PLANE('',#553);
#553 = AXIS2_PLACEMENT_3D('',#554,#555,#556);
#554 = CARTESIAN_POINT('',(45.056693063069,-23.22786648547,
    80.059437303657));
#555 = DIRECTION('',(-1.209723642171E-15,2.77568255201E-17,-1.));
#556 = DIRECTION('',(1.,9.860761315263E-32,-1.209723642171E-15));
#557 = DEFINITIONAL_REPRESENTATION('',(#558),#562);
#558 = LINE('',#559,#560);
#559 = CARTESIAN_POINT('',(-166.1949071546,9.525));
#560 = VECTOR('',#561,1.);
#561 = DIRECTION('',(1.,4.65236315081E-16));
#562 = ( GEOMETRIC_REPRESENTATION_CONTEXT(2) 
PARAMETRIC_REPRESENTATION_CONTEXT() REPRESENTATION_CONTEXT('2D SPACE',''
  ) );
#563 = ORIENTED_EDGE('',*,*,#564,.T.);
#564 = EDGE_CURVE('',#537,#565,#567,.T.);
#565 = VERTEX_POINT('',#566);
#566 = CARTESIAN_POINT('',(25.190693063069,-32.75286648547,
    65.059437303657));
#567 = SURFACE_CURVE('',#568,(#572,#579),.PCURVE_S1.);
#568 = LINE('',#569,#570);
#569 = CARTESIAN_POINT('',(25.190693063069,-32.75286648547,
    80.059437303657));
#570 = VECTOR('',#571,1.);
#571 = DIRECTION('',(-1.061773213019E-15,0.,-1.));
#572 = PCURVE('',#44,#573);
#573 = DEFINITIONAL_REPRESENTATION('',(#574),#578);
#574 = LINE('',#575,#576);
#575 = CARTESIAN_POINT('',(39.731999999999,4.806473975075E-14));
#576 = VECTOR('',#577,1.);
#577 = DIRECTION('',(-1.479504291526E-16,1.));
#578 = ( GEOMETRIC_REPRESENTATION_CONTEXT(2) 
PARAMETRIC_REPRESENTATION_CONTEXT() REPRESENTATION_CONTEXT('2D SPACE',''
  ) );
#579 = PCURVE('',#580,#585);
#580 = PLANE('',#581);
#581 = AXIS2_PLACEMENT_3D('',#582,#583,#584);
#582 = CARTESIAN_POINT('',(25.190693063069,-32.75286648547,
    80.059437303657));
#583 = DIRECTION('',(-1.,-9.450097890502E-32,1.061773213019E-15));
#584 = DIRECTION('',(-6.502952508934E-32,1.,2.77568255201E-17));
#585 = DEFINITIONAL_REPRESENTATION('',(#586),#590);
#586 = LINE('',#587,#588);
#587 = CARTESIAN_POINT('',(0.,0.));
#588 = VECTOR('',#589,1.);
#589 = DIRECTION('',(-2.77568255201E-17,1.));
#590 = ( GEOMETRIC_REPRESENTATION_CONTEXT(2) 
PARAMETRIC_REPRESENTATION_CONTEXT() REPRESENTATION_CONTEXT('2D SPACE',''
  ) );
#591 = ORIENTED_EDGE('',*,*,#592,.F.);
#592 = EDGE_CURVE('',#593,#565,#595,.T.);
#593 = VERTEX_POINT('',#594);
#594 = CARTESIAN_POINT('',(33.690693063069,-32.75286648547,
    65.059437303657));
#595 = SURFACE_CURVE('',#596,(#600,#607),.PCURVE_S1.);
#596 = LINE('',#597,#598);
#597 = CARTESIAN_POINT('',(-121.1382140915,-32.75286648547,
    65.059437303657));
#598 = VECTOR('',#599,1.);
#599 = DIRECTION('',(-1.,4.65236315081E-16,1.209723642171E-15));
#600 = PCURVE('',#44,#601);
#601 = DEFINITIONAL_REPRESENTATION('',(#602),#606);
#602 = LINE('',#603,#604);
#603 = CARTESIAN_POINT('',(186.06090715466,15.));
#604 = VECTOR('',#605,1.);
#605 = DIRECTION('',(1.,0.));
#606 = ( GEOMETRIC_REPRESENTATION_CONTEXT(2) 
PARAMETRIC_REPRESENTATION_CONTEXT() REPRESENTATION_CONTEXT('2D SPACE',''
  ) );
#607 = PCURVE('',#608,#613);
#608 = PLANE('',#609);
#609 = AXIS2_PLACEMENT_3D('',#610,#611,#612);
#610 = CARTESIAN_POINT('',(45.056693063069,-23.22786648547,
    65.059437303657));
#611 = DIRECTION('',(-1.209723642171E-15,2.77568255201E-17,-1.));
#612 = DIRECTION('',(1.,9.860761315263E-32,-1.209723642171E-15));
#613 = DEFINITIONAL_REPRESENTATION('',(#614),#618);
#614 = LINE('',#615,#616);
#615 = CARTESIAN_POINT('',(-166.1949071546,9.525));
#616 = VECTOR('',#617,1.);
#617 = DIRECTION('',(-1.,-4.65236315081E-16));
#618 = ( GEOMETRIC_REPRESENTATION_CONTEXT(2) 
PARAMETRIC_REPRESENTATION_CONTEXT() REPRESENTATION_CONTEXT('2D SPACE',''
  ) );
#619 = ORIENTED_EDGE('',*,*,#620,.F.);
#620 = EDGE_CURVE('',#621,#593,#623,.T.);
#621 = VERTEX_POINT('',#622);
#622 = CARTESIAN_POINT('',(37.690693063069,-32.75286648547,
    61.059437303657));
#623 = SURFACE_CURVE('',#624,(#629,#636),.PCURVE_S1.);
#624 = CIRCLE('',#625,4.);
#625 = AXIS2_PLACEMENT_3D('',#626,#627,#628);
#626 = CARTESIAN_POINT('',(33.690693063069,-32.75286648547,
    61.059437303657));
#627 = DIRECTION('',(-4.65236315081E-16,-1.,4.930380657631E-31));
#628 = DIRECTION('',(0.707106781187,-3.28971753248E-16,0.707106781187));
#629 = PCURVE('',#44,#630);
#630 = DEFINITIONAL_REPRESENTATION('',(#631),#635);
#631 = CIRCLE('',#632,4.);
#632 = AXIS2_PLACEMENT_2D('',#633,#634);
#633 = CARTESIAN_POINT('',(31.231999999999,19.));
#634 = DIRECTION('',(-0.707106781187,-0.707106781187));
#635 = ( GEOMETRIC_REPRESENTATION_CONTEXT(2) 
PARAMETRIC_REPRESENTATION_CONTEXT() REPRESENTATION_CONTEXT('2D SPACE',''
  ) );
#636 = PCURVE('',#637,#642);
#637 = CYLINDRICAL_SURFACE('',#638,4.);
#638 = AXIS2_PLACEMENT_3D('',#639,#640,#641);
#639 = CARTESIAN_POINT('',(33.690693063069,-27.99036648547,
    61.059437303657));
#640 = DIRECTION('',(6.502952508934E-32,-1.,-2.77568255201E-17));
#641 = DIRECTION('',(0.707106781187,-1.962703954947E-17,0.707106781187)
  );
#642 = DEFINITIONAL_REPRESENTATION('',(#643),#647);
#643 = LINE('',#644,#645);
#644 = CARTESIAN_POINT('',(-6.28318530718,4.7625));
#645 = VECTOR('',#646,1.);
#646 = DIRECTION('',(1.,0.));
#647 = ( GEOMETRIC_REPRESENTATION_CONTEXT(2) 
PARAMETRIC_REPRESENTATION_CONTEXT() REPRESENTATION_CONTEXT('2D SPACE',''
  ) );
#648 = ORIENTED_EDGE('',*,*,#649,.T.);
#649 = EDGE_CURVE('',#621,#218,#650,.T.);
#650 = SURFACE_CURVE('',#651,(#655,#662),.PCURVE_S1.);
#651 = LINE('',#652,#653);
#652 = CARTESIAN_POINT('',(37.690693063069,-32.75286648547,
    80.059437303657));
#653 = VECTOR('',#654,1.);
#654 = DIRECTION('',(-1.061773213019E-15,0.,-1.));
#655 = PCURVE('',#44,#656);
#656 = DEFINITIONAL_REPRESENTATION('',(#657),#661);
#657 = LINE('',#658,#659);
#658 = CARTESIAN_POINT('',(27.231999999999,3.294319422361E-14));
#659 = VECTOR('',#660,1.);
#660 = DIRECTION('',(-1.479504291526E-16,1.));
#661 = ( GEOMETRIC_REPRESENTATION_CONTEXT(2) 
PARAMETRIC_REPRESENTATION_CONTEXT() REPRESENTATION_CONTEXT('2D SPACE',''
  ) );
#662 = PCURVE('',#256,#663);
#663 = DEFINITIONAL_REPRESENTATION('',(#664),#668);
#664 = LINE('',#665,#666);
#665 = CARTESIAN_POINT('',(0.,0.));
#666 = VECTOR('',#667,1.);
#667 = DIRECTION('',(-2.775682552012E-17,1.));
#668 = ( GEOMETRIC_REPRESENTATION_CONTEXT(2) 
PARAMETRIC_REPRESENTATION_CONTEXT() REPRESENTATION_CONTEXT('2D SPACE',''
  ) );
#669 = ADVANCED_FACE('',(#670,#802,#837),#126,.T.);
#670 = FACE_BOUND('',#671,.T.);
#671 = EDGE_LOOP('',(#672,#673,#674,#702,#728,#729,#752,#780,#801));
#672 = ORIENTED_EDGE('',*,*,#112,.T.);
#673 = ORIENTED_EDGE('',*,*,#141,.T.);
#674 = ORIENTED_EDGE('',*,*,#675,.T.);
#675 = EDGE_CURVE('',#142,#676,#678,.T.);
#676 = VERTEX_POINT('',#677);
#677 = CARTESIAN_POINT('',(43.437259983432,-29.03135271571,
    50.059437303657));
#678 = SURFACE_CURVE('',#679,(#684,#695),.PCURVE_S1.);
#679 = CIRCLE('',#680,1.5);
#680 = AXIS2_PLACEMENT_3D('',#681,#682,#683);
#681 = CARTESIAN_POINT('',(44.937259983432,-29.03135271571,
    50.059437303657));
#682 = DIRECTION('',(1.209723642171E-15,-2.77568255201E-17,1.));
#683 = DIRECTION('',(1.,9.860761315263E-32,-1.209723642171E-15));
#684 = PCURVE('',#126,#685);
#685 = DEFINITIONAL_REPRESENTATION('',(#686),#694);
#686 = ( BOUNDED_CURVE() B_SPLINE_CURVE(2,(#687,#688,#689,#690,#691,#692
,#693),.UNSPECIFIED.,.T.,.F.) B_SPLINE_CURVE_WITH_KNOTS((1,2,2,2,2,1),(
    -2.094395102393,0.,2.094395102393,4.188790204786,6.28318530718,
8.377580409573),.UNSPECIFIED.) CURVE() GEOMETRIC_REPRESENTATION_ITEM() 
RATIONAL_B_SPLINE_CURVE((1.,0.5,1.,0.5,1.,0.5,1.)) REPRESENTATION_ITEM(
  '') );
#687 = CARTESIAN_POINT('',(1.380566920363,5.803486230238));
#688 = CARTESIAN_POINT('',(1.380566920363,3.205410018885));
#689 = CARTESIAN_POINT('',(-0.869433079637,4.504448124562));
#690 = CARTESIAN_POINT('',(-3.119433079637,5.803486230238));
#691 = CARTESIAN_POINT('',(-0.869433079637,7.102524335915));
#692 = CARTESIAN_POINT('',(1.380566920363,8.401562441592));
#693 = CARTESIAN_POINT('',(1.380566920363,5.803486230238));
#694 = ( GEOMETRIC_REPRESENTATION_CONTEXT(2) 
PARAMETRIC_REPRESENTATION_CONTEXT() REPRESENTATION_CONTEXT('2D SPACE',''
  ) );
#695 = PCURVE('',#202,#696);
#696 = DEFINITIONAL_REPRESENTATION('',(#697),#701);
#697 = LINE('',#698,#699);
#698 = CARTESIAN_POINT('',(6.28318530718,30.));
#699 = VECTOR('',#700,1.);
#700 = DIRECTION('',(-1.,1.807424781755E-15));
#701 = ( GEOMETRIC_REPRESENTATION_CONTEXT(2) 
PARAMETRIC_REPRESENTATION_CONTEXT() REPRESENTATION_CONTEXT('2D SPACE',''
  ) );
#702 = ORIENTED_EDGE('',*,*,#703,.T.);
#703 = EDGE_CURVE('',#676,#351,#704,.T.);
#704 = SURFACE_CURVE('',#705,(#710,#721),.PCURVE_S1.);
#705 = CIRCLE('',#706,1.5);
#706 = AXIS2_PLACEMENT_3D('',#707,#708,#709);
#707 = CARTESIAN_POINT('',(44.937259983432,-29.03135271571,
    50.059437303657));
#708 = DIRECTION('',(1.209723642171E-15,-2.77568255201E-17,1.));
#709 = DIRECTION('',(1.,9.860761315263E-32,-1.209723642171E-15));
#710 = PCURVE('',#126,#711);
#711 = DEFINITIONAL_REPRESENTATION('',(#712),#720);
#712 = ( BOUNDED_CURVE() B_SPLINE_CURVE(2,(#713,#714,#715,#716,#717,#718
,#719),.UNSPECIFIED.,.T.,.F.) B_SPLINE_CURVE_WITH_KNOTS((1,2,2,2,2,1),(
    -2.094395102393,0.,2.094395102393,4.188790204786,6.28318530718,
8.377580409573),.UNSPECIFIED.) CURVE() GEOMETRIC_REPRESENTATION_ITEM() 
RATIONAL_B_SPLINE_CURVE((1.,0.5,1.,0.5,1.,0.5,1.)) REPRESENTATION_ITEM(
  '') );
#713 = CARTESIAN_POINT('',(1.380566920363,5.803486230238));
#714 = CARTESIAN_POINT('',(1.380566920363,3.205410018885));
#715 = CARTESIAN_POINT('',(-0.869433079637,4.504448124562));
#716 = CARTESIAN_POINT('',(-3.119433079637,5.803486230238));
#717 = CARTESIAN_POINT('',(-0.869433079637,7.102524335915));
#718 = CARTESIAN_POINT('',(1.380566920363,8.401562441592));
#719 = CARTESIAN_POINT('',(1.380566920363,5.803486230238));
#720 = ( GEOMETRIC_REPRESENTATION_CONTEXT(2) 
PARAMETRIC_REPRESENTATION_CONTEXT() REPRESENTATION_CONTEXT('2D SPACE',''
  ) );
#721 = PCURVE('',#202,#722);
#722 = DEFINITIONAL_REPRESENTATION('',(#723),#727);
#723 = LINE('',#724,#725);
#724 = CARTESIAN_POINT('',(6.28318530718,30.));
#725 = VECTOR('',#726,1.);
#726 = DIRECTION('',(-1.,-8.998186016366E-15));
#727 = ( GEOMETRIC_REPRESENTATION_CONTEXT(2) 
PARAMETRIC_REPRESENTATION_CONTEXT() REPRESENTATION_CONTEXT('2D SPACE',''
  ) );
#728 = ORIENTED_EDGE('',*,*,#350,.T.);
#729 = ORIENTED_EDGE('',*,*,#730,.T.);
#730 = EDGE_CURVE('',#328,#731,#733,.T.);
#731 = VERTEX_POINT('',#732);
#732 = CARTESIAN_POINT('',(37.690693063069,6.297133514524,
    50.059437303657));
#733 = SURFACE_CURVE('',#734,(#738,#745),.PCURVE_S1.);
#734 = LINE('',#735,#736);
#735 = CARTESIAN_POINT('',(37.690693063069,-34.35306648547,
    50.059437303657));
#736 = VECTOR('',#737,1.);
#737 = DIRECTION('',(-6.502952508932E-32,1.,2.775682552012E-17));
#738 = PCURVE('',#126,#739);
#739 = DEFINITIONAL_REPRESENTATION('',(#740),#744);
#740 = LINE('',#741,#742);
#741 = CARTESIAN_POINT('',(-7.366,11.1252));
#742 = VECTOR('',#743,1.);
#743 = DIRECTION('',(9.305497614657E-47,-1.));
#744 = ( GEOMETRIC_REPRESENTATION_CONTEXT(2) 
PARAMETRIC_REPRESENTATION_CONTEXT() REPRESENTATION_CONTEXT('2D SPACE',''
  ) );
#745 = PCURVE('',#256,#746);
#746 = DEFINITIONAL_REPRESENTATION('',(#747),#751);
#747 = LINE('',#748,#749);
#748 = CARTESIAN_POINT('',(-1.6002,30.));
#749 = VECTOR('',#750,1.);
#750 = DIRECTION('',(1.,0.));
#751 = ( GEOMETRIC_REPRESENTATION_CONTEXT(2) 
PARAMETRIC_REPRESENTATION_CONTEXT() REPRESENTATION_CONTEXT('2D SPACE',''
  ) );
#752 = ORIENTED_EDGE('',*,*,#753,.F.);
#753 = EDGE_CURVE('',#754,#731,#756,.T.);
#754 = VERTEX_POINT('',#755);
#755 = CARTESIAN_POINT('',(52.422693063068,6.297133514524,
    50.059437303657));
#756 = SURFACE_CURVE('',#757,(#761,#768),.PCURVE_S1.);
#757 = LINE('',#758,#759);
#758 = CARTESIAN_POINT('',(37.690693063069,6.297133514524,
    50.059437303657));
#759 = VECTOR('',#760,1.);
#760 = DIRECTION('',(-1.,-2.97860437016E-45,-1.224646799147E-16));
#761 = PCURVE('',#126,#762);
#762 = DEFINITIONAL_REPRESENTATION('',(#763),#767);
#763 = LINE('',#764,#765);
#764 = CARTESIAN_POINT('',(-7.366,-29.525));
#765 = VECTOR('',#766,1.);
#766 = DIRECTION('',(-1.,-6.163029433657E-32));
#767 = ( GEOMETRIC_REPRESENTATION_CONTEXT(2) 
PARAMETRIC_REPRESENTATION_CONTEXT() REPRESENTATION_CONTEXT('2D SPACE',''
  ) );
#768 = PCURVE('',#769,#774);
#769 = PLANE('',#770);
#770 = AXIS2_PLACEMENT_3D('',#771,#772,#773);
#771 = CARTESIAN_POINT('',(45.056693063069,6.297133514524,
    52.059437303657));
#772 = DIRECTION('',(0.,1.,0.));
#773 = DIRECTION('',(1.224646799147E-16,0.,-1.));
#774 = DEFINITIONAL_REPRESENTATION('',(#775),#779);
#775 = LINE('',#776,#777);
#776 = CARTESIAN_POINT('',(2.,7.366));
#777 = VECTOR('',#778,1.);
#778 = DIRECTION('',(0.,1.));
#779 = ( GEOMETRIC_REPRESENTATION_CONTEXT(2) 
PARAMETRIC_REPRESENTATION_CONTEXT() REPRESENTATION_CONTEXT('2D SPACE',''
  ) );
#780 = ORIENTED_EDGE('',*,*,#781,.F.);
#781 = EDGE_CURVE('',#401,#754,#782,.T.);
#782 = SURFACE_CURVE('',#783,(#787,#794),.PCURVE_S1.);
#783 = LINE('',#784,#785);
#784 = CARTESIAN_POINT('',(52.422693063068,-13.70286648547,
    50.059437303657));
#785 = VECTOR('',#786,1.);
#786 = DIRECTION('',(0.,1.,0.));
#787 = PCURVE('',#126,#788);
#788 = DEFINITIONAL_REPRESENTATION('',(#789),#793);
#789 = LINE('',#790,#791);
#790 = CARTESIAN_POINT('',(7.366,-9.525));
#791 = VECTOR('',#792,1.);
#792 = DIRECTION('',(9.860761315263E-32,-1.));
#793 = ( GEOMETRIC_REPRESENTATION_CONTEXT(2) 
PARAMETRIC_REPRESENTATION_CONTEXT() REPRESENTATION_CONTEXT('2D SPACE',''
  ) );
#794 = PCURVE('',#439,#795);
#795 = DEFINITIONAL_REPRESENTATION('',(#796),#800);
#796 = LINE('',#797,#798);
#797 = CARTESIAN_POINT('',(8.327047656029E-16,30.));
#798 = VECTOR('',#799,1.);
#799 = DIRECTION('',(-1.,2.77568255201E-17));
#800 = ( GEOMETRIC_REPRESENTATION_CONTEXT(2) 
PARAMETRIC_REPRESENTATION_CONTEXT() REPRESENTATION_CONTEXT('2D SPACE',''
  ) );
#801 = ORIENTED_EDGE('',*,*,#400,.T.);
#802 = FACE_BOUND('',#803,.T.);
#803 = EDGE_LOOP('',(#804));
#804 = ORIENTED_EDGE('',*,*,#805,.T.);
#805 = EDGE_CURVE('',#806,#806,#808,.T.);
#806 = VERTEX_POINT('',#807);
#807 = CARTESIAN_POINT('',(43.437259983432,-18.0313525518,
    50.059437303657));
#808 = SURFACE_CURVE('',#809,(#814,#825),.PCURVE_S1.);
#809 = CIRCLE('',#810,1.5);
#810 = AXIS2_PLACEMENT_3D('',#811,#812,#813);
#811 = CARTESIAN_POINT('',(44.937259983432,-18.0313525518,
    50.059437303657));
#812 = DIRECTION('',(1.209723642171E-15,-2.77568255201E-17,1.));
#813 = DIRECTION('',(1.,9.860761315263E-32,-1.209723642171E-15));
#814 = PCURVE('',#126,#815);
#815 = DEFINITIONAL_REPRESENTATION('',(#816),#824);
#816 = ( BOUNDED_CURVE() B_SPLINE_CURVE(2,(#817,#818,#819,#820,#821,#822
,#823),.UNSPECIFIED.,.T.,.F.) B_SPLINE_CURVE_WITH_KNOTS((1,2,2,2,2,1),(
    -2.094395102393,0.,2.094395102393,4.188790204786,6.28318530718,
8.377580409573),.UNSPECIFIED.) CURVE() GEOMETRIC_REPRESENTATION_ITEM() 
RATIONAL_B_SPLINE_CURVE((1.,0.5,1.,0.5,1.,0.5,1.)) REPRESENTATION_ITEM(
  '') );
#817 = CARTESIAN_POINT('',(1.380566920363,-5.196513933675));
#818 = CARTESIAN_POINT('',(1.380566920363,-7.794590145028));
#819 = CARTESIAN_POINT('',(-0.869433079637,-6.495552039351));
#820 = CARTESIAN_POINT('',(-3.119433079637,-5.196513933675));
#821 = CARTESIAN_POINT('',(-0.869433079637,-3.897475827998));
#822 = CARTESIAN_POINT('',(1.380566920363,-2.598437722321));
#823 = CARTESIAN_POINT('',(1.380566920363,-5.196513933675));
#824 = ( GEOMETRIC_REPRESENTATION_CONTEXT(2) 
PARAMETRIC_REPRESENTATION_CONTEXT() REPRESENTATION_CONTEXT('2D SPACE',''
  ) );
#825 = PCURVE('',#826,#831);
#826 = CYLINDRICAL_SURFACE('',#827,1.5);
#827 = AXIS2_PLACEMENT_3D('',#828,#829,#830);
#828 = CARTESIAN_POINT('',(44.937259983432,-18.0313525518,
    80.059437303657));
#829 = DIRECTION('',(-1.061773213019E-15,0.,-1.));
#830 = DIRECTION('',(1.,9.860761315263E-32,-1.061773213019E-15));
#831 = DEFINITIONAL_REPRESENTATION('',(#832),#836);
#832 = LINE('',#833,#834);
#833 = CARTESIAN_POINT('',(6.28318530718,30.));
#834 = VECTOR('',#835,1.);
#835 = DIRECTION('',(-1.,0.));
#836 = ( GEOMETRIC_REPRESENTATION_CONTEXT(2) 
PARAMETRIC_REPRESENTATION_CONTEXT() REPRESENTATION_CONTEXT('2D SPACE',''
  ) );
#837 = FACE_BOUND('',#838,.T.);
#838 = EDGE_LOOP('',(#839));
#839 = ORIENTED_EDGE('',*,*,#840,.T.);
#840 = EDGE_CURVE('',#841,#841,#843,.T.);
#841 = VERTEX_POINT('',#842);
#842 = CARTESIAN_POINT('',(43.437259983432,0.968647731321,
    50.059437303657));
#843 = SURFACE_CURVE('',#844,(#849,#860),.PCURVE_S1.);
#844 = CIRCLE('',#845,1.5);
#845 = AXIS2_PLACEMENT_3D('',#846,#847,#848);
#846 = CARTESIAN_POINT('',(44.937259983432,0.968647731321,
    50.059437303657));
#847 = DIRECTION('',(1.209723642171E-15,-2.77568255201E-17,1.));
#848 = DIRECTION('',(1.,3.697731881605E-32,-1.209723642171E-15));
#849 = PCURVE('',#126,#850);
#850 = DEFINITIONAL_REPRESENTATION('',(#851),#859);
#851 = ( BOUNDED_CURVE() B_SPLINE_CURVE(2,(#852,#853,#854,#855,#856,#857
,#858),.UNSPECIFIED.,.T.,.F.) B_SPLINE_CURVE_WITH_KNOTS((1,2,2,2,2,1),(
    -2.094395102393,0.,2.094395102393,4.188790204786,6.28318530718,
8.377580409573),.UNSPECIFIED.) CURVE() GEOMETRIC_REPRESENTATION_ITEM() 
RATIONAL_B_SPLINE_CURVE((1.,0.5,1.,0.5,1.,0.5,1.)) REPRESENTATION_ITEM(
  '') );
#852 = CARTESIAN_POINT('',(1.380566920363,-24.19651421679));
#853 = CARTESIAN_POINT('',(1.380566920363,-26.79459042815));
#854 = CARTESIAN_POINT('',(-0.869433079637,-25.49555232247));
#855 = CARTESIAN_POINT('',(-3.119433079637,-24.19651421679));
#856 = CARTESIAN_POINT('',(-0.869433079637,-22.89747611112));
#857 = CARTESIAN_POINT('',(1.380566920363,-21.59843800544));
#858 = CARTESIAN_POINT('',(1.380566920363,-24.19651421679));
#859 = ( GEOMETRIC_REPRESENTATION_CONTEXT(2) 
PARAMETRIC_REPRESENTATION_CONTEXT() REPRESENTATION_CONTEXT('2D SPACE',''
  ) );
#860 = PCURVE('',#861,#866);
#861 = CYLINDRICAL_SURFACE('',#862,1.5);
#862 = AXIS2_PLACEMENT_3D('',#863,#864,#865);
#863 = CARTESIAN_POINT('',(44.937259983432,0.968647731321,
    50.059437303657));
#864 = DIRECTION('',(-1.224646799147E-16,0.,1.));
#865 = DIRECTION('',(1.,0.,1.224646799147E-16));
#866 = DEFINITIONAL_REPRESENTATION('',(#867),#871);
#867 = LINE('',#868,#869);
#868 = CARTESIAN_POINT('',(-6.28318530718,0.));
#869 = VECTOR('',#870,1.);
#870 = DIRECTION('',(1.,0.));
#871 = ( GEOMETRIC_REPRESENTATION_CONTEXT(2) 
PARAMETRIC_REPRESENTATION_CONTEXT() REPRESENTATION_CONTEXT('2D SPACE',''
  ) );
#872 = ADVANCED_FACE('',(#873),#861,.F.);
#873 = FACE_BOUND('',#874,.F.);
#874 = EDGE_LOOP('',(#875,#898,#977,#1153,#1154));
#875 = ORIENTED_EDGE('',*,*,#876,.T.);
#876 = EDGE_CURVE('',#841,#877,#879,.T.);
#877 = VERTEX_POINT('',#878);
#878 = CARTESIAN_POINT('',(43.437259983432,0.968647731321,
    54.899363322337));
#879 = SEAM_CURVE('',#880,(#884,#891),.PCURVE_S1.);
#880 = LINE('',#881,#882);
#881 = CARTESIAN_POINT('',(43.437259983432,0.968647731321,
    50.059437303657));
#882 = VECTOR('',#883,1.);
#883 = DIRECTION('',(-1.224646799147E-16,0.,1.));
#884 = PCURVE('',#861,#885);
#885 = DEFINITIONAL_REPRESENTATION('',(#886),#890);
#886 = LINE('',#887,#888);
#887 = CARTESIAN_POINT('',(3.14159265359,0.));
#888 = VECTOR('',#889,1.);
#889 = DIRECTION('',(0.,1.));
#890 = ( GEOMETRIC_REPRESENTATION_CONTEXT(2) 
PARAMETRIC_REPRESENTATION_CONTEXT() REPRESENTATION_CONTEXT('2D SPACE',''
  ) );
#891 = PCURVE('',#861,#892);
#892 = DEFINITIONAL_REPRESENTATION('',(#893),#897);
#893 = LINE('',#894,#895);
#894 = CARTESIAN_POINT('',(-3.14159265359,0.));
#895 = VECTOR('',#896,1.);
#896 = DIRECTION('',(0.,1.));
#897 = ( GEOMETRIC_REPRESENTATION_CONTEXT(2) 
PARAMETRIC_REPRESENTATION_CONTEXT() REPRESENTATION_CONTEXT('2D SPACE',''
  ) );
#898 = ORIENTED_EDGE('',*,*,#899,.T.);
#899 = EDGE_CURVE('',#877,#900,#902,.T.);
#900 = VERTEX_POINT('',#901);
#901 = CARTESIAN_POINT('',(44.937259983432,2.468647731321,
    54.515519322849));
#902 = SURFACE_CURVE('',#903,(#914,#943),.PCURVE_S1.);
#903 = B_SPLINE_CURVE_WITH_KNOTS('',3,(#904,#905,#906,#907,#908,#909,
    #910,#911,#912,#913),.UNSPECIFIED.,.F.,.F.,(4,2,2,2,4),(
    0.694260692542,0.752842009342,0.811423326142,0.867776164842,
    0.924129003543),.UNSPECIFIED.);
#904 = CARTESIAN_POINT('',(43.437259983432,0.968647731321,
    54.899363322337));
#905 = CARTESIAN_POINT('',(43.437259983432,1.155860050983,
    54.843844562641));
#906 = CARTESIAN_POINT('',(43.474461654553,1.357017532225,
    54.787402813084));
#907 = CARTESIAN_POINT('',(43.628831358323,1.729321519446,
    54.688687559591));
#908 = CARTESIAN_POINT('',(43.746073484466,1.900399310211,
    54.646270840937));
#909 = CARTESIAN_POINT('',(44.014860284642,2.165935149773,
    54.582862660869));
#910 = CARTESIAN_POINT('',(44.182056486162,2.279799703817,
    54.557096549731));
#911 = CARTESIAN_POINT('',(44.549336786097,2.431168659526,
    54.523502062689));
#912 = CARTESIAN_POINT('',(44.749417187764,2.468647731321,
    54.515519322849));
#913 = CARTESIAN_POINT('',(44.937259983432,2.468647731321,
    54.515519322849));
#914 = PCURVE('',#861,#915);
#915 = DEFINITIONAL_REPRESENTATION('',(#916),#942);
#916 = B_SPLINE_CURVE_WITH_KNOTS('',3,(#917,#918,#919,#920,#921,#922,
    #923,#924,#925,#926,#927,#928,#929,#930,#931,#932,#933,#934,#935,
    #936,#937,#938,#939,#940,#941),.UNSPECIFIED.,.F.,.F.,(4,1,1,1,1,1,1,
    1,1,1,1,1,1,1,1,1,1,1,1,1,1,1,4),(0.694260692542,0.704709252133,
    0.715157811724,0.725606371315,0.736054930906,0.746503490496,
    0.756952050087,0.767400609678,0.777849169269,0.78829772886,
    0.798746288451,0.809194848042,0.819643407633,0.830091967224,
    0.840540526815,0.850989086406,0.861437645997,0.871886205588,
    0.882334765179,0.89278332477,0.903231884361,0.913680443952,
    0.924129003543),.QUASI_UNIFORM_KNOTS.);
#917 = CARTESIAN_POINT('',(3.14159265359,4.83992601868));
#918 = CARTESIAN_POINT('',(3.119332452726,4.830023696561));
#919 = CARTESIAN_POINT('',(3.074217849844,4.810160313804));
#920 = CARTESIAN_POINT('',(3.005087622746,4.780461743369));
#921 = CARTESIAN_POINT('',(2.934825256607,4.751131901841));
#922 = CARTESIAN_POINT('',(2.863750274522,4.722444743602));
#923 = CARTESIAN_POINT('',(2.792152215954,4.694667800395));
#924 = CARTESIAN_POINT('',(2.720264129387,4.668092565337));
#925 = CARTESIAN_POINT('',(2.648267651206,4.642898369548));
#926 = CARTESIAN_POINT('',(2.576397656459,4.619174306067));
#927 = CARTESIAN_POINT('',(2.504957557797,4.59703622072));
#928 = CARTESIAN_POINT('',(2.434207019473,4.576576503314));
#929 = CARTESIAN_POINT('',(2.364668723804,4.557954614948));
#930 = CARTESIAN_POINT('',(2.295879016738,4.541085187565));
#931 = CARTESIAN_POINT('',(2.224880136709,4.525270632386));
#932 = CARTESIAN_POINT('',(2.152818957982,4.510843878495));
#933 = CARTESIAN_POINT('',(2.079863917599,4.49789385667));
#934 = CARTESIAN_POINT('',(2.006414719617,4.486568468681));
#935 = CARTESIAN_POINT('',(1.932742671141,4.477023730636));
#936 = CARTESIAN_POINT('',(1.859066202822,4.469299027811));
#937 = CARTESIAN_POINT('',(1.785657843388,4.463344296631));
#938 = CARTESIAN_POINT('',(1.712852500282,4.459132617697));
#939 = CARTESIAN_POINT('',(1.641015935767,4.456630868012));
#940 = CARTESIAN_POINT('',(1.59401408413,4.456082019193));
#941 = CARTESIAN_POINT('',(1.570796326795,4.456082019193));
#942 = ( GEOMETRIC_REPRESENTATION_CONTEXT(2) 
PARAMETRIC_REPRESENTATION_CONTEXT() REPRESENTATION_CONTEXT('2D SPACE',''
  ) );
#943 = PCURVE('',#944,#949);
#944 = CYLINDRICAL_SURFACE('',#945,20.5);
#945 = AXIS2_PLACEMENT_3D('',#946,#947,#948);
#946 = CARTESIAN_POINT('',(52.422693063068,6.797133514524,
    74.553338835576));
#947 = DIRECTION('',(-1.,4.599495387733E-16,-1.224646799147E-16));
#948 = DIRECTION('',(1.112099669231E-16,-2.439024390244E-02,
    -0.999702513752));
#949 = DEFINITIONAL_REPRESENTATION('',(#950),#976);
#950 = B_SPLINE_CURVE_WITH_KNOTS('',3,(#951,#952,#953,#954,#955,#956,
    #957,#958,#959,#960,#961,#962,#963,#964,#965,#966,#967,#968,#969,
    #970,#971,#972,#973,#974,#975),.UNSPECIFIED.,.F.,.F.,(4,1,1,1,1,1,1,
    1,1,1,1,1,1,1,1,1,1,1,1,1,1,1,4),(0.694260692542,0.704709252133,
    0.715157811724,0.725606371315,0.736054930906,0.746503490496,
    0.756952050087,0.767400609678,0.777849169269,0.78829772886,
    0.798746288451,0.809194848042,0.819643407633,0.830091967224,
    0.840540526815,0.850989086406,0.861437645997,0.871886205588,
    0.882334765179,0.89278332477,0.903231884361,0.913680443952,
    0.924129003543),.QUASI_UNIFORM_KNOTS.);
#951 = CARTESIAN_POINT('',(0.263900642496,8.985433079636));
#952 = CARTESIAN_POINT('',(0.262201691695,8.985433079636));
#953 = CARTESIAN_POINT('',(0.258761472399,8.983066187113));
#954 = CARTESIAN_POINT('',(0.253523942773,8.972320059772));
#955 = CARTESIAN_POINT('',(0.248258926519,8.954284699749));
#956 = CARTESIAN_POINT('',(0.243016271881,8.928860828914));
#957 = CARTESIAN_POINT('',(0.237845407691,8.895970838284));
#958 = CARTESIAN_POINT('',(0.232797301,8.855456276302));
#959 = CARTESIAN_POINT('',(0.227916293985,8.807501655504));
#960 = CARTESIAN_POINT('',(0.223234927836,8.752878747945));
#961 = CARTESIAN_POINT('',(0.218788868696,8.69227153754));
#962 = CARTESIAN_POINT('',(0.214609585177,8.626318945806));
#963 = CARTESIAN_POINT('',(0.210742397,8.555927931989));
#964 = CARTESIAN_POINT('',(0.207181562847,8.480978366823));
#965 = CARTESIAN_POINT('',(0.203793454096,8.398647882355));
#966 = CARTESIAN_POINT('',(0.200659700926,8.310483672538));
#967 = CARTESIAN_POINT('',(0.197810936871,8.21698871972));
#968 = CARTESIAN_POINT('',(0.195290334928,8.118955698737));
#969 = CARTESIAN_POINT('',(0.193141990034,8.01706272608));
#970 = CARTESIAN_POINT('',(0.19139118323,7.912179423367));
#971 = CARTESIAN_POINT('',(0.190031574587,7.805441442326));
#972 = CARTESIAN_POINT('',(0.189062757856,7.697935147348));
#973 = CARTESIAN_POINT('',(0.188482740588,7.590760113862));
#974 = CARTESIAN_POINT('',(0.188354221848,7.520261611606));
#975 = CARTESIAN_POINT('',(0.188354221709,7.485433079636));
#976 = ( GEOMETRIC_REPRESENTATION_CONTEXT(2) 
PARAMETRIC_REPRESENTATION_CONTEXT() REPRESENTATION_CONTEXT('2D SPACE',''
  ) );
#977 = ORIENTED_EDGE('',*,*,#978,.T.);
#978 = EDGE_CURVE('',#900,#877,#979,.T.);
#979 = SURFACE_CURVE('',#980,(#1007,#1080),.PCURVE_S1.);
#980 = B_SPLINE_CURVE_WITH_KNOTS('',3,(#981,#982,#983,#984,#985,#986,
    #987,#988,#989,#990,#991,#992,#993,#994,#995,#996,#997,#998,#999,
    #1000,#1001,#1002,#1003,#1004,#1005,#1006),.UNSPECIFIED.,.F.,.F.,(4,
    2,2,2,2,2,2,2,2,2,2,2,4),(0.,5.635283870046E-02,0.112705677401,
    0.171286994201,0.229868311001,0.289496341896,0.349124372791,
    0.405594437281,0.462064501771,0.518534566261,0.575004630751,
    0.634632661647,0.694260692542),.UNSPECIFIED.);
#981 = CARTESIAN_POINT('',(44.937259983432,2.468647731321,
    54.515519322849));
#982 = CARTESIAN_POINT('',(45.1251027791,2.468647731321,54.515519322849)
  );
#983 = CARTESIAN_POINT('',(45.325183180768,2.431168659526,
    54.523502062689));
#984 = CARTESIAN_POINT('',(45.692463480702,2.279799703817,
    54.557096549731));
#985 = CARTESIAN_POINT('',(45.859659682222,2.165935149773,
    54.582862660869));
#986 = CARTESIAN_POINT('',(46.128446482399,1.900399310211,
    54.646270840937));
#987 = CARTESIAN_POINT('',(46.245688608542,1.729321519446,
    54.688687559591));
#988 = CARTESIAN_POINT('',(46.400058312311,1.357017532225,
    54.787402813084));
#989 = CARTESIAN_POINT('',(46.437259983432,1.155860050983,
    54.843844562641));
#990 = CARTESIAN_POINT('',(46.437259983432,0.778090355855,54.95587407524
    ));
#991 = CARTESIAN_POINT('',(46.398850356183,0.575359293954,
    55.019314616316));
#992 = CARTESIAN_POINT('',(46.242450132905,0.202226919851,
    55.142110547243));
#993 = CARTESIAN_POINT('',(46.124464074849,3.177703244027E-02,
    55.20132406863));
#994 = CARTESIAN_POINT('',(45.856212500121,-0.23088242831,
    55.295213293085));
#995 = CARTESIAN_POINT('',(45.690559996788,-0.343430989046,
    55.336971260175));
#996 = CARTESIAN_POINT('',(45.325235091959,-0.493708823493,
    55.393483348088));
#997 = CARTESIAN_POINT('',(45.125493531732,-0.531352268679,
    55.408018359664));
#998 = CARTESIAN_POINT('',(44.749026435132,-0.531352268679,
    55.408018359664));
#999 = CARTESIAN_POINT('',(44.549284874906,-0.493708823493,
    55.393483348088));
#1000 = CARTESIAN_POINT('',(44.183959970076,-0.343430989046,
    55.336971260175));
#1001 = CARTESIAN_POINT('',(44.018307466743,-0.23088242831,
    55.295213293085));
#1002 = CARTESIAN_POINT('',(43.750055892016,3.177703244027E-02,
    55.20132406863));
#1003 = CARTESIAN_POINT('',(43.632069833959,0.202226919851,
    55.142110547243));
#1004 = CARTESIAN_POINT('',(43.475669610681,0.575359293954,
    55.019314616316));
#1005 = CARTESIAN_POINT('',(43.437259983432,0.778090355855,
    54.95587407524));
#1006 = CARTESIAN_POINT('',(43.437259983432,0.968647731321,
    54.899363322337));
#1007 = PCURVE('',#861,#1008);
#1008 = DEFINITIONAL_REPRESENTATION('',(#1009),#1079);
#1009 = B_SPLINE_CURVE_WITH_KNOTS('',3,(#1010,#1011,#1012,#1013,#1014,
    #1015,#1016,#1017,#1018,#1019,#1020,#1021,#1022,#1023,#1024,#1025,
    #1026,#1027,#1028,#1029,#1030,#1031,#1032,#1033,#1034,#1035,#1036,
    #1037,#1038,#1039,#1040,#1041,#1042,#1043,#1044,#1045,#1046,#1047,
    #1048,#1049,#1050,#1051,#1052,#1053,#1054,#1055,#1056,#1057,#1058,
    #1059,#1060,#1061,#1062,#1063,#1064,#1065,#1066,#1067,#1068,#1069,
    #1070,#1071,#1072,#1073,#1074,#1075,#1076,#1077,#1078),
  .UNSPECIFIED.,.F.,.F.,(4,1,1,1,1,1,1,1,1,1,1,1,1,1,1,1,1,1,1,1,1,1,1,1
    ,1,1,1,1,1,1,1,1,1,1,1,1,1,1,1,1,1,1,1,1,1,1,1,1,1,1,1,1,1,1,1,1,1,1
    ,1,1,1,1,1,1,1,1,4),(0.,1.051910140215E-02,2.103820280429E-02,
    3.155730420644E-02,4.207640560859E-02,5.259550701074E-02,
    6.311460841288E-02,7.363370981503E-02,8.415281121718E-02,
    9.467191261933E-02,0.105191014021,0.115710115424,0.126229216826,
    0.136748318228,0.14726741963,0.157786521032,0.168305622434,
    0.178824723837,0.189343825239,0.199862926641,0.210382028043,
    0.220901129445,0.231420230847,0.241939332249,0.252458433652,
    0.262977535054,0.273496636456,0.284015737858,0.29453483926,
    0.305053940662,0.315573042064,0.326092143467,0.336611244869,
    0.347130346271,0.357649447673,0.368168549075,0.378687650477,
    0.389206751879,0.399725853282,0.410244954684,0.420764056086,
    0.431283157488,0.44180225889,0.452321360292,0.462840461694,
    0.473359563097,0.483878664499,0.494397765901,0.504916867303,
    0.515435968705,0.525955070107,0.53647417151,0.546993272912,
    0.557512374314,0.568031475716,0.578550577118,0.58906967852,
    0.599588779922,0.610107881325,0.620626982727,0.631146084129,
    0.641665185531,0.652184286933,0.662703388335,0.673222489737,
    0.68374159114,0.694260692542),.QUASI_UNIFORM_KNOTS.);
#1010 = CARTESIAN_POINT('',(1.570796326795,4.456082019193));
#1011 = CARTESIAN_POINT('',(1.547421827645,4.456082019193));
#1012 = CARTESIAN_POINT('',(1.500098804492,4.456638302929));
#1013 = CARTESIAN_POINT('',(1.427764870023,4.459174169312));
#1014 = CARTESIAN_POINT('',(1.354454130212,4.463443545164));
#1015 = CARTESIAN_POINT('',(1.280539460939,4.469480322256));
#1016 = CARTESIAN_POINT('',(1.20636171712,4.477311620911));
#1017 = CARTESIAN_POINT('',(1.132196172407,4.486989824167));
#1018 = CARTESIAN_POINT('',(1.058266217089,4.49846663042));
#1019 = CARTESIAN_POINT('',(0.984852946355,4.511583439713));
#1020 = CARTESIAN_POINT('',(0.912364141036,4.526189656307));
#1021 = CARTESIAN_POINT('',(0.840980691048,4.542192650907));
#1022 = CARTESIAN_POINT('',(0.771842384623,4.559259924228));
#1023 = CARTESIAN_POINT('',(0.701681312411,4.578166981774));
#1024 = CARTESIAN_POINT('',(0.630393760297,4.598908751339));
#1025 = CARTESIAN_POINT('',(0.558415305459,4.621347160694));
#1026 = CARTESIAN_POINT('',(0.4860356381,4.645381555294));
#1027 = CARTESIAN_POINT('',(0.413554120052,4.67089460988));
#1028 = CARTESIAN_POINT('',(0.341203407339,4.697798264367));
#1029 = CARTESIAN_POINT('',(0.269172348218,4.725884754932));
#1030 = CARTESIAN_POINT('',(0.197693506783,4.75486582654));
#1031 = CARTESIAN_POINT('',(0.127121113682,4.784443850397));
#1032 = CARTESIAN_POINT('',(5.75816698402E-02,4.814428671113));
#1033 = CARTESIAN_POINT('',(-9.838134725013E-03,4.844209613441));
#1034 = CARTESIAN_POINT('',(-7.784214612624E-02,4.874846706857));
#1035 = CARTESIAN_POINT('',(-0.147280928371,4.906544261354));
#1036 = CARTESIAN_POINT('',(-0.217555640431,4.938872724437));
#1037 = CARTESIAN_POINT('',(-0.288459813691,4.971572648387));
#1038 = CARTESIAN_POINT('',(-0.359710766941,5.004338028876));
#1039 = CARTESIAN_POINT('',(-0.431102553568,5.036878983233));
#1040 = CARTESIAN_POINT('',(-0.502483551999,5.068870062397));
#1041 = CARTESIAN_POINT('',(-0.573652250387,5.100026235401));
#1042 = CARTESIAN_POINT('',(-0.644338562936,5.130049964627));
#1043 = CARTESIAN_POINT('',(-0.714331399116,5.158675662102));
#1044 = CARTESIAN_POINT('',(-0.783106551098,5.185522447918));
#1045 = CARTESIAN_POINT('',(-0.851306952564,5.210638660261));
#1046 = CARTESIAN_POINT('',(-0.921833595109,5.234867876844));
#1047 = CARTESIAN_POINT('',(-0.993520621872,5.257548733945));
#1048 = CARTESIAN_POINT('',(-1.066199928275,5.278385138895));
#1049 = CARTESIAN_POINT('',(-1.139471376246,5.296990784388));
#1050 = CARTESIAN_POINT('',(-1.213071498724,5.312974950609));
#1051 = CARTESIAN_POINT('',(-1.28678137687,5.326057451536));
#1052 = CARTESIAN_POINT('',(-1.360320376708,5.336246098779));
#1053 = CARTESIAN_POINT('',(-1.433292998038,5.343498713304));
#1054 = CARTESIAN_POINT('',(-1.505501254476,5.347786792266));
#1055 = CARTESIAN_POINT('',(-1.575912946724,5.349077118711));
#1056 = CARTESIAN_POINT('',(-1.646689258621,5.347341681268));
#1057 = CARTESIAN_POINT('',(-1.719013535367,5.342614422738));
#1058 = CARTESIAN_POINT('',(-1.792098395705,5.334926821516));
#1059 = CARTESIAN_POINT('',(-1.865682211153,5.324308428593));
#1060 = CARTESIAN_POINT('',(-1.939392446787,5.310798968981));
#1061 = CARTESIAN_POINT('',(-2.012957445881,5.294399399014));
#1062 = CARTESIAN_POINT('',(-2.086159989642,5.275443188109));
#1063 = CARTESIAN_POINT('',(-2.158721165487,5.254308768056));
#1064 = CARTESIAN_POINT('',(-2.230239976033,5.231384157205));
#1065 = CARTESIAN_POINT('',(-2.300526947416,5.206970892074));
#1066 = CARTESIAN_POINT('',(-2.368485258319,5.18170684995));
#1067 = CARTESIAN_POINT('',(-2.43754911313,5.154545679328));
#1068 = CARTESIAN_POINT('',(-2.507637448973,5.125704514535));
#1069 = CARTESIAN_POINT('',(-2.578418497317,5.095493024868));
#1070 = CARTESIAN_POINT('',(-2.649631936311,5.064196168234));
#1071 = CARTESIAN_POINT('',(-2.721026112724,5.032105213118));
#1072 = CARTESIAN_POINT('',(-2.792406605329,4.999510897096));
#1073 = CARTESIAN_POINT('',(-2.86362184797,4.966736913822));
#1074 = CARTESIAN_POINT('',(-2.934449186671,4.934073568718));
#1075 = CARTESIAN_POINT('',(-3.00462333312,4.901817827274));
#1076 = CARTESIAN_POINT('',(-3.07385310689,4.870264869806));
#1077 = CARTESIAN_POINT('',(-3.119182474101,4.849895194774));
#1078 = CARTESIAN_POINT('',(-3.14159265359,4.83992601868));
#1079 = ( GEOMETRIC_REPRESENTATION_CONTEXT(2) 
PARAMETRIC_REPRESENTATION_CONTEXT() REPRESENTATION_CONTEXT('2D SPACE',''
  ) );
#1080 = PCURVE('',#944,#1081);
#1081 = DEFINITIONAL_REPRESENTATION('',(#1082),#1152);
#1082 = B_SPLINE_CURVE_WITH_KNOTS('',3,(#1083,#1084,#1085,#1086,#1087,
    #1088,#1089,#1090,#1091,#1092,#1093,#1094,#1095,#1096,#1097,#1098,
    #1099,#1100,#1101,#1102,#1103,#1104,#1105,#1106,#1107,#1108,#1109,
    #1110,#1111,#1112,#1113,#1114,#1115,#1116,#1117,#1118,#1119,#1120,
    #1121,#1122,#1123,#1124,#1125,#1126,#1127,#1128,#1129,#1130,#1131,
    #1132,#1133,#1134,#1135,#1136,#1137,#1138,#1139,#1140,#1141,#1142,
    #1143,#1144,#1145,#1146,#1147,#1148,#1149,#1150,#1151),
  .UNSPECIFIED.,.F.,.F.,(4,1,1,1,1,1,1,1,1,1,1,1,1,1,1,1,1,1,1,1,1,1,1,1
    ,1,1,1,1,1,1,1,1,1,1,1,1,1,1,1,1,1,1,1,1,1,1,1,1,1,1,1,1,1,1,1,1,1,1
    ,1,1,1,1,1,1,1,1,4),(0.,1.051910140215E-02,2.103820280429E-02,
    3.155730420644E-02,4.207640560859E-02,5.259550701074E-02,
    6.311460841288E-02,7.363370981503E-02,8.415281121718E-02,
    9.467191261933E-02,0.105191014021,0.115710115424,0.126229216826,
    0.136748318228,0.14726741963,0.157786521032,0.168305622434,
    0.178824723837,0.189343825239,0.199862926641,0.210382028043,
    0.220901129445,0.231420230847,0.241939332249,0.252458433652,
    0.262977535054,0.273496636456,0.284015737858,0.29453483926,
    0.305053940662,0.315573042064,0.326092143467,0.336611244869,
    0.347130346271,0.357649447673,0.368168549075,0.378687650477,
    0.389206751879,0.399725853282,0.410244954684,0.420764056086,
    0.431283157488,0.44180225889,0.452321360292,0.462840461694,
    0.473359563097,0.483878664499,0.494397765901,0.504916867303,
    0.515435968705,0.525955070107,0.53647417151,0.546993272912,
    0.557512374314,0.568031475716,0.578550577118,0.58906967852,
    0.599588779922,0.610107881325,0.620626982727,0.631146084129,
    0.641665185531,0.652184286933,0.662703388335,0.673222489737,
    0.68374159114,0.694260692542),.QUASI_UNIFORM_KNOTS.);
#1083 = CARTESIAN_POINT('',(0.188354221709,7.485433079636));
#1084 = CARTESIAN_POINT('',(0.188354221854,7.450369408296));
#1085 = CARTESIAN_POINT('',(0.188484481777,7.379389227079));
#1086 = CARTESIAN_POINT('',(0.189072368654,7.271479844178));
#1087 = CARTESIAN_POINT('',(0.190054344818,7.163249717926));
#1088 = CARTESIAN_POINT('',(0.191432442838,7.055820844873));
#1089 = CARTESIAN_POINT('',(0.193207079477,6.950301743077));
#1090 = CARTESIAN_POINT('',(0.195384715965,6.847851215736));
#1091 = CARTESIAN_POINT('',(0.197937741901,6.749340680774));
#1092 = CARTESIAN_POINT('',(0.200821441309,6.65546536238));
#1093 = CARTESIAN_POINT('',(0.203991787755,6.567031052249));
#1094 = CARTESIAN_POINT('',(0.207417141155,6.484559895461));
#1095 = CARTESIAN_POINT('',(0.211015713107,6.409598056044));
#1096 = CARTESIAN_POINT('',(0.21493716029,6.339002211028));
#1097 = CARTESIAN_POINT('',(0.219168086041,6.273043730669));
#1098 = CARTESIAN_POINT('',(0.223667408963,6.212542626386));
#1099 = CARTESIAN_POINT('',(0.22840163537,6.158178665721));
#1100 = CARTESIAN_POINT('',(0.233334758484,6.110643950565));
#1101 = CARTESIAN_POINT('',(0.238433431685,6.070721489283));
#1102 = CARTESIAN_POINT('',(0.243650228875,6.038501220688));
#1103 = CARTESIAN_POINT('',(0.24893460583,6.013840470799));
#1104 = CARTESIAN_POINT('',(0.254231910124,5.996655046614));
#1105 = CARTESIAN_POINT('',(0.25950667249,5.98684464299));
#1106 = CARTESIAN_POINT('',(0.26465080499,5.984314922365));
#1107 = CARTESIAN_POINT('',(0.269844127871,5.988962619558));
#1108 = CARTESIAN_POINT('',(0.275125315996,6.000835277755));
#1109 = CARTESIAN_POINT('',(0.28042364902,6.01997659345));
#1110 = CARTESIAN_POINT('',(0.285697589794,6.046437157739));
#1111 = CARTESIAN_POINT('',(0.290898197481,6.080243829999));
#1112 = CARTESIAN_POINT('',(0.295976978552,6.121511501883));
#1113 = CARTESIAN_POINT('',(0.300892658391,6.169948694405));
#1114 = CARTESIAN_POINT('',(0.3056129434,6.224829417995));
#1115 = CARTESIAN_POINT('',(0.31010248463,6.28549552939));
#1116 = CARTESIAN_POINT('',(0.314330859989,6.351353098947));
#1117 = CARTESIAN_POINT('',(0.318250812131,6.421483496238));
#1118 = CARTESIAN_POINT('',(0.321877354733,6.496202680353));
#1119 = CARTESIAN_POINT('',(0.325341277723,6.57833796472));
#1120 = CARTESIAN_POINT('',(0.32855496837,6.666342762854));
#1121 = CARTESIAN_POINT('',(0.331483765274,6.759740664399));
#1122 = CARTESIAN_POINT('',(0.334080029482,6.857757002747));
#1123 = CARTESIAN_POINT('',(0.33629499538,6.95973996017));
#1124 = CARTESIAN_POINT('',(0.338100256026,7.064818096201));
#1125 = CARTESIAN_POINT('',(0.339499919733,7.171859184352));
#1126 = CARTESIAN_POINT('',(0.34049186602,7.279695174749));
#1127 = CARTESIAN_POINT('',(0.341075646004,7.387478466805));
#1128 = CARTESIAN_POINT('',(0.34125032925,7.493115486172));
#1129 = CARTESIAN_POINT('',(0.341015219744,7.599254329121));
#1130 = CARTESIAN_POINT('',(0.340371166821,7.707084097756));
#1131 = CARTESIAN_POINT('',(0.339319052602,7.814881133682));
#1132 = CARTESIAN_POINT('',(0.337859364147,7.921698941804));
#1133 = CARTESIAN_POINT('',(0.335994113918,8.026395134322));
#1134 = CARTESIAN_POINT('',(0.333719584429,8.127833730965));
#1135 = CARTESIAN_POINT('',(0.331071582635,8.225212398544));
#1136 = CARTESIAN_POINT('',(0.328097543398,8.31786477744));
#1137 = CARTESIAN_POINT('',(0.324845229561,8.405025161889));
#1138 = CARTESIAN_POINT('',(0.321350126559,8.486195840054));
#1139 = CARTESIAN_POINT('',(0.317696412211,8.559906470532));
#1140 = CARTESIAN_POINT('',(0.313723921789,8.629547888794));
#1141 = CARTESIAN_POINT('',(0.309456181315,8.69465402068));
#1142 = CARTESIAN_POINT('',(0.304930118037,8.754515829349));
#1143 = CARTESIAN_POINT('',(0.300178915694,8.808483044057));
#1144 = CARTESIAN_POINT('',(0.295237182503,8.855913292358));
#1145 = CARTESIAN_POINT('',(0.290137382288,8.896073842512));
#1146 = CARTESIAN_POINT('',(0.284922953745,8.928794799299));
#1147 = CARTESIAN_POINT('',(0.279642498062,8.95417241515));
#1148 = CARTESIAN_POINT('',(0.274343388123,8.972238572889));
#1149 = CARTESIAN_POINT('',(0.269073332659,8.983042409048));
#1150 = CARTESIAN_POINT('',(0.265611063554,8.985433079636));
#1151 = CARTESIAN_POINT('',(0.263900642496,8.985433079636));
#1152 = ( GEOMETRIC_REPRESENTATION_CONTEXT(2) 
PARAMETRIC_REPRESENTATION_CONTEXT() REPRESENTATION_CONTEXT('2D SPACE',''
  ) );
#1153 = ORIENTED_EDGE('',*,*,#876,.F.);
#1154 = ORIENTED_EDGE('',*,*,#840,.T.);
#1155 = ADVANCED_FACE('',(#1156,#1499),#944,.F.);
#1156 = FACE_BOUND('',#1157,.F.);
#1157 = EDGE_LOOP('',(#1158,#1184,#1207,#1231,#1305,#1328,#1352,#1380,
    #1404,#1427));
#1158 = ORIENTED_EDGE('',*,*,#1159,.F.);
#1159 = EDGE_CURVE('',#1160,#1162,#1164,.T.);
#1160 = VERTEX_POINT('',#1161);
#1161 = CARTESIAN_POINT('',(37.690693063069,6.297133514524,
    54.059437303657));
#1162 = VERTEX_POINT('',#1163);
#1163 = CARTESIAN_POINT('',(37.690693063069,-8.635449595469,
    61.059437303657));
#1164 = SURFACE_CURVE('',#1165,(#1170,#1177),.PCURVE_S1.);
#1165 = CIRCLE('',#1166,20.5);
#1166 = AXIS2_PLACEMENT_3D('',#1167,#1168,#1169);
#1167 = CARTESIAN_POINT('',(37.690693063069,6.797133514524,
    74.553338835576));
#1168 = DIRECTION('',(-1.,-9.552612524161E-32,1.061773213019E-15));
#1169 = DIRECTION('',(-1.06145735009E-15,-2.439024390244E-02,
    -0.999702513752));
#1170 = PCURVE('',#944,#1171);
#1171 = DEFINITIONAL_REPRESENTATION('',(#1172),#1176);
#1172 = LINE('',#1173,#1174);
#1173 = CARTESIAN_POINT('',(0.,14.731999999999));
#1174 = VECTOR('',#1175,1.);
#1175 = DIRECTION('',(1.,-1.716439353929E-14));
#1176 = ( GEOMETRIC_REPRESENTATION_CONTEXT(2) 
PARAMETRIC_REPRESENTATION_CONTEXT() REPRESENTATION_CONTEXT('2D SPACE',''
  ) );
#1177 = PCURVE('',#256,#1178);
#1178 = DEFINITIONAL_REPRESENTATION('',(#1179),#1183);
#1179 = CIRCLE('',#1180,20.5);
#1180 = AXIS2_PLACEMENT_2D('',#1181,#1182);
#1181 = CARTESIAN_POINT('',(39.55,5.506098468081));
#1182 = DIRECTION('',(-2.439024390244E-02,0.999702513752));
#1183 = ( GEOMETRIC_REPRESENTATION_CONTEXT(2) 
PARAMETRIC_REPRESENTATION_CONTEXT() REPRESENTATION_CONTEXT('2D SPACE',''
  ) );
#1184 = ORIENTED_EDGE('',*,*,#1185,.T.);
#1185 = EDGE_CURVE('',#1160,#1186,#1188,.T.);
#1186 = VERTEX_POINT('',#1187);
#1187 = CARTESIAN_POINT('',(52.422693063068,6.297133514524,
    54.059437303657));
#1188 = SURFACE_CURVE('',#1189,(#1193,#1200),.PCURVE_S1.);
#1189 = LINE('',#1190,#1191);
#1190 = CARTESIAN_POINT('',(52.422693063068,6.297133514524,
    54.059437303657));
#1191 = VECTOR('',#1192,1.);
#1192 = DIRECTION('',(1.,0.,1.224646799147E-16));
#1193 = PCURVE('',#944,#1194);
#1194 = DEFINITIONAL_REPRESENTATION('',(#1195),#1199);
#1195 = LINE('',#1196,#1197);
#1196 = CARTESIAN_POINT('',(0.,0.));
#1197 = VECTOR('',#1198,1.);
#1198 = DIRECTION('',(0.,-1.));
#1199 = ( GEOMETRIC_REPRESENTATION_CONTEXT(2) 
PARAMETRIC_REPRESENTATION_CONTEXT() REPRESENTATION_CONTEXT('2D SPACE',''
  ) );
#1200 = PCURVE('',#769,#1201);
#1201 = DEFINITIONAL_REPRESENTATION('',(#1202),#1206);
#1202 = LINE('',#1203,#1204);
#1203 = CARTESIAN_POINT('',(-2.,-7.366));
#1204 = VECTOR('',#1205,1.);
#1205 = DIRECTION('',(0.,-1.));
#1206 = ( GEOMETRIC_REPRESENTATION_CONTEXT(2) 
PARAMETRIC_REPRESENTATION_CONTEXT() REPRESENTATION_CONTEXT('2D SPACE',''
  ) );
#1207 = ORIENTED_EDGE('',*,*,#1208,.F.);
#1208 = EDGE_CURVE('',#1209,#1186,#1211,.T.);
#1209 = VERTEX_POINT('',#1210);
#1210 = CARTESIAN_POINT('',(52.422693063068,-8.635449595469,
    61.059437303657));
#1211 = SURFACE_CURVE('',#1212,(#1217,#1224),.PCURVE_S1.);
#1212 = CIRCLE('',#1213,20.5);
#1213 = AXIS2_PLACEMENT_3D('',#1214,#1215,#1216);
#1214 = CARTESIAN_POINT('',(52.422693063068,6.797133514524,
    74.553338835576));
#1215 = DIRECTION('',(1.,9.552612524161E-32,-1.061773213019E-15));
#1216 = DIRECTION('',(-1.06145735009E-15,-2.439024390244E-02,
    -0.999702513752));
#1217 = PCURVE('',#944,#1218);
#1218 = DEFINITIONAL_REPRESENTATION('',(#1219),#1223);
#1219 = LINE('',#1220,#1221);
#1220 = CARTESIAN_POINT('',(6.28318530718,-8.65307832199E-14));
#1221 = VECTOR('',#1222,1.);
#1222 = DIRECTION('',(-1.,1.716439353929E-14));
#1223 = ( GEOMETRIC_REPRESENTATION_CONTEXT(2) 
PARAMETRIC_REPRESENTATION_CONTEXT() REPRESENTATION_CONTEXT('2D SPACE',''
  ) );
#1224 = PCURVE('',#439,#1225);
#1225 = DEFINITIONAL_REPRESENTATION('',(#1226),#1230);
#1226 = CIRCLE('',#1227,20.5);
#1227 = AXIS2_PLACEMENT_2D('',#1228,#1229);
#1228 = CARTESIAN_POINT('',(-20.5,5.506098468081));
#1229 = DIRECTION('',(2.439024390244E-02,0.999702513752));
#1230 = ( GEOMETRIC_REPRESENTATION_CONTEXT(2) 
PARAMETRIC_REPRESENTATION_CONTEXT() REPRESENTATION_CONTEXT('2D SPACE',''
  ) );
#1231 = ORIENTED_EDGE('',*,*,#1232,.F.);
#1232 = EDGE_CURVE('',#1233,#1209,#1235,.T.);
#1233 = VERTEX_POINT('',#1234);
#1234 = CARTESIAN_POINT('',(56.422693063068,-11.37195654805,
    65.059437303657));
#1235 = SURFACE_CURVE('',#1236,(#1247,#1276),.PCURVE_S1.);
#1236 = B_SPLINE_CURVE_WITH_KNOTS('',3,(#1237,#1238,#1239,#1240,#1241,
    #1242,#1243,#1244,#1245,#1246),.UNSPECIFIED.,.F.,.F.,(4,2,2,2,4),(
    1.446705212567,1.594617296622,1.742529380677,1.931260730542,
    2.119992080407),.UNSPECIFIED.);
#1237 = CARTESIAN_POINT('',(56.422693063068,-11.37195654805,
    65.059437303657));
#1238 = CARTESIAN_POINT('',(55.929652782885,-11.37195654805,
    65.059437303657));
#1239 = CARTESIAN_POINT('',(55.40787261927,-11.32209943859,
    64.962182103253));
#1240 = CARTESIAN_POINT('',(54.45906308636,-11.11545301259,
    64.581571835914));
#1241 = CARTESIAN_POINT('',(54.032085960463,-10.95744176517,
    64.298751131764));
#1242 = CARTESIAN_POINT('',(53.271842617551,-10.53205867818,
    63.591440594908));
#1243 = CARTESIAN_POINT('',(52.935612503518,-10.21453924154,
    63.096667090059));
#1244 = CARTESIAN_POINT('',(52.511792156153,-9.473700205608,
    62.066853674338));
#1245 = CARTESIAN_POINT('',(52.422693063068,-9.049550774505,
    61.533032790202));
#1246 = CARTESIAN_POINT('',(52.422693063068,-8.635449595469,
    61.059437303657));
#1247 = PCURVE('',#944,#1248);
#1248 = DEFINITIONAL_REPRESENTATION('',(#1249),#1275);
#1249 = B_SPLINE_CURVE_WITH_KNOTS('',3,(#1250,#1251,#1252,#1253,#1254,
    #1255,#1256,#1257,#1258,#1259,#1260,#1261,#1262,#1263,#1264,#1265,
    #1266,#1267,#1268,#1269,#1270,#1271,#1272,#1273,#1274),
  .UNSPECIFIED.,.F.,.F.,(4,1,1,1,1,1,1,1,1,1,1,1,1,1,1,1,1,1,1,1,1,1,4),
  (1.446705212567,1.477309161105,1.507913109644,1.538517058182,
    1.56912100672,1.599724955258,1.630328903796,1.660932852334,
    1.691536800873,1.722140749411,1.752744697949,1.783348646487,
    1.813952595025,1.844556543563,1.875160492102,1.90576444064,
    1.936368389178,1.966972337716,1.997576286254,2.028180234793,
    2.058784183331,2.089388131869,2.119992080407),
  .QUASI_UNIFORM_KNOTS.);
#1250 = CARTESIAN_POINT('',(1.06489463775,-4.));
#1251 = CARTESIAN_POINT('',(1.064894632109,-3.897986838206));
#1252 = CARTESIAN_POINT('',(1.06443817581,-3.691499927432));
#1253 = CARTESIAN_POINT('',(1.062389576923,-3.378431825503));
#1254 = CARTESIAN_POINT('',(1.058981962182,-3.066074879018));
#1255 = CARTESIAN_POINT('',(1.054222057305,-2.758460950217));
#1256 = CARTESIAN_POINT('',(1.048109127914,-2.459685151805));
#1257 = CARTESIAN_POINT('',(1.040670503193,-2.173600185768));
#1258 = CARTESIAN_POINT('',(1.032095593265,-1.902462042576));
#1259 = CARTESIAN_POINT('',(1.022566664697,-1.648877222319));
#1260 = CARTESIAN_POINT('',(1.012234062474,-1.414678713359));
#1261 = CARTESIAN_POINT('',(1.00138060348,-1.204443041357));
#1262 = CARTESIAN_POINT('',(0.989626238613,-1.009253923447));
#1263 = CARTESIAN_POINT('',(0.977034400871,-0.829284031973));
#1264 = CARTESIAN_POINT('',(0.963712410159,-0.665598884653));
#1265 = CARTESIAN_POINT('',(0.949755019471,-0.519034433151));
#1266 = CARTESIAN_POINT('',(0.935260071966,-0.39045204797));
#1267 = CARTESIAN_POINT('',(0.920321322681,-0.280840990309));
#1268 = CARTESIAN_POINT('',(0.90504070425,-0.190625554848));
#1269 = CARTESIAN_POINT('',(0.889544149299,-0.118735419423));
#1270 = CARTESIAN_POINT('',(0.873954082961,-6.436382871559E-02));
#1271 = CARTESIAN_POINT('',(0.85839433215,-2.663340314255E-02));
#1272 = CARTESIAN_POINT('',(0.842988480221,-4.685693336136E-03));
#1273 = CARTESIAN_POINT('',(0.832902617711,-1.532564662177E-14));
#1274 = CARTESIAN_POINT('',(0.827926409557,-7.105427357601E-15));
#1275 = ( GEOMETRIC_REPRESENTATION_CONTEXT(2) 
PARAMETRIC_REPRESENTATION_CONTEXT() REPRESENTATION_CONTEXT('2D SPACE',''
  ) );
#1276 = PCURVE('',#468,#1277);
#1277 = DEFINITIONAL_REPRESENTATION('',(#1278),#1304);
#1278 = B_SPLINE_CURVE_WITH_KNOTS('',3,(#1279,#1280,#1281,#1282,#1283,
    #1284,#1285,#1286,#1287,#1288,#1289,#1290,#1291,#1292,#1293,#1294,
    #1295,#1296,#1297,#1298,#1299,#1300,#1301,#1302,#1303),
  .UNSPECIFIED.,.F.,.F.,(4,1,1,1,1,1,1,1,1,1,1,1,1,1,1,1,1,1,1,1,1,1,4),
  (1.446705212567,1.477309161105,1.507913109644,1.538517058182,
    1.56912100672,1.599724955258,1.630328903796,1.660932852334,
    1.691536800873,1.722140749411,1.752744697949,1.783348646487,
    1.813952595025,1.844556543563,1.875160492102,1.90576444064,
    1.936368389178,1.966972337716,1.997576286254,2.028180234793,
    2.058784183331,2.089388131869,2.119992080407),
  .QUASI_UNIFORM_KNOTS.);
#1279 = CARTESIAN_POINT('',(0.785398163397,7.093409937418));
#1280 = CARTESIAN_POINT('',(0.759897595103,7.093409937418));
#1281 = CARTESIAN_POINT('',(0.708269886578,7.097678681363));
#1282 = CARTESIAN_POINT('',(0.629493465719,7.117080240587));
#1283 = CARTESIAN_POINT('',(0.549924264609,7.149670826786));
#1284 = CARTESIAN_POINT('',(0.470114090779,7.195646720941));
#1285 = CARTESIAN_POINT('',(0.390564782911,7.255183042593));
#1286 = CARTESIAN_POINT('',(0.311682910939,7.328552821941));
#1287 = CARTESIAN_POINT('',(0.233837567852,7.414381695103));
#1288 = CARTESIAN_POINT('',(0.157593067407,7.511225089655));
#1289 = CARTESIAN_POINT('',(8.333811725853E-02,7.618009455116));
#1290 = CARTESIAN_POINT('',(1.239017223853E-02,7.732247361778));
#1291 = CARTESIAN_POINT('',(-5.838338563964E-02,7.85844954697));
#1292 = CARTESIAN_POINT('',(-0.129074449493,7.996305146205));
#1293 = CARTESIAN_POINT('',(-0.199434395654,8.145049531468));
#1294 = CARTESIAN_POINT('',(-0.269267183848,8.304039921778));
#1295 = CARTESIAN_POINT('',(-0.338345673438,8.472599911552));
#1296 = CARTESIAN_POINT('',(-0.406453300651,8.65006574658));
#1297 = CARTESIAN_POINT('',(-0.473398319696,8.835763155331));
#1298 = CARTESIAN_POINT('',(-0.539102306767,9.028026213223));
#1299 = CARTESIAN_POINT('',(-0.603412154899,9.225232470757));
#1300 = CARTESIAN_POINT('',(-0.666127177979,9.425747829031));
#1301 = CARTESIAN_POINT('',(-0.727009867569,9.627941311665));
#1302 = CARTESIAN_POINT('',(-0.766197695338,9.762767838289));
#1303 = CARTESIAN_POINT('',(-0.785398163397,9.829916890006));
#1304 = ( GEOMETRIC_REPRESENTATION_CONTEXT(2) 
PARAMETRIC_REPRESENTATION_CONTEXT() REPRESENTATION_CONTEXT('2D SPACE',''
  ) );
#1305 = ORIENTED_EDGE('',*,*,#1306,.F.);
#1306 = EDGE_CURVE('',#1307,#1233,#1309,.T.);
#1307 = VERTEX_POINT('',#1308);
#1308 = CARTESIAN_POINT('',(64.922693063068,-11.37195654805,
    65.059437303657));
#1309 = SURFACE_CURVE('',#1310,(#1314,#1321),.PCURVE_S1.);
#1310 = LINE('',#1311,#1312);
#1311 = CARTESIAN_POINT('',(52.422693063068,-11.37195654805,
    65.059437303657));
#1312 = VECTOR('',#1313,1.);
#1313 = DIRECTION('',(-1.,4.599495387733E-16,-1.224646799147E-16));
#1314 = PCURVE('',#944,#1315);
#1315 = DEFINITIONAL_REPRESENTATION('',(#1316),#1320);
#1316 = LINE('',#1317,#1318);
#1317 = CARTESIAN_POINT('',(1.06489463775,-7.105427357601E-15));
#1318 = VECTOR('',#1319,1.);
#1319 = DIRECTION('',(0.,1.));
#1320 = ( GEOMETRIC_REPRESENTATION_CONTEXT(2) 
PARAMETRIC_REPRESENTATION_CONTEXT() REPRESENTATION_CONTEXT('2D SPACE',''
  ) );
#1321 = PCURVE('',#496,#1322);
#1322 = DEFINITIONAL_REPRESENTATION('',(#1323),#1327);
#1323 = LINE('',#1324,#1325);
#1324 = CARTESIAN_POINT('',(7.366,-11.85590993741));
#1325 = VECTOR('',#1326,1.);
#1326 = DIRECTION('',(-1.,-4.599495387733E-16));
#1327 = ( GEOMETRIC_REPRESENTATION_CONTEXT(2) 
PARAMETRIC_REPRESENTATION_CONTEXT() REPRESENTATION_CONTEXT('2D SPACE',''
  ) );
#1328 = ORIENTED_EDGE('',*,*,#1329,.F.);
#1329 = EDGE_CURVE('',#1330,#1307,#1332,.T.);
#1330 = VERTEX_POINT('',#1331);
#1331 = CARTESIAN_POINT('',(64.922693063068,-13.70286648547,
    74.553338835576));
#1332 = SURFACE_CURVE('',#1333,(#1338,#1345),.PCURVE_S1.);
#1333 = CIRCLE('',#1334,20.5);
#1334 = AXIS2_PLACEMENT_3D('',#1335,#1336,#1337);
#1335 = CARTESIAN_POINT('',(64.922693063068,6.797133514524,
    74.553338835576));
#1336 = DIRECTION('',(1.,9.552612524161E-32,-1.061773213019E-15));
#1337 = DIRECTION('',(-1.06145735009E-15,-2.439024390244E-02,
    -0.999702513752));
#1338 = PCURVE('',#944,#1339);
#1339 = DEFINITIONAL_REPRESENTATION('',(#1340),#1344);
#1340 = LINE('',#1341,#1342);
#1341 = CARTESIAN_POINT('',(6.28318530718,-12.5));
#1342 = VECTOR('',#1343,1.);
#1343 = DIRECTION('',(-1.,2.951316369989E-14));
#1344 = ( GEOMETRIC_REPRESENTATION_CONTEXT(2) 
PARAMETRIC_REPRESENTATION_CONTEXT() REPRESENTATION_CONTEXT('2D SPACE',''
  ) );
#1345 = PCURVE('',#524,#1346);
#1346 = DEFINITIONAL_REPRESENTATION('',(#1347),#1351);
#1347 = CIRCLE('',#1348,20.5);
#1348 = AXIS2_PLACEMENT_2D('',#1349,#1350);
#1349 = CARTESIAN_POINT('',(-20.5,5.506098468081));
#1350 = DIRECTION('',(2.439024390244E-02,0.999702513752));
#1351 = ( GEOMETRIC_REPRESENTATION_CONTEXT(2) 
PARAMETRIC_REPRESENTATION_CONTEXT() REPRESENTATION_CONTEXT('2D SPACE',''
  ) );
#1352 = ORIENTED_EDGE('',*,*,#1353,.F.);
#1353 = EDGE_CURVE('',#1354,#1330,#1356,.T.);
#1354 = VERTEX_POINT('',#1355);
#1355 = CARTESIAN_POINT('',(25.190693063069,-13.70286648547,
    74.553338835576));
#1356 = SURFACE_CURVE('',#1357,(#1361,#1368),.PCURVE_S1.);
#1357 = LINE('',#1358,#1359);
#1358 = CARTESIAN_POINT('',(52.422693063068,-13.70286648547,
    74.553338835576));
#1359 = VECTOR('',#1360,1.);
#1360 = DIRECTION('',(1.,-4.599495387733E-16,1.224646799147E-16));
#1361 = PCURVE('',#944,#1362);
#1362 = DEFINITIONAL_REPRESENTATION('',(#1363),#1367);
#1363 = LINE('',#1364,#1365);
#1364 = CARTESIAN_POINT('',(1.546403664017,8.881784197001E-14));
#1365 = VECTOR('',#1366,1.);
#1366 = DIRECTION('',(0.,-1.));
#1367 = ( GEOMETRIC_REPRESENTATION_CONTEXT(2) 
PARAMETRIC_REPRESENTATION_CONTEXT() REPRESENTATION_CONTEXT('2D SPACE',''
  ) );
#1368 = PCURVE('',#1369,#1374);
#1369 = PLANE('',#1370);
#1370 = AXIS2_PLACEMENT_3D('',#1371,#1372,#1373);
#1371 = CARTESIAN_POINT('',(25.190693063069,-13.70286648547,
    80.059437303657));
#1372 = DIRECTION('',(4.599495387733E-16,1.,-4.883620996098E-31));
#1373 = DIRECTION('',(1.,-4.599495387733E-16,-1.209723642171E-15));
#1374 = DEFINITIONAL_REPRESENTATION('',(#1375),#1379);
#1375 = LINE('',#1376,#1377);
#1376 = CARTESIAN_POINT('',(27.231999999999,5.506098468081));
#1377 = VECTOR('',#1378,1.);
#1378 = DIRECTION('',(1.,-1.332188322086E-15));
#1379 = ( GEOMETRIC_REPRESENTATION_CONTEXT(2) 
PARAMETRIC_REPRESENTATION_CONTEXT() REPRESENTATION_CONTEXT('2D SPACE',''
  ) );
#1380 = ORIENTED_EDGE('',*,*,#1381,.F.);
#1381 = EDGE_CURVE('',#1382,#1354,#1384,.T.);
#1382 = VERTEX_POINT('',#1383);
#1383 = CARTESIAN_POINT('',(25.190693063069,-11.37195654805,
    65.059437303657));
#1384 = SURFACE_CURVE('',#1385,(#1390,#1397),.PCURVE_S1.);
#1385 = CIRCLE('',#1386,20.5);
#1386 = AXIS2_PLACEMENT_3D('',#1387,#1388,#1389);
#1387 = CARTESIAN_POINT('',(25.190693063069,6.797133514524,
    74.553338835576));
#1388 = DIRECTION('',(-1.,-9.552612524161E-32,1.061773213019E-15));
#1389 = DIRECTION('',(-1.06145735009E-15,-2.439024390244E-02,
    -0.999702513752));
#1390 = PCURVE('',#944,#1391);
#1391 = DEFINITIONAL_REPRESENTATION('',(#1392),#1396);
#1392 = LINE('',#1393,#1394);
#1393 = CARTESIAN_POINT('',(-2.22044604925E-16,27.231999999999));
#1394 = VECTOR('',#1395,1.);
#1395 = DIRECTION('',(1.,-3.689145462486E-14));
#1396 = ( GEOMETRIC_REPRESENTATION_CONTEXT(2) 
PARAMETRIC_REPRESENTATION_CONTEXT() REPRESENTATION_CONTEXT('2D SPACE',''
  ) );
#1397 = PCURVE('',#580,#1398);
#1398 = DEFINITIONAL_REPRESENTATION('',(#1399),#1403);
#1399 = CIRCLE('',#1400,20.5);
#1400 = AXIS2_PLACEMENT_2D('',#1401,#1402);
#1401 = CARTESIAN_POINT('',(39.55,5.506098468081));
#1402 = DIRECTION('',(-2.439024390244E-02,0.999702513752));
#1403 = ( GEOMETRIC_REPRESENTATION_CONTEXT(2) 
PARAMETRIC_REPRESENTATION_CONTEXT() REPRESENTATION_CONTEXT('2D SPACE',''
  ) );
#1404 = ORIENTED_EDGE('',*,*,#1405,.F.);
#1405 = EDGE_CURVE('',#1406,#1382,#1408,.T.);
#1406 = VERTEX_POINT('',#1407);
#1407 = CARTESIAN_POINT('',(33.690693063069,-11.37195654805,
    65.059437303657));
#1408 = SURFACE_CURVE('',#1409,(#1413,#1420),.PCURVE_S1.);
#1409 = LINE('',#1410,#1411);
#1410 = CARTESIAN_POINT('',(52.422693063068,-11.37195654805,
    65.059437303657));
#1411 = VECTOR('',#1412,1.);
#1412 = DIRECTION('',(-1.,4.599495387733E-16,-1.224646799147E-16));
#1413 = PCURVE('',#944,#1414);
#1414 = DEFINITIONAL_REPRESENTATION('',(#1415),#1419);
#1415 = LINE('',#1416,#1417);
#1416 = CARTESIAN_POINT('',(1.06489463775,-7.105427357601E-15));
#1417 = VECTOR('',#1418,1.);
#1418 = DIRECTION('',(0.,1.));
#1419 = ( GEOMETRIC_REPRESENTATION_CONTEXT(2) 
PARAMETRIC_REPRESENTATION_CONTEXT() REPRESENTATION_CONTEXT('2D SPACE',''
  ) );
#1420 = PCURVE('',#608,#1421);
#1421 = DEFINITIONAL_REPRESENTATION('',(#1422),#1426);
#1422 = LINE('',#1423,#1424);
#1423 = CARTESIAN_POINT('',(7.366,-11.85590993741));
#1424 = VECTOR('',#1425,1.);
#1425 = DIRECTION('',(-1.,-4.599495387733E-16));
#1426 = ( GEOMETRIC_REPRESENTATION_CONTEXT(2) 
PARAMETRIC_REPRESENTATION_CONTEXT() REPRESENTATION_CONTEXT('2D SPACE',''
  ) );
#1427 = ORIENTED_EDGE('',*,*,#1428,.F.);
#1428 = EDGE_CURVE('',#1162,#1406,#1429,.T.);
#1429 = SURFACE_CURVE('',#1430,(#1441,#1470),.PCURVE_S1.);
#1430 = B_SPLINE_CURVE_WITH_KNOTS('',3,(#1431,#1432,#1433,#1434,#1435,
    #1436,#1437,#1438,#1439,#1440),.UNSPECIFIED.,.F.,.F.,(4,2,2,2,4),(
    2.220123557294,2.40885490716,2.597586257025,2.745498341079,
    2.893410425134),.UNSPECIFIED.);
#1431 = CARTESIAN_POINT('',(37.690693063069,-8.635449595469,
    61.059437303657));
#1432 = CARTESIAN_POINT('',(37.690693063069,-9.049550774505,
    61.533032790202));
#1433 = CARTESIAN_POINT('',(37.601593969984,-9.473700205608,
    62.066853674338));
#1434 = CARTESIAN_POINT('',(37.177773622619,-10.21453924154,
    63.096667090059));
#1435 = CARTESIAN_POINT('',(36.841543508587,-10.53205867818,
    63.591440594908));
#1436 = CARTESIAN_POINT('',(36.081300165675,-10.95744176517,
    64.298751131764));
#1437 = CARTESIAN_POINT('',(35.654323039778,-11.11545301259,
    64.581571835914));
#1438 = CARTESIAN_POINT('',(34.705513506868,-11.32209943859,
    64.962182103253));
#1439 = CARTESIAN_POINT('',(34.183733343252,-11.37195654805,
    65.059437303657));
#1440 = CARTESIAN_POINT('',(33.690693063069,-11.37195654805,
    65.059437303657));
#1441 = PCURVE('',#944,#1442);
#1442 = DEFINITIONAL_REPRESENTATION('',(#1443),#1469);
#1443 = B_SPLINE_CURVE_WITH_KNOTS('',3,(#1444,#1445,#1446,#1447,#1448,
    #1449,#1450,#1451,#1452,#1453,#1454,#1455,#1456,#1457,#1458,#1459,
    #1460,#1461,#1462,#1463,#1464,#1465,#1466,#1467,#1468),
  .UNSPECIFIED.,.F.,.F.,(4,1,1,1,1,1,1,1,1,1,1,1,1,1,1,1,1,1,1,1,1,1,4),
  (2.220123557294,2.250727505833,2.281331454371,2.311935402909,
    2.342539351447,2.373143299985,2.403747248524,2.434351197062,
    2.4649551456,2.495559094138,2.526163042676,2.556766991214,
    2.587370939753,2.617974888291,2.648578836829,2.679182785367,
    2.709786733905,2.740390682443,2.770994630982,2.80159857952,
    2.832202528058,2.862806476596,2.893410425134),
  .QUASI_UNIFORM_KNOTS.);
#1444 = CARTESIAN_POINT('',(0.827926409557,14.731999999999));
#1445 = CARTESIAN_POINT('',(0.832902617711,14.731999999999));
#1446 = CARTESIAN_POINT('',(0.842988480221,14.736685693335));
#1447 = CARTESIAN_POINT('',(0.85839433215,14.758633403142));
#1448 = CARTESIAN_POINT('',(0.873954082961,14.796363828715));
#1449 = CARTESIAN_POINT('',(0.889544149299,14.850735419422));
#1450 = CARTESIAN_POINT('',(0.90504070425,14.922625554847));
#1451 = CARTESIAN_POINT('',(0.920321322681,15.012840990308));
#1452 = CARTESIAN_POINT('',(0.935260071966,15.122452047969));
#1453 = CARTESIAN_POINT('',(0.949755019471,15.25103443315));
#1454 = CARTESIAN_POINT('',(0.963712410159,15.397598884652));
#1455 = CARTESIAN_POINT('',(0.977034400871,15.561284031972));
#1456 = CARTESIAN_POINT('',(0.989626238613,15.741253923446));
#1457 = CARTESIAN_POINT('',(1.00138060348,15.936443041356));
#1458 = CARTESIAN_POINT('',(1.012234062474,16.146678713358));
#1459 = CARTESIAN_POINT('',(1.022566664697,16.380877222319));
#1460 = CARTESIAN_POINT('',(1.032095593265,16.634462042575));
#1461 = CARTESIAN_POINT('',(1.040670503193,16.905600185767));
#1462 = CARTESIAN_POINT('',(1.048109127914,17.191685151804));
#1463 = CARTESIAN_POINT('',(1.054222057305,17.490460950216));
#1464 = CARTESIAN_POINT('',(1.058981962182,17.798074879017));
#1465 = CARTESIAN_POINT('',(1.062389576923,18.110431825502));
#1466 = CARTESIAN_POINT('',(1.06443817581,18.423499927431));
#1467 = CARTESIAN_POINT('',(1.064894632109,18.629986838205));
#1468 = CARTESIAN_POINT('',(1.06489463775,18.731999999999));
#1469 = ( GEOMETRIC_REPRESENTATION_CONTEXT(2) 
PARAMETRIC_REPRESENTATION_CONTEXT() REPRESENTATION_CONTEXT('2D SPACE',''
  ) );
#1470 = PCURVE('',#637,#1471);
#1471 = DEFINITIONAL_REPRESENTATION('',(#1472),#1498);
#1472 = B_SPLINE_CURVE_WITH_KNOTS('',3,(#1473,#1474,#1475,#1476,#1477,
    #1478,#1479,#1480,#1481,#1482,#1483,#1484,#1485,#1486,#1487,#1488,
    #1489,#1490,#1491,#1492,#1493,#1494,#1495,#1496,#1497),
  .UNSPECIFIED.,.F.,.F.,(4,1,1,1,1,1,1,1,1,1,1,1,1,1,1,1,1,1,1,1,1,1,4),
  (2.220123557294,2.250727505833,2.281331454371,2.311935402909,
    2.342539351447,2.373143299985,2.403747248524,2.434351197062,
    2.4649551456,2.495559094138,2.526163042676,2.556766991214,
    2.587370939753,2.617974888291,2.648578836829,2.679182785367,
    2.709786733905,2.740390682443,2.770994630982,2.80159857952,
    2.832202528058,2.862806476596,2.893410425134),
  .QUASI_UNIFORM_KNOTS.);
#1473 = CARTESIAN_POINT('',(-0.785398163397,-19.35491689));
#1474 = CARTESIAN_POINT('',(-0.766197695338,-19.28776783828));
#1475 = CARTESIAN_POINT('',(-0.727009867569,-19.15294131166));
#1476 = CARTESIAN_POINT('',(-0.666127177979,-18.95074782903));
#1477 = CARTESIAN_POINT('',(-0.603412154899,-18.75023247075));
#1478 = CARTESIAN_POINT('',(-0.539102306767,-18.55302621322));
#1479 = CARTESIAN_POINT('',(-0.473398319696,-18.36076315533));
#1480 = CARTESIAN_POINT('',(-0.406453300651,-18.17506574658));
#1481 = CARTESIAN_POINT('',(-0.338345673438,-17.99759991155));
#1482 = CARTESIAN_POINT('',(-0.269267183848,-17.82903992177));
#1483 = CARTESIAN_POINT('',(-0.199434395654,-17.67004953146));
#1484 = CARTESIAN_POINT('',(-0.129074449493,-17.5213051462));
#1485 = CARTESIAN_POINT('',(-5.838338563966E-02,-17.38344954697));
#1486 = CARTESIAN_POINT('',(1.239017223853E-02,-17.25724736177));
#1487 = CARTESIAN_POINT('',(8.333811725852E-02,-17.14300945511));
#1488 = CARTESIAN_POINT('',(0.157593067407,-17.03622508965));
#1489 = CARTESIAN_POINT('',(0.233837567852,-16.9393816951));
#1490 = CARTESIAN_POINT('',(0.311682910939,-16.85355282194));
#1491 = CARTESIAN_POINT('',(0.390564782911,-16.78018304259));
#1492 = CARTESIAN_POINT('',(0.470114090779,-16.72064672094));
#1493 = CARTESIAN_POINT('',(0.549924264609,-16.67467082678));
#1494 = CARTESIAN_POINT('',(0.629493465719,-16.64208024058));
#1495 = CARTESIAN_POINT('',(0.708269886578,-16.62267868136));
#1496 = CARTESIAN_POINT('',(0.759897595103,-16.61840993741));
#1497 = CARTESIAN_POINT('',(0.785398163397,-16.61840993741));
#1498 = ( GEOMETRIC_REPRESENTATION_CONTEXT(2) 
PARAMETRIC_REPRESENTATION_CONTEXT() REPRESENTATION_CONTEXT('2D SPACE',''
  ) );
#1499 = FACE_BOUND('',#1500,.F.);
#1500 = EDGE_LOOP('',(#1501,#1502));
#1501 = ORIENTED_EDGE('',*,*,#899,.F.);
#1502 = ORIENTED_EDGE('',*,*,#978,.F.);
#1503 = ADVANCED_FACE('',(#1504),#769,.T.);
#1504 = FACE_BOUND('',#1505,.T.);
#1505 = EDGE_LOOP('',(#1506,#1507,#1528,#1529));
#1506 = ORIENTED_EDGE('',*,*,#1185,.T.);
#1507 = ORIENTED_EDGE('',*,*,#1508,.T.);
#1508 = EDGE_CURVE('',#1186,#754,#1509,.T.);
#1509 = SURFACE_CURVE('',#1510,(#1514,#1521),.PCURVE_S1.);
#1510 = LINE('',#1511,#1512);
#1511 = CARTESIAN_POINT('',(52.422693063068,6.297133514524,
    50.059437303657));
#1512 = VECTOR('',#1513,1.);
#1513 = DIRECTION('',(1.224646799147E-16,0.,-1.));
#1514 = PCURVE('',#769,#1515);
#1515 = DEFINITIONAL_REPRESENTATION('',(#1516),#1520);
#1516 = LINE('',#1517,#1518);
#1517 = CARTESIAN_POINT('',(2.,-7.366));
#1518 = VECTOR('',#1519,1.);
#1519 = DIRECTION('',(1.,0.));
#1520 = ( GEOMETRIC_REPRESENTATION_CONTEXT(2) 
PARAMETRIC_REPRESENTATION_CONTEXT() REPRESENTATION_CONTEXT('2D SPACE',''
  ) );
#1521 = PCURVE('',#439,#1522);
#1522 = DEFINITIONAL_REPRESENTATION('',(#1523),#1527);
#1523 = LINE('',#1524,#1525);
#1524 = CARTESIAN_POINT('',(-20.,30.));
#1525 = VECTOR('',#1526,1.);
#1526 = DIRECTION('',(2.77568255201E-17,1.));
#1527 = ( GEOMETRIC_REPRESENTATION_CONTEXT(2) 
PARAMETRIC_REPRESENTATION_CONTEXT() REPRESENTATION_CONTEXT('2D SPACE',''
  ) );
#1528 = ORIENTED_EDGE('',*,*,#753,.T.);
#1529 = ORIENTED_EDGE('',*,*,#1530,.T.);
#1530 = EDGE_CURVE('',#731,#1160,#1531,.T.);
#1531 = SURFACE_CURVE('',#1532,(#1536,#1543),.PCURVE_S1.);
#1532 = LINE('',#1533,#1534);
#1533 = CARTESIAN_POINT('',(37.690693063069,6.297133514524,
    54.059437303657));
#1534 = VECTOR('',#1535,1.);
#1535 = DIRECTION('',(-1.224646799147E-16,1.09701998953E-44,1.));
#1536 = PCURVE('',#769,#1537);
#1537 = DEFINITIONAL_REPRESENTATION('',(#1538),#1542);
#1538 = LINE('',#1539,#1540);
#1539 = CARTESIAN_POINT('',(-2.,7.366));
#1540 = VECTOR('',#1541,1.);
#1541 = DIRECTION('',(-1.,0.));
#1542 = ( GEOMETRIC_REPRESENTATION_CONTEXT(2) 
PARAMETRIC_REPRESENTATION_CONTEXT() REPRESENTATION_CONTEXT('2D SPACE',''
  ) );
#1543 = PCURVE('',#256,#1544);
#1544 = DEFINITIONAL_REPRESENTATION('',(#1545),#1549);
#1545 = LINE('',#1546,#1547);
#1546 = CARTESIAN_POINT('',(39.05,26.));
#1547 = VECTOR('',#1548,1.);
#1548 = DIRECTION('',(2.775682552012E-17,-1.));
#1549 = ( GEOMETRIC_REPRESENTATION_CONTEXT(2) 
PARAMETRIC_REPRESENTATION_CONTEXT() REPRESENTATION_CONTEXT('2D SPACE',''
  ) );
#1550 = ADVANCED_FACE('',(#1551),#1369,.T.);
#1551 = FACE_BOUND('',#1552,.T.);
#1552 = EDGE_LOOP('',(#1553,#1554,#1577,#1600));
#1553 = ORIENTED_EDGE('',*,*,#1353,.F.);
#1554 = ORIENTED_EDGE('',*,*,#1555,.F.);
#1555 = EDGE_CURVE('',#1556,#1354,#1558,.T.);
#1556 = VERTEX_POINT('',#1557);
#1557 = CARTESIAN_POINT('',(25.190693063069,-13.70286648547,
    80.059437303657));
#1558 = SURFACE_CURVE('',#1559,(#1563,#1570),.PCURVE_S1.);
#1559 = LINE('',#1560,#1561);
#1560 = CARTESIAN_POINT('',(25.190693063069,-13.70286648547,
    80.059437303657));
#1561 = VECTOR('',#1562,1.);
#1562 = DIRECTION('',(-1.061773213019E-15,0.,-1.));
#1563 = PCURVE('',#1369,#1564);
#1564 = DEFINITIONAL_REPRESENTATION('',(#1565),#1569);
#1565 = LINE('',#1566,#1567);
#1566 = CARTESIAN_POINT('',(0.,0.));
#1567 = VECTOR('',#1568,1.);
#1568 = DIRECTION('',(1.479504291526E-16,1.));
#1569 = ( GEOMETRIC_REPRESENTATION_CONTEXT(2) 
PARAMETRIC_REPRESENTATION_CONTEXT() REPRESENTATION_CONTEXT('2D SPACE',''
  ) );
#1570 = PCURVE('',#580,#1571);
#1571 = DEFINITIONAL_REPRESENTATION('',(#1572),#1576);
#1572 = LINE('',#1573,#1574);
#1573 = CARTESIAN_POINT('',(19.05,5.287675261579E-16));
#1574 = VECTOR('',#1575,1.);
#1575 = DIRECTION('',(-2.77568255201E-17,1.));
#1576 = ( GEOMETRIC_REPRESENTATION_CONTEXT(2) 
PARAMETRIC_REPRESENTATION_CONTEXT() REPRESENTATION_CONTEXT('2D SPACE',''
  ) );
#1577 = ORIENTED_EDGE('',*,*,#1578,.F.);
#1578 = EDGE_CURVE('',#1579,#1556,#1581,.T.);
#1579 = VERTEX_POINT('',#1580);
#1580 = CARTESIAN_POINT('',(64.922693063068,-13.70286648547,
    80.059437303657));
#1581 = SURFACE_CURVE('',#1582,(#1586,#1593),.PCURVE_S1.);
#1582 = LINE('',#1583,#1584);
#1583 = CARTESIAN_POINT('',(298.8617859084,-13.70286648547,
    80.059437303656));
#1584 = VECTOR('',#1585,1.);
#1585 = DIRECTION('',(-1.,4.599495387733E-16,1.209723642171E-15));
#1586 = PCURVE('',#1369,#1587);
#1587 = DEFINITIONAL_REPRESENTATION('',(#1588),#1592);
#1588 = LINE('',#1589,#1590);
#1589 = CARTESIAN_POINT('',(273.67109284533,-3.263844217462E-14));
#1590 = VECTOR('',#1591,1.);
#1591 = DIRECTION('',(-1.,0.));
#1592 = ( GEOMETRIC_REPRESENTATION_CONTEXT(2) 
PARAMETRIC_REPRESENTATION_CONTEXT() REPRESENTATION_CONTEXT('2D SPACE',''
  ) );
#1593 = PCURVE('',#552,#1594);
#1594 = DEFINITIONAL_REPRESENTATION('',(#1595),#1599);
#1595 = LINE('',#1596,#1597);
#1596 = CARTESIAN_POINT('',(253.80509284533,-9.525));
#1597 = VECTOR('',#1598,1.);
#1598 = DIRECTION('',(-1.,-4.599495387733E-16));
#1599 = ( GEOMETRIC_REPRESENTATION_CONTEXT(2) 
PARAMETRIC_REPRESENTATION_CONTEXT() REPRESENTATION_CONTEXT('2D SPACE',''
  ) );
#1600 = ORIENTED_EDGE('',*,*,#1601,.T.);
#1601 = EDGE_CURVE('',#1579,#1330,#1602,.T.);
#1602 = SURFACE_CURVE('',#1603,(#1607,#1614),.PCURVE_S1.);
#1603 = LINE('',#1604,#1605);
#1604 = CARTESIAN_POINT('',(64.922693063068,-13.70286648547,
    80.059437303657));
#1605 = VECTOR('',#1606,1.);
#1606 = DIRECTION('',(-1.061773213019E-15,0.,-1.));
#1607 = PCURVE('',#1369,#1608);
#1608 = DEFINITIONAL_REPRESENTATION('',(#1609),#1613);
#1609 = LINE('',#1610,#1611);
#1610 = CARTESIAN_POINT('',(39.731999999999,-4.806473975075E-14));
#1611 = VECTOR('',#1612,1.);
#1612 = DIRECTION('',(1.479504291526E-16,1.));
#1613 = ( GEOMETRIC_REPRESENTATION_CONTEXT(2) 
PARAMETRIC_REPRESENTATION_CONTEXT() REPRESENTATION_CONTEXT('2D SPACE',''
  ) );
#1614 = PCURVE('',#524,#1615);
#1615 = DEFINITIONAL_REPRESENTATION('',(#1616),#1620);
#1616 = LINE('',#1617,#1618);
#1617 = CARTESIAN_POINT('',(0.,0.));
#1618 = VECTOR('',#1619,1.);
#1619 = DIRECTION('',(2.77568255201E-17,1.));
#1620 = ( GEOMETRIC_REPRESENTATION_CONTEXT(2) 
PARAMETRIC_REPRESENTATION_CONTEXT() REPRESENTATION_CONTEXT('2D SPACE',''
  ) );
#1621 = ADVANCED_FACE('',(#1622),#637,.F.);
#1622 = FACE_BOUND('',#1623,.F.);
#1623 = EDGE_LOOP('',(#1624,#1625,#1646,#1647));
#1624 = ORIENTED_EDGE('',*,*,#1428,.T.);
#1625 = ORIENTED_EDGE('',*,*,#1626,.F.);
#1626 = EDGE_CURVE('',#593,#1406,#1627,.T.);
#1627 = SURFACE_CURVE('',#1628,(#1632,#1639),.PCURVE_S1.);
#1628 = LINE('',#1629,#1630);
#1629 = CARTESIAN_POINT('',(33.690693063069,-27.99036648547,
    65.059437303657));
#1630 = VECTOR('',#1631,1.);
#1631 = DIRECTION('',(-6.502952508934E-32,1.,2.77568255201E-17));
#1632 = PCURVE('',#637,#1633);
#1633 = DEFINITIONAL_REPRESENTATION('',(#1634),#1638);
#1634 = LINE('',#1635,#1636);
#1635 = CARTESIAN_POINT('',(0.785398163397,0.));
#1636 = VECTOR('',#1637,1.);
#1637 = DIRECTION('',(0.,-1.));
#1638 = ( GEOMETRIC_REPRESENTATION_CONTEXT(2) 
PARAMETRIC_REPRESENTATION_CONTEXT() REPRESENTATION_CONTEXT('2D SPACE',''
  ) );
#1639 = PCURVE('',#608,#1640);
#1640 = DEFINITIONAL_REPRESENTATION('',(#1641),#1645);
#1641 = LINE('',#1642,#1643);
#1642 = CARTESIAN_POINT('',(-11.366,4.7625));
#1643 = VECTOR('',#1644,1.);
#1644 = DIRECTION('',(2.616486976356E-45,-1.));
#1645 = ( GEOMETRIC_REPRESENTATION_CONTEXT(2) 
PARAMETRIC_REPRESENTATION_CONTEXT() REPRESENTATION_CONTEXT('2D SPACE',''
  ) );
#1646 = ORIENTED_EDGE('',*,*,#620,.F.);
#1647 = ORIENTED_EDGE('',*,*,#1648,.T.);
#1648 = EDGE_CURVE('',#621,#1162,#1649,.T.);
#1649 = SURFACE_CURVE('',#1650,(#1654,#1661),.PCURVE_S1.);
#1650 = LINE('',#1651,#1652);
#1651 = CARTESIAN_POINT('',(37.690693063069,-27.99036648547,
    61.059437303657));
#1652 = VECTOR('',#1653,1.);
#1653 = DIRECTION('',(-6.502952508934E-32,1.,2.77568255201E-17));
#1654 = PCURVE('',#637,#1655);
#1655 = DEFINITIONAL_REPRESENTATION('',(#1656),#1660);
#1656 = LINE('',#1657,#1658);
#1657 = CARTESIAN_POINT('',(-0.785398163397,0.));
#1658 = VECTOR('',#1659,1.);
#1659 = DIRECTION('',(0.,-1.));
#1660 = ( GEOMETRIC_REPRESENTATION_CONTEXT(2) 
PARAMETRIC_REPRESENTATION_CONTEXT() REPRESENTATION_CONTEXT('2D SPACE',''
  ) );
#1661 = PCURVE('',#256,#1662);
#1662 = DEFINITIONAL_REPRESENTATION('',(#1663),#1667);
#1663 = LINE('',#1664,#1665);
#1664 = CARTESIAN_POINT('',(4.7625,19.));
#1665 = VECTOR('',#1666,1.);
#1666 = DIRECTION('',(1.,1.729947313246E-29));
#1667 = ( GEOMETRIC_REPRESENTATION_CONTEXT(2) 
PARAMETRIC_REPRESENTATION_CONTEXT() REPRESENTATION_CONTEXT('2D SPACE',''
  ) );
#1668 = ADVANCED_FACE('',(#1669),#256,.T.);
#1669 = FACE_BOUND('',#1670,.T.);
#1670 = EDGE_LOOP('',(#1671,#1672,#1673,#1674,#1675,#1676,#1677));
#1671 = ORIENTED_EDGE('',*,*,#240,.T.);
#1672 = ORIENTED_EDGE('',*,*,#649,.F.);
#1673 = ORIENTED_EDGE('',*,*,#1648,.T.);
#1674 = ORIENTED_EDGE('',*,*,#1159,.F.);
#1675 = ORIENTED_EDGE('',*,*,#1530,.F.);
#1676 = ORIENTED_EDGE('',*,*,#730,.F.);
#1677 = ORIENTED_EDGE('',*,*,#327,.T.);
#1678 = ADVANCED_FACE('',(#1679),#468,.F.);
#1679 = FACE_BOUND('',#1680,.F.);
#1680 = EDGE_LOOP('',(#1681,#1702,#1703,#1724));
#1681 = ORIENTED_EDGE('',*,*,#1682,.F.);
#1682 = EDGE_CURVE('',#1233,#452,#1683,.T.);
#1683 = SURFACE_CURVE('',#1684,(#1688,#1695),.PCURVE_S1.);
#1684 = LINE('',#1685,#1686);
#1685 = CARTESIAN_POINT('',(56.422693063068,-18.46536648547,
    65.059437303657));
#1686 = VECTOR('',#1687,1.);
#1687 = DIRECTION('',(6.502952508934E-32,-1.,-2.77568255201E-17));
#1688 = PCURVE('',#468,#1689);
#1689 = DEFINITIONAL_REPRESENTATION('',(#1690),#1694);
#1690 = LINE('',#1691,#1692);
#1691 = CARTESIAN_POINT('',(0.785398163397,1.7763568394E-15));
#1692 = VECTOR('',#1693,1.);
#1693 = DIRECTION('',(0.,-1.));
#1694 = ( GEOMETRIC_REPRESENTATION_CONTEXT(2) 
PARAMETRIC_REPRESENTATION_CONTEXT() REPRESENTATION_CONTEXT('2D SPACE',''
  ) );
#1695 = PCURVE('',#496,#1696);
#1696 = DEFINITIONAL_REPRESENTATION('',(#1697),#1701);
#1697 = LINE('',#1698,#1699);
#1698 = CARTESIAN_POINT('',(11.366,-4.7625));
#1699 = VECTOR('',#1700,1.);
#1700 = DIRECTION('',(-2.189528850508E-47,1.));
#1701 = ( GEOMETRIC_REPRESENTATION_CONTEXT(2) 
PARAMETRIC_REPRESENTATION_CONTEXT() REPRESENTATION_CONTEXT('2D SPACE',''
  ) );
#1702 = ORIENTED_EDGE('',*,*,#1232,.T.);
#1703 = ORIENTED_EDGE('',*,*,#1704,.F.);
#1704 = EDGE_CURVE('',#424,#1209,#1705,.T.);
#1705 = SURFACE_CURVE('',#1706,(#1710,#1717),.PCURVE_S1.);
#1706 = LINE('',#1707,#1708);
#1707 = CARTESIAN_POINT('',(52.422693063068,-18.46536648547,
    61.059437303657));
#1708 = VECTOR('',#1709,1.);
#1709 = DIRECTION('',(-6.502952508934E-32,1.,2.77568255201E-17));
#1710 = PCURVE('',#468,#1711);
#1711 = DEFINITIONAL_REPRESENTATION('',(#1712),#1716);
#1712 = LINE('',#1713,#1714);
#1713 = CARTESIAN_POINT('',(-0.785398163397,0.));
#1714 = VECTOR('',#1715,1.);
#1715 = DIRECTION('',(0.,1.));
#1716 = ( GEOMETRIC_REPRESENTATION_CONTEXT(2) 
PARAMETRIC_REPRESENTATION_CONTEXT() REPRESENTATION_CONTEXT('2D SPACE',''
  ) );
#1717 = PCURVE('',#439,#1718);
#1718 = DEFINITIONAL_REPRESENTATION('',(#1719),#1723);
#1719 = LINE('',#1720,#1721);
#1720 = CARTESIAN_POINT('',(4.7625,19.));
#1721 = VECTOR('',#1722,1.);
#1722 = DIRECTION('',(-1.,0.));
#1723 = ( GEOMETRIC_REPRESENTATION_CONTEXT(2) 
PARAMETRIC_REPRESENTATION_CONTEXT() REPRESENTATION_CONTEXT('2D SPACE',''
  ) );
#1724 = ORIENTED_EDGE('',*,*,#451,.F.);
#1725 = ADVANCED_FACE('',(#1726),#439,.T.);
#1726 = FACE_BOUND('',#1727,.T.);
#1727 = EDGE_LOOP('',(#1728,#1729,#1730,#1731,#1732));
#1728 = ORIENTED_EDGE('',*,*,#1704,.F.);
#1729 = ORIENTED_EDGE('',*,*,#423,.T.);
#1730 = ORIENTED_EDGE('',*,*,#781,.T.);
#1731 = ORIENTED_EDGE('',*,*,#1508,.F.);
#1732 = ORIENTED_EDGE('',*,*,#1208,.F.);
#1733 = ADVANCED_FACE('',(#1734,#1780,#1815,#1850,#1880,#1910,#1945),
  #552,.F.);
#1734 = FACE_BOUND('',#1735,.T.);
#1735 = EDGE_LOOP('',(#1736,#1737,#1758,#1759));
#1736 = ORIENTED_EDGE('',*,*,#1578,.T.);
#1737 = ORIENTED_EDGE('',*,*,#1738,.T.);
#1738 = EDGE_CURVE('',#1556,#537,#1739,.T.);
#1739 = SURFACE_CURVE('',#1740,(#1744,#1751),.PCURVE_S1.);
#1740 = LINE('',#1741,#1742);
#1741 = CARTESIAN_POINT('',(25.190693063069,-12.10266648547,
    80.059437303657));
#1742 = VECTOR('',#1743,1.);
#1743 = DIRECTION('',(6.502952508934E-32,-1.,-2.77568255201E-17));
#1744 = PCURVE('',#552,#1745);
#1745 = DEFINITIONAL_REPRESENTATION('',(#1746),#1750);
#1746 = LINE('',#1747,#1748);
#1747 = CARTESIAN_POINT('',(-19.86599999999,-11.1252));
#1748 = VECTOR('',#1749,1.);
#1749 = DIRECTION('',(-2.189528850508E-47,1.));
#1750 = ( GEOMETRIC_REPRESENTATION_CONTEXT(2) 
PARAMETRIC_REPRESENTATION_CONTEXT() REPRESENTATION_CONTEXT('2D SPACE',''
  ) );
#1751 = PCURVE('',#580,#1752);
#1752 = DEFINITIONAL_REPRESENTATION('',(#1753),#1757);
#1753 = LINE('',#1754,#1755);
#1754 = CARTESIAN_POINT('',(20.6502,5.731839983551E-16));
#1755 = VECTOR('',#1756,1.);
#1756 = DIRECTION('',(-1.,0.));
#1757 = ( GEOMETRIC_REPRESENTATION_CONTEXT(2) 
PARAMETRIC_REPRESENTATION_CONTEXT() REPRESENTATION_CONTEXT('2D SPACE',''
  ) );
#1758 = ORIENTED_EDGE('',*,*,#536,.T.);
#1759 = ORIENTED_EDGE('',*,*,#1760,.F.);
#1760 = EDGE_CURVE('',#1579,#509,#1761,.T.);
#1761 = SURFACE_CURVE('',#1762,(#1766,#1773),.PCURVE_S1.);
#1762 = LINE('',#1763,#1764);
#1763 = CARTESIAN_POINT('',(64.922693063068,-12.10266648547,
    80.059437303657));
#1764 = VECTOR('',#1765,1.);
#1765 = DIRECTION('',(6.502952508934E-32,-1.,-2.77568255201E-17));
#1766 = PCURVE('',#552,#1767);
#1767 = DEFINITIONAL_REPRESENTATION('',(#1768),#1772);
#1768 = LINE('',#1769,#1770);
#1769 = CARTESIAN_POINT('',(19.866,-11.1252));
#1770 = VECTOR('',#1771,1.);
#1771 = DIRECTION('',(-2.189528850508E-47,1.));
#1772 = ( GEOMETRIC_REPRESENTATION_CONTEXT(2) 
PARAMETRIC_REPRESENTATION_CONTEXT() REPRESENTATION_CONTEXT('2D SPACE',''
  ) );
#1773 = PCURVE('',#524,#1774);
#1774 = DEFINITIONAL_REPRESENTATION('',(#1775),#1779);
#1775 = LINE('',#1776,#1777);
#1776 = CARTESIAN_POINT('',(-1.6002,4.441647219726E-17));
#1777 = VECTOR('',#1778,1.);
#1778 = DIRECTION('',(1.,0.));
#1779 = ( GEOMETRIC_REPRESENTATION_CONTEXT(2) 
PARAMETRIC_REPRESENTATION_CONTEXT() REPRESENTATION_CONTEXT('2D SPACE',''
  ) );
#1780 = FACE_BOUND('',#1781,.T.);
#1781 = EDGE_LOOP('',(#1782));
#1782 = ORIENTED_EDGE('',*,*,#1783,.F.);
#1783 = EDGE_CURVE('',#1784,#1784,#1786,.T.);
#1784 = VERTEX_POINT('',#1785);
#1785 = CARTESIAN_POINT('',(57.437260192048,-18.0313525518,
    80.059437303657));
#1786 = SURFACE_CURVE('',#1787,(#1792,#1803),.PCURVE_S1.);
#1787 = CIRCLE('',#1788,1.5);
#1788 = AXIS2_PLACEMENT_3D('',#1789,#1790,#1791);
#1789 = CARTESIAN_POINT('',(58.937260192048,-18.0313525518,
    80.059437303657));
#1790 = DIRECTION('',(1.209723642171E-15,-2.77568255201E-17,1.));
#1791 = DIRECTION('',(1.,9.860761315263E-32,-1.209723642171E-15));
#1792 = PCURVE('',#552,#1793);
#1793 = DEFINITIONAL_REPRESENTATION('',(#1794),#1802);
#1794 = ( BOUNDED_CURVE() B_SPLINE_CURVE(2,(#1795,#1796,#1797,#1798,
#1799,#1800,#1801),.UNSPECIFIED.,.T.,.F.) B_SPLINE_CURVE_WITH_KNOTS((1,2
    ,2,2,2,1),(-2.094395102393,0.,2.094395102393,4.188790204786,
6.28318530718,8.377580409573),.UNSPECIFIED.) CURVE() 
GEOMETRIC_REPRESENTATION_ITEM() RATIONAL_B_SPLINE_CURVE((1.,0.5,1.,0.5,
1.,0.5,1.)) REPRESENTATION_ITEM('') );
#1795 = CARTESIAN_POINT('',(15.38056712898,-5.196513933675));
#1796 = CARTESIAN_POINT('',(15.38056712898,-7.794590145028));
#1797 = CARTESIAN_POINT('',(13.13056712898,-6.495552039351));
#1798 = CARTESIAN_POINT('',(10.88056712898,-5.196513933675));
#1799 = CARTESIAN_POINT('',(13.13056712898,-3.897475827998));
#1800 = CARTESIAN_POINT('',(15.380567128979,-2.598437722321));
#1801 = CARTESIAN_POINT('',(15.38056712898,-5.196513933675));
#1802 = ( GEOMETRIC_REPRESENTATION_CONTEXT(2) 
PARAMETRIC_REPRESENTATION_CONTEXT() REPRESENTATION_CONTEXT('2D SPACE',''
  ) );
#1803 = PCURVE('',#1804,#1809);
#1804 = CYLINDRICAL_SURFACE('',#1805,1.5);
#1805 = AXIS2_PLACEMENT_3D('',#1806,#1807,#1808);
#1806 = CARTESIAN_POINT('',(58.937260192048,-18.0313525518,
    80.059437303657));
#1807 = DIRECTION('',(-1.061773213019E-15,0.,-1.));
#1808 = DIRECTION('',(1.,9.860761315263E-32,-1.061773213019E-15));
#1809 = DEFINITIONAL_REPRESENTATION('',(#1810),#1814);
#1810 = LINE('',#1811,#1812);
#1811 = CARTESIAN_POINT('',(6.28318530718,0.));
#1812 = VECTOR('',#1813,1.);
#1813 = DIRECTION('',(-1.,0.));
#1814 = ( GEOMETRIC_REPRESENTATION_CONTEXT(2) 
PARAMETRIC_REPRESENTATION_CONTEXT() REPRESENTATION_CONTEXT('2D SPACE',''
  ) );
#1815 = FACE_BOUND('',#1816,.T.);
#1816 = EDGE_LOOP('',(#1817));
#1817 = ORIENTED_EDGE('',*,*,#1818,.F.);
#1818 = EDGE_CURVE('',#1819,#1819,#1821,.T.);
#1819 = VERTEX_POINT('',#1820);
#1820 = CARTESIAN_POINT('',(57.437260192048,-29.03135271571,
    80.059437303657));
#1821 = SURFACE_CURVE('',#1822,(#1827,#1838),.PCURVE_S1.);
#1822 = CIRCLE('',#1823,1.5);
#1823 = AXIS2_PLACEMENT_3D('',#1824,#1825,#1826);
#1824 = CARTESIAN_POINT('',(58.937260192048,-29.03135271571,
    80.059437303657));
#1825 = DIRECTION('',(1.209723642171E-15,-2.77568255201E-17,1.));
#1826 = DIRECTION('',(1.,9.860761315263E-32,-1.209723642171E-15));
#1827 = PCURVE('',#552,#1828);
#1828 = DEFINITIONAL_REPRESENTATION('',(#1829),#1837);
#1829 = ( BOUNDED_CURVE() B_SPLINE_CURVE(2,(#1830,#1831,#1832,#1833,
#1834,#1835,#1836),.UNSPECIFIED.,.T.,.F.) B_SPLINE_CURVE_WITH_KNOTS((1,2
    ,2,2,2,1),(-2.094395102393,0.,2.094395102393,4.188790204786,
6.28318530718,8.377580409573),.UNSPECIFIED.) CURVE() 
GEOMETRIC_REPRESENTATION_ITEM() RATIONAL_B_SPLINE_CURVE((1.,0.5,1.,0.5,
1.,0.5,1.)) REPRESENTATION_ITEM('') );
#1830 = CARTESIAN_POINT('',(15.38056712898,5.803486230238));
#1831 = CARTESIAN_POINT('',(15.38056712898,3.205410018885));
#1832 = CARTESIAN_POINT('',(13.13056712898,4.504448124562));
#1833 = CARTESIAN_POINT('',(10.88056712898,5.803486230238));
#1834 = CARTESIAN_POINT('',(13.13056712898,7.102524335915));
#1835 = CARTESIAN_POINT('',(15.380567128979,8.401562441592));
#1836 = CARTESIAN_POINT('',(15.38056712898,5.803486230238));
#1837 = ( GEOMETRIC_REPRESENTATION_CONTEXT(2) 
PARAMETRIC_REPRESENTATION_CONTEXT() REPRESENTATION_CONTEXT('2D SPACE',''
  ) );
#1838 = PCURVE('',#1839,#1844);
#1839 = CYLINDRICAL_SURFACE('',#1840,1.5);
#1840 = AXIS2_PLACEMENT_3D('',#1841,#1842,#1843);
#1841 = CARTESIAN_POINT('',(58.937260192048,-29.03135271571,
    80.059437303657));
#1842 = DIRECTION('',(-1.061773213019E-15,0.,-1.));
#1843 = DIRECTION('',(1.,9.860761315263E-32,-1.061773213019E-15));
#1844 = DEFINITIONAL_REPRESENTATION('',(#1845),#1849);
#1845 = LINE('',#1846,#1847);
#1846 = CARTESIAN_POINT('',(6.28318530718,0.));
#1847 = VECTOR('',#1848,1.);
#1848 = DIRECTION('',(-1.,0.));
#1849 = ( GEOMETRIC_REPRESENTATION_CONTEXT(2) 
PARAMETRIC_REPRESENTATION_CONTEXT() REPRESENTATION_CONTEXT('2D SPACE',''
  ) );
#1850 = FACE_BOUND('',#1851,.T.);
#1851 = EDGE_LOOP('',(#1852));
#1852 = ORIENTED_EDGE('',*,*,#1853,.F.);
#1853 = EDGE_CURVE('',#1854,#1854,#1856,.T.);
#1854 = VERTEX_POINT('',#1855);
#1855 = CARTESIAN_POINT('',(43.437259983432,-18.0313525518,
    80.059437303657));
#1856 = SURFACE_CURVE('',#1857,(#1862,#1873),.PCURVE_S1.);
#1857 = CIRCLE('',#1858,1.5);
#1858 = AXIS2_PLACEMENT_3D('',#1859,#1860,#1861);
#1859 = CARTESIAN_POINT('',(44.937259983432,-18.0313525518,
    80.059437303657));
#1860 = DIRECTION('',(1.209723642171E-15,-2.77568255201E-17,1.));
#1861 = DIRECTION('',(1.,9.860761315263E-32,-1.209723642171E-15));
#1862 = PCURVE('',#552,#1863);
#1863 = DEFINITIONAL_REPRESENTATION('',(#1864),#1872);
#1864 = ( BOUNDED_CURVE() B_SPLINE_CURVE(2,(#1865,#1866,#1867,#1868,
#1869,#1870,#1871),.UNSPECIFIED.,.T.,.F.) B_SPLINE_CURVE_WITH_KNOTS((1,2
    ,2,2,2,1),(-2.094395102393,0.,2.094395102393,4.188790204786,
6.28318530718,8.377580409573),.UNSPECIFIED.) CURVE() 
GEOMETRIC_REPRESENTATION_ITEM() RATIONAL_B_SPLINE_CURVE((1.,0.5,1.,0.5,
1.,0.5,1.)) REPRESENTATION_ITEM('') );
#1865 = CARTESIAN_POINT('',(1.380566920363,-5.196513933675));
#1866 = CARTESIAN_POINT('',(1.380566920363,-7.794590145028));
#1867 = CARTESIAN_POINT('',(-0.869433079637,-6.495552039351));
#1868 = CARTESIAN_POINT('',(-3.119433079637,-5.196513933675));
#1869 = CARTESIAN_POINT('',(-0.869433079637,-3.897475827998));
#1870 = CARTESIAN_POINT('',(1.380566920363,-2.598437722321));
#1871 = CARTESIAN_POINT('',(1.380566920363,-5.196513933675));
#1872 = ( GEOMETRIC_REPRESENTATION_CONTEXT(2) 
PARAMETRIC_REPRESENTATION_CONTEXT() REPRESENTATION_CONTEXT('2D SPACE',''
  ) );
#1873 = PCURVE('',#826,#1874);
#1874 = DEFINITIONAL_REPRESENTATION('',(#1875),#1879);
#1875 = LINE('',#1876,#1877);
#1876 = CARTESIAN_POINT('',(6.28318530718,0.));
#1877 = VECTOR('',#1878,1.);
#1878 = DIRECTION('',(-1.,0.));
#1879 = ( GEOMETRIC_REPRESENTATION_CONTEXT(2) 
PARAMETRIC_REPRESENTATION_CONTEXT() REPRESENTATION_CONTEXT('2D SPACE',''
  ) );
#1880 = FACE_BOUND('',#1881,.T.);
#1881 = EDGE_LOOP('',(#1882));
#1882 = ORIENTED_EDGE('',*,*,#1883,.F.);
#1883 = EDGE_CURVE('',#1884,#1884,#1886,.T.);
#1884 = VERTEX_POINT('',#1885);
#1885 = CARTESIAN_POINT('',(43.437259983432,-29.03135271571,
    80.059437303657));
#1886 = SURFACE_CURVE('',#1887,(#1892,#1903),.PCURVE_S1.);
#1887 = CIRCLE('',#1888,1.5);
#1888 = AXIS2_PLACEMENT_3D('',#1889,#1890,#1891);
#1889 = CARTESIAN_POINT('',(44.937259983432,-29.03135271571,
    80.059437303657));
#1890 = DIRECTION('',(1.209723642171E-15,-2.77568255201E-17,1.));
#1891 = DIRECTION('',(1.,9.860761315263E-32,-1.209723642171E-15));
#1892 = PCURVE('',#552,#1893);
#1893 = DEFINITIONAL_REPRESENTATION('',(#1894),#1902);
#1894 = ( BOUNDED_CURVE() B_SPLINE_CURVE(2,(#1895,#1896,#1897,#1898,
#1899,#1900,#1901),.UNSPECIFIED.,.T.,.F.) B_SPLINE_CURVE_WITH_KNOTS((1,2
    ,2,2,2,1),(-2.094395102393,0.,2.094395102393,4.188790204786,
6.28318530718,8.377580409573),.UNSPECIFIED.) CURVE() 
GEOMETRIC_REPRESENTATION_ITEM() RATIONAL_B_SPLINE_CURVE((1.,0.5,1.,0.5,
1.,0.5,1.)) REPRESENTATION_ITEM('') );
#1895 = CARTESIAN_POINT('',(1.380566920363,5.803486230238));
#1896 = CARTESIAN_POINT('',(1.380566920363,3.205410018885));
#1897 = CARTESIAN_POINT('',(-0.869433079637,4.504448124562));
#1898 = CARTESIAN_POINT('',(-3.119433079637,5.803486230238));
#1899 = CARTESIAN_POINT('',(-0.869433079637,7.102524335915));
#1900 = CARTESIAN_POINT('',(1.380566920363,8.401562441592));
#1901 = CARTESIAN_POINT('',(1.380566920363,5.803486230238));
#1902 = ( GEOMETRIC_REPRESENTATION_CONTEXT(2) 
PARAMETRIC_REPRESENTATION_CONTEXT() REPRESENTATION_CONTEXT('2D SPACE',''
  ) );
#1903 = PCURVE('',#202,#1904);
#1904 = DEFINITIONAL_REPRESENTATION('',(#1905),#1909);
#1905 = LINE('',#1906,#1907);
#1906 = CARTESIAN_POINT('',(6.28318530718,0.));
#1907 = VECTOR('',#1908,1.);
#1908 = DIRECTION('',(-1.,0.));
#1909 = ( GEOMETRIC_REPRESENTATION_CONTEXT(2) 
PARAMETRIC_REPRESENTATION_CONTEXT() REPRESENTATION_CONTEXT('2D SPACE',''
  ) );
#1910 = FACE_BOUND('',#1911,.T.);
#1911 = EDGE_LOOP('',(#1912));
#1912 = ORIENTED_EDGE('',*,*,#1913,.F.);
#1913 = EDGE_CURVE('',#1914,#1914,#1916,.T.);
#1914 = VERTEX_POINT('',#1915);
#1915 = CARTESIAN_POINT('',(30.437259789717,-29.03135271571,
    80.059437303657));
#1916 = SURFACE_CURVE('',#1917,(#1922,#1933),.PCURVE_S1.);
#1917 = CIRCLE('',#1918,1.5);
#1918 = AXIS2_PLACEMENT_3D('',#1919,#1920,#1921);
#1919 = CARTESIAN_POINT('',(31.937259789717,-29.03135271571,
    80.059437303657));
#1920 = DIRECTION('',(1.209723642171E-15,-2.77568255201E-17,1.));
#1921 = DIRECTION('',(1.,9.860761315263E-32,-1.209723642171E-15));
#1922 = PCURVE('',#552,#1923);
#1923 = DEFINITIONAL_REPRESENTATION('',(#1924),#1932);
#1924 = ( BOUNDED_CURVE() B_SPLINE_CURVE(2,(#1925,#1926,#1927,#1928,
#1929,#1930,#1931),.UNSPECIFIED.,.T.,.F.) B_SPLINE_CURVE_WITH_KNOTS((1,2
    ,2,2,2,1),(-2.094395102393,0.,2.094395102393,4.188790204786,
6.28318530718,8.377580409573),.UNSPECIFIED.) CURVE() 
GEOMETRIC_REPRESENTATION_ITEM() RATIONAL_B_SPLINE_CURVE((1.,0.5,1.,0.5,
1.,0.5,1.)) REPRESENTATION_ITEM('') );
#1925 = CARTESIAN_POINT('',(-11.61943327335,5.803486230238));
#1926 = CARTESIAN_POINT('',(-11.61943327335,3.205410018885));
#1927 = CARTESIAN_POINT('',(-13.86943327335,4.504448124562));
#1928 = CARTESIAN_POINT('',(-16.11943327335,5.803486230238));
#1929 = CARTESIAN_POINT('',(-13.86943327335,7.102524335915));
#1930 = CARTESIAN_POINT('',(-11.61943327335,8.401562441592));
#1931 = CARTESIAN_POINT('',(-11.61943327335,5.803486230238));
#1932 = ( GEOMETRIC_REPRESENTATION_CONTEXT(2) 
PARAMETRIC_REPRESENTATION_CONTEXT() REPRESENTATION_CONTEXT('2D SPACE',''
  ) );
#1933 = PCURVE('',#1934,#1939);
#1934 = CYLINDRICAL_SURFACE('',#1935,1.5);
#1935 = AXIS2_PLACEMENT_3D('',#1936,#1937,#1938);
#1936 = CARTESIAN_POINT('',(31.937259789717,-29.03135271571,
    80.059437303657));
#1937 = DIRECTION('',(-1.061773213019E-15,0.,-1.));
#1938 = DIRECTION('',(1.,9.860761315263E-32,-1.061773213019E-15));
#1939 = DEFINITIONAL_REPRESENTATION('',(#1940),#1944);
#1940 = LINE('',#1941,#1942);
#1941 = CARTESIAN_POINT('',(6.28318530718,0.));
#1942 = VECTOR('',#1943,1.);
#1943 = DIRECTION('',(-1.,0.));
#1944 = ( GEOMETRIC_REPRESENTATION_CONTEXT(2) 
PARAMETRIC_REPRESENTATION_CONTEXT() REPRESENTATION_CONTEXT('2D SPACE',''
  ) );
#1945 = FACE_BOUND('',#1946,.T.);
#1946 = EDGE_LOOP('',(#1947));
#1947 = ORIENTED_EDGE('',*,*,#1948,.F.);
#1948 = EDGE_CURVE('',#1949,#1949,#1951,.T.);
#1949 = VERTEX_POINT('',#1950);
#1950 = CARTESIAN_POINT('',(30.437259789717,-18.0313525518,
    80.059437303657));
#1951 = SURFACE_CURVE('',#1952,(#1957,#1968),.PCURVE_S1.);
#1952 = CIRCLE('',#1953,1.5);
#1953 = AXIS2_PLACEMENT_3D('',#1954,#1955,#1956);
#1954 = CARTESIAN_POINT('',(31.937259789717,-18.0313525518,
    80.059437303657));
#1955 = DIRECTION('',(1.209723642171E-15,-2.77568255201E-17,1.));
#1956 = DIRECTION('',(1.,9.860761315263E-32,-1.209723642171E-15));
#1957 = PCURVE('',#552,#1958);
#1958 = DEFINITIONAL_REPRESENTATION('',(#1959),#1967);
#1959 = ( BOUNDED_CURVE() B_SPLINE_CURVE(2,(#1960,#1961,#1962,#1963,
#1964,#1965,#1966),.UNSPECIFIED.,.T.,.F.) B_SPLINE_CURVE_WITH_KNOTS((1,2
    ,2,2,2,1),(-2.094395102393,0.,2.094395102393,4.188790204786,
6.28318530718,8.377580409573),.UNSPECIFIED.) CURVE() 
GEOMETRIC_REPRESENTATION_ITEM() RATIONAL_B_SPLINE_CURVE((1.,0.5,1.,0.5,
1.,0.5,1.)) REPRESENTATION_ITEM('') );
#1960 = CARTESIAN_POINT('',(-11.61943327335,-5.196513933675));
#1961 = CARTESIAN_POINT('',(-11.61943327335,-7.794590145028));
#1962 = CARTESIAN_POINT('',(-13.86943327335,-6.495552039351));
#1963 = CARTESIAN_POINT('',(-16.11943327335,-5.196513933675));
#1964 = CARTESIAN_POINT('',(-13.86943327335,-3.897475827998));
#1965 = CARTESIAN_POINT('',(-11.61943327335,-2.598437722321));
#1966 = CARTESIAN_POINT('',(-11.61943327335,-5.196513933675));
#1967 = ( GEOMETRIC_REPRESENTATION_CONTEXT(2) 
PARAMETRIC_REPRESENTATION_CONTEXT() REPRESENTATION_CONTEXT('2D SPACE',''
  ) );
#1968 = PCURVE('',#1969,#1974);
#1969 = CYLINDRICAL_SURFACE('',#1970,1.5);
#1970 = AXIS2_PLACEMENT_3D('',#1971,#1972,#1973);
#1971 = CARTESIAN_POINT('',(31.937259789717,-18.0313525518,
    80.059437303657));
#1972 = DIRECTION('',(-1.061773213019E-15,0.,-1.));
#1973 = DIRECTION('',(1.,9.860761315263E-32,-1.061773213019E-15));
#1974 = DEFINITIONAL_REPRESENTATION('',(#1975),#1979);
#1975 = LINE('',#1976,#1977);
#1976 = CARTESIAN_POINT('',(6.28318530718,0.));
#1977 = VECTOR('',#1978,1.);
#1978 = DIRECTION('',(-1.,0.));
#1979 = ( GEOMETRIC_REPRESENTATION_CONTEXT(2) 
PARAMETRIC_REPRESENTATION_CONTEXT() REPRESENTATION_CONTEXT('2D SPACE',''
  ) );
#1980 = ADVANCED_FACE('',(#1981,#2007,#2037),#496,.T.);
#1981 = FACE_BOUND('',#1982,.T.);
#1982 = EDGE_LOOP('',(#1983,#1984,#1985,#2006));
#1983 = ORIENTED_EDGE('',*,*,#1682,.F.);
#1984 = ORIENTED_EDGE('',*,*,#1306,.F.);
#1985 = ORIENTED_EDGE('',*,*,#1986,.F.);
#1986 = EDGE_CURVE('',#481,#1307,#1987,.T.);
#1987 = SURFACE_CURVE('',#1988,(#1992,#1999),.PCURVE_S1.);
#1988 = LINE('',#1989,#1990);
#1989 = CARTESIAN_POINT('',(64.922693063068,-18.46536648547,
    65.059437303657));
#1990 = VECTOR('',#1991,1.);
#1991 = DIRECTION('',(-6.502952508934E-32,1.,2.77568255201E-17));
#1992 = PCURVE('',#496,#1993);
#1993 = DEFINITIONAL_REPRESENTATION('',(#1994),#1998);
#1994 = LINE('',#1995,#1996);
#1995 = CARTESIAN_POINT('',(19.866,-4.7625));
#1996 = VECTOR('',#1997,1.);
#1997 = DIRECTION('',(2.189528850508E-47,-1.));
#1998 = ( GEOMETRIC_REPRESENTATION_CONTEXT(2) 
PARAMETRIC_REPRESENTATION_CONTEXT() REPRESENTATION_CONTEXT('2D SPACE',''
  ) );
#1999 = PCURVE('',#524,#2000);
#2000 = DEFINITIONAL_REPRESENTATION('',(#2001),#2005);
#2001 = LINE('',#2002,#2003);
#2002 = CARTESIAN_POINT('',(4.7625,15.));
#2003 = VECTOR('',#2004,1.);
#2004 = DIRECTION('',(-1.,0.));
#2005 = ( GEOMETRIC_REPRESENTATION_CONTEXT(2) 
PARAMETRIC_REPRESENTATION_CONTEXT() REPRESENTATION_CONTEXT('2D SPACE',''
  ) );
#2006 = ORIENTED_EDGE('',*,*,#480,.T.);
#2007 = FACE_BOUND('',#2008,.T.);
#2008 = EDGE_LOOP('',(#2009));
#2009 = ORIENTED_EDGE('',*,*,#2010,.T.);
#2010 = EDGE_CURVE('',#2011,#2011,#2013,.T.);
#2011 = VERTEX_POINT('',#2012);
#2012 = CARTESIAN_POINT('',(57.437260192048,-29.03135271571,
    65.059437303657));
#2013 = SURFACE_CURVE('',#2014,(#2019,#2030),.PCURVE_S1.);
#2014 = CIRCLE('',#2015,1.5);
#2015 = AXIS2_PLACEMENT_3D('',#2016,#2017,#2018);
#2016 = CARTESIAN_POINT('',(58.937260192048,-29.03135271571,
    65.059437303657));
#2017 = DIRECTION('',(1.209723642171E-15,-2.77568255201E-17,1.));
#2018 = DIRECTION('',(1.,9.860761315263E-32,-1.209723642171E-15));
#2019 = PCURVE('',#496,#2020);
#2020 = DEFINITIONAL_REPRESENTATION('',(#2021),#2029);
#2021 = ( BOUNDED_CURVE() B_SPLINE_CURVE(2,(#2022,#2023,#2024,#2025,
#2026,#2027,#2028),.UNSPECIFIED.,.T.,.F.) B_SPLINE_CURVE_WITH_KNOTS((1,2
    ,2,2,2,1),(-2.094395102393,0.,2.094395102393,4.188790204786,
6.28318530718,8.377580409573),.UNSPECIFIED.) CURVE() 
GEOMETRIC_REPRESENTATION_ITEM() RATIONAL_B_SPLINE_CURVE((1.,0.5,1.,0.5,
1.,0.5,1.)) REPRESENTATION_ITEM('') );
#2022 = CARTESIAN_POINT('',(15.38056712898,5.803486230238));
#2023 = CARTESIAN_POINT('',(15.38056712898,3.205410018885));
#2024 = CARTESIAN_POINT('',(13.13056712898,4.504448124562));
#2025 = CARTESIAN_POINT('',(10.88056712898,5.803486230238));
#2026 = CARTESIAN_POINT('',(13.13056712898,7.102524335915));
#2027 = CARTESIAN_POINT('',(15.380567128979,8.401562441592));
#2028 = CARTESIAN_POINT('',(15.38056712898,5.803486230238));
#2029 = ( GEOMETRIC_REPRESENTATION_CONTEXT(2) 
PARAMETRIC_REPRESENTATION_CONTEXT() REPRESENTATION_CONTEXT('2D SPACE',''
  ) );
#2030 = PCURVE('',#1839,#2031);
#2031 = DEFINITIONAL_REPRESENTATION('',(#2032),#2036);
#2032 = LINE('',#2033,#2034);
#2033 = CARTESIAN_POINT('',(6.28318530718,15.));
#2034 = VECTOR('',#2035,1.);
#2035 = DIRECTION('',(-1.,0.));
#2036 = ( GEOMETRIC_REPRESENTATION_CONTEXT(2) 
PARAMETRIC_REPRESENTATION_CONTEXT() REPRESENTATION_CONTEXT('2D SPACE',''
  ) );
#2037 = FACE_BOUND('',#2038,.T.);
#2038 = EDGE_LOOP('',(#2039));
#2039 = ORIENTED_EDGE('',*,*,#2040,.T.);
#2040 = EDGE_CURVE('',#2041,#2041,#2043,.T.);
#2041 = VERTEX_POINT('',#2042);
#2042 = CARTESIAN_POINT('',(57.437260192048,-18.0313525518,
    65.059437303657));
#2043 = SURFACE_CURVE('',#2044,(#2049,#2060),.PCURVE_S1.);
#2044 = CIRCLE('',#2045,1.5);
#2045 = AXIS2_PLACEMENT_3D('',#2046,#2047,#2048);
#2046 = CARTESIAN_POINT('',(58.937260192048,-18.0313525518,
    65.059437303657));
#2047 = DIRECTION('',(1.209723642171E-15,-2.77568255201E-17,1.));
#2048 = DIRECTION('',(1.,9.860761315263E-32,-1.209723642171E-15));
#2049 = PCURVE('',#496,#2050);
#2050 = DEFINITIONAL_REPRESENTATION('',(#2051),#2059);
#2051 = ( BOUNDED_CURVE() B_SPLINE_CURVE(2,(#2052,#2053,#2054,#2055,
#2056,#2057,#2058),.UNSPECIFIED.,.T.,.F.) B_SPLINE_CURVE_WITH_KNOTS((1,2
    ,2,2,2,1),(-2.094395102393,0.,2.094395102393,4.188790204786,
6.28318530718,8.377580409573),.UNSPECIFIED.) CURVE() 
GEOMETRIC_REPRESENTATION_ITEM() RATIONAL_B_SPLINE_CURVE((1.,0.5,1.,0.5,
1.,0.5,1.)) REPRESENTATION_ITEM('') );
#2052 = CARTESIAN_POINT('',(15.38056712898,-5.196513933675));
#2053 = CARTESIAN_POINT('',(15.38056712898,-7.794590145028));
#2054 = CARTESIAN_POINT('',(13.13056712898,-6.495552039351));
#2055 = CARTESIAN_POINT('',(10.88056712898,-5.196513933675));
#2056 = CARTESIAN_POINT('',(13.13056712898,-3.897475827998));
#2057 = CARTESIAN_POINT('',(15.380567128979,-2.598437722321));
#2058 = CARTESIAN_POINT('',(15.38056712898,-5.196513933675));
#2059 = ( GEOMETRIC_REPRESENTATION_CONTEXT(2) 
PARAMETRIC_REPRESENTATION_CONTEXT() REPRESENTATION_CONTEXT('2D SPACE',''
  ) );
#2060 = PCURVE('',#1804,#2061);
#2061 = DEFINITIONAL_REPRESENTATION('',(#2062),#2066);
#2062 = LINE('',#2063,#2064);
#2063 = CARTESIAN_POINT('',(6.28318530718,15.));
#2064 = VECTOR('',#2065,1.);
#2065 = DIRECTION('',(-1.,0.));
#2066 = ( GEOMETRIC_REPRESENTATION_CONTEXT(2) 
PARAMETRIC_REPRESENTATION_CONTEXT() REPRESENTATION_CONTEXT('2D SPACE',''
  ) );
#2067 = ADVANCED_FACE('',(#2068),#202,.F.);
#2068 = FACE_BOUND('',#2069,.F.);
#2069 = EDGE_LOOP('',(#2070,#2071,#2072,#2073,#2094,#2095,#2096,#2097));
#2070 = ORIENTED_EDGE('',*,*,#296,.F.);
#2071 = ORIENTED_EDGE('',*,*,#188,.F.);
#2072 = ORIENTED_EDGE('',*,*,#675,.T.);
#2073 = ORIENTED_EDGE('',*,*,#2074,.T.);
#2074 = EDGE_CURVE('',#676,#1884,#2075,.T.);
#2075 = SEAM_CURVE('',#2076,(#2080,#2087),.PCURVE_S1.);
#2076 = LINE('',#2077,#2078);
#2077 = CARTESIAN_POINT('',(43.437259983432,-29.03135271571,
    80.059437303657));
#2078 = VECTOR('',#2079,1.);
#2079 = DIRECTION('',(1.061773213019E-15,0.,1.));
#2080 = PCURVE('',#202,#2081);
#2081 = DEFINITIONAL_REPRESENTATION('',(#2082),#2086);
#2082 = LINE('',#2083,#2084);
#2083 = CARTESIAN_POINT('',(-3.14159265359,0.));
#2084 = VECTOR('',#2085,1.);
#2085 = DIRECTION('',(0.,-1.));
#2086 = ( GEOMETRIC_REPRESENTATION_CONTEXT(2) 
PARAMETRIC_REPRESENTATION_CONTEXT() REPRESENTATION_CONTEXT('2D SPACE',''
  ) );
#2087 = PCURVE('',#202,#2088);
#2088 = DEFINITIONAL_REPRESENTATION('',(#2089),#2093);
#2089 = LINE('',#2090,#2091);
#2090 = CARTESIAN_POINT('',(3.14159265359,0.));
#2091 = VECTOR('',#2092,1.);
#2092 = DIRECTION('',(0.,-1.));
#2093 = ( GEOMETRIC_REPRESENTATION_CONTEXT(2) 
PARAMETRIC_REPRESENTATION_CONTEXT() REPRESENTATION_CONTEXT('2D SPACE',''
  ) );
#2094 = ORIENTED_EDGE('',*,*,#1883,.F.);
#2095 = ORIENTED_EDGE('',*,*,#2074,.F.);
#2096 = ORIENTED_EDGE('',*,*,#703,.T.);
#2097 = ORIENTED_EDGE('',*,*,#373,.F.);
#2098 = ADVANCED_FACE('',(#2099),#1934,.F.);
#2099 = FACE_BOUND('',#2100,.F.);
#2100 = EDGE_LOOP('',(#2101,#2124,#2125,#2126));
#2101 = ORIENTED_EDGE('',*,*,#2102,.T.);
#2102 = EDGE_CURVE('',#2103,#1914,#2105,.T.);
#2103 = VERTEX_POINT('',#2104);
#2104 = CARTESIAN_POINT('',(30.437259789717,-29.03135271571,
    65.059437303657));
#2105 = SEAM_CURVE('',#2106,(#2110,#2117),.PCURVE_S1.);
#2106 = LINE('',#2107,#2108);
#2107 = CARTESIAN_POINT('',(30.437259789717,-29.03135271571,
    80.059437303657));
#2108 = VECTOR('',#2109,1.);
#2109 = DIRECTION('',(1.061773213019E-15,0.,1.));
#2110 = PCURVE('',#1934,#2111);
#2111 = DEFINITIONAL_REPRESENTATION('',(#2112),#2116);
#2112 = LINE('',#2113,#2114);
#2113 = CARTESIAN_POINT('',(-3.14159265359,0.));
#2114 = VECTOR('',#2115,1.);
#2115 = DIRECTION('',(0.,-1.));
#2116 = ( GEOMETRIC_REPRESENTATION_CONTEXT(2) 
PARAMETRIC_REPRESENTATION_CONTEXT() REPRESENTATION_CONTEXT('2D SPACE',''
  ) );
#2117 = PCURVE('',#1934,#2118);
#2118 = DEFINITIONAL_REPRESENTATION('',(#2119),#2123);
#2119 = LINE('',#2120,#2121);
#2120 = CARTESIAN_POINT('',(3.14159265359,0.));
#2121 = VECTOR('',#2122,1.);
#2122 = DIRECTION('',(0.,-1.));
#2123 = ( GEOMETRIC_REPRESENTATION_CONTEXT(2) 
PARAMETRIC_REPRESENTATION_CONTEXT() REPRESENTATION_CONTEXT('2D SPACE',''
  ) );
#2124 = ORIENTED_EDGE('',*,*,#1913,.F.);
#2125 = ORIENTED_EDGE('',*,*,#2102,.F.);
#2126 = ORIENTED_EDGE('',*,*,#2127,.T.);
#2127 = EDGE_CURVE('',#2103,#2103,#2128,.T.);
#2128 = SURFACE_CURVE('',#2129,(#2134,#2141),.PCURVE_S1.);
#2129 = CIRCLE('',#2130,1.5);
#2130 = AXIS2_PLACEMENT_3D('',#2131,#2132,#2133);
#2131 = CARTESIAN_POINT('',(31.937259789717,-29.03135271571,
    65.059437303657));
#2132 = DIRECTION('',(1.209723642171E-15,-2.77568255201E-17,1.));
#2133 = DIRECTION('',(1.,9.860761315263E-32,-1.209723642171E-15));
#2134 = PCURVE('',#1934,#2135);
#2135 = DEFINITIONAL_REPRESENTATION('',(#2136),#2140);
#2136 = LINE('',#2137,#2138);
#2137 = CARTESIAN_POINT('',(6.28318530718,15.));
#2138 = VECTOR('',#2139,1.);
#2139 = DIRECTION('',(-1.,0.));
#2140 = ( GEOMETRIC_REPRESENTATION_CONTEXT(2) 
PARAMETRIC_REPRESENTATION_CONTEXT() REPRESENTATION_CONTEXT('2D SPACE',''
  ) );
#2141 = PCURVE('',#608,#2142);
#2142 = DEFINITIONAL_REPRESENTATION('',(#2143),#2151);
#2143 = ( BOUNDED_CURVE() B_SPLINE_CURVE(2,(#2144,#2145,#2146,#2147,
#2148,#2149,#2150),.UNSPECIFIED.,.T.,.F.) B_SPLINE_CURVE_WITH_KNOTS((1,2
    ,2,2,2,1),(-2.094395102393,0.,2.094395102393,4.188790204786,
6.28318530718,8.377580409573),.UNSPECIFIED.) CURVE() 
GEOMETRIC_REPRESENTATION_ITEM() RATIONAL_B_SPLINE_CURVE((1.,0.5,1.,0.5,
1.,0.5,1.)) REPRESENTATION_ITEM('') );
#2144 = CARTESIAN_POINT('',(-11.61943327335,5.803486230238));
#2145 = CARTESIAN_POINT('',(-11.61943327335,3.205410018885));
#2146 = CARTESIAN_POINT('',(-13.86943327335,4.504448124562));
#2147 = CARTESIAN_POINT('',(-16.11943327335,5.803486230238));
#2148 = CARTESIAN_POINT('',(-13.86943327335,7.102524335915));
#2149 = CARTESIAN_POINT('',(-11.61943327335,8.401562441592));
#2150 = CARTESIAN_POINT('',(-11.61943327335,5.803486230238));
#2151 = ( GEOMETRIC_REPRESENTATION_CONTEXT(2) 
PARAMETRIC_REPRESENTATION_CONTEXT() REPRESENTATION_CONTEXT('2D SPACE',''
  ) );
#2152 = ADVANCED_FACE('',(#2153),#1804,.F.);
#2153 = FACE_BOUND('',#2154,.F.);
#2154 = EDGE_LOOP('',(#2155,#2176,#2177,#2178));
#2155 = ORIENTED_EDGE('',*,*,#2156,.T.);
#2156 = EDGE_CURVE('',#2041,#1784,#2157,.T.);
#2157 = SEAM_CURVE('',#2158,(#2162,#2169),.PCURVE_S1.);
#2158 = LINE('',#2159,#2160);
#2159 = CARTESIAN_POINT('',(57.437260192048,-18.0313525518,
    80.059437303657));
#2160 = VECTOR('',#2161,1.);
#2161 = DIRECTION('',(1.061773213019E-15,0.,1.));
#2162 = PCURVE('',#1804,#2163);
#2163 = DEFINITIONAL_REPRESENTATION('',(#2164),#2168);
#2164 = LINE('',#2165,#2166);
#2165 = CARTESIAN_POINT('',(-3.14159265359,0.));
#2166 = VECTOR('',#2167,1.);
#2167 = DIRECTION('',(0.,-1.));
#2168 = ( GEOMETRIC_REPRESENTATION_CONTEXT(2) 
PARAMETRIC_REPRESENTATION_CONTEXT() REPRESENTATION_CONTEXT('2D SPACE',''
  ) );
#2169 = PCURVE('',#1804,#2170);
#2170 = DEFINITIONAL_REPRESENTATION('',(#2171),#2175);
#2171 = LINE('',#2172,#2173);
#2172 = CARTESIAN_POINT('',(3.14159265359,0.));
#2173 = VECTOR('',#2174,1.);
#2174 = DIRECTION('',(0.,-1.));
#2175 = ( GEOMETRIC_REPRESENTATION_CONTEXT(2) 
PARAMETRIC_REPRESENTATION_CONTEXT() REPRESENTATION_CONTEXT('2D SPACE',''
  ) );
#2176 = ORIENTED_EDGE('',*,*,#1783,.F.);
#2177 = ORIENTED_EDGE('',*,*,#2156,.F.);
#2178 = ORIENTED_EDGE('',*,*,#2040,.T.);
#2179 = ADVANCED_FACE('',(#2180),#1839,.F.);
#2180 = FACE_BOUND('',#2181,.F.);
#2181 = EDGE_LOOP('',(#2182,#2203,#2204,#2205));
#2182 = ORIENTED_EDGE('',*,*,#2183,.T.);
#2183 = EDGE_CURVE('',#2011,#1819,#2184,.T.);
#2184 = SEAM_CURVE('',#2185,(#2189,#2196),.PCURVE_S1.);
#2185 = LINE('',#2186,#2187);
#2186 = CARTESIAN_POINT('',(57.437260192048,-29.03135271571,
    80.059437303657));
#2187 = VECTOR('',#2188,1.);
#2188 = DIRECTION('',(1.061773213019E-15,0.,1.));
#2189 = PCURVE('',#1839,#2190);
#2190 = DEFINITIONAL_REPRESENTATION('',(#2191),#2195);
#2191 = LINE('',#2192,#2193);
#2192 = CARTESIAN_POINT('',(-3.14159265359,0.));
#2193 = VECTOR('',#2194,1.);
#2194 = DIRECTION('',(0.,-1.));
#2195 = ( GEOMETRIC_REPRESENTATION_CONTEXT(2) 
PARAMETRIC_REPRESENTATION_CONTEXT() REPRESENTATION_CONTEXT('2D SPACE',''
  ) );
#2196 = PCURVE('',#1839,#2197);
#2197 = DEFINITIONAL_REPRESENTATION('',(#2198),#2202);
#2198 = LINE('',#2199,#2200);
#2199 = CARTESIAN_POINT('',(3.14159265359,0.));
#2200 = VECTOR('',#2201,1.);
#2201 = DIRECTION('',(0.,-1.));
#2202 = ( GEOMETRIC_REPRESENTATION_CONTEXT(2) 
PARAMETRIC_REPRESENTATION_CONTEXT() REPRESENTATION_CONTEXT('2D SPACE',''
  ) );
#2203 = ORIENTED_EDGE('',*,*,#1818,.F.);
#2204 = ORIENTED_EDGE('',*,*,#2183,.F.);
#2205 = ORIENTED_EDGE('',*,*,#2010,.T.);
#2206 = ADVANCED_FACE('',(#2207),#1969,.F.);
#2207 = FACE_BOUND('',#2208,.F.);
#2208 = EDGE_LOOP('',(#2209,#2232,#2233,#2234));
#2209 = ORIENTED_EDGE('',*,*,#2210,.T.);
#2210 = EDGE_CURVE('',#2211,#1949,#2213,.T.);
#2211 = VERTEX_POINT('',#2212);
#2212 = CARTESIAN_POINT('',(30.437259789717,-18.0313525518,
    65.059437303657));
#2213 = SEAM_CURVE('',#2214,(#2218,#2225),.PCURVE_S1.);
#2214 = LINE('',#2215,#2216);
#2215 = CARTESIAN_POINT('',(30.437259789717,-18.0313525518,
    80.059437303657));
#2216 = VECTOR('',#2217,1.);
#2217 = DIRECTION('',(1.061773213019E-15,0.,1.));
#2218 = PCURVE('',#1969,#2219);
#2219 = DEFINITIONAL_REPRESENTATION('',(#2220),#2224);
#2220 = LINE('',#2221,#2222);
#2221 = CARTESIAN_POINT('',(-3.14159265359,0.));
#2222 = VECTOR('',#2223,1.);
#2223 = DIRECTION('',(0.,-1.));
#2224 = ( GEOMETRIC_REPRESENTATION_CONTEXT(2) 
PARAMETRIC_REPRESENTATION_CONTEXT() REPRESENTATION_CONTEXT('2D SPACE',''
  ) );
#2225 = PCURVE('',#1969,#2226);
#2226 = DEFINITIONAL_REPRESENTATION('',(#2227),#2231);
#2227 = LINE('',#2228,#2229);
#2228 = CARTESIAN_POINT('',(3.14159265359,0.));
#2229 = VECTOR('',#2230,1.);
#2230 = DIRECTION('',(0.,-1.));
#2231 = ( GEOMETRIC_REPRESENTATION_CONTEXT(2) 
PARAMETRIC_REPRESENTATION_CONTEXT() REPRESENTATION_CONTEXT('2D SPACE',''
  ) );
#2232 = ORIENTED_EDGE('',*,*,#1948,.F.);
#2233 = ORIENTED_EDGE('',*,*,#2210,.F.);
#2234 = ORIENTED_EDGE('',*,*,#2235,.T.);
#2235 = EDGE_CURVE('',#2211,#2211,#2236,.T.);
#2236 = SURFACE_CURVE('',#2237,(#2242,#2249),.PCURVE_S1.);
#2237 = CIRCLE('',#2238,1.5);
#2238 = AXIS2_PLACEMENT_3D('',#2239,#2240,#2241);
#2239 = CARTESIAN_POINT('',(31.937259789717,-18.0313525518,
    65.059437303657));
#2240 = DIRECTION('',(1.209723642171E-15,-2.77568255201E-17,1.));
#2241 = DIRECTION('',(1.,9.860761315263E-32,-1.209723642171E-15));
#2242 = PCURVE('',#1969,#2243);
#2243 = DEFINITIONAL_REPRESENTATION('',(#2244),#2248);
#2244 = LINE('',#2245,#2246);
#2245 = CARTESIAN_POINT('',(6.28318530718,15.));
#2246 = VECTOR('',#2247,1.);
#2247 = DIRECTION('',(-1.,0.));
#2248 = ( GEOMETRIC_REPRESENTATION_CONTEXT(2) 
PARAMETRIC_REPRESENTATION_CONTEXT() REPRESENTATION_CONTEXT('2D SPACE',''
  ) );
#2249 = PCURVE('',#608,#2250);
#2250 = DEFINITIONAL_REPRESENTATION('',(#2251),#2259);
#2251 = ( BOUNDED_CURVE() B_SPLINE_CURVE(2,(#2252,#2253,#2254,#2255,
#2256,#2257,#2258),.UNSPECIFIED.,.T.,.F.) B_SPLINE_CURVE_WITH_KNOTS((1,2
    ,2,2,2,1),(-2.094395102393,0.,2.094395102393,4.188790204786,
6.28318530718,8.377580409573),.UNSPECIFIED.) CURVE() 
GEOMETRIC_REPRESENTATION_ITEM() RATIONAL_B_SPLINE_CURVE((1.,0.5,1.,0.5,
1.,0.5,1.)) REPRESENTATION_ITEM('') );
#2252 = CARTESIAN_POINT('',(-11.61943327335,-5.196513933675));
#2253 = CARTESIAN_POINT('',(-11.61943327335,-7.794590145028));
#2254 = CARTESIAN_POINT('',(-13.86943327335,-6.495552039351));
#2255 = CARTESIAN_POINT('',(-16.11943327335,-5.196513933675));
#2256 = CARTESIAN_POINT('',(-13.86943327335,-3.897475827998));
#2257 = CARTESIAN_POINT('',(-11.61943327335,-2.598437722321));
#2258 = CARTESIAN_POINT('',(-11.61943327335,-5.196513933675));
#2259 = ( GEOMETRIC_REPRESENTATION_CONTEXT(2) 
PARAMETRIC_REPRESENTATION_CONTEXT() REPRESENTATION_CONTEXT('2D SPACE',''
  ) );
#2260 = ADVANCED_FACE('',(#2261),#826,.F.);
#2261 = FACE_BOUND('',#2262,.F.);
#2262 = EDGE_LOOP('',(#2263,#2284,#2285,#2286));
#2263 = ORIENTED_EDGE('',*,*,#2264,.T.);
#2264 = EDGE_CURVE('',#806,#1854,#2265,.T.);
#2265 = SEAM_CURVE('',#2266,(#2270,#2277),.PCURVE_S1.);
#2266 = LINE('',#2267,#2268);
#2267 = CARTESIAN_POINT('',(43.437259983432,-18.0313525518,
    80.059437303657));
#2268 = VECTOR('',#2269,1.);
#2269 = DIRECTION('',(1.061773213019E-15,0.,1.));
#2270 = PCURVE('',#826,#2271);
#2271 = DEFINITIONAL_REPRESENTATION('',(#2272),#2276);
#2272 = LINE('',#2273,#2274);
#2273 = CARTESIAN_POINT('',(-3.14159265359,0.));
#2274 = VECTOR('',#2275,1.);
#2275 = DIRECTION('',(0.,-1.));
#2276 = ( GEOMETRIC_REPRESENTATION_CONTEXT(2) 
PARAMETRIC_REPRESENTATION_CONTEXT() REPRESENTATION_CONTEXT('2D SPACE',''
  ) );
#2277 = PCURVE('',#826,#2278);
#2278 = DEFINITIONAL_REPRESENTATION('',(#2279),#2283);
#2279 = LINE('',#2280,#2281);
#2280 = CARTESIAN_POINT('',(3.14159265359,0.));
#2281 = VECTOR('',#2282,1.);
#2282 = DIRECTION('',(0.,-1.));
#2283 = ( GEOMETRIC_REPRESENTATION_CONTEXT(2) 
PARAMETRIC_REPRESENTATION_CONTEXT() REPRESENTATION_CONTEXT('2D SPACE',''
  ) );
#2284 = ORIENTED_EDGE('',*,*,#1853,.F.);
#2285 = ORIENTED_EDGE('',*,*,#2264,.F.);
#2286 = ORIENTED_EDGE('',*,*,#805,.T.);
#2287 = ADVANCED_FACE('',(#2288),#580,.T.);
#2288 = FACE_BOUND('',#2289,.T.);
#2289 = EDGE_LOOP('',(#2290,#2291,#2292,#2293,#2314));
#2290 = ORIENTED_EDGE('',*,*,#1738,.F.);
#2291 = ORIENTED_EDGE('',*,*,#1555,.T.);
#2292 = ORIENTED_EDGE('',*,*,#1381,.F.);
#2293 = ORIENTED_EDGE('',*,*,#2294,.F.);
#2294 = EDGE_CURVE('',#565,#1382,#2295,.T.);
#2295 = SURFACE_CURVE('',#2296,(#2300,#2307),.PCURVE_S1.);
#2296 = LINE('',#2297,#2298);
#2297 = CARTESIAN_POINT('',(25.190693063069,-12.10266648547,
    65.059437303657));
#2298 = VECTOR('',#2299,1.);
#2299 = DIRECTION('',(-6.502952508934E-32,1.,2.77568255201E-17));
#2300 = PCURVE('',#580,#2301);
#2301 = DEFINITIONAL_REPRESENTATION('',(#2302),#2306);
#2302 = LINE('',#2303,#2304);
#2303 = CARTESIAN_POINT('',(20.6502,15.));
#2304 = VECTOR('',#2305,1.);
#2305 = DIRECTION('',(1.,0.));
#2306 = ( GEOMETRIC_REPRESENTATION_CONTEXT(2) 
PARAMETRIC_REPRESENTATION_CONTEXT() REPRESENTATION_CONTEXT('2D SPACE',''
  ) );
#2307 = PCURVE('',#608,#2308);
#2308 = DEFINITIONAL_REPRESENTATION('',(#2309),#2313);
#2309 = LINE('',#2310,#2311);
#2310 = CARTESIAN_POINT('',(-19.86599999999,-11.1252));
#2311 = VECTOR('',#2312,1.);
#2312 = DIRECTION('',(2.189528850508E-47,-1.));
#2313 = ( GEOMETRIC_REPRESENTATION_CONTEXT(2) 
PARAMETRIC_REPRESENTATION_CONTEXT() REPRESENTATION_CONTEXT('2D SPACE',''
  ) );
#2314 = ORIENTED_EDGE('',*,*,#564,.F.);
#2315 = ADVANCED_FACE('',(#2316),#524,.T.);
#2316 = FACE_BOUND('',#2317,.T.);
#2317 = EDGE_LOOP('',(#2318,#2319,#2320,#2321,#2322));
#2318 = ORIENTED_EDGE('',*,*,#1760,.T.);
#2319 = ORIENTED_EDGE('',*,*,#508,.T.);
#2320 = ORIENTED_EDGE('',*,*,#1986,.T.);
#2321 = ORIENTED_EDGE('',*,*,#1329,.F.);
#2322 = ORIENTED_EDGE('',*,*,#1601,.F.);
#2323 = ADVANCED_FACE('',(#2324,#2330,#2333),#608,.T.);
#2324 = FACE_BOUND('',#2325,.T.);
#2325 = EDGE_LOOP('',(#2326,#2327,#2328,#2329));
#2326 = ORIENTED_EDGE('',*,*,#1626,.F.);
#2327 = ORIENTED_EDGE('',*,*,#592,.T.);
#2328 = ORIENTED_EDGE('',*,*,#2294,.T.);
#2329 = ORIENTED_EDGE('',*,*,#1405,.F.);
#2330 = FACE_BOUND('',#2331,.T.);
#2331 = EDGE_LOOP('',(#2332));
#2332 = ORIENTED_EDGE('',*,*,#2235,.T.);
#2333 = FACE_BOUND('',#2334,.T.);
#2334 = EDGE_LOOP('',(#2335));
#2335 = ORIENTED_EDGE('',*,*,#2127,.T.);
#2336 = ( GEOMETRIC_REPRESENTATION_CONTEXT(3) 
GLOBAL_UNCERTAINTY_ASSIGNED_CONTEXT((#2340)) 
GLOBAL_UNIT_ASSIGNED_CONTEXT((#2337,#2338,#2339)) REPRESENTATION_CONTEXT
('Context #1','3D Context with UNIT and UNCERTAINTY') );
#2337 = ( LENGTH_UNIT() NAMED_UNIT(*) SI_UNIT(.MILLI.,.METRE.) );
#2338 = ( NAMED_UNIT(*) PLANE_ANGLE_UNIT() SI_UNIT($,.RADIAN.) );
#2339 = ( NAMED_UNIT(*) SI_UNIT($,.STERADIAN.) SOLID_ANGLE_UNIT() );
#2340 = UNCERTAINTY_MEASURE_WITH_UNIT(LENGTH_MEASURE(1.E-04),#2337,
  'distance_accuracy_value','confusion accuracy');
#2341 = PRODUCT_RELATED_PRODUCT_CATEGORY('part',$,(#7));
ENDSEC;
END-ISO-10303-21;
