ISO-10303-21;
HEADER;
FILE_DESCRIPTION(('Open CASCADE Model'),'2;1');
FILE_NAME('Open CASCADE Shape Model','2026-08-13T22:16:40',('Author'),(
    'Open CASCADE'),'Open CASCADE STEP processor 7.9','Open CASCADE 7.9'
  ,'Unknown');
FILE_SCHEMA(('AUTOMOTIVE_DESIGN { 1 0 10303 214 1 1 1 1 }'));
ENDSEC;
DATA;
#1 = APPLICATION_PROTOCOL_DEFINITION('international standard',
  'automotive_design',2000,#2);
#2 = APPLICATION_CONTEXT(
  'core data for automotive mechanical design processes');
#3 = SHAPE_DEFINITION_REPRESENTATION(#4,#10);
#4 = PRODUCT_DEFINITION_SHAPE('','',#5);
#5 = PRODUCT_DEFINITION('design','',#6,#9);
#6 = PRODUCT_DEFINITION_FORMATION('','',#7);
#7 = PRODUCT('Open CASCADE STEP translator 7.9 99',
  'Open CASCADE STEP translator 7.9 99','',(#8));
#8 = PRODUCT_CONTEXT('',#2,'mechanical');
#9 = PRODUCT_DEFINITION_CONTEXT('part definition',#2,'design');
#10 = ADVANCED_BREP_SHAPE_REPRESENTATION('',(#11,#15),#4613);
#11 = AXIS2_PLACEMENT_3D('',#12,#13,#14);
#12 = CARTESIAN_POINT('',(0.,0.,0.));
#13 = DIRECTION('',(0.,0.,1.));
#14 = DIRECTION('',(1.,0.,-0.));
#15 = MANIFOLD_SOLID_BREP('',#16);
#16 = CLOSED_SHELL('',(#17,#58,#819,#949,#1227,#1303,#1379,#1516,#1642,
    #1792,#1955,#2135,#2247,#2725,#3153,#3224,#3271,#3299,#3326,#3353,
    #3380,#3507,#3557,#3586,#3677,#3792,#3878,#3954,#4030,#4111,#4158,
    #4167,#4305,#4387,#4414,#4453,#4483,#4512,#4522,#4549,#4599,#4606));
#17 = ADVANCED_FACE('',(#18),#31,.F.);
#18 = FACE_BOUND('',#19,.T.);
#19 = EDGE_LOOP('',(#20));
#20 = ORIENTED_EDGE('',*,*,#21,.T.);
#21 = EDGE_CURVE('',#22,#22,#24,.T.);
#22 = VERTEX_POINT('',#23);
#23 = CARTESIAN_POINT('',(38.,-6.26,28.431413836785));
#24 = SURFACE_CURVE('',#25,(#30,#46),.PCURVE_S1.);
#25 = CIRCLE('',#26,6.26);
#26 = AXIS2_PLACEMENT_3D('',#27,#28,#29);
#27 = CARTESIAN_POINT('',(38.,8.437694987151E-15,28.431413836785));
#28 = DIRECTION('',(-1.,-2.22044604925E-16,0.));
#29 = DIRECTION('',(-2.22044604925E-16,1.,0.));
#30 = PCURVE('',#31,#36);
#31 = PLANE('',#32);
#32 = AXIS2_PLACEMENT_3D('',#33,#34,#35);
#33 = CARTESIAN_POINT('',(38.,8.437694987151E-15,28.431413836785));
#34 = DIRECTION('',(1.,2.22044604925E-16,0.));
#35 = DIRECTION('',(-2.22044604925E-16,1.,0.));
#36 = DEFINITIONAL_REPRESENTATION('',(#37),#45);
#37 = ( BOUNDED_CURVE() B_SPLINE_CURVE(2,(#38,#39,#40,#41,#42,#43,#44),
.UNSPECIFIED.,.T.,.F.) B_SPLINE_CURVE_WITH_KNOTS((1,2,2,2,2,1),(
    -2.094395102393,0.,2.094395102393,4.188790204786,6.28318530718,
8.377580409573),.UNSPECIFIED.) CURVE() GEOMETRIC_REPRESENTATION_ITEM() 
RATIONAL_B_SPLINE_CURVE((1.,0.5,1.,0.5,1.,0.5,1.)) REPRESENTATION_ITEM(
  '') );
#38 = CARTESIAN_POINT('',(6.26,0.));
#39 = CARTESIAN_POINT('',(6.26,-10.84263805538));
#40 = CARTESIAN_POINT('',(-3.13,-5.421319027691));
#41 = CARTESIAN_POINT('',(-12.52,-1.533257792532E-15));
#42 = CARTESIAN_POINT('',(-3.13,5.421319027691));
#43 = CARTESIAN_POINT('',(6.26,10.842638055381));
#44 = CARTESIAN_POINT('',(6.26,0.));
#45 = ( GEOMETRIC_REPRESENTATION_CONTEXT(2) 
PARAMETRIC_REPRESENTATION_CONTEXT() REPRESENTATION_CONTEXT('2D SPACE',''
  ) );
#46 = PCURVE('',#47,#52);
#47 = CYLINDRICAL_SURFACE('',#48,6.26);
#48 = AXIS2_PLACEMENT_3D('',#49,#50,#51);
#49 = CARTESIAN_POINT('',(16.,3.552713678801E-15,28.431413836785));
#50 = DIRECTION('',(1.,2.22044604925E-16,0.));
#51 = DIRECTION('',(-2.22044604925E-16,1.,0.));
#52 = DEFINITIONAL_REPRESENTATION('',(#53),#57);
#53 = LINE('',#54,#55);
#54 = CARTESIAN_POINT('',(6.28318530718,22.));
#55 = VECTOR('',#56,1.);
#56 = DIRECTION('',(-1.,0.));
#57 = ( GEOMETRIC_REPRESENTATION_CONTEXT(2) 
PARAMETRIC_REPRESENTATION_CONTEXT() REPRESENTATION_CONTEXT('2D SPACE',''
  ) );
#58 = ADVANCED_FACE('',(#59,#306,#565),#47,.T.);
#59 = FACE_BOUND('',#60,.T.);
#60 = EDGE_LOOP('',(#61,#96,#124,#229,#257,#283,#304,#305));
#61 = ORIENTED_EDGE('',*,*,#62,.T.);
#62 = EDGE_CURVE('',#63,#65,#67,.T.);
#63 = VERTEX_POINT('',#64);
#64 = CARTESIAN_POINT('',(56.,-6.26,28.431413836785));
#65 = VERTEX_POINT('',#66);
#66 = CARTESIAN_POINT('',(56.,2.182942726188,22.564356562974));
#67 = SURFACE_CURVE('',#68,(#73,#80),.PCURVE_S1.);
#68 = CIRCLE('',#69,6.26);
#69 = AXIS2_PLACEMENT_3D('',#70,#71,#72);
#70 = CARTESIAN_POINT('',(56.,1.24344978758E-14,28.431413836785));
#71 = DIRECTION('',(-1.,-2.22044604925E-16,0.));
#72 = DIRECTION('',(-2.22044604925E-16,1.,0.));
#73 = PCURVE('',#47,#74);
#74 = DEFINITIONAL_REPRESENTATION('',(#75),#79);
#75 = LINE('',#76,#77);
#76 = CARTESIAN_POINT('',(6.28318530718,40.));
#77 = VECTOR('',#78,1.);
#78 = DIRECTION('',(-1.,0.));
#79 = ( GEOMETRIC_REPRESENTATION_CONTEXT(2) 
PARAMETRIC_REPRESENTATION_CONTEXT() REPRESENTATION_CONTEXT('2D SPACE',''
  ) );
#80 = PCURVE('',#81,#86);
#81 = PLANE('',#82);
#82 = AXIS2_PLACEMENT_3D('',#83,#84,#85);
#83 = CARTESIAN_POINT('',(56.,1.24344978758E-14,28.431413836785));
#84 = DIRECTION('',(1.,2.22044604925E-16,0.));
#85 = DIRECTION('',(-2.22044604925E-16,1.,0.));
#86 = DEFINITIONAL_REPRESENTATION('',(#87),#95);
#87 = ( BOUNDED_CURVE() B_SPLINE_CURVE(2,(#88,#89,#90,#91,#92,#93,#94),
.UNSPECIFIED.,.T.,.F.) B_SPLINE_CURVE_WITH_KNOTS((1,2,2,2,2,1),(
    -2.094395102393,0.,2.094395102393,4.188790204786,6.28318530718,
8.377580409573),.UNSPECIFIED.) CURVE() GEOMETRIC_REPRESENTATION_ITEM() 
RATIONAL_B_SPLINE_CURVE((1.,0.5,1.,0.5,1.,0.5,1.)) REPRESENTATION_ITEM(
  '') );
#88 = CARTESIAN_POINT('',(6.26,0.));
#89 = CARTESIAN_POINT('',(6.26,-10.84263805538));
#90 = CARTESIAN_POINT('',(-3.13,-5.421319027691));
#91 = CARTESIAN_POINT('',(-12.52,-1.533257792532E-15));
#92 = CARTESIAN_POINT('',(-3.13,5.421319027691));
#93 = CARTESIAN_POINT('',(6.26,10.842638055381));
#94 = CARTESIAN_POINT('',(6.26,0.));
#95 = ( GEOMETRIC_REPRESENTATION_CONTEXT(2) 
PARAMETRIC_REPRESENTATION_CONTEXT() REPRESENTATION_CONTEXT('2D SPACE',''
  ) );
#96 = ORIENTED_EDGE('',*,*,#97,.T.);
#97 = EDGE_CURVE('',#65,#98,#100,.T.);
#98 = VERTEX_POINT('',#99);
#99 = CARTESIAN_POINT('',(56.481476268309,2.182942726195,22.56435656298)
  );
#100 = SURFACE_CURVE('',#101,(#105,#112),.PCURVE_S1.);
#101 = LINE('',#102,#103);
#102 = CARTESIAN_POINT('',(16.,2.182942726189,22.564356562974));
#103 = VECTOR('',#104,1.);
#104 = DIRECTION('',(1.,2.22044604925E-16,0.));
#105 = PCURVE('',#47,#106);
#106 = DEFINITIONAL_REPRESENTATION('',(#107),#111);
#107 = LINE('',#108,#109);
#108 = CARTESIAN_POINT('',(-1.214598882125,0.));
#109 = VECTOR('',#110,1.);
#110 = DIRECTION('',(0.,1.));
#111 = ( GEOMETRIC_REPRESENTATION_CONTEXT(2) 
PARAMETRIC_REPRESENTATION_CONTEXT() REPRESENTATION_CONTEXT('2D SPACE',''
  ) );
#112 = PCURVE('',#113,#118);
#113 = PLANE('',#114);
#114 = AXIS2_PLACEMENT_3D('',#115,#116,#117);
#115 = CARTESIAN_POINT('',(56.,4.025,24.406413836785));
#116 = DIRECTION('',(-1.570092458684E-16,0.707106781187,-0.707106781187)
  );
#117 = DIRECTION('',(1.570092458684E-16,-0.707106781187,-0.707106781187)
  );
#118 = DEFINITIONAL_REPRESENTATION('',(#119),#123);
#119 = LINE('',#120,#121);
#120 = CARTESIAN_POINT('',(2.605062379292,40.));
#121 = VECTOR('',#122,1.);
#122 = DIRECTION('',(3.944304526105E-31,-1.));
#123 = ( GEOMETRIC_REPRESENTATION_CONTEXT(2) 
PARAMETRIC_REPRESENTATION_CONTEXT() REPRESENTATION_CONTEXT('2D SPACE',''
  ) );
#124 = ORIENTED_EDGE('',*,*,#125,.T.);
#125 = EDGE_CURVE('',#98,#126,#128,.T.);
#126 = VERTEX_POINT('',#127);
#127 = CARTESIAN_POINT('',(56.481476268305,-2.182942726191,
    22.564356562976));
#128 = SURFACE_CURVE('',#129,(#142,#171),.PCURVE_S1.);
#129 = B_SPLINE_CURVE_WITH_KNOTS('',3,(#130,#131,#132,#133,#134,#135,
    #136,#137,#138,#139,#140,#141),.UNSPECIFIED.,.F.,.F.,(4,2,2,2,2,4),(
    -2.586527898512,-2.488136341925,-2.152948011171,-1.471552630383,
    -1.216121312129,-1.171010590784),.UNSPECIFIED.);
#130 = CARTESIAN_POINT('',(56.481476268307,2.182942726196,
    22.564356562977));
#131 = CARTESIAN_POINT('',(56.452914151511,2.09602595107,22.532017635097
    ));
#132 = CARTESIAN_POINT('',(56.429852088215,2.006897932775,22.50107057948
    ));
#133 = CARTESIAN_POINT('',(56.345180938137,1.608686829929,
    22.373006687863));
#134 = CARTESIAN_POINT('',(56.312578511263,1.23130025176,22.278509224711
    ));
#135 = CARTESIAN_POINT('',(56.25845010917,-6.847205891992E-02,
    22.110447956633));
#136 = CARTESIAN_POINT('',(56.278427384332,-0.864373090536,
    22.203170361729));
#137 = CARTESIAN_POINT('',(56.361249114822,-1.656554892724,
    22.390496060428));
#138 = CARTESIAN_POINT('',(56.393676952673,-1.874154055437,
    22.454685853961));
#139 = CARTESIAN_POINT('',(56.459355420293,-2.112554476456,
    22.538523850528));
#140 = CARTESIAN_POINT('',(56.46997635844,-2.147947593061,
    22.551336002965));
#141 = CARTESIAN_POINT('',(56.481476268305,-2.182942726191,
    22.564356562975));
#142 = PCURVE('',#47,#143);
#143 = DEFINITIONAL_REPRESENTATION('',(#144),#170);
#144 = B_SPLINE_CURVE_WITH_KNOTS('',3,(#145,#146,#147,#148,#149,#150,
    #151,#152,#153,#154,#155,#156,#157,#158,#159,#160,#161,#162,#163,
    #164,#165,#166,#167,#168,#169),.UNSPECIFIED.,.F.,.F.,(4,1,1,1,1,1,1,
    1,1,1,1,1,1,1,1,1,1,1,1,1,1,1,4),(-2.586527898512,-2.522186202706,
    -2.4578445069,-2.393502811094,-2.329161115289,-2.264819419483,
    -2.200477723677,-2.136136027871,-2.071794332065,-2.007452636259,
    -1.943110940454,-1.878769244648,-1.814427548842,-1.750085853036,
    -1.68574415723,-1.621402461424,-1.557060765619,-1.492719069813,
    -1.428377374007,-1.364035678201,-1.299693982395,-1.235352286589,
    -1.171010590784),.QUASI_UNIFORM_KNOTS.);
#145 = CARTESIAN_POINT('',(-1.214598882124,40.481476268307));
#146 = CARTESIAN_POINT('',(-1.224424261583,40.462730176752));
#147 = CARTESIAN_POINT('',(-1.243855968345,40.430155135207));
#148 = CARTESIAN_POINT('',(-1.27352453029,40.392583099047));
#149 = CARTESIAN_POINT('',(-1.305449348332,40.361609960994));
#150 = CARTESIAN_POINT('',(-1.339415840662,40.336851646272));
#151 = CARTESIAN_POINT('',(-1.37533830863,40.317438415903));
#152 = CARTESIAN_POINT('',(-1.412935955793,40.302624648665));
#153 = CARTESIAN_POINT('',(-1.45266201392,40.291653916514));
#154 = CARTESIAN_POINT('',(-1.491815989849,40.283649459274));
#155 = CARTESIAN_POINT('',(-1.529982670962,40.278558782906));
#156 = CARTESIAN_POINT('',(-1.567211623397,40.276293495491));
#157 = CARTESIAN_POINT('',(-1.603412031457,40.276774829343));
#158 = CARTESIAN_POINT('',(-1.63851666391,40.279921417732));
#159 = CARTESIAN_POINT('',(-1.672439375273,40.285652665866));
#160 = CARTESIAN_POINT('',(-1.705089225766,40.293887490251));
#161 = CARTESIAN_POINT('',(-1.736364225505,40.304545990256));
#162 = CARTESIAN_POINT('',(-1.766169329455,40.317544022501));
#163 = CARTESIAN_POINT('',(-1.794356905907,40.332813231741));
#164 = CARTESIAN_POINT('',(-1.820951916641,40.350226352944));
#165 = CARTESIAN_POINT('',(-1.848004671331,40.372446757538));
#166 = CARTESIAN_POINT('',(-1.874830260643,40.400546371156));
#167 = CARTESIAN_POINT('',(-1.901276032528,40.435837044593));
#168 = CARTESIAN_POINT('',(-1.918509372219,40.465141576379));
#169 = CARTESIAN_POINT('',(-1.926993771465,40.481476268305));
#170 = ( GEOMETRIC_REPRESENTATION_CONTEXT(2) 
PARAMETRIC_REPRESENTATION_CONTEXT() REPRESENTATION_CONTEXT('2D SPACE',''
  ) );
#171 = PCURVE('',#172,#201);
#172 = B_SPLINE_SURFACE_WITH_KNOTS('',3,3,(
    (#173,#174,#175,#176,#177,#178,#179)
    ,(#180,#181,#182,#183,#184,#185,#186)
    ,(#187,#188,#189,#190,#191,#192,#193)
    ,(#194,#195,#196,#197,#198,#199,#200
    )),.UNSPECIFIED.,.F.,.F.,.F.,(4,4),(4,1,1,1,4),(3.380368029845E-02,
    1.),(-5.985377797583,-5.599792104753,-5.214206411924,-5.021413565509
    ,-4.63582787268),.UNSPECIFIED.);
#173 = CARTESIAN_POINT('',(56.179472619314,1.942464630248,
    22.395460018525));
#174 = CARTESIAN_POINT('',(56.204478315282,1.651884512887,
    22.322430983055));
#175 = CARTESIAN_POINT('',(56.238904959249,0.937811938393,22.17883819713
    ));
#176 = CARTESIAN_POINT('',(56.247038075046,-0.108893662578,
    22.135738630795));
#177 = CARTESIAN_POINT('',(56.230364447887,-1.11680947933,22.21602056282
    ));
#178 = CARTESIAN_POINT('',(56.204383688627,-1.652984127329,
    22.322707339823));
#179 = CARTESIAN_POINT('',(56.179472619315,-1.942464630245,
    22.395460018524));
#180 = CARTESIAN_POINT('',(57.895233123097,3.308682622743,
    23.387568932294));
#181 = CARTESIAN_POINT('',(58.159523553429,2.787310430001,
    23.361897732208));
#182 = CARTESIAN_POINT('',(58.523888367864,1.550686980021,
    23.310976664393));
#183 = CARTESIAN_POINT('',(58.610028178726,-0.178201498529,
    23.295695924639));
#184 = CARTESIAN_POINT('',(58.433496217624,-1.860396213623,
    23.324142932289));
#185 = CARTESIAN_POINT('',(58.158523424525,-2.789283408737,
    23.361994877266));
#186 = CARTESIAN_POINT('',(57.8952331231,-3.308682622738,23.387568932294
    ));
#187 = CARTESIAN_POINT('',(59.777352463156,4.807368074905,
    23.906413836785));
#188 = CARTESIAN_POINT('',(60.313006895582,4.039790874582,
    23.906571272353));
#189 = CARTESIAN_POINT('',(61.064997629151,2.235276000708,
    23.906722925345));
#190 = CARTESIAN_POINT('',(61.246251485766,-0.256107574956,
    23.906874729617));
#191 = CARTESIAN_POINT('',(60.877837614006,-2.687151950039,
    23.906646149869));
#192 = CARTESIAN_POINT('',(60.310979869935,-4.042695543293,
    23.906570676584));
#193 = CARTESIAN_POINT('',(59.777352463161,-4.807368074897,
    23.906413836785));
#194 = CARTESIAN_POINT('',(61.660485112002,6.306860399991,
    23.906413836785));
#195 = CARTESIAN_POINT('',(62.467783788427,5.293016934764,
    23.906413836785));
#196 = CARTESIAN_POINT('',(63.607956625691,2.920413912922,
    23.906413836785));
#197 = CARTESIAN_POINT('',(63.884537471205,-0.334070794833,
    23.906413836785));
#198 = CARTESIAN_POINT('',(63.323872551781,-3.51452290702,
    23.906413836785));
#199 = CARTESIAN_POINT('',(62.464728805544,-5.29685352526,
    23.906413836785));
#200 = CARTESIAN_POINT('',(61.66048511201,-6.306860399981,
    23.906413836785));
#201 = DEFINITIONAL_REPRESENTATION('',(#202),#228);
#202 = B_SPLINE_CURVE_WITH_KNOTS('',3,(#203,#204,#205,#206,#207,#208,
    #209,#210,#211,#212,#213,#214,#215,#216,#217,#218,#219,#220,#221,
    #222,#223,#224,#225,#226,#227),.UNSPECIFIED.,.F.,.F.,(4,1,1,1,1,1,1,
    1,1,1,1,1,1,1,1,1,1,1,1,1,1,1,4),(-2.586527898512,-2.522186202706,
    -2.4578445069,-2.393502811094,-2.329161115289,-2.264819419483,
    -2.200477723677,-2.136136027871,-2.071794332065,-2.007452636259,
    -1.943110940454,-1.878769244648,-1.814427548842,-1.750085853036,
    -1.68574415723,-1.621402461424,-1.557060765619,-1.492719069813,
    -1.428377374007,-1.364035678201,-1.299693982395,-1.235352286589,
    -1.171010590784),.QUASI_UNIFORM_KNOTS.);
#203 = CARTESIAN_POINT('',(9.018388911611E-02,-5.985377800626));
#204 = CARTESIAN_POINT('',(8.532363632032E-02,-5.971073231593));
#205 = CARTESIAN_POINT('',(7.682780435569E-02,-5.940503988242));
#206 = CARTESIAN_POINT('',(6.697677371203E-02,-5.888328423141));
#207 = CARTESIAN_POINT('',(5.896749175028E-02,-5.828612294818));
#208 = CARTESIAN_POINT('',(5.269281750235E-02,-5.762857916378));
#209 = CARTESIAN_POINT('',(4.787495977548E-02,-5.692316859801));
#210 = CARTESIAN_POINT('',(4.427038699521E-02,-5.618284044097));
#211 = CARTESIAN_POINT('',(4.162509783002E-02,-5.540359150426));
#212 = CARTESIAN_POINT('',(3.984635963513E-02,-5.464001148608));
#213 = CARTESIAN_POINT('',(3.881402558871E-02,-5.389851679744));
#214 = CARTESIAN_POINT('',(3.843212329933E-02,-5.3176624006));
#215 = CARTESIAN_POINT('',(3.863592899213E-02,-5.247462366591));
#216 = CARTESIAN_POINT('',(3.937557943001E-02,-5.179259158873));
#217 = CARTESIAN_POINT('',(4.064383347648E-02,-5.113144169266));
#218 = CARTESIAN_POINT('',(4.246752264406E-02,-5.049273295384));
#219 = CARTESIAN_POINT('',(4.487521319406E-02,-4.987885931971));
#220 = CARTESIAN_POINT('',(4.79098639747E-02,-4.929292444206));
#221 = CARTESIAN_POINT('',(5.162125138207E-02,-4.873997062679));
#222 = CARTESIAN_POINT('',(5.603757514569E-02,-4.822209574142));
#223 = CARTESIAN_POINT('',(6.176426368972E-02,-4.77047487002));
#224 = CARTESIAN_POINT('',(6.907384798128E-02,-4.720982011461));
#225 = CARTESIAN_POINT('',(7.831242400068E-02,-4.675138489144));
#226 = CARTESIAN_POINT('',(8.594720441723E-02,-4.648154086826));
#227 = CARTESIAN_POINT('',(9.018388911567E-02,-4.635827869625));
#228 = ( GEOMETRIC_REPRESENTATION_CONTEXT(2) 
PARAMETRIC_REPRESENTATION_CONTEXT() REPRESENTATION_CONTEXT('2D SPACE',''
  ) );
#229 = ORIENTED_EDGE('',*,*,#230,.T.);
#230 = EDGE_CURVE('',#126,#231,#233,.T.);
#231 = VERTEX_POINT('',#232);
#232 = CARTESIAN_POINT('',(56.,-2.182942726188,22.564356562974));
#233 = SURFACE_CURVE('',#234,(#238,#245),.PCURVE_S1.);
#234 = LINE('',#235,#236);
#235 = CARTESIAN_POINT('',(16.,-2.182942726189,22.564356562974));
#236 = VECTOR('',#237,1.);
#237 = DIRECTION('',(-1.,-2.22044604925E-16,0.));
#238 = PCURVE('',#47,#239);
#239 = DEFINITIONAL_REPRESENTATION('',(#240),#244);
#240 = LINE('',#241,#242);
#241 = CARTESIAN_POINT('',(-1.926993771465,0.));
#242 = VECTOR('',#243,1.);
#243 = DIRECTION('',(0.,-1.));
#244 = ( GEOMETRIC_REPRESENTATION_CONTEXT(2) 
PARAMETRIC_REPRESENTATION_CONTEXT() REPRESENTATION_CONTEXT('2D SPACE',''
  ) );
#245 = PCURVE('',#246,#251);
#246 = PLANE('',#247);
#247 = AXIS2_PLACEMENT_3D('',#248,#249,#250);
#248 = CARTESIAN_POINT('',(56.,-4.025,24.406413836785));
#249 = DIRECTION('',(1.570092458684E-16,-0.707106781187,-0.707106781187)
  );
#250 = DIRECTION('',(1.570092458684E-16,-0.707106781187,0.707106781187)
  );
#251 = DEFINITIONAL_REPRESENTATION('',(#252),#256);
#252 = LINE('',#253,#254);
#253 = CARTESIAN_POINT('',(-2.605062379292,40.));
#254 = VECTOR('',#255,1.);
#255 = DIRECTION('',(1.60237371373E-31,1.));
#256 = ( GEOMETRIC_REPRESENTATION_CONTEXT(2) 
PARAMETRIC_REPRESENTATION_CONTEXT() REPRESENTATION_CONTEXT('2D SPACE',''
  ) );
#257 = ORIENTED_EDGE('',*,*,#258,.T.);
#258 = EDGE_CURVE('',#231,#63,#259,.T.);
#259 = SURFACE_CURVE('',#260,(#265,#272),.PCURVE_S1.);
#260 = CIRCLE('',#261,6.26);
#261 = AXIS2_PLACEMENT_3D('',#262,#263,#264);
#262 = CARTESIAN_POINT('',(56.,1.24344978758E-14,28.431413836785));
#263 = DIRECTION('',(-1.,-2.22044604925E-16,0.));
#264 = DIRECTION('',(-2.22044604925E-16,1.,0.));
#265 = PCURVE('',#47,#266);
#266 = DEFINITIONAL_REPRESENTATION('',(#267),#271);
#267 = LINE('',#268,#269);
#268 = CARTESIAN_POINT('',(4.440892098501E-16,40.));
#269 = VECTOR('',#270,1.);
#270 = DIRECTION('',(-1.,0.));
#271 = ( GEOMETRIC_REPRESENTATION_CONTEXT(2) 
PARAMETRIC_REPRESENTATION_CONTEXT() REPRESENTATION_CONTEXT('2D SPACE',''
  ) );
#272 = PCURVE('',#81,#273);
#273 = DEFINITIONAL_REPRESENTATION('',(#274),#282);
#274 = ( BOUNDED_CURVE() B_SPLINE_CURVE(2,(#275,#276,#277,#278,#279,#280
,#281),.UNSPECIFIED.,.T.,.F.) B_SPLINE_CURVE_WITH_KNOTS((1,2,2,2,2,1),(
    -2.094395102393,0.,2.094395102393,4.188790204786,6.28318530718,
8.377580409573),.UNSPECIFIED.) CURVE() GEOMETRIC_REPRESENTATION_ITEM() 
RATIONAL_B_SPLINE_CURVE((1.,0.5,1.,0.5,1.,0.5,1.)) REPRESENTATION_ITEM(
  '') );
#275 = CARTESIAN_POINT('',(6.26,0.));
#276 = CARTESIAN_POINT('',(6.26,-10.84263805538));
#277 = CARTESIAN_POINT('',(-3.13,-5.421319027691));
#278 = CARTESIAN_POINT('',(-12.52,-1.533257792532E-15));
#279 = CARTESIAN_POINT('',(-3.13,5.421319027691));
#280 = CARTESIAN_POINT('',(6.26,10.842638055381));
#281 = CARTESIAN_POINT('',(6.26,0.));
#282 = ( GEOMETRIC_REPRESENTATION_CONTEXT(2) 
PARAMETRIC_REPRESENTATION_CONTEXT() REPRESENTATION_CONTEXT('2D SPACE',''
  ) );
#283 = ORIENTED_EDGE('',*,*,#284,.T.);
#284 = EDGE_CURVE('',#63,#22,#285,.T.);
#285 = SEAM_CURVE('',#286,(#290,#297),.PCURVE_S1.);
#286 = LINE('',#287,#288);
#287 = CARTESIAN_POINT('',(16.,-6.26,28.431413836785));
#288 = VECTOR('',#289,1.);
#289 = DIRECTION('',(-1.,-2.22044604925E-16,0.));
#290 = PCURVE('',#47,#291);
#291 = DEFINITIONAL_REPRESENTATION('',(#292),#296);
#292 = LINE('',#293,#294);
#293 = CARTESIAN_POINT('',(-3.14159265359,0.));
#294 = VECTOR('',#295,1.);
#295 = DIRECTION('',(0.,-1.));
#296 = ( GEOMETRIC_REPRESENTATION_CONTEXT(2) 
PARAMETRIC_REPRESENTATION_CONTEXT() REPRESENTATION_CONTEXT('2D SPACE',''
  ) );
#297 = PCURVE('',#47,#298);
#298 = DEFINITIONAL_REPRESENTATION('',(#299),#303);
#299 = LINE('',#300,#301);
#300 = CARTESIAN_POINT('',(3.14159265359,0.));
#301 = VECTOR('',#302,1.);
#302 = DIRECTION('',(0.,-1.));
#303 = ( GEOMETRIC_REPRESENTATION_CONTEXT(2) 
PARAMETRIC_REPRESENTATION_CONTEXT() REPRESENTATION_CONTEXT('2D SPACE',''
  ) );
#304 = ORIENTED_EDGE('',*,*,#21,.F.);
#305 = ORIENTED_EDGE('',*,*,#284,.F.);
#306 = FACE_BOUND('',#307,.T.);
#307 = EDGE_LOOP('',(#308,#441));
#308 = ORIENTED_EDGE('',*,*,#309,.F.);
#309 = EDGE_CURVE('',#310,#312,#314,.T.);
#310 = VERTEX_POINT('',#311);
#311 = CARTESIAN_POINT('',(45.007228851318,0.875,22.232867636264));
#312 = VERTEX_POINT('',#313);
#313 = CARTESIAN_POINT('',(45.007228851318,-0.875,22.232867636264));
#314 = SURFACE_CURVE('',#315,(#334,#385),.PCURVE_S1.);
#315 = B_SPLINE_CURVE_WITH_KNOTS('',3,(#316,#317,#318,#319,#320,#321,
    #322,#323,#324,#325,#326,#327,#328,#329,#330,#331,#332,#333),
  .UNSPECIFIED.,.F.,.F.,(4,2,2,2,2,2,2,2,4),(0.264052325588,
    0.297059082644,0.3300658397,0.363072164041,0.396078488382,
    0.429084812723,0.462091137064,0.49509789412,0.528104651176),
  .UNSPECIFIED.);
#316 = CARTESIAN_POINT('',(45.007228851318,0.875,22.232867636264));
#317 = CARTESIAN_POINT('',(45.117251374839,0.875,22.232867636264));
#318 = CARTESIAN_POINT('',(45.234507609845,0.852982435,22.229635843285)
  );
#319 = CARTESIAN_POINT('',(45.450046065129,0.763641017712,
    22.218002399103));
#320 = CARTESIAN_POINT('',(45.548340775641,0.696324942754,
    22.209773075739));
#321 = CARTESIAN_POINT('',(45.703552776659,0.541112941736,
    22.194356933868));
#322 = CARTESIAN_POINT('',(45.770869649465,0.442817790883,
    22.186162829946));
#323 = CARTESIAN_POINT('',(45.860211648816,0.227277836626,
    22.174610138497));
#324 = CARTESIAN_POINT('',(45.882228851318,0.110021081136,
    22.171413836785));
#325 = CARTESIAN_POINT('',(45.882228851318,-0.110021081136,
    22.171413836785));
#326 = CARTESIAN_POINT('',(45.860211648816,-0.227277836626,
    22.174610138497));
#327 = CARTESIAN_POINT('',(45.770869649465,-0.442817790883,
    22.186162829946));
#328 = CARTESIAN_POINT('',(45.703552776659,-0.541112941736,
    22.194356933868));
#329 = CARTESIAN_POINT('',(45.548340775641,-0.696324942754,
    22.209773075739));
#330 = CARTESIAN_POINT('',(45.450046065129,-0.763641017712,
    22.218002399103));
#331 = CARTESIAN_POINT('',(45.234507609845,-0.852982435,22.229635843285)
  );
#332 = CARTESIAN_POINT('',(45.117251374839,-0.875,22.232867636264));
#333 = CARTESIAN_POINT('',(45.007228851318,-0.875,22.232867636264));
#334 = PCURVE('',#47,#335);
#335 = DEFINITIONAL_REPRESENTATION('',(#336),#384);
#336 = B_SPLINE_CURVE_WITH_KNOTS('',3,(#337,#338,#339,#340,#341,#342,
    #343,#344,#345,#346,#347,#348,#349,#350,#351,#352,#353,#354,#355,
    #356,#357,#358,#359,#360,#361,#362,#363,#364,#365,#366,#367,#368,
    #369,#370,#371,#372,#373,#374,#375,#376,#377,#378,#379,#380,#381,
    #382,#383),.UNSPECIFIED.,.F.,.F.,(4,1,1,1,1,1,1,1,1,1,1,1,1,1,1,1,1,
    1,1,1,1,1,1,1,1,1,1,1,1,1,1,1,1,1,1,1,1,1,1,1,1,1,1,1,4),(
    0.264052325588,0.270053514806,0.276054704024,0.282055893242,
    0.28805708246,0.294058271678,0.300059460895,0.306060650113,
    0.312061839331,0.318063028549,0.324064217767,0.330065406985,
    0.336066596203,0.342067785421,0.348068974639,0.354070163857,
    0.360071353075,0.366072542292,0.37207373151,0.378074920728,
    0.384076109946,0.390077299164,0.396078488382,0.4020796776,
    0.408080866818,0.414082056036,0.420083245254,0.426084434472,
    0.432085623689,0.438086812907,0.444088002125,0.450089191343,
    0.456090380561,0.462091569779,0.468092758997,0.474093948215,
    0.480095137433,0.486096326651,0.492097515869,0.498098705086,
    0.504099894304,0.510101083522,0.51610227274,0.522103461958,
    0.528104651176),.QUASI_UNIFORM_KNOTS.);
#337 = CARTESIAN_POINT('',(-1.4305607751,29.007228851318));
#338 = CARTESIAN_POINT('',(-1.430560775958,29.027232815378));
#339 = CARTESIAN_POINT('',(-1.430795795373,29.067719013493));
#340 = CARTESIAN_POINT('',(-1.431856539511,29.129280002239));
#341 = CARTESIAN_POINT('',(-1.433628449098,29.191070080702));
#342 = CARTESIAN_POINT('',(-1.436115214755,29.252484839088));
#343 = CARTESIAN_POINT('',(-1.439317896769,29.312926582794));
#344 = CARTESIAN_POINT('',(-1.44324747215,29.371772564389));
#345 = CARTESIAN_POINT('',(-1.447867776612,29.428520209562));
#346 = CARTESIAN_POINT('',(-1.453099756759,29.482791533977));
#347 = CARTESIAN_POINT('',(-1.4588688351,29.534151723336));
#348 = CARTESIAN_POINT('',(-1.465117067684,29.582291664901));
#349 = CARTESIAN_POINT('',(-1.471716016073,29.626456269649));
#350 = CARTESIAN_POINT('',(-1.478803248331,29.66754865214));
#351 = CARTESIAN_POINT('',(-1.486523216333,29.706430887636));
#352 = CARTESIAN_POINT('',(-1.494754220901,29.742307760001));
#353 = CARTESIAN_POINT('',(-1.503446336337,29.774824159846));
#354 = CARTESIAN_POINT('',(-1.512529634358,29.803521842159));
#355 = CARTESIAN_POINT('',(-1.521943616712,29.827914997668));
#356 = CARTESIAN_POINT('',(-1.531607799194,29.847788594453));
#357 = CARTESIAN_POINT('',(-1.541425182813,29.863213345396));
#358 = CARTESIAN_POINT('',(-1.551295414381,29.874199411483));
#359 = CARTESIAN_POINT('',(-1.561143572058,29.880773184105));
#360 = CARTESIAN_POINT('',(-1.570796326795,29.882956684925));
#361 = CARTESIAN_POINT('',(-1.580449081531,29.880773184105));
#362 = CARTESIAN_POINT('',(-1.590297239209,29.874199411483));
#363 = CARTESIAN_POINT('',(-1.600167470777,29.863213345396));
#364 = CARTESIAN_POINT('',(-1.609984854396,29.847788594453));
#365 = CARTESIAN_POINT('',(-1.619649036878,29.827914997668));
#366 = CARTESIAN_POINT('',(-1.629063019231,29.803521842159));
#367 = CARTESIAN_POINT('',(-1.638146317253,29.774824159846));
#368 = CARTESIAN_POINT('',(-1.646838432689,29.742307760001));
#369 = CARTESIAN_POINT('',(-1.655069437256,29.706430887636));
#370 = CARTESIAN_POINT('',(-1.662789405259,29.66754865214));
#371 = CARTESIAN_POINT('',(-1.669876637517,29.626456269649));
#372 = CARTESIAN_POINT('',(-1.676475585906,29.582291664901));
#373 = CARTESIAN_POINT('',(-1.682723818489,29.534151723336));
#374 = CARTESIAN_POINT('',(-1.688492896831,29.482791533977));
#375 = CARTESIAN_POINT('',(-1.693724876977,29.428520209562));
#376 = CARTESIAN_POINT('',(-1.69834518144,29.371772564389));
#377 = CARTESIAN_POINT('',(-1.70227475682,29.312926582793));
#378 = CARTESIAN_POINT('',(-1.705477438834,29.252484839088));
#379 = CARTESIAN_POINT('',(-1.707964204492,29.191070080702));
#380 = CARTESIAN_POINT('',(-1.709736114079,29.129280002239));
#381 = CARTESIAN_POINT('',(-1.710796858217,29.067719013493));
#382 = CARTESIAN_POINT('',(-1.711031877632,29.027232815378));
#383 = CARTESIAN_POINT('',(-1.71103187849,29.007228851318));
#384 = ( GEOMETRIC_REPRESENTATION_CONTEXT(2) 
PARAMETRIC_REPRESENTATION_CONTEXT() REPRESENTATION_CONTEXT('2D SPACE',''
  ) );
#385 = PCURVE('',#386,#391);
#386 = CYLINDRICAL_SURFACE('',#387,0.875);
#387 = AXIS2_PLACEMENT_3D('',#388,#389,#390);
#388 = CARTESIAN_POINT('',(45.007228851318,9.534369799381E-15,
    29.531413836785));
#389 = DIRECTION('',(1.359631073447E-32,-6.123233995737E-17,1.));
#390 = DIRECTION('',(2.22044604925E-16,-1.,-6.123233995737E-17));
#391 = DEFINITIONAL_REPRESENTATION('',(#392),#440);
#392 = B_SPLINE_CURVE_WITH_KNOTS('',3,(#393,#394,#395,#396,#397,#398,
    #399,#400,#401,#402,#403,#404,#405,#406,#407,#408,#409,#410,#411,
    #412,#413,#414,#415,#416,#417,#418,#419,#420,#421,#422,#423,#424,
    #425,#426,#427,#428,#429,#430,#431,#432,#433,#434,#435,#436,#437,
    #438,#439),.UNSPECIFIED.,.F.,.F.,(4,1,1,1,1,1,1,1,1,1,1,1,1,1,1,1,1,
    1,1,1,1,1,1,1,1,1,1,1,1,1,1,1,1,1,1,1,1,1,1,1,1,1,1,1,4),(
    0.264052325588,0.270053514806,0.276054704024,0.282055893242,
    0.28805708246,0.294058271678,0.300059460895,0.306060650113,
    0.312061839331,0.318063028549,0.324064217767,0.330065406985,
    0.336066596203,0.342067785421,0.348068974639,0.354070163857,
    0.360071353075,0.366072542292,0.37207373151,0.378074920728,
    0.384076109946,0.390077299164,0.396078488382,0.4020796776,
    0.408080866818,0.414082056036,0.420083245254,0.426084434472,
    0.432085623689,0.438086812907,0.444088002125,0.450089191343,
    0.456090380561,0.462091569779,0.468092758997,0.474093948215,
    0.480095137433,0.486096326651,0.492097515869,0.498098705086,
    0.504099894304,0.510101083522,0.51610227274,0.522103461958,
    0.528104651176),.QUASI_UNIFORM_KNOTS.);
#393 = CARTESIAN_POINT('',(3.14159265359,-7.298546200522));
#394 = CARTESIAN_POINT('',(3.118732069445,-7.298546200522));
#395 = CARTESIAN_POINT('',(3.072459646246,-7.298759861051));
#396 = CARTESIAN_POINT('',(3.001735401437,-7.299698086362));
#397 = CARTESIAN_POINT('',(2.930033705924,-7.301230477543));
#398 = CARTESIAN_POINT('',(2.857692702951,-7.303334591467));
#399 = CARTESIAN_POINT('',(2.785021490502,-7.305983804508));
#400 = CARTESIAN_POINT('',(2.712274353808,-7.309167089504));
#401 = CARTESIAN_POINT('',(2.639642219859,-7.312779275601));
#402 = CARTESIAN_POINT('',(2.567364731323,-7.316710893135));
#403 = CARTESIAN_POINT('',(2.495788969904,-7.32085486408));
#404 = CARTESIAN_POINT('',(2.425097898296,-7.325114170285));
#405 = CARTESIAN_POINT('',(2.35619940494,-7.329349162452));
#406 = CARTESIAN_POINT('',(2.287301022111,-7.333580656003));
#407 = CARTESIAN_POINT('',(2.216609332622,-7.337830604489));
#408 = CARTESIAN_POINT('',(2.145032638843,-7.341960422551));
#409 = CARTESIAN_POINT('',(2.072753885689,-7.345874156334));
#410 = CARTESIAN_POINT('',(2.000120493328,-7.349465864872));
#411 = CARTESIAN_POINT('',(1.927371404482,-7.352626924142));
#412 = CARTESIAN_POINT('',(1.8547006482,-7.355255601082));
#413 = CARTESIAN_POINT('',(1.782351731803,-7.357341741838));
#414 = CARTESIAN_POINT('',(1.710674179911,-7.358859887156));
#415 = CARTESIAN_POINT('',(1.63985562084,-7.359788680262));
#416 = CARTESIAN_POINT('',(1.570796326795,-7.360105659869));
#417 = CARTESIAN_POINT('',(1.50173703275,-7.359788680262));
#418 = CARTESIAN_POINT('',(1.430918473679,-7.358859887156));
#419 = CARTESIAN_POINT('',(1.359240921787,-7.357341741838));
#420 = CARTESIAN_POINT('',(1.286892005389,-7.355255601082));
#421 = CARTESIAN_POINT('',(1.214221249108,-7.352626924142));
#422 = CARTESIAN_POINT('',(1.141472160262,-7.349465864872));
#423 = CARTESIAN_POINT('',(1.068838767901,-7.345874156334));
#424 = CARTESIAN_POINT('',(0.996560014747,-7.341960422551));
#425 = CARTESIAN_POINT('',(0.924983320968,-7.337830604489));
#426 = CARTESIAN_POINT('',(0.854291631479,-7.333580656003));
#427 = CARTESIAN_POINT('',(0.78539324865,-7.329349162452));
#428 = CARTESIAN_POINT('',(0.716494755293,-7.325114170285));
#429 = CARTESIAN_POINT('',(0.645803683686,-7.32085486408));
#430 = CARTESIAN_POINT('',(0.574227922267,-7.316710893135));
#431 = CARTESIAN_POINT('',(0.501950433731,-7.312779275601));
#432 = CARTESIAN_POINT('',(0.429318299782,-7.309167089504));
#433 = CARTESIAN_POINT('',(0.356571163088,-7.305983804508));
#434 = CARTESIAN_POINT('',(0.283899950638,-7.303334591467));
#435 = CARTESIAN_POINT('',(0.211558947666,-7.301230477543));
#436 = CARTESIAN_POINT('',(0.139857252153,-7.299698086362));
#437 = CARTESIAN_POINT('',(6.913300734415E-02,-7.298759861051));
#438 = CARTESIAN_POINT('',(2.28605841451E-02,-7.298546200522));
#439 = CARTESIAN_POINT('',(0.,-7.298546200522));
#440 = ( GEOMETRIC_REPRESENTATION_CONTEXT(2) 
PARAMETRIC_REPRESENTATION_CONTEXT() REPRESENTATION_CONTEXT('2D SPACE',''
  ) );
#441 = ORIENTED_EDGE('',*,*,#442,.F.);
#442 = EDGE_CURVE('',#312,#310,#443,.T.);
#443 = SURFACE_CURVE('',#444,(#463,#514),.PCURVE_S1.);
#444 = B_SPLINE_CURVE_WITH_KNOTS('',3,(#445,#446,#447,#448,#449,#450,
    #451,#452,#453,#454,#455,#456,#457,#458,#459,#460,#461,#462),
  .UNSPECIFIED.,.F.,.F.,(4,2,2,2,2,2,2,2,4),(0.,3.300675705608E-02,
    6.601351411215E-02,9.901983845308E-02,0.132026162794,0.165032487135,
    0.198038811476,0.231045568532,0.264052325588),.UNSPECIFIED.);
#445 = CARTESIAN_POINT('',(45.007228851318,-0.875,22.232867636264));
#446 = CARTESIAN_POINT('',(44.897206327798,-0.875,22.232867636264));
#447 = CARTESIAN_POINT('',(44.779950092792,-0.852982435,22.229635843285)
  );
#448 = CARTESIAN_POINT('',(44.564411637507,-0.763641017712,
    22.218002399103));
#449 = CARTESIAN_POINT('',(44.466116926996,-0.696324942754,
    22.209773075739));
#450 = CARTESIAN_POINT('',(44.310904925978,-0.541112941736,
    22.194356933868));
#451 = CARTESIAN_POINT('',(44.243588053172,-0.442817790883,
    22.186162829946));
#452 = CARTESIAN_POINT('',(44.154246053821,-0.227277836626,
    22.174610138497));
#453 = CARTESIAN_POINT('',(44.132228851318,-0.110021081136,
    22.171413836785));
#454 = CARTESIAN_POINT('',(44.132228851318,0.110021081136,
    22.171413836785));
#455 = CARTESIAN_POINT('',(44.154246053821,0.227277836626,
    22.174610138497));
#456 = CARTESIAN_POINT('',(44.243588053172,0.442817790883,
    22.186162829946));
#457 = CARTESIAN_POINT('',(44.310904925978,0.541112941736,
    22.194356933868));
#458 = CARTESIAN_POINT('',(44.466116926996,0.696324942754,
    22.209773075739));
#459 = CARTESIAN_POINT('',(44.564411637507,0.763641017712,
    22.218002399103));
#460 = CARTESIAN_POINT('',(44.779950092792,0.852982435,22.229635843285)
  );
#461 = CARTESIAN_POINT('',(44.897206327798,0.875,22.232867636264));
#462 = CARTESIAN_POINT('',(45.007228851318,0.875,22.232867636264));
#463 = PCURVE('',#47,#464);
#464 = DEFINITIONAL_REPRESENTATION('',(#465),#513);
#465 = B_SPLINE_CURVE_WITH_KNOTS('',3,(#466,#467,#468,#469,#470,#471,
    #472,#473,#474,#475,#476,#477,#478,#479,#480,#481,#482,#483,#484,
    #485,#486,#487,#488,#489,#490,#491,#492,#493,#494,#495,#496,#497,
    #498,#499,#500,#501,#502,#503,#504,#505,#506,#507,#508,#509,#510,
    #511,#512),.UNSPECIFIED.,.F.,.F.,(4,1,1,1,1,1,1,1,1,1,1,1,1,1,1,1,1,
    1,1,1,1,1,1,1,1,1,1,1,1,1,1,1,1,1,1,1,1,1,1,1,1,1,1,1,4),(0.,
    6.001189217909E-03,1.200237843582E-02,1.800356765373E-02,
    2.400475687164E-02,3.000594608955E-02,3.600713530746E-02,
    4.200832452537E-02,4.800951374328E-02,5.401070296118E-02,
    6.001189217909E-02,6.6013081397E-02,7.201427061491E-02,
    7.801545983282E-02,8.401664905073E-02,9.001783826864E-02,
    9.601902748655E-02,0.102020216704,0.108021405922,0.11402259514,
    0.120023784358,0.126024973576,0.132026162794,0.138027352012,
    0.14402854123,0.150029730448,0.156030919666,0.162032108884,
    0.168033298101,0.174034487319,0.180035676537,0.186036865755,
    0.192038054973,0.198039244191,0.204040433409,0.210041622627,
    0.216042811845,0.222044001063,0.228045190281,0.234046379498,
    0.240047568716,0.246048757934,0.252049947152,0.25805113637,
    0.264052325588),.QUASI_UNIFORM_KNOTS.);
#466 = CARTESIAN_POINT('',(-1.71103187849,29.007228851318));
#467 = CARTESIAN_POINT('',(-1.711031877632,28.987224887259));
#468 = CARTESIAN_POINT('',(-1.710796858217,28.946738689144));
#469 = CARTESIAN_POINT('',(-1.709736114079,28.885177700398));
#470 = CARTESIAN_POINT('',(-1.707964204492,28.823387621935));
#471 = CARTESIAN_POINT('',(-1.705477438834,28.761972863549));
#472 = CARTESIAN_POINT('',(-1.70227475682,28.701531119843));
#473 = CARTESIAN_POINT('',(-1.69834518144,28.642685138248));
#474 = CARTESIAN_POINT('',(-1.693724876977,28.585937493075));
#475 = CARTESIAN_POINT('',(-1.688492896831,28.531666168659));
#476 = CARTESIAN_POINT('',(-1.682723818489,28.480305979301));
#477 = CARTESIAN_POINT('',(-1.676475585906,28.432166037736));
#478 = CARTESIAN_POINT('',(-1.669876637517,28.388001432988));
#479 = CARTESIAN_POINT('',(-1.662789405259,28.346909050497));
#480 = CARTESIAN_POINT('',(-1.655069437256,28.308026815001));
#481 = CARTESIAN_POINT('',(-1.646838432689,28.272149942636));
#482 = CARTESIAN_POINT('',(-1.638146317253,28.239633542791));
#483 = CARTESIAN_POINT('',(-1.629063019231,28.210935860477));
#484 = CARTESIAN_POINT('',(-1.619649036878,28.186542704969));
#485 = CARTESIAN_POINT('',(-1.609984854396,28.166669108184));
#486 = CARTESIAN_POINT('',(-1.600167470777,28.15124435724));
#487 = CARTESIAN_POINT('',(-1.590297239209,28.140258291153));
#488 = CARTESIAN_POINT('',(-1.580449081531,28.133684518532));
#489 = CARTESIAN_POINT('',(-1.570796326795,28.131501017711));
#490 = CARTESIAN_POINT('',(-1.561143572058,28.133684518532));
#491 = CARTESIAN_POINT('',(-1.551295414381,28.140258291153));
#492 = CARTESIAN_POINT('',(-1.541425182813,28.15124435724));
#493 = CARTESIAN_POINT('',(-1.531607799194,28.166669108184));
#494 = CARTESIAN_POINT('',(-1.521943616712,28.186542704969));
#495 = CARTESIAN_POINT('',(-1.512529634358,28.210935860477));
#496 = CARTESIAN_POINT('',(-1.503446336337,28.239633542791));
#497 = CARTESIAN_POINT('',(-1.494754220901,28.272149942636));
#498 = CARTESIAN_POINT('',(-1.486523216333,28.308026815001));
#499 = CARTESIAN_POINT('',(-1.478803248331,28.346909050497));
#500 = CARTESIAN_POINT('',(-1.471716016073,28.388001432988));
#501 = CARTESIAN_POINT('',(-1.465117067684,28.432166037736));
#502 = CARTESIAN_POINT('',(-1.4588688351,28.480305979301));
#503 = CARTESIAN_POINT('',(-1.453099756759,28.531666168659));
#504 = CARTESIAN_POINT('',(-1.447867776612,28.585937493075));
#505 = CARTESIAN_POINT('',(-1.44324747215,28.642685138248));
#506 = CARTESIAN_POINT('',(-1.439317896769,28.701531119843));
#507 = CARTESIAN_POINT('',(-1.436115214755,28.761972863549));
#508 = CARTESIAN_POINT('',(-1.433628449098,28.823387621935));
#509 = CARTESIAN_POINT('',(-1.431856539511,28.885177700398));
#510 = CARTESIAN_POINT('',(-1.430795795373,28.946738689144));
#511 = CARTESIAN_POINT('',(-1.430560775958,28.987224887259));
#512 = CARTESIAN_POINT('',(-1.4305607751,29.007228851318));
#513 = ( GEOMETRIC_REPRESENTATION_CONTEXT(2) 
PARAMETRIC_REPRESENTATION_CONTEXT() REPRESENTATION_CONTEXT('2D SPACE',''
  ) );
#514 = PCURVE('',#386,#515);
#515 = DEFINITIONAL_REPRESENTATION('',(#516),#564);
#516 = B_SPLINE_CURVE_WITH_KNOTS('',3,(#517,#518,#519,#520,#521,#522,
    #523,#524,#525,#526,#527,#528,#529,#530,#531,#532,#533,#534,#535,
    #536,#537,#538,#539,#540,#541,#542,#543,#544,#545,#546,#547,#548,
    #549,#550,#551,#552,#553,#554,#555,#556,#557,#558,#559,#560,#561,
    #562,#563),.UNSPECIFIED.,.F.,.F.,(4,1,1,1,1,1,1,1,1,1,1,1,1,1,1,1,1,
    1,1,1,1,1,1,1,1,1,1,1,1,1,1,1,1,1,1,1,1,1,1,1,1,1,1,1,4),(0.,
    6.001189217909E-03,1.200237843582E-02,1.800356765373E-02,
    2.400475687164E-02,3.000594608955E-02,3.600713530746E-02,
    4.200832452537E-02,4.800951374328E-02,5.401070296118E-02,
    6.001189217909E-02,6.6013081397E-02,7.201427061491E-02,
    7.801545983282E-02,8.401664905073E-02,9.001783826864E-02,
    9.601902748655E-02,0.102020216704,0.108021405922,0.11402259514,
    0.120023784358,0.126024973576,0.132026162794,0.138027352012,
    0.14402854123,0.150029730448,0.156030919666,0.162032108884,
    0.168033298101,0.174034487319,0.180035676537,0.186036865755,
    0.192038054973,0.198039244191,0.204040433409,0.210041622627,
    0.216042811845,0.222044001063,0.228045190281,0.234046379498,
    0.240047568716,0.246048757934,0.252049947152,0.25805113637,
    0.264052325588),.QUASI_UNIFORM_KNOTS.);
#517 = CARTESIAN_POINT('',(0.,-7.298546200522));
#518 = CARTESIAN_POINT('',(-2.286058414512E-02,-7.298546200522));
#519 = CARTESIAN_POINT('',(-6.913300734419E-02,-7.298759861051));
#520 = CARTESIAN_POINT('',(-0.139857252153,-7.299698086362));
#521 = CARTESIAN_POINT('',(-0.211558947666,-7.301230477543));
#522 = CARTESIAN_POINT('',(-0.283899950638,-7.303334591467));
#523 = CARTESIAN_POINT('',(-0.356571163088,-7.305983804508));
#524 = CARTESIAN_POINT('',(-0.429318299782,-7.309167089504));
#525 = CARTESIAN_POINT('',(-0.501950433731,-7.312779275601));
#526 = CARTESIAN_POINT('',(-0.574227922267,-7.316710893135));
#527 = CARTESIAN_POINT('',(-0.645803683686,-7.32085486408));
#528 = CARTESIAN_POINT('',(-0.716494755293,-7.325114170285));
#529 = CARTESIAN_POINT('',(-0.78539324865,-7.329349162452));
#530 = CARTESIAN_POINT('',(-0.854291631479,-7.333580656003));
#531 = CARTESIAN_POINT('',(-0.924983320968,-7.337830604489));
#532 = CARTESIAN_POINT('',(-0.996560014747,-7.341960422551));
#533 = CARTESIAN_POINT('',(-1.068838767901,-7.345874156334));
#534 = CARTESIAN_POINT('',(-1.141472160262,-7.349465864872));
#535 = CARTESIAN_POINT('',(-1.214221249108,-7.352626924142));
#536 = CARTESIAN_POINT('',(-1.286892005389,-7.355255601082));
#537 = CARTESIAN_POINT('',(-1.359240921787,-7.357341741838));
#538 = CARTESIAN_POINT('',(-1.430918473679,-7.358859887156));
#539 = CARTESIAN_POINT('',(-1.50173703275,-7.359788680262));
#540 = CARTESIAN_POINT('',(-1.570796326795,-7.360105659869));
#541 = CARTESIAN_POINT('',(-1.63985562084,-7.359788680262));
#542 = CARTESIAN_POINT('',(-1.710674179911,-7.358859887156));
#543 = CARTESIAN_POINT('',(-1.782351731803,-7.357341741838));
#544 = CARTESIAN_POINT('',(-1.8547006482,-7.355255601082));
#545 = CARTESIAN_POINT('',(-1.927371404482,-7.352626924142));
#546 = CARTESIAN_POINT('',(-2.000120493328,-7.349465864872));
#547 = CARTESIAN_POINT('',(-2.072753885689,-7.345874156334));
#548 = CARTESIAN_POINT('',(-2.145032638843,-7.341960422551));
#549 = CARTESIAN_POINT('',(-2.216609332622,-7.337830604489));
#550 = CARTESIAN_POINT('',(-2.28730102211,-7.333580656003));
#551 = CARTESIAN_POINT('',(-2.35619940494,-7.329349162452));
#552 = CARTESIAN_POINT('',(-2.425097898296,-7.325114170285));
#553 = CARTESIAN_POINT('',(-2.495788969904,-7.32085486408));
#554 = CARTESIAN_POINT('',(-2.567364731323,-7.316710893135));
#555 = CARTESIAN_POINT('',(-2.639642219859,-7.312779275601));
#556 = CARTESIAN_POINT('',(-2.712274353808,-7.309167089504));
#557 = CARTESIAN_POINT('',(-2.785021490502,-7.305983804508));
#558 = CARTESIAN_POINT('',(-2.857692702951,-7.303334591467));
#559 = CARTESIAN_POINT('',(-2.930033705924,-7.301230477543));
#560 = CARTESIAN_POINT('',(-3.001735401437,-7.299698086362));
#561 = CARTESIAN_POINT('',(-3.072459646246,-7.298759861051));
#562 = CARTESIAN_POINT('',(-3.118732069445,-7.298546200522));
#563 = CARTESIAN_POINT('',(-3.14159265359,-7.298546200522));
#564 = ( GEOMETRIC_REPRESENTATION_CONTEXT(2) 
PARAMETRIC_REPRESENTATION_CONTEXT() REPRESENTATION_CONTEXT('2D SPACE',''
  ) );
#565 = FACE_BOUND('',#566,.T.);
#566 = EDGE_LOOP('',(#567,#695));
#567 = ORIENTED_EDGE('',*,*,#568,.F.);
#568 = EDGE_CURVE('',#569,#571,#573,.T.);
#569 = VERTEX_POINT('',#570);
#570 = CARTESIAN_POINT('',(45.007228851318,0.875,34.629960037307));
#571 = VERTEX_POINT('',#572);
#572 = CARTESIAN_POINT('',(45.007228851318,-0.875,34.629960037307));
#573 = SURFACE_CURVE('',#574,(#593,#644),.PCURVE_S1.);
#574 = B_SPLINE_CURVE_WITH_KNOTS('',3,(#575,#576,#577,#578,#579,#580,
    #581,#582,#583,#584,#585,#586,#587,#588,#589,#590,#591,#592),
  .UNSPECIFIED.,.F.,.F.,(4,2,2,2,2,2,2,2,4),(0.264052325588,
    0.297059082644,0.3300658397,0.363072164041,0.396078488382,
    0.429084812723,0.462091137064,0.49509789412,0.528104651176),
  .UNSPECIFIED.);
#575 = CARTESIAN_POINT('',(45.007228851318,0.875,34.629960037307));
#576 = CARTESIAN_POINT('',(44.897206327798,0.875,34.629960037307));
#577 = CARTESIAN_POINT('',(44.779950092792,0.852982435,34.633191830285)
  );
#578 = CARTESIAN_POINT('',(44.564411637507,0.763641017712,
    34.644825274467));
#579 = CARTESIAN_POINT('',(44.466116926996,0.696324942754,
    34.653054597831));
#580 = CARTESIAN_POINT('',(44.310904925978,0.541112941736,
    34.668470739702));
#581 = CARTESIAN_POINT('',(44.243588053172,0.442817790883,
    34.676664843624));
#582 = CARTESIAN_POINT('',(44.154246053821,0.227277836626,
    34.688217535073));
#583 = CARTESIAN_POINT('',(44.132228851318,0.110021081136,
    34.691413836785));
#584 = CARTESIAN_POINT('',(44.132228851318,-0.110021081136,
    34.691413836785));
#585 = CARTESIAN_POINT('',(44.154246053821,-0.227277836626,
    34.688217535073));
#586 = CARTESIAN_POINT('',(44.243588053172,-0.442817790883,
    34.676664843624));
#587 = CARTESIAN_POINT('',(44.310904925978,-0.541112941736,
    34.668470739702));
#588 = CARTESIAN_POINT('',(44.466116926996,-0.696324942754,
    34.653054597831));
#589 = CARTESIAN_POINT('',(44.564411637507,-0.763641017712,
    34.644825274467));
#590 = CARTESIAN_POINT('',(44.779950092792,-0.852982435,34.633191830285)
  );
#591 = CARTESIAN_POINT('',(44.897206327798,-0.875,34.629960037307));
#592 = CARTESIAN_POINT('',(45.007228851318,-0.875,34.629960037307));
#593 = PCURVE('',#47,#594);
#594 = DEFINITIONAL_REPRESENTATION('',(#595),#643);
#595 = B_SPLINE_CURVE_WITH_KNOTS('',3,(#596,#597,#598,#599,#600,#601,
    #602,#603,#604,#605,#606,#607,#608,#609,#610,#611,#612,#613,#614,
    #615,#616,#617,#618,#619,#620,#621,#622,#623,#624,#625,#626,#627,
    #628,#629,#630,#631,#632,#633,#634,#635,#636,#637,#638,#639,#640,
    #641,#642),.UNSPECIFIED.,.F.,.F.,(4,1,1,1,1,1,1,1,1,1,1,1,1,1,1,1,1,
    1,1,1,1,1,1,1,1,1,1,1,1,1,1,1,1,1,1,1,1,1,1,1,1,1,1,1,4),(
    0.264052325588,0.270053514806,0.276054704024,0.282055893242,
    0.28805708246,0.294058271678,0.300059460895,0.306060650113,
    0.312061839331,0.318063028549,0.324064217767,0.330065406985,
    0.336066596203,0.342067785421,0.348068974639,0.354070163857,
    0.360071353075,0.366072542292,0.37207373151,0.378074920728,
    0.384076109946,0.390077299164,0.396078488382,0.4020796776,
    0.408080866818,0.414082056036,0.420083245254,0.426084434472,
    0.432085623689,0.438086812907,0.444088002125,0.450089191343,
    0.456090380561,0.462091569779,0.468092758997,0.474093948215,
    0.480095137433,0.486096326651,0.492097515869,0.498098705086,
    0.504099894304,0.510101083522,0.51610227274,0.522103461958,
    0.528104651176),.QUASI_UNIFORM_KNOTS.);
#596 = CARTESIAN_POINT('',(1.4305607751,29.007228851318));
#597 = CARTESIAN_POINT('',(1.430560775958,28.987224887259));
#598 = CARTESIAN_POINT('',(1.430795795373,28.946738689144));
#599 = CARTESIAN_POINT('',(1.431856539511,28.885177700398));
#600 = CARTESIAN_POINT('',(1.433628449098,28.823387621935));
#601 = CARTESIAN_POINT('',(1.436115214755,28.761972863549));
#602 = CARTESIAN_POINT('',(1.439317896769,28.701531119843));
#603 = CARTESIAN_POINT('',(1.44324747215,28.642685138248));
#604 = CARTESIAN_POINT('',(1.447867776612,28.585937493075));
#605 = CARTESIAN_POINT('',(1.453099756759,28.531666168659));
#606 = CARTESIAN_POINT('',(1.4588688351,28.480305979301));
#607 = CARTESIAN_POINT('',(1.465117067684,28.432166037736));
#608 = CARTESIAN_POINT('',(1.471716016073,28.388001432988));
#609 = CARTESIAN_POINT('',(1.478803248331,28.346909050497));
#610 = CARTESIAN_POINT('',(1.486523216333,28.308026815001));
#611 = CARTESIAN_POINT('',(1.494754220901,28.272149942636));
#612 = CARTESIAN_POINT('',(1.503446336337,28.239633542791));
#613 = CARTESIAN_POINT('',(1.512529634358,28.210935860477));
#614 = CARTESIAN_POINT('',(1.521943616712,28.186542704969));
#615 = CARTESIAN_POINT('',(1.531607799194,28.166669108184));
#616 = CARTESIAN_POINT('',(1.541425182813,28.15124435724));
#617 = CARTESIAN_POINT('',(1.551295414381,28.140258291153));
#618 = CARTESIAN_POINT('',(1.561143572058,28.133684518532));
#619 = CARTESIAN_POINT('',(1.570796326795,28.131501017711));
#620 = CARTESIAN_POINT('',(1.580449081531,28.133684518532));
#621 = CARTESIAN_POINT('',(1.590297239209,28.140258291153));
#622 = CARTESIAN_POINT('',(1.600167470777,28.15124435724));
#623 = CARTESIAN_POINT('',(1.609984854396,28.166669108184));
#624 = CARTESIAN_POINT('',(1.619649036878,28.186542704969));
#625 = CARTESIAN_POINT('',(1.629063019231,28.210935860477));
#626 = CARTESIAN_POINT('',(1.638146317253,28.239633542791));
#627 = CARTESIAN_POINT('',(1.646838432689,28.272149942636));
#628 = CARTESIAN_POINT('',(1.655069437256,28.308026815001));
#629 = CARTESIAN_POINT('',(1.662789405259,28.346909050497));
#630 = CARTESIAN_POINT('',(1.669876637517,28.388001432988));
#631 = CARTESIAN_POINT('',(1.676475585906,28.432166037736));
#632 = CARTESIAN_POINT('',(1.682723818489,28.480305979301));
#633 = CARTESIAN_POINT('',(1.688492896831,28.531666168659));
#634 = CARTESIAN_POINT('',(1.693724876977,28.585937493075));
#635 = CARTESIAN_POINT('',(1.69834518144,28.642685138248));
#636 = CARTESIAN_POINT('',(1.70227475682,28.701531119843));
#637 = CARTESIAN_POINT('',(1.705477438834,28.761972863549));
#638 = CARTESIAN_POINT('',(1.707964204492,28.823387621935));
#639 = CARTESIAN_POINT('',(1.709736114079,28.885177700398));
#640 = CARTESIAN_POINT('',(1.710796858217,28.946738689144));
#641 = CARTESIAN_POINT('',(1.711031877632,28.987224887259));
#642 = CARTESIAN_POINT('',(1.71103187849,29.007228851318));
#643 = ( GEOMETRIC_REPRESENTATION_CONTEXT(2) 
PARAMETRIC_REPRESENTATION_CONTEXT() REPRESENTATION_CONTEXT('2D SPACE',''
  ) );
#644 = PCURVE('',#386,#645);
#645 = DEFINITIONAL_REPRESENTATION('',(#646),#694);
#646 = B_SPLINE_CURVE_WITH_KNOTS('',3,(#647,#648,#649,#650,#651,#652,
    #653,#654,#655,#656,#657,#658,#659,#660,#661,#662,#663,#664,#665,
    #666,#667,#668,#669,#670,#671,#672,#673,#674,#675,#676,#677,#678,
    #679,#680,#681,#682,#683,#684,#685,#686,#687,#688,#689,#690,#691,
    #692,#693),.UNSPECIFIED.,.F.,.F.,(4,1,1,1,1,1,1,1,1,1,1,1,1,1,1,1,1,
    1,1,1,1,1,1,1,1,1,1,1,1,1,1,1,1,1,1,1,1,1,1,1,1,1,1,1,4),(
    0.264052325588,0.270053514806,0.276054704024,0.282055893242,
    0.28805708246,0.294058271678,0.300059460895,0.306060650113,
    0.312061839331,0.318063028549,0.324064217767,0.330065406985,
    0.336066596203,0.342067785421,0.348068974639,0.354070163857,
    0.360071353075,0.366072542292,0.37207373151,0.378074920728,
    0.384076109946,0.390077299164,0.396078488382,0.4020796776,
    0.408080866818,0.414082056036,0.420083245254,0.426084434472,
    0.432085623689,0.438086812907,0.444088002125,0.450089191343,
    0.456090380561,0.462091569779,0.468092758997,0.474093948215,
    0.480095137433,0.486096326651,0.492097515869,0.498098705086,
    0.504099894304,0.510101083522,0.51610227274,0.522103461958,
    0.528104651176),.QUASI_UNIFORM_KNOTS.);
#647 = CARTESIAN_POINT('',(-3.14159265359,5.098546200522));
#648 = CARTESIAN_POINT('',(-3.118732069445,5.098546200522));
#649 = CARTESIAN_POINT('',(-3.072459646246,5.098759861051));
#650 = CARTESIAN_POINT('',(-3.001735401437,5.099698086362));
#651 = CARTESIAN_POINT('',(-2.930033705924,5.101230477543));
#652 = CARTESIAN_POINT('',(-2.857692702951,5.103334591467));
#653 = CARTESIAN_POINT('',(-2.785021490502,5.105983804508));
#654 = CARTESIAN_POINT('',(-2.712274353808,5.109167089504));
#655 = CARTESIAN_POINT('',(-2.639642219859,5.112779275601));
#656 = CARTESIAN_POINT('',(-2.567364731323,5.116710893135));
#657 = CARTESIAN_POINT('',(-2.495788969904,5.12085486408));
#658 = CARTESIAN_POINT('',(-2.425097898296,5.125114170285));
#659 = CARTESIAN_POINT('',(-2.35619940494,5.129349162452));
#660 = CARTESIAN_POINT('',(-2.28730102211,5.133580656003));
#661 = CARTESIAN_POINT('',(-2.216609332622,5.137830604489));
#662 = CARTESIAN_POINT('',(-2.145032638843,5.141960422551));
#663 = CARTESIAN_POINT('',(-2.072753885689,5.145874156334));
#664 = CARTESIAN_POINT('',(-2.000120493328,5.149465864872));
#665 = CARTESIAN_POINT('',(-1.927371404482,5.152626924142));
#666 = CARTESIAN_POINT('',(-1.8547006482,5.155255601082));
#667 = CARTESIAN_POINT('',(-1.782351731803,5.157341741838));
#668 = CARTESIAN_POINT('',(-1.710674179911,5.158859887156));
#669 = CARTESIAN_POINT('',(-1.63985562084,5.159788680262));
#670 = CARTESIAN_POINT('',(-1.570796326795,5.160105659869));
#671 = CARTESIAN_POINT('',(-1.50173703275,5.159788680262));
#672 = CARTESIAN_POINT('',(-1.430918473679,5.158859887156));
#673 = CARTESIAN_POINT('',(-1.359240921787,5.157341741838));
#674 = CARTESIAN_POINT('',(-1.286892005389,5.155255601082));
#675 = CARTESIAN_POINT('',(-1.214221249108,5.152626924142));
#676 = CARTESIAN_POINT('',(-1.141472160262,5.149465864872));
#677 = CARTESIAN_POINT('',(-1.068838767901,5.145874156334));
#678 = CARTESIAN_POINT('',(-0.996560014747,5.141960422551));
#679 = CARTESIAN_POINT('',(-0.924983320968,5.137830604489));
#680 = CARTESIAN_POINT('',(-0.854291631479,5.133580656003));
#681 = CARTESIAN_POINT('',(-0.78539324865,5.129349162452));
#682 = CARTESIAN_POINT('',(-0.716494755293,5.125114170285));
#683 = CARTESIAN_POINT('',(-0.645803683686,5.12085486408));
#684 = CARTESIAN_POINT('',(-0.574227922267,5.116710893135));
#685 = CARTESIAN_POINT('',(-0.501950433731,5.112779275601));
#686 = CARTESIAN_POINT('',(-0.429318299782,5.109167089504));
#687 = CARTESIAN_POINT('',(-0.356571163088,5.105983804508));
#688 = CARTESIAN_POINT('',(-0.283899950639,5.103334591467));
#689 = CARTESIAN_POINT('',(-0.211558947666,5.101230477543));
#690 = CARTESIAN_POINT('',(-0.139857252153,5.099698086362));
#691 = CARTESIAN_POINT('',(-6.913300734419E-02,5.098759861051));
#692 = CARTESIAN_POINT('',(-2.286058414512E-02,5.098546200522));
#693 = CARTESIAN_POINT('',(0.,5.098546200522));
#694 = ( GEOMETRIC_REPRESENTATION_CONTEXT(2) 
PARAMETRIC_REPRESENTATION_CONTEXT() REPRESENTATION_CONTEXT('2D SPACE',''
  ) );
#695 = ORIENTED_EDGE('',*,*,#696,.F.);
#696 = EDGE_CURVE('',#571,#569,#697,.T.);
#697 = SURFACE_CURVE('',#698,(#717,#768),.PCURVE_S1.);
#698 = B_SPLINE_CURVE_WITH_KNOTS('',3,(#699,#700,#701,#702,#703,#704,
    #705,#706,#707,#708,#709,#710,#711,#712,#713,#714,#715,#716),
  .UNSPECIFIED.,.F.,.F.,(4,2,2,2,2,2,2,2,4),(0.,3.300675705608E-02,
    6.601351411215E-02,9.901983845308E-02,0.132026162794,0.165032487135,
    0.198038811476,0.231045568532,0.264052325588),.UNSPECIFIED.);
#699 = CARTESIAN_POINT('',(45.007228851318,-0.875,34.629960037307));
#700 = CARTESIAN_POINT('',(45.117251374839,-0.875,34.629960037307));
#701 = CARTESIAN_POINT('',(45.234507609845,-0.852982435,34.633191830285)
  );
#702 = CARTESIAN_POINT('',(45.450046065129,-0.763641017712,
    34.644825274467));
#703 = CARTESIAN_POINT('',(45.548340775641,-0.696324942754,
    34.653054597831));
#704 = CARTESIAN_POINT('',(45.703552776659,-0.541112941736,
    34.668470739702));
#705 = CARTESIAN_POINT('',(45.770869649465,-0.442817790883,
    34.676664843624));
#706 = CARTESIAN_POINT('',(45.860211648816,-0.227277836626,
    34.688217535073));
#707 = CARTESIAN_POINT('',(45.882228851318,-0.110021081136,
    34.691413836785));
#708 = CARTESIAN_POINT('',(45.882228851318,0.110021081136,
    34.691413836785));
#709 = CARTESIAN_POINT('',(45.860211648816,0.227277836626,
    34.688217535073));
#710 = CARTESIAN_POINT('',(45.770869649465,0.442817790883,
    34.676664843624));
#711 = CARTESIAN_POINT('',(45.703552776659,0.541112941736,
    34.668470739702));
#712 = CARTESIAN_POINT('',(45.548340775641,0.696324942754,
    34.653054597831));
#713 = CARTESIAN_POINT('',(45.450046065129,0.763641017712,
    34.644825274467));
#714 = CARTESIAN_POINT('',(45.234507609845,0.852982435,34.633191830286)
  );
#715 = CARTESIAN_POINT('',(45.117251374839,0.875,34.629960037307));
#716 = CARTESIAN_POINT('',(45.007228851318,0.875,34.629960037307));
#717 = PCURVE('',#47,#718);
#718 = DEFINITIONAL_REPRESENTATION('',(#719),#767);
#719 = B_SPLINE_CURVE_WITH_KNOTS('',3,(#720,#721,#722,#723,#724,#725,
    #726,#727,#728,#729,#730,#731,#732,#733,#734,#735,#736,#737,#738,
    #739,#740,#741,#742,#743,#744,#745,#746,#747,#748,#749,#750,#751,
    #752,#753,#754,#755,#756,#757,#758,#759,#760,#761,#762,#763,#764,
    #765,#766),.UNSPECIFIED.,.F.,.F.,(4,1,1,1,1,1,1,1,1,1,1,1,1,1,1,1,1,
    1,1,1,1,1,1,1,1,1,1,1,1,1,1,1,1,1,1,1,1,1,1,1,1,1,1,1,4),(0.,
    6.001189217909E-03,1.200237843582E-02,1.800356765373E-02,
    2.400475687164E-02,3.000594608955E-02,3.600713530746E-02,
    4.200832452537E-02,4.800951374327E-02,5.401070296118E-02,
    6.001189217909E-02,6.6013081397E-02,7.201427061491E-02,
    7.801545983282E-02,8.401664905073E-02,9.001783826864E-02,
    9.601902748655E-02,0.102020216704,0.108021405922,0.11402259514,
    0.120023784358,0.126024973576,0.132026162794,0.138027352012,
    0.14402854123,0.150029730448,0.156030919666,0.162032108884,
    0.168033298101,0.174034487319,0.180035676537,0.186036865755,
    0.192038054973,0.198039244191,0.204040433409,0.210041622627,
    0.216042811845,0.222044001063,0.228045190281,0.234046379498,
    0.240047568716,0.246048757934,0.252049947152,0.25805113637,
    0.264052325588),.QUASI_UNIFORM_KNOTS.);
#720 = CARTESIAN_POINT('',(1.71103187849,29.007228851318));
#721 = CARTESIAN_POINT('',(1.711031877632,29.027232815378));
#722 = CARTESIAN_POINT('',(1.710796858217,29.067719013493));
#723 = CARTESIAN_POINT('',(1.709736114079,29.129280002239));
#724 = CARTESIAN_POINT('',(1.707964204492,29.191070080702));
#725 = CARTESIAN_POINT('',(1.705477438834,29.252484839088));
#726 = CARTESIAN_POINT('',(1.70227475682,29.312926582793));
#727 = CARTESIAN_POINT('',(1.69834518144,29.371772564389));
#728 = CARTESIAN_POINT('',(1.693724876977,29.428520209562));
#729 = CARTESIAN_POINT('',(1.688492896831,29.482791533977));
#730 = CARTESIAN_POINT('',(1.682723818489,29.534151723336));
#731 = CARTESIAN_POINT('',(1.676475585906,29.582291664901));
#732 = CARTESIAN_POINT('',(1.669876637517,29.626456269649));
#733 = CARTESIAN_POINT('',(1.662789405259,29.66754865214));
#734 = CARTESIAN_POINT('',(1.655069437256,29.706430887636));
#735 = CARTESIAN_POINT('',(1.646838432689,29.742307760001));
#736 = CARTESIAN_POINT('',(1.638146317253,29.774824159846));
#737 = CARTESIAN_POINT('',(1.629063019231,29.803521842159));
#738 = CARTESIAN_POINT('',(1.619649036878,29.827914997668));
#739 = CARTESIAN_POINT('',(1.609984854396,29.847788594453));
#740 = CARTESIAN_POINT('',(1.600167470777,29.863213345396));
#741 = CARTESIAN_POINT('',(1.590297239209,29.874199411483));
#742 = CARTESIAN_POINT('',(1.580449081531,29.880773184104));
#743 = CARTESIAN_POINT('',(1.570796326795,29.882956684925));
#744 = CARTESIAN_POINT('',(1.561143572058,29.880773184105));
#745 = CARTESIAN_POINT('',(1.551295414381,29.874199411483));
#746 = CARTESIAN_POINT('',(1.541425182813,29.863213345396));
#747 = CARTESIAN_POINT('',(1.531607799194,29.847788594453));
#748 = CARTESIAN_POINT('',(1.521943616712,29.827914997668));
#749 = CARTESIAN_POINT('',(1.512529634358,29.803521842159));
#750 = CARTESIAN_POINT('',(1.503446336337,29.774824159846));
#751 = CARTESIAN_POINT('',(1.494754220901,29.742307760001));
#752 = CARTESIAN_POINT('',(1.486523216333,29.706430887636));
#753 = CARTESIAN_POINT('',(1.478803248331,29.66754865214));
#754 = CARTESIAN_POINT('',(1.471716016073,29.626456269649));
#755 = CARTESIAN_POINT('',(1.465117067684,29.582291664901));
#756 = CARTESIAN_POINT('',(1.4588688351,29.534151723336));
#757 = CARTESIAN_POINT('',(1.453099756759,29.482791533977));
#758 = CARTESIAN_POINT('',(1.447867776612,29.428520209562));
#759 = CARTESIAN_POINT('',(1.44324747215,29.371772564389));
#760 = CARTESIAN_POINT('',(1.439317896769,29.312926582793));
#761 = CARTESIAN_POINT('',(1.436115214755,29.252484839088));
#762 = CARTESIAN_POINT('',(1.433628449098,29.191070080702));
#763 = CARTESIAN_POINT('',(1.431856539511,29.129280002239));
#764 = CARTESIAN_POINT('',(1.430795795373,29.067719013493));
#765 = CARTESIAN_POINT('',(1.430560775958,29.027232815378));
#766 = CARTESIAN_POINT('',(1.4305607751,29.007228851318));
#767 = ( GEOMETRIC_REPRESENTATION_CONTEXT(2) 
PARAMETRIC_REPRESENTATION_CONTEXT() REPRESENTATION_CONTEXT('2D SPACE',''
  ) );
#768 = PCURVE('',#386,#769);
#769 = DEFINITIONAL_REPRESENTATION('',(#770),#818);
#770 = B_SPLINE_CURVE_WITH_KNOTS('',3,(#771,#772,#773,#774,#775,#776,
    #777,#778,#779,#780,#781,#782,#783,#784,#785,#786,#787,#788,#789,
    #790,#791,#792,#793,#794,#795,#796,#797,#798,#799,#800,#801,#802,
    #803,#804,#805,#806,#807,#808,#809,#810,#811,#812,#813,#814,#815,
    #816,#817),.UNSPECIFIED.,.F.,.F.,(4,1,1,1,1,1,1,1,1,1,1,1,1,1,1,1,1,
    1,1,1,1,1,1,1,1,1,1,1,1,1,1,1,1,1,1,1,1,1,1,1,1,1,1,1,4),(0.,
    6.001189217909E-03,1.200237843582E-02,1.800356765373E-02,
    2.400475687164E-02,3.000594608955E-02,3.600713530746E-02,
    4.200832452537E-02,4.800951374327E-02,5.401070296118E-02,
    6.001189217909E-02,6.6013081397E-02,7.201427061491E-02,
    7.801545983282E-02,8.401664905073E-02,9.001783826864E-02,
    9.601902748655E-02,0.102020216704,0.108021405922,0.11402259514,
    0.120023784358,0.126024973576,0.132026162794,0.138027352012,
    0.14402854123,0.150029730448,0.156030919666,0.162032108884,
    0.168033298101,0.174034487319,0.180035676537,0.186036865755,
    0.192038054973,0.198039244191,0.204040433409,0.210041622627,
    0.216042811845,0.222044001063,0.228045190281,0.234046379498,
    0.240047568716,0.246048757934,0.252049947152,0.25805113637,
    0.264052325588),.QUASI_UNIFORM_KNOTS.);
#771 = CARTESIAN_POINT('',(0.,5.098546200522));
#772 = CARTESIAN_POINT('',(2.28605841451E-02,5.098546200522));
#773 = CARTESIAN_POINT('',(6.913300734414E-02,5.098759861051));
#774 = CARTESIAN_POINT('',(0.139857252153,5.099698086362));
#775 = CARTESIAN_POINT('',(0.211558947666,5.101230477543));
#776 = CARTESIAN_POINT('',(0.283899950638,5.103334591467));
#777 = CARTESIAN_POINT('',(0.356571163088,5.105983804508));
#778 = CARTESIAN_POINT('',(0.429318299782,5.109167089504));
#779 = CARTESIAN_POINT('',(0.501950433731,5.112779275601));
#780 = CARTESIAN_POINT('',(0.574227922267,5.116710893135));
#781 = CARTESIAN_POINT('',(0.645803683686,5.12085486408));
#782 = CARTESIAN_POINT('',(0.716494755293,5.125114170285));
#783 = CARTESIAN_POINT('',(0.78539324865,5.129349162452));
#784 = CARTESIAN_POINT('',(0.854291631479,5.133580656003));
#785 = CARTESIAN_POINT('',(0.924983320968,5.137830604489));
#786 = CARTESIAN_POINT('',(0.996560014747,5.141960422551));
#787 = CARTESIAN_POINT('',(1.068838767901,5.145874156334));
#788 = CARTESIAN_POINT('',(1.141472160262,5.149465864872));
#789 = CARTESIAN_POINT('',(1.214221249108,5.152626924142));
#790 = CARTESIAN_POINT('',(1.286892005389,5.155255601082));
#791 = CARTESIAN_POINT('',(1.359240921787,5.157341741838));
#792 = CARTESIAN_POINT('',(1.430918473679,5.158859887156));
#793 = CARTESIAN_POINT('',(1.50173703275,5.159788680262));
#794 = CARTESIAN_POINT('',(1.570796326795,5.160105659869));
#795 = CARTESIAN_POINT('',(1.63985562084,5.159788680262));
#796 = CARTESIAN_POINT('',(1.710674179911,5.158859887156));
#797 = CARTESIAN_POINT('',(1.782351731803,5.157341741838));
#798 = CARTESIAN_POINT('',(1.8547006482,5.155255601082));
#799 = CARTESIAN_POINT('',(1.927371404482,5.152626924142));
#800 = CARTESIAN_POINT('',(2.000120493328,5.149465864872));
#801 = CARTESIAN_POINT('',(2.072753885689,5.145874156334));
#802 = CARTESIAN_POINT('',(2.145032638843,5.141960422551));
#803 = CARTESIAN_POINT('',(2.216609332622,5.137830604489));
#804 = CARTESIAN_POINT('',(2.287301022111,5.133580656003));
#805 = CARTESIAN_POINT('',(2.35619940494,5.129349162452));
#806 = CARTESIAN_POINT('',(2.425097898296,5.125114170285));
#807 = CARTESIAN_POINT('',(2.495788969904,5.12085486408));
#808 = CARTESIAN_POINT('',(2.567364731323,5.116710893135));
#809 = CARTESIAN_POINT('',(2.639642219859,5.112779275601));
#810 = CARTESIAN_POINT('',(2.712274353808,5.109167089504));
#811 = CARTESIAN_POINT('',(2.785021490502,5.105983804508));
#812 = CARTESIAN_POINT('',(2.857692702951,5.103334591467));
#813 = CARTESIAN_POINT('',(2.930033705924,5.101230477543));
#814 = CARTESIAN_POINT('',(3.001735401437,5.099698086362));
#815 = CARTESIAN_POINT('',(3.072459646246,5.098759861051));
#816 = CARTESIAN_POINT('',(3.118732069445,5.098546200522));
#817 = CARTESIAN_POINT('',(3.14159265359,5.098546200522));
#818 = ( GEOMETRIC_REPRESENTATION_CONTEXT(2) 
PARAMETRIC_REPRESENTATION_CONTEXT() REPRESENTATION_CONTEXT('2D SPACE',''
  ) );
#819 = ADVANCED_FACE('',(#820),#834,.T.);
#820 = FACE_BOUND('',#821,.T.);
#821 = EDGE_LOOP('',(#822,#857,#888,#916));
#822 = ORIENTED_EDGE('',*,*,#823,.F.);
#823 = EDGE_CURVE('',#824,#826,#828,.T.);
#824 = VERTEX_POINT('',#825);
#825 = CARTESIAN_POINT('',(59.548064429596,-2.475,26.906413836785));
#826 = VERTEX_POINT('',#827);
#827 = CARTESIAN_POINT('',(59.548064429498,2.525,26.906413836785));
#828 = SURFACE_CURVE('',#829,(#833,#845),.PCURVE_S1.);
#829 = LINE('',#830,#831);
#830 = CARTESIAN_POINT('',(59.548064429596,1.025,26.906413836785));
#831 = VECTOR('',#832,1.);
#832 = DIRECTION('',(-2.22044604925E-16,1.,0.));
#833 = PCURVE('',#834,#839);
#834 = PLANE('',#835);
#835 = AXIS2_PLACEMENT_3D('',#836,#837,#838);
#836 = CARTESIAN_POINT('',(59.996083903667,-2.475,31.147968640631));
#837 = DIRECTION('',(-0.994467797878,-2.208162092904E-16,0.105041891568)
  );
#838 = DIRECTION('',(-2.22044604925E-16,1.,-2.773339119918E-32));
#839 = DEFINITIONAL_REPRESENTATION('',(#840),#844);
#840 = LINE('',#841,#842);
#841 = CARTESIAN_POINT('',(3.5,4.265150478374));
#842 = VECTOR('',#843,1.);
#843 = DIRECTION('',(1.,-1.981821086417E-33));
#844 = ( GEOMETRIC_REPRESENTATION_CONTEXT(2) 
PARAMETRIC_REPRESENTATION_CONTEXT() REPRESENTATION_CONTEXT('2D SPACE',''
  ) );
#845 = PCURVE('',#846,#851);
#846 = PLANE('',#847);
#847 = AXIS2_PLACEMENT_3D('',#848,#849,#850);
#848 = CARTESIAN_POINT('',(58.,4.525,26.906413836785));
#849 = DIRECTION('',(0.,0.,1.));
#850 = DIRECTION('',(-2.22044604925E-16,1.,0.));
#851 = DEFINITIONAL_REPRESENTATION('',(#852),#856);
#852 = LINE('',#853,#854);
#853 = CARTESIAN_POINT('',(-3.5,-1.548064429596));
#854 = VECTOR('',#855,1.);
#855 = DIRECTION('',(1.,-2.465190328816E-32));
#856 = ( GEOMETRIC_REPRESENTATION_CONTEXT(2) 
PARAMETRIC_REPRESENTATION_CONTEXT() REPRESENTATION_CONTEXT('2D SPACE',''
  ) );
#857 = ORIENTED_EDGE('',*,*,#858,.F.);
#858 = EDGE_CURVE('',#859,#824,#861,.T.);
#859 = VERTEX_POINT('',#860);
#860 = CARTESIAN_POINT('',(59.996083903667,-2.475,31.147968640631));
#861 = SURFACE_CURVE('',#862,(#866,#873),.PCURVE_S1.);
#862 = LINE('',#863,#864);
#863 = CARTESIAN_POINT('',(59.996083903667,-2.475,31.147968640631));
#864 = VECTOR('',#865,1.);
#865 = DIRECTION('',(-0.105041891568,-2.332398531386E-17,-0.994467797878
    ));
#866 = PCURVE('',#834,#867);
#867 = DEFINITIONAL_REPRESENTATION('',(#868),#872);
#868 = LINE('',#869,#870);
#869 = CARTESIAN_POINT('',(0.,-0.));
#870 = VECTOR('',#871,1.);
#871 = DIRECTION('',(-1.542278222766E-31,1.));
#872 = ( GEOMETRIC_REPRESENTATION_CONTEXT(2) 
PARAMETRIC_REPRESENTATION_CONTEXT() REPRESENTATION_CONTEXT('2D SPACE',''
  ) );
#873 = PCURVE('',#874,#883);
#874 = B_SPLINE_SURFACE_WITH_KNOTS('',3,1,(
    (#875,#876)
    ,(#877,#878)
    ,(#879,#880)
    ,(#881,#882
    )),.UNSPECIFIED.,.F.,.F.,.F.,(4,4),(2,2),(-3.9891857289,0.),(0.,1.05
    ),.PIECEWISE_BEZIER_KNOTS.);
#875 = CARTESIAN_POINT('',(100.15234539497,-2.394909212566,
    26.906413836785));
#876 = CARTESIAN_POINT('',(99.049405533511,-2.394909212566,
    16.464501959069));
#877 = CARTESIAN_POINT('',(86.810483751647,-2.44849495891,
    28.315664480244));
#878 = CARTESIAN_POINT('',(85.707543890181,-2.44849495891,
    17.873752602528));
#879 = CARTESIAN_POINT('',(73.219806351719,-2.473934788837,
    29.751196595843));
#880 = CARTESIAN_POINT('',(72.116866490252,-2.473934788837,
    19.309284718127));
#881 = CARTESIAN_POINT('',(59.996083903668,-2.475,31.147968640631));
#882 = CARTESIAN_POINT('',(58.8931440422,-2.475,20.706056762915));
#883 = DEFINITIONAL_REPRESENTATION('',(#884),#887);
#884 = B_SPLINE_CURVE_WITH_KNOTS('',1,(#885,#886),.UNSPECIFIED.,.F.,.F.,
  (2,2),(-0.,4.265150478374),.PIECEWISE_BEZIER_KNOTS.);
#885 = CARTESIAN_POINT('',(1.265382903918E-14,-8.92385185167E-15));
#886 = CARTESIAN_POINT('',(1.14307997925E-14,0.426515047837));
#887 = ( GEOMETRIC_REPRESENTATION_CONTEXT(2) 
PARAMETRIC_REPRESENTATION_CONTEXT() REPRESENTATION_CONTEXT('2D SPACE',''
  ) );
#888 = ORIENTED_EDGE('',*,*,#889,.T.);
#889 = EDGE_CURVE('',#859,#890,#892,.T.);
#890 = VERTEX_POINT('',#891);
#891 = CARTESIAN_POINT('',(59.996083903667,2.525,31.147968640631));
#892 = SURFACE_CURVE('',#893,(#897,#904),.PCURVE_S1.);
#893 = LINE('',#894,#895);
#894 = CARTESIAN_POINT('',(59.996083903667,-2.475,31.147968640631));
#895 = VECTOR('',#896,1.);
#896 = DIRECTION('',(-2.22044604925E-16,1.,0.));
#897 = PCURVE('',#834,#898);
#898 = DEFINITIONAL_REPRESENTATION('',(#899),#903);
#899 = LINE('',#900,#901);
#900 = CARTESIAN_POINT('',(0.,-0.));
#901 = VECTOR('',#902,1.);
#902 = DIRECTION('',(1.,-1.981821086417E-33));
#903 = ( GEOMETRIC_REPRESENTATION_CONTEXT(2) 
PARAMETRIC_REPRESENTATION_CONTEXT() REPRESENTATION_CONTEXT('2D SPACE',''
  ) );
#904 = PCURVE('',#905,#910);
#905 = PLANE('',#906);
#906 = AXIS2_PLACEMENT_3D('',#907,#908,#909);
#907 = CARTESIAN_POINT('',(59.996083903667,-2.475,31.147968640631));
#908 = DIRECTION('',(-0.116694593251,-2.591140485532E-17,-0.993167846794
    ));
#909 = DIRECTION('',(-0.993167846794,-2.205275621657E-16,0.116694593251)
  );
#910 = DEFINITIONAL_REPRESENTATION('',(#911),#915);
#911 = LINE('',#912,#913);
#912 = CARTESIAN_POINT('',(0.,0.));
#913 = VECTOR('',#914,1.);
#914 = DIRECTION('',(-9.860761315263E-32,1.));
#915 = ( GEOMETRIC_REPRESENTATION_CONTEXT(2) 
PARAMETRIC_REPRESENTATION_CONTEXT() REPRESENTATION_CONTEXT('2D SPACE',''
  ) );
#916 = ORIENTED_EDGE('',*,*,#917,.T.);
#917 = EDGE_CURVE('',#890,#826,#918,.T.);
#918 = SURFACE_CURVE('',#919,(#923,#930),.PCURVE_S1.);
#919 = LINE('',#920,#921);
#920 = CARTESIAN_POINT('',(59.996083903667,2.525,31.147968640631));
#921 = VECTOR('',#922,1.);
#922 = DIRECTION('',(-0.105041891568,-2.332398531386E-17,-0.994467797878
    ));
#923 = PCURVE('',#834,#924);
#924 = DEFINITIONAL_REPRESENTATION('',(#925),#929);
#925 = LINE('',#926,#927);
#926 = CARTESIAN_POINT('',(5.,-1.166199265693E-16));
#927 = VECTOR('',#928,1.);
#928 = DIRECTION('',(-1.542278222766E-31,1.));
#929 = ( GEOMETRIC_REPRESENTATION_CONTEXT(2) 
PARAMETRIC_REPRESENTATION_CONTEXT() REPRESENTATION_CONTEXT('2D SPACE',''
  ) );
#930 = PCURVE('',#931,#944);
#931 = B_SPLINE_SURFACE_WITH_KNOTS('',3,1,(
    (#932,#933)
    ,(#934,#935)
    ,(#936,#937)
    ,(#938,#939)
    ,(#940,#941)
    ,(#942,#943
    )),.UNSPECIFIED.,.F.,.F.,.F.,(4,2,4),(2,2),(-5.049701392748,
    -2.540284190022,-1.027827632552),(0.,1.05),.UNSPECIFIED.);
#932 = CARTESIAN_POINT('',(59.996083903668,2.525,31.147968640631));
#933 = CARTESIAN_POINT('',(58.893144042201,2.525,20.706056762915));
#934 = CARTESIAN_POINT('',(68.322926262753,2.524329247459,
    30.268435613965));
#935 = CARTESIAN_POINT('',(67.219986401285,2.524329247459,
    19.826523736249));
#936 = CARTESIAN_POINT('',(76.712946928202,2.514014670883,
    29.382229300521));
#937 = CARTESIAN_POINT('',(75.610007066735,2.514014670883,
    18.940317422805));
#938 = CARTESIAN_POINT('',(90.055377805956,2.481291476585,
    27.972918530972));
#939 = CARTESIAN_POINT('',(88.952437944488,2.481291476585,
    17.531006653256));
#940 = CARTESIAN_POINT('',(95.107902041013,2.465169523251,
    27.439239407347));
#941 = CARTESIAN_POINT('',(94.004962179546,2.465169523251,
    16.997327529631));
#942 = CARTESIAN_POINT('',(100.15234539497,2.444909212566,
    26.906413836785));
#943 = CARTESIAN_POINT('',(99.049405533511,2.444909212566,
    16.464501959069));
#944 = DEFINITIONAL_REPRESENTATION('',(#945),#948);
#945 = B_SPLINE_CURVE_WITH_KNOTS('',1,(#946,#947),.UNSPECIFIED.,.F.,.F.,
  (2,2),(-0.,4.265150478384),.PIECEWISE_BEZIER_KNOTS.);
#946 = CARTESIAN_POINT('',(-5.049701392748,-7.628264521229E-15));
#947 = CARTESIAN_POINT('',(-5.049701392748,0.426515047838));
#948 = ( GEOMETRIC_REPRESENTATION_CONTEXT(2) 
PARAMETRIC_REPRESENTATION_CONTEXT() REPRESENTATION_CONTEXT('2D SPACE',''
  ) );
#949 = ADVANCED_FACE('',(#950),#81,.T.);
#950 = FACE_BOUND('',#951,.T.);
#951 = EDGE_LOOP('',(#952,#982,#1003,#1004,#1005,#1028,#1056,#1089,#1117
    ,#1145,#1196));
#952 = ORIENTED_EDGE('',*,*,#953,.T.);
#953 = EDGE_CURVE('',#954,#956,#958,.T.);
#954 = VERTEX_POINT('',#955);
#955 = CARTESIAN_POINT('',(56.,4.525,30.956413836785));
#956 = VERTEX_POINT('',#957);
#957 = CARTESIAN_POINT('',(56.,4.525,24.906413836785));
#958 = SURFACE_CURVE('',#959,(#963,#970),.PCURVE_S1.);
#959 = LINE('',#960,#961);
#960 = CARTESIAN_POINT('',(56.,4.525,26.168913836785));
#961 = VECTOR('',#962,1.);
#962 = DIRECTION('',(0.,0.,-1.));
#963 = PCURVE('',#81,#964);
#964 = DEFINITIONAL_REPRESENTATION('',(#965),#969);
#965 = LINE('',#966,#967);
#966 = CARTESIAN_POINT('',(4.525,-2.2625));
#967 = VECTOR('',#968,1.);
#968 = DIRECTION('',(0.,-1.));
#969 = ( GEOMETRIC_REPRESENTATION_CONTEXT(2) 
PARAMETRIC_REPRESENTATION_CONTEXT() REPRESENTATION_CONTEXT('2D SPACE',''
  ) );
#970 = PCURVE('',#971,#976);
#971 = PLANE('',#972);
#972 = AXIS2_PLACEMENT_3D('',#973,#974,#975);
#973 = CARTESIAN_POINT('',(56.,4.525,23.906413836785));
#974 = DIRECTION('',(-2.22044604925E-16,1.,0.));
#975 = DIRECTION('',(0.,0.,1.));
#976 = DEFINITIONAL_REPRESENTATION('',(#977),#981);
#977 = LINE('',#978,#979);
#978 = CARTESIAN_POINT('',(2.2625,0.));
#979 = VECTOR('',#980,1.);
#980 = DIRECTION('',(-1.,0.));
#981 = ( GEOMETRIC_REPRESENTATION_CONTEXT(2) 
PARAMETRIC_REPRESENTATION_CONTEXT() REPRESENTATION_CONTEXT('2D SPACE',''
  ) );
#982 = ORIENTED_EDGE('',*,*,#983,.T.);
#983 = EDGE_CURVE('',#956,#65,#984,.T.);
#984 = SURFACE_CURVE('',#985,(#989,#996),.PCURVE_S1.);
#985 = LINE('',#986,#987);
#986 = CARTESIAN_POINT('',(56.,4.025,24.406413836785));
#987 = VECTOR('',#988,1.);
#988 = DIRECTION('',(1.570092458684E-16,-0.707106781187,-0.707106781187)
  );
#989 = PCURVE('',#81,#990);
#990 = DEFINITIONAL_REPRESENTATION('',(#991),#995);
#991 = LINE('',#992,#993);
#992 = CARTESIAN_POINT('',(4.025,-4.025));
#993 = VECTOR('',#994,1.);
#994 = DIRECTION('',(-0.707106781187,-0.707106781187));
#995 = ( GEOMETRIC_REPRESENTATION_CONTEXT(2) 
PARAMETRIC_REPRESENTATION_CONTEXT() REPRESENTATION_CONTEXT('2D SPACE',''
  ) );
#996 = PCURVE('',#113,#997);
#997 = DEFINITIONAL_REPRESENTATION('',(#998),#1002);
#998 = LINE('',#999,#1000);
#999 = CARTESIAN_POINT('',(0.,-0.));
#1000 = VECTOR('',#1001,1.);
#1001 = DIRECTION('',(1.,1.751956825008E-33));
#1002 = ( GEOMETRIC_REPRESENTATION_CONTEXT(2) 
PARAMETRIC_REPRESENTATION_CONTEXT() REPRESENTATION_CONTEXT('2D SPACE',''
  ) );
#1003 = ORIENTED_EDGE('',*,*,#62,.F.);
#1004 = ORIENTED_EDGE('',*,*,#258,.F.);
#1005 = ORIENTED_EDGE('',*,*,#1006,.T.);
#1006 = EDGE_CURVE('',#231,#1007,#1009,.T.);
#1007 = VERTEX_POINT('',#1008);
#1008 = CARTESIAN_POINT('',(56.,-4.525,24.906413836785));
#1009 = SURFACE_CURVE('',#1010,(#1014,#1021),.PCURVE_S1.);
#1010 = LINE('',#1011,#1012);
#1011 = CARTESIAN_POINT('',(56.,-4.025,24.406413836785));
#1012 = VECTOR('',#1013,1.);
#1013 = DIRECTION('',(1.570092458684E-16,-0.707106781187,0.707106781187)
  );
#1014 = PCURVE('',#81,#1015);
#1015 = DEFINITIONAL_REPRESENTATION('',(#1016),#1020);
#1016 = LINE('',#1017,#1018);
#1017 = CARTESIAN_POINT('',(-4.025,-4.025));
#1018 = VECTOR('',#1019,1.);
#1019 = DIRECTION('',(-0.707106781187,0.707106781187));
#1020 = ( GEOMETRIC_REPRESENTATION_CONTEXT(2) 
PARAMETRIC_REPRESENTATION_CONTEXT() REPRESENTATION_CONTEXT('2D SPACE',''
  ) );
#1021 = PCURVE('',#246,#1022);
#1022 = DEFINITIONAL_REPRESENTATION('',(#1023),#1027);
#1023 = LINE('',#1024,#1025);
#1024 = CARTESIAN_POINT('',(0.,-0.));
#1025 = VECTOR('',#1026,1.);
#1026 = DIRECTION('',(1.,2.22107296577E-33));
#1027 = ( GEOMETRIC_REPRESENTATION_CONTEXT(2) 
PARAMETRIC_REPRESENTATION_CONTEXT() REPRESENTATION_CONTEXT('2D SPACE',''
  ) );
#1028 = ORIENTED_EDGE('',*,*,#1029,.T.);
#1029 = EDGE_CURVE('',#1007,#1030,#1032,.T.);
#1030 = VERTEX_POINT('',#1031);
#1031 = CARTESIAN_POINT('',(56.,-4.525,30.956413836785));
#1032 = SURFACE_CURVE('',#1033,(#1037,#1044),.PCURVE_S1.);
#1033 = LINE('',#1034,#1035);
#1034 = CARTESIAN_POINT('',(56.,-4.525,30.693913836785));
#1035 = VECTOR('',#1036,1.);
#1036 = DIRECTION('',(0.,0.,1.));
#1037 = PCURVE('',#81,#1038);
#1038 = DEFINITIONAL_REPRESENTATION('',(#1039),#1043);
#1039 = LINE('',#1040,#1041);
#1040 = CARTESIAN_POINT('',(-4.525,2.2625));
#1041 = VECTOR('',#1042,1.);
#1042 = DIRECTION('',(0.,1.));
#1043 = ( GEOMETRIC_REPRESENTATION_CONTEXT(2) 
PARAMETRIC_REPRESENTATION_CONTEXT() REPRESENTATION_CONTEXT('2D SPACE',''
  ) );
#1044 = PCURVE('',#1045,#1050);
#1045 = PLANE('',#1046);
#1046 = AXIS2_PLACEMENT_3D('',#1047,#1048,#1049);
#1047 = CARTESIAN_POINT('',(56.,-4.525,32.956413836785));
#1048 = DIRECTION('',(2.22044604925E-16,-1.,0.));
#1049 = DIRECTION('',(0.,0.,-1.));
#1050 = DEFINITIONAL_REPRESENTATION('',(#1051),#1055);
#1051 = LINE('',#1052,#1053);
#1052 = CARTESIAN_POINT('',(2.2625,0.));
#1053 = VECTOR('',#1054,1.);
#1054 = DIRECTION('',(-1.,0.));
#1055 = ( GEOMETRIC_REPRESENTATION_CONTEXT(2) 
PARAMETRIC_REPRESENTATION_CONTEXT() REPRESENTATION_CONTEXT('2D SPACE',''
  ) );
#1056 = ORIENTED_EDGE('',*,*,#1057,.T.);
#1057 = EDGE_CURVE('',#1030,#1058,#1060,.T.);
#1058 = VERTEX_POINT('',#1059);
#1059 = CARTESIAN_POINT('',(56.,-2.525,32.956413836785));
#1060 = SURFACE_CURVE('',#1061,(#1066,#1077),.PCURVE_S1.);
#1061 = CIRCLE('',#1062,2.);
#1062 = AXIS2_PLACEMENT_3D('',#1063,#1064,#1065);
#1063 = CARTESIAN_POINT('',(56.,-2.525,30.956413836785));
#1064 = DIRECTION('',(-1.,-2.22044604925E-16,0.));
#1065 = DIRECTION('',(1.570092458684E-16,-0.707106781187,0.707106781187)
  );
#1066 = PCURVE('',#81,#1067);
#1067 = DEFINITIONAL_REPRESENTATION('',(#1068),#1076);
#1068 = ( BOUNDED_CURVE() B_SPLINE_CURVE(2,(#1069,#1070,#1071,#1072,
#1073,#1074,#1075),.UNSPECIFIED.,.T.,.F.) B_SPLINE_CURVE_WITH_KNOTS((1,2
    ,2,2,2,1),(-2.094395102393,0.,2.094395102393,4.188790204786,
6.28318530718,8.377580409573),.UNSPECIFIED.) CURVE() 
GEOMETRIC_REPRESENTATION_ITEM() RATIONAL_B_SPLINE_CURVE((1.,0.5,1.,0.5,
1.,0.5,1.)) REPRESENTATION_ITEM('') );
#1069 = CARTESIAN_POINT('',(-3.939213562373,3.939213562373));
#1070 = CARTESIAN_POINT('',(-1.48972381959,6.388703305156));
#1071 = CARTESIAN_POINT('',(-0.593148347422,3.042638090205));
#1072 = CARTESIAN_POINT('',(0.303427124746,-0.303427124746));
#1073 = CARTESIAN_POINT('',(-3.042638090205,0.593148347422));
#1074 = CARTESIAN_POINT('',(-6.388703305156,1.48972381959));
#1075 = CARTESIAN_POINT('',(-3.939213562373,3.939213562373));
#1076 = ( GEOMETRIC_REPRESENTATION_CONTEXT(2) 
PARAMETRIC_REPRESENTATION_CONTEXT() REPRESENTATION_CONTEXT('2D SPACE',''
  ) );
#1077 = PCURVE('',#1078,#1083);
#1078 = CYLINDRICAL_SURFACE('',#1079,2.);
#1079 = AXIS2_PLACEMENT_3D('',#1080,#1081,#1082);
#1080 = CARTESIAN_POINT('',(56.,-2.525,30.956413836785));
#1081 = DIRECTION('',(1.,2.22044604925E-16,0.));
#1082 = DIRECTION('',(1.570092458684E-16,-0.707106781187,0.707106781187)
  );
#1083 = DEFINITIONAL_REPRESENTATION('',(#1084),#1088);
#1084 = LINE('',#1085,#1086);
#1085 = CARTESIAN_POINT('',(6.28318530718,0.));
#1086 = VECTOR('',#1087,1.);
#1087 = DIRECTION('',(-1.,0.));
#1088 = ( GEOMETRIC_REPRESENTATION_CONTEXT(2) 
PARAMETRIC_REPRESENTATION_CONTEXT() REPRESENTATION_CONTEXT('2D SPACE',''
  ) );
#1089 = ORIENTED_EDGE('',*,*,#1090,.T.);
#1090 = EDGE_CURVE('',#1058,#1091,#1093,.T.);
#1091 = VERTEX_POINT('',#1092);
#1092 = CARTESIAN_POINT('',(56.,-2.525,32.996413836785));
#1093 = SURFACE_CURVE('',#1094,(#1098,#1105),.PCURVE_S1.);
#1094 = LINE('',#1095,#1096);
#1095 = CARTESIAN_POINT('',(56.,-2.525,30.693913836785));
#1096 = VECTOR('',#1097,1.);
#1097 = DIRECTION('',(0.,0.,1.));
#1098 = PCURVE('',#81,#1099);
#1099 = DEFINITIONAL_REPRESENTATION('',(#1100),#1104);
#1100 = LINE('',#1101,#1102);
#1101 = CARTESIAN_POINT('',(-2.525,2.2625));
#1102 = VECTOR('',#1103,1.);
#1103 = DIRECTION('',(0.,1.));
#1104 = ( GEOMETRIC_REPRESENTATION_CONTEXT(2) 
PARAMETRIC_REPRESENTATION_CONTEXT() REPRESENTATION_CONTEXT('2D SPACE',''
  ) );
#1105 = PCURVE('',#1106,#1111);
#1106 = PLANE('',#1107);
#1107 = AXIS2_PLACEMENT_3D('',#1108,#1109,#1110);
#1108 = CARTESIAN_POINT('',(56.,-2.525,32.956413836785));
#1109 = DIRECTION('',(2.22044604925E-16,-1.,0.));
#1110 = DIRECTION('',(1.,2.22044604925E-16,0.));
#1111 = DEFINITIONAL_REPRESENTATION('',(#1112),#1116);
#1112 = LINE('',#1113,#1114);
#1113 = CARTESIAN_POINT('',(0.,-2.2625));
#1114 = VECTOR('',#1115,1.);
#1115 = DIRECTION('',(0.,1.));
#1116 = ( GEOMETRIC_REPRESENTATION_CONTEXT(2) 
PARAMETRIC_REPRESENTATION_CONTEXT() REPRESENTATION_CONTEXT('2D SPACE',''
  ) );
#1117 = ORIENTED_EDGE('',*,*,#1118,.T.);
#1118 = EDGE_CURVE('',#1091,#1119,#1121,.T.);
#1119 = VERTEX_POINT('',#1120);
#1120 = CARTESIAN_POINT('',(56.,1.6135151192,32.996413836785));
#1121 = SURFACE_CURVE('',#1122,(#1126,#1133),.PCURVE_S1.);
#1122 = LINE('',#1123,#1124);
#1123 = CARTESIAN_POINT('',(56.,2.2625,32.996413836785));
#1124 = VECTOR('',#1125,1.);
#1125 = DIRECTION('',(-2.22044604925E-16,1.,0.));
#1126 = PCURVE('',#81,#1127);
#1127 = DEFINITIONAL_REPRESENTATION('',(#1128),#1132);
#1128 = LINE('',#1129,#1130);
#1129 = CARTESIAN_POINT('',(2.2625,4.565));
#1130 = VECTOR('',#1131,1.);
#1131 = DIRECTION('',(1.,0.));
#1132 = ( GEOMETRIC_REPRESENTATION_CONTEXT(2) 
PARAMETRIC_REPRESENTATION_CONTEXT() REPRESENTATION_CONTEXT('2D SPACE',''
  ) );
#1133 = PCURVE('',#1134,#1139);
#1134 = PLANE('',#1135);
#1135 = AXIS2_PLACEMENT_3D('',#1136,#1137,#1138);
#1136 = CARTESIAN_POINT('',(56.,4.525,32.996413836785));
#1137 = DIRECTION('',(0.,0.,1.));
#1138 = DIRECTION('',(-2.22044604925E-16,1.,0.));
#1139 = DEFINITIONAL_REPRESENTATION('',(#1140),#1144);
#1140 = LINE('',#1141,#1142);
#1141 = CARTESIAN_POINT('',(-2.2625,5.023759186429E-16));
#1142 = VECTOR('',#1143,1.);
#1143 = DIRECTION('',(1.,-2.465190328816E-32));
#1144 = ( GEOMETRIC_REPRESENTATION_CONTEXT(2) 
PARAMETRIC_REPRESENTATION_CONTEXT() REPRESENTATION_CONTEXT('2D SPACE',''
  ) );
#1145 = ORIENTED_EDGE('',*,*,#1146,.T.);
#1146 = EDGE_CURVE('',#1119,#1147,#1149,.T.);
#1147 = VERTEX_POINT('',#1148);
#1148 = CARTESIAN_POINT('',(56.,1.878648638156,32.849091811783));
#1149 = SURFACE_CURVE('',#1150,(#1158,#1169),.PCURVE_S1.);
#1150 = B_SPLINE_CURVE_WITH_KNOTS('',3,(#1151,#1152,#1153,#1154,#1155,
    #1156,#1157),.UNSPECIFIED.,.F.,.F.,(4,3,4),(6.068421266013E-02,
    7.885927155452E-02,9.117601999387E-02),.UNSPECIFIED.);
#1151 = CARTESIAN_POINT('',(55.999912504565,1.614099699359,
    32.995669178062));
#1152 = CARTESIAN_POINT('',(55.999919560138,1.669809546488,
    32.971841046455));
#1153 = CARTESIAN_POINT('',(55.999933503223,1.723902829341,
    32.944757802358));
#1154 = CARTESIAN_POINT('',(55.999948446973,1.776061261949,
    32.914557401403));
#1155 = CARTESIAN_POINT('',(55.99995857395,1.81140762848,32.894091402174
    ));
#1156 = CARTESIAN_POINT('',(55.999969031868,1.845865314677,
    32.872192782732));
#1157 = CARTESIAN_POINT('',(55.99997651445,1.879330189528,
    32.848891930271));
#1158 = PCURVE('',#81,#1159);
#1159 = DEFINITIONAL_REPRESENTATION('',(#1160),#1168);
#1160 = B_SPLINE_CURVE_WITH_KNOTS('',3,(#1161,#1162,#1163,#1164,#1165,
    #1166,#1167),.UNSPECIFIED.,.F.,.F.,(4,3,4),(6.068421266013E-02,
    7.885927155452E-02,9.117601999387E-02),.UNSPECIFIED.);
#1161 = CARTESIAN_POINT('',(1.614099699359,4.564255341277));
#1162 = CARTESIAN_POINT('',(1.669809546488,4.54042720967));
#1163 = CARTESIAN_POINT('',(1.723902829341,4.513343965572));
#1164 = CARTESIAN_POINT('',(1.776061261949,4.483143564618));
#1165 = CARTESIAN_POINT('',(1.81140762848,4.462677565389));
#1166 = CARTESIAN_POINT('',(1.845865314677,4.440778945947));
#1167 = CARTESIAN_POINT('',(1.879330189528,4.417478093486));
#1168 = ( GEOMETRIC_REPRESENTATION_CONTEXT(2) 
PARAMETRIC_REPRESENTATION_CONTEXT() REPRESENTATION_CONTEXT('2D SPACE',''
  ) );
#1169 = PCURVE('',#1170,#1191);
#1170 = B_SPLINE_SURFACE_WITH_KNOTS('',3,3,(
    (#1171,#1172,#1173,#1174)
    ,(#1175,#1176,#1177,#1178)
    ,(#1179,#1180,#1181,#1182)
    ,(#1183,#1184,#1185,#1186)
    ,(#1187,#1188,#1189,#1190
  )),.UNSPECIFIED.,.F.,.F.,.F.,(4,1,4),(4,4),(0.,0.571428571429,1.),(
    0.166624997054,5.487724008444),.UNSPECIFIED.);
#1171 = CARTESIAN_POINT('',(108.68763181105,2.525,25.426840639801));
#1172 = CARTESIAN_POINT('',(91.071816985316,2.525,27.496652255745));
#1173 = CARTESIAN_POINT('',(73.456002159577,2.525,29.566463871688));
#1174 = CARTESIAN_POINT('',(55.840187333837,2.525,31.636275487631));
#1175 = CARTESIAN_POINT('',(108.73977520541,2.521946966191,
    25.870624177425));
#1176 = CARTESIAN_POINT('',(91.123960382625,2.521947006101,
    27.940435818458));
#1177 = CARTESIAN_POINT('',(73.508145559787,2.521947042419,
    30.010247459087));
#1178 = CARTESIAN_POINT('',(55.892330736995,2.521947082328,
    32.08005910012));
#1179 = CARTESIAN_POINT('',(108.82977109336,2.143557204416,
    26.636563832996));
#1180 = CARTESIAN_POINT('',(91.213956279169,2.143557265642,
    28.706375547165));
#1181 = CARTESIAN_POINT('',(73.598141465,2.143557327826,30.776187261581)
  );
#1182 = CARTESIAN_POINT('',(55.982326650802,2.143557389051,
    32.84599897575));
#1183 = CARTESIAN_POINT('',(108.86147775661,1.360170128561,
    26.906413836787));
#1184 = CARTESIAN_POINT('',(91.245662946148,1.360170146119,
    28.976225582683));
#1185 = CARTESIAN_POINT('',(73.629848135564,1.360170164267,
    31.046037327611));
#1186 = CARTESIAN_POINT('',(56.014033325094,1.360170181825,
    33.115849073507));
#1187 = CARTESIAN_POINT('',(108.86147775663,1.02503501162,
    26.906413836785));
#1188 = CARTESIAN_POINT('',(91.245662946127,1.025035010729,
    28.976225582358));
#1189 = CARTESIAN_POINT('',(73.629848135619,1.025035009837,
    31.046037327932));
#1190 = CARTESIAN_POINT('',(56.014033325111,1.025035008945,
    33.115849073505));
#1191 = DEFINITIONAL_REPRESENTATION('',(#1192),#1195);
#1192 = B_SPLINE_CURVE_WITH_KNOTS('',1,(#1193,#1194),.UNSPECIFIED.,.F.,
  .F.,(2,2),(6.068421266013E-02,9.11081968412E-02),
  .PIECEWISE_BEZIER_KNOTS.);
#1193 = CARTESIAN_POINT('',(0.742223930689,5.487724008444));
#1194 = CARTESIAN_POINT('',(0.613205738861,5.486009342627));
#1195 = ( GEOMETRIC_REPRESENTATION_CONTEXT(2) 
PARAMETRIC_REPRESENTATION_CONTEXT() REPRESENTATION_CONTEXT('2D SPACE',''
  ) );
#1196 = ORIENTED_EDGE('',*,*,#1197,.T.);
#1197 = EDGE_CURVE('',#1147,#954,#1198,.T.);
#1198 = SURFACE_CURVE('',#1199,(#1204,#1215),.PCURVE_S1.);
#1199 = CIRCLE('',#1200,2.);
#1200 = AXIS2_PLACEMENT_3D('',#1201,#1202,#1203);
#1201 = CARTESIAN_POINT('',(56.,2.525,30.956413836785));
#1202 = DIRECTION('',(-1.,-2.22044604925E-16,0.));
#1203 = DIRECTION('',(-1.570092458684E-16,0.707106781187,0.707106781187)
  );
#1204 = PCURVE('',#81,#1205);
#1205 = DEFINITIONAL_REPRESENTATION('',(#1206),#1214);
#1206 = ( BOUNDED_CURVE() B_SPLINE_CURVE(2,(#1207,#1208,#1209,#1210,
#1211,#1212,#1213),.UNSPECIFIED.,.T.,.F.) B_SPLINE_CURVE_WITH_KNOTS((1,2
    ,2,2,2,1),(-2.094395102393,0.,2.094395102393,4.188790204786,
6.28318530718,8.377580409573),.UNSPECIFIED.) CURVE() 
GEOMETRIC_REPRESENTATION_ITEM() RATIONAL_B_SPLINE_CURVE((1.,0.5,1.,0.5,
1.,0.5,1.)) REPRESENTATION_ITEM('') );
#1207 = CARTESIAN_POINT('',(3.939213562373,3.939213562373));
#1208 = CARTESIAN_POINT('',(6.388703305156,1.48972381959));
#1209 = CARTESIAN_POINT('',(3.042638090205,0.593148347422));
#1210 = CARTESIAN_POINT('',(-0.303427124746,-0.303427124746));
#1211 = CARTESIAN_POINT('',(0.593148347422,3.042638090205));
#1212 = CARTESIAN_POINT('',(1.48972381959,6.388703305156));
#1213 = CARTESIAN_POINT('',(3.939213562373,3.939213562373));
#1214 = ( GEOMETRIC_REPRESENTATION_CONTEXT(2) 
PARAMETRIC_REPRESENTATION_CONTEXT() REPRESENTATION_CONTEXT('2D SPACE',''
  ) );
#1215 = PCURVE('',#1216,#1221);
#1216 = CYLINDRICAL_SURFACE('',#1217,2.);
#1217 = AXIS2_PLACEMENT_3D('',#1218,#1219,#1220);
#1218 = CARTESIAN_POINT('',(56.,2.525,30.956413836785));
#1219 = DIRECTION('',(1.,2.22044604925E-16,0.));
#1220 = DIRECTION('',(-1.570092458684E-16,0.707106781187,0.707106781187)
  );
#1221 = DEFINITIONAL_REPRESENTATION('',(#1222),#1226);
#1222 = LINE('',#1223,#1224);
#1223 = CARTESIAN_POINT('',(6.28318530718,0.));
#1224 = VECTOR('',#1225,1.);
#1225 = DIRECTION('',(-1.,0.));
#1226 = ( GEOMETRIC_REPRESENTATION_CONTEXT(2) 
PARAMETRIC_REPRESENTATION_CONTEXT() REPRESENTATION_CONTEXT('2D SPACE',''
  ) );
#1227 = ADVANCED_FACE('',(#1228),#1045,.T.);
#1228 = FACE_BOUND('',#1229,.T.);
#1229 = EDGE_LOOP('',(#1230,#1231,#1254,#1282));
#1230 = ORIENTED_EDGE('',*,*,#1029,.F.);
#1231 = ORIENTED_EDGE('',*,*,#1232,.F.);
#1232 = EDGE_CURVE('',#1233,#1007,#1235,.T.);
#1233 = VERTEX_POINT('',#1234);
#1234 = CARTESIAN_POINT('',(57.,-4.525,24.906413836785));
#1235 = SURFACE_CURVE('',#1236,(#1240,#1247),.PCURVE_S1.);
#1236 = LINE('',#1237,#1238);
#1237 = CARTESIAN_POINT('',(56.,-4.525,24.906413836785));
#1238 = VECTOR('',#1239,1.);
#1239 = DIRECTION('',(-1.,-2.22044604925E-16,0.));
#1240 = PCURVE('',#1045,#1241);
#1241 = DEFINITIONAL_REPRESENTATION('',(#1242),#1246);
#1242 = LINE('',#1243,#1244);
#1243 = CARTESIAN_POINT('',(8.05,0.));
#1244 = VECTOR('',#1245,1.);
#1245 = DIRECTION('',(-0.,-1.));
#1246 = ( GEOMETRIC_REPRESENTATION_CONTEXT(2) 
PARAMETRIC_REPRESENTATION_CONTEXT() REPRESENTATION_CONTEXT('2D SPACE',''
  ) );
#1247 = PCURVE('',#246,#1248);
#1248 = DEFINITIONAL_REPRESENTATION('',(#1249),#1253);
#1249 = LINE('',#1250,#1251);
#1250 = CARTESIAN_POINT('',(0.707106781187,1.110223024625E-16));
#1251 = VECTOR('',#1252,1.);
#1252 = DIRECTION('',(1.60237371373E-31,1.));
#1253 = ( GEOMETRIC_REPRESENTATION_CONTEXT(2) 
PARAMETRIC_REPRESENTATION_CONTEXT() REPRESENTATION_CONTEXT('2D SPACE',''
  ) );
#1254 = ORIENTED_EDGE('',*,*,#1255,.F.);
#1255 = EDGE_CURVE('',#1256,#1233,#1258,.T.);
#1256 = VERTEX_POINT('',#1257);
#1257 = CARTESIAN_POINT('',(57.,-4.525,30.956413836785));
#1258 = SURFACE_CURVE('',#1259,(#1263,#1270),.PCURVE_S1.);
#1259 = LINE('',#1260,#1261);
#1260 = CARTESIAN_POINT('',(57.,-4.525,30.693913836785));
#1261 = VECTOR('',#1262,1.);
#1262 = DIRECTION('',(0.,0.,-1.));
#1263 = PCURVE('',#1045,#1264);
#1264 = DEFINITIONAL_REPRESENTATION('',(#1265),#1269);
#1265 = LINE('',#1266,#1267);
#1266 = CARTESIAN_POINT('',(2.2625,1.));
#1267 = VECTOR('',#1268,1.);
#1268 = DIRECTION('',(1.,0.));
#1269 = ( GEOMETRIC_REPRESENTATION_CONTEXT(2) 
PARAMETRIC_REPRESENTATION_CONTEXT() REPRESENTATION_CONTEXT('2D SPACE',''
  ) );
#1270 = PCURVE('',#1271,#1276);
#1271 = CYLINDRICAL_SURFACE('',#1272,1.);
#1272 = AXIS2_PLACEMENT_3D('',#1273,#1274,#1275);
#1273 = CARTESIAN_POINT('',(57.,-3.525,30.693913836785));
#1274 = DIRECTION('',(0.,0.,-1.));
#1275 = DIRECTION('',(0.707106781187,-0.707106781187,0.));
#1276 = DEFINITIONAL_REPRESENTATION('',(#1277),#1281);
#1277 = LINE('',#1278,#1279);
#1278 = CARTESIAN_POINT('',(7.068583470577,0.));
#1279 = VECTOR('',#1280,1.);
#1280 = DIRECTION('',(0.,1.));
#1281 = ( GEOMETRIC_REPRESENTATION_CONTEXT(2) 
PARAMETRIC_REPRESENTATION_CONTEXT() REPRESENTATION_CONTEXT('2D SPACE',''
  ) );
#1282 = ORIENTED_EDGE('',*,*,#1283,.F.);
#1283 = EDGE_CURVE('',#1030,#1256,#1284,.T.);
#1284 = SURFACE_CURVE('',#1285,(#1289,#1296),.PCURVE_S1.);
#1285 = LINE('',#1286,#1287);
#1286 = CARTESIAN_POINT('',(56.,-4.525,30.956413836785));
#1287 = VECTOR('',#1288,1.);
#1288 = DIRECTION('',(1.,2.22044604925E-16,0.));
#1289 = PCURVE('',#1045,#1290);
#1290 = DEFINITIONAL_REPRESENTATION('',(#1291),#1295);
#1291 = LINE('',#1292,#1293);
#1292 = CARTESIAN_POINT('',(2.,0.));
#1293 = VECTOR('',#1294,1.);
#1294 = DIRECTION('',(0.,1.));
#1295 = ( GEOMETRIC_REPRESENTATION_CONTEXT(2) 
PARAMETRIC_REPRESENTATION_CONTEXT() REPRESENTATION_CONTEXT('2D SPACE',''
  ) );
#1296 = PCURVE('',#1078,#1297);
#1297 = DEFINITIONAL_REPRESENTATION('',(#1298),#1302);
#1298 = LINE('',#1299,#1300);
#1299 = CARTESIAN_POINT('',(0.785398163397,0.));
#1300 = VECTOR('',#1301,1.);
#1301 = DIRECTION('',(0.,1.));
#1302 = ( GEOMETRIC_REPRESENTATION_CONTEXT(2) 
PARAMETRIC_REPRESENTATION_CONTEXT() REPRESENTATION_CONTEXT('2D SPACE',''
  ) );
#1303 = ADVANCED_FACE('',(#1304),#971,.T.);
#1304 = FACE_BOUND('',#1305,.T.);
#1305 = EDGE_LOOP('',(#1306,#1336,#1357,#1358));
#1306 = ORIENTED_EDGE('',*,*,#1307,.F.);
#1307 = EDGE_CURVE('',#1308,#1310,#1312,.T.);
#1308 = VERTEX_POINT('',#1309);
#1309 = CARTESIAN_POINT('',(57.,4.525,24.906413836785));
#1310 = VERTEX_POINT('',#1311);
#1311 = CARTESIAN_POINT('',(57.,4.525,30.956413836785));
#1312 = SURFACE_CURVE('',#1313,(#1317,#1324),.PCURVE_S1.);
#1313 = LINE('',#1314,#1315);
#1314 = CARTESIAN_POINT('',(57.,4.525,26.168913836785));
#1315 = VECTOR('',#1316,1.);
#1316 = DIRECTION('',(0.,0.,1.));
#1317 = PCURVE('',#971,#1318);
#1318 = DEFINITIONAL_REPRESENTATION('',(#1319),#1323);
#1319 = LINE('',#1320,#1321);
#1320 = CARTESIAN_POINT('',(2.2625,1.));
#1321 = VECTOR('',#1322,1.);
#1322 = DIRECTION('',(1.,0.));
#1323 = ( GEOMETRIC_REPRESENTATION_CONTEXT(2) 
PARAMETRIC_REPRESENTATION_CONTEXT() REPRESENTATION_CONTEXT('2D SPACE',''
  ) );
#1324 = PCURVE('',#1325,#1330);
#1325 = CYLINDRICAL_SURFACE('',#1326,1.);
#1326 = AXIS2_PLACEMENT_3D('',#1327,#1328,#1329);
#1327 = CARTESIAN_POINT('',(57.,3.525,26.168913836785));
#1328 = DIRECTION('',(0.,0.,1.));
#1329 = DIRECTION('',(0.707106781187,0.707106781187,-0.));
#1330 = DEFINITIONAL_REPRESENTATION('',(#1331),#1335);
#1331 = LINE('',#1332,#1333);
#1332 = CARTESIAN_POINT('',(7.068583470577,0.));
#1333 = VECTOR('',#1334,1.);
#1334 = DIRECTION('',(0.,1.));
#1335 = ( GEOMETRIC_REPRESENTATION_CONTEXT(2) 
PARAMETRIC_REPRESENTATION_CONTEXT() REPRESENTATION_CONTEXT('2D SPACE',''
  ) );
#1336 = ORIENTED_EDGE('',*,*,#1337,.F.);
#1337 = EDGE_CURVE('',#956,#1308,#1338,.T.);
#1338 = SURFACE_CURVE('',#1339,(#1343,#1350),.PCURVE_S1.);
#1339 = LINE('',#1340,#1341);
#1340 = CARTESIAN_POINT('',(56.,4.525,24.906413836785));
#1341 = VECTOR('',#1342,1.);
#1342 = DIRECTION('',(1.,2.22044604925E-16,0.));
#1343 = PCURVE('',#971,#1344);
#1344 = DEFINITIONAL_REPRESENTATION('',(#1345),#1349);
#1345 = LINE('',#1346,#1347);
#1346 = CARTESIAN_POINT('',(1.,0.));
#1347 = VECTOR('',#1348,1.);
#1348 = DIRECTION('',(0.,1.));
#1349 = ( GEOMETRIC_REPRESENTATION_CONTEXT(2) 
PARAMETRIC_REPRESENTATION_CONTEXT() REPRESENTATION_CONTEXT('2D SPACE',''
  ) );
#1350 = PCURVE('',#113,#1351);
#1351 = DEFINITIONAL_REPRESENTATION('',(#1352),#1356);
#1352 = LINE('',#1353,#1354);
#1353 = CARTESIAN_POINT('',(-0.707106781187,-1.110223024625E-16));
#1354 = VECTOR('',#1355,1.);
#1355 = DIRECTION('',(3.944304526105E-31,-1.));
#1356 = ( GEOMETRIC_REPRESENTATION_CONTEXT(2) 
PARAMETRIC_REPRESENTATION_CONTEXT() REPRESENTATION_CONTEXT('2D SPACE',''
  ) );
#1357 = ORIENTED_EDGE('',*,*,#953,.F.);
#1358 = ORIENTED_EDGE('',*,*,#1359,.F.);
#1359 = EDGE_CURVE('',#1310,#954,#1360,.T.);
#1360 = SURFACE_CURVE('',#1361,(#1365,#1372),.PCURVE_S1.);
#1361 = LINE('',#1362,#1363);
#1362 = CARTESIAN_POINT('',(56.,4.525,30.956413836785));
#1363 = VECTOR('',#1364,1.);
#1364 = DIRECTION('',(-1.,-2.22044604925E-16,0.));
#1365 = PCURVE('',#971,#1366);
#1366 = DEFINITIONAL_REPRESENTATION('',(#1367),#1371);
#1367 = LINE('',#1368,#1369);
#1368 = CARTESIAN_POINT('',(7.05,0.));
#1369 = VECTOR('',#1370,1.);
#1370 = DIRECTION('',(0.,-1.));
#1371 = ( GEOMETRIC_REPRESENTATION_CONTEXT(2) 
PARAMETRIC_REPRESENTATION_CONTEXT() REPRESENTATION_CONTEXT('2D SPACE',''
  ) );
#1372 = PCURVE('',#1216,#1373);
#1373 = DEFINITIONAL_REPRESENTATION('',(#1374),#1378);
#1374 = LINE('',#1375,#1376);
#1375 = CARTESIAN_POINT('',(-0.785398163397,0.));
#1376 = VECTOR('',#1377,1.);
#1377 = DIRECTION('',(0.,-1.));
#1378 = ( GEOMETRIC_REPRESENTATION_CONTEXT(2) 
PARAMETRIC_REPRESENTATION_CONTEXT() REPRESENTATION_CONTEXT('2D SPACE',''
  ) );
#1379 = ADVANCED_FACE('',(#1380),#1271,.T.);
#1380 = FACE_BOUND('',#1381,.T.);
#1381 = EDGE_LOOP('',(#1382,#1383,#1434,#1462));
#1382 = ORIENTED_EDGE('',*,*,#1255,.T.);
#1383 = ORIENTED_EDGE('',*,*,#1384,.T.);
#1384 = EDGE_CURVE('',#1233,#1385,#1387,.T.);
#1385 = VERTEX_POINT('',#1386);
#1386 = CARTESIAN_POINT('',(58.,-3.525,25.906413836785));
#1387 = SURFACE_CURVE('',#1388,(#1393,#1422),.PCURVE_S1.);
#1388 = ELLIPSE('',#1389,1.414213562373,1.);
#1389 = AXIS2_PLACEMENT_3D('',#1390,#1391,#1392);
#1390 = CARTESIAN_POINT('',(57.,-3.525,25.906413836785));
#1391 = DIRECTION('',(1.570092458684E-16,-0.707106781187,0.707106781187)
  );
#1392 = DIRECTION('',(1.079438565345E-16,-0.707106781187,-0.707106781187
    ));
#1393 = PCURVE('',#1271,#1394);
#1394 = DEFINITIONAL_REPRESENTATION('',(#1395),#1421);
#1395 = B_SPLINE_CURVE_WITH_KNOTS('',3,(#1396,#1397,#1398,#1399,#1400,
    #1401,#1402,#1403,#1404,#1405,#1406,#1407,#1408,#1409,#1410,#1411,
    #1412,#1413,#1414,#1415,#1416,#1417,#1418,#1419,#1420),
  .UNSPECIFIED.,.F.,.F.,(4,1,1,1,1,1,1,1,1,1,1,1,1,1,1,1,1,1,1,1,1,1,4),
  (0.,7.139983303613E-02,0.142799666072,0.214199499108,0.285599332145,
    0.356999165181,0.428398998217,0.499798831253,0.571198664289,
    0.642598497325,0.713998330361,0.785398163397,0.856797996434,
    0.92819782947,0.999597662506,1.070997495542,1.142397328578,
    1.213797161614,1.28519699465,1.356596827687,1.427996660723,
    1.499396493759,1.570796326795),.QUASI_UNIFORM_KNOTS.);
#1396 = CARTESIAN_POINT('',(7.068583470577,5.7875));
#1397 = CARTESIAN_POINT('',(7.044783526232,5.787502156555));
#1398 = CARTESIAN_POINT('',(6.997183637541,5.785798965049));
#1399 = CARTESIAN_POINT('',(6.925783804505,5.778163075158));
#1400 = CARTESIAN_POINT('',(6.854383971469,5.765477385604));
#1401 = CARTESIAN_POINT('',(6.782984138432,5.747808578251));
#1402 = CARTESIAN_POINT('',(6.711584305396,5.725246143077));
#1403 = CARTESIAN_POINT('',(6.64018447236,5.697905199438));
#1404 = CARTESIAN_POINT('',(6.568784639324,5.665925031298));
#1405 = CARTESIAN_POINT('',(6.497384806288,5.629468612773));
#1406 = CARTESIAN_POINT('',(6.425984973252,5.588721714598));
#1407 = CARTESIAN_POINT('',(6.354585140216,5.543891974382));
#1408 = CARTESIAN_POINT('',(6.28318530718,5.495207834001));
#1409 = CARTESIAN_POINT('',(6.211785474143,5.442917376733));
#1410 = CARTESIAN_POINT('',(6.140385641107,5.38728706274));
#1411 = CARTESIAN_POINT('',(6.068985808071,5.328600371375));
#1412 = CARTESIAN_POINT('',(5.997585975035,5.267156356495));
#1413 = CARTESIAN_POINT('',(5.926186141999,5.203268122965));
#1414 = CARTESIAN_POINT('',(5.854786308963,5.137261229657));
#1415 = CARTESIAN_POINT('',(5.783386475927,5.069472036001));
#1416 = CARTESIAN_POINT('',(5.711986642891,5.000245967386));
#1417 = CARTESIAN_POINT('',(5.640586809854,4.929935831773));
#1418 = CARTESIAN_POINT('',(5.569186976818,4.858899735163));
#1419 = CARTESIAN_POINT('',(5.521587088128,4.811300129568));
#1420 = CARTESIAN_POINT('',(5.497787143782,4.7875));
#1421 = ( GEOMETRIC_REPRESENTATION_CONTEXT(2) 
PARAMETRIC_REPRESENTATION_CONTEXT() REPRESENTATION_CONTEXT('2D SPACE',''
  ) );
#1422 = PCURVE('',#1423,#1428);
#1423 = PLANE('',#1424);
#1424 = AXIS2_PLACEMENT_3D('',#1425,#1426,#1427);
#1425 = CARTESIAN_POINT('',(57.,-4.025,25.406413836785));
#1426 = DIRECTION('',(1.570092458684E-16,-0.707106781187,0.707106781187)
  );
#1427 = DIRECTION('',(-1.570092458684E-16,0.707106781187,0.707106781187)
  );
#1428 = DEFINITIONAL_REPRESENTATION('',(#1429),#1433);
#1429 = ELLIPSE('',#1430,1.414213562373,1.);
#1430 = AXIS2_PLACEMENT_2D('',#1431,#1432);
#1431 = CARTESIAN_POINT('',(0.707106781187,-1.110223024625E-16));
#1432 = DIRECTION('',(-1.,4.906538933387E-17));
#1433 = ( GEOMETRIC_REPRESENTATION_CONTEXT(2) 
PARAMETRIC_REPRESENTATION_CONTEXT() REPRESENTATION_CONTEXT('2D SPACE',''
  ) );
#1434 = ORIENTED_EDGE('',*,*,#1435,.T.);
#1435 = EDGE_CURVE('',#1385,#1436,#1438,.T.);
#1436 = VERTEX_POINT('',#1437);
#1437 = CARTESIAN_POINT('',(58.,-3.525,30.956413836785));
#1438 = SURFACE_CURVE('',#1439,(#1443,#1450),.PCURVE_S1.);
#1439 = LINE('',#1440,#1441);
#1440 = CARTESIAN_POINT('',(58.,-3.525,30.693913836785));
#1441 = VECTOR('',#1442,1.);
#1442 = DIRECTION('',(0.,0.,1.));
#1443 = PCURVE('',#1271,#1444);
#1444 = DEFINITIONAL_REPRESENTATION('',(#1445),#1449);
#1445 = LINE('',#1446,#1447);
#1446 = CARTESIAN_POINT('',(5.497787143782,0.));
#1447 = VECTOR('',#1448,1.);
#1448 = DIRECTION('',(0.,-1.));
#1449 = ( GEOMETRIC_REPRESENTATION_CONTEXT(2) 
PARAMETRIC_REPRESENTATION_CONTEXT() REPRESENTATION_CONTEXT('2D SPACE',''
  ) );
#1450 = PCURVE('',#1451,#1456);
#1451 = PLANE('',#1452);
#1452 = AXIS2_PLACEMENT_3D('',#1453,#1454,#1455);
#1453 = CARTESIAN_POINT('',(58.,1.287858708565E-14,28.431413836785));
#1454 = DIRECTION('',(1.,2.22044604925E-16,0.));
#1455 = DIRECTION('',(0.,0.,-1.));
#1456 = DEFINITIONAL_REPRESENTATION('',(#1457),#1461);
#1457 = LINE('',#1458,#1459);
#1458 = CARTESIAN_POINT('',(-2.2625,-3.525));
#1459 = VECTOR('',#1460,1.);
#1460 = DIRECTION('',(-1.,0.));
#1461 = ( GEOMETRIC_REPRESENTATION_CONTEXT(2) 
PARAMETRIC_REPRESENTATION_CONTEXT() REPRESENTATION_CONTEXT('2D SPACE',''
  ) );
#1462 = ORIENTED_EDGE('',*,*,#1463,.F.);
#1463 = EDGE_CURVE('',#1256,#1436,#1464,.T.);
#1464 = SURFACE_CURVE('',#1465,(#1470,#1477),.PCURVE_S1.);
#1465 = CIRCLE('',#1466,1.);
#1466 = AXIS2_PLACEMENT_3D('',#1467,#1468,#1469);
#1467 = CARTESIAN_POINT('',(57.,-3.525,30.956413836785));
#1468 = DIRECTION('',(0.,0.,1.));
#1469 = DIRECTION('',(2.22044604925E-16,-1.,0.));
#1470 = PCURVE('',#1271,#1471);
#1471 = DEFINITIONAL_REPRESENTATION('',(#1472),#1476);
#1472 = LINE('',#1473,#1474);
#1473 = CARTESIAN_POINT('',(7.068583470577,-0.2625));
#1474 = VECTOR('',#1475,1.);
#1475 = DIRECTION('',(-1.,0.));
#1476 = ( GEOMETRIC_REPRESENTATION_CONTEXT(2) 
PARAMETRIC_REPRESENTATION_CONTEXT() REPRESENTATION_CONTEXT('2D SPACE',''
  ) );
#1477 = PCURVE('',#1478,#1488);
#1478 = ( BOUNDED_SURFACE() B_SPLINE_SURFACE(2,2,(
    (#1479,#1480,#1481)
    ,(#1482,#1483,#1484)
    ,(#1485,#1486,#1487
)),.UNSPECIFIED.,.F.,.F.,.F.) B_SPLINE_SURFACE_WITH_KNOTS((3,3),(3,3),(
    -1.570796326795,4.440892098501E-16),(-1.570796326795,0.),
.PIECEWISE_BEZIER_KNOTS.) GEOMETRIC_REPRESENTATION_ITEM() 
RATIONAL_B_SPLINE_SURFACE((
    (1.,0.707106781187,1.)
    ,(0.707106781187,0.5,0.707106781187)
,(1.,0.707106781187,1.))) REPRESENTATION_ITEM('') SURFACE() );
#1479 = CARTESIAN_POINT('',(58.,-3.525,30.956413836785));
#1480 = CARTESIAN_POINT('',(58.,-3.525,31.956413836785));
#1481 = CARTESIAN_POINT('',(58.,-2.525,31.956413836785));
#1482 = CARTESIAN_POINT('',(58.,-4.525,30.956413836785));
#1483 = CARTESIAN_POINT('',(58.,-4.525,32.956413836785));
#1484 = CARTESIAN_POINT('',(58.,-2.525,32.956413836785));
#1485 = CARTESIAN_POINT('',(57.,-4.525,30.956413836785));
#1486 = CARTESIAN_POINT('',(57.,-4.525,32.956413836785));
#1487 = CARTESIAN_POINT('',(57.,-2.525,32.956413836785));
#1488 = DEFINITIONAL_REPRESENTATION('',(#1489),#1515);
#1489 = B_SPLINE_CURVE_WITH_KNOTS('',3,(#1490,#1491,#1492,#1493,#1494,
    #1495,#1496,#1497,#1498,#1499,#1500,#1501,#1502,#1503,#1504,#1505,
    #1506,#1507,#1508,#1509,#1510,#1511,#1512,#1513,#1514),
  .UNSPECIFIED.,.F.,.F.,(4,1,1,1,1,1,1,1,1,1,1,1,1,1,1,1,1,1,1,1,1,1,4),
  (0.,7.139983303613E-02,0.142799666072,0.214199499108,0.285599332145,
    0.356999165181,0.428398998217,0.499798831253,0.571198664289,
    0.642598497325,0.713998330361,0.785398163397,0.856797996434,
    0.92819782947,0.999597662506,1.070997495542,1.142397328578,
    1.213797161614,1.28519699465,1.356596827687,1.427996660723,
    1.499396493759,1.570796326795),.QUASI_UNIFORM_KNOTS.);
#1490 = CARTESIAN_POINT('',(4.440892098501E-16,-1.570796326795));
#1491 = CARTESIAN_POINT('',(-2.643304852829E-02,-1.570796326795));
#1492 = CARTESIAN_POINT('',(-7.852521262872E-02,-1.570796326795));
#1493 = CARTESIAN_POINT('',(-0.154606454553,-1.570796326795));
#1494 = CARTESIAN_POINT('',(-0.228904158181,-1.570796326795));
#1495 = CARTESIAN_POINT('',(-0.301661439934,-1.570796326795));
#1496 = CARTESIAN_POINT('',(-0.373106106239,-1.570796326795));
#1497 = CARTESIAN_POINT('',(-0.443450603945,-1.570796326795));
#1498 = CARTESIAN_POINT('',(-0.512895531033,-1.570796326795));
#1499 = CARTESIAN_POINT('',(-0.581631810168,-1.570796326795));
#1500 = CARTESIAN_POINT('',(-0.649842920765,-1.570796326795));
#1501 = CARTESIAN_POINT('',(-0.717706886775,-1.570796326795));
#1502 = CARTESIAN_POINT('',(-0.785398163397,-1.570796326795));
#1503 = CARTESIAN_POINT('',(-0.85308944002,-1.570796326795));
#1504 = CARTESIAN_POINT('',(-0.92095340603,-1.570796326795));
#1505 = CARTESIAN_POINT('',(-0.989164516627,-1.570796326795));
#1506 = CARTESIAN_POINT('',(-1.057900795762,-1.570796326795));
#1507 = CARTESIAN_POINT('',(-1.12734572285,-1.570796326795));
#1508 = CARTESIAN_POINT('',(-1.197690220556,-1.570796326795));
#1509 = CARTESIAN_POINT('',(-1.269134886861,-1.570796326795));
#1510 = CARTESIAN_POINT('',(-1.341892168614,-1.570796326795));
#1511 = CARTESIAN_POINT('',(-1.416189872242,-1.570796326795));
#1512 = CARTESIAN_POINT('',(-1.492271114166,-1.570796326795));
#1513 = CARTESIAN_POINT('',(-1.544363278267,-1.570796326795));
#1514 = CARTESIAN_POINT('',(-1.570796326795,-1.570796326795));
#1515 = ( GEOMETRIC_REPRESENTATION_CONTEXT(2) 
PARAMETRIC_REPRESENTATION_CONTEXT() REPRESENTATION_CONTEXT('2D SPACE',''
  ) );
#1516 = ADVANCED_FACE('',(#1517),#1325,.T.);
#1517 = FACE_BOUND('',#1518,.T.);
#1518 = EDGE_LOOP('',(#1519,#1570,#1571,#1621));
#1519 = ORIENTED_EDGE('',*,*,#1520,.T.);
#1520 = EDGE_CURVE('',#1521,#1308,#1523,.T.);
#1521 = VERTEX_POINT('',#1522);
#1522 = CARTESIAN_POINT('',(58.,3.525,25.906413836785));
#1523 = SURFACE_CURVE('',#1524,(#1529,#1558),.PCURVE_S1.);
#1524 = ELLIPSE('',#1525,1.414213562373,1.);
#1525 = AXIS2_PLACEMENT_3D('',#1526,#1527,#1528);
#1526 = CARTESIAN_POINT('',(57.,3.525,25.906413836785));
#1527 = DIRECTION('',(-1.570092458684E-16,0.707106781187,0.707106781187)
  );
#1528 = DIRECTION('',(-5.887846720064E-17,0.707106781187,-0.707106781187
    ));
#1529 = PCURVE('',#1325,#1530);
#1530 = DEFINITIONAL_REPRESENTATION('',(#1531),#1557);
#1531 = B_SPLINE_CURVE_WITH_KNOTS('',3,(#1532,#1533,#1534,#1535,#1536,
    #1537,#1538,#1539,#1540,#1541,#1542,#1543,#1544,#1545,#1546,#1547,
    #1548,#1549,#1550,#1551,#1552,#1553,#1554,#1555,#1556),
  .UNSPECIFIED.,.F.,.F.,(4,1,1,1,1,1,1,1,1,1,1,1,1,1,1,1,1,1,1,1,1,1,4),
  (4.712388980385,4.783788813421,4.855188646457,4.926588479493,
    4.997988312529,5.069388145565,5.140787978601,5.212187811638,
    5.283587644674,5.35498747771,5.426387310746,5.497787143782,
    5.569186976818,5.640586809854,5.711986642891,5.783386475927,
    5.854786308963,5.926186141999,5.997585975035,6.068985808071,
    6.140385641107,6.211785474143,6.28318530718),.QUASI_UNIFORM_KNOTS.);
#1532 = CARTESIAN_POINT('',(5.497787143782,-0.2625));
#1533 = CARTESIAN_POINT('',(5.521587088128,-0.286300129568));
#1534 = CARTESIAN_POINT('',(5.569186976818,-0.333899735163));
#1535 = CARTESIAN_POINT('',(5.640586809854,-0.404935831773));
#1536 = CARTESIAN_POINT('',(5.711986642891,-0.475245967386));
#1537 = CARTESIAN_POINT('',(5.783386475927,-0.544472036001));
#1538 = CARTESIAN_POINT('',(5.854786308963,-0.612261229657));
#1539 = CARTESIAN_POINT('',(5.926186141999,-0.678268122965));
#1540 = CARTESIAN_POINT('',(5.997585975035,-0.742156356495));
#1541 = CARTESIAN_POINT('',(6.068985808071,-0.803600371375));
#1542 = CARTESIAN_POINT('',(6.140385641107,-0.86228706274));
#1543 = CARTESIAN_POINT('',(6.211785474143,-0.917917376733));
#1544 = CARTESIAN_POINT('',(6.28318530718,-0.970207834001));
#1545 = CARTESIAN_POINT('',(6.354585140216,-1.018891974382));
#1546 = CARTESIAN_POINT('',(6.425984973252,-1.063721714598));
#1547 = CARTESIAN_POINT('',(6.497384806288,-1.104468612773));
#1548 = CARTESIAN_POINT('',(6.568784639324,-1.140925031298));
#1549 = CARTESIAN_POINT('',(6.64018447236,-1.172905199438));
#1550 = CARTESIAN_POINT('',(6.711584305396,-1.200246143077));
#1551 = CARTESIAN_POINT('',(6.782984138432,-1.222808578251));
#1552 = CARTESIAN_POINT('',(6.854383971469,-1.240477385604));
#1553 = CARTESIAN_POINT('',(6.925783804505,-1.253163075158));
#1554 = CARTESIAN_POINT('',(6.997183637541,-1.260798965049));
#1555 = CARTESIAN_POINT('',(7.044783526232,-1.262502156555));
#1556 = CARTESIAN_POINT('',(7.068583470577,-1.2625));
#1557 = ( GEOMETRIC_REPRESENTATION_CONTEXT(2) 
PARAMETRIC_REPRESENTATION_CONTEXT() REPRESENTATION_CONTEXT('2D SPACE',''
  ) );
#1558 = PCURVE('',#1559,#1564);
#1559 = PLANE('',#1560);
#1560 = AXIS2_PLACEMENT_3D('',#1561,#1562,#1563);
#1561 = CARTESIAN_POINT('',(57.,4.025,25.406413836785));
#1562 = DIRECTION('',(-1.570092458684E-16,0.707106781187,0.707106781187)
  );
#1563 = DIRECTION('',(-1.570092458684E-16,0.707106781187,-0.707106781187
    ));
#1564 = DEFINITIONAL_REPRESENTATION('',(#1565),#1569);
#1565 = ELLIPSE('',#1566,1.414213562373,1.);
#1566 = AXIS2_PLACEMENT_2D('',#1567,#1568);
#1567 = CARTESIAN_POINT('',(-0.707106781187,1.110223024625E-16));
#1568 = DIRECTION('',(1.,-9.813077866774E-17));
#1569 = ( GEOMETRIC_REPRESENTATION_CONTEXT(2) 
PARAMETRIC_REPRESENTATION_CONTEXT() REPRESENTATION_CONTEXT('2D SPACE',''
  ) );
#1570 = ORIENTED_EDGE('',*,*,#1307,.T.);
#1571 = ORIENTED_EDGE('',*,*,#1572,.T.);
#1572 = EDGE_CURVE('',#1310,#1573,#1575,.T.);
#1573 = VERTEX_POINT('',#1574);
#1574 = CARTESIAN_POINT('',(58.,3.525,30.956413836785));
#1575 = SURFACE_CURVE('',#1576,(#1581,#1588),.PCURVE_S1.);
#1576 = CIRCLE('',#1577,1.);
#1577 = AXIS2_PLACEMENT_3D('',#1578,#1579,#1580);
#1578 = CARTESIAN_POINT('',(57.,3.525,30.956413836785));
#1579 = DIRECTION('',(0.,0.,-1.));
#1580 = DIRECTION('',(-2.22044604925E-16,1.,0.));
#1581 = PCURVE('',#1325,#1582);
#1582 = DEFINITIONAL_REPRESENTATION('',(#1583),#1587);
#1583 = LINE('',#1584,#1585);
#1584 = CARTESIAN_POINT('',(7.068583470577,4.7875));
#1585 = VECTOR('',#1586,1.);
#1586 = DIRECTION('',(-1.,0.));
#1587 = ( GEOMETRIC_REPRESENTATION_CONTEXT(2) 
PARAMETRIC_REPRESENTATION_CONTEXT() REPRESENTATION_CONTEXT('2D SPACE',''
  ) );
#1588 = PCURVE('',#1589,#1615);
#1589 = ( BOUNDED_SURFACE() B_SPLINE_SURFACE(2,2,(
    (#1590,#1591,#1592,#1593,#1594)
    ,(#1595,#1596,#1597,#1598,#1599)
    ,(#1600,#1601,#1602,#1603,#1604)
    ,(#1605,#1606,#1607,#1608,#1609)
    ,(#1610,#1611,#1612,#1613,#1614
)),.UNSPECIFIED.,.F.,.F.,.F.) B_SPLINE_SURFACE_WITH_KNOTS((3,2,3),(3,2,3
    ),(-1.570796328605,-0.785398164303,1.694211710932E-16),(
    -0.396903380514,0.58694647314,1.570796326795),.UNSPECIFIED.) 
GEOMETRIC_REPRESENTATION_ITEM() RATIONAL_B_SPLINE_SURFACE((
    (1.,0.881425304099,1.,0.881425304099,1.)
    ,(0.923879532338,0.814330797742,0.923879532338,0.814330797742
      ,0.923879532338)
    ,(1.,0.881425304099,1.,0.881425304099,1.)
    ,(0.923879532338,0.814330797742,0.923879532338,0.814330797742
      ,0.923879532338)
,(1.,0.881425304099,1.,0.881425304099,1.
))) REPRESENTATION_ITEM('') SURFACE() );
#1590 = CARTESIAN_POINT('',(58.,2.13843569633,31.878676291571));
#1591 = CARTESIAN_POINT('',(58.,2.632642266631,32.085821901507));
#1592 = CARTESIAN_POINT('',(58.,3.07882113241,31.789049501212));
#1593 = CARTESIAN_POINT('',(58.,3.52499999819,31.492277100916));
#1594 = CARTESIAN_POINT('',(58.,3.52499999819,30.956413836785));
#1595 = CARTESIAN_POINT('',(58.00000000075,1.978315518525,
    32.260689909591));
#1596 = CARTESIAN_POINT('',(58.00000000075,2.677229153492,
    32.553638040814));
#1597 = CARTESIAN_POINT('',(58.00000000075,3.308221357293,
    32.133938486999));
#1598 = CARTESIAN_POINT('',(58.00000000075,3.939213561093,
    31.714238933183));
#1599 = CARTESIAN_POINT('',(58.00000000075,3.939213561093,
    30.956413836785));
#1600 = CARTESIAN_POINT('',(57.707106781827,1.865093454893,
    32.530814329643));
#1601 = CARTESIAN_POINT('',(57.707106781827,2.708756843572,
    32.884434005566));
#1602 = CARTESIAN_POINT('',(57.707106781827,3.470431812059,
    32.377811827826));
#1603 = CARTESIAN_POINT('',(57.707106781827,4.232106780547,
    31.871189650085));
#1604 = CARTESIAN_POINT('',(57.707106781827,4.232106780547,
    30.956413836785));
#1605 = CARTESIAN_POINT('',(57.414213562903,1.75187139126,
    32.800938749696));
#1606 = CARTESIAN_POINT('',(57.414213562903,2.740284533652,
    33.215229970318));
#1607 = CARTESIAN_POINT('',(57.414213562903,3.632642266826,
    32.621685168653));
#1608 = CARTESIAN_POINT('',(57.414213562903,4.525,32.028140366987));
#1609 = CARTESIAN_POINT('',(57.414213562903,4.525,30.956413836785));
#1610 = CARTESIAN_POINT('',(57.,1.75187139126,32.800938749696));
#1611 = CARTESIAN_POINT('',(57.,2.740284533652,33.215229970318));
#1612 = CARTESIAN_POINT('',(57.,3.632642266826,32.621685168653));
#1613 = CARTESIAN_POINT('',(57.,4.525,32.028140366987));
#1614 = CARTESIAN_POINT('',(57.,4.525,30.956413836785));
#1615 = DEFINITIONAL_REPRESENTATION('',(#1616),#1620);
#1616 = LINE('',#1617,#1618);
#1617 = CARTESIAN_POINT('',(4.036500688182E-15,1.570796326795));
#1618 = VECTOR('',#1619,1.);
#1619 = DIRECTION('',(-1.,4.240739575413E-16));
#1620 = ( GEOMETRIC_REPRESENTATION_CONTEXT(2) 
PARAMETRIC_REPRESENTATION_CONTEXT() REPRESENTATION_CONTEXT('2D SPACE',''
  ) );
#1621 = ORIENTED_EDGE('',*,*,#1622,.T.);
#1622 = EDGE_CURVE('',#1573,#1521,#1623,.T.);
#1623 = SURFACE_CURVE('',#1624,(#1628,#1635),.PCURVE_S1.);
#1624 = LINE('',#1625,#1626);
#1625 = CARTESIAN_POINT('',(58.,3.525,26.168913836785));
#1626 = VECTOR('',#1627,1.);
#1627 = DIRECTION('',(0.,0.,-1.));
#1628 = PCURVE('',#1325,#1629);
#1629 = DEFINITIONAL_REPRESENTATION('',(#1630),#1634);
#1630 = LINE('',#1631,#1632);
#1631 = CARTESIAN_POINT('',(5.497787143782,0.));
#1632 = VECTOR('',#1633,1.);
#1633 = DIRECTION('',(0.,-1.));
#1634 = ( GEOMETRIC_REPRESENTATION_CONTEXT(2) 
PARAMETRIC_REPRESENTATION_CONTEXT() REPRESENTATION_CONTEXT('2D SPACE',''
  ) );
#1635 = PCURVE('',#1451,#1636);
#1636 = DEFINITIONAL_REPRESENTATION('',(#1637),#1641);
#1637 = LINE('',#1638,#1639);
#1638 = CARTESIAN_POINT('',(2.2625,3.525));
#1639 = VECTOR('',#1640,1.);
#1640 = DIRECTION('',(1.,0.));
#1641 = ( GEOMETRIC_REPRESENTATION_CONTEXT(2) 
PARAMETRIC_REPRESENTATION_CONTEXT() REPRESENTATION_CONTEXT('2D SPACE',''
  ) );
#1642 = ADVANCED_FACE('',(#1643),#1423,.T.);
#1643 = FACE_BOUND('',#1644,.T.);
#1644 = EDGE_LOOP('',(#1645,#1698,#1719,#1720,#1743,#1771));
#1645 = ORIENTED_EDGE('',*,*,#1646,.F.);
#1646 = EDGE_CURVE('',#1647,#1649,#1651,.T.);
#1647 = VERTEX_POINT('',#1648);
#1648 = CARTESIAN_POINT('',(58.,-1.025,28.406413836785));
#1649 = VERTEX_POINT('',#1650);
#1650 = CARTESIAN_POINT('',(58.5,-2.525,26.906413836785));
#1651 = SURFACE_CURVE('',#1652,(#1657,#1664),.PCURVE_S1.);
#1652 = ELLIPSE('',#1653,3.535533905933,2.5);
#1653 = AXIS2_PLACEMENT_3D('',#1654,#1655,#1656);
#1654 = CARTESIAN_POINT('',(60.5,-1.025,28.406413836785));
#1655 = DIRECTION('',(1.570092458684E-16,-0.707106781187,0.707106781187)
  );
#1656 = DIRECTION('',(1.570092458684E-16,-0.707106781187,-0.707106781187
    ));
#1657 = PCURVE('',#1423,#1658);
#1658 = DEFINITIONAL_REPRESENTATION('',(#1659),#1663);
#1659 = ELLIPSE('',#1660,3.535533905933,2.5);
#1660 = AXIS2_PLACEMENT_2D('',#1661,#1662);
#1661 = CARTESIAN_POINT('',(4.242640687119,-3.5));
#1662 = DIRECTION('',(-1.,1.751956825008E-33));
#1663 = ( GEOMETRIC_REPRESENTATION_CONTEXT(2) 
PARAMETRIC_REPRESENTATION_CONTEXT() REPRESENTATION_CONTEXT('2D SPACE',''
  ) );
#1664 = PCURVE('',#1665,#1670);
#1665 = CYLINDRICAL_SURFACE('',#1666,2.5);
#1666 = AXIS2_PLACEMENT_3D('',#1667,#1668,#1669);
#1667 = CARTESIAN_POINT('',(60.5,2.2625,28.406413836785));
#1668 = DIRECTION('',(-2.22044604925E-16,1.,0.));
#1669 = DIRECTION('',(-0.707106781187,-1.570092458684E-16,
    -0.707106781187));
#1670 = DEFINITIONAL_REPRESENTATION('',(#1671),#1697);
#1671 = B_SPLINE_CURVE_WITH_KNOTS('',3,(#1672,#1673,#1674,#1675,#1676,
    #1677,#1678,#1679,#1680,#1681,#1682,#1683,#1684,#1685,#1686,#1687,
    #1688,#1689,#1690,#1691,#1692,#1693,#1694,#1695,#1696),
  .UNSPECIFIED.,.F.,.F.,(4,1,1,1,1,1,1,1,1,1,1,1,1,1,1,1,1,1,1,1,1,1,4),
  (4.712388980385,4.741639030784,4.770889081184,4.800139131584,
    4.829389181983,4.858639232383,4.887889282783,4.917139333183,
    4.946389383582,4.975639433982,5.004889484382,5.034139534781,
    5.063389585181,5.092639635581,5.12188968598,5.15113973638,
    5.18038978678,5.20963983718,5.238889887579,5.268139937979,
    5.297389988379,5.326640038778,5.355890089178),
  .QUASI_UNIFORM_KNOTS.);
#1672 = CARTESIAN_POINT('',(0.785398163397,-3.2875));
#1673 = CARTESIAN_POINT('',(0.775648146598,-3.311875047351));
#1674 = CARTESIAN_POINT('',(0.756148112998,-3.360625123172));
#1675 = CARTESIAN_POINT('',(0.726898062598,-3.433687693211));
#1676 = CARTESIAN_POINT('',(0.697648012198,-3.506625194961));
#1677 = CARTESIAN_POINT('',(0.668397961799,-3.579375235222));
#1678 = CARTESIAN_POINT('',(0.639147911399,-3.651875574627));
#1679 = CARTESIAN_POINT('',(0.609897860999,-3.724064189185));
#1680 = CARTESIAN_POINT('',(0.5806478106,-3.795879321115));
#1681 = CARTESIAN_POINT('',(0.5513977602,-3.867259532279));
#1682 = CARTESIAN_POINT('',(0.5221477098,-3.938143756581));
#1683 = CARTESIAN_POINT('',(0.492897659401,-4.008471352254));
#1684 = CARTESIAN_POINT('',(0.463647609001,-4.078182153726));
#1685 = CARTESIAN_POINT('',(0.434397558601,-4.147216523096));
#1686 = CARTESIAN_POINT('',(0.405147508201,-4.215515401153));
#1687 = CARTESIAN_POINT('',(0.375897457802,-4.283020357911));
#1688 = CARTESIAN_POINT('',(0.346647407402,-4.349673642547));
#1689 = CARTESIAN_POINT('',(0.317397357002,-4.415418232995));
#1690 = CARTESIAN_POINT('',(0.288147306603,-4.480197884039));
#1691 = CARTESIAN_POINT('',(0.258897256203,-4.543957177984));
#1692 = CARTESIAN_POINT('',(0.229647205803,-4.606641562558));
#1693 = CARTESIAN_POINT('',(0.200397155404,-4.66819743306));
#1694 = CARTESIAN_POINT('',(0.171147105004,-4.728572045803));
#1695 = CARTESIAN_POINT('',(0.151647071404,-4.768000053553));
#1696 = CARTESIAN_POINT('',(0.141897054604,-4.7875));
#1697 = ( GEOMETRIC_REPRESENTATION_CONTEXT(2) 
PARAMETRIC_REPRESENTATION_CONTEXT() REPRESENTATION_CONTEXT('2D SPACE',''
  ) );
#1698 = ORIENTED_EDGE('',*,*,#1699,.F.);
#1699 = EDGE_CURVE('',#1385,#1647,#1700,.T.);
#1700 = SURFACE_CURVE('',#1701,(#1705,#1712),.PCURVE_S1.);
#1701 = LINE('',#1702,#1703);
#1702 = CARTESIAN_POINT('',(58.,-2.2625,27.168913836785));
#1703 = VECTOR('',#1704,1.);
#1704 = DIRECTION('',(-1.570092458684E-16,0.707106781187,0.707106781187)
  );
#1705 = PCURVE('',#1423,#1706);
#1706 = DEFINITIONAL_REPRESENTATION('',(#1707),#1711);
#1707 = LINE('',#1708,#1709);
#1708 = CARTESIAN_POINT('',(2.492551403683,-1.));
#1709 = VECTOR('',#1710,1.);
#1710 = DIRECTION('',(1.,-1.751956825008E-33));
#1711 = ( GEOMETRIC_REPRESENTATION_CONTEXT(2) 
PARAMETRIC_REPRESENTATION_CONTEXT() REPRESENTATION_CONTEXT('2D SPACE',''
  ) );
#1712 = PCURVE('',#1451,#1713);
#1713 = DEFINITIONAL_REPRESENTATION('',(#1714),#1718);
#1714 = LINE('',#1715,#1716);
#1715 = CARTESIAN_POINT('',(1.2625,-2.2625));
#1716 = VECTOR('',#1717,1.);
#1717 = DIRECTION('',(-0.707106781187,0.707106781187));
#1718 = ( GEOMETRIC_REPRESENTATION_CONTEXT(2) 
PARAMETRIC_REPRESENTATION_CONTEXT() REPRESENTATION_CONTEXT('2D SPACE',''
  ) );
#1719 = ORIENTED_EDGE('',*,*,#1384,.F.);
#1720 = ORIENTED_EDGE('',*,*,#1721,.T.);
#1721 = EDGE_CURVE('',#1233,#1722,#1724,.T.);
#1722 = VERTEX_POINT('',#1723);
#1723 = CARTESIAN_POINT('',(135.,-4.525,24.906413836785));
#1724 = SURFACE_CURVE('',#1725,(#1729,#1736),.PCURVE_S1.);
#1725 = LINE('',#1726,#1727);
#1726 = CARTESIAN_POINT('',(57.,-4.525,24.906413836785));
#1727 = VECTOR('',#1728,1.);
#1728 = DIRECTION('',(1.,2.22044604925E-16,0.));
#1729 = PCURVE('',#1423,#1730);
#1730 = DEFINITIONAL_REPRESENTATION('',(#1731),#1735);
#1731 = LINE('',#1732,#1733);
#1732 = CARTESIAN_POINT('',(-0.707106781187,1.110223024625E-16));
#1733 = VECTOR('',#1734,1.);
#1734 = DIRECTION('',(-3.944304526105E-31,-1.));
#1735 = ( GEOMETRIC_REPRESENTATION_CONTEXT(2) 
PARAMETRIC_REPRESENTATION_CONTEXT() REPRESENTATION_CONTEXT('2D SPACE',''
  ) );
#1736 = PCURVE('',#246,#1737);
#1737 = DEFINITIONAL_REPRESENTATION('',(#1738),#1742);
#1738 = LINE('',#1739,#1740);
#1739 = CARTESIAN_POINT('',(0.707106781187,-1.));
#1740 = VECTOR('',#1741,1.);
#1741 = DIRECTION('',(-1.60237371373E-31,-1.));
#1742 = ( GEOMETRIC_REPRESENTATION_CONTEXT(2) 
PARAMETRIC_REPRESENTATION_CONTEXT() REPRESENTATION_CONTEXT('2D SPACE',''
  ) );
#1743 = ORIENTED_EDGE('',*,*,#1744,.T.);
#1744 = EDGE_CURVE('',#1722,#1745,#1747,.T.);
#1745 = VERTEX_POINT('',#1746);
#1746 = CARTESIAN_POINT('',(135.,-2.525,26.906413836785));
#1747 = SURFACE_CURVE('',#1748,(#1752,#1759),.PCURVE_S1.);
#1748 = LINE('',#1749,#1750);
#1749 = CARTESIAN_POINT('',(135.,-3.14375,26.287663836785));
#1750 = VECTOR('',#1751,1.);
#1751 = DIRECTION('',(-1.570092458684E-16,0.707106781187,0.707106781187)
  );
#1752 = PCURVE('',#1423,#1753);
#1753 = DEFINITIONAL_REPRESENTATION('',(#1754),#1758);
#1754 = LINE('',#1755,#1756);
#1755 = CARTESIAN_POINT('',(1.246275701841,-78.));
#1756 = VECTOR('',#1757,1.);
#1757 = DIRECTION('',(1.,-1.751956825008E-33));
#1758 = ( GEOMETRIC_REPRESENTATION_CONTEXT(2) 
PARAMETRIC_REPRESENTATION_CONTEXT() REPRESENTATION_CONTEXT('2D SPACE',''
  ) );
#1759 = PCURVE('',#1760,#1765);
#1760 = PLANE('',#1761);
#1761 = AXIS2_PLACEMENT_3D('',#1762,#1763,#1764);
#1762 = CARTESIAN_POINT('',(135.,2.997602166488E-14,24.906413836785));
#1763 = DIRECTION('',(1.,2.22044604925E-16,0.));
#1764 = DIRECTION('',(0.,0.,-1.));
#1765 = DEFINITIONAL_REPRESENTATION('',(#1766),#1770);
#1766 = LINE('',#1767,#1768);
#1767 = CARTESIAN_POINT('',(-1.38125,-3.14375));
#1768 = VECTOR('',#1769,1.);
#1769 = DIRECTION('',(-0.707106781187,0.707106781187));
#1770 = ( GEOMETRIC_REPRESENTATION_CONTEXT(2) 
PARAMETRIC_REPRESENTATION_CONTEXT() REPRESENTATION_CONTEXT('2D SPACE',''
  ) );
#1771 = ORIENTED_EDGE('',*,*,#1772,.T.);
#1772 = EDGE_CURVE('',#1745,#1649,#1773,.T.);
#1773 = SURFACE_CURVE('',#1774,(#1778,#1785),.PCURVE_S1.);
#1774 = LINE('',#1775,#1776);
#1775 = CARTESIAN_POINT('',(59.25,-2.525,26.906413836785));
#1776 = VECTOR('',#1777,1.);
#1777 = DIRECTION('',(-1.,-2.22044604925E-16,0.));
#1778 = PCURVE('',#1423,#1779);
#1779 = DEFINITIONAL_REPRESENTATION('',(#1780),#1784);
#1780 = LINE('',#1781,#1782);
#1781 = CARTESIAN_POINT('',(2.12132034356,-2.25));
#1782 = VECTOR('',#1783,1.);
#1783 = DIRECTION('',(3.944304526105E-31,1.));
#1784 = ( GEOMETRIC_REPRESENTATION_CONTEXT(2) 
PARAMETRIC_REPRESENTATION_CONTEXT() REPRESENTATION_CONTEXT('2D SPACE',''
  ) );
#1785 = PCURVE('',#846,#1786);
#1786 = DEFINITIONAL_REPRESENTATION('',(#1787),#1791);
#1787 = LINE('',#1788,#1789);
#1788 = CARTESIAN_POINT('',(-7.05,-1.25));
#1789 = VECTOR('',#1790,1.);
#1790 = DIRECTION('',(2.465190328816E-32,1.));
#1791 = ( GEOMETRIC_REPRESENTATION_CONTEXT(2) 
PARAMETRIC_REPRESENTATION_CONTEXT() REPRESENTATION_CONTEXT('2D SPACE',''
  ) );
#1792 = ADVANCED_FACE('',(#1793),#1559,.T.);
#1793 = FACE_BOUND('',#1794,.T.);
#1794 = EDGE_LOOP('',(#1795,#1818,#1864,#1887,#1910,#1933,#1954));
#1795 = ORIENTED_EDGE('',*,*,#1796,.F.);
#1796 = EDGE_CURVE('',#1797,#1521,#1799,.T.);
#1797 = VERTEX_POINT('',#1798);
#1798 = CARTESIAN_POINT('',(58.,1.025,28.406413836785));
#1799 = SURFACE_CURVE('',#1800,(#1804,#1811),.PCURVE_S1.);
#1800 = LINE('',#1801,#1802);
#1801 = CARTESIAN_POINT('',(58.,2.2625,27.168913836785));
#1802 = VECTOR('',#1803,1.);
#1803 = DIRECTION('',(-1.570092458684E-16,0.707106781187,-0.707106781187
    ));
#1804 = PCURVE('',#1559,#1805);
#1805 = DEFINITIONAL_REPRESENTATION('',(#1806),#1810);
#1806 = LINE('',#1807,#1808);
#1807 = CARTESIAN_POINT('',(-2.492551403683,-1.));
#1808 = VECTOR('',#1809,1.);
#1809 = DIRECTION('',(1.,-2.22107296577E-33));
#1810 = ( GEOMETRIC_REPRESENTATION_CONTEXT(2) 
PARAMETRIC_REPRESENTATION_CONTEXT() REPRESENTATION_CONTEXT('2D SPACE',''
  ) );
#1811 = PCURVE('',#1451,#1812);
#1812 = DEFINITIONAL_REPRESENTATION('',(#1813),#1817);
#1813 = LINE('',#1814,#1815);
#1814 = CARTESIAN_POINT('',(1.2625,2.2625));
#1815 = VECTOR('',#1816,1.);
#1816 = DIRECTION('',(0.707106781187,0.707106781187));
#1817 = ( GEOMETRIC_REPRESENTATION_CONTEXT(2) 
PARAMETRIC_REPRESENTATION_CONTEXT() REPRESENTATION_CONTEXT('2D SPACE',''
  ) );
#1818 = ORIENTED_EDGE('',*,*,#1819,.F.);
#1819 = EDGE_CURVE('',#1820,#1797,#1822,.T.);
#1820 = VERTEX_POINT('',#1821);
#1821 = CARTESIAN_POINT('',(58.5,2.525,26.906413836785));
#1822 = SURFACE_CURVE('',#1823,(#1828,#1835),.PCURVE_S1.);
#1823 = ELLIPSE('',#1824,3.535533905933,2.5);
#1824 = AXIS2_PLACEMENT_3D('',#1825,#1826,#1827);
#1825 = CARTESIAN_POINT('',(60.5,1.025,28.406413836785));
#1826 = DIRECTION('',(-1.570092458684E-16,0.707106781187,0.707106781187)
  );
#1827 = DIRECTION('',(-1.570092458684E-16,0.707106781187,-0.707106781187
    ));
#1828 = PCURVE('',#1559,#1829);
#1829 = DEFINITIONAL_REPRESENTATION('',(#1830),#1834);
#1830 = ELLIPSE('',#1831,3.535533905933,2.5);
#1831 = AXIS2_PLACEMENT_2D('',#1832,#1833);
#1832 = CARTESIAN_POINT('',(-4.242640687119,-3.5));
#1833 = DIRECTION('',(1.,-2.22107296577E-33));
#1834 = ( GEOMETRIC_REPRESENTATION_CONTEXT(2) 
PARAMETRIC_REPRESENTATION_CONTEXT() REPRESENTATION_CONTEXT('2D SPACE',''
  ) );
#1835 = PCURVE('',#1665,#1836);
#1836 = DEFINITIONAL_REPRESENTATION('',(#1837),#1863);
#1837 = B_SPLINE_CURVE_WITH_KNOTS('',3,(#1838,#1839,#1840,#1841,#1842,
    #1843,#1844,#1845,#1846,#1847,#1848,#1849,#1850,#1851,#1852,#1853,
    #1854,#1855,#1856,#1857,#1858,#1859,#1860,#1861,#1862),
  .UNSPECIFIED.,.F.,.F.,(4,1,1,1,1,1,1,1,1,1,1,1,1,1,1,1,1,1,1,1,1,1,4),
  (0.927295218002,0.956545268401,0.985795318801,1.015045369201,
    1.0442954196,1.07354547,1.1027955204,1.132045570799,1.161295621199,
    1.190545671599,1.219795721999,1.249045772398,1.278295822798,
    1.307545873198,1.336795923597,1.366045973997,1.395296024397,
    1.424546074796,1.453796125196,1.483046175596,1.512296225996,
    1.541546276395,1.570796326795),.QUASI_UNIFORM_KNOTS.);
#1838 = CARTESIAN_POINT('',(0.141897054604,0.2625));
#1839 = CARTESIAN_POINT('',(0.151647071404,0.243000053553));
#1840 = CARTESIAN_POINT('',(0.171147105004,0.203572045803));
#1841 = CARTESIAN_POINT('',(0.200397155404,0.14319743306));
#1842 = CARTESIAN_POINT('',(0.229647205803,8.16415625581E-02));
#1843 = CARTESIAN_POINT('',(0.258897256203,1.895717798435E-02));
#1844 = CARTESIAN_POINT('',(0.288147306603,-4.480211596123E-02));
#1845 = CARTESIAN_POINT('',(0.317397357002,-0.109581767005));
#1846 = CARTESIAN_POINT('',(0.346647407402,-0.175326357453));
#1847 = CARTESIAN_POINT('',(0.375897457802,-0.241979642089));
#1848 = CARTESIAN_POINT('',(0.405147508201,-0.309484598847));
#1849 = CARTESIAN_POINT('',(0.434397558601,-0.377783476904));
#1850 = CARTESIAN_POINT('',(0.463647609001,-0.446817846274));
#1851 = CARTESIAN_POINT('',(0.492897659401,-0.516528647746));
#1852 = CARTESIAN_POINT('',(0.5221477098,-0.586856243419));
#1853 = CARTESIAN_POINT('',(0.5513977602,-0.657740467721));
#1854 = CARTESIAN_POINT('',(0.5806478106,-0.729120678885));
#1855 = CARTESIAN_POINT('',(0.609897860999,-0.800935810815));
#1856 = CARTESIAN_POINT('',(0.639147911399,-0.873124425373));
#1857 = CARTESIAN_POINT('',(0.668397961799,-0.945624764778));
#1858 = CARTESIAN_POINT('',(0.697648012198,-1.018374805039));
#1859 = CARTESIAN_POINT('',(0.726898062598,-1.091312306789));
#1860 = CARTESIAN_POINT('',(0.756148112998,-1.164374876828));
#1861 = CARTESIAN_POINT('',(0.775648146598,-1.213124952649));
#1862 = CARTESIAN_POINT('',(0.785398163397,-1.2375));
#1863 = ( GEOMETRIC_REPRESENTATION_CONTEXT(2) 
PARAMETRIC_REPRESENTATION_CONTEXT() REPRESENTATION_CONTEXT('2D SPACE',''
  ) );
#1864 = ORIENTED_EDGE('',*,*,#1865,.F.);
#1865 = EDGE_CURVE('',#1866,#1820,#1868,.T.);
#1866 = VERTEX_POINT('',#1867);
#1867 = CARTESIAN_POINT('',(59.548064429498,2.525,26.906413836785));
#1868 = SURFACE_CURVE('',#1869,(#1873,#1880),.PCURVE_S1.);
#1869 = LINE('',#1870,#1871);
#1870 = CARTESIAN_POINT('',(60.5,2.525,26.906413836785));
#1871 = VECTOR('',#1872,1.);
#1872 = DIRECTION('',(-1.,-2.22044604925E-16,0.));
#1873 = PCURVE('',#1559,#1874);
#1874 = DEFINITIONAL_REPRESENTATION('',(#1875),#1879);
#1875 = LINE('',#1876,#1877);
#1876 = CARTESIAN_POINT('',(-2.12132034356,-3.5));
#1877 = VECTOR('',#1878,1.);
#1878 = DIRECTION('',(-1.60237371373E-31,1.));
#1879 = ( GEOMETRIC_REPRESENTATION_CONTEXT(2) 
PARAMETRIC_REPRESENTATION_CONTEXT() REPRESENTATION_CONTEXT('2D SPACE',''
  ) );
#1880 = PCURVE('',#846,#1881);
#1881 = DEFINITIONAL_REPRESENTATION('',(#1882),#1886);
#1882 = LINE('',#1883,#1884);
#1883 = CARTESIAN_POINT('',(-2.,-2.5));
#1884 = VECTOR('',#1885,1.);
#1885 = DIRECTION('',(2.465190328816E-32,1.));
#1886 = ( GEOMETRIC_REPRESENTATION_CONTEXT(2) 
PARAMETRIC_REPRESENTATION_CONTEXT() REPRESENTATION_CONTEXT('2D SPACE',''
  ) );
#1887 = ORIENTED_EDGE('',*,*,#1888,.F.);
#1888 = EDGE_CURVE('',#1889,#1866,#1891,.T.);
#1889 = VERTEX_POINT('',#1890);
#1890 = CARTESIAN_POINT('',(135.,2.525,26.906413836785));
#1891 = SURFACE_CURVE('',#1892,(#1896,#1903),.PCURVE_S1.);
#1892 = LINE('',#1893,#1894);
#1893 = CARTESIAN_POINT('',(60.5,2.525,26.906413836785));
#1894 = VECTOR('',#1895,1.);
#1895 = DIRECTION('',(-1.,-2.22044604925E-16,0.));
#1896 = PCURVE('',#1559,#1897);
#1897 = DEFINITIONAL_REPRESENTATION('',(#1898),#1902);
#1898 = LINE('',#1899,#1900);
#1899 = CARTESIAN_POINT('',(-2.12132034356,-3.5));
#1900 = VECTOR('',#1901,1.);
#1901 = DIRECTION('',(-1.60237371373E-31,1.));
#1902 = ( GEOMETRIC_REPRESENTATION_CONTEXT(2) 
PARAMETRIC_REPRESENTATION_CONTEXT() REPRESENTATION_CONTEXT('2D SPACE',''
  ) );
#1903 = PCURVE('',#846,#1904);
#1904 = DEFINITIONAL_REPRESENTATION('',(#1905),#1909);
#1905 = LINE('',#1906,#1907);
#1906 = CARTESIAN_POINT('',(-2.,-2.5));
#1907 = VECTOR('',#1908,1.);
#1908 = DIRECTION('',(2.465190328816E-32,1.));
#1909 = ( GEOMETRIC_REPRESENTATION_CONTEXT(2) 
PARAMETRIC_REPRESENTATION_CONTEXT() REPRESENTATION_CONTEXT('2D SPACE',''
  ) );
#1910 = ORIENTED_EDGE('',*,*,#1911,.T.);
#1911 = EDGE_CURVE('',#1889,#1912,#1914,.T.);
#1912 = VERTEX_POINT('',#1913);
#1913 = CARTESIAN_POINT('',(135.,4.525,24.906413836785));
#1914 = SURFACE_CURVE('',#1915,(#1919,#1926),.PCURVE_S1.);
#1915 = LINE('',#1916,#1917);
#1916 = CARTESIAN_POINT('',(135.,2.64375,26.787663836785));
#1917 = VECTOR('',#1918,1.);
#1918 = DIRECTION('',(-1.570092458684E-16,0.707106781187,-0.707106781187
    ));
#1919 = PCURVE('',#1559,#1920);
#1920 = DEFINITIONAL_REPRESENTATION('',(#1921),#1925);
#1921 = LINE('',#1922,#1923);
#1922 = CARTESIAN_POINT('',(-1.953382483028,-78.));
#1923 = VECTOR('',#1924,1.);
#1924 = DIRECTION('',(1.,-2.22107296577E-33));
#1925 = ( GEOMETRIC_REPRESENTATION_CONTEXT(2) 
PARAMETRIC_REPRESENTATION_CONTEXT() REPRESENTATION_CONTEXT('2D SPACE',''
  ) );
#1926 = PCURVE('',#1760,#1927);
#1927 = DEFINITIONAL_REPRESENTATION('',(#1928),#1932);
#1928 = LINE('',#1929,#1930);
#1929 = CARTESIAN_POINT('',(-1.88125,2.64375));
#1930 = VECTOR('',#1931,1.);
#1931 = DIRECTION('',(0.707106781187,0.707106781187));
#1932 = ( GEOMETRIC_REPRESENTATION_CONTEXT(2) 
PARAMETRIC_REPRESENTATION_CONTEXT() REPRESENTATION_CONTEXT('2D SPACE',''
  ) );
#1933 = ORIENTED_EDGE('',*,*,#1934,.T.);
#1934 = EDGE_CURVE('',#1912,#1308,#1935,.T.);
#1935 = SURFACE_CURVE('',#1936,(#1940,#1947),.PCURVE_S1.);
#1936 = LINE('',#1937,#1938);
#1937 = CARTESIAN_POINT('',(57.,4.525,24.906413836785));
#1938 = VECTOR('',#1939,1.);
#1939 = DIRECTION('',(-1.,-2.22044604925E-16,0.));
#1940 = PCURVE('',#1559,#1941);
#1941 = DEFINITIONAL_REPRESENTATION('',(#1942),#1946);
#1942 = LINE('',#1943,#1944);
#1943 = CARTESIAN_POINT('',(0.707106781187,-1.110223024625E-16));
#1944 = VECTOR('',#1945,1.);
#1945 = DIRECTION('',(-1.60237371373E-31,1.));
#1946 = ( GEOMETRIC_REPRESENTATION_CONTEXT(2) 
PARAMETRIC_REPRESENTATION_CONTEXT() REPRESENTATION_CONTEXT('2D SPACE',''
  ) );
#1947 = PCURVE('',#113,#1948);
#1948 = DEFINITIONAL_REPRESENTATION('',(#1949),#1953);
#1949 = LINE('',#1950,#1951);
#1950 = CARTESIAN_POINT('',(-0.707106781187,-1.));
#1951 = VECTOR('',#1952,1.);
#1952 = DIRECTION('',(-3.944304526105E-31,1.));
#1953 = ( GEOMETRIC_REPRESENTATION_CONTEXT(2) 
PARAMETRIC_REPRESENTATION_CONTEXT() REPRESENTATION_CONTEXT('2D SPACE',''
  ) );
#1954 = ORIENTED_EDGE('',*,*,#1520,.F.);
#1955 = ADVANCED_FACE('',(#1956),#874,.T.);
#1956 = FACE_BOUND('',#1957,.T.);
#1957 = EDGE_LOOP('',(#1958,#2069,#2134));
#1958 = ORIENTED_EDGE('',*,*,#1959,.F.);
#1959 = EDGE_CURVE('',#1960,#824,#1962,.T.);
#1960 = VERTEX_POINT('',#1961);
#1961 = CARTESIAN_POINT('',(100.15234539497,-2.394909212566,
    26.906413836785));
#1962 = SURFACE_CURVE('',#1963,(#1989,#2040),.PCURVE_S1.);
#1963 = B_SPLINE_CURVE_WITH_KNOTS('',3,(#1964,#1965,#1966,#1967,#1968,
    #1969,#1970,#1971,#1972,#1973,#1974,#1975,#1976,#1977,#1978,#1979,
    #1980,#1981,#1982,#1983,#1984,#1985,#1986,#1987,#1988),
  .UNSPECIFIED.,.F.,.F.,(4,3,3,3,3,3,3,3,4),(0.,0.644617653227,
    0.953883760951,1.903043378562,2.760987944878,2.852202996173,
    3.387700933811,3.906953644211,4.055711925128),.UNSPECIFIED.);
#1964 = CARTESIAN_POINT('',(100.15234539497,-2.394909212566,
    26.906413836785));
#1965 = CARTESIAN_POINT('',(98.003636834405,-2.403443982424,
    26.906413836785));
#1966 = CARTESIAN_POINT('',(95.852563066247,-2.411248709951,
    26.906414381265));
#1967 = CARTESIAN_POINT('',(93.702286307887,-2.418344852477,
    26.906414155746));
#1968 = CARTESIAN_POINT('',(92.67065504514,-2.421749345618,
    26.90641404755));
#1969 = CARTESIAN_POINT('',(91.639206531423,-2.424990756811,
    26.906413836437));
#1970 = CARTESIAN_POINT('',(90.608285625626,-2.428071548563,
    26.906413836453));
#1971 = CARTESIAN_POINT('',(87.44431625332,-2.437526716936,
    26.906413836501));
#1972 = CARTESIAN_POINT('',(84.272592376047,-2.445507082765,
    26.906412004266));
#1973 = CARTESIAN_POINT('',(81.100717563379,-2.452055215793,
    26.906411978805));
#1974 = CARTESIAN_POINT('',(78.23366263387,-2.457974067634,
    26.90641195579));
#1975 = CARTESIAN_POINT('',(75.366484572372,-2.462722725075,
    26.906413389185));
#1976 = CARTESIAN_POINT('',(72.504847909406,-2.466332176177,
    26.906413772585));
#1977 = CARTESIAN_POINT('',(72.200604086147,-2.466715926224,
    26.906413813347));
#1978 = CARTESIAN_POINT('',(71.896422948939,-2.467086798836,
    26.906413837106));
#1979 = CARTESIAN_POINT('',(71.592311340765,-2.467444830995,
    26.906413837096));
#1980 = CARTESIAN_POINT('',(69.806957534819,-2.469546737206,
    26.906413837043));
#1981 = CARTESIAN_POINT('',(68.020291209448,-2.471210492386,
    26.906411884069));
#1982 = CARTESIAN_POINT('',(66.233462608849,-2.47243817566,
    26.906411566185));
#1983 = CARTESIAN_POINT('',(64.500840447927,-2.473628615104,
    26.906411257944));
#1984 = CARTESIAN_POINT('',(62.768065581654,-2.474409035447,
    26.90641250046));
#1985 = CARTESIAN_POINT('',(61.036235706969,-2.474780933985,
    26.906413390071));
#1986 = CARTESIAN_POINT('',(60.540091864406,-2.474887477459,
    26.906413644932));
#1987 = CARTESIAN_POINT('',(60.044025903226,-2.474960489605,
    26.906413836785));
#1988 = CARTESIAN_POINT('',(59.548064429596,-2.475,26.906413836785));
#1989 = PCURVE('',#874,#1990);
#1990 = DEFINITIONAL_REPRESENTATION('',(#1991),#2039);
#1991 = B_SPLINE_CURVE_WITH_KNOTS('',3,(#1992,#1993,#1994,#1995,#1996,
    #1997,#1998,#1999,#2000,#2001,#2002,#2003,#2004,#2005,#2006,#2007,
    #2008,#2009,#2010,#2011,#2012,#2013,#2014,#2015,#2016,#2017,#2018,
    #2019,#2020,#2021,#2022,#2023,#2024,#2025,#2026,#2027,#2028,#2029,
    #2030,#2031,#2032,#2033,#2034,#2035,#2036,#2037,#2038),
  .UNSPECIFIED.,.F.,.F.,(4,1,1,1,1,1,1,1,1,1,1,1,1,1,1,1,1,1,1,1,1,1,1,1
    ,1,1,1,1,1,1,1,1,1,1,1,1,1,1,1,1,1,1,1,1,4),(0.,9.217527102563E-02,
    0.184350542051,0.276525813077,0.368701084103,0.460876355128,
    0.553051626154,0.645226897179,0.737402168205,0.829577439231,
    0.921752710256,1.013927981282,1.106103252308,1.198278523333,
    1.290453794359,1.382629065384,1.47480433641,1.566979607436,
    1.659154878461,1.751330149487,1.843505420513,1.935680691538,
    2.027855962564,2.120031233589,2.212206504615,2.304381775641,
    2.396557046666,2.488732317692,2.580907588718,2.673082859743,
    2.765258130769,2.857433401795,2.94960867282,3.041783943846,
    3.133959214871,3.226134485897,3.318309756923,3.410485027948,
    3.502660298974,3.59483557,3.687010841025,3.779186112051,
    3.871361383076,3.963536654102,4.055711925128),
  .QUASI_UNIFORM_KNOTS.);
#1992 = CARTESIAN_POINT('',(-3.9891857289,0.));
#1993 = CARTESIAN_POINT('',(-3.958901414377,3.227396148658E-03));
#1994 = CARTESIAN_POINT('',(-3.898348973606,9.683202214547E-03));
#1995 = CARTESIAN_POINT('',(-3.807569889157,1.93693722136E-02));
#1996 = CARTESIAN_POINT('',(-3.716841388783,2.905742271712E-02));
#1997 = CARTESIAN_POINT('',(-3.626164495659,3.874677329522E-02));
#1998 = CARTESIAN_POINT('',(-3.535540243168,4.843684364487E-02));
#1999 = CARTESIAN_POINT('',(-3.444969679536,5.812705298969E-02));
#2000 = CARTESIAN_POINT('',(-3.354453857497,6.781682231985E-02));
#2001 = CARTESIAN_POINT('',(-3.263993873627,7.750556603271E-02));
#2002 = CARTESIAN_POINT('',(-3.173590541161,8.719272313027E-02));
#2003 = CARTESIAN_POINT('',(-3.083245574447,9.687764078881E-02));
#2004 = CARTESIAN_POINT('',(-2.992957495134,0.106560008883));
#2005 = CARTESIAN_POINT('',(-2.902646668617,0.116247932071));
#2006 = CARTESIAN_POINT('',(-2.81232737734,0.125939418954));
#2007 = CARTESIAN_POINT('',(-2.721995610134,0.135634444112));
#2008 = CARTESIAN_POINT('',(-2.631652253604,0.145332455343));
#2009 = CARTESIAN_POINT('',(-2.541296877942,0.155033041596));
#2010 = CARTESIAN_POINT('',(-2.450929401898,0.164735753999));
#2011 = CARTESIAN_POINT('',(-2.36054964665,0.174440153813));
#2012 = CARTESIAN_POINT('',(-2.270157454925,0.184145799584));
#2013 = CARTESIAN_POINT('',(-2.179752660188,0.193852250588));
#2014 = CARTESIAN_POINT('',(-2.089335090312,0.203559065901));
#2015 = CARTESIAN_POINT('',(-1.998904585309,0.213265804663));
#2016 = CARTESIAN_POINT('',(-1.908461008754,0.222972025956));
#2017 = CARTESIAN_POINT('',(-1.818004213774,0.232677289037));
#2018 = CARTESIAN_POINT('',(-1.727534057015,0.242381152515));
#2019 = CARTESIAN_POINT('',(-1.637050368202,0.252083177418));
#2020 = CARTESIAN_POINT('',(-1.546553057462,0.261782915747));
#2021 = CARTESIAN_POINT('',(-1.456041716007,0.271479953194));
#2022 = CARTESIAN_POINT('',(-1.365517105573,0.281173749706));
#2023 = CARTESIAN_POINT('',(-1.274975599466,0.290864234529));
#2024 = CARTESIAN_POINT('',(-1.184429928603,0.300549585453));
#2025 = CARTESIAN_POINT('',(-1.093831251242,0.310234583896));
#2026 = CARTESIAN_POINT('',(-1.003145260673,0.319922420205));
#2027 = CARTESIAN_POINT('',(-0.912379857323,0.329611756898));
#2028 = CARTESIAN_POINT('',(-0.821531598267,0.339302469721));
#2029 = CARTESIAN_POINT('',(-0.730600048458,0.348994109337));
#2030 = CARTESIAN_POINT('',(-0.639583922322,0.358686313513));
#2031 = CARTESIAN_POINT('',(-0.548482164072,0.368378696679));
#2032 = CARTESIAN_POINT('',(-0.457293777843,0.378070879516));
#2033 = CARTESIAN_POINT('',(-0.366017734848,0.387762481032));
#2034 = CARTESIAN_POINT('',(-0.274652976428,0.397453120682));
#2035 = CARTESIAN_POINT('',(-0.183198416404,0.407142417802));
#2036 = CARTESIAN_POINT('',(-9.165292415426E-02,0.416829991758));
#2037 = CARTESIAN_POINT('',(-3.056130537203E-02,0.42328697186));
#2038 = CARTESIAN_POINT('',(0.,0.426515047837));
#2039 = ( GEOMETRIC_REPRESENTATION_CONTEXT(2) 
PARAMETRIC_REPRESENTATION_CONTEXT() REPRESENTATION_CONTEXT('2D SPACE',''
  ) );
#2040 = PCURVE('',#846,#2041);
#2041 = DEFINITIONAL_REPRESENTATION('',(#2042),#2068);
#2042 = B_SPLINE_CURVE_WITH_KNOTS('',3,(#2043,#2044,#2045,#2046,#2047,
    #2048,#2049,#2050,#2051,#2052,#2053,#2054,#2055,#2056,#2057,#2058,
    #2059,#2060,#2061,#2062,#2063,#2064,#2065,#2066,#2067),
  .UNSPECIFIED.,.F.,.F.,(4,3,3,3,3,3,3,3,4),(0.,0.644617653227,
    0.953883760951,1.903043378562,2.760987944878,2.852202996173,
    3.387700933811,3.906953644211,4.055711925128),.UNSPECIFIED.);
#2043 = CARTESIAN_POINT('',(-6.919909212566,-42.15234539497));
#2044 = CARTESIAN_POINT('',(-6.928443982424,-40.0036368344));
#2045 = CARTESIAN_POINT('',(-6.936248709951,-37.85256306624));
#2046 = CARTESIAN_POINT('',(-6.943344852477,-35.70228630788));
#2047 = CARTESIAN_POINT('',(-6.946749345618,-34.67065504514));
#2048 = CARTESIAN_POINT('',(-6.949990756811,-33.63920653142));
#2049 = CARTESIAN_POINT('',(-6.953071548563,-32.60828562562));
#2050 = CARTESIAN_POINT('',(-6.962526716936,-29.44431625332));
#2051 = CARTESIAN_POINT('',(-6.970507082765,-26.27259237604));
#2052 = CARTESIAN_POINT('',(-6.977055215793,-23.10071756337));
#2053 = CARTESIAN_POINT('',(-6.982974067634,-20.23366263387));
#2054 = CARTESIAN_POINT('',(-6.987722725075,-17.36648457237));
#2055 = CARTESIAN_POINT('',(-6.991332176177,-14.5048479094));
#2056 = CARTESIAN_POINT('',(-6.991715926224,-14.20060408614));
#2057 = CARTESIAN_POINT('',(-6.992086798836,-13.89642294893));
#2058 = CARTESIAN_POINT('',(-6.992444830995,-13.59231134076));
#2059 = CARTESIAN_POINT('',(-6.994546737206,-11.80695753481));
#2060 = CARTESIAN_POINT('',(-6.996210492386,-10.02029120944));
#2061 = CARTESIAN_POINT('',(-6.99743817566,-8.233462608849));
#2062 = CARTESIAN_POINT('',(-6.998628615104,-6.500840447927));
#2063 = CARTESIAN_POINT('',(-6.999409035447,-4.768065581654));
#2064 = CARTESIAN_POINT('',(-6.999780933985,-3.036235706969));
#2065 = CARTESIAN_POINT('',(-6.999887477459,-2.540091864406));
#2066 = CARTESIAN_POINT('',(-6.999960489605,-2.044025903226));
#2067 = CARTESIAN_POINT('',(-7.,-1.548064429596));
#2068 = ( GEOMETRIC_REPRESENTATION_CONTEXT(2) 
PARAMETRIC_REPRESENTATION_CONTEXT() REPRESENTATION_CONTEXT('2D SPACE',''
  ) );
#2069 = ORIENTED_EDGE('',*,*,#2070,.F.);
#2070 = EDGE_CURVE('',#859,#1960,#2071,.T.);
#2071 = SURFACE_CURVE('',#2072,(#2077,#2084),.PCURVE_S1.);
#2072 = B_SPLINE_CURVE_WITH_KNOTS('',3,(#2073,#2074,#2075,#2076),
  .UNSPECIFIED.,.F.,.F.,(4,4),(0.,3.9891857289),
  .PIECEWISE_BEZIER_KNOTS.);
#2073 = CARTESIAN_POINT('',(59.996083903668,-2.475,31.147968640631));
#2074 = CARTESIAN_POINT('',(73.219806351719,-2.473934788837,
    29.751196595843));
#2075 = CARTESIAN_POINT('',(86.810483751647,-2.44849495891,
    28.315664480244));
#2076 = CARTESIAN_POINT('',(100.15234539497,-2.394909212566,
    26.906413836785));
#2077 = PCURVE('',#874,#2078);
#2078 = DEFINITIONAL_REPRESENTATION('',(#2079),#2083);
#2079 = LINE('',#2080,#2081);
#2080 = CARTESIAN_POINT('',(1.009736488538E-15,-1.508369705244E-16));
#2081 = VECTOR('',#2082,1.);
#2082 = DIRECTION('',(-1.,-1.333491643324E-17));
#2083 = ( GEOMETRIC_REPRESENTATION_CONTEXT(2) 
PARAMETRIC_REPRESENTATION_CONTEXT() REPRESENTATION_CONTEXT('2D SPACE',''
  ) );
#2084 = PCURVE('',#2085,#2106);
#2085 = B_SPLINE_SURFACE_WITH_KNOTS('',3,3,(
    (#2086,#2087,#2088,#2089)
    ,(#2090,#2091,#2092,#2093)
    ,(#2094,#2095,#2096,#2097)
    ,(#2098,#2099,#2100,#2101)
    ,(#2102,#2103,#2104,#2105
  )),.UNSPECIFIED.,.F.,.F.,.F.,(4,1,4),(4,4),(0.,0.571428571429,1.),(
    0.166479364903,5.388303361673),.UNSPECIFIED.);
#2086 = CARTESIAN_POINT('',(56.826154858945,-2.475,31.52042691312));
#2087 = CARTESIAN_POINT('',(74.113313842982,-2.475,29.48923148868));
#2088 = CARTESIAN_POINT('',(91.400472827019,-2.475,27.458036064241));
#2089 = CARTESIAN_POINT('',(108.68763181105,-2.475,25.426840639801));
#2090 = CARTESIAN_POINT('',(56.87829826194,-2.471947080162,
    31.964210524213));
#2091 = CARTESIAN_POINT('',(74.165457243083,-2.471947040996,
    29.933015075152));
#2092 = CARTESIAN_POINT('',(91.452616224273,-2.471947005357,
    27.901819626486));
#2093 = CARTESIAN_POINT('',(108.73977520541,-2.471946966191,
    25.870624177425));
#2094 = CARTESIAN_POINT('',(56.968294180333,-2.093557437349,
    32.730150438881));
#2095 = CARTESIAN_POINT('',(74.255453153044,-2.093557377265,
    30.698954918048));
#2096 = CARTESIAN_POINT('',(91.542612125726,-2.093557316242,
    28.667759396973));
#2097 = CARTESIAN_POINT('',(108.82977109843,-2.093557256158,
    26.63656387614));
#2098 = CARTESIAN_POINT('',(57.000000849349,-1.310170180831,
    33.00000049174));
#2099 = CARTESIAN_POINT('',(74.287159818402,-1.310170163601,
    30.968804939773));
#2100 = CARTESIAN_POINT('',(91.574318787566,-1.310170145791,
    28.937609388754));
#2101 = CARTESIAN_POINT('',(108.86147775661,-1.310170128561,
    26.906413836787));
#2102 = CARTESIAN_POINT('',(57.000000849366,-0.975035008995,
    33.000000491738));
#2103 = CARTESIAN_POINT('',(74.287159818456,-0.97503500987,
    30.968804940087));
#2104 = CARTESIAN_POINT('',(91.574318787545,-0.975035010745,
    28.937609388436));
#2105 = CARTESIAN_POINT('',(108.86147775663,-0.97503501162,
    26.906413836785));
#2106 = DEFINITIONAL_REPRESENTATION('',(#2107),#2133);
#2107 = B_SPLINE_CURVE_WITH_KNOTS('',3,(#2108,#2109,#2110,#2111,#2112,
    #2113,#2114,#2115,#2116,#2117,#2118,#2119,#2120,#2121,#2122,#2123,
    #2124,#2125,#2126,#2127,#2128,#2129,#2130,#2131,#2132),
  .UNSPECIFIED.,.F.,.F.,(4,1,1,1,1,1,1,1,1,1,1,1,1,1,1,1,1,1,1,1,1,1,4),
  (0.,0.181326624041,0.362653248082,0.543979872123,0.725306496164,
    0.906633120205,1.087959744245,1.269286368286,1.450612992327,
    1.631939616368,1.813266240409,1.99459286445,2.175919488491,
    2.357246112532,2.538572736573,2.719899360614,2.901225984654,
    3.082552608695,3.263879232736,3.445205856777,3.626532480818,
    3.807859104859,3.9891857289),.QUASI_UNIFORM_KNOTS.);
#2108 = CARTESIAN_POINT('',(0.,0.485652911948));
#2109 = CARTESIAN_POINT('',(3.020912087819E-03,0.546090965106));
#2110 = CARTESIAN_POINT('',(9.071635783299E-03,0.667119538757));
#2111 = CARTESIAN_POINT('',(1.817402919285E-02,0.84908491279));
#2112 = CARTESIAN_POINT('',(2.730231475601E-02,1.03143791193));
#2113 = CARTESIAN_POINT('',(3.645616432841E-02,1.214143647729));
#2114 = CARTESIAN_POINT('',(4.563530871254E-02,1.397167231739));
#2115 = CARTESIAN_POINT('',(5.483954659144E-02,1.58047377551));
#2116 = CARTESIAN_POINT('',(6.406874313526E-02,1.764028390595));
#2117 = CARTESIAN_POINT('',(7.332283112896E-02,1.947796188546));
#2118 = CARTESIAN_POINT('',(8.260181119643E-02,2.131742280913));
#2119 = CARTESIAN_POINT('',(9.190575205729E-02,2.315831779248));
#2120 = CARTESIAN_POINT('',(0.101234790583,2.500029795103));
#2121 = CARTESIAN_POINT('',(0.11058913173,2.68430144003));
#2122 = CARTESIAN_POINT('',(0.119969048351,2.868611825579));
#2123 = CARTESIAN_POINT('',(0.129374880889,3.052926063303));
#2124 = CARTESIAN_POINT('',(0.138807036973,3.237209264753));
#2125 = CARTESIAN_POINT('',(0.14826599093,3.421426541481));
#2126 = CARTESIAN_POINT('',(0.157752283164,3.605543005038));
#2127 = CARTESIAN_POINT('',(0.167266519643,3.789523766975));
#2128 = CARTESIAN_POINT('',(0.176809370606,3.973333938845));
#2129 = CARTESIAN_POINT('',(0.186381571833,4.156938632199));
#2130 = CARTESIAN_POINT('',(0.195983916,4.340302958588));
#2131 = CARTESIAN_POINT('',(0.202406159133,4.462362339239));
#2132 = CARTESIAN_POINT('',(0.20562259301,4.523340338921));
#2133 = ( GEOMETRIC_REPRESENTATION_CONTEXT(2) 
PARAMETRIC_REPRESENTATION_CONTEXT() REPRESENTATION_CONTEXT('2D SPACE',''
  ) );
#2134 = ORIENTED_EDGE('',*,*,#858,.T.);
#2135 = ADVANCED_FACE('',(#2136),#931,.T.);
#2136 = FACE_BOUND('',#2137,.T.);
#2137 = EDGE_LOOP('',(#2138,#2199,#2200));
#2138 = ORIENTED_EDGE('',*,*,#2139,.F.);
#2139 = EDGE_CURVE('',#826,#2140,#2142,.T.);
#2140 = VERTEX_POINT('',#2141);
#2141 = CARTESIAN_POINT('',(100.15234539497,2.444909212566,
    26.906413836785));
#2142 = SURFACE_CURVE('',#2143,(#2155,#2184),.PCURVE_S1.);
#2143 = B_SPLINE_CURVE_WITH_KNOTS('',3,(#2144,#2145,#2146,#2147,#2148,
    #2149,#2150,#2151,#2152,#2153,#2154),.UNSPECIFIED.,.F.,.F.,(4,3,2,2,
    4),(-1.203752947693,0.,0.955265348129,1.904523170167,2.854821723195)
  ,.UNSPECIFIED.);
#2144 = CARTESIAN_POINT('',(59.548064429596,2.525,26.906413836785));
#2145 = CARTESIAN_POINT('',(63.560574242506,2.524680346444,
    26.906413836785));
#2146 = CARTESIAN_POINT('',(67.579804298613,2.522171095204,
    26.906413836785));
#2147 = CARTESIAN_POINT('',(71.592311343711,2.51744733328,
    26.906413836785));
#2148 = CARTESIAN_POINT('',(74.776526964241,2.51369868528,
    26.906413836785));
#2149 = CARTESIAN_POINT('',(77.964374552721,2.508546161069,
    26.906413836785));
#2150 = CARTESIAN_POINT('',(84.312667996282,2.495409776972,
    26.906413836785));
#2151 = CARTESIAN_POINT('',(87.480900286147,2.487427879241,
    26.906413836783));
#2152 = CARTESIAN_POINT('',(93.812460809647,2.468483486905,
    26.906413836783));
#2153 = CARTESIAN_POINT('',(96.984958430548,2.457490220194,
    26.906413836785));
#2154 = CARTESIAN_POINT('',(100.15234539497,2.444909212566,
    26.906413836785));
#2155 = PCURVE('',#931,#2156);
#2156 = DEFINITIONAL_REPRESENTATION('',(#2157),#2183);
#2157 = B_SPLINE_CURVE_WITH_KNOTS('',3,(#2158,#2159,#2160,#2161,#2162,
    #2163,#2164,#2165,#2166,#2167,#2168,#2169,#2170,#2171,#2172,#2173,
    #2174,#2175,#2176,#2177,#2178,#2179,#2180,#2181,#2182),
  .UNSPECIFIED.,.F.,.F.,(4,1,1,1,1,1,1,1,1,1,1,1,1,1,1,1,1,1,1,1,1,1,4),
  (-1.203752947693,-1.019272280834,-0.834791613976,-0.650310947117,
    -0.465830280259,-0.2813496134,-9.686894654177E-02,8.761172031675E-02
    ,0.272092387175,0.456573054034,0.641053720892,0.825534387751,
    1.010015054609,1.194495721468,1.378976388326,1.563457055185,
    1.747937722043,1.932418388902,2.11689905576,2.301379722619,
    2.485860389477,2.670341056336,2.854821723195),.UNSPECIFIED.);
#2158 = CARTESIAN_POINT('',(-5.049701392748,0.426515047837));
#2159 = CARTESIAN_POINT('',(-4.988609685684,0.420055648456));
#2160 = CARTESIAN_POINT('',(-4.866462586051,0.407133534251));
#2161 = CARTESIAN_POINT('',(-4.683349375381,0.387743462001));
#2162 = CARTESIAN_POINT('',(-4.500342219015,0.368349551493));
#2163 = CARTESIAN_POINT('',(-4.31743931168,0.348954804863));
#2164 = CARTESIAN_POINT('',(-4.134641063131,0.329562449154));
#2165 = CARTESIAN_POINT('',(-3.951940079283,0.310174872322));
#2166 = CARTESIAN_POINT('',(-3.76935858697,0.290797593765));
#2167 = CARTESIAN_POINT('',(-3.586691139379,0.27141196551));
#2168 = CARTESIAN_POINT('',(-3.403955550547,0.252023016969));
#2169 = CARTESIAN_POINT('',(-3.221150965793,0.232633883751));
#2170 = CARTESIAN_POINT('',(-3.038272016262,0.213246932161));
#2171 = CARTESIAN_POINT('',(-2.855349662037,0.193869499522));
#2172 = CARTESIAN_POINT('',(-2.672227828253,0.174484953351));
#2173 = CARTESIAN_POINT('',(-2.488777154443,0.155095150105));
#2174 = CARTESIAN_POINT('',(-2.30556717575,0.135704779832));
#2175 = CARTESIAN_POINT('',(-2.122637502734,0.116316220567));
#2176 = CARTESIAN_POINT('',(-1.940006899023,9.693826480973E-02));
#2177 = CARTESIAN_POINT('',(-1.757482553782,7.755486667554E-02));
#2178 = CARTESIAN_POINT('',(-1.57499358328,5.81634666578E-02));
#2179 = CARTESIAN_POINT('',(-1.392556863577,3.877065183497E-02));
#2180 = CARTESIAN_POINT('',(-1.210165836786,1.938055762364E-02));
#2181 = CARTESIAN_POINT('',(-1.088602190873,6.45883887667E-03));
#2182 = CARTESIAN_POINT('',(-1.027827632552,0.));
#2183 = ( GEOMETRIC_REPRESENTATION_CONTEXT(2) 
PARAMETRIC_REPRESENTATION_CONTEXT() REPRESENTATION_CONTEXT('2D SPACE',''
  ) );
#2184 = PCURVE('',#846,#2185);
#2185 = DEFINITIONAL_REPRESENTATION('',(#2186),#2198);
#2186 = B_SPLINE_CURVE_WITH_KNOTS('',3,(#2187,#2188,#2189,#2190,#2191,
    #2192,#2193,#2194,#2195,#2196,#2197),.UNSPECIFIED.,.F.,.F.,(4,3,2,2,
    4),(-1.203752947693,0.,0.955265348129,1.904523170167,2.854821723195)
  ,.UNSPECIFIED.);
#2187 = CARTESIAN_POINT('',(-2.,-1.548064429596));
#2188 = CARTESIAN_POINT('',(-2.000319653556,-5.560574242506));
#2189 = CARTESIAN_POINT('',(-2.002828904796,-9.579804298613));
#2190 = CARTESIAN_POINT('',(-2.00755266672,-13.59231134371));
#2191 = CARTESIAN_POINT('',(-2.01130131472,-16.77652696424));
#2192 = CARTESIAN_POINT('',(-2.016453838931,-19.96437455272));
#2193 = CARTESIAN_POINT('',(-2.029590223028,-26.31266799628));
#2194 = CARTESIAN_POINT('',(-2.037572120759,-29.48090028614));
#2195 = CARTESIAN_POINT('',(-2.056516513095,-35.81246080964));
#2196 = CARTESIAN_POINT('',(-2.067509779806,-38.98495843054));
#2197 = CARTESIAN_POINT('',(-2.080090787434,-42.15234539497));
#2198 = ( GEOMETRIC_REPRESENTATION_CONTEXT(2) 
PARAMETRIC_REPRESENTATION_CONTEXT() REPRESENTATION_CONTEXT('2D SPACE',''
  ) );
#2199 = ORIENTED_EDGE('',*,*,#917,.F.);
#2200 = ORIENTED_EDGE('',*,*,#2201,.F.);
#2201 = EDGE_CURVE('',#2140,#890,#2202,.T.);
#2202 = SURFACE_CURVE('',#2203,(#2211,#2218),.PCURVE_S1.);
#2203 = B_SPLINE_CURVE_WITH_KNOTS('',3,(#2204,#2205,#2206,#2207,#2208,
    #2209,#2210),.UNSPECIFIED.,.F.,.F.,(4,3,4),(1.027827632552,
    2.540284190022,5.049701392748),.UNSPECIFIED.);
#2204 = CARTESIAN_POINT('',(100.15234539497,2.444909212566,
    26.906413836785));
#2205 = CARTESIAN_POINT('',(95.107902041013,2.465169523251,
    27.439239407347));
#2206 = CARTESIAN_POINT('',(90.055377805956,2.481291476585,
    27.972918530972));
#2207 = CARTESIAN_POINT('',(85.037854065314,2.493597285457,
    28.50290068407));
#2208 = CARTESIAN_POINT('',(76.712946928202,2.514014670883,
    29.382229300521));
#2209 = CARTESIAN_POINT('',(68.322926262753,2.524329247459,
    30.268435613965));
#2210 = CARTESIAN_POINT('',(59.996083903668,2.525,31.147968640631));
#2211 = PCURVE('',#931,#2212);
#2212 = DEFINITIONAL_REPRESENTATION('',(#2213),#2217);
#2213 = LINE('',#2214,#2215);
#2214 = CARTESIAN_POINT('',(-2.22044604925E-16,-1.736172719954E-16));
#2215 = VECTOR('',#2216,1.);
#2216 = DIRECTION('',(-1.,5.41523287384E-17));
#2217 = ( GEOMETRIC_REPRESENTATION_CONTEXT(2) 
PARAMETRIC_REPRESENTATION_CONTEXT() REPRESENTATION_CONTEXT('2D SPACE',''
  ) );
#2218 = PCURVE('',#1170,#2219);
#2219 = DEFINITIONAL_REPRESENTATION('',(#2220),#2246);
#2220 = B_SPLINE_CURVE_WITH_KNOTS('',3,(#2221,#2222,#2223,#2224,#2225,
    #2226,#2227,#2228,#2229,#2230,#2231,#2232,#2233,#2234,#2235,#2236,
    #2237,#2238,#2239,#2240,#2241,#2242,#2243,#2244,#2245),
  .UNSPECIFIED.,.F.,.F.,(4,1,1,1,1,1,1,1,1,1,1,1,1,1,1,1,1,1,1,1,1,1,4),
  (1.027827632552,1.210640076198,1.393452519843,1.576264963488,
    1.759077407133,1.941889850779,2.124702294424,2.307514738069,
    2.490327181714,2.67313962536,2.855952069005,3.03876451265,
    3.221576956295,3.40438939994,3.587201843586,3.770014287231,
    3.952826730876,4.135639174521,4.318451618167,4.501264061812,
    4.684076505457,4.866888949102,5.049701392748),
  .QUASI_UNIFORM_KNOTS.);
#2221 = CARTESIAN_POINT('',(0.20562259467,1.031588019806));
#2222 = CARTESIAN_POINT('',(0.202388768261,1.092895789331));
#2223 = CARTESIAN_POINT('',(0.195936125551,1.215535071165));
#2224 = CARTESIAN_POINT('',(0.186301682088,1.399519316036));
#2225 = CARTESIAN_POINT('',(0.176711214093,1.583483011822));
#2226 = CARTESIAN_POINT('',(0.16716430039,1.767380164739));
#2227 = CARTESIAN_POINT('',(0.157660573413,1.951165236296));
#2228 = CARTESIAN_POINT('',(0.148199840554,2.134790989405));
#2229 = CARTESIAN_POINT('',(0.138781667552,2.318216526078));
#2230 = CARTESIAN_POINT('',(0.12940692108,2.501377290525));
#2231 = CARTESIAN_POINT('',(0.12007201156,2.684297019059));
#2232 = CARTESIAN_POINT('',(0.110748288985,2.867495175111));
#2233 = CARTESIAN_POINT('',(0.101441238591,3.050825571919));
#2234 = CARTESIAN_POINT('',(9.214884754337E-02,3.234289437238));
#2235 = CARTESIAN_POINT('',(8.287117909679E-02,3.41784849922));
#2236 = CARTESIAN_POINT('',(7.360780837878E-02,3.601475069906));
#2237 = CARTESIAN_POINT('',(6.435851057541E-02,3.785138625391));
#2238 = CARTESIAN_POINT('',(5.512307757269E-02,3.968809401659));
#2239 = CARTESIAN_POINT('',(4.590136799107E-02,4.152457431084));
#2240 = CARTESIAN_POINT('',(3.669329474289E-02,4.336052800596));
#2241 = CARTESIAN_POINT('',(2.749882858145E-02,4.519565582506));
#2242 = CARTESIAN_POINT('',(1.831799955546E-02,4.702965853045));
#2243 = CARTESIAN_POINT('',(9.150890158208E-03,4.88622368739));
#2244 = CARTESIAN_POINT('',(3.048738722965E-03,5.0082806698));
#2245 = CARTESIAN_POINT('',(0.,5.069275446779));
#2246 = ( GEOMETRIC_REPRESENTATION_CONTEXT(2) 
PARAMETRIC_REPRESENTATION_CONTEXT() REPRESENTATION_CONTEXT('2D SPACE',''
  ) );
#2247 = ADVANCED_FACE('',(#2248),#1170,.F.);
#2248 = FACE_BOUND('',#2249,.F.);
#2249 = EDGE_LOOP('',(#2250,#2294,#2314,#2315,#2408,#2438,#2473,#2526,
    #2527,#2549));
#2250 = ORIENTED_EDGE('',*,*,#2251,.T.);
#2251 = EDGE_CURVE('',#2252,#2254,#2256,.T.);
#2252 = VERTEX_POINT('',#2253);
#2253 = CARTESIAN_POINT('',(58.,2.410964506128,31.949890511155));
#2254 = VERTEX_POINT('',#2255);
#2255 = CARTESIAN_POINT('',(58.,2.525,31.382503216016));
#2256 = SURFACE_CURVE('',#2257,(#2271,#2277),.PCURVE_S1.);
#2257 = B_SPLINE_CURVE_WITH_KNOTS('',3,(#2258,#2259,#2260,#2261,#2262,
    #2263,#2264,#2265,#2266,#2267,#2268,#2269,#2270),.UNSPECIFIED.,.F.,
  .F.,(4,3,3,3,4),(0.177710331207,0.196072391559,0.214299027327,
    0.231991639712,0.236114768187),.UNSPECIFIED.);
#2258 = CARTESIAN_POINT('',(57.999876253525,2.40845149611,
    31.948837326007));
#2259 = CARTESIAN_POINT('',(57.999885140268,2.431859402597,
    31.892329057229));
#2260 = CARTESIAN_POINT('',(57.999899408472,2.45189930107,
    31.834611262022));
#2261 = CARTESIAN_POINT('',(57.999916022617,2.468446735663,
    31.775988888475));
#2262 = CARTESIAN_POINT('',(57.999932514229,2.484872128972,
    31.717798868944));
#2263 = CARTESIAN_POINT('',(57.999951204625,2.497856789614,
    31.658716605835));
#2264 = CARTESIAN_POINT('',(57.999966899459,2.507231777675,
    31.599021408866));
#2265 = CARTESIAN_POINT('',(57.999982134449,2.516332087354,
    31.541075225344));
#2266 = CARTESIAN_POINT('',(57.999994447053,2.52203134078,
    31.482550649306));
#2267 = CARTESIAN_POINT('',(57.999998538413,2.524126269034,
    31.423698489709));
#2268 = CARTESIAN_POINT('',(57.999999491873,2.524614476097,
    31.409983442446));
#2269 = CARTESIAN_POINT('',(58.,2.524906715316,31.396250614335));
#2270 = CARTESIAN_POINT('',(58.,2.525,31.382503216016));
#2271 = PCURVE('',#1170,#2272);
#2272 = DEFINITIONAL_REPRESENTATION('',(#2273),#2276);
#2273 = B_SPLINE_CURVE_WITH_KNOTS('',1,(#2274,#2275),.UNSPECIFIED.,.F.,
  .F.,(2,2),(0.177710331207,0.236114768187),.PIECEWISE_BEZIER_KNOTS.);
#2274 = CARTESIAN_POINT('',(0.246600838287,5.276878077107));
#2275 = CARTESIAN_POINT('',(-1.711168435962E-14,5.27025697373));
#2276 = ( GEOMETRIC_REPRESENTATION_CONTEXT(2) 
PARAMETRIC_REPRESENTATION_CONTEXT() REPRESENTATION_CONTEXT('2D SPACE',''
  ) );
#2277 = PCURVE('',#1451,#2278);
#2278 = DEFINITIONAL_REPRESENTATION('',(#2279),#2293);
#2279 = B_SPLINE_CURVE_WITH_KNOTS('',3,(#2280,#2281,#2282,#2283,#2284,
    #2285,#2286,#2287,#2288,#2289,#2290,#2291,#2292),.UNSPECIFIED.,.F.,
  .F.,(4,3,3,3,4),(0.177710331207,0.196072391559,0.214299027327,
    0.231991639712,0.236114768187),.UNSPECIFIED.);
#2280 = CARTESIAN_POINT('',(-3.517423489222,2.40845149611));
#2281 = CARTESIAN_POINT('',(-3.460915220444,2.431859402597));
#2282 = CARTESIAN_POINT('',(-3.403197425236,2.45189930107));
#2283 = CARTESIAN_POINT('',(-3.344575051689,2.468446735663));
#2284 = CARTESIAN_POINT('',(-3.286385032159,2.484872128972));
#2285 = CARTESIAN_POINT('',(-3.22730276905,2.497856789614));
#2286 = CARTESIAN_POINT('',(-3.16760757208,2.507231777675));
#2287 = CARTESIAN_POINT('',(-3.109661388559,2.516332087354));
#2288 = CARTESIAN_POINT('',(-3.051136812521,2.52203134078));
#2289 = CARTESIAN_POINT('',(-2.992284652923,2.524126269034));
#2290 = CARTESIAN_POINT('',(-2.978569605661,2.524614476097));
#2291 = CARTESIAN_POINT('',(-2.964836777549,2.524906715316));
#2292 = CARTESIAN_POINT('',(-2.95108937923,2.525));
#2293 = ( GEOMETRIC_REPRESENTATION_CONTEXT(2) 
PARAMETRIC_REPRESENTATION_CONTEXT() REPRESENTATION_CONTEXT('2D SPACE',''
  ) );
#2294 = ORIENTED_EDGE('',*,*,#2295,.F.);
#2295 = EDGE_CURVE('',#890,#2254,#2296,.T.);
#2296 = SURFACE_CURVE('',#2297,(#2301,#2307),.PCURVE_S1.);
#2297 = LINE('',#2298,#2299);
#2298 = CARTESIAN_POINT('',(59.996083903667,2.525,31.147968640631));
#2299 = VECTOR('',#2300,1.);
#2300 = DIRECTION('',(-0.993167846794,-2.205275621657E-16,0.116694593251
    ));
#2301 = PCURVE('',#1170,#2302);
#2302 = DEFINITIONAL_REPRESENTATION('',(#2303),#2306);
#2303 = B_SPLINE_CURVE_WITH_KNOTS('',1,(#2304,#2305),.UNSPECIFIED.,.F.,
  .F.,(2,2),(0.,2.009815269504),.PIECEWISE_BEZIER_KNOTS.);
#2304 = CARTESIAN_POINT('',(2.020089409709E-14,5.069275446779));
#2305 = CARTESIAN_POINT('',(2.084234540633E-14,5.27025697373));
#2306 = ( GEOMETRIC_REPRESENTATION_CONTEXT(2) 
PARAMETRIC_REPRESENTATION_CONTEXT() REPRESENTATION_CONTEXT('2D SPACE',''
  ) );
#2307 = PCURVE('',#905,#2308);
#2308 = DEFINITIONAL_REPRESENTATION('',(#2309),#2313);
#2309 = LINE('',#2310,#2311);
#2310 = CARTESIAN_POINT('',(-1.102637810828E-15,5.));
#2311 = VECTOR('',#2312,1.);
#2312 = DIRECTION('',(1.,2.609027520169E-32));
#2313 = ( GEOMETRIC_REPRESENTATION_CONTEXT(2) 
PARAMETRIC_REPRESENTATION_CONTEXT() REPRESENTATION_CONTEXT('2D SPACE',''
  ) );
#2314 = ORIENTED_EDGE('',*,*,#2201,.F.);
#2315 = ORIENTED_EDGE('',*,*,#2316,.T.);
#2316 = EDGE_CURVE('',#2140,#2317,#2319,.T.);
#2317 = VERTEX_POINT('',#2318);
#2318 = CARTESIAN_POINT('',(108.86147775663,1.02503501162,
    26.906413836785));
#2319 = SURFACE_CURVE('',#2320,(#2337,#2388),.PCURVE_S1.);
#2320 = B_SPLINE_CURVE_WITH_KNOTS('',3,(#2321,#2322,#2323,#2324,#2325,
    #2326,#2327,#2328,#2329,#2330,#2331,#2332,#2333,#2334,#2335,#2336),
  .UNSPECIFIED.,.F.,.F.,(4,2,2,2,2,2,2,4),(0.391267649039,0.800949025582
    ,1.055653241574,1.129787336953,1.155693269534,1.165737117436,
    1.170120309562,1.174295193904),.UNSPECIFIED.);
#2321 = CARTESIAN_POINT('',(100.15234539497,2.444909212566,
    26.906413836785));
#2322 = CARTESIAN_POINT('',(101.58874082836,2.387808284788,
    26.906413836785));
#2323 = CARTESIAN_POINT('',(103.01506523557,2.298607796165,
    26.906413836785));
#2324 = CARTESIAN_POINT('',(105.1515274617,2.086684719872,
    26.906413836785));
#2325 = CARTESIAN_POINT('',(106.59476212827,1.923207474956,
    26.906413836767));
#2326 = CARTESIAN_POINT('',(107.94977222593,1.586192379274,
    26.906413836767));
#2327 = CARTESIAN_POINT('',(108.30358157731,1.481738453748,
    26.906413836785));
#2328 = CARTESIAN_POINT('',(108.63772622775,1.307502258462,
    26.906413836785));
#2329 = CARTESIAN_POINT('',(108.72395712184,1.252810232924,
    26.906413836785));
#2330 = CARTESIAN_POINT('',(108.80661492011,1.16562719176,
    26.906413836785));
#2331 = CARTESIAN_POINT('',(108.82760945134,1.1380219933,26.906413836785
    ));
#2332 = CARTESIAN_POINT('',(108.8482289337,1.094403314349,
    26.906413836785));
#2333 = CARTESIAN_POINT('',(108.85322832223,1.080629431857,
    26.906413836785));
#2334 = CARTESIAN_POINT('',(108.85980731268,1.052775442597,
    26.906413836785));
#2335 = CARTESIAN_POINT('',(108.86147775663,1.038996844881,
    26.906413836785));
#2336 = CARTESIAN_POINT('',(108.86147775663,1.02503501162,
    26.906413836785));
#2337 = PCURVE('',#1170,#2338);
#2338 = DEFINITIONAL_REPRESENTATION('',(#2339),#2387);
#2339 = B_SPLINE_CURVE_WITH_KNOTS('',3,(#2340,#2341,#2342,#2343,#2344,
    #2345,#2346,#2347,#2348,#2349,#2350,#2351,#2352,#2353,#2354,#2355,
    #2356,#2357,#2358,#2359,#2360,#2361,#2362,#2363,#2364,#2365,#2366,
    #2367,#2368,#2369,#2370,#2371,#2372,#2373,#2374,#2375,#2376,#2377,
    #2378,#2379,#2380,#2381,#2382,#2383,#2384,#2385,#2386),
  .UNSPECIFIED.,.F.,.F.,(4,1,1,1,1,1,1,1,1,1,1,1,1,1,1,1,1,1,1,1,1,1,1,1
    ,1,1,1,1,1,1,1,1,1,1,1,1,1,1,1,1,1,1,1,1,4),(0.391267649039,
    0.409063729604,0.42685981017,0.444655890735,0.4624519713,
    0.480248051865,0.49804413243,0.515840212995,0.53363629356,
    0.551432374125,0.56922845469,0.587024535255,0.604820615821,
    0.622616696386,0.640412776951,0.658208857516,0.676004938081,
    0.693801018646,0.711597099211,0.729393179776,0.747189260341,
    0.764985340906,0.782781421472,0.800577502037,0.818373582602,
    0.836169663167,0.853965743732,0.871761824297,0.889557904862,
    0.907353985427,0.925150065992,0.942946146557,0.960742227123,
    0.978538307688,0.996334388253,1.014130468818,1.031926549383,
    1.049722629948,1.067518710513,1.085314791078,1.103110871643,
    1.120906952208,1.138703032774,1.156499113339,1.174295193904),
  .QUASI_UNIFORM_KNOTS.);
#2340 = CARTESIAN_POINT('',(0.205622594669,1.031588019807));
#2341 = CARTESIAN_POINT('',(0.208898048764,1.025391115246));
#2342 = CARTESIAN_POINT('',(0.215463304835,1.013001080827));
#2343 = CARTESIAN_POINT('',(0.225355084192,0.994432181136));
#2344 = CARTESIAN_POINT('',(0.235291563868,0.975884261216));
#2345 = CARTESIAN_POINT('',(0.245273711797,0.957362148898));
#2346 = CARTESIAN_POINT('',(0.255302601608,0.938870672017));
#2347 = CARTESIAN_POINT('',(0.265379426691,0.920414658404));
#2348 = CARTESIAN_POINT('',(0.275505494945,0.901998935892));
#2349 = CARTESIAN_POINT('',(0.285682228474,0.883628332313));
#2350 = CARTESIAN_POINT('',(0.295911161681,0.865307675502));
#2351 = CARTESIAN_POINT('',(0.306193939507,0.84704179328));
#2352 = CARTESIAN_POINT('',(0.316532315223,0.828835513523));
#2353 = CARTESIAN_POINT('',(0.326928148151,0.810693663906));
#2354 = CARTESIAN_POINT('',(0.337383400201,0.792621072846));
#2355 = CARTESIAN_POINT('',(0.347900134912,0.774622565994));
#2356 = CARTESIAN_POINT('',(0.358480505063,0.756702979325));
#2357 = CARTESIAN_POINT('',(0.369126780451,0.738867110282));
#2358 = CARTESIAN_POINT('',(0.379841222927,0.721119900114));
#2359 = CARTESIAN_POINT('',(0.390626528181,0.70346575338));
#2360 = CARTESIAN_POINT('',(0.401484148612,0.68591107759));
#2361 = CARTESIAN_POINT('',(0.41242051979,0.668454805136));
#2362 = CARTESIAN_POINT('',(0.42342378535,0.65112376594));
#2363 = CARTESIAN_POINT('',(0.434550617647,0.633840674913));
#2364 = CARTESIAN_POINT('',(0.445602149098,0.616916809487));
#2365 = CARTESIAN_POINT('',(0.457333356164,0.599213312017));
#2366 = CARTESIAN_POINT('',(0.470547120003,0.579618495371));
#2367 = CARTESIAN_POINT('',(0.48495007402,0.558691880208));
#2368 = CARTESIAN_POINT('',(0.500546218409,0.536545868121));
#2369 = CARTESIAN_POINT('',(0.517264077325,0.513412665283));
#2370 = CARTESIAN_POINT('',(0.535056669864,0.489492378611));
#2371 = CARTESIAN_POINT('',(0.553874732437,0.464993707468));
#2372 = CARTESIAN_POINT('',(0.573673827583,0.440123080687));
#2373 = CARTESIAN_POINT('',(0.594412311339,0.415087416777));
#2374 = CARTESIAN_POINT('',(0.616054559697,0.390093946074));
#2375 = CARTESIAN_POINT('',(0.638572983807,0.36534816193));
#2376 = CARTESIAN_POINT('',(0.661941744593,0.341062193803));
#2377 = CARTESIAN_POINT('',(0.686163293037,0.31742336371));
#2378 = CARTESIAN_POINT('',(0.711172246235,0.294711587328));
#2379 = CARTESIAN_POINT('',(0.737196457235,0.272861213142));
#2380 = CARTESIAN_POINT('',(0.767693405282,0.249671621479));
#2381 = CARTESIAN_POINT('',(0.801637671344,0.227089118813));
#2382 = CARTESIAN_POINT('',(0.839010803271,0.206197745785));
#2383 = CARTESIAN_POINT('',(0.879506523094,0.188357715376));
#2384 = CARTESIAN_POINT('',(0.929299642514,0.172484422534));
#2385 = CARTESIAN_POINT('',(0.973757294638,0.167242786901));
#2386 = CARTESIAN_POINT('',(1.,0.166624997054));
#2387 = ( GEOMETRIC_REPRESENTATION_CONTEXT(2) 
PARAMETRIC_REPRESENTATION_CONTEXT() REPRESENTATION_CONTEXT('2D SPACE',''
  ) );
#2388 = PCURVE('',#846,#2389);
#2389 = DEFINITIONAL_REPRESENTATION('',(#2390),#2407);
#2390 = B_SPLINE_CURVE_WITH_KNOTS('',3,(#2391,#2392,#2393,#2394,#2395,
    #2396,#2397,#2398,#2399,#2400,#2401,#2402,#2403,#2404,#2405,#2406),
  .UNSPECIFIED.,.F.,.F.,(4,2,2,2,2,2,2,4),(0.391267649039,0.800949025582
    ,1.055653241574,1.129787336953,1.155693269534,1.165737117436,
    1.170120309562,1.174295193904),.UNSPECIFIED.);
#2391 = CARTESIAN_POINT('',(-2.080090787434,-42.15234539497));
#2392 = CARTESIAN_POINT('',(-2.137191715212,-43.58874082836));
#2393 = CARTESIAN_POINT('',(-2.226392203835,-45.01506523557));
#2394 = CARTESIAN_POINT('',(-2.438315280128,-47.1515274617));
#2395 = CARTESIAN_POINT('',(-2.601792525044,-48.59476212827));
#2396 = CARTESIAN_POINT('',(-2.938807620726,-49.94977222593));
#2397 = CARTESIAN_POINT('',(-3.043261546252,-50.30358157731));
#2398 = CARTESIAN_POINT('',(-3.217497741538,-50.63772622775));
#2399 = CARTESIAN_POINT('',(-3.272189767076,-50.72395712184));
#2400 = CARTESIAN_POINT('',(-3.35937280824,-50.80661492011));
#2401 = CARTESIAN_POINT('',(-3.3869780067,-50.82760945134));
#2402 = CARTESIAN_POINT('',(-3.430596685652,-50.8482289337));
#2403 = CARTESIAN_POINT('',(-3.444370568143,-50.85322832223));
#2404 = CARTESIAN_POINT('',(-3.472224557403,-50.85980731268));
#2405 = CARTESIAN_POINT('',(-3.486003155119,-50.86147775663));
#2406 = CARTESIAN_POINT('',(-3.49996498838,-50.86147775663));
#2407 = ( GEOMETRIC_REPRESENTATION_CONTEXT(2) 
PARAMETRIC_REPRESENTATION_CONTEXT() REPRESENTATION_CONTEXT('2D SPACE',''
  ) );
#2408 = ORIENTED_EDGE('',*,*,#2409,.F.);
#2409 = EDGE_CURVE('',#2410,#2317,#2412,.T.);
#2410 = VERTEX_POINT('',#2411);
#2411 = CARTESIAN_POINT('',(57.000000849366,1.025035008995,
    33.000000491738));
#2412 = SURFACE_CURVE('',#2413,(#2418,#2425),.PCURVE_S1.);
#2413 = B_SPLINE_CURVE_WITH_KNOTS('',3,(#2414,#2415,#2416,#2417),
  .UNSPECIFIED.,.F.,.F.,(4,4),(-5.388448993824,-0.166624997054),
  .PIECEWISE_BEZIER_KNOTS.);
#2414 = CARTESIAN_POINT('',(57.000000849366,1.025035008995,
    33.000000491738));
#2415 = CARTESIAN_POINT('',(74.287159818456,1.02503500987,
    30.968804940087));
#2416 = CARTESIAN_POINT('',(91.574318787545,1.025035010745,
    28.937609388436));
#2417 = CARTESIAN_POINT('',(108.86147775663,1.02503501162,
    26.906413836785));
#2418 = PCURVE('',#1170,#2419);
#2419 = DEFINITIONAL_REPRESENTATION('',(#2420),#2424);
#2420 = LINE('',#2421,#2422);
#2421 = CARTESIAN_POINT('',(1.,-5.329070518201E-15));
#2422 = VECTOR('',#2423,1.);
#2423 = DIRECTION('',(5.953139115514E-16,-1.));
#2424 = ( GEOMETRIC_REPRESENTATION_CONTEXT(2) 
PARAMETRIC_REPRESENTATION_CONTEXT() REPRESENTATION_CONTEXT('2D SPACE',''
  ) );
#2425 = PCURVE('',#2426,#2431);
#2426 = PLANE('',#2427);
#2427 = AXIS2_PLACEMENT_3D('',#2428,#2429,#2430);
#2428 = CARTESIAN_POINT('',(57.000000849366,-2.475,33.000000491738));
#2429 = DIRECTION('',(0.11669460056,2.591140647813E-17,0.993167845936));
#2430 = DIRECTION('',(0.993167845936,2.20527561975E-16,-0.11669460056));
#2431 = DEFINITIONAL_REPRESENTATION('',(#2432),#2437);
#2432 = B_SPLINE_CURVE_WITH_KNOTS('',3,(#2433,#2434,#2435,#2436),
  .UNSPECIFIED.,.F.,.F.,(4,4),(-5.388448993824,-0.166624997054),
  .PIECEWISE_BEZIER_KNOTS.);
#2433 = CARTESIAN_POINT('',(0.,3.500035008995));
#2434 = CARTESIAN_POINT('',(17.406079989234,3.50003500987));
#2435 = CARTESIAN_POINT('',(34.812159978468,3.500035010745));
#2436 = CARTESIAN_POINT('',(52.218239967703,3.50003501162));
#2437 = ( GEOMETRIC_REPRESENTATION_CONTEXT(2) 
PARAMETRIC_REPRESENTATION_CONTEXT() REPRESENTATION_CONTEXT('2D SPACE',''
  ) );
#2438 = ORIENTED_EDGE('',*,*,#2439,.F.);
#2439 = EDGE_CURVE('',#2440,#2410,#2442,.T.);
#2440 = VERTEX_POINT('',#2441);
#2441 = CARTESIAN_POINT('',(57.000000848122,1.12834891242,
    32.996413836785));
#2442 = SURFACE_CURVE('',#2443,(#2451,#2457),.PCURVE_S1.);
#2443 = B_SPLINE_CURVE_WITH_KNOTS('',3,(#2444,#2445,#2446,#2447,#2448,
    #2449,#2450),.UNSPECIFIED.,.F.,.F.,(4,3,4),(0.225823738972,
    0.23100318788,0.236182636788),.PIECEWISE_BEZIER_KNOTS.);
#2444 = CARTESIAN_POINT('',(56.999988527046,1.128368317616,
    32.996308974209));
#2445 = CARTESIAN_POINT('',(56.999992159658,1.111193623327,
    32.997533350154));
#2446 = CARTESIAN_POINT('',(56.999995228867,1.093990106319,
    32.998456132758));
#2447 = CARTESIAN_POINT('',(56.999997401272,1.076765348635,
    32.999072917967));
#2448 = CARTESIAN_POINT('',(56.999999573677,1.05954059095,
    32.999689703175));
#2449 = CARTESIAN_POINT('',(57.000000849366,1.042294590566,
    33.000000491737));
#2450 = CARTESIAN_POINT('',(57.000000849366,1.025035008995,
    33.000000491738));
#2451 = PCURVE('',#1170,#2452);
#2452 = DEFINITIONAL_REPRESENTATION('',(#2453),#2456);
#2453 = B_SPLINE_CURVE_WITH_KNOTS('',1,(#2454,#2455),.UNSPECIFIED.,.F.,
  .F.,(2,2),(0.225826427567,0.236182636788),.PIECEWISE_BEZIER_KNOTS.);
#2454 = CARTESIAN_POINT('',(0.955937197491,5.388407161306));
#2455 = CARTESIAN_POINT('',(1.,5.388448993824));
#2456 = ( GEOMETRIC_REPRESENTATION_CONTEXT(2) 
PARAMETRIC_REPRESENTATION_CONTEXT() REPRESENTATION_CONTEXT('2D SPACE',''
  ) );
#2457 = PCURVE('',#2458,#2463);
#2458 = PLANE('',#2459);
#2459 = AXIS2_PLACEMENT_3D('',#2460,#2461,#2462);
#2460 = CARTESIAN_POINT('',(57.000000329139,-2.475,31.500000469387));
#2461 = DIRECTION('',(-1.,-2.22044604925E-16,3.468184492158E-07));
#2462 = DIRECTION('',(3.468184492158E-07,7.700916553684E-23,1.));
#2463 = DEFINITIONAL_REPRESENTATION('',(#2464),#2472);
#2464 = B_SPLINE_CURVE_WITH_KNOTS('',3,(#2465,#2466,#2467,#2468,#2469,
    #2470,#2471),.UNSPECIFIED.,.F.,.F.,(4,3,4),(0.225823738972,
    0.23100318788,0.236182636788),.PIECEWISE_BEZIER_KNOTS.);
#2465 = CARTESIAN_POINT('',(1.496308504818,3.603368317616));
#2466 = CARTESIAN_POINT('',(1.497532880765,3.586193623327));
#2467 = CARTESIAN_POINT('',(1.49845566337,3.568990106319));
#2468 = CARTESIAN_POINT('',(1.499072448579,3.551765348635));
#2469 = CARTESIAN_POINT('',(1.499689233788,3.53454059095));
#2470 = CARTESIAN_POINT('',(1.500000022351,3.517294590566));
#2471 = CARTESIAN_POINT('',(1.500000022352,3.500035008995));
#2472 = ( GEOMETRIC_REPRESENTATION_CONTEXT(2) 
PARAMETRIC_REPRESENTATION_CONTEXT() REPRESENTATION_CONTEXT('2D SPACE',''
  ) );
#2473 = ORIENTED_EDGE('',*,*,#2474,.F.);
#2474 = EDGE_CURVE('',#1119,#2440,#2475,.T.);
#2475 = SURFACE_CURVE('',#2476,(#2485,#2514),.PCURVE_S1.);
#2476 = B_SPLINE_CURVE_WITH_KNOTS('',3,(#2477,#2478,#2479,#2480,#2481,
    #2482,#2483,#2484),.UNSPECIFIED.,.F.,.F.,(4,2,2,4),(
    6.535117905922E-02,0.126788510007,0.169585146722,0.184726848413),
  .UNSPECIFIED.);
#2477 = CARTESIAN_POINT('',(56.,1.6135151192,32.996413836785));
#2478 = CARTESIAN_POINT('',(56.214158316423,1.554921251868,
    32.996413836785));
#2479 = CARTESIAN_POINT('',(56.420315474674,1.488176083688,
    32.996413836785));
#2480 = CARTESIAN_POINT('',(56.710786828856,1.361826244256,
    32.996413836785));
#2481 = CARTESIAN_POINT('',(56.834378236169,1.297018320153,
    32.996413836785));
#2482 = CARTESIAN_POINT('',(56.95029611265,1.194532754915,
    32.996413836785));
#2483 = CARTESIAN_POINT('',(56.979330852824,1.163286350334,
    32.996413836785));
#2484 = CARTESIAN_POINT('',(57.000000848122,1.12834891242,
    32.996413836785));
#2485 = PCURVE('',#1170,#2486);
#2486 = DEFINITIONAL_REPRESENTATION('',(#2487),#2513);
#2487 = B_SPLINE_CURVE_WITH_KNOTS('',3,(#2488,#2489,#2490,#2491,#2492,
    #2493,#2494,#2495,#2496,#2497,#2498,#2499,#2500,#2501,#2502,#2503,
    #2504,#2505,#2506,#2507,#2508,#2509,#2510,#2511,#2512),
  .UNSPECIFIED.,.F.,.F.,(4,1,1,1,1,1,1,1,1,1,1,1,1,1,1,1,1,1,1,1,1,1,4),
  (6.535117905922E-02,7.077734584801E-02,7.62035126368E-02,
    8.162967942559E-02,8.705584621438E-02,9.248201300316E-02,
    9.790817979195E-02,0.103334346581,0.10876051337,0.114186680158,
    0.119612846947,0.125039013736,0.130465180525,0.135891347313,
    0.141317514102,0.146743680891,0.15216984768,0.157596014469,
    0.163022181257,0.168448348046,0.173874514835,0.179300681624,
    0.184726848413),.QUASI_UNIFORM_KNOTS.);
#2488 = CARTESIAN_POINT('',(0.742577821338,5.487724008444));
#2489 = CARTESIAN_POINT('',(0.744973196353,5.485845477327));
#2490 = CARTESIAN_POINT('',(0.74981092828,5.482100812396));
#2491 = CARTESIAN_POINT('',(0.757206738451,5.476532069745));
#2492 = CARTESIAN_POINT('',(0.764739977413,5.471022644852));
#2493 = CARTESIAN_POINT('',(0.772409036949,5.465583600095));
#2494 = CARTESIAN_POINT('',(0.780212423398,5.460226000203));
#2495 = CARTESIAN_POINT('',(0.788148793775,5.454960901142));
#2496 = CARTESIAN_POINT('',(0.796216889629,5.449799391576));
#2497 = CARTESIAN_POINT('',(0.804415782007,5.444752438143));
#2498 = CARTESIAN_POINT('',(0.812743972955,5.439831462888));
#2499 = CARTESIAN_POINT('',(0.821202758308,5.435046188244));
#2500 = CARTESIAN_POINT('',(0.829783687074,5.430412679696));
#2501 = CARTESIAN_POINT('',(0.838515371276,5.425923330129));
#2502 = CARTESIAN_POINT('',(0.847821750257,5.42139055094));
#2503 = CARTESIAN_POINT('',(0.857603712513,5.416912316055));
#2504 = CARTESIAN_POINT('',(0.867870070326,5.412527607691));
#2505 = CARTESIAN_POINT('',(0.878603182423,5.408290757977));
#2506 = CARTESIAN_POINT('',(0.889787885274,5.404253691097));
#2507 = CARTESIAN_POINT('',(0.901430323484,5.40046261311));
#2508 = CARTESIAN_POINT('',(0.913453856055,5.396989010519));
#2509 = CARTESIAN_POINT('',(0.926096737631,5.39380896617));
#2510 = CARTESIAN_POINT('',(0.940304492664,5.390824620807));
#2511 = CARTESIAN_POINT('',(0.95058844344,5.389143483267));
#2512 = CARTESIAN_POINT('',(0.955937198238,5.38840713962));
#2513 = ( GEOMETRIC_REPRESENTATION_CONTEXT(2) 
PARAMETRIC_REPRESENTATION_CONTEXT() REPRESENTATION_CONTEXT('2D SPACE',''
  ) );
#2514 = PCURVE('',#1134,#2515);
#2515 = DEFINITIONAL_REPRESENTATION('',(#2516),#2525);
#2516 = B_SPLINE_CURVE_WITH_KNOTS('',3,(#2517,#2518,#2519,#2520,#2521,
    #2522,#2523,#2524),.UNSPECIFIED.,.F.,.F.,(4,2,2,4),(
    6.535117905922E-02,0.126788510007,0.169585146722,0.184726848413),
  .UNSPECIFIED.);
#2517 = CARTESIAN_POINT('',(-2.9114848808,0.));
#2518 = CARTESIAN_POINT('',(-2.970078748132,-0.214158316423));
#2519 = CARTESIAN_POINT('',(-3.036823916312,-0.420315474674));
#2520 = CARTESIAN_POINT('',(-3.163173755744,-0.710786828856));
#2521 = CARTESIAN_POINT('',(-3.227981679847,-0.834378236169));
#2522 = CARTESIAN_POINT('',(-3.330467245085,-0.95029611265));
#2523 = CARTESIAN_POINT('',(-3.361713649666,-0.979330852824));
#2524 = CARTESIAN_POINT('',(-3.39665108758,-1.000000848122));
#2525 = ( GEOMETRIC_REPRESENTATION_CONTEXT(2) 
PARAMETRIC_REPRESENTATION_CONTEXT() REPRESENTATION_CONTEXT('2D SPACE',''
  ) );
#2526 = ORIENTED_EDGE('',*,*,#1146,.T.);
#2527 = ORIENTED_EDGE('',*,*,#2528,.T.);
#2528 = EDGE_CURVE('',#1147,#2529,#2531,.T.);
#2529 = VERTEX_POINT('',#2530);
#2530 = CARTESIAN_POINT('',(57.000000004308,1.761994876996,
    32.805149399885));
#2531 = SURFACE_CURVE('',#2532,(#2537,#2543),.PCURVE_S1.);
#2532 = B_SPLINE_CURVE_WITH_KNOTS('',3,(#2533,#2534,#2535,#2536),
  .UNSPECIFIED.,.F.,.F.,(4,4),(7.070859692976E-02,0.176096144072),
  .PIECEWISE_BEZIER_KNOTS.);
#2533 = CARTESIAN_POINT('',(56.,1.878648638156,32.849091811783));
#2534 = CARTESIAN_POINT('',(56.339344760732,1.84024833258,
    32.835978070232));
#2535 = CARTESIAN_POINT('',(56.672051018685,1.801287218478,
    32.821366028398));
#2536 = CARTESIAN_POINT('',(57.000000004308,1.761994876996,
    32.805149399885));
#2537 = PCURVE('',#1170,#2538);
#2538 = DEFINITIONAL_REPRESENTATION('',(#2539),#2542);
#2539 = B_SPLINE_CURVE_WITH_KNOTS('',1,(#2540,#2541),.UNSPECIFIED.,.F.,
  .F.,(2,2),(7.070859692976E-02,0.176096144072),
  .PIECEWISE_BEZIER_KNOTS.);
#2540 = CARTESIAN_POINT('',(0.613207027237,5.486004839957));
#2541 = CARTESIAN_POINT('',(0.671987680407,5.386175270716));
#2542 = ( GEOMETRIC_REPRESENTATION_CONTEXT(2) 
PARAMETRIC_REPRESENTATION_CONTEXT() REPRESENTATION_CONTEXT('2D SPACE',''
  ) );
#2543 = PCURVE('',#1216,#2544);
#2544 = DEFINITIONAL_REPRESENTATION('',(#2545),#2548);
#2545 = B_SPLINE_CURVE_WITH_KNOTS('',1,(#2546,#2547),.UNSPECIFIED.,.F.,
  .F.,(2,2),(7.070859692976E-02,0.176096144072),
  .PIECEWISE_BEZIER_KNOTS.);
#2546 = CARTESIAN_POINT('',(1.114481490423,0.));
#2547 = CARTESIAN_POINT('',(1.17681941751,1.000000004308));
#2548 = ( GEOMETRIC_REPRESENTATION_CONTEXT(2) 
PARAMETRIC_REPRESENTATION_CONTEXT() REPRESENTATION_CONTEXT('2D SPACE',''
  ) );
#2549 = ORIENTED_EDGE('',*,*,#2550,.T.);
#2550 = EDGE_CURVE('',#2529,#2252,#2551,.T.);
#2551 = SURFACE_CURVE('',#2552,(#2579,#2652),.PCURVE_S1.);
#2552 = B_SPLINE_CURVE_WITH_KNOTS('',3,(#2553,#2554,#2555,#2556,#2557,
    #2558,#2559,#2560,#2561,#2562,#2563,#2564,#2565,#2566,#2567,#2568,
    #2569,#2570,#2571,#2572,#2573,#2574,#2575,#2576,#2577,#2578),
  .UNSPECIFIED.,.F.,.F.,(4,2,2,2,2,2,2,2,2,2,2,2,4),(0.203673324517,
    0.207980504009,0.211742912886,0.21350270254,0.21486835102,
    0.216344994892,0.21868703733,0.226187327081,0.243817520881,
    0.26895016684,0.301959954697,0.340344144575,0.368171048486),
  .UNSPECIFIED.);
#2553 = CARTESIAN_POINT('',(57.000000004308,1.761994876996,
    32.805149399885));
#2554 = CARTESIAN_POINT('',(57.01414145239,1.760300556814,
    32.804450124593));
#2555 = CARTESIAN_POINT('',(57.028332645735,1.75892957363,
    32.803557138931));
#2556 = CARTESIAN_POINT('',(57.05500047522,1.756986416233,
    32.801519299585));
#2557 = CARTESIAN_POINT('',(57.067436943646,1.756337317005,
    32.800422867615));
#2558 = CARTESIAN_POINT('',(57.085688041262,1.755765623252,
    32.798599613101));
#2559 = CARTESIAN_POINT('',(57.091502319156,1.755640270848,
    32.797986833672));
#2560 = CARTESIAN_POINT('',(57.101824498274,1.755518836945,
    32.796842185474));
#2561 = CARTESIAN_POINT('',(57.106332787671,1.755500096466,
    32.796322992974));
#2562 = CARTESIAN_POINT('',(57.115711307369,1.75553259024,
    32.795202799461));
#2563 = CARTESIAN_POINT('',(57.120580595479,1.755589633751,
    32.794598648395));
#2564 = CARTESIAN_POINT('',(57.133164190377,1.755841017363,
    32.792978937577));
#2565 = CARTESIAN_POINT('',(57.140871465104,1.756096193699,
    32.791930031048));
#2566 = CARTESIAN_POINT('',(57.17321300954,1.757592122952,
    32.787288749005));
#2567 = CARTESIAN_POINT('',(57.197691276358,1.759764023007,
    32.783190841535));
#2568 = CARTESIAN_POINT('',(57.279034041407,1.770415023314,
    32.767573666365));
#2569 = CARTESIAN_POINT('',(57.33438982708,1.783385822983,
    32.753640740599));
#2570 = CARTESIAN_POINT('',(57.463456574471,1.82615006955,32.71244716218
    ));
#2571 = CARTESIAN_POINT('',(57.533849287109,1.860371300068,
    32.682367748347));
#2572 = CARTESIAN_POINT('',(57.681812527164,1.952103724902,
    32.598649732638));
#2573 = CARTESIAN_POINT('',(57.754173378461,2.013055259569,
    32.540847994387));
#2574 = CARTESIAN_POINT('',(57.882855654135,2.147596532216,
    32.392887864701));
#2575 = CARTESIAN_POINT('',(57.934297165894,2.221104919976,
    32.29937863075));
#2576 = CARTESIAN_POINT('',(57.98823944719,2.333549654202,
    32.117166744627));
#2577 = CARTESIAN_POINT('',(58.000000000161,2.375880638887,
    32.035219462715));
#2578 = CARTESIAN_POINT('',(58.,2.410964506128,31.949890511155));
#2579 = PCURVE('',#1170,#2580);
#2580 = DEFINITIONAL_REPRESENTATION('',(#2581),#2651);
#2581 = B_SPLINE_CURVE_WITH_KNOTS('',3,(#2582,#2583,#2584,#2585,#2586,
    #2587,#2588,#2589,#2590,#2591,#2592,#2593,#2594,#2595,#2596,#2597,
    #2598,#2599,#2600,#2601,#2602,#2603,#2604,#2605,#2606,#2607,#2608,
    #2609,#2610,#2611,#2612,#2613,#2614,#2615,#2616,#2617,#2618,#2619,
    #2620,#2621,#2622,#2623,#2624,#2625,#2626,#2627,#2628,#2629,#2630,
    #2631,#2632,#2633,#2634,#2635,#2636,#2637,#2638,#2639,#2640,#2641,
    #2642,#2643,#2644,#2645,#2646,#2647,#2648,#2649,#2650),
  .UNSPECIFIED.,.F.,.F.,(4,1,1,1,1,1,1,1,1,1,1,1,1,1,1,1,1,1,1,1,1,1,1,1
    ,1,1,1,1,1,1,1,1,1,1,1,1,1,1,1,1,1,1,1,1,1,1,1,1,1,1,1,1,1,1,1,1,1,1
    ,1,1,1,1,1,1,1,1,4),(0.203673324517,0.206165714274,0.208658104031,
    0.211150493789,0.213642883546,0.216135273303,0.21862766306,
    0.221120052817,0.223612442574,0.226104832331,0.228597222088,
    0.231089611845,0.233582001602,0.23607439136,0.238566781117,
    0.241059170874,0.243551560631,0.246043950388,0.248536340145,
    0.251028729902,0.253521119659,0.256013509416,0.258505899173,
    0.260998288931,0.263490678688,0.265983068445,0.268475458202,
    0.270967847959,0.273460237716,0.275952627473,0.27844501723,
    0.280937406987,0.283429796745,0.285922186502,0.288414576259,
    0.290906966016,0.293399355773,0.29589174553,0.298384135287,
    0.300876525044,0.303368914801,0.305861304558,0.308353694316,
    0.310846084073,0.31333847383,0.315830863587,0.318323253344,
    0.320815643101,0.323308032858,0.325800422615,0.328292812372,
    0.330785202129,0.333277591887,0.335769981644,0.338262371401,
    0.340754761158,0.343247150915,0.345739540672,0.348231930429,
    0.350724320186,0.353216709943,0.3557090997,0.358201489458,
    0.360693879215,0.363186268972,0.365678658729,0.368171048486),
  .QUASI_UNIFORM_KNOTS.);
#2582 = CARTESIAN_POINT('',(0.671987680407,5.386175270716));
#2583 = CARTESIAN_POINT('',(0.672467737608,5.385358395524));
#2584 = CARTESIAN_POINT('',(0.673321431448,5.383718119614));
#2585 = CARTESIAN_POINT('',(0.674277229528,5.381244081571));
#2586 = CARTESIAN_POINT('',(0.674901406934,5.378763739475));
#2587 = CARTESIAN_POINT('',(0.675191975172,5.37627962644));
#2588 = CARTESIAN_POINT('',(0.675147485288,5.373794683865));
#2589 = CARTESIAN_POINT('',(0.674767624838,5.371311176963));
#2590 = CARTESIAN_POINT('',(0.67405323682,5.368832622496));
#2591 = CARTESIAN_POINT('',(0.673006723189,5.366362135209));
#2592 = CARTESIAN_POINT('',(0.671629035,5.363898788732));
#2593 = CARTESIAN_POINT('',(0.669924398267,5.361447581643));
#2594 = CARTESIAN_POINT('',(0.667900691276,5.359014342085));
#2595 = CARTESIAN_POINT('',(0.665561834137,5.356598420256));
#2596 = CARTESIAN_POINT('',(0.662912780797,5.354200912624));
#2597 = CARTESIAN_POINT('',(0.659958057559,5.351822384489));
#2598 = CARTESIAN_POINT('',(0.656702620512,5.349463779562));
#2599 = CARTESIAN_POINT('',(0.653149886911,5.347125059067));
#2600 = CARTESIAN_POINT('',(0.649308761642,5.344809735771));
#2601 = CARTESIAN_POINT('',(0.645195296071,5.342524022815));
#2602 = CARTESIAN_POINT('',(0.640814253886,5.340267011987));
#2603 = CARTESIAN_POINT('',(0.636173227766,5.338039641774));
#2604 = CARTESIAN_POINT('',(0.63127895317,5.335842356075));
#2605 = CARTESIAN_POINT('',(0.626138289275,5.333675730434));
#2606 = CARTESIAN_POINT('',(0.620757969828,5.331540308405));
#2607 = CARTESIAN_POINT('',(0.615144608608,5.329436629859));
#2608 = CARTESIAN_POINT('',(0.609304917295,5.327365281389));
#2609 = CARTESIAN_POINT('',(0.603244819355,5.325326666379));
#2610 = CARTESIAN_POINT('',(0.596972767175,5.32332187433));
#2611 = CARTESIAN_POINT('',(0.590502094946,5.321353148161));
#2612 = CARTESIAN_POINT('',(0.583836803219,5.319420328053));
#2613 = CARTESIAN_POINT('',(0.576983080624,5.317523840515));
#2614 = CARTESIAN_POINT('',(0.569946431446,5.31566395495));
#2615 = CARTESIAN_POINT('',(0.562732474379,5.313840982854));
#2616 = CARTESIAN_POINT('',(0.555346746165,5.312055224455));
#2617 = CARTESIAN_POINT('',(0.547794672117,5.310306982966));
#2618 = CARTESIAN_POINT('',(0.540081554936,5.308596560919));
#2619 = CARTESIAN_POINT('',(0.532212559925,5.306924260595));
#2620 = CARTESIAN_POINT('',(0.524192713958,5.30529038595));
#2621 = CARTESIAN_POINT('',(0.516026850622,5.303695234501));
#2622 = CARTESIAN_POINT('',(0.507719755235,5.302139127843));
#2623 = CARTESIAN_POINT('',(0.499275563155,5.300622297689));
#2624 = CARTESIAN_POINT('',(0.490706262439,5.299146287329));
#2625 = CARTESIAN_POINT('',(0.482014821879,5.297711378011));
#2626 = CARTESIAN_POINT('',(0.47320549358,5.296318040999));
#2627 = CARTESIAN_POINT('',(0.464282049352,5.294966696644));
#2628 = CARTESIAN_POINT('',(0.455248241258,5.293657778937));
#2629 = CARTESIAN_POINT('',(0.446107666295,5.29239171822));
#2630 = CARTESIAN_POINT('',(0.436863790589,5.291168945795));
#2631 = CARTESIAN_POINT('',(0.427519932006,5.289989892765));
#2632 = CARTESIAN_POINT('',(0.418079250507,5.288854990079));
#2633 = CARTESIAN_POINT('',(0.408544750365,5.287764669491));
#2634 = CARTESIAN_POINT('',(0.3989192286,5.286719359694));
#2635 = CARTESIAN_POINT('',(0.389205428311,5.285719500821));
#2636 = CARTESIAN_POINT('',(0.379405427938,5.284765490301));
#2637 = CARTESIAN_POINT('',(0.369522883678,5.283857884946));
#2638 = CARTESIAN_POINT('',(0.359554625171,5.282996646738));
#2639 = CARTESIAN_POINT('',(0.349523838741,5.282184124131));
#2640 = CARTESIAN_POINT('',(0.339440091745,5.281421417125));
#2641 = CARTESIAN_POINT('',(0.329303913115,5.280708819428));
#2642 = CARTESIAN_POINT('',(0.319118180053,5.280046840792));
#2643 = CARTESIAN_POINT('',(0.308885059618,5.279435933082));
#2644 = CARTESIAN_POINT('',(0.298606821105,5.278876563674));
#2645 = CARTESIAN_POINT('',(0.288285611095,5.278369195786));
#2646 = CARTESIAN_POINT('',(0.277923507674,5.277914293751));
#2647 = CARTESIAN_POINT('',(0.267522495919,5.277512321604));
#2648 = CARTESIAN_POINT('',(0.257084479708,5.277163743458));
#2649 = CARTESIAN_POINT('',(0.250102311532,5.276967263425));
#2650 = CARTESIAN_POINT('',(0.246605655953,5.276878077107));
#2651 = ( GEOMETRIC_REPRESENTATION_CONTEXT(2) 
PARAMETRIC_REPRESENTATION_CONTEXT() REPRESENTATION_CONTEXT('2D SPACE',''
  ) );
#2652 = PCURVE('',#1589,#2653);
#2653 = DEFINITIONAL_REPRESENTATION('',(#2654),#2724);
#2654 = B_SPLINE_CURVE_WITH_KNOTS('',3,(#2655,#2656,#2657,#2658,#2659,
    #2660,#2661,#2662,#2663,#2664,#2665,#2666,#2667,#2668,#2669,#2670,
    #2671,#2672,#2673,#2674,#2675,#2676,#2677,#2678,#2679,#2680,#2681,
    #2682,#2683,#2684,#2685,#2686,#2687,#2688,#2689,#2690,#2691,#2692,
    #2693,#2694,#2695,#2696,#2697,#2698,#2699,#2700,#2701,#2702,#2703,
    #2704,#2705,#2706,#2707,#2708,#2709,#2710,#2711,#2712,#2713,#2714,
    #2715,#2716,#2717,#2718,#2719,#2720,#2721,#2722,#2723),
  .UNSPECIFIED.,.F.,.F.,(4,1,1,1,1,1,1,1,1,1,1,1,1,1,1,1,1,1,1,1,1,1,1,1
    ,1,1,1,1,1,1,1,1,1,1,1,1,1,1,1,1,1,1,1,1,1,1,1,1,1,1,1,1,1,1,1,1,1,1
    ,1,1,1,1,1,1,1,1,4),(0.203673324517,0.206165714274,0.208658104031,
    0.211150493789,0.213642883546,0.216135273303,0.21862766306,
    0.221120052817,0.223612442574,0.226104832331,0.228597222088,
    0.231089611845,0.233582001602,0.23607439136,0.238566781117,
    0.241059170874,0.243551560631,0.246043950388,0.248536340145,
    0.251028729902,0.253521119659,0.256013509416,0.258505899173,
    0.260998288931,0.263490678688,0.265983068445,0.268475458202,
    0.270967847959,0.273460237716,0.275952627473,0.27844501723,
    0.280937406987,0.283429796745,0.285922186502,0.288414576259,
    0.290906966016,0.293399355773,0.29589174553,0.298384135287,
    0.300876525044,0.303368914801,0.305861304558,0.308353694316,
    0.310846084073,0.31333847383,0.315830863587,0.318323253344,
    0.320815643101,0.323308032858,0.325800422615,0.328292812372,
    0.330785202129,0.333277591887,0.335769981644,0.338262371401,
    0.340754761158,0.343247150915,0.345739540672,0.348231930429,
    0.350724320186,0.353216709943,0.3557090997,0.358201489458,
    0.360693879215,0.363186268972,0.365678658729,0.368171048486),
  .QUASI_UNIFORM_KNOTS.);
#2655 = CARTESIAN_POINT('',(1.694211710932E-16,-0.391197657139));
#2656 = CARTESIAN_POINT('',(-8.391578737957E-03,-0.391749037446));
#2657 = CARTESIAN_POINT('',(-2.518501793831E-02,-0.39277426716));
#2658 = CARTESIAN_POINT('',(-5.036828299437E-02,-0.394073185094));
#2659 = CARTESIAN_POINT('',(-7.549265545682E-02,-0.395125427992));
#2660 = CARTESIAN_POINT('',(-0.100556046236,-0.395928198058));
#2661 = CARTESIAN_POINT('',(-0.125552220024,-0.396479028372));
#2662 = CARTESIAN_POINT('',(-0.150481858583,-0.396776634562));
#2663 = CARTESIAN_POINT('',(-0.175333026335,-0.396820154004));
#2664 = CARTESIAN_POINT('',(-0.200097665449,-0.396610487587));
#2665 = CARTESIAN_POINT('',(-0.224808005642,-0.396148535001));
#2666 = CARTESIAN_POINT('',(-0.249436493805,-0.39543490854));
#2667 = CARTESIAN_POINT('',(-0.27394657408,-0.394474357503));
#2668 = CARTESIAN_POINT('',(-0.298366374582,-0.393270955824));
#2669 = CARTESIAN_POINT('',(-0.322706076164,-0.391828560071));
#2670 = CARTESIAN_POINT('',(-0.346980824081,-0.3901506179));
#2671 = CARTESIAN_POINT('',(-0.37120150256,-0.388240532896));
#2672 = CARTESIAN_POINT('',(-0.395388771722,-0.386100445839));
#2673 = CARTESIAN_POINT('',(-0.419526205644,-0.383735787901));
#2674 = CARTESIAN_POINT('',(-0.443567895687,-0.381158607718));
#2675 = CARTESIAN_POINT('',(-0.4675411805,-0.378373407801));
#2676 = CARTESIAN_POINT('',(-0.491453871295,-0.375386453909));
#2677 = CARTESIAN_POINT('',(-0.515318514491,-0.372203368731));
#2678 = CARTESIAN_POINT('',(-0.539145950705,-0.368829793152));
#2679 = CARTESIAN_POINT('',(-0.562947041077,-0.365271244788));
#2680 = CARTESIAN_POINT('',(-0.586732443137,-0.361533117856));
#2681 = CARTESIAN_POINT('',(-0.610512035695,-0.357620918811));
#2682 = CARTESIAN_POINT('',(-0.634297712075,-0.353539416269));
#2683 = CARTESIAN_POINT('',(-0.658093064577,-0.349295897104));
#2684 = CARTESIAN_POINT('',(-0.681886742669,-0.344902076287));
#2685 = CARTESIAN_POINT('',(-0.705696039191,-0.340360677169));
#2686 = CARTESIAN_POINT('',(-0.729531458778,-0.33567660964));
#2687 = CARTESIAN_POINT('',(-0.753404302891,-0.330854206382));
#2688 = CARTESIAN_POINT('',(-0.777329455204,-0.325897979922));
#2689 = CARTESIAN_POINT('',(-0.801306943896,-0.320812436614));
#2690 = CARTESIAN_POINT('',(-0.825099092183,-0.315602143663));
#2691 = CARTESIAN_POINT('',(-0.848765841822,-0.310271729011));
#2692 = CARTESIAN_POINT('',(-0.87230740395,-0.304825899231));
#2693 = CARTESIAN_POINT('',(-0.895739770768,-0.299269455565));
#2694 = CARTESIAN_POINT('',(-0.919074674796,-0.293607303018));
#2695 = CARTESIAN_POINT('',(-0.942324560618,-0.28784449341));
#2696 = CARTESIAN_POINT('',(-0.965503049981,-0.281986144648));
#2697 = CARTESIAN_POINT('',(-0.988602825278,-0.276043422209));
#2698 = CARTESIAN_POINT('',(-1.011636482395,-0.27001759923));
#2699 = CARTESIAN_POINT('',(-1.034613681321,-0.263911712148));
#2700 = CARTESIAN_POINT('',(-1.057544972704,-0.257728486708));
#2701 = CARTESIAN_POINT('',(-1.080440826345,-0.251470912216));
#2702 = CARTESIAN_POINT('',(-1.103311944089,-0.245142107714));
#2703 = CARTESIAN_POINT('',(-1.126169228177,-0.238745379416));
#2704 = CARTESIAN_POINT('',(-1.14902383859,-0.232284229366));
#2705 = CARTESIAN_POINT('',(-1.171887234378,-0.225762377276));
#2706 = CARTESIAN_POINT('',(-1.194771185633,-0.219183789101));
#2707 = CARTESIAN_POINT('',(-1.217687914467,-0.212552677715));
#2708 = CARTESIAN_POINT('',(-1.240649744883,-0.205873622392));
#2709 = CARTESIAN_POINT('',(-1.263670583501,-0.199151257048));
#2710 = CARTESIAN_POINT('',(-1.286760563134,-0.192391583093));
#2711 = CARTESIAN_POINT('',(-1.309946198867,-0.185597236362));
#2712 = CARTESIAN_POINT('',(-1.333190905102,-0.178786420008));
#2713 = CARTESIAN_POINT('',(-1.356488628651,-0.17196582685));
#2714 = CARTESIAN_POINT('',(-1.379855339438,-0.165137582408));
#2715 = CARTESIAN_POINT('',(-1.403301647637,-0.158305567198));
#2716 = CARTESIAN_POINT('',(-1.426840185945,-0.151473778746));
#2717 = CARTESIAN_POINT('',(-1.450483676134,-0.14464683308));
#2718 = CARTESIAN_POINT('',(-1.474245493853,-0.137829904202));
#2719 = CARTESIAN_POINT('',(-1.498139556455,-0.131028813234));
#2720 = CARTESIAN_POINT('',(-1.522180420517,-0.124250128455));
#2721 = CARTESIAN_POINT('',(-1.546383217131,-0.11750112731));
#2722 = CARTESIAN_POINT('',(-1.562637089253,-0.113027285165));
#2723 = CARTESIAN_POINT('',(-1.570796328605,-0.110798101994));
#2724 = ( GEOMETRIC_REPRESENTATION_CONTEXT(2) 
PARAMETRIC_REPRESENTATION_CONTEXT() REPRESENTATION_CONTEXT('2D SPACE',''
  ) );
#2725 = ADVANCED_FACE('',(#2726),#2085,.F.);
#2726 = FACE_BOUND('',#2727,.F.);
#2727 = EDGE_LOOP('',(#2728,#2750,#2792,#2981,#3016,#3040,#3065,#3152));
#2728 = ORIENTED_EDGE('',*,*,#2729,.T.);
#2729 = EDGE_CURVE('',#859,#2730,#2732,.T.);
#2730 = VERTEX_POINT('',#2731);
#2731 = CARTESIAN_POINT('',(58.,-2.475,31.382503216016));
#2732 = SURFACE_CURVE('',#2733,(#2737,#2743),.PCURVE_S1.);
#2733 = LINE('',#2734,#2735);
#2734 = CARTESIAN_POINT('',(59.996083903667,-2.475,31.147968640631));
#2735 = VECTOR('',#2736,1.);
#2736 = DIRECTION('',(-0.993167846794,-2.205275621657E-16,0.116694593251
    ));
#2737 = PCURVE('',#2085,#2738);
#2738 = DEFINITIONAL_REPRESENTATION('',(#2739),#2742);
#2739 = B_SPLINE_CURVE_WITH_KNOTS('',1,(#2740,#2741),.UNSPECIFIED.,.F.,
  .F.,(2,2),(0.,2.009815269504),.PIECEWISE_BEZIER_KNOTS.);
#2740 = CARTESIAN_POINT('',(1.761664450445E-14,0.485652911948));
#2741 = CARTESIAN_POINT('',(1.649547775392E-14,0.284671384997));
#2742 = ( GEOMETRIC_REPRESENTATION_CONTEXT(2) 
PARAMETRIC_REPRESENTATION_CONTEXT() REPRESENTATION_CONTEXT('2D SPACE',''
  ) );
#2743 = PCURVE('',#905,#2744);
#2744 = DEFINITIONAL_REPRESENTATION('',(#2745),#2749);
#2745 = LINE('',#2746,#2747);
#2746 = CARTESIAN_POINT('',(0.,0.));
#2747 = VECTOR('',#2748,1.);
#2748 = DIRECTION('',(1.,2.609027520169E-32));
#2749 = ( GEOMETRIC_REPRESENTATION_CONTEXT(2) 
PARAMETRIC_REPRESENTATION_CONTEXT() REPRESENTATION_CONTEXT('2D SPACE',''
  ) );
#2750 = ORIENTED_EDGE('',*,*,#2751,.T.);
#2751 = EDGE_CURVE('',#2730,#2752,#2754,.T.);
#2752 = VERTEX_POINT('',#2753);
#2753 = CARTESIAN_POINT('',(58.,-2.358264601546,31.956413836782));
#2754 = SURFACE_CURVE('',#2755,(#2769,#2775),.PCURVE_S1.);
#2755 = B_SPLINE_CURVE_WITH_KNOTS('',3,(#2756,#2757,#2758,#2759,#2760,
    #2761,#2762,#2763,#2764,#2765,#2766,#2767,#2768),.UNSPECIFIED.,.F.,
  .F.,(4,3,3,3,4),(0.,1.78363621488E-02,3.603544017941E-02,
    5.438991035326E-02,5.911633597674E-02),.UNSPECIFIED.);
#2756 = CARTESIAN_POINT('',(58.,-2.475,31.382503216016));
#2757 = CARTESIAN_POINT('',(58.,-2.4745965731,31.441956387988));
#2758 = CARTESIAN_POINT('',(57.999990433507,-2.470476427974,
    31.501140049866));
#2759 = CARTESIAN_POINT('',(57.999976670721,-2.462858639054,
    31.559796666169));
#2760 = CARTESIAN_POINT('',(57.999962628058,-2.455085936649,
    31.61964610902));
#2761 = CARTESIAN_POINT('',(57.999944321323,-2.443671594491,
    31.678947743043));
#2762 = CARTESIAN_POINT('',(57.999927177789,-2.428793667601,
    31.737425639901));
#2763 = CARTESIAN_POINT('',(57.999909887877,-2.413788706092,
    31.796402848081));
#2764 = CARTESIAN_POINT('',(57.999893894503,-2.395260356204,
    31.854543157167));
#2765 = CARTESIAN_POINT('',(57.999882829325,-2.37334170687,
    31.911547034754));
#2766 = CARTESIAN_POINT('',(57.999879979951,-2.367697476072,
    31.926225997704));
#2767 = CARTESIAN_POINT('',(57.999877442448,-2.361828196834,
    31.940829476392));
#2768 = CARTESIAN_POINT('',(57.999875243861,-2.35573566614,
    31.955352058556));
#2769 = PCURVE('',#2085,#2770);
#2770 = DEFINITIONAL_REPRESENTATION('',(#2771),#2774);
#2771 = B_SPLINE_CURVE_WITH_KNOTS('',1,(#2772,#2773),.UNSPECIFIED.,.F.,
  .F.,(2,2),(0.,5.911633597674E-02),.PIECEWISE_BEZIER_KNOTS.);
#2772 = CARTESIAN_POINT('',(2.100496215409E-14,0.284671384997));
#2773 = CARTESIAN_POINT('',(0.249592732386,0.277974157932));
#2774 = ( GEOMETRIC_REPRESENTATION_CONTEXT(2) 
PARAMETRIC_REPRESENTATION_CONTEXT() REPRESENTATION_CONTEXT('2D SPACE',''
  ) );
#2775 = PCURVE('',#1451,#2776);
#2776 = DEFINITIONAL_REPRESENTATION('',(#2777),#2791);
#2777 = B_SPLINE_CURVE_WITH_KNOTS('',3,(#2778,#2779,#2780,#2781,#2782,
    #2783,#2784,#2785,#2786,#2787,#2788,#2789,#2790),.UNSPECIFIED.,.F.,
  .F.,(4,3,3,3,4),(0.,1.78363621488E-02,3.603544017941E-02,
    5.438991035326E-02,5.911633597674E-02),.UNSPECIFIED.);
#2778 = CARTESIAN_POINT('',(-2.95108937923,-2.475));
#2779 = CARTESIAN_POINT('',(-3.010542551203,-2.4745965731));
#2780 = CARTESIAN_POINT('',(-3.069726213081,-2.470476427974));
#2781 = CARTESIAN_POINT('',(-3.128382829383,-2.462858639054));
#2782 = CARTESIAN_POINT('',(-3.188232272235,-2.455085936649));
#2783 = CARTESIAN_POINT('',(-3.247533906258,-2.443671594491));
#2784 = CARTESIAN_POINT('',(-3.306011803115,-2.428793667601));
#2785 = CARTESIAN_POINT('',(-3.364989011296,-2.413788706092));
#2786 = CARTESIAN_POINT('',(-3.423129320382,-2.395260356204));
#2787 = CARTESIAN_POINT('',(-3.480133197968,-2.37334170687));
#2788 = CARTESIAN_POINT('',(-3.494812160919,-2.367697476072));
#2789 = CARTESIAN_POINT('',(-3.509415639607,-2.361828196834));
#2790 = CARTESIAN_POINT('',(-3.523938221771,-2.35573566614));
#2791 = ( GEOMETRIC_REPRESENTATION_CONTEXT(2) 
PARAMETRIC_REPRESENTATION_CONTEXT() REPRESENTATION_CONTEXT('2D SPACE',''
  ) );
#2792 = ORIENTED_EDGE('',*,*,#2793,.T.);
#2793 = EDGE_CURVE('',#2752,#2794,#2796,.T.);
#2794 = VERTEX_POINT('',#2795);
#2795 = CARTESIAN_POINT('',(57.,-1.332796040464,32.956413836785));
#2796 = SURFACE_CURVE('',#2797,(#2830,#2903),.PCURVE_S1.);
#2797 = B_SPLINE_CURVE_WITH_KNOTS('',3,(#2798,#2799,#2800,#2801,#2802,
    #2803,#2804,#2805,#2806,#2807,#2808,#2809,#2810,#2811,#2812,#2813,
    #2814,#2815,#2816,#2817,#2818,#2819,#2820,#2821,#2822,#2823,#2824,
    #2825,#2826,#2827,#2828,#2829),.UNSPECIFIED.,.F.,.F.,(4,2,2,2,2,2,2,
    2,2,2,2,2,2,2,2,4),(6.059971662922E-02,7.45264416527E-02,
    0.116525091282,0.175104926449,0.20826513688,0.228966503067,
    0.242724244878,0.251747749436,0.253035661872,0.2536469249,
    0.254126005405,0.254649362024,0.255492428294,0.258333736578,
    0.267980432658,0.269417957874),.UNSPECIFIED.);
#2798 = CARTESIAN_POINT('',(58.,-2.358264601546,31.956413836782));
#2799 = CARTESIAN_POINT('',(58.,-2.340513795682,31.999021104381));
#2800 = CARTESIAN_POINT('',(57.997278300475,-2.320890841707,
    32.04095339418));
#2801 = CARTESIAN_POINT('',(57.976419776116,-2.235191597846,
    32.205741717648));
#2802 = CARTESIAN_POINT('',(57.938852812951,-2.156718340172,
    32.318273080868));
#2803 = CARTESIAN_POINT('',(57.816076975252,-1.950371949058,
    32.55484212621));
#2804 = CARTESIAN_POINT('',(57.717225116992,-1.813131872435,
    32.667437204742));
#2805 = CARTESIAN_POINT('',(57.54097693486,-1.601359431125,
    32.801246227183));
#2806 = CARTESIAN_POINT('',(57.477442999337,-1.531355276291,
    32.837536274336));
#2807 = CARTESIAN_POINT('',(57.380345674631,-1.437747443792,
    32.882169819192));
#2808 = CARTESIAN_POINT('',(57.338864212557,-1.401063100842,
    32.898326863985));
#2809 = CARTESIAN_POINT('',(57.267238425567,-1.351113857382,
    32.920509172086));
#2810 = CARTESIAN_POINT('',(57.235561266859,-1.332493202431,
    32.928867471981));
#2811 = CARTESIAN_POINT('',(57.180444445908,-1.311868002272,
    32.940251600547));
#2812 = CARTESIAN_POINT('',(57.157873496373,-1.306315159398,
    32.94415785923));
#2813 = CARTESIAN_POINT('',(57.13102201276,-1.304169797785,
    32.947799073178));
#2814 = CARTESIAN_POINT('',(57.127662503741,-1.303977544445,
    32.948237308163));
#2815 = CARTESIAN_POINT('',(57.122697763963,-1.303807031963,
    32.948859226813));
#2816 = CARTESIAN_POINT('',(57.121099039726,-1.303769440173,
    32.949055574094));
#2817 = CARTESIAN_POINT('',(57.118245589984,-1.303733297246,
    32.949399020533));
#2818 = CARTESIAN_POINT('',(57.116991544386,-1.30372806552,
    32.949547550571));
#2819 = CARTESIAN_POINT('',(57.1143667866,-1.303739407866,
    32.949853387771));
#2820 = CARTESIAN_POINT('',(57.112996342833,-1.303758040433,
    32.95001019794));
#2821 = CARTESIAN_POINT('',(57.10941772887,-1.303839835957,
    32.950412175422));
#2822 = CARTESIAN_POINT('',(57.107210415892,-1.303923221462,
    32.950652667442));
#2823 = CARTESIAN_POINT('',(57.097564869687,-1.304430746831,
    32.951671111731));
#2824 = CARTESIAN_POINT('',(57.090162503467,-1.30519235903,
    32.952368442812));
#2825 = CARTESIAN_POINT('',(57.057722056911,-1.310091317314,
    32.955063162482));
#2826 = CARTESIAN_POINT('',(57.033558736219,-1.317861903526,
    32.956120223406));
#2827 = CARTESIAN_POINT('',(57.006882953355,-1.329585340574,
    32.956396134205));
#2828 = CARTESIAN_POINT('',(57.003434746197,-1.331164019287,
    32.956413836785));
#2829 = CARTESIAN_POINT('',(57.,-1.332796040464,32.956413836785));
#2830 = PCURVE('',#2085,#2831);
#2831 = DEFINITIONAL_REPRESENTATION('',(#2832),#2902);
#2832 = B_SPLINE_CURVE_WITH_KNOTS('',3,(#2833,#2834,#2835,#2836,#2837,
    #2838,#2839,#2840,#2841,#2842,#2843,#2844,#2845,#2846,#2847,#2848,
    #2849,#2850,#2851,#2852,#2853,#2854,#2855,#2856,#2857,#2858,#2859,
    #2860,#2861,#2862,#2863,#2864,#2865,#2866,#2867,#2868,#2869,#2870,
    #2871,#2872,#2873,#2874,#2875,#2876,#2877,#2878,#2879,#2880,#2881,
    #2882,#2883,#2884,#2885,#2886,#2887,#2888,#2889,#2890,#2891,#2892,
    #2893,#2894,#2895,#2896,#2897,#2898,#2899,#2900,#2901),
  .UNSPECIFIED.,.F.,.F.,(4,1,1,1,1,1,1,1,1,1,1,1,1,1,1,1,1,1,1,1,1,1,1,1
    ,1,1,1,1,1,1,1,1,1,1,1,1,1,1,1,1,1,1,1,1,1,1,1,1,1,1,1,1,1,1,1,1,1,1
    ,1,1,1,1,1,1,1,1,4),(6.059971662922E-02,6.376362937535E-02,
    6.692754212149E-02,7.009145486763E-02,7.325536761377E-02,
    7.641928035991E-02,7.958319310604E-02,8.274710585218E-02,
    8.591101859832E-02,8.907493134446E-02,9.22388440906E-02,
    9.540275683673E-02,9.856666958287E-02,0.101730582329,0.104894495075,
    0.108058407821,0.111222320567,0.114386233314,0.11755014606,
    0.120714058806,0.123877971552,0.127041884298,0.130205797044,
    0.13336970979,0.136533622537,0.139697535283,0.142861448029,
    0.146025360775,0.149189273521,0.152353186267,0.155517099013,
    0.158681011759,0.161844924506,0.165008837252,0.168172749998,
    0.171336662744,0.17450057549,0.177664488236,0.180828400982,
    0.183992313729,0.187156226475,0.190320139221,0.193484051967,
    0.196647964713,0.199811877459,0.202975790205,0.206139702952,
    0.209303615698,0.212467528444,0.21563144119,0.218795353936,
    0.221959266682,0.225123179428,0.228287092175,0.231451004921,
    0.234614917667,0.237778830413,0.240942743159,0.244106655905,
    0.247270568651,0.250434481397,0.253598394144,0.25676230689,
    0.259926219636,0.263090132382,0.266254045128,0.269417957874),
  .QUASI_UNIFORM_KNOTS.);
#2833 = CARTESIAN_POINT('',(0.249593055079,0.277974157932));
#2834 = CARTESIAN_POINT('',(0.254030196093,0.277861201766));
#2835 = CARTESIAN_POINT('',(0.262895916832,0.277608199671));
#2836 = CARTESIAN_POINT('',(0.276167935352,0.277149352064));
#2837 = CARTESIAN_POINT('',(0.289412625135,0.276613074912));
#2838 = CARTESIAN_POINT('',(0.302628826026,0.276001317796));
#2839 = CARTESIAN_POINT('',(0.315816444608,0.275315901554));
#2840 = CARTESIAN_POINT('',(0.328919664691,0.274562609052));
#2841 = CARTESIAN_POINT('',(0.341948630916,0.273743046351));
#2842 = CARTESIAN_POINT('',(0.354901801489,0.272859528499));
#2843 = CARTESIAN_POINT('',(0.367780427662,0.271914180569));
#2844 = CARTESIAN_POINT('',(0.3805846758,0.27090917855));
#2845 = CARTESIAN_POINT('',(0.393314670094,0.269846684742));
#2846 = CARTESIAN_POINT('',(0.405970214972,0.268728865283));
#2847 = CARTESIAN_POINT('',(0.41855088294,0.267557884654));
#2848 = CARTESIAN_POINT('',(0.431055965886,0.26633591012));
#2849 = CARTESIAN_POINT('',(0.443484612156,0.265065099471));
#2850 = CARTESIAN_POINT('',(0.455835362313,0.263747645605));
#2851 = CARTESIAN_POINT('',(0.468107909867,0.262385610472));
#2852 = CARTESIAN_POINT('',(0.480296569179,0.260981544703));
#2853 = CARTESIAN_POINT('',(0.492420605063,0.259535668499));
#2854 = CARTESIAN_POINT('',(0.504480188661,0.25804909015));
#2855 = CARTESIAN_POINT('',(0.516473380716,0.256523165525));
#2856 = CARTESIAN_POINT('',(0.528398368124,0.254959184156));
#2857 = CARTESIAN_POINT('',(0.540252877856,0.253358453351));
#2858 = CARTESIAN_POINT('',(0.552034347349,0.251722275652));
#2859 = CARTESIAN_POINT('',(0.563739901172,0.250051954883));
#2860 = CARTESIAN_POINT('',(0.575366356406,0.248348794516));
#2861 = CARTESIAN_POINT('',(0.586910317769,0.246614098135));
#2862 = CARTESIAN_POINT('',(0.598368589072,0.244849169236));
#2863 = CARTESIAN_POINT('',(0.609737920254,0.243055311559));
#2864 = CARTESIAN_POINT('',(0.621015050243,0.24123382795));
#2865 = CARTESIAN_POINT('',(0.632196673929,0.239386024588));
#2866 = CARTESIAN_POINT('',(0.643279534625,0.237513195214));
#2867 = CARTESIAN_POINT('',(0.654260090256,0.235616679989));
#2868 = CARTESIAN_POINT('',(0.665135759073,0.233697645831));
#2869 = CARTESIAN_POINT('',(0.675900273561,0.23175790621));
#2870 = CARTESIAN_POINT('',(0.686561022185,0.229796861631));
#2871 = CARTESIAN_POINT('',(0.697074331709,0.227822917906));
#2872 = CARTESIAN_POINT('',(0.707287787255,0.225863843726));
#2873 = CARTESIAN_POINT('',(0.717231619313,0.223915086422));
#2874 = CARTESIAN_POINT('',(0.726891064012,0.221979963947));
#2875 = CARTESIAN_POINT('',(0.73626287091,0.220059692828));
#2876 = CARTESIAN_POINT('',(0.745340316858,0.21815602467));
#2877 = CARTESIAN_POINT('',(0.754116699549,0.216270672196));
#2878 = CARTESIAN_POINT('',(0.762586412421,0.214404968582));
#2879 = CARTESIAN_POINT('',(0.770737219367,0.212561804069));
#2880 = CARTESIAN_POINT('',(0.778580152896,0.210738220187));
#2881 = CARTESIAN_POINT('',(0.786037722028,0.208953096245));
#2882 = CARTESIAN_POINT('',(0.793471004767,0.207117364385));
#2883 = CARTESIAN_POINT('',(0.800828646881,0.205232338384));
#2884 = CARTESIAN_POINT('',(0.808039528039,0.203305213483));
#2885 = CARTESIAN_POINT('',(0.815036178417,0.201342021782));
#2886 = CARTESIAN_POINT('',(0.821754959552,0.199347566487));
#2887 = CARTESIAN_POINT('',(0.828112403617,0.197332729516));
#2888 = CARTESIAN_POINT('',(0.834100079073,0.195285306837));
#2889 = CARTESIAN_POINT('',(0.839811607787,0.193137112343));
#2890 = CARTESIAN_POINT('',(0.845038404021,0.19091823883));
#2891 = CARTESIAN_POINT('',(0.84964542705,0.188634677302));
#2892 = CARTESIAN_POINT('',(0.853471620194,0.186301437441));
#2893 = CARTESIAN_POINT('',(0.856395755475,0.183918049697));
#2894 = CARTESIAN_POINT('',(0.8583055832,0.181480077095));
#2895 = CARTESIAN_POINT('',(0.859075928353,0.178978240204));
#2896 = CARTESIAN_POINT('',(0.858620188358,0.176476165167));
#2897 = CARTESIAN_POINT('',(0.856977539252,0.174002019699));
#2898 = CARTESIAN_POINT('',(0.854278783903,0.17159512051));
#2899 = CARTESIAN_POINT('',(0.850671249187,0.16925446012));
#2900 = CARTESIAN_POINT('',(0.847747987957,0.167736562797));
#2901 = CARTESIAN_POINT('',(0.846179458891,0.166987913277));
#2902 = ( GEOMETRIC_REPRESENTATION_CONTEXT(2) 
PARAMETRIC_REPRESENTATION_CONTEXT() REPRESENTATION_CONTEXT('2D SPACE',''
  ) );
#2903 = PCURVE('',#2904,#2909);
#2904 = CYLINDRICAL_SURFACE('',#2905,1.);
#2905 = AXIS2_PLACEMENT_3D('',#2906,#2907,#2908);
#2906 = CARTESIAN_POINT('',(57.,2.2625,31.956413836785));
#2907 = DIRECTION('',(2.22044604925E-16,-1.,0.));
#2908 = DIRECTION('',(0.707106781187,1.570092458684E-16,0.707106781187)
  );
#2909 = DEFINITIONAL_REPRESENTATION('',(#2910),#2980);
#2910 = B_SPLINE_CURVE_WITH_KNOTS('',3,(#2911,#2912,#2913,#2914,#2915,
    #2916,#2917,#2918,#2919,#2920,#2921,#2922,#2923,#2924,#2925,#2926,
    #2927,#2928,#2929,#2930,#2931,#2932,#2933,#2934,#2935,#2936,#2937,
    #2938,#2939,#2940,#2941,#2942,#2943,#2944,#2945,#2946,#2947,#2948,
    #2949,#2950,#2951,#2952,#2953,#2954,#2955,#2956,#2957,#2958,#2959,
    #2960,#2961,#2962,#2963,#2964,#2965,#2966,#2967,#2968,#2969,#2970,
    #2971,#2972,#2973,#2974,#2975,#2976,#2977,#2978,#2979),
  .UNSPECIFIED.,.F.,.F.,(4,1,1,1,1,1,1,1,1,1,1,1,1,1,1,1,1,1,1,1,1,1,1,1
    ,1,1,1,1,1,1,1,1,1,1,1,1,1,1,1,1,1,1,1,1,1,1,1,1,1,1,1,1,1,1,1,1,1,1
    ,1,1,1,1,1,1,1,1,4),(6.059971662922E-02,6.376362937535E-02,
    6.692754212149E-02,7.009145486763E-02,7.325536761377E-02,
    7.641928035991E-02,7.958319310604E-02,8.274710585218E-02,
    8.591101859832E-02,8.907493134446E-02,9.22388440906E-02,
    9.540275683673E-02,9.856666958287E-02,0.101730582329,0.104894495075,
    0.108058407821,0.111222320567,0.114386233314,0.11755014606,
    0.120714058806,0.123877971552,0.127041884298,0.130205797044,
    0.13336970979,0.136533622537,0.139697535283,0.142861448029,
    0.146025360775,0.149189273521,0.152353186267,0.155517099013,
    0.158681011759,0.161844924506,0.165008837252,0.168172749998,
    0.171336662744,0.17450057549,0.177664488236,0.180828400982,
    0.183992313729,0.187156226475,0.190320139221,0.193484051967,
    0.196647964713,0.199811877459,0.202975790205,0.206139702952,
    0.209303615698,0.212467528444,0.21563144119,0.218795353936,
    0.221959266682,0.225123179428,0.228287092175,0.231451004921,
    0.234614917667,0.237778830413,0.240942743159,0.244106655905,
    0.247270568651,0.250434481397,0.253598394144,0.25676230689,
    0.259926219636,0.263090132382,0.266254045128,0.269417957874),
  .QUASI_UNIFORM_KNOTS.);
#2911 = CARTESIAN_POINT('',(5.497787143779,4.620764601546));
#2912 = CARTESIAN_POINT('',(5.507466702859,4.616731923308));
#2913 = CARTESIAN_POINT('',(5.526756457082,4.608473311144));
#2914 = CARTESIAN_POINT('',(5.555490299746,4.595516503644));
#2915 = CARTESIAN_POINT('',(5.584031192001,4.582001507027));
#2916 = CARTESIAN_POINT('',(5.612385099178,4.567939643283));
#2917 = CARTESIAN_POINT('',(5.640559241665,4.55333992467));
#2918 = CARTESIAN_POINT('',(5.668439774305,4.538276414645));
#2919 = CARTESIAN_POINT('',(5.696058427309,4.522756737279));
#2920 = CARTESIAN_POINT('',(5.723420652696,4.506799744379));
#2921 = CARTESIAN_POINT('',(5.750537717588,4.490421279226));
#2922 = CARTESIAN_POINT('',(5.777418083255,4.473637991475));
#2923 = CARTESIAN_POINT('',(5.80406970515,4.456466313807));
#2924 = CARTESIAN_POINT('',(5.830499411186,4.438922740422));
#2925 = CARTESIAN_POINT('',(5.856713089412,4.421023736429));
#2926 = CARTESIAN_POINT('',(5.882715599089,4.402785821771));
#2927 = CARTESIAN_POINT('',(5.908511014382,4.384225326153));
#2928 = CARTESIAN_POINT('',(5.934101846572,4.365359285394));
#2929 = CARTESIAN_POINT('',(5.959492048991,4.346202101093));
#2930 = CARTESIAN_POINT('',(5.984675939293,4.326778005623));
#2931 = CARTESIAN_POINT('',(6.009689313628,4.307063046932));
#2932 = CARTESIAN_POINT('',(6.034542629544,4.287072903089));
#2933 = CARTESIAN_POINT('',(6.059242308812,4.266826233881));
#2934 = CARTESIAN_POINT('',(6.08379529908,4.246340900146));
#2935 = CARTESIAN_POINT('',(6.108207843107,4.225634976803));
#2936 = CARTESIAN_POINT('',(6.13248580391,4.204726481403));
#2937 = CARTESIAN_POINT('',(6.156634576519,4.183633446882));
#2938 = CARTESIAN_POINT('',(6.180659113838,4.162373902002));
#2939 = CARTESIAN_POINT('',(6.204563924633,4.140965876835));
#2940 = CARTESIAN_POINT('',(6.228353082886,4.119427400394));
#2941 = CARTESIAN_POINT('',(6.252030232528,4.097776504615));
#2942 = CARTESIAN_POINT('',(6.275598611318,4.076031210799));
#2943 = CARTESIAN_POINT('',(6.299061013897,4.054209579863));
#2944 = CARTESIAN_POINT('',(6.322419989378,4.032329524897));
#2945 = CARTESIAN_POINT('',(6.345677171235,4.010409510689));
#2946 = CARTESIAN_POINT('',(6.368835852393,3.98846594305));
#2947 = CARTESIAN_POINT('',(6.391891455469,3.966522912011));
#2948 = CARTESIAN_POINT('',(6.41486718484,3.944575829696));
#2949 = CARTESIAN_POINT('',(6.437681063215,3.922727135632));
#2950 = CARTESIAN_POINT('',(6.46003731641,3.901318819641));
#2951 = CARTESIAN_POINT('',(6.482013715815,3.880307206729));
#2952 = CARTESIAN_POINT('',(6.503595773964,3.859742517834));
#2953 = CARTESIAN_POINT('',(6.524792346193,3.839649882511));
#2954 = CARTESIAN_POINT('',(6.545605021076,3.820060899917));
#2955 = CARTESIAN_POINT('',(6.566034949401,3.801006382187));
#2956 = CARTESIAN_POINT('',(6.586086164278,3.782513819936));
#2957 = CARTESIAN_POINT('',(6.605745528012,3.764624776887));
#2958 = CARTESIAN_POINT('',(6.62505970687,3.747327845847));
#2959 = CARTESIAN_POINT('',(6.643847430145,3.73080943018));
#2960 = CARTESIAN_POINT('',(6.663049267771,3.71427172253));
#2961 = CARTESIAN_POINT('',(6.682653501811,3.697837720193));
#2962 = CARTESIAN_POINT('',(6.702588678264,3.681674371636));
#2963 = CARTESIAN_POINT('',(6.722795610583,3.665939895368));
#2964 = CARTESIAN_POINT('',(6.743228301653,3.650783478555));
#2965 = CARTESIAN_POINT('',(6.763779703841,3.636399163704));
#2966 = CARTESIAN_POINT('',(6.784579310488,3.622810603295));
#2967 = CARTESIAN_POINT('',(6.806324812447,3.60981725683));
#2968 = CARTESIAN_POINT('',(6.828714075823,3.597902108999));
#2969 = CARTESIAN_POINT('',(6.851692067783,3.58738113438));
#2970 = CARTESIAN_POINT('',(6.875114273441,3.578628206181));
#2971 = CARTESIAN_POINT('',(6.898996530396,3.571931010515));
#2972 = CARTESIAN_POINT('',(6.923394480972,3.567552461882));
#2973 = CARTESIAN_POINT('',(6.948414060332,3.565785643374));
#2974 = CARTESIAN_POINT('',(6.973433912518,3.56683095489));
#2975 = CARTESIAN_POINT('',(6.998188092903,3.570597256715));
#2976 = CARTESIAN_POINT('',(7.022297007056,3.576780322354));
#2977 = CARTESIAN_POINT('',(7.04578220596,3.585035678222));
#2978 = CARTESIAN_POINT('',(7.061045339571,3.591715306406));
#2979 = CARTESIAN_POINT('',(7.068583470577,3.595296040464));
#2980 = ( GEOMETRIC_REPRESENTATION_CONTEXT(2) 
PARAMETRIC_REPRESENTATION_CONTEXT() REPRESENTATION_CONTEXT('2D SPACE',''
  ) );
#2981 = ORIENTED_EDGE('',*,*,#2982,.T.);
#2982 = EDGE_CURVE('',#2794,#2983,#2985,.T.);
#2983 = VERTEX_POINT('',#2984);
#2984 = CARTESIAN_POINT('',(57.,-1.078350345948,32.996413836785));
#2985 = SURFACE_CURVE('',#2986,(#2994,#3000),.PCURVE_S1.);
#2986 = B_SPLINE_CURVE_WITH_KNOTS('',3,(#2987,#2988,#2989,#2990,#2991,
    #2992,#2993),.UNSPECIFIED.,.F.,.F.,(4,3,4),(0.19991192701,
    0.217954789894,0.225823599821),.UNSPECIFIED.);
#2987 = CARTESIAN_POINT('',(56.999922557033,-1.333032720473,
    32.955754732897));
#2988 = CARTESIAN_POINT('',(56.999934163955,-1.274863861479,
    32.970219040966));
#2989 = CARTESIAN_POINT('',(56.999951827473,-1.215887326627,
    32.981228397838));
#2990 = CARTESIAN_POINT('',(56.999968198908,-1.156422758106,
    32.988654091496));
#2991 = CARTESIAN_POINT('',(56.999975338778,-1.130489213628,
    32.991892567138));
#2992 = CARTESIAN_POINT('',(56.999982157043,-1.10446274768,
    32.99444878964));
#2993 = CARTESIAN_POINT('',(56.999987678686,-1.078369752342,
    32.99630897218));
#2994 = PCURVE('',#2085,#2995);
#2995 = DEFINITIONAL_REPRESENTATION('',(#2996),#2999);
#2996 = B_SPLINE_CURVE_WITH_KNOTS('',1,(#2997,#2998),.UNSPECIFIED.,.F.,
  .F.,(2,2),(0.199950918582,0.225823599821),.PIECEWISE_BEZIER_KNOTS.);
#2997 = CARTESIAN_POINT('',(0.846179329814,0.166986827028));
#2998 = CARTESIAN_POINT('',(0.955925161389,0.166521134874));
#2999 = ( GEOMETRIC_REPRESENTATION_CONTEXT(2) 
PARAMETRIC_REPRESENTATION_CONTEXT() REPRESENTATION_CONTEXT('2D SPACE',''
  ) );
#3000 = PCURVE('',#3001,#3006);
#3001 = PLANE('',#3002);
#3002 = AXIS2_PLACEMENT_3D('',#3003,#3004,#3005);
#3003 = CARTESIAN_POINT('',(57.,-2.525,32.956413836785));
#3004 = DIRECTION('',(1.,2.22044604925E-16,0.));
#3005 = DIRECTION('',(-2.22044604925E-16,1.,0.));
#3006 = DEFINITIONAL_REPRESENTATION('',(#3007),#3015);
#3007 = B_SPLINE_CURVE_WITH_KNOTS('',3,(#3008,#3009,#3010,#3011,#3012,
    #3013,#3014),.UNSPECIFIED.,.F.,.F.,(4,3,4),(0.19991192701,
    0.217954789894,0.225823599821),.UNSPECIFIED.);
#3008 = CARTESIAN_POINT('',(1.191967279527,-6.591038878057E-04));
#3009 = CARTESIAN_POINT('',(1.250136138521,1.38052041808E-02));
#3010 = CARTESIAN_POINT('',(1.309112673373,2.48145610527E-02));
#3011 = CARTESIAN_POINT('',(1.368577241894,3.224025471039E-02));
#3012 = CARTESIAN_POINT('',(1.394510786372,3.5478730353E-02));
#3013 = CARTESIAN_POINT('',(1.42053725232,3.803495285469E-02));
#3014 = CARTESIAN_POINT('',(1.446630247658,3.989513539469E-02));
#3015 = ( GEOMETRIC_REPRESENTATION_CONTEXT(2) 
PARAMETRIC_REPRESENTATION_CONTEXT() REPRESENTATION_CONTEXT('2D SPACE',''
  ) );
#3016 = ORIENTED_EDGE('',*,*,#3017,.F.);
#3017 = EDGE_CURVE('',#3018,#2983,#3020,.T.);
#3018 = VERTEX_POINT('',#3019);
#3019 = CARTESIAN_POINT('',(57.000000849366,-0.975035008995,
    33.000000491738));
#3020 = SURFACE_CURVE('',#3021,(#3026,#3032),.PCURVE_S1.);
#3021 = B_SPLINE_CURVE_WITH_KNOTS('',3,(#3022,#3023,#3024,#3025),
  .UNSPECIFIED.,.F.,.F.,(4,4),(0.,1.035584713839E-02),
  .PIECEWISE_BEZIER_KNOTS.);
#3022 = CARTESIAN_POINT('',(57.000000849366,-0.975035008995,
    33.000000491738));
#3023 = CARTESIAN_POINT('',(57.000000849366,-1.009553981464,
    33.000000491738));
#3024 = CARTESIAN_POINT('',(56.999995227022,-1.04401921735,
    32.99875780599));
#3025 = CARTESIAN_POINT('',(56.999987678686,-1.078369752342,
    32.99630897218));
#3026 = PCURVE('',#2085,#3027);
#3027 = DEFINITIONAL_REPRESENTATION('',(#3028),#3031);
#3028 = B_SPLINE_CURVE_WITH_KNOTS('',1,(#3029,#3030),.UNSPECIFIED.,.F.,
  .F.,(2,2),(0.,1.035315928058E-02),.PIECEWISE_BEZIER_KNOTS.);
#3029 = CARTESIAN_POINT('',(1.,0.166479364903));
#3030 = CARTESIAN_POINT('',(0.955936585585,0.166521113209));
#3031 = ( GEOMETRIC_REPRESENTATION_CONTEXT(2) 
PARAMETRIC_REPRESENTATION_CONTEXT() REPRESENTATION_CONTEXT('2D SPACE',''
  ) );
#3032 = PCURVE('',#2458,#3033);
#3033 = DEFINITIONAL_REPRESENTATION('',(#3034),#3039);
#3034 = B_SPLINE_CURVE_WITH_KNOTS('',3,(#3035,#3036,#3037,#3038),
  .UNSPECIFIED.,.F.,.F.,(4,4),(0.,1.035584713839E-02),
  .PIECEWISE_BEZIER_KNOTS.);
#3035 = CARTESIAN_POINT('',(1.500000022352,1.499964991005));
#3036 = CARTESIAN_POINT('',(1.500000022352,1.465446018536));
#3037 = CARTESIAN_POINT('',(1.498757336601,1.43098078265));
#3038 = CARTESIAN_POINT('',(1.496308502789,1.396630247658));
#3039 = ( GEOMETRIC_REPRESENTATION_CONTEXT(2) 
PARAMETRIC_REPRESENTATION_CONTEXT() REPRESENTATION_CONTEXT('2D SPACE',''
  ) );
#3040 = ORIENTED_EDGE('',*,*,#3041,.F.);
#3041 = EDGE_CURVE('',#3042,#3018,#3044,.T.);
#3042 = VERTEX_POINT('',#3043);
#3043 = CARTESIAN_POINT('',(108.86147775663,-0.97503501162,
    26.906413836785));
#3044 = SURFACE_CURVE('',#3045,(#3050,#3057),.PCURVE_S1.);
#3045 = B_SPLINE_CURVE_WITH_KNOTS('',3,(#3046,#3047,#3048,#3049),
  .UNSPECIFIED.,.F.,.F.,(4,4),(-5.388303361673,-0.166479364903),
  .PIECEWISE_BEZIER_KNOTS.);
#3046 = CARTESIAN_POINT('',(108.86147775663,-0.97503501162,
    26.906413836785));
#3047 = CARTESIAN_POINT('',(91.574318787545,-0.975035010745,
    28.937609388436));
#3048 = CARTESIAN_POINT('',(74.287159818456,-0.97503500987,
    30.968804940087));
#3049 = CARTESIAN_POINT('',(57.000000849366,-0.975035008995,
    33.000000491738));
#3050 = PCURVE('',#2085,#3051);
#3051 = DEFINITIONAL_REPRESENTATION('',(#3052),#3056);
#3052 = LINE('',#3053,#3054);
#3053 = CARTESIAN_POINT('',(1.,-1.7763568394E-15));
#3054 = VECTOR('',#3055,1.);
#3055 = DIRECTION('',(2.55134533522E-16,-1.));
#3056 = ( GEOMETRIC_REPRESENTATION_CONTEXT(2) 
PARAMETRIC_REPRESENTATION_CONTEXT() REPRESENTATION_CONTEXT('2D SPACE',''
  ) );
#3057 = PCURVE('',#2426,#3058);
#3058 = DEFINITIONAL_REPRESENTATION('',(#3059),#3064);
#3059 = B_SPLINE_CURVE_WITH_KNOTS('',3,(#3060,#3061,#3062,#3063),
  .UNSPECIFIED.,.F.,.F.,(4,4),(-5.388303361673,-0.166479364903),
  .PIECEWISE_BEZIER_KNOTS.);
#3060 = CARTESIAN_POINT('',(52.218239967703,1.49996498838));
#3061 = CARTESIAN_POINT('',(34.812159978469,1.499964989255));
#3062 = CARTESIAN_POINT('',(17.406079989234,1.49996499013));
#3063 = CARTESIAN_POINT('',(0.,1.499964991005));
#3064 = ( GEOMETRIC_REPRESENTATION_CONTEXT(2) 
PARAMETRIC_REPRESENTATION_CONTEXT() REPRESENTATION_CONTEXT('2D SPACE',''
  ) );
#3065 = ORIENTED_EDGE('',*,*,#3066,.T.);
#3066 = EDGE_CURVE('',#3042,#1960,#3067,.T.);
#3067 = SURFACE_CURVE('',#3068,(#3083,#3134),.PCURVE_S1.);
#3068 = B_SPLINE_CURVE_WITH_KNOTS('',3,(#3069,#3070,#3071,#3072,#3073,
    #3074,#3075,#3076,#3077,#3078,#3079,#3080,#3081,#3082),
  .UNSPECIFIED.,.F.,.F.,(4,2,2,2,2,2,4),(0.,7.051653556564E-03,
    1.623618737413E-02,3.344540564319E-02,7.854992827583E-02,
    0.257507954538,0.67316488925),.UNSPECIFIED.);
#3069 = CARTESIAN_POINT('',(108.86147775663,-0.97503501162,
    26.906413836785));
#3070 = CARTESIAN_POINT('',(108.86147775663,-0.998540523476,
    26.906413836785));
#3071 = CARTESIAN_POINT('',(108.85674315094,-1.021272187947,
    26.906413836785));
#3072 = CARTESIAN_POINT('',(108.83709279606,-1.071699914834,
    26.906413836785));
#3073 = CARTESIAN_POINT('',(108.8198972016,-1.097866698274,
    26.906413836785));
#3074 = CARTESIAN_POINT('',(108.76335212552,-1.165213301594,
    26.906413836785));
#3075 = CARTESIAN_POINT('',(108.71426113978,-1.203665828385,
    26.906413836785));
#3076 = CARTESIAN_POINT('',(108.54158198834,-1.318059186839,
    26.906413836785));
#3077 = CARTESIAN_POINT('',(108.37370597749,-1.388598622107,
    26.906413836785));
#3078 = CARTESIAN_POINT('',(107.58328022473,-1.668246536592,
    26.906413836785));
#3079 = CARTESIAN_POINT('',(106.63291730261,-1.828006848901,
    26.906413836791));
#3080 = CARTESIAN_POINT('',(104.42845933114,-2.143492191427,
    26.906413836791));
#3081 = CARTESIAN_POINT('',(102.40397147225,-2.305400477692,
    26.906413836785));
#3082 = CARTESIAN_POINT('',(100.15234539499,-2.394909212565,
    26.906413836785));
#3083 = PCURVE('',#2085,#3084);
#3084 = DEFINITIONAL_REPRESENTATION('',(#3085),#3133);
#3085 = B_SPLINE_CURVE_WITH_KNOTS('',3,(#3086,#3087,#3088,#3089,#3090,
    #3091,#3092,#3093,#3094,#3095,#3096,#3097,#3098,#3099,#3100,#3101,
    #3102,#3103,#3104,#3105,#3106,#3107,#3108,#3109,#3110,#3111,#3112,
    #3113,#3114,#3115,#3116,#3117,#3118,#3119,#3120,#3121,#3122,#3123,
    #3124,#3125,#3126,#3127,#3128,#3129,#3130,#3131,#3132),
  .UNSPECIFIED.,.F.,.F.,(4,1,1,1,1,1,1,1,1,1,1,1,1,1,1,1,1,1,1,1,1,1,1,1
    ,1,1,1,1,1,1,1,1,1,1,1,1,1,1,1,1,1,1,1,1,4),(0.,1.529920202841E-02,
    3.059840405682E-02,4.589760608523E-02,6.119680811365E-02,
    7.649601014206E-02,9.179521217047E-02,0.107094414199,0.122393616227,
    0.137692818256,0.152992020284,0.168291222313,0.183590424341,
    0.198889626369,0.214188828398,0.229488030426,0.244787232455,
    0.260086434483,0.275385636511,0.29068483854,0.305984040568,
    0.321283242597,0.336582444625,0.351881646653,0.367180848682,
    0.38248005071,0.397779252739,0.413078454767,0.428377656796,
    0.443676858824,0.458976060852,0.474275262881,0.489574464909,
    0.504873666938,0.520172868966,0.535472070994,0.550771273023,
    0.566070475051,0.58136967708,0.596668879108,0.611968081136,
    0.627267283165,0.642566485193,0.657865687222,0.67316488925),
  .QUASI_UNIFORM_KNOTS.);
#3086 = CARTESIAN_POINT('',(1.,5.388303361673));
#3087 = CARTESIAN_POINT('',(0.97733053968,5.387920833497));
#3088 = CARTESIAN_POINT('',(0.938346634036,5.383870400395));
#3089 = CARTESIAN_POINT('',(0.893880993368,5.371429450124));
#3090 = CARTESIAN_POINT('',(0.859778520996,5.358223370124));
#3091 = CARTESIAN_POINT('',(0.827464945526,5.342469636867));
#3092 = CARTESIAN_POINT('',(0.799532115573,5.326240463429));
#3093 = CARTESIAN_POINT('',(0.774609816715,5.309890782199));
#3094 = CARTESIAN_POINT('',(0.750068800346,5.292026934579));
#3095 = CARTESIAN_POINT('',(0.72657135494,5.273280213044));
#3096 = CARTESIAN_POINT('',(0.703954699295,5.253767538946));
#3097 = CARTESIAN_POINT('',(0.682287972344,5.233743614153));
#3098 = CARTESIAN_POINT('',(0.661588555367,5.213426389584));
#3099 = CARTESIAN_POINT('',(0.641896723621,5.193043039445));
#3100 = CARTESIAN_POINT('',(0.62325714947,5.172820595735));
#3101 = CARTESIAN_POINT('',(0.60571433607,5.152977435998));
#3102 = CARTESIAN_POINT('',(0.589345309937,5.133766697806));
#3103 = CARTESIAN_POINT('',(0.574129352075,5.115311133075));
#3104 = CARTESIAN_POINT('',(0.560432489349,5.098220276314));
#3105 = CARTESIAN_POINT('',(0.54708496502,5.081146136611));
#3106 = CARTESIAN_POINT('',(0.533684963843,5.063581844195));
#3107 = CARTESIAN_POINT('',(0.520339086079,5.04567287313));
#3108 = CARTESIAN_POINT('',(0.507017524305,5.027389902474));
#3109 = CARTESIAN_POINT('',(0.493726862986,5.008750447468));
#3110 = CARTESIAN_POINT('',(0.480463795431,4.989759473632));
#3111 = CARTESIAN_POINT('',(0.467227542462,4.970425309178));
#3112 = CARTESIAN_POINT('',(0.454016540679,4.950755381283));
#3113 = CARTESIAN_POINT('',(0.440829344359,4.93075735856));
#3114 = CARTESIAN_POINT('',(0.427664397051,4.910438844925));
#3115 = CARTESIAN_POINT('',(0.414520104811,4.889807461633));
#3116 = CARTESIAN_POINT('',(0.401394827471,4.868870825291));
#3117 = CARTESIAN_POINT('',(0.388286890807,4.847636553752));
#3118 = CARTESIAN_POINT('',(0.375194592137,4.826112264536));
#3119 = CARTESIAN_POINT('',(0.362116206803,4.804305575251));
#3120 = CARTESIAN_POINT('',(0.34904999364,4.782224103482));
#3121 = CARTESIAN_POINT('',(0.335994200044,4.75987546682));
#3122 = CARTESIAN_POINT('',(0.322947066566,4.737267282855));
#3123 = CARTESIAN_POINT('',(0.309906831168,4.714407169175));
#3124 = CARTESIAN_POINT('',(0.296871733191,4.691302743372));
#3125 = CARTESIAN_POINT('',(0.283840017139,4.667961623035));
#3126 = CARTESIAN_POINT('',(0.270809936301,4.644391425754));
#3127 = CARTESIAN_POINT('',(0.257779756442,4.620599769118));
#3128 = CARTESIAN_POINT('',(0.244747759141,4.596594270717));
#3129 = CARTESIAN_POINT('',(0.231712246592,4.572382548141));
#3130 = CARTESIAN_POINT('',(0.218671541539,4.54797221898));
#3131 = CARTESIAN_POINT('',(0.209973184665,4.531571340209));
#3132 = CARTESIAN_POINT('',(0.205622593011,4.523340338923));
#3133 = ( GEOMETRIC_REPRESENTATION_CONTEXT(2) 
PARAMETRIC_REPRESENTATION_CONTEXT() REPRESENTATION_CONTEXT('2D SPACE',''
  ) );
#3134 = PCURVE('',#846,#3135);
#3135 = DEFINITIONAL_REPRESENTATION('',(#3136),#3151);
#3136 = B_SPLINE_CURVE_WITH_KNOTS('',3,(#3137,#3138,#3139,#3140,#3141,
    #3142,#3143,#3144,#3145,#3146,#3147,#3148,#3149,#3150),
  .UNSPECIFIED.,.F.,.F.,(4,2,2,2,2,2,4),(0.,7.051653556564E-03,
    1.623618737413E-02,3.344540564319E-02,7.854992827583E-02,
    0.257507954538,0.67316488925),.UNSPECIFIED.);
#3137 = CARTESIAN_POINT('',(-5.50003501162,-50.86147775663));
#3138 = CARTESIAN_POINT('',(-5.523540523476,-50.86147775663));
#3139 = CARTESIAN_POINT('',(-5.546272187947,-50.85674315094));
#3140 = CARTESIAN_POINT('',(-5.596699914834,-50.83709279606));
#3141 = CARTESIAN_POINT('',(-5.622866698274,-50.8198972016));
#3142 = CARTESIAN_POINT('',(-5.690213301594,-50.76335212552));
#3143 = CARTESIAN_POINT('',(-5.728665828385,-50.71426113978));
#3144 = CARTESIAN_POINT('',(-5.843059186839,-50.54158198834));
#3145 = CARTESIAN_POINT('',(-5.913598622107,-50.37370597749));
#3146 = CARTESIAN_POINT('',(-6.193246536592,-49.58328022473));
#3147 = CARTESIAN_POINT('',(-6.353006848901,-48.63291730261));
#3148 = CARTESIAN_POINT('',(-6.668492191427,-46.42845933114));
#3149 = CARTESIAN_POINT('',(-6.830400477692,-44.40397147225));
#3150 = CARTESIAN_POINT('',(-6.919909212565,-42.15234539499));
#3151 = ( GEOMETRIC_REPRESENTATION_CONTEXT(2) 
PARAMETRIC_REPRESENTATION_CONTEXT() REPRESENTATION_CONTEXT('2D SPACE',''
  ) );
#3152 = ORIENTED_EDGE('',*,*,#2070,.F.);
#3153 = ADVANCED_FACE('',(#3154),#3001,.T.);
#3154 = FACE_BOUND('',#3155,.T.);
#3155 = EDGE_LOOP('',(#3156,#3179,#3202,#3223));
#3156 = ORIENTED_EDGE('',*,*,#3157,.T.);
#3157 = EDGE_CURVE('',#2983,#3158,#3160,.T.);
#3158 = VERTEX_POINT('',#3159);
#3159 = CARTESIAN_POINT('',(57.,-2.525,32.996413836785));
#3160 = SURFACE_CURVE('',#3161,(#3165,#3172),.PCURVE_S1.);
#3161 = LINE('',#3162,#3163);
#3162 = CARTESIAN_POINT('',(57.000000848122,1.025,32.996413836785));
#3163 = VECTOR('',#3164,1.);
#3164 = DIRECTION('',(2.22044604925E-16,-1.,0.));
#3165 = PCURVE('',#3001,#3166);
#3166 = DEFINITIONAL_REPRESENTATION('',(#3167),#3171);
#3167 = LINE('',#3168,#3169);
#3168 = CARTESIAN_POINT('',(3.55,4.E-02));
#3169 = VECTOR('',#3170,1.);
#3170 = DIRECTION('',(-1.,0.));
#3171 = ( GEOMETRIC_REPRESENTATION_CONTEXT(2) 
PARAMETRIC_REPRESENTATION_CONTEXT() REPRESENTATION_CONTEXT('2D SPACE',''
  ) );
#3172 = PCURVE('',#1134,#3173);
#3173 = DEFINITIONAL_REPRESENTATION('',(#3174),#3178);
#3174 = LINE('',#3175,#3176);
#3175 = CARTESIAN_POINT('',(-3.5,-1.000000848122));
#3176 = VECTOR('',#3177,1.);
#3177 = DIRECTION('',(-1.,2.465190328816E-32));
#3178 = ( GEOMETRIC_REPRESENTATION_CONTEXT(2) 
PARAMETRIC_REPRESENTATION_CONTEXT() REPRESENTATION_CONTEXT('2D SPACE',''
  ) );
#3179 = ORIENTED_EDGE('',*,*,#3180,.F.);
#3180 = EDGE_CURVE('',#3181,#3158,#3183,.T.);
#3181 = VERTEX_POINT('',#3182);
#3182 = CARTESIAN_POINT('',(57.,-2.525,32.956413836785));
#3183 = SURFACE_CURVE('',#3184,(#3188,#3195),.PCURVE_S1.);
#3184 = LINE('',#3185,#3186);
#3185 = CARTESIAN_POINT('',(57.,-2.525,32.956413836785));
#3186 = VECTOR('',#3187,1.);
#3187 = DIRECTION('',(0.,0.,1.));
#3188 = PCURVE('',#3001,#3189);
#3189 = DEFINITIONAL_REPRESENTATION('',(#3190),#3194);
#3190 = LINE('',#3191,#3192);
#3191 = CARTESIAN_POINT('',(1.021405182655E-14,0.));
#3192 = VECTOR('',#3193,1.);
#3193 = DIRECTION('',(0.,1.));
#3194 = ( GEOMETRIC_REPRESENTATION_CONTEXT(2) 
PARAMETRIC_REPRESENTATION_CONTEXT() REPRESENTATION_CONTEXT('2D SPACE',''
  ) );
#3195 = PCURVE('',#1106,#3196);
#3196 = DEFINITIONAL_REPRESENTATION('',(#3197),#3201);
#3197 = LINE('',#3198,#3199);
#3198 = CARTESIAN_POINT('',(1.,0.));
#3199 = VECTOR('',#3200,1.);
#3200 = DIRECTION('',(0.,1.));
#3201 = ( GEOMETRIC_REPRESENTATION_CONTEXT(2) 
PARAMETRIC_REPRESENTATION_CONTEXT() REPRESENTATION_CONTEXT('2D SPACE',''
  ) );
#3202 = ORIENTED_EDGE('',*,*,#3203,.F.);
#3203 = EDGE_CURVE('',#2794,#3181,#3204,.T.);
#3204 = SURFACE_CURVE('',#3205,(#3209,#3216),.PCURVE_S1.);
#3205 = LINE('',#3206,#3207);
#3206 = CARTESIAN_POINT('',(57.,2.2625,32.956413836785));
#3207 = VECTOR('',#3208,1.);
#3208 = DIRECTION('',(2.22044604925E-16,-1.,0.));
#3209 = PCURVE('',#3001,#3210);
#3210 = DEFINITIONAL_REPRESENTATION('',(#3211),#3215);
#3211 = LINE('',#3212,#3213);
#3212 = CARTESIAN_POINT('',(4.7875,0.));
#3213 = VECTOR('',#3214,1.);
#3214 = DIRECTION('',(-1.,0.));
#3215 = ( GEOMETRIC_REPRESENTATION_CONTEXT(2) 
PARAMETRIC_REPRESENTATION_CONTEXT() REPRESENTATION_CONTEXT('2D SPACE',''
  ) );
#3216 = PCURVE('',#2904,#3217);
#3217 = DEFINITIONAL_REPRESENTATION('',(#3218),#3222);
#3218 = LINE('',#3219,#3220);
#3219 = CARTESIAN_POINT('',(7.068583470577,0.));
#3220 = VECTOR('',#3221,1.);
#3221 = DIRECTION('',(0.,1.));
#3222 = ( GEOMETRIC_REPRESENTATION_CONTEXT(2) 
PARAMETRIC_REPRESENTATION_CONTEXT() REPRESENTATION_CONTEXT('2D SPACE',''
  ) );
#3223 = ORIENTED_EDGE('',*,*,#2982,.T.);
#3224 = ADVANCED_FACE('',(#3225),#1106,.T.);
#3225 = FACE_BOUND('',#3226,.T.);
#3226 = EDGE_LOOP('',(#3227,#3248,#3249,#3270));
#3227 = ORIENTED_EDGE('',*,*,#3228,.F.);
#3228 = EDGE_CURVE('',#3181,#1058,#3229,.T.);
#3229 = SURFACE_CURVE('',#3230,(#3234,#3241),.PCURVE_S1.);
#3230 = LINE('',#3231,#3232);
#3231 = CARTESIAN_POINT('',(56.,-2.525,32.956413836785));
#3232 = VECTOR('',#3233,1.);
#3233 = DIRECTION('',(-1.,-2.22044604925E-16,0.));
#3234 = PCURVE('',#1106,#3235);
#3235 = DEFINITIONAL_REPRESENTATION('',(#3236),#3240);
#3236 = LINE('',#3237,#3238);
#3237 = CARTESIAN_POINT('',(0.,0.));
#3238 = VECTOR('',#3239,1.);
#3239 = DIRECTION('',(-1.,0.));
#3240 = ( GEOMETRIC_REPRESENTATION_CONTEXT(2) 
PARAMETRIC_REPRESENTATION_CONTEXT() REPRESENTATION_CONTEXT('2D SPACE',''
  ) );
#3241 = PCURVE('',#1078,#3242);
#3242 = DEFINITIONAL_REPRESENTATION('',(#3243),#3247);
#3243 = LINE('',#3244,#3245);
#3244 = CARTESIAN_POINT('',(-0.785398163397,0.));
#3245 = VECTOR('',#3246,1.);
#3246 = DIRECTION('',(0.,-1.));
#3247 = ( GEOMETRIC_REPRESENTATION_CONTEXT(2) 
PARAMETRIC_REPRESENTATION_CONTEXT() REPRESENTATION_CONTEXT('2D SPACE',''
  ) );
#3248 = ORIENTED_EDGE('',*,*,#3180,.T.);
#3249 = ORIENTED_EDGE('',*,*,#3250,.F.);
#3250 = EDGE_CURVE('',#1091,#3158,#3251,.T.);
#3251 = SURFACE_CURVE('',#3252,(#3256,#3263),.PCURVE_S1.);
#3252 = LINE('',#3253,#3254);
#3253 = CARTESIAN_POINT('',(56.,-2.525,32.996413836785));
#3254 = VECTOR('',#3255,1.);
#3255 = DIRECTION('',(1.,2.22044604925E-16,0.));
#3256 = PCURVE('',#1106,#3257);
#3257 = DEFINITIONAL_REPRESENTATION('',(#3258),#3262);
#3258 = LINE('',#3259,#3260);
#3259 = CARTESIAN_POINT('',(0.,4.E-02));
#3260 = VECTOR('',#3261,1.);
#3261 = DIRECTION('',(1.,0.));
#3262 = ( GEOMETRIC_REPRESENTATION_CONTEXT(2) 
PARAMETRIC_REPRESENTATION_CONTEXT() REPRESENTATION_CONTEXT('2D SPACE',''
  ) );
#3263 = PCURVE('',#1134,#3264);
#3264 = DEFINITIONAL_REPRESENTATION('',(#3265),#3269);
#3265 = LINE('',#3266,#3267);
#3266 = CARTESIAN_POINT('',(-7.05,1.565414464721E-15));
#3267 = VECTOR('',#3268,1.);
#3268 = DIRECTION('',(-2.465190328816E-32,-1.));
#3269 = ( GEOMETRIC_REPRESENTATION_CONTEXT(2) 
PARAMETRIC_REPRESENTATION_CONTEXT() REPRESENTATION_CONTEXT('2D SPACE',''
  ) );
#3270 = ORIENTED_EDGE('',*,*,#1090,.F.);
#3271 = ADVANCED_FACE('',(#3272),#1134,.T.);
#3272 = FACE_BOUND('',#3273,.T.);
#3273 = EDGE_LOOP('',(#3274,#3275,#3276,#3277,#3278));
#3274 = ORIENTED_EDGE('',*,*,#2474,.F.);
#3275 = ORIENTED_EDGE('',*,*,#1118,.F.);
#3276 = ORIENTED_EDGE('',*,*,#3250,.T.);
#3277 = ORIENTED_EDGE('',*,*,#3157,.F.);
#3278 = ORIENTED_EDGE('',*,*,#3279,.F.);
#3279 = EDGE_CURVE('',#2440,#2983,#3280,.T.);
#3280 = SURFACE_CURVE('',#3281,(#3285,#3292),.PCURVE_S1.);
#3281 = LINE('',#3282,#3283);
#3282 = CARTESIAN_POINT('',(57.000000848122,1.025,32.996413836785));
#3283 = VECTOR('',#3284,1.);
#3284 = DIRECTION('',(2.22044604925E-16,-1.,0.));
#3285 = PCURVE('',#1134,#3286);
#3286 = DEFINITIONAL_REPRESENTATION('',(#3287),#3291);
#3287 = LINE('',#3288,#3289);
#3288 = CARTESIAN_POINT('',(-3.5,-1.000000848122));
#3289 = VECTOR('',#3290,1.);
#3290 = DIRECTION('',(-1.,2.465190328816E-32));
#3291 = ( GEOMETRIC_REPRESENTATION_CONTEXT(2) 
PARAMETRIC_REPRESENTATION_CONTEXT() REPRESENTATION_CONTEXT('2D SPACE',''
  ) );
#3292 = PCURVE('',#2458,#3293);
#3293 = DEFINITIONAL_REPRESENTATION('',(#3294),#3298);
#3294 = LINE('',#3295,#3296);
#3295 = CARTESIAN_POINT('',(1.496413367398,3.5));
#3296 = VECTOR('',#3297,1.);
#3297 = DIRECTION('',(-5.23718357509E-38,-1.));
#3298 = ( GEOMETRIC_REPRESENTATION_CONTEXT(2) 
PARAMETRIC_REPRESENTATION_CONTEXT() REPRESENTATION_CONTEXT('2D SPACE',''
  ) );
#3299 = ADVANCED_FACE('',(#3300),#2458,.T.);
#3300 = FACE_BOUND('',#3301,.T.);
#3301 = EDGE_LOOP('',(#3302,#3303,#3304,#3305));
#3302 = ORIENTED_EDGE('',*,*,#2439,.F.);
#3303 = ORIENTED_EDGE('',*,*,#3279,.T.);
#3304 = ORIENTED_EDGE('',*,*,#3017,.F.);
#3305 = ORIENTED_EDGE('',*,*,#3306,.T.);
#3306 = EDGE_CURVE('',#3018,#2410,#3307,.T.);
#3307 = SURFACE_CURVE('',#3308,(#3312,#3319),.PCURVE_S1.);
#3308 = LINE('',#3309,#3310);
#3309 = CARTESIAN_POINT('',(57.000000849366,-2.475,33.000000491738));
#3310 = VECTOR('',#3311,1.);
#3311 = DIRECTION('',(-2.22044604925E-16,1.,0.));
#3312 = PCURVE('',#2458,#3313);
#3313 = DEFINITIONAL_REPRESENTATION('',(#3314),#3318);
#3314 = LINE('',#3315,#3316);
#3315 = CARTESIAN_POINT('',(1.500000022352,-1.155137495881E-22));
#3316 = VECTOR('',#3317,1.);
#3317 = DIRECTION('',(5.23718357509E-38,1.));
#3318 = ( GEOMETRIC_REPRESENTATION_CONTEXT(2) 
PARAMETRIC_REPRESENTATION_CONTEXT() REPRESENTATION_CONTEXT('2D SPACE',''
  ) );
#3319 = PCURVE('',#2426,#3320);
#3320 = DEFINITIONAL_REPRESENTATION('',(#3321),#3325);
#3321 = LINE('',#3322,#3323);
#3322 = CARTESIAN_POINT('',(0.,0.));
#3323 = VECTOR('',#3324,1.);
#3324 = DIRECTION('',(-1.793489109334E-31,1.));
#3325 = ( GEOMETRIC_REPRESENTATION_CONTEXT(2) 
PARAMETRIC_REPRESENTATION_CONTEXT() REPRESENTATION_CONTEXT('2D SPACE',''
  ) );
#3326 = ADVANCED_FACE('',(#3327),#2426,.T.);
#3327 = FACE_BOUND('',#3328,.T.);
#3328 = EDGE_LOOP('',(#3329,#3330,#3331,#3332));
#3329 = ORIENTED_EDGE('',*,*,#2409,.F.);
#3330 = ORIENTED_EDGE('',*,*,#3306,.F.);
#3331 = ORIENTED_EDGE('',*,*,#3041,.F.);
#3332 = ORIENTED_EDGE('',*,*,#3333,.F.);
#3333 = EDGE_CURVE('',#2317,#3042,#3334,.T.);
#3334 = SURFACE_CURVE('',#3335,(#3339,#3346),.PCURVE_S1.);
#3335 = LINE('',#3336,#3337);
#3336 = CARTESIAN_POINT('',(108.86147775663,1.025,26.906413836785));
#3337 = VECTOR('',#3338,1.);
#3338 = DIRECTION('',(2.22044604925E-16,-1.,0.));
#3339 = PCURVE('',#2426,#3340);
#3340 = DEFINITIONAL_REPRESENTATION('',(#3341),#3345);
#3341 = LINE('',#3342,#3343);
#3342 = CARTESIAN_POINT('',(52.218239967702,3.5));
#3343 = VECTOR('',#3344,1.);
#3344 = DIRECTION('',(1.793489109334E-31,-1.));
#3345 = ( GEOMETRIC_REPRESENTATION_CONTEXT(2) 
PARAMETRIC_REPRESENTATION_CONTEXT() REPRESENTATION_CONTEXT('2D SPACE',''
  ) );
#3346 = PCURVE('',#846,#3347);
#3347 = DEFINITIONAL_REPRESENTATION('',(#3348),#3352);
#3348 = LINE('',#3349,#3350);
#3349 = CARTESIAN_POINT('',(-3.5,-50.86147775663));
#3350 = VECTOR('',#3351,1.);
#3351 = DIRECTION('',(-1.,2.465190328816E-32));
#3352 = ( GEOMETRIC_REPRESENTATION_CONTEXT(2) 
PARAMETRIC_REPRESENTATION_CONTEXT() REPRESENTATION_CONTEXT('2D SPACE',''
  ) );
#3353 = ADVANCED_FACE('',(#3354),#905,.T.);
#3354 = FACE_BOUND('',#3355,.T.);
#3355 = EDGE_LOOP('',(#3356,#3377,#3378,#3379));
#3356 = ORIENTED_EDGE('',*,*,#3357,.F.);
#3357 = EDGE_CURVE('',#2254,#2730,#3358,.T.);
#3358 = SURFACE_CURVE('',#3359,(#3363,#3370),.PCURVE_S1.);
#3359 = LINE('',#3360,#3361);
#3360 = CARTESIAN_POINT('',(58.,-1.2375,31.382503216016));
#3361 = VECTOR('',#3362,1.);
#3362 = DIRECTION('',(2.22044604925E-16,-1.,0.));
#3363 = PCURVE('',#905,#3364);
#3364 = DEFINITIONAL_REPRESENTATION('',(#3365),#3369);
#3365 = LINE('',#3366,#3367);
#3366 = CARTESIAN_POINT('',(2.009815269504,1.2375));
#3367 = VECTOR('',#3368,1.);
#3368 = DIRECTION('',(9.860761315263E-32,-1.));
#3369 = ( GEOMETRIC_REPRESENTATION_CONTEXT(2) 
PARAMETRIC_REPRESENTATION_CONTEXT() REPRESENTATION_CONTEXT('2D SPACE',''
  ) );
#3370 = PCURVE('',#1451,#3371);
#3371 = DEFINITIONAL_REPRESENTATION('',(#3372),#3376);
#3372 = LINE('',#3373,#3374);
#3373 = CARTESIAN_POINT('',(-2.95108937923,-1.2375));
#3374 = VECTOR('',#3375,1.);
#3375 = DIRECTION('',(0.,-1.));
#3376 = ( GEOMETRIC_REPRESENTATION_CONTEXT(2) 
PARAMETRIC_REPRESENTATION_CONTEXT() REPRESENTATION_CONTEXT('2D SPACE',''
  ) );
#3377 = ORIENTED_EDGE('',*,*,#2295,.F.);
#3378 = ORIENTED_EDGE('',*,*,#889,.F.);
#3379 = ORIENTED_EDGE('',*,*,#2729,.T.);
#3380 = ADVANCED_FACE('',(#3381),#1451,.T.);
#3381 = FACE_BOUND('',#3382,.T.);
#3382 = EDGE_LOOP('',(#3383,#3384,#3405,#3406,#3407,#3432,#3433,#3434,
    #3435,#3458,#3506));
#3383 = ORIENTED_EDGE('',*,*,#1699,.T.);
#3384 = ORIENTED_EDGE('',*,*,#3385,.F.);
#3385 = EDGE_CURVE('',#1797,#1647,#3386,.T.);
#3386 = SURFACE_CURVE('',#3387,(#3391,#3398),.PCURVE_S1.);
#3387 = LINE('',#3388,#3389);
#3388 = CARTESIAN_POINT('',(58.,2.2625,28.406413836785));
#3389 = VECTOR('',#3390,1.);
#3390 = DIRECTION('',(2.22044604925E-16,-1.,0.));
#3391 = PCURVE('',#1451,#3392);
#3392 = DEFINITIONAL_REPRESENTATION('',(#3393),#3397);
#3393 = LINE('',#3394,#3395);
#3394 = CARTESIAN_POINT('',(2.5E-02,2.2625));
#3395 = VECTOR('',#3396,1.);
#3396 = DIRECTION('',(0.,-1.));
#3397 = ( GEOMETRIC_REPRESENTATION_CONTEXT(2) 
PARAMETRIC_REPRESENTATION_CONTEXT() REPRESENTATION_CONTEXT('2D SPACE',''
  ) );
#3398 = PCURVE('',#1665,#3399);
#3399 = DEFINITIONAL_REPRESENTATION('',(#3400),#3404);
#3400 = LINE('',#3401,#3402);
#3401 = CARTESIAN_POINT('',(0.785398163397,4.440892098501E-16));
#3402 = VECTOR('',#3403,1.);
#3403 = DIRECTION('',(0.,-1.));
#3404 = ( GEOMETRIC_REPRESENTATION_CONTEXT(2) 
PARAMETRIC_REPRESENTATION_CONTEXT() REPRESENTATION_CONTEXT('2D SPACE',''
  ) );
#3405 = ORIENTED_EDGE('',*,*,#1796,.T.);
#3406 = ORIENTED_EDGE('',*,*,#1622,.F.);
#3407 = ORIENTED_EDGE('',*,*,#3408,.F.);
#3408 = EDGE_CURVE('',#2252,#1573,#3409,.T.);
#3409 = SURFACE_CURVE('',#3410,(#3415,#3426),.PCURVE_S1.);
#3410 = CIRCLE('',#3411,1.);
#3411 = AXIS2_PLACEMENT_3D('',#3412,#3413,#3414);
#3412 = CARTESIAN_POINT('',(58.,2.525,30.956413836785));
#3413 = DIRECTION('',(-1.,-2.22044604925E-16,0.));
#3414 = DIRECTION('',(-1.570092458684E-16,0.707106781187,0.707106781187)
  );
#3415 = PCURVE('',#1451,#3416);
#3416 = DEFINITIONAL_REPRESENTATION('',(#3417),#3425);
#3417 = ( BOUNDED_CURVE() B_SPLINE_CURVE(2,(#3418,#3419,#3420,#3421,
#3422,#3423,#3424),.UNSPECIFIED.,.T.,.F.) B_SPLINE_CURVE_WITH_KNOTS((1,2
    ,2,2,2,1),(-2.094395102393,0.,2.094395102393,4.188790204786,
6.28318530718,8.377580409573),.UNSPECIFIED.) CURVE() 
GEOMETRIC_REPRESENTATION_ITEM() RATIONAL_B_SPLINE_CURVE((1.,0.5,1.,0.5,
1.,0.5,1.)) REPRESENTATION_ITEM('') );
#3418 = CARTESIAN_POINT('',(-3.232106781187,3.232106781187));
#3419 = CARTESIAN_POINT('',(-2.007361909795,4.456851652578));
#3420 = CARTESIAN_POINT('',(-1.559074173711,2.783819045103));
#3421 = CARTESIAN_POINT('',(-1.110786437627,1.110786437627));
#3422 = CARTESIAN_POINT('',(-2.783819045103,1.559074173711));
#3423 = CARTESIAN_POINT('',(-4.456851652578,2.007361909795));
#3424 = CARTESIAN_POINT('',(-3.232106781187,3.232106781187));
#3425 = ( GEOMETRIC_REPRESENTATION_CONTEXT(2) 
PARAMETRIC_REPRESENTATION_CONTEXT() REPRESENTATION_CONTEXT('2D SPACE',''
  ) );
#3426 = PCURVE('',#1589,#3427);
#3427 = DEFINITIONAL_REPRESENTATION('',(#3428),#3431);
#3428 = B_SPLINE_CURVE_WITH_KNOTS('',1,(#3429,#3430),.UNSPECIFIED.,.F.,
  .F.,(2,2),(5.383503037385,7.068583470577),.PIECEWISE_BEZIER_KNOTS.);
#3429 = CARTESIAN_POINT('',(-1.570796326748,-0.110798101994));
#3430 = CARTESIAN_POINT('',(-1.570796326748,1.570796326795));
#3431 = ( GEOMETRIC_REPRESENTATION_CONTEXT(2) 
PARAMETRIC_REPRESENTATION_CONTEXT() REPRESENTATION_CONTEXT('2D SPACE',''
  ) );
#3432 = ORIENTED_EDGE('',*,*,#2251,.T.);
#3433 = ORIENTED_EDGE('',*,*,#3357,.T.);
#3434 = ORIENTED_EDGE('',*,*,#2751,.T.);
#3435 = ORIENTED_EDGE('',*,*,#3436,.T.);
#3436 = EDGE_CURVE('',#2752,#3437,#3439,.T.);
#3437 = VERTEX_POINT('',#3438);
#3438 = CARTESIAN_POINT('',(58.,-2.525,31.956413836785));
#3439 = SURFACE_CURVE('',#3440,(#3444,#3451),.PCURVE_S1.);
#3440 = LINE('',#3441,#3442);
#3441 = CARTESIAN_POINT('',(58.,2.2625,31.956413836785));
#3442 = VECTOR('',#3443,1.);
#3443 = DIRECTION('',(2.22044604925E-16,-1.,0.));
#3444 = PCURVE('',#1451,#3445);
#3445 = DEFINITIONAL_REPRESENTATION('',(#3446),#3450);
#3446 = LINE('',#3447,#3448);
#3447 = CARTESIAN_POINT('',(-3.525,2.2625));
#3448 = VECTOR('',#3449,1.);
#3449 = DIRECTION('',(0.,-1.));
#3450 = ( GEOMETRIC_REPRESENTATION_CONTEXT(2) 
PARAMETRIC_REPRESENTATION_CONTEXT() REPRESENTATION_CONTEXT('2D SPACE',''
  ) );
#3451 = PCURVE('',#2904,#3452);
#3452 = DEFINITIONAL_REPRESENTATION('',(#3453),#3457);
#3453 = LINE('',#3454,#3455);
#3454 = CARTESIAN_POINT('',(5.497787143782,0.));
#3455 = VECTOR('',#3456,1.);
#3456 = DIRECTION('',(0.,1.));
#3457 = ( GEOMETRIC_REPRESENTATION_CONTEXT(2) 
PARAMETRIC_REPRESENTATION_CONTEXT() REPRESENTATION_CONTEXT('2D SPACE',''
  ) );
#3458 = ORIENTED_EDGE('',*,*,#3459,.F.);
#3459 = EDGE_CURVE('',#1436,#3437,#3460,.T.);
#3460 = SURFACE_CURVE('',#3461,(#3466,#3477),.PCURVE_S1.);
#3461 = CIRCLE('',#3462,1.);
#3462 = AXIS2_PLACEMENT_3D('',#3463,#3464,#3465);
#3463 = CARTESIAN_POINT('',(58.,-2.525,30.956413836785));
#3464 = DIRECTION('',(-1.,-2.22044604925E-16,0.));
#3465 = DIRECTION('',(1.570092458684E-16,-0.707106781187,0.707106781187)
  );
#3466 = PCURVE('',#1451,#3467);
#3467 = DEFINITIONAL_REPRESENTATION('',(#3468),#3476);
#3468 = ( BOUNDED_CURVE() B_SPLINE_CURVE(2,(#3469,#3470,#3471,#3472,
#3473,#3474,#3475),.UNSPECIFIED.,.T.,.F.) B_SPLINE_CURVE_WITH_KNOTS((1,2
    ,2,2,2,1),(-2.094395102393,0.,2.094395102393,4.188790204786,
6.28318530718,8.377580409573),.UNSPECIFIED.) CURVE() 
GEOMETRIC_REPRESENTATION_ITEM() RATIONAL_B_SPLINE_CURVE((1.,0.5,1.,0.5,
1.,0.5,1.)) REPRESENTATION_ITEM('') );
#3469 = CARTESIAN_POINT('',(-3.232106781187,-3.232106781187));
#3470 = CARTESIAN_POINT('',(-4.456851652578,-2.007361909795));
#3471 = CARTESIAN_POINT('',(-2.783819045103,-1.559074173711));
#3472 = CARTESIAN_POINT('',(-1.110786437627,-1.110786437627));
#3473 = CARTESIAN_POINT('',(-1.559074173711,-2.783819045103));
#3474 = CARTESIAN_POINT('',(-2.007361909795,-4.456851652578));
#3475 = CARTESIAN_POINT('',(-3.232106781187,-3.232106781187));
#3476 = ( GEOMETRIC_REPRESENTATION_CONTEXT(2) 
PARAMETRIC_REPRESENTATION_CONTEXT() REPRESENTATION_CONTEXT('2D SPACE',''
  ) );
#3477 = PCURVE('',#1478,#3478);
#3478 = DEFINITIONAL_REPRESENTATION('',(#3479),#3505);
#3479 = B_SPLINE_CURVE_WITH_KNOTS('',3,(#3480,#3481,#3482,#3483,#3484,
    #3485,#3486,#3487,#3488,#3489,#3490,#3491,#3492,#3493,#3494,#3495,
    #3496,#3497,#3498,#3499,#3500,#3501,#3502,#3503,#3504),
  .UNSPECIFIED.,.F.,.F.,(4,1,1,1,1,1,1,1,1,1,1,1,1,1,1,1,1,1,1,1,1,1,4),
  (5.497787143782,5.569186976818,5.640586809854,5.711986642891,
    5.783386475927,5.854786308963,5.926186141999,5.997585975035,
    6.068985808071,6.140385641107,6.211785474143,6.28318530718,
    6.354585140216,6.425984973252,6.497384806288,6.568784639324,
    6.64018447236,6.711584305396,6.782984138433,6.854383971469,
    6.925783804505,6.997183637541,7.068583470577),
  .QUASI_UNIFORM_KNOTS.);
#3480 = CARTESIAN_POINT('',(-1.570796326795,-1.570796326795));
#3481 = CARTESIAN_POINT('',(-1.570796326795,-1.544363278267));
#3482 = CARTESIAN_POINT('',(-1.570796326795,-1.492271114166));
#3483 = CARTESIAN_POINT('',(-1.570796326795,-1.416189872242));
#3484 = CARTESIAN_POINT('',(-1.570796326795,-1.341892168614));
#3485 = CARTESIAN_POINT('',(-1.570796326795,-1.269134886861));
#3486 = CARTESIAN_POINT('',(-1.570796326795,-1.197690220556));
#3487 = CARTESIAN_POINT('',(-1.570796326795,-1.12734572285));
#3488 = CARTESIAN_POINT('',(-1.570796326795,-1.057900795762));
#3489 = CARTESIAN_POINT('',(-1.570796326795,-0.989164516627));
#3490 = CARTESIAN_POINT('',(-1.570796326795,-0.92095340603));
#3491 = CARTESIAN_POINT('',(-1.570796326795,-0.85308944002));
#3492 = CARTESIAN_POINT('',(-1.570796326795,-0.785398163397));
#3493 = CARTESIAN_POINT('',(-1.570796326795,-0.717706886775));
#3494 = CARTESIAN_POINT('',(-1.570796326795,-0.649842920765));
#3495 = CARTESIAN_POINT('',(-1.570796326795,-0.581631810168));
#3496 = CARTESIAN_POINT('',(-1.570796326795,-0.512895531033));
#3497 = CARTESIAN_POINT('',(-1.570796326795,-0.443450603945));
#3498 = CARTESIAN_POINT('',(-1.570796326795,-0.373106106239));
#3499 = CARTESIAN_POINT('',(-1.570796326795,-0.301661439934));
#3500 = CARTESIAN_POINT('',(-1.570796326795,-0.228904158181));
#3501 = CARTESIAN_POINT('',(-1.570796326795,-0.154606454553));
#3502 = CARTESIAN_POINT('',(-1.570796326795,-7.852521262872E-02));
#3503 = CARTESIAN_POINT('',(-1.570796326795,-2.643304852828E-02));
#3504 = CARTESIAN_POINT('',(-1.570796326795,0.));
#3505 = ( GEOMETRIC_REPRESENTATION_CONTEXT(2) 
PARAMETRIC_REPRESENTATION_CONTEXT() REPRESENTATION_CONTEXT('2D SPACE',''
  ) );
#3506 = ORIENTED_EDGE('',*,*,#1435,.F.);
#3507 = ADVANCED_FACE('',(#3508),#2904,.T.);
#3508 = FACE_BOUND('',#3509,.T.);
#3509 = EDGE_LOOP('',(#3510,#3511,#3555,#3556));
#3510 = ORIENTED_EDGE('',*,*,#3203,.T.);
#3511 = ORIENTED_EDGE('',*,*,#3512,.T.);
#3512 = EDGE_CURVE('',#3181,#3437,#3513,.T.);
#3513 = SURFACE_CURVE('',#3514,(#3519,#3526),.PCURVE_S1.);
#3514 = CIRCLE('',#3515,1.);
#3515 = AXIS2_PLACEMENT_3D('',#3516,#3517,#3518);
#3516 = CARTESIAN_POINT('',(57.,-2.525,31.956413836785));
#3517 = DIRECTION('',(-2.22044604925E-16,1.,0.));
#3518 = DIRECTION('',(0.,0.,1.));
#3519 = PCURVE('',#2904,#3520);
#3520 = DEFINITIONAL_REPRESENTATION('',(#3521),#3525);
#3521 = LINE('',#3522,#3523);
#3522 = CARTESIAN_POINT('',(7.068583470577,4.7875));
#3523 = VECTOR('',#3524,1.);
#3524 = DIRECTION('',(-1.,5.654319433713E-16));
#3525 = ( GEOMETRIC_REPRESENTATION_CONTEXT(2) 
PARAMETRIC_REPRESENTATION_CONTEXT() REPRESENTATION_CONTEXT('2D SPACE',''
  ) );
#3526 = PCURVE('',#1478,#3527);
#3527 = DEFINITIONAL_REPRESENTATION('',(#3528),#3554);
#3528 = B_SPLINE_CURVE_WITH_KNOTS('',3,(#3529,#3530,#3531,#3532,#3533,
    #3534,#3535,#3536,#3537,#3538,#3539,#3540,#3541,#3542,#3543,#3544,
    #3545,#3546,#3547,#3548,#3549,#3550,#3551,#3552,#3553),
  .UNSPECIFIED.,.F.,.F.,(4,1,1,1,1,1,1,1,1,1,1,1,1,1,1,1,1,1,1,1,1,1,4),
  (0.,7.139983303613E-02,0.142799666072,0.214199499108,0.285599332145,
    0.356999165181,0.428398998217,0.499798831253,0.571198664289,
    0.642598497325,0.713998330361,0.785398163397,0.856797996434,
    0.92819782947,0.999597662506,1.070997495542,1.142397328578,
    1.213797161614,1.28519699465,1.356596827687,1.427996660723,
    1.499396493759,1.570796326795),.QUASI_UNIFORM_KNOTS.);
#3529 = CARTESIAN_POINT('',(4.440892098501E-16,0.));
#3530 = CARTESIAN_POINT('',(-2.643304852828E-02,0.));
#3531 = CARTESIAN_POINT('',(-7.852521262872E-02,0.));
#3532 = CARTESIAN_POINT('',(-0.154606454553,0.));
#3533 = CARTESIAN_POINT('',(-0.228904158181,0.));
#3534 = CARTESIAN_POINT('',(-0.301661439934,0.));
#3535 = CARTESIAN_POINT('',(-0.373106106239,0.));
#3536 = CARTESIAN_POINT('',(-0.443450603945,0.));
#3537 = CARTESIAN_POINT('',(-0.512895531033,0.));
#3538 = CARTESIAN_POINT('',(-0.581631810168,0.));
#3539 = CARTESIAN_POINT('',(-0.649842920765,0.));
#3540 = CARTESIAN_POINT('',(-0.717706886775,0.));
#3541 = CARTESIAN_POINT('',(-0.785398163397,0.));
#3542 = CARTESIAN_POINT('',(-0.85308944002,0.));
#3543 = CARTESIAN_POINT('',(-0.92095340603,0.));
#3544 = CARTESIAN_POINT('',(-0.989164516627,0.));
#3545 = CARTESIAN_POINT('',(-1.057900795762,0.));
#3546 = CARTESIAN_POINT('',(-1.12734572285,0.));
#3547 = CARTESIAN_POINT('',(-1.197690220556,0.));
#3548 = CARTESIAN_POINT('',(-1.269134886861,0.));
#3549 = CARTESIAN_POINT('',(-1.341892168614,0.));
#3550 = CARTESIAN_POINT('',(-1.416189872242,0.));
#3551 = CARTESIAN_POINT('',(-1.492271114166,0.));
#3552 = CARTESIAN_POINT('',(-1.544363278267,-0.));
#3553 = CARTESIAN_POINT('',(-1.570796326795,0.));
#3554 = ( GEOMETRIC_REPRESENTATION_CONTEXT(2) 
PARAMETRIC_REPRESENTATION_CONTEXT() REPRESENTATION_CONTEXT('2D SPACE',''
  ) );
#3555 = ORIENTED_EDGE('',*,*,#3436,.F.);
#3556 = ORIENTED_EDGE('',*,*,#2793,.T.);
#3557 = ADVANCED_FACE('',(#3558),#386,.F.);
#3558 = FACE_BOUND('',#3559,.F.);
#3559 = EDGE_LOOP('',(#3560,#3581,#3582,#3583,#3584,#3585));
#3560 = ORIENTED_EDGE('',*,*,#3561,.T.);
#3561 = EDGE_CURVE('',#310,#569,#3562,.T.);
#3562 = SEAM_CURVE('',#3563,(#3567,#3574),.PCURVE_S1.);
#3563 = LINE('',#3564,#3565);
#3564 = CARTESIAN_POINT('',(45.007228851318,0.875,29.531413836785));
#3565 = VECTOR('',#3566,1.);
#3566 = DIRECTION('',(1.359631073447E-32,-6.123233995737E-17,1.));
#3567 = PCURVE('',#386,#3568);
#3568 = DEFINITIONAL_REPRESENTATION('',(#3569),#3573);
#3569 = LINE('',#3570,#3571);
#3570 = CARTESIAN_POINT('',(3.14159265359,0.));
#3571 = VECTOR('',#3572,1.);
#3572 = DIRECTION('',(0.,1.));
#3573 = ( GEOMETRIC_REPRESENTATION_CONTEXT(2) 
PARAMETRIC_REPRESENTATION_CONTEXT() REPRESENTATION_CONTEXT('2D SPACE',''
  ) );
#3574 = PCURVE('',#386,#3575);
#3575 = DEFINITIONAL_REPRESENTATION('',(#3576),#3580);
#3576 = LINE('',#3577,#3578);
#3577 = CARTESIAN_POINT('',(-3.14159265359,0.));
#3578 = VECTOR('',#3579,1.);
#3579 = DIRECTION('',(0.,1.));
#3580 = ( GEOMETRIC_REPRESENTATION_CONTEXT(2) 
PARAMETRIC_REPRESENTATION_CONTEXT() REPRESENTATION_CONTEXT('2D SPACE',''
  ) );
#3581 = ORIENTED_EDGE('',*,*,#696,.F.);
#3582 = ORIENTED_EDGE('',*,*,#568,.F.);
#3583 = ORIENTED_EDGE('',*,*,#3561,.F.);
#3584 = ORIENTED_EDGE('',*,*,#442,.F.);
#3585 = ORIENTED_EDGE('',*,*,#309,.F.);
#3586 = ADVANCED_FACE('',(#3587),#3601,.F.);
#3587 = FACE_BOUND('',#3588,.F.);
#3588 = EDGE_LOOP('',(#3589,#3619,#3645,#3646));
#3589 = ORIENTED_EDGE('',*,*,#3590,.T.);
#3590 = EDGE_CURVE('',#3591,#3593,#3595,.T.);
#3591 = VERTEX_POINT('',#3592);
#3592 = CARTESIAN_POINT('',(129.42558288574,0.864122375846,
    23.906413836785));
#3593 = VERTEX_POINT('',#3594);
#3594 = CARTESIAN_POINT('',(129.42558288574,0.864122375846,
    26.906413836785));
#3595 = SEAM_CURVE('',#3596,(#3600,#3612),.PCURVE_S1.);
#3596 = LINE('',#3597,#3598);
#3597 = CARTESIAN_POINT('',(129.42558288574,0.864122375846,
    31.406413836785));
#3598 = VECTOR('',#3599,1.);
#3599 = DIRECTION('',(0.,0.,1.));
#3600 = PCURVE('',#3601,#3606);
#3601 = CYLINDRICAL_SURFACE('',#3602,0.875);
#3602 = AXIS2_PLACEMENT_3D('',#3603,#3604,#3605);
#3603 = CARTESIAN_POINT('',(129.42558288574,-1.087762415406E-02,
    31.406413836785));
#3604 = DIRECTION('',(0.,0.,1.));
#3605 = DIRECTION('',(2.22044604925E-16,-1.,0.));
#3606 = DEFINITIONAL_REPRESENTATION('',(#3607),#3611);
#3607 = LINE('',#3608,#3609);
#3608 = CARTESIAN_POINT('',(9.424777960769,0.));
#3609 = VECTOR('',#3610,1.);
#3610 = DIRECTION('',(0.,1.));
#3611 = ( GEOMETRIC_REPRESENTATION_CONTEXT(2) 
PARAMETRIC_REPRESENTATION_CONTEXT() REPRESENTATION_CONTEXT('2D SPACE',''
  ) );
#3612 = PCURVE('',#3601,#3613);
#3613 = DEFINITIONAL_REPRESENTATION('',(#3614),#3618);
#3614 = LINE('',#3615,#3616);
#3615 = CARTESIAN_POINT('',(3.14159265359,0.));
#3616 = VECTOR('',#3617,1.);
#3617 = DIRECTION('',(0.,1.));
#3618 = ( GEOMETRIC_REPRESENTATION_CONTEXT(2) 
PARAMETRIC_REPRESENTATION_CONTEXT() REPRESENTATION_CONTEXT('2D SPACE',''
  ) );
#3619 = ORIENTED_EDGE('',*,*,#3620,.T.);
#3620 = EDGE_CURVE('',#3593,#3593,#3621,.T.);
#3621 = SURFACE_CURVE('',#3622,(#3627,#3634),.PCURVE_S1.);
#3622 = CIRCLE('',#3623,0.875);
#3623 = AXIS2_PLACEMENT_3D('',#3624,#3625,#3626);
#3624 = CARTESIAN_POINT('',(129.42558288574,-1.087762415406E-02,
    26.906413836785));
#3625 = DIRECTION('',(0.,0.,-1.));
#3626 = DIRECTION('',(2.22044604925E-16,-1.,0.));
#3627 = PCURVE('',#3601,#3628);
#3628 = DEFINITIONAL_REPRESENTATION('',(#3629),#3633);
#3629 = LINE('',#3630,#3631);
#3630 = CARTESIAN_POINT('',(12.566370614359,-4.5));
#3631 = VECTOR('',#3632,1.);
#3632 = DIRECTION('',(-1.,0.));
#3633 = ( GEOMETRIC_REPRESENTATION_CONTEXT(2) 
PARAMETRIC_REPRESENTATION_CONTEXT() REPRESENTATION_CONTEXT('2D SPACE',''
  ) );
#3634 = PCURVE('',#846,#3635);
#3635 = DEFINITIONAL_REPRESENTATION('',(#3636),#3644);
#3636 = ( BOUNDED_CURVE() B_SPLINE_CURVE(2,(#3637,#3638,#3639,#3640,
#3641,#3642,#3643),.UNSPECIFIED.,.T.,.F.) B_SPLINE_CURVE_WITH_KNOTS((1,2
    ,2,2,2,1),(-2.094395102393,0.,2.094395102393,4.188790204786,
6.28318530718,8.377580409573),.UNSPECIFIED.) CURVE() 
GEOMETRIC_REPRESENTATION_ITEM() RATIONAL_B_SPLINE_CURVE((1.,0.5,1.,0.5,
1.,0.5,1.)) REPRESENTATION_ITEM('') );
#3637 = CARTESIAN_POINT('',(-5.410877624154,-71.42558288574));
#3638 = CARTESIAN_POINT('',(-5.410877624154,-69.91003842911));
#3639 = CARTESIAN_POINT('',(-4.098377624154,-70.66781065743));
#3640 = CARTESIAN_POINT('',(-2.785877624154,-71.42558288574));
#3641 = CARTESIAN_POINT('',(-4.098377624154,-72.18335511405));
#3642 = CARTESIAN_POINT('',(-5.410877624154,-72.94112734236));
#3643 = CARTESIAN_POINT('',(-5.410877624154,-71.42558288574));
#3644 = ( GEOMETRIC_REPRESENTATION_CONTEXT(2) 
PARAMETRIC_REPRESENTATION_CONTEXT() REPRESENTATION_CONTEXT('2D SPACE',''
  ) );
#3645 = ORIENTED_EDGE('',*,*,#3590,.F.);
#3646 = ORIENTED_EDGE('',*,*,#3647,.T.);
#3647 = EDGE_CURVE('',#3591,#3591,#3648,.T.);
#3648 = SURFACE_CURVE('',#3649,(#3654,#3661),.PCURVE_S1.);
#3649 = CIRCLE('',#3650,0.875);
#3650 = AXIS2_PLACEMENT_3D('',#3651,#3652,#3653);
#3651 = CARTESIAN_POINT('',(129.42558288574,-1.087762415406E-02,
    23.906413836785));
#3652 = DIRECTION('',(0.,0.,1.));
#3653 = DIRECTION('',(2.22044604925E-16,-1.,0.));
#3654 = PCURVE('',#3601,#3655);
#3655 = DEFINITIONAL_REPRESENTATION('',(#3656),#3660);
#3656 = LINE('',#3657,#3658);
#3657 = CARTESIAN_POINT('',(0.,-7.5));
#3658 = VECTOR('',#3659,1.);
#3659 = DIRECTION('',(1.,0.));
#3660 = ( GEOMETRIC_REPRESENTATION_CONTEXT(2) 
PARAMETRIC_REPRESENTATION_CONTEXT() REPRESENTATION_CONTEXT('2D SPACE',''
  ) );
#3661 = PCURVE('',#3662,#3667);
#3662 = PLANE('',#3663);
#3663 = AXIS2_PLACEMENT_3D('',#3664,#3665,#3666);
#3664 = CARTESIAN_POINT('',(56.,-4.525,23.906413836785));
#3665 = DIRECTION('',(0.,0.,-1.));
#3666 = DIRECTION('',(-2.22044604925E-16,1.,0.));
#3667 = DEFINITIONAL_REPRESENTATION('',(#3668),#3676);
#3668 = ( BOUNDED_CURVE() B_SPLINE_CURVE(2,(#3669,#3670,#3671,#3672,
#3673,#3674,#3675),.UNSPECIFIED.,.T.,.F.) B_SPLINE_CURVE_WITH_KNOTS((1,2
    ,2,2,2,1),(-2.094395102393,0.,2.094395102393,4.188790204786,
6.28318530718,8.377580409573),.UNSPECIFIED.) CURVE() 
GEOMETRIC_REPRESENTATION_ITEM() RATIONAL_B_SPLINE_CURVE((1.,0.5,1.,0.5,
1.,0.5,1.)) REPRESENTATION_ITEM('') );
#3669 = CARTESIAN_POINT('',(3.639122375846,73.425582885742));
#3670 = CARTESIAN_POINT('',(3.639122375846,74.941127342365));
#3671 = CARTESIAN_POINT('',(4.951622375846,74.183355114053));
#3672 = CARTESIAN_POINT('',(6.264122375846,73.425582885742));
#3673 = CARTESIAN_POINT('',(4.951622375846,72.667810657431));
#3674 = CARTESIAN_POINT('',(3.639122375846,71.910038429119));
#3675 = CARTESIAN_POINT('',(3.639122375846,73.425582885742));
#3676 = ( GEOMETRIC_REPRESENTATION_CONTEXT(2) 
PARAMETRIC_REPRESENTATION_CONTEXT() REPRESENTATION_CONTEXT('2D SPACE',''
  ) );
#3677 = ADVANCED_FACE('',(#3678),#3692,.T.);
#3678 = FACE_BOUND('',#3679,.T.);
#3679 = EDGE_LOOP('',(#3680,#3710,#3738,#3766));
#3680 = ORIENTED_EDGE('',*,*,#3681,.F.);
#3681 = EDGE_CURVE('',#3682,#3684,#3686,.T.);
#3682 = VERTEX_POINT('',#3683);
#3683 = CARTESIAN_POINT('',(113.40624249469,-1.157657527804E-02,
    23.906413836785));
#3684 = VERTEX_POINT('',#3685);
#3685 = CARTESIAN_POINT('',(116.29123816193,-2.896572242519,
    23.906413836785));
#3686 = SURFACE_CURVE('',#3687,(#3691,#3703),.PCURVE_S1.);
#3687 = LINE('',#3688,#3689);
#3688 = CARTESIAN_POINT('',(101.62553556081,11.769130358593,
    23.906413836785));
#3689 = VECTOR('',#3690,1.);
#3690 = DIRECTION('',(0.707106781187,-0.707106781187,0.));
#3691 = PCURVE('',#3692,#3697);
#3692 = PLANE('',#3693);
#3693 = AXIS2_PLACEMENT_3D('',#3694,#3695,#3696);
#3694 = CARTESIAN_POINT('',(116.29123816193,-2.896572242519,
    23.906413836785));
#3695 = DIRECTION('',(-0.707106781187,-0.707106781187,0.));
#3696 = DIRECTION('',(-0.707106781187,0.707106781187,0.));
#3697 = DEFINITIONAL_REPRESENTATION('',(#3698),#3702);
#3698 = LINE('',#3699,#3700);
#3699 = CARTESIAN_POINT('',(20.740435520224,0.));
#3700 = VECTOR('',#3701,1.);
#3701 = DIRECTION('',(-1.,-0.));
#3702 = ( GEOMETRIC_REPRESENTATION_CONTEXT(2) 
PARAMETRIC_REPRESENTATION_CONTEXT() REPRESENTATION_CONTEXT('2D SPACE',''
  ) );
#3703 = PCURVE('',#3662,#3704);
#3704 = DEFINITIONAL_REPRESENTATION('',(#3705),#3709);
#3705 = LINE('',#3706,#3707);
#3706 = CARTESIAN_POINT('',(16.294130358593,45.625535560818));
#3707 = VECTOR('',#3708,1.);
#3708 = DIRECTION('',(-0.707106781187,0.707106781187));
#3709 = ( GEOMETRIC_REPRESENTATION_CONTEXT(2) 
PARAMETRIC_REPRESENTATION_CONTEXT() REPRESENTATION_CONTEXT('2D SPACE',''
  ) );
#3710 = ORIENTED_EDGE('',*,*,#3711,.F.);
#3711 = EDGE_CURVE('',#3712,#3682,#3714,.T.);
#3712 = VERTEX_POINT('',#3713);
#3713 = CARTESIAN_POINT('',(113.40624249469,-1.157657527804E-02,
    22.406413836785));
#3714 = SURFACE_CURVE('',#3715,(#3719,#3726),.PCURVE_S1.);
#3715 = LINE('',#3716,#3717);
#3716 = CARTESIAN_POINT('',(113.40624249469,-1.157657527804E-02,
    23.906413836785));
#3717 = VECTOR('',#3718,1.);
#3718 = DIRECTION('',(0.,0.,1.));
#3719 = PCURVE('',#3692,#3720);
#3720 = DEFINITIONAL_REPRESENTATION('',(#3721),#3725);
#3721 = LINE('',#3722,#3723);
#3722 = CARTESIAN_POINT('',(4.08,0.));
#3723 = VECTOR('',#3724,1.);
#3724 = DIRECTION('',(0.,-1.));
#3725 = ( GEOMETRIC_REPRESENTATION_CONTEXT(2) 
PARAMETRIC_REPRESENTATION_CONTEXT() REPRESENTATION_CONTEXT('2D SPACE',''
  ) );
#3726 = PCURVE('',#3727,#3732);
#3727 = PLANE('',#3728);
#3728 = AXIS2_PLACEMENT_3D('',#3729,#3730,#3731);
#3729 = CARTESIAN_POINT('',(113.33553181657,-8.228725339669E-02,
    23.906413836785));
#3730 = DIRECTION('',(-0.707106781187,0.707106781187,0.));
#3731 = DIRECTION('',(0.707106781187,0.707106781187,0.));
#3732 = DEFINITIONAL_REPRESENTATION('',(#3733),#3737);
#3733 = LINE('',#3734,#3735);
#3734 = CARTESIAN_POINT('',(0.1,0.));
#3735 = VECTOR('',#3736,1.);
#3736 = DIRECTION('',(0.,-1.));
#3737 = ( GEOMETRIC_REPRESENTATION_CONTEXT(2) 
PARAMETRIC_REPRESENTATION_CONTEXT() REPRESENTATION_CONTEXT('2D SPACE',''
  ) );
#3738 = ORIENTED_EDGE('',*,*,#3739,.T.);
#3739 = EDGE_CURVE('',#3712,#3740,#3742,.T.);
#3740 = VERTEX_POINT('',#3741);
#3741 = CARTESIAN_POINT('',(116.29123816193,-2.896572242519,
    22.406413836785));
#3742 = SURFACE_CURVE('',#3743,(#3747,#3754),.PCURVE_S1.);
#3743 = LINE('',#3744,#3745);
#3744 = CARTESIAN_POINT('',(115.68489409706,-2.290228177652,
    22.406413836785));
#3745 = VECTOR('',#3746,1.);
#3746 = DIRECTION('',(0.707106781187,-0.707106781187,0.));
#3747 = PCURVE('',#3692,#3748);
#3748 = DEFINITIONAL_REPRESENTATION('',(#3749),#3753);
#3749 = LINE('',#3750,#3751);
#3750 = CARTESIAN_POINT('',(0.8575,1.5));
#3751 = VECTOR('',#3752,1.);
#3752 = DIRECTION('',(-1.,-0.));
#3753 = ( GEOMETRIC_REPRESENTATION_CONTEXT(2) 
PARAMETRIC_REPRESENTATION_CONTEXT() REPRESENTATION_CONTEXT('2D SPACE',''
  ) );
#3754 = PCURVE('',#3755,#3760);
#3755 = PLANE('',#3756);
#3756 = AXIS2_PLACEMENT_3D('',#3757,#3758,#3759);
#3757 = CARTESIAN_POINT('',(116.7508575697,-1.157657527803E-02,
    22.406413836785));
#3758 = DIRECTION('',(0.,0.,-1.));
#3759 = DIRECTION('',(-2.22044604925E-16,1.,0.));
#3760 = DEFINITIONAL_REPRESENTATION('',(#3761),#3765);
#3761 = LINE('',#3762,#3763);
#3762 = CARTESIAN_POINT('',(-2.278651602374,-1.065963472638));
#3763 = VECTOR('',#3764,1.);
#3764 = DIRECTION('',(-0.707106781187,0.707106781187));
#3765 = ( GEOMETRIC_REPRESENTATION_CONTEXT(2) 
PARAMETRIC_REPRESENTATION_CONTEXT() REPRESENTATION_CONTEXT('2D SPACE',''
  ) );
#3766 = ORIENTED_EDGE('',*,*,#3767,.F.);
#3767 = EDGE_CURVE('',#3684,#3740,#3768,.T.);
#3768 = SURFACE_CURVE('',#3769,(#3773,#3780),.PCURVE_S1.);
#3769 = LINE('',#3770,#3771);
#3770 = CARTESIAN_POINT('',(116.29123816193,-2.896572242519,
    23.906413836785));
#3771 = VECTOR('',#3772,1.);
#3772 = DIRECTION('',(0.,0.,-1.));
#3773 = PCURVE('',#3692,#3774);
#3774 = DEFINITIONAL_REPRESENTATION('',(#3775),#3779);
#3775 = LINE('',#3776,#3777);
#3776 = CARTESIAN_POINT('',(0.,0.));
#3777 = VECTOR('',#3778,1.);
#3778 = DIRECTION('',(0.,1.));
#3779 = ( GEOMETRIC_REPRESENTATION_CONTEXT(2) 
PARAMETRIC_REPRESENTATION_CONTEXT() REPRESENTATION_CONTEXT('2D SPACE',''
  ) );
#3780 = PCURVE('',#3781,#3786);
#3781 = CYLINDRICAL_SURFACE('',#3782,0.65);
#3782 = AXIS2_PLACEMENT_3D('',#3783,#3784,#3785);
#3783 = CARTESIAN_POINT('',(116.7508575697,-2.436952834748,
    23.906413836785));
#3784 = DIRECTION('',(0.,0.,-1.));
#3785 = DIRECTION('',(0.707106781187,-0.707106781187,0.));
#3786 = DEFINITIONAL_REPRESENTATION('',(#3787),#3791);
#3787 = LINE('',#3788,#3789);
#3788 = CARTESIAN_POINT('',(1.570796326795,0.));
#3789 = VECTOR('',#3790,1.);
#3790 = DIRECTION('',(0.,1.));
#3791 = ( GEOMETRIC_REPRESENTATION_CONTEXT(2) 
PARAMETRIC_REPRESENTATION_CONTEXT() REPRESENTATION_CONTEXT('2D SPACE',''
  ) );
#3792 = ADVANCED_FACE('',(#3793),#3781,.T.);
#3793 = FACE_BOUND('',#3794,.T.);
#3794 = EDGE_LOOP('',(#3795,#3823,#3824,#3852));
#3795 = ORIENTED_EDGE('',*,*,#3796,.F.);
#3796 = EDGE_CURVE('',#3684,#3797,#3799,.T.);
#3797 = VERTEX_POINT('',#3798);
#3798 = CARTESIAN_POINT('',(117.21047697747,-2.896572242519,
    23.906413836785));
#3799 = SURFACE_CURVE('',#3800,(#3805,#3812),.PCURVE_S1.);
#3800 = CIRCLE('',#3801,0.65);
#3801 = AXIS2_PLACEMENT_3D('',#3802,#3803,#3804);
#3802 = CARTESIAN_POINT('',(116.7508575697,-2.436952834748,
    23.906413836785));
#3803 = DIRECTION('',(0.,0.,1.));
#3804 = DIRECTION('',(0.707106781187,-0.707106781187,0.));
#3805 = PCURVE('',#3781,#3806);
#3806 = DEFINITIONAL_REPRESENTATION('',(#3807),#3811);
#3807 = LINE('',#3808,#3809);
#3808 = CARTESIAN_POINT('',(6.28318530718,0.));
#3809 = VECTOR('',#3810,1.);
#3810 = DIRECTION('',(-1.,0.));
#3811 = ( GEOMETRIC_REPRESENTATION_CONTEXT(2) 
PARAMETRIC_REPRESENTATION_CONTEXT() REPRESENTATION_CONTEXT('2D SPACE',''
  ) );
#3812 = PCURVE('',#3662,#3813);
#3813 = DEFINITIONAL_REPRESENTATION('',(#3814),#3822);
#3814 = ( BOUNDED_CURVE() B_SPLINE_CURVE(2,(#3815,#3816,#3817,#3818,
#3819,#3820,#3821),.UNSPECIFIED.,.T.,.F.) B_SPLINE_CURVE_WITH_KNOTS((1,2
    ,2,2,2,1),(-2.094395102393,0.,2.094395102393,4.188790204786,
6.28318530718,8.377580409573),.UNSPECIFIED.) CURVE() 
GEOMETRIC_REPRESENTATION_ITEM() RATIONAL_B_SPLINE_CURVE((1.,0.5,1.,0.5,
1.,0.5,1.)) REPRESENTATION_ITEM('') );
#3815 = CARTESIAN_POINT('',(1.628427757481,61.210476977473));
#3816 = CARTESIAN_POINT('',(2.424511923885,62.006561143878));
#3817 = CARTESIAN_POINT('',(2.71589895234,60.919089949019));
#3818 = CARTESIAN_POINT('',(3.007285980795,59.831618754159));
#3819 = CARTESIAN_POINT('',(1.919814785935,60.123005782614));
#3820 = CARTESIAN_POINT('',(0.832343591076,60.414392811069));
#3821 = CARTESIAN_POINT('',(1.628427757481,61.210476977473));
#3822 = ( GEOMETRIC_REPRESENTATION_CONTEXT(2) 
PARAMETRIC_REPRESENTATION_CONTEXT() REPRESENTATION_CONTEXT('2D SPACE',''
  ) );
#3823 = ORIENTED_EDGE('',*,*,#3767,.T.);
#3824 = ORIENTED_EDGE('',*,*,#3825,.T.);
#3825 = EDGE_CURVE('',#3740,#3826,#3828,.T.);
#3826 = VERTEX_POINT('',#3827);
#3827 = CARTESIAN_POINT('',(117.21047697747,-2.896572242519,
    22.406413836785));
#3828 = SURFACE_CURVE('',#3829,(#3834,#3841),.PCURVE_S1.);
#3829 = CIRCLE('',#3830,0.65);
#3830 = AXIS2_PLACEMENT_3D('',#3831,#3832,#3833);
#3831 = CARTESIAN_POINT('',(116.7508575697,-2.436952834748,
    22.406413836785));
#3832 = DIRECTION('',(0.,0.,1.));
#3833 = DIRECTION('',(0.707106781187,-0.707106781187,0.));
#3834 = PCURVE('',#3781,#3835);
#3835 = DEFINITIONAL_REPRESENTATION('',(#3836),#3840);
#3836 = LINE('',#3837,#3838);
#3837 = CARTESIAN_POINT('',(6.28318530718,1.5));
#3838 = VECTOR('',#3839,1.);
#3839 = DIRECTION('',(-1.,0.));
#3840 = ( GEOMETRIC_REPRESENTATION_CONTEXT(2) 
PARAMETRIC_REPRESENTATION_CONTEXT() REPRESENTATION_CONTEXT('2D SPACE',''
  ) );
#3841 = PCURVE('',#3755,#3842);
#3842 = DEFINITIONAL_REPRESENTATION('',(#3843),#3851);
#3843 = ( BOUNDED_CURVE() B_SPLINE_CURVE(2,(#3844,#3845,#3846,#3847,
#3848,#3849,#3850),.UNSPECIFIED.,.T.,.F.) B_SPLINE_CURVE_WITH_KNOTS((1,2
    ,2,2,2,1),(-2.094395102393,0.,2.094395102393,4.188790204786,
6.28318530718,8.377580409573),.UNSPECIFIED.) CURVE() 
GEOMETRIC_REPRESENTATION_ITEM() RATIONAL_B_SPLINE_CURVE((1.,0.5,1.,0.5,
1.,0.5,1.)) REPRESENTATION_ITEM('') );
#3844 = CARTESIAN_POINT('',(-2.884995667241,0.459619407771));
#3845 = CARTESIAN_POINT('',(-2.088911500837,1.255703574176));
#3846 = CARTESIAN_POINT('',(-1.797524472382,0.168232379317));
#3847 = CARTESIAN_POINT('',(-1.506137443927,-0.919238815543));
#3848 = CARTESIAN_POINT('',(-2.593608638787,-0.627851787088));
#3849 = CARTESIAN_POINT('',(-3.681079833646,-0.336464758633));
#3850 = CARTESIAN_POINT('',(-2.884995667241,0.459619407771));
#3851 = ( GEOMETRIC_REPRESENTATION_CONTEXT(2) 
PARAMETRIC_REPRESENTATION_CONTEXT() REPRESENTATION_CONTEXT('2D SPACE',''
  ) );
#3852 = ORIENTED_EDGE('',*,*,#3853,.F.);
#3853 = EDGE_CURVE('',#3797,#3826,#3854,.T.);
#3854 = SURFACE_CURVE('',#3855,(#3859,#3866),.PCURVE_S1.);
#3855 = LINE('',#3856,#3857);
#3856 = CARTESIAN_POINT('',(117.21047697747,-2.896572242519,
    23.906413836785));
#3857 = VECTOR('',#3858,1.);
#3858 = DIRECTION('',(0.,0.,-1.));
#3859 = PCURVE('',#3781,#3860);
#3860 = DEFINITIONAL_REPRESENTATION('',(#3861),#3865);
#3861 = LINE('',#3862,#3863);
#3862 = CARTESIAN_POINT('',(0.,0.));
#3863 = VECTOR('',#3864,1.);
#3864 = DIRECTION('',(0.,1.));
#3865 = ( GEOMETRIC_REPRESENTATION_CONTEXT(2) 
PARAMETRIC_REPRESENTATION_CONTEXT() REPRESENTATION_CONTEXT('2D SPACE',''
  ) );
#3866 = PCURVE('',#3867,#3872);
#3867 = PLANE('',#3868);
#3868 = AXIS2_PLACEMENT_3D('',#3869,#3870,#3871);
#3869 = CARTESIAN_POINT('',(120.16618332283,5.913410284061E-02,
    23.906413836785));
#3870 = DIRECTION('',(0.707106781187,-0.707106781187,0.));
#3871 = DIRECTION('',(-0.707106781187,-0.707106781187,0.));
#3872 = DEFINITIONAL_REPRESENTATION('',(#3873),#3877);
#3873 = LINE('',#3874,#3875);
#3874 = CARTESIAN_POINT('',(4.18,0.));
#3875 = VECTOR('',#3876,1.);
#3876 = DIRECTION('',(-0.,1.));
#3877 = ( GEOMETRIC_REPRESENTATION_CONTEXT(2) 
PARAMETRIC_REPRESENTATION_CONTEXT() REPRESENTATION_CONTEXT('2D SPACE',''
  ) );
#3878 = ADVANCED_FACE('',(#3879),#3867,.T.);
#3879 = FACE_BOUND('',#3880,.T.);
#3880 = EDGE_LOOP('',(#3881,#3904,#3905,#3928));
#3881 = ORIENTED_EDGE('',*,*,#3882,.F.);
#3882 = EDGE_CURVE('',#3797,#3883,#3885,.T.);
#3883 = VERTEX_POINT('',#3884);
#3884 = CARTESIAN_POINT('',(120.09547264471,-1.157657527805E-02,
    23.906413836785));
#3885 = SURFACE_CURVE('',#3886,(#3890,#3897),.PCURVE_S1.);
#3886 = LINE('',#3887,#3888);
#3887 = CARTESIAN_POINT('',(102.97860396641,-17.12844525357,
    23.906413836785));
#3888 = VECTOR('',#3889,1.);
#3889 = DIRECTION('',(0.707106781187,0.707106781187,0.));
#3890 = PCURVE('',#3867,#3891);
#3891 = DEFINITIONAL_REPRESENTATION('',(#3892),#3896);
#3892 = LINE('',#3893,#3894);
#3893 = CARTESIAN_POINT('',(24.306907830211,0.));
#3894 = VECTOR('',#3895,1.);
#3895 = DIRECTION('',(-1.,0.));
#3896 = ( GEOMETRIC_REPRESENTATION_CONTEXT(2) 
PARAMETRIC_REPRESENTATION_CONTEXT() REPRESENTATION_CONTEXT('2D SPACE',''
  ) );
#3897 = PCURVE('',#3662,#3898);
#3898 = DEFINITIONAL_REPRESENTATION('',(#3899),#3903);
#3899 = LINE('',#3900,#3901);
#3900 = CARTESIAN_POINT('',(-12.60344525357,46.978603966415));
#3901 = VECTOR('',#3902,1.);
#3902 = DIRECTION('',(0.707106781187,0.707106781187));
#3903 = ( GEOMETRIC_REPRESENTATION_CONTEXT(2) 
PARAMETRIC_REPRESENTATION_CONTEXT() REPRESENTATION_CONTEXT('2D SPACE',''
  ) );
#3904 = ORIENTED_EDGE('',*,*,#3853,.T.);
#3905 = ORIENTED_EDGE('',*,*,#3906,.T.);
#3906 = EDGE_CURVE('',#3826,#3907,#3909,.T.);
#3907 = VERTEX_POINT('',#3908);
#3908 = CARTESIAN_POINT('',(120.09547264471,-1.157657527805E-02,
    22.406413836785));
#3909 = SURFACE_CURVE('',#3910,(#3914,#3921),.PCURVE_S1.);
#3910 = LINE('',#3911,#3912);
#3911 = CARTESIAN_POINT('',(119.29467421502,-0.812375004972,
    22.406413836785));
#3912 = VECTOR('',#3913,1.);
#3913 = DIRECTION('',(0.707106781187,0.707106781187,0.));
#3914 = PCURVE('',#3867,#3915);
#3915 = DEFINITIONAL_REPRESENTATION('',(#3916),#3920);
#3916 = LINE('',#3917,#3918);
#3917 = CARTESIAN_POINT('',(1.2325,1.5));
#3918 = VECTOR('',#3919,1.);
#3919 = DIRECTION('',(-1.,0.));
#3920 = ( GEOMETRIC_REPRESENTATION_CONTEXT(2) 
PARAMETRIC_REPRESENTATION_CONTEXT() REPRESENTATION_CONTEXT('2D SPACE',''
  ) );
#3921 = PCURVE('',#3755,#3922);
#3922 = DEFINITIONAL_REPRESENTATION('',(#3923),#3927);
#3923 = LINE('',#3924,#3925);
#3924 = CARTESIAN_POINT('',(-0.800798429694,2.543816645319));
#3925 = VECTOR('',#3926,1.);
#3926 = DIRECTION('',(0.707106781187,0.707106781187));
#3927 = ( GEOMETRIC_REPRESENTATION_CONTEXT(2) 
PARAMETRIC_REPRESENTATION_CONTEXT() REPRESENTATION_CONTEXT('2D SPACE',''
  ) );
#3928 = ORIENTED_EDGE('',*,*,#3929,.F.);
#3929 = EDGE_CURVE('',#3883,#3907,#3930,.T.);
#3930 = SURFACE_CURVE('',#3931,(#3935,#3942),.PCURVE_S1.);
#3931 = LINE('',#3932,#3933);
#3932 = CARTESIAN_POINT('',(120.09547264471,-1.157657527804E-02,
    23.906413836785));
#3933 = VECTOR('',#3934,1.);
#3934 = DIRECTION('',(0.,0.,-1.));
#3935 = PCURVE('',#3867,#3936);
#3936 = DEFINITIONAL_REPRESENTATION('',(#3937),#3941);
#3937 = LINE('',#3938,#3939);
#3938 = CARTESIAN_POINT('',(9.999999999954E-02,0.));
#3939 = VECTOR('',#3940,1.);
#3940 = DIRECTION('',(-0.,1.));
#3941 = ( GEOMETRIC_REPRESENTATION_CONTEXT(2) 
PARAMETRIC_REPRESENTATION_CONTEXT() REPRESENTATION_CONTEXT('2D SPACE',''
  ) );
#3942 = PCURVE('',#3943,#3948);
#3943 = PLANE('',#3944);
#3944 = AXIS2_PLACEMENT_3D('',#3945,#3946,#3947);
#3945 = CARTESIAN_POINT('',(117.21047697747,2.873419091963,
    23.906413836785));
#3946 = DIRECTION('',(0.707106781187,0.707106781187,0.));
#3947 = DIRECTION('',(0.707106781187,-0.707106781187,0.));
#3948 = DEFINITIONAL_REPRESENTATION('',(#3949),#3953);
#3949 = LINE('',#3950,#3951);
#3950 = CARTESIAN_POINT('',(4.080000000001,0.));
#3951 = VECTOR('',#3952,1.);
#3952 = DIRECTION('',(0.,1.));
#3953 = ( GEOMETRIC_REPRESENTATION_CONTEXT(2) 
PARAMETRIC_REPRESENTATION_CONTEXT() REPRESENTATION_CONTEXT('2D SPACE',''
  ) );
#3954 = ADVANCED_FACE('',(#3955),#3943,.T.);
#3955 = FACE_BOUND('',#3956,.T.);
#3956 = EDGE_LOOP('',(#3957,#3980,#3981,#4004));
#3957 = ORIENTED_EDGE('',*,*,#3958,.F.);
#3958 = EDGE_CURVE('',#3883,#3959,#3961,.T.);
#3959 = VERTEX_POINT('',#3960);
#3960 = CARTESIAN_POINT('',(117.21047697747,2.873419091963,
    23.906413836785));
#3961 = SURFACE_CURVE('',#3962,(#3966,#3973),.PCURVE_S1.);
#3962 = LINE('',#3963,#3964);
#3963 = CARTESIAN_POINT('',(103.75746250609,16.326433563341,
    23.906413836785));
#3964 = VECTOR('',#3965,1.);
#3965 = DIRECTION('',(-0.707106781187,0.707106781187,0.));
#3966 = PCURVE('',#3943,#3967);
#3967 = DEFINITIONAL_REPRESENTATION('',(#3968),#3972);
#3968 = LINE('',#3969,#3970);
#3969 = CARTESIAN_POINT('',(-19.02543552022,0.));
#3970 = VECTOR('',#3971,1.);
#3971 = DIRECTION('',(-1.,0.));
#3972 = ( GEOMETRIC_REPRESENTATION_CONTEXT(2) 
PARAMETRIC_REPRESENTATION_CONTEXT() REPRESENTATION_CONTEXT('2D SPACE',''
  ) );
#3973 = PCURVE('',#3662,#3974);
#3974 = DEFINITIONAL_REPRESENTATION('',(#3975),#3979);
#3975 = LINE('',#3976,#3977);
#3976 = CARTESIAN_POINT('',(20.851433563341,47.757462506096));
#3977 = VECTOR('',#3978,1.);
#3978 = DIRECTION('',(0.707106781187,-0.707106781187));
#3979 = ( GEOMETRIC_REPRESENTATION_CONTEXT(2) 
PARAMETRIC_REPRESENTATION_CONTEXT() REPRESENTATION_CONTEXT('2D SPACE',''
  ) );
#3980 = ORIENTED_EDGE('',*,*,#3929,.T.);
#3981 = ORIENTED_EDGE('',*,*,#3982,.T.);
#3982 = EDGE_CURVE('',#3907,#3983,#3985,.T.);
#3983 = VERTEX_POINT('',#3984);
#3984 = CARTESIAN_POINT('',(117.21047697747,2.873419091963,
    22.406413836785));
#3985 = SURFACE_CURVE('',#3986,(#3990,#3997),.PCURVE_S1.);
#3986 = LINE('',#3987,#3988);
#3987 = CARTESIAN_POINT('',(117.81682104234,2.267075027096,
    22.406413836785));
#3988 = VECTOR('',#3989,1.);
#3989 = DIRECTION('',(-0.707106781187,0.707106781187,0.));
#3990 = PCURVE('',#3943,#3991);
#3991 = DEFINITIONAL_REPRESENTATION('',(#3992),#3996);
#3992 = LINE('',#3993,#3994);
#3993 = CARTESIAN_POINT('',(0.8575,1.5));
#3994 = VECTOR('',#3995,1.);
#3995 = DIRECTION('',(-1.,0.));
#3996 = ( GEOMETRIC_REPRESENTATION_CONTEXT(2) 
PARAMETRIC_REPRESENTATION_CONTEXT() REPRESENTATION_CONTEXT('2D SPACE',''
  ) );
#3997 = PCURVE('',#3755,#3998);
#3998 = DEFINITIONAL_REPRESENTATION('',(#3999),#4003);
#3999 = LINE('',#4000,#4001);
#4000 = CARTESIAN_POINT('',(2.278651602374,1.065963472639));
#4001 = VECTOR('',#4002,1.);
#4002 = DIRECTION('',(0.707106781187,-0.707106781187));
#4003 = ( GEOMETRIC_REPRESENTATION_CONTEXT(2) 
PARAMETRIC_REPRESENTATION_CONTEXT() REPRESENTATION_CONTEXT('2D SPACE',''
  ) );
#4004 = ORIENTED_EDGE('',*,*,#4005,.F.);
#4005 = EDGE_CURVE('',#3959,#3983,#4006,.T.);
#4006 = SURFACE_CURVE('',#4007,(#4011,#4018),.PCURVE_S1.);
#4007 = LINE('',#4008,#4009);
#4008 = CARTESIAN_POINT('',(117.21047697747,2.873419091963,
    23.906413836785));
#4009 = VECTOR('',#4010,1.);
#4010 = DIRECTION('',(0.,0.,-1.));
#4011 = PCURVE('',#3943,#4012);
#4012 = DEFINITIONAL_REPRESENTATION('',(#4013),#4017);
#4013 = LINE('',#4014,#4015);
#4014 = CARTESIAN_POINT('',(0.,0.));
#4015 = VECTOR('',#4016,1.);
#4016 = DIRECTION('',(0.,1.));
#4017 = ( GEOMETRIC_REPRESENTATION_CONTEXT(2) 
PARAMETRIC_REPRESENTATION_CONTEXT() REPRESENTATION_CONTEXT('2D SPACE',''
  ) );
#4018 = PCURVE('',#4019,#4024);
#4019 = CYLINDRICAL_SURFACE('',#4020,0.65);
#4020 = AXIS2_PLACEMENT_3D('',#4021,#4022,#4023);
#4021 = CARTESIAN_POINT('',(116.7508575697,2.413799684192,
    23.906413836785));
#4022 = DIRECTION('',(0.,0.,-1.));
#4023 = DIRECTION('',(-0.707106781187,0.707106781187,0.));
#4024 = DEFINITIONAL_REPRESENTATION('',(#4025),#4029);
#4025 = LINE('',#4026,#4027);
#4026 = CARTESIAN_POINT('',(1.570796326795,0.));
#4027 = VECTOR('',#4028,1.);
#4028 = DIRECTION('',(0.,1.));
#4029 = ( GEOMETRIC_REPRESENTATION_CONTEXT(2) 
PARAMETRIC_REPRESENTATION_CONTEXT() REPRESENTATION_CONTEXT('2D SPACE',''
  ) );
#4030 = ADVANCED_FACE('',(#4031),#4019,.T.);
#4031 = FACE_BOUND('',#4032,.T.);
#4032 = EDGE_LOOP('',(#4033,#4061,#4062,#4090));
#4033 = ORIENTED_EDGE('',*,*,#4034,.F.);
#4034 = EDGE_CURVE('',#3959,#4035,#4037,.T.);
#4035 = VERTEX_POINT('',#4036);
#4036 = CARTESIAN_POINT('',(116.29123816193,2.873419091963,
    23.906413836785));
#4037 = SURFACE_CURVE('',#4038,(#4043,#4050),.PCURVE_S1.);
#4038 = CIRCLE('',#4039,0.65);
#4039 = AXIS2_PLACEMENT_3D('',#4040,#4041,#4042);
#4040 = CARTESIAN_POINT('',(116.7508575697,2.413799684192,
    23.906413836785));
#4041 = DIRECTION('',(0.,0.,1.));
#4042 = DIRECTION('',(-0.707106781187,0.707106781187,0.));
#4043 = PCURVE('',#4019,#4044);
#4044 = DEFINITIONAL_REPRESENTATION('',(#4045),#4049);
#4045 = LINE('',#4046,#4047);
#4046 = CARTESIAN_POINT('',(6.28318530718,0.));
#4047 = VECTOR('',#4048,1.);
#4048 = DIRECTION('',(-1.,0.));
#4049 = ( GEOMETRIC_REPRESENTATION_CONTEXT(2) 
PARAMETRIC_REPRESENTATION_CONTEXT() REPRESENTATION_CONTEXT('2D SPACE',''
  ) );
#4050 = PCURVE('',#3662,#4051);
#4051 = DEFINITIONAL_REPRESENTATION('',(#4052),#4060);
#4052 = ( BOUNDED_CURVE() B_SPLINE_CURVE(2,(#4053,#4054,#4055,#4056,
#4057,#4058,#4059),.UNSPECIFIED.,.T.,.F.) B_SPLINE_CURVE_WITH_KNOTS((1,2
    ,2,2,2,1),(-2.094395102393,0.,2.094395102393,4.188790204786,
6.28318530718,8.377580409573),.UNSPECIFIED.) CURVE() 
GEOMETRIC_REPRESENTATION_ITEM() RATIONAL_B_SPLINE_CURVE((1.,0.5,1.,0.5,
1.,0.5,1.)) REPRESENTATION_ITEM('') );
#4053 = CARTESIAN_POINT('',(7.398419091963,60.291238161931));
#4054 = CARTESIAN_POINT('',(6.602334925559,59.495153995526));
#4055 = CARTESIAN_POINT('',(6.310947897104,60.582625190385));
#4056 = CARTESIAN_POINT('',(6.019560868649,61.670096385245));
#4057 = CARTESIAN_POINT('',(7.107032063508,61.37870935679));
#4058 = CARTESIAN_POINT('',(8.194503258368,61.087322328335));
#4059 = CARTESIAN_POINT('',(7.398419091963,60.291238161931));
#4060 = ( GEOMETRIC_REPRESENTATION_CONTEXT(2) 
PARAMETRIC_REPRESENTATION_CONTEXT() REPRESENTATION_CONTEXT('2D SPACE',''
  ) );
#4061 = ORIENTED_EDGE('',*,*,#4005,.T.);
#4062 = ORIENTED_EDGE('',*,*,#4063,.T.);
#4063 = EDGE_CURVE('',#3983,#4064,#4066,.T.);
#4064 = VERTEX_POINT('',#4065);
#4065 = CARTESIAN_POINT('',(116.29123816193,2.873419091963,
    22.406413836785));
#4066 = SURFACE_CURVE('',#4067,(#4072,#4079),.PCURVE_S1.);
#4067 = CIRCLE('',#4068,0.65);
#4068 = AXIS2_PLACEMENT_3D('',#4069,#4070,#4071);
#4069 = CARTESIAN_POINT('',(116.7508575697,2.413799684192,
    22.406413836785));
#4070 = DIRECTION('',(0.,0.,1.));
#4071 = DIRECTION('',(-0.707106781187,0.707106781187,0.));
#4072 = PCURVE('',#4019,#4073);
#4073 = DEFINITIONAL_REPRESENTATION('',(#4074),#4078);
#4074 = LINE('',#4075,#4076);
#4075 = CARTESIAN_POINT('',(6.28318530718,1.5));
#4076 = VECTOR('',#4077,1.);
#4077 = DIRECTION('',(-1.,0.));
#4078 = ( GEOMETRIC_REPRESENTATION_CONTEXT(2) 
PARAMETRIC_REPRESENTATION_CONTEXT() REPRESENTATION_CONTEXT('2D SPACE',''
  ) );
#4079 = PCURVE('',#3755,#4080);
#4080 = DEFINITIONAL_REPRESENTATION('',(#4081),#4089);
#4081 = ( BOUNDED_CURVE() B_SPLINE_CURVE(2,(#4082,#4083,#4084,#4085,
#4086,#4087,#4088),.UNSPECIFIED.,.T.,.F.) B_SPLINE_CURVE_WITH_KNOTS((1,2
    ,2,2,2,1),(-2.094395102393,0.,2.094395102393,4.188790204786,
6.28318530718,8.377580409573),.UNSPECIFIED.) CURVE() 
GEOMETRIC_REPRESENTATION_ITEM() RATIONAL_B_SPLINE_CURVE((1.,0.5,1.,0.5,
1.,0.5,1.)) REPRESENTATION_ITEM('') );
#4082 = CARTESIAN_POINT('',(2.884995667241,-0.459619407771));
#4083 = CARTESIAN_POINT('',(2.088911500837,-1.255703574176));
#4084 = CARTESIAN_POINT('',(1.797524472382,-0.168232379317));
#4085 = CARTESIAN_POINT('',(1.506137443927,0.919238815543));
#4086 = CARTESIAN_POINT('',(2.593608638787,0.627851787088));
#4087 = CARTESIAN_POINT('',(3.681079833646,0.336464758633));
#4088 = CARTESIAN_POINT('',(2.884995667241,-0.459619407771));
#4089 = ( GEOMETRIC_REPRESENTATION_CONTEXT(2) 
PARAMETRIC_REPRESENTATION_CONTEXT() REPRESENTATION_CONTEXT('2D SPACE',''
  ) );
#4090 = ORIENTED_EDGE('',*,*,#4091,.F.);
#4091 = EDGE_CURVE('',#4035,#4064,#4092,.T.);
#4092 = SURFACE_CURVE('',#4093,(#4097,#4104),.PCURVE_S1.);
#4093 = LINE('',#4094,#4095);
#4094 = CARTESIAN_POINT('',(116.29123816193,2.873419091963,
    23.906413836785));
#4095 = VECTOR('',#4096,1.);
#4096 = DIRECTION('',(0.,0.,-1.));
#4097 = PCURVE('',#4019,#4098);
#4098 = DEFINITIONAL_REPRESENTATION('',(#4099),#4103);
#4099 = LINE('',#4100,#4101);
#4100 = CARTESIAN_POINT('',(0.,0.));
#4101 = VECTOR('',#4102,1.);
#4102 = DIRECTION('',(0.,1.));
#4103 = ( GEOMETRIC_REPRESENTATION_CONTEXT(2) 
PARAMETRIC_REPRESENTATION_CONTEXT() REPRESENTATION_CONTEXT('2D SPACE',''
  ) );
#4104 = PCURVE('',#3727,#4105);
#4105 = DEFINITIONAL_REPRESENTATION('',(#4106),#4110);
#4106 = LINE('',#4107,#4108);
#4107 = CARTESIAN_POINT('',(4.18,0.));
#4108 = VECTOR('',#4109,1.);
#4109 = DIRECTION('',(0.,1.));
#4110 = ( GEOMETRIC_REPRESENTATION_CONTEXT(2) 
PARAMETRIC_REPRESENTATION_CONTEXT() REPRESENTATION_CONTEXT('2D SPACE',''
  ) );
#4111 = ADVANCED_FACE('',(#4112),#3727,.T.);
#4112 = FACE_BOUND('',#4113,.T.);
#4113 = EDGE_LOOP('',(#4114,#4135,#4136,#4157));
#4114 = ORIENTED_EDGE('',*,*,#4115,.F.);
#4115 = EDGE_CURVE('',#4035,#3682,#4116,.T.);
#4116 = SURFACE_CURVE('',#4117,(#4121,#4128),.PCURVE_S1.);
#4117 = LINE('',#4118,#4119);
#4118 = CARTESIAN_POINT('',(97.890970675778,-15.52684839419,
    23.906413836785));
#4119 = VECTOR('',#4120,1.);
#4120 = DIRECTION('',(-0.707106781187,-0.707106781187,0.));
#4121 = PCURVE('',#3727,#4122);
#4122 = DEFINITIONAL_REPRESENTATION('',(#4123),#4127);
#4123 = LINE('',#4124,#4125);
#4124 = CARTESIAN_POINT('',(-21.84190783021,-0.));
#4125 = VECTOR('',#4126,1.);
#4126 = DIRECTION('',(-1.,-0.));
#4127 = ( GEOMETRIC_REPRESENTATION_CONTEXT(2) 
PARAMETRIC_REPRESENTATION_CONTEXT() REPRESENTATION_CONTEXT('2D SPACE',''
  ) );
#4128 = PCURVE('',#3662,#4129);
#4129 = DEFINITIONAL_REPRESENTATION('',(#4130),#4134);
#4130 = LINE('',#4131,#4132);
#4131 = CARTESIAN_POINT('',(-11.00184839419,41.890970675778));
#4132 = VECTOR('',#4133,1.);
#4133 = DIRECTION('',(-0.707106781187,-0.707106781187));
#4134 = ( GEOMETRIC_REPRESENTATION_CONTEXT(2) 
PARAMETRIC_REPRESENTATION_CONTEXT() REPRESENTATION_CONTEXT('2D SPACE',''
  ) );
#4135 = ORIENTED_EDGE('',*,*,#4091,.T.);
#4136 = ORIENTED_EDGE('',*,*,#4137,.T.);
#4137 = EDGE_CURVE('',#4064,#3712,#4138,.T.);
#4138 = SURFACE_CURVE('',#4139,(#4143,#4150),.PCURVE_S1.);
#4139 = LINE('',#4140,#4141);
#4140 = CARTESIAN_POINT('',(114.20704092438,0.789221854416,
    22.406413836785));
#4141 = VECTOR('',#4142,1.);
#4142 = DIRECTION('',(-0.707106781187,-0.707106781187,0.));
#4143 = PCURVE('',#3727,#4144);
#4144 = DEFINITIONAL_REPRESENTATION('',(#4145),#4149);
#4145 = LINE('',#4146,#4147);
#4146 = CARTESIAN_POINT('',(1.2325,1.5));
#4147 = VECTOR('',#4148,1.);
#4148 = DIRECTION('',(-1.,-0.));
#4149 = ( GEOMETRIC_REPRESENTATION_CONTEXT(2) 
PARAMETRIC_REPRESENTATION_CONTEXT() REPRESENTATION_CONTEXT('2D SPACE',''
  ) );
#4150 = PCURVE('',#3755,#4151);
#4151 = DEFINITIONAL_REPRESENTATION('',(#4152),#4156);
#4152 = LINE('',#4153,#4154);
#4153 = CARTESIAN_POINT('',(0.800798429694,-2.543816645318));
#4154 = VECTOR('',#4155,1.);
#4155 = DIRECTION('',(-0.707106781187,-0.707106781187));
#4156 = ( GEOMETRIC_REPRESENTATION_CONTEXT(2) 
PARAMETRIC_REPRESENTATION_CONTEXT() REPRESENTATION_CONTEXT('2D SPACE',''
  ) );
#4157 = ORIENTED_EDGE('',*,*,#3711,.T.);
#4158 = ADVANCED_FACE('',(#4159),#3755,.T.);
#4159 = FACE_BOUND('',#4160,.T.);
#4160 = EDGE_LOOP('',(#4161,#4162,#4163,#4164,#4165,#4166));
#4161 = ORIENTED_EDGE('',*,*,#4137,.F.);
#4162 = ORIENTED_EDGE('',*,*,#4063,.F.);
#4163 = ORIENTED_EDGE('',*,*,#3982,.F.);
#4164 = ORIENTED_EDGE('',*,*,#3906,.F.);
#4165 = ORIENTED_EDGE('',*,*,#3825,.F.);
#4166 = ORIENTED_EDGE('',*,*,#3739,.F.);
#4167 = ADVANCED_FACE('',(#4168),#172,.T.);
#4168 = FACE_BOUND('',#4169,.T.);
#4169 = EDGE_LOOP('',(#4170,#4221,#4222,#4277));
#4170 = ORIENTED_EDGE('',*,*,#4171,.T.);
#4171 = EDGE_CURVE('',#4172,#126,#4174,.T.);
#4172 = VERTEX_POINT('',#4173);
#4173 = CARTESIAN_POINT('',(63.174872918644,-3.525,23.906413836785));
#4174 = SURFACE_CURVE('',#4175,(#4182,#4211),.PCURVE_S1.);
#4175 = B_SPLINE_CURVE_WITH_KNOTS('',3,(#4176,#4177,#4178,#4179,#4180,
    #4181),.UNSPECIFIED.,.F.,.F.,(4,2,4),(0.,0.399145976516,
    0.787317692749),.UNSPECIFIED.);
#4176 = CARTESIAN_POINT('',(63.174872918644,-3.525,23.906413836785));
#4177 = CARTESIAN_POINT('',(61.844386330255,-3.525,23.906413836785));
#4178 = CARTESIAN_POINT('',(60.519809592236,-3.385604495456,
    23.767018332241));
#4179 = CARTESIAN_POINT('',(58.02270007757,-2.820927927165,
    23.20234176395));
#4180 = CARTESIAN_POINT('',(57.099581270481,-2.460484283283,
    22.841898120068));
#4181 = CARTESIAN_POINT('',(56.481476268306,-2.18294272619,
    22.564356562975));
#4182 = PCURVE('',#172,#4183);
#4183 = DEFINITIONAL_REPRESENTATION('',(#4184),#4210);
#4184 = B_SPLINE_CURVE_WITH_KNOTS('',3,(#4185,#4186,#4187,#4188,#4189,
    #4190,#4191,#4192,#4193,#4194,#4195,#4196,#4197,#4198,#4199,#4200,
    #4201,#4202,#4203,#4204,#4205,#4206,#4207,#4208,#4209),
  .UNSPECIFIED.,.F.,.F.,(4,1,1,1,1,1,1,1,1,1,1,1,1,1,1,1,1,1,1,1,1,1,4),
  (0.,3.578716785221E-02,7.157433570442E-02,0.107361503557,
    0.143148671409,0.178935839261,0.214723007113,0.250510174965,
    0.286297342818,0.32208451067,0.357871678522,0.393658846374,
    0.429446014227,0.465233182079,0.501020349931,0.536807517783,
    0.572594685635,0.608381853488,0.64416902134,0.679956189192,
    0.715743357044,0.751530524896,0.787317692749),
  .QUASI_UNIFORM_KNOTS.);
#4185 = CARTESIAN_POINT('',(1.000094346859,-4.952601943189));
#4186 = CARTESIAN_POINT('',(0.985872226083,-4.948709038515));
#4187 = CARTESIAN_POINT('',(0.957171713807,-4.940879739281));
#4188 = CARTESIAN_POINT('',(0.91390809855,-4.928990073612));
#4189 = CARTESIAN_POINT('',(0.870422070745,-4.916940191012));
#4190 = CARTESIAN_POINT('',(0.826702139252,-4.904712558631));
#4191 = CARTESIAN_POINT('',(0.782735292416,-4.89228692932));
#4192 = CARTESIAN_POINT('',(0.738506989467,-4.879639438822));
#4193 = CARTESIAN_POINT('',(0.693999713315,-4.866741266897));
#4194 = CARTESIAN_POINT('',(0.649197389206,-4.853558730284));
#4195 = CARTESIAN_POINT('',(0.604067343736,-4.840045915018));
#4196 = CARTESIAN_POINT('',(0.558625601559,-4.826162590313));
#4197 = CARTESIAN_POINT('',(0.512690345755,-4.811793841854));
#4198 = CARTESIAN_POINT('',(0.466797946529,-4.797030565543));
#4199 = CARTESIAN_POINT('',(0.422563405032,-4.782337824544));
#4200 = CARTESIAN_POINT('',(0.379618200367,-4.76754521839));
#4201 = CARTESIAN_POINT('',(0.338099070337,-4.752630503602));
#4202 = CARTESIAN_POINT('',(0.298013028371,-4.737517009457));
#4203 = CARTESIAN_POINT('',(0.25940627477,-4.7221238278));
#4204 = CARTESIAN_POINT('',(0.222317325206,-4.706346327416));
#4205 = CARTESIAN_POINT('',(0.186787667645,-4.690054113668));
#4206 = CARTESIAN_POINT('',(0.15285554417,-4.673075781712));
#4207 = CARTESIAN_POINT('',(0.120555674465,-4.655197875245));
#4208 = CARTESIAN_POINT('',(0.100122074568,-4.642455331127));
#4209 = CARTESIAN_POINT('',(9.018388911576E-02,-4.635827869626));
#4210 = ( GEOMETRIC_REPRESENTATION_CONTEXT(2) 
PARAMETRIC_REPRESENTATION_CONTEXT() REPRESENTATION_CONTEXT('2D SPACE',''
  ) );
#4211 = PCURVE('',#246,#4212);
#4212 = DEFINITIONAL_REPRESENTATION('',(#4213),#4220);
#4213 = B_SPLINE_CURVE_WITH_KNOTS('',3,(#4214,#4215,#4216,#4217,#4218,
    #4219),.UNSPECIFIED.,.F.,.F.,(4,2,4),(0.,0.399145976516,
    0.787317692749),.UNSPECIFIED.);
#4214 = CARTESIAN_POINT('',(-0.707106781187,-7.174872918644));
#4215 = CARTESIAN_POINT('',(-0.707106781187,-5.844386330255));
#4216 = CARTESIAN_POINT('',(-0.904241794247,-4.519809592236));
#4217 = CARTESIAN_POINT('',(-1.702815055478,-2.02270007757));
#4218 = CARTESIAN_POINT('',(-2.212559345127,-1.099581270481));
#4219 = CARTESIAN_POINT('',(-2.605062379291,-0.481476268306));
#4220 = ( GEOMETRIC_REPRESENTATION_CONTEXT(2) 
PARAMETRIC_REPRESENTATION_CONTEXT() REPRESENTATION_CONTEXT('2D SPACE',''
  ) );
#4221 = ORIENTED_EDGE('',*,*,#125,.F.);
#4222 = ORIENTED_EDGE('',*,*,#4223,.T.);
#4223 = EDGE_CURVE('',#98,#4224,#4226,.T.);
#4224 = VERTEX_POINT('',#4225);
#4225 = CARTESIAN_POINT('',(63.174872918644,3.525,23.906413836785));
#4226 = SURFACE_CURVE('',#4227,(#4236,#4265),.PCURVE_S1.);
#4227 = B_SPLINE_CURVE_WITH_KNOTS('',3,(#4228,#4229,#4230,#4231,#4232,
    #4233,#4234,#4235),.UNSPECIFIED.,.F.,.F.,(4,2,2,4),(
    4.74558741978E-02,9.393117495866E-02,0.263465649308,0.445846987659),
  .UNSPECIFIED.);
#4228 = CARTESIAN_POINT('',(56.481476268311,2.182942726192,
    22.564356562977));
#4229 = CARTESIAN_POINT('',(56.668292033746,2.266826756002,
    22.648240592788));
#4230 = CARTESIAN_POINT('',(56.883969755315,2.35874192353,
    22.740155760315));
#4231 = CARTESIAN_POINT('',(58.018416335722,2.800296024902,
    23.181709861687));
#4232 = CARTESIAN_POINT('',(58.964262116494,3.061917298652,
    23.443331135438));
#4233 = CARTESIAN_POINT('',(60.999093817573,3.431533920226,
    23.812947757011));
#4234 = CARTESIAN_POINT('',(62.085408299683,3.525,23.906413836785));
#4235 = CARTESIAN_POINT('',(63.174872918644,3.525,23.906413836785));
#4236 = PCURVE('',#172,#4237);
#4237 = DEFINITIONAL_REPRESENTATION('',(#4238),#4264);
#4238 = B_SPLINE_CURVE_WITH_KNOTS('',3,(#4239,#4240,#4241,#4242,#4243,
    #4244,#4245,#4246,#4247,#4248,#4249,#4250,#4251,#4252,#4253,#4254,
    #4255,#4256,#4257,#4258,#4259,#4260,#4261,#4262,#4263),
  .UNSPECIFIED.,.F.,.F.,(4,1,1,1,1,1,1,1,1,1,1,1,1,1,1,1,1,1,1,1,1,1,4),
  (4.74558741978E-02,6.556456117332E-02,8.367324814883E-02,
    0.101781935124,0.1198906221,0.137999309075,0.156107996051,
    0.174216683026,0.192325370002,0.210434056977,0.228542743953,
    0.246651430928,0.264760117904,0.282868804879,0.300977491855,
    0.319086178831,0.337194865806,0.355303552782,0.373412239757,
    0.391520926733,0.409629613708,0.427738300684,0.445846987659),
  .UNSPECIFIED.);
#4239 = CARTESIAN_POINT('',(9.018388911664E-02,-5.985377800623));
#4240 = CARTESIAN_POINT('',(0.102841623122,-5.976967544813));
#4241 = CARTESIAN_POINT('',(0.12926639246,-5.960858557701));
#4242 = CARTESIAN_POINT('',(0.171475455695,-5.938592060448));
#4243 = CARTESIAN_POINT('',(0.216845452253,-5.917365468585));
#4244 = CARTESIAN_POINT('',(0.261257840268,-5.898489911783));
#4245 = CARTESIAN_POINT('',(0.30510624825,-5.881165956468));
#4246 = CARTESIAN_POINT('',(0.34842454428,-5.86504186795));
#4247 = CARTESIAN_POINT('',(0.391302554098,-5.849835467153));
#4248 = CARTESIAN_POINT('',(0.433790418524,-5.835360558658));
#4249 = CARTESIAN_POINT('',(0.47593254031,-5.821478496761));
#4250 = CARTESIAN_POINT('',(0.517764980455,-5.80808629298));
#4251 = CARTESIAN_POINT('',(0.559314219911,-5.795106259777));
#4252 = CARTESIAN_POINT('',(0.60061859872,-5.782473066415));
#4253 = CARTESIAN_POINT('',(0.64165182817,-5.770153224636));
#4254 = CARTESIAN_POINT('',(0.682403335312,-5.758114811065));
#4255 = CARTESIAN_POINT('',(0.722898493296,-5.746321637108));
#4256 = CARTESIAN_POINT('',(0.763150458769,-5.734746583797));
#4257 = CARTESIAN_POINT('',(0.803173453695,-5.723366250828));
#4258 = CARTESIAN_POINT('',(0.842979486862,-5.712161074272));
#4259 = CARTESIAN_POINT('',(0.882579457076,-5.701114289857));
#4260 = CARTESIAN_POINT('',(0.921982997682,-5.690211492915));
#4261 = CARTESIAN_POINT('',(0.961198765642,-5.679440013913));
#4262 = CARTESIAN_POINT('',(0.987222295759,-5.67233947462));
#4263 = CARTESIAN_POINT('',(1.000102631644,-5.668807483209));
#4264 = ( GEOMETRIC_REPRESENTATION_CONTEXT(2) 
PARAMETRIC_REPRESENTATION_CONTEXT() REPRESENTATION_CONTEXT('2D SPACE',''
  ) );
#4265 = PCURVE('',#113,#4266);
#4266 = DEFINITIONAL_REPRESENTATION('',(#4267),#4276);
#4267 = B_SPLINE_CURVE_WITH_KNOTS('',3,(#4268,#4269,#4270,#4271,#4272,
    #4273,#4274,#4275),.UNSPECIFIED.,.F.,.F.,(4,2,2,4),(
    4.74558741978E-02,9.393117495866E-02,0.263465649308,0.445846987659),
  .UNSPECIFIED.);
#4268 = CARTESIAN_POINT('',(2.605062379287,-0.481476268311));
#4269 = CARTESIAN_POINT('',(2.486432446663,-0.668292033746));
#4270 = CARTESIAN_POINT('',(2.356444770158,-0.883969755315));
#4271 = CARTESIAN_POINT('',(1.731992971476,-2.018416335722));
#4272 = CARTESIAN_POINT('',(1.362004617933,-2.964262116494));
#4273 = CARTESIAN_POINT('',(0.839287778825,-4.999093817573));
#4274 = CARTESIAN_POINT('',(0.707106781187,-6.085408299683));
#4275 = CARTESIAN_POINT('',(0.707106781187,-7.174872918644));
#4276 = ( GEOMETRIC_REPRESENTATION_CONTEXT(2) 
PARAMETRIC_REPRESENTATION_CONTEXT() REPRESENTATION_CONTEXT('2D SPACE',''
  ) );
#4277 = ORIENTED_EDGE('',*,*,#4278,.T.);
#4278 = EDGE_CURVE('',#4224,#4172,#4279,.T.);
#4279 = SURFACE_CURVE('',#4280,(#4288,#4294),.PCURVE_S1.);
#4280 = B_SPLINE_CURVE_WITH_KNOTS('',3,(#4281,#4282,#4283,#4284,#4285,
    #4286,#4287),.UNSPECIFIED.,.F.,.F.,(4,1,1,1,4),(-5.668807520872,
    -5.599792104753,-5.214206411924,-5.021413565509,-4.952601922989),
  .UNSPECIFIED.);
#4281 = CARTESIAN_POINT('',(63.173346167362,3.524470720018,
    23.906413836785));
#4282 = CARTESIAN_POINT('',(63.249028995497,3.306158253999,
    23.906413836785));
#4283 = CARTESIAN_POINT('',(63.698787044377,1.851626202542,
    23.906413836785));
#4284 = CARTESIAN_POINT('',(63.884537471205,-0.334070794833,
    23.906413836785));
#4285 = CARTESIAN_POINT('',(63.508116003439,-2.469375520976,
    23.906413836785));
#4286 = CARTESIAN_POINT('',(63.249016666801,-3.306734294031,
    23.906413836785));
#4287 = CARTESIAN_POINT('',(63.173469525938,-3.524513168427,
    23.906413836785));
#4288 = PCURVE('',#172,#4289);
#4289 = DEFINITIONAL_REPRESENTATION('',(#4290),#4293);
#4290 = B_SPLINE_CURVE_WITH_KNOTS('',1,(#4291,#4292),.UNSPECIFIED.,.F.,
  .F.,(2,2),(-5.668807520684,-4.95260192328),.PIECEWISE_BEZIER_KNOTS.);
#4291 = CARTESIAN_POINT('',(1.000102631644,-5.668807483209));
#4292 = CARTESIAN_POINT('',(1.000094346859,-4.952601943189));
#4293 = ( GEOMETRIC_REPRESENTATION_CONTEXT(2) 
PARAMETRIC_REPRESENTATION_CONTEXT() REPRESENTATION_CONTEXT('2D SPACE',''
  ) );
#4294 = PCURVE('',#3662,#4295);
#4295 = DEFINITIONAL_REPRESENTATION('',(#4296),#4304);
#4296 = B_SPLINE_CURVE_WITH_KNOTS('',3,(#4297,#4298,#4299,#4300,#4301,
    #4302,#4303),.UNSPECIFIED.,.F.,.F.,(4,1,1,1,4),(-5.668807520872,
    -5.599792104753,-5.214206411924,-5.021413565509,-4.952601922989),
  .UNSPECIFIED.);
#4297 = CARTESIAN_POINT('',(8.049470720018,7.173346167362));
#4298 = CARTESIAN_POINT('',(7.831158253999,7.249028995497));
#4299 = CARTESIAN_POINT('',(6.376626202542,7.698787044377));
#4300 = CARTESIAN_POINT('',(4.190929205167,7.884537471205));
#4301 = CARTESIAN_POINT('',(2.055624479024,7.508116003439));
#4302 = CARTESIAN_POINT('',(1.218265705969,7.249016666801));
#4303 = CARTESIAN_POINT('',(1.000486831573,7.173469525938));
#4304 = ( GEOMETRIC_REPRESENTATION_CONTEXT(2) 
PARAMETRIC_REPRESENTATION_CONTEXT() REPRESENTATION_CONTEXT('2D SPACE',''
  ) );
#4305 = ADVANCED_FACE('',(#4306,#4376,#4379),#3662,.T.);
#4306 = FACE_BOUND('',#4307,.T.);
#4307 = EDGE_LOOP('',(#4308,#4331,#4332,#4355));
#4308 = ORIENTED_EDGE('',*,*,#4309,.F.);
#4309 = EDGE_CURVE('',#4172,#4310,#4312,.T.);
#4310 = VERTEX_POINT('',#4311);
#4311 = CARTESIAN_POINT('',(135.,-3.525,23.906413836785));
#4312 = SURFACE_CURVE('',#4313,(#4317,#4324),.PCURVE_S1.);
#4313 = LINE('',#4314,#4315);
#4314 = CARTESIAN_POINT('',(56.,-3.525,23.906413836785));
#4315 = VECTOR('',#4316,1.);
#4316 = DIRECTION('',(1.,2.22044604925E-16,0.));
#4317 = PCURVE('',#3662,#4318);
#4318 = DEFINITIONAL_REPRESENTATION('',(#4319),#4323);
#4319 = LINE('',#4320,#4321);
#4320 = CARTESIAN_POINT('',(1.,2.22044604925E-16));
#4321 = VECTOR('',#4322,1.);
#4322 = DIRECTION('',(-2.465190328816E-32,1.));
#4323 = ( GEOMETRIC_REPRESENTATION_CONTEXT(2) 
PARAMETRIC_REPRESENTATION_CONTEXT() REPRESENTATION_CONTEXT('2D SPACE',''
  ) );
#4324 = PCURVE('',#246,#4325);
#4325 = DEFINITIONAL_REPRESENTATION('',(#4326),#4330);
#4326 = LINE('',#4327,#4328);
#4327 = CARTESIAN_POINT('',(-0.707106781187,-1.110223024625E-16));
#4328 = VECTOR('',#4329,1.);
#4329 = DIRECTION('',(-1.60237371373E-31,-1.));
#4330 = ( GEOMETRIC_REPRESENTATION_CONTEXT(2) 
PARAMETRIC_REPRESENTATION_CONTEXT() REPRESENTATION_CONTEXT('2D SPACE',''
  ) );
#4331 = ORIENTED_EDGE('',*,*,#4278,.F.);
#4332 = ORIENTED_EDGE('',*,*,#4333,.F.);
#4333 = EDGE_CURVE('',#4334,#4224,#4336,.T.);
#4334 = VERTEX_POINT('',#4335);
#4335 = CARTESIAN_POINT('',(135.,3.525,23.906413836785));
#4336 = SURFACE_CURVE('',#4337,(#4341,#4348),.PCURVE_S1.);
#4337 = LINE('',#4338,#4339);
#4338 = CARTESIAN_POINT('',(56.,3.525,23.906413836785));
#4339 = VECTOR('',#4340,1.);
#4340 = DIRECTION('',(-1.,-2.22044604925E-16,0.));
#4341 = PCURVE('',#3662,#4342);
#4342 = DEFINITIONAL_REPRESENTATION('',(#4343),#4347);
#4343 = LINE('',#4344,#4345);
#4344 = CARTESIAN_POINT('',(8.05,1.787459069646E-15));
#4345 = VECTOR('',#4346,1.);
#4346 = DIRECTION('',(2.465190328816E-32,-1.));
#4347 = ( GEOMETRIC_REPRESENTATION_CONTEXT(2) 
PARAMETRIC_REPRESENTATION_CONTEXT() REPRESENTATION_CONTEXT('2D SPACE',''
  ) );
#4348 = PCURVE('',#113,#4349);
#4349 = DEFINITIONAL_REPRESENTATION('',(#4350),#4354);
#4350 = LINE('',#4351,#4352);
#4351 = CARTESIAN_POINT('',(0.707106781187,1.110223024625E-16));
#4352 = VECTOR('',#4353,1.);
#4353 = DIRECTION('',(-3.944304526105E-31,1.));
#4354 = ( GEOMETRIC_REPRESENTATION_CONTEXT(2) 
PARAMETRIC_REPRESENTATION_CONTEXT() REPRESENTATION_CONTEXT('2D SPACE',''
  ) );
#4355 = ORIENTED_EDGE('',*,*,#4356,.F.);
#4356 = EDGE_CURVE('',#4310,#4334,#4357,.T.);
#4357 = SURFACE_CURVE('',#4358,(#4362,#4369),.PCURVE_S1.);
#4358 = LINE('',#4359,#4360);
#4359 = CARTESIAN_POINT('',(135.,-4.525,23.906413836785));
#4360 = VECTOR('',#4361,1.);
#4361 = DIRECTION('',(-2.22044604925E-16,1.,0.));
#4362 = PCURVE('',#3662,#4363);
#4363 = DEFINITIONAL_REPRESENTATION('',(#4364),#4368);
#4364 = LINE('',#4365,#4366);
#4365 = CARTESIAN_POINT('',(-7.771561172376E-15,79.));
#4366 = VECTOR('',#4367,1.);
#4367 = DIRECTION('',(1.,2.465190328816E-32));
#4368 = ( GEOMETRIC_REPRESENTATION_CONTEXT(2) 
PARAMETRIC_REPRESENTATION_CONTEXT() REPRESENTATION_CONTEXT('2D SPACE',''
  ) );
#4369 = PCURVE('',#1760,#4370);
#4370 = DEFINITIONAL_REPRESENTATION('',(#4371),#4375);
#4371 = LINE('',#4372,#4373);
#4372 = CARTESIAN_POINT('',(1.,-4.525));
#4373 = VECTOR('',#4374,1.);
#4374 = DIRECTION('',(0.,1.));
#4375 = ( GEOMETRIC_REPRESENTATION_CONTEXT(2) 
PARAMETRIC_REPRESENTATION_CONTEXT() REPRESENTATION_CONTEXT('2D SPACE',''
  ) );
#4376 = FACE_BOUND('',#4377,.T.);
#4377 = EDGE_LOOP('',(#4378));
#4378 = ORIENTED_EDGE('',*,*,#3647,.T.);
#4379 = FACE_BOUND('',#4380,.T.);
#4380 = EDGE_LOOP('',(#4381,#4382,#4383,#4384,#4385,#4386));
#4381 = ORIENTED_EDGE('',*,*,#3681,.T.);
#4382 = ORIENTED_EDGE('',*,*,#3796,.T.);
#4383 = ORIENTED_EDGE('',*,*,#3882,.T.);
#4384 = ORIENTED_EDGE('',*,*,#3958,.T.);
#4385 = ORIENTED_EDGE('',*,*,#4034,.T.);
#4386 = ORIENTED_EDGE('',*,*,#4115,.T.);
#4387 = ADVANCED_FACE('',(#4388),#1665,.F.);
#4388 = FACE_BOUND('',#4389,.F.);
#4389 = EDGE_LOOP('',(#4390,#4391,#4392,#4393));
#4390 = ORIENTED_EDGE('',*,*,#1646,.F.);
#4391 = ORIENTED_EDGE('',*,*,#3385,.F.);
#4392 = ORIENTED_EDGE('',*,*,#1819,.F.);
#4393 = ORIENTED_EDGE('',*,*,#4394,.F.);
#4394 = EDGE_CURVE('',#1649,#1820,#4395,.T.);
#4395 = SURFACE_CURVE('',#4396,(#4400,#4407),.PCURVE_S1.);
#4396 = LINE('',#4397,#4398);
#4397 = CARTESIAN_POINT('',(58.5,2.2625,26.906413836785));
#4398 = VECTOR('',#4399,1.);
#4399 = DIRECTION('',(-2.22044604925E-16,1.,0.));
#4400 = PCURVE('',#1665,#4401);
#4401 = DEFINITIONAL_REPRESENTATION('',(#4402),#4406);
#4402 = LINE('',#4403,#4404);
#4403 = CARTESIAN_POINT('',(0.141897054604,0.));
#4404 = VECTOR('',#4405,1.);
#4405 = DIRECTION('',(0.,1.));
#4406 = ( GEOMETRIC_REPRESENTATION_CONTEXT(2) 
PARAMETRIC_REPRESENTATION_CONTEXT() REPRESENTATION_CONTEXT('2D SPACE',''
  ) );
#4407 = PCURVE('',#846,#4408);
#4408 = DEFINITIONAL_REPRESENTATION('',(#4409),#4413);
#4409 = LINE('',#4410,#4411);
#4410 = CARTESIAN_POINT('',(-2.2625,-0.5));
#4411 = VECTOR('',#4412,1.);
#4412 = DIRECTION('',(1.,-2.465190328816E-32));
#4413 = ( GEOMETRIC_REPRESENTATION_CONTEXT(2) 
PARAMETRIC_REPRESENTATION_CONTEXT() REPRESENTATION_CONTEXT('2D SPACE',''
  ) );
#4414 = ADVANCED_FACE('',(#4415,#4423,#4450),#846,.T.);
#4415 = FACE_BOUND('',#4416,.T.);
#4416 = EDGE_LOOP('',(#4417,#4418,#4419,#4420,#4421,#4422));
#4417 = ORIENTED_EDGE('',*,*,#823,.T.);
#4418 = ORIENTED_EDGE('',*,*,#2139,.T.);
#4419 = ORIENTED_EDGE('',*,*,#2316,.T.);
#4420 = ORIENTED_EDGE('',*,*,#3333,.T.);
#4421 = ORIENTED_EDGE('',*,*,#3066,.T.);
#4422 = ORIENTED_EDGE('',*,*,#1959,.T.);
#4423 = FACE_BOUND('',#4424,.T.);
#4424 = EDGE_LOOP('',(#4425,#4426,#4427,#4428,#4449));
#4425 = ORIENTED_EDGE('',*,*,#1865,.T.);
#4426 = ORIENTED_EDGE('',*,*,#4394,.F.);
#4427 = ORIENTED_EDGE('',*,*,#1772,.F.);
#4428 = ORIENTED_EDGE('',*,*,#4429,.T.);
#4429 = EDGE_CURVE('',#1745,#1889,#4430,.T.);
#4430 = SURFACE_CURVE('',#4431,(#4435,#4442),.PCURVE_S1.);
#4431 = LINE('',#4432,#4433);
#4432 = CARTESIAN_POINT('',(135.,4.525,26.906413836785));
#4433 = VECTOR('',#4434,1.);
#4434 = DIRECTION('',(-2.22044604925E-16,1.,0.));
#4435 = PCURVE('',#846,#4436);
#4436 = DEFINITIONAL_REPRESENTATION('',(#4437),#4441);
#4437 = LINE('',#4438,#4439);
#4438 = CARTESIAN_POINT('',(2.442490654175E-15,-77.));
#4439 = VECTOR('',#4440,1.);
#4440 = DIRECTION('',(1.,-2.465190328816E-32));
#4441 = ( GEOMETRIC_REPRESENTATION_CONTEXT(2) 
PARAMETRIC_REPRESENTATION_CONTEXT() REPRESENTATION_CONTEXT('2D SPACE',''
  ) );
#4442 = PCURVE('',#1760,#4443);
#4443 = DEFINITIONAL_REPRESENTATION('',(#4444),#4448);
#4444 = LINE('',#4445,#4446);
#4445 = CARTESIAN_POINT('',(-2.,4.525));
#4446 = VECTOR('',#4447,1.);
#4447 = DIRECTION('',(0.,1.));
#4448 = ( GEOMETRIC_REPRESENTATION_CONTEXT(2) 
PARAMETRIC_REPRESENTATION_CONTEXT() REPRESENTATION_CONTEXT('2D SPACE',''
  ) );
#4449 = ORIENTED_EDGE('',*,*,#1888,.T.);
#4450 = FACE_BOUND('',#4451,.T.);
#4451 = EDGE_LOOP('',(#4452));
#4452 = ORIENTED_EDGE('',*,*,#3620,.T.);
#4453 = ADVANCED_FACE('',(#4454),#246,.T.);
#4454 = FACE_BOUND('',#4455,.T.);
#4455 = EDGE_LOOP('',(#4456,#4457,#4458,#4459,#4460,#4461,#4462));
#4456 = ORIENTED_EDGE('',*,*,#1721,.F.);
#4457 = ORIENTED_EDGE('',*,*,#1232,.T.);
#4458 = ORIENTED_EDGE('',*,*,#1006,.F.);
#4459 = ORIENTED_EDGE('',*,*,#230,.F.);
#4460 = ORIENTED_EDGE('',*,*,#4171,.F.);
#4461 = ORIENTED_EDGE('',*,*,#4309,.T.);
#4462 = ORIENTED_EDGE('',*,*,#4463,.T.);
#4463 = EDGE_CURVE('',#4310,#1722,#4464,.T.);
#4464 = SURFACE_CURVE('',#4465,(#4469,#4476),.PCURVE_S1.);
#4465 = LINE('',#4466,#4467);
#4466 = CARTESIAN_POINT('',(135.,-3.14375,23.525163836785));
#4467 = VECTOR('',#4468,1.);
#4468 = DIRECTION('',(1.570092458684E-16,-0.707106781187,0.707106781187)
  );
#4469 = PCURVE('',#246,#4470);
#4470 = DEFINITIONAL_REPRESENTATION('',(#4471),#4475);
#4471 = LINE('',#4472,#4473);
#4472 = CARTESIAN_POINT('',(-1.246275701841,-79.));
#4473 = VECTOR('',#4474,1.);
#4474 = DIRECTION('',(1.,2.22107296577E-33));
#4475 = ( GEOMETRIC_REPRESENTATION_CONTEXT(2) 
PARAMETRIC_REPRESENTATION_CONTEXT() REPRESENTATION_CONTEXT('2D SPACE',''
  ) );
#4476 = PCURVE('',#1760,#4477);
#4477 = DEFINITIONAL_REPRESENTATION('',(#4478),#4482);
#4478 = LINE('',#4479,#4480);
#4479 = CARTESIAN_POINT('',(1.38125,-3.14375));
#4480 = VECTOR('',#4481,1.);
#4481 = DIRECTION('',(-0.707106781187,-0.707106781187));
#4482 = ( GEOMETRIC_REPRESENTATION_CONTEXT(2) 
PARAMETRIC_REPRESENTATION_CONTEXT() REPRESENTATION_CONTEXT('2D SPACE',''
  ) );
#4483 = ADVANCED_FACE('',(#4484),#1760,.T.);
#4484 = FACE_BOUND('',#4485,.T.);
#4485 = EDGE_LOOP('',(#4486,#4487,#4488,#4489,#4510,#4511));
#4486 = ORIENTED_EDGE('',*,*,#1744,.F.);
#4487 = ORIENTED_EDGE('',*,*,#4463,.F.);
#4488 = ORIENTED_EDGE('',*,*,#4356,.T.);
#4489 = ORIENTED_EDGE('',*,*,#4490,.F.);
#4490 = EDGE_CURVE('',#1912,#4334,#4491,.T.);
#4491 = SURFACE_CURVE('',#4492,(#4496,#4503),.PCURVE_S1.);
#4492 = LINE('',#4493,#4494);
#4493 = CARTESIAN_POINT('',(135.,3.14375,23.525163836785));
#4494 = VECTOR('',#4495,1.);
#4495 = DIRECTION('',(1.570092458684E-16,-0.707106781187,-0.707106781187
    ));
#4496 = PCURVE('',#1760,#4497);
#4497 = DEFINITIONAL_REPRESENTATION('',(#4498),#4502);
#4498 = LINE('',#4499,#4500);
#4499 = CARTESIAN_POINT('',(1.38125,3.14375));
#4500 = VECTOR('',#4501,1.);
#4501 = DIRECTION('',(0.707106781187,-0.707106781187));
#4502 = ( GEOMETRIC_REPRESENTATION_CONTEXT(2) 
PARAMETRIC_REPRESENTATION_CONTEXT() REPRESENTATION_CONTEXT('2D SPACE',''
  ) );
#4503 = PCURVE('',#113,#4504);
#4504 = DEFINITIONAL_REPRESENTATION('',(#4505),#4509);
#4505 = LINE('',#4506,#4507);
#4506 = CARTESIAN_POINT('',(1.246275701841,-79.));
#4507 = VECTOR('',#4508,1.);
#4508 = DIRECTION('',(1.,1.751956825008E-33));
#4509 = ( GEOMETRIC_REPRESENTATION_CONTEXT(2) 
PARAMETRIC_REPRESENTATION_CONTEXT() REPRESENTATION_CONTEXT('2D SPACE',''
  ) );
#4510 = ORIENTED_EDGE('',*,*,#1911,.F.);
#4511 = ORIENTED_EDGE('',*,*,#4429,.F.);
#4512 = ADVANCED_FACE('',(#4513),#113,.T.);
#4513 = FACE_BOUND('',#4514,.T.);
#4514 = EDGE_LOOP('',(#4515,#4516,#4517,#4518,#4519,#4520,#4521));
#4515 = ORIENTED_EDGE('',*,*,#4333,.T.);
#4516 = ORIENTED_EDGE('',*,*,#4223,.F.);
#4517 = ORIENTED_EDGE('',*,*,#97,.F.);
#4518 = ORIENTED_EDGE('',*,*,#983,.F.);
#4519 = ORIENTED_EDGE('',*,*,#1337,.T.);
#4520 = ORIENTED_EDGE('',*,*,#1934,.F.);
#4521 = ORIENTED_EDGE('',*,*,#4490,.T.);
#4522 = ADVANCED_FACE('',(#4523),#1589,.F.);
#4523 = FACE_BOUND('',#4524,.F.);
#4524 = EDGE_LOOP('',(#4525,#4526,#4547,#4548));
#4525 = ORIENTED_EDGE('',*,*,#2550,.F.);
#4526 = ORIENTED_EDGE('',*,*,#4527,.F.);
#4527 = EDGE_CURVE('',#1310,#2529,#4528,.T.);
#4528 = SURFACE_CURVE('',#4529,(#4534,#4540),.PCURVE_S1.);
#4529 = CIRCLE('',#4530,2.);
#4530 = AXIS2_PLACEMENT_3D('',#4531,#4532,#4533);
#4531 = CARTESIAN_POINT('',(57.,2.525,30.956413836785));
#4532 = DIRECTION('',(1.,2.22044604925E-16,0.));
#4533 = DIRECTION('',(-1.570092458684E-16,0.707106781187,0.707106781187)
  );
#4534 = PCURVE('',#1589,#4535);
#4535 = DEFINITIONAL_REPRESENTATION('',(#4536),#4539);
#4536 = B_SPLINE_CURVE_WITH_KNOTS('',1,(#4537,#4538),.UNSPECIFIED.,.F.,
  .F.,(2,2),(5.497787143782,7.460004724689),.PIECEWISE_BEZIER_KNOTS.);
#4537 = CARTESIAN_POINT('',(4.199536800229E-15,1.570796326795));
#4538 = CARTESIAN_POINT('',(-3.492854290503E-15,-0.391197657139));
#4539 = ( GEOMETRIC_REPRESENTATION_CONTEXT(2) 
PARAMETRIC_REPRESENTATION_CONTEXT() REPRESENTATION_CONTEXT('2D SPACE',''
  ) );
#4540 = PCURVE('',#1216,#4541);
#4541 = DEFINITIONAL_REPRESENTATION('',(#4542),#4546);
#4542 = LINE('',#4543,#4544);
#4543 = CARTESIAN_POINT('',(-6.28318530718,1.));
#4544 = VECTOR('',#4545,1.);
#4545 = DIRECTION('',(1.,0.));
#4546 = ( GEOMETRIC_REPRESENTATION_CONTEXT(2) 
PARAMETRIC_REPRESENTATION_CONTEXT() REPRESENTATION_CONTEXT('2D SPACE',''
  ) );
#4547 = ORIENTED_EDGE('',*,*,#1572,.T.);
#4548 = ORIENTED_EDGE('',*,*,#3408,.F.);
#4549 = ADVANCED_FACE('',(#4550),#1478,.F.);
#4550 = FACE_BOUND('',#4551,.F.);
#4551 = EDGE_LOOP('',(#4552,#4596,#4597,#4598));
#4552 = ORIENTED_EDGE('',*,*,#4553,.F.);
#4553 = EDGE_CURVE('',#3181,#1256,#4554,.T.);
#4554 = SURFACE_CURVE('',#4555,(#4560,#4589),.PCURVE_S1.);
#4555 = CIRCLE('',#4556,2.);
#4556 = AXIS2_PLACEMENT_3D('',#4557,#4558,#4559);
#4557 = CARTESIAN_POINT('',(57.,-2.525,30.956413836785));
#4558 = DIRECTION('',(1.,2.22044604925E-16,0.));
#4559 = DIRECTION('',(1.570092458684E-16,-0.707106781187,0.707106781187)
  );
#4560 = PCURVE('',#1478,#4561);
#4561 = DEFINITIONAL_REPRESENTATION('',(#4562),#4588);
#4562 = B_SPLINE_CURVE_WITH_KNOTS('',3,(#4563,#4564,#4565,#4566,#4567,
    #4568,#4569,#4570,#4571,#4572,#4573,#4574,#4575,#4576,#4577,#4578,
    #4579,#4580,#4581,#4582,#4583,#4584,#4585,#4586,#4587),
  .UNSPECIFIED.,.F.,.F.,(4,1,1,1,1,1,1,1,1,1,1,1,1,1,1,1,1,1,1,1,1,1,4),
  (5.497787143782,5.569186976818,5.640586809854,5.711986642891,
    5.783386475927,5.854786308963,5.926186141999,5.997585975035,
    6.068985808071,6.140385641107,6.211785474143,6.28318530718,
    6.354585140216,6.425984973252,6.497384806288,6.568784639324,
    6.64018447236,6.711584305396,6.782984138433,6.854383971469,
    6.925783804505,6.997183637541,7.068583470577),
  .QUASI_UNIFORM_KNOTS.);
#4563 = CARTESIAN_POINT('',(4.440892098501E-16,0.));
#4564 = CARTESIAN_POINT('',(4.440892098501E-16,-2.643304852828E-02));
#4565 = CARTESIAN_POINT('',(4.440892098501E-16,-7.852521262872E-02));
#4566 = CARTESIAN_POINT('',(4.440892098501E-16,-0.154606454553));
#4567 = CARTESIAN_POINT('',(4.440892098501E-16,-0.228904158181));
#4568 = CARTESIAN_POINT('',(4.440892098501E-16,-0.301661439934));
#4569 = CARTESIAN_POINT('',(4.440892098501E-16,-0.373106106239));
#4570 = CARTESIAN_POINT('',(4.440892098501E-16,-0.443450603945));
#4571 = CARTESIAN_POINT('',(4.440892098501E-16,-0.512895531033));
#4572 = CARTESIAN_POINT('',(4.440892098501E-16,-0.581631810168));
#4573 = CARTESIAN_POINT('',(4.440892098501E-16,-0.649842920765));
#4574 = CARTESIAN_POINT('',(4.440892098501E-16,-0.717706886775));
#4575 = CARTESIAN_POINT('',(4.440892098501E-16,-0.785398163397));
#4576 = CARTESIAN_POINT('',(4.440892098501E-16,-0.85308944002));
#4577 = CARTESIAN_POINT('',(4.440892098501E-16,-0.92095340603));
#4578 = CARTESIAN_POINT('',(4.440892098501E-16,-0.989164516627));
#4579 = CARTESIAN_POINT('',(4.440892098501E-16,-1.057900795762));
#4580 = CARTESIAN_POINT('',(4.440892098501E-16,-1.12734572285));
#4581 = CARTESIAN_POINT('',(4.440892098501E-16,-1.197690220556));
#4582 = CARTESIAN_POINT('',(4.440892098501E-16,-1.269134886861));
#4583 = CARTESIAN_POINT('',(4.440892098501E-16,-1.341892168614));
#4584 = CARTESIAN_POINT('',(4.440892098501E-16,-1.416189872242));
#4585 = CARTESIAN_POINT('',(4.440892098501E-16,-1.492271114166));
#4586 = CARTESIAN_POINT('',(4.440892098501E-16,-1.544363278267));
#4587 = CARTESIAN_POINT('',(4.440892098501E-16,-1.570796326795));
#4588 = ( GEOMETRIC_REPRESENTATION_CONTEXT(2) 
PARAMETRIC_REPRESENTATION_CONTEXT() REPRESENTATION_CONTEXT('2D SPACE',''
  ) );
#4589 = PCURVE('',#1078,#4590);
#4590 = DEFINITIONAL_REPRESENTATION('',(#4591),#4595);
#4591 = LINE('',#4592,#4593);
#4592 = CARTESIAN_POINT('',(-6.28318530718,1.));
#4593 = VECTOR('',#4594,1.);
#4594 = DIRECTION('',(1.,0.));
#4595 = ( GEOMETRIC_REPRESENTATION_CONTEXT(2) 
PARAMETRIC_REPRESENTATION_CONTEXT() REPRESENTATION_CONTEXT('2D SPACE',''
  ) );
#4596 = ORIENTED_EDGE('',*,*,#3512,.T.);
#4597 = ORIENTED_EDGE('',*,*,#3459,.F.);
#4598 = ORIENTED_EDGE('',*,*,#1463,.F.);
#4599 = ADVANCED_FACE('',(#4600),#1078,.T.);
#4600 = FACE_BOUND('',#4601,.T.);
#4601 = EDGE_LOOP('',(#4602,#4603,#4604,#4605));
#4602 = ORIENTED_EDGE('',*,*,#4553,.F.);
#4603 = ORIENTED_EDGE('',*,*,#3228,.T.);
#4604 = ORIENTED_EDGE('',*,*,#1057,.F.);
#4605 = ORIENTED_EDGE('',*,*,#1283,.T.);
#4606 = ADVANCED_FACE('',(#4607),#1216,.T.);
#4607 = FACE_BOUND('',#4608,.T.);
#4608 = EDGE_LOOP('',(#4609,#4610,#4611,#4612));
#4609 = ORIENTED_EDGE('',*,*,#4527,.F.);
#4610 = ORIENTED_EDGE('',*,*,#1359,.T.);
#4611 = ORIENTED_EDGE('',*,*,#1197,.F.);
#4612 = ORIENTED_EDGE('',*,*,#2528,.T.);
#4613 = ( GEOMETRIC_REPRESENTATION_CONTEXT(3) 
GLOBAL_UNCERTAINTY_ASSIGNED_CONTEXT((#4617)) 
GLOBAL_UNIT_ASSIGNED_CONTEXT((#4614,#4615,#4616)) REPRESENTATION_CONTEXT
('Context #1','3D Context with UNIT and UNCERTAINTY') );
#4614 = ( LENGTH_UNIT() NAMED_UNIT(*) SI_UNIT(.MILLI.,.METRE.) );
#4615 = ( NAMED_UNIT(*) PLANE_ANGLE_UNIT() SI_UNIT($,.RADIAN.) );
#4616 = ( NAMED_UNIT(*) SI_UNIT($,.STERADIAN.) SOLID_ANGLE_UNIT() );
#4617 = UNCERTAINTY_MEASURE_WITH_UNIT(LENGTH_MEASURE(1.E-03),#4614,
  'distance_accuracy_value','confusion accuracy');
#4618 = PRODUCT_RELATED_PRODUCT_CATEGORY('part',$,(#7));
ENDSEC;
END-ISO-10303-21;
