ISO-10303-21;
HEADER;
FILE_DESCRIPTION(('Open CASCADE Model'),'2;1');
FILE_NAME('Open CASCADE Shape Model','2026-08-13T22:16:55',('Author'),(
    'Open CASCADE'),'Open CASCADE STEP processor 7.9','Open CASCADE 7.9'
  ,'Unknown');
FILE_SCHEMA(('AUTOMOTIVE_DESIGN { 1 0 10303 214 1 1 1 1 }'));
ENDSEC;
DATA;
#1 = APPLICATION_PROTOCOL_DEFINITION('international standard',
  'automotive_design',2000,#2);
#2 = APPLICATION_CONTEXT(
  'core data for automotive mechanical design processes');
#3 = SHAPE_DEFINITION_REPRESENTATION(#4,#10);
#4 = PRODUCT_DEFINITION_SHAPE('','',#5);
#5 = PRODUCT_DEFINITION('design','',#6,#9);
#6 = PRODUCT_DEFINITION_FORMATION('','',#7);
#7 = PRODUCT('Open CASCADE STEP translator 7.9 222',
  'Open CASCADE STEP translator 7.9 222','',(#8));
#8 = PRODUCT_CONTEXT('',#2,'mechanical');
#9 = PRODUCT_DEFINITION_CONTEXT('part definition',#2,'design');
#10 = ADVANCED_BREP_SHAPE_REPRESENTATION('',(#11,#15),#5677);
#11 = AXIS2_PLACEMENT_3D('',#12,#13,#14);
#12 = CARTESIAN_POINT('',(0.,0.,0.));
#13 = DIRECTION('',(0.,0.,1.));
#14 = DIRECTION('',(1.,0.,-0.));
#15 = MANIFOLD_SOLID_BREP('',#16);
#16 = CLOSED_SHELL('',(#17,#200,#371,#1063,#1178,#1336,#1485,#1512,#1876
    ,#2025,#2175,#2307,#2368,#2728,#2798,#2943,#3075,#3104,#3154,#3226,
    #3543,#3864,#4039,#4043,#4072,#4099,#4126,#4153,#4181,#4277,#4307,
    #4334,#4363,#4391,#4398,#4538,#4588,#4693,#4742,#4769,#4797,#4827,
    #5088,#5137,#5164,#5214,#5268,#5318,#5368,#5418,#5467,#5525,#5552,
    #5574,#5582,#5609,#5636,#5643,#5670));
#17 = ADVANCED_FACE('',(#18,#165),#32,.T.);
#18 = FACE_BOUND('',#19,.T.);
#19 = EDGE_LOOP('',(#20,#55,#83,#111,#139));
#20 = ORIENTED_EDGE('',*,*,#21,.F.);
#21 = EDGE_CURVE('',#22,#24,#26,.T.);
#22 = VERTEX_POINT('',#23);
#23 = CARTESIAN_POINT('',(-30.56472650351,-93.64898585654,
    27.965260910701));
#24 = VERTEX_POINT('',#25);
#25 = CARTESIAN_POINT('',(-39.57244641199,-91.36584370837,
    27.965260910701));
#26 = SURFACE_CURVE('',#27,(#31,#43),.PCURVE_S1.);
#27 = LINE('',#28,#29);
#28 = CARTESIAN_POINT('',(-25.38456496881,-94.96197574237,
    27.965260910701));
#29 = VECTOR('',#30,1.);
#30 = DIRECTION('',(-0.969347035974,0.245695591839,5.163348395626E-16));
#31 = PCURVE('',#32,#37);
#32 = PLANE('',#33);
#33 = AXIS2_PLACEMENT_3D('',#34,#35,#36);
#34 = CARTESIAN_POINT('',(-19.95131947364,-91.07768692236,
    27.965260910701));
#35 = DIRECTION('',(5.326625247727E-16,1.085826287103E-29,1.));
#36 = DIRECTION('',(-1.,0.,5.326625247727E-16));
#37 = DEFINITIONAL_REPRESENTATION('',(#38),#42);
#38 = LINE('',#39,#40);
#39 = CARTESIAN_POINT('',(5.433245495168,3.884288820008));
#40 = VECTOR('',#41,1.);
#41 = DIRECTION('',(0.969347035974,-0.245695591839));
#42 = ( GEOMETRIC_REPRESENTATION_CONTEXT(2) 
PARAMETRIC_REPRESENTATION_CONTEXT() REPRESENTATION_CONTEXT('2D SPACE',''
  ) );
#43 = PCURVE('',#44,#49);
#44 = PLANE('',#45);
#45 = AXIS2_PLACEMENT_3D('',#46,#47,#48);
#46 = CARTESIAN_POINT('',(-29.56472650351,-93.90245090334,
    24.965260910701));
#47 = DIRECTION('',(-0.245695591839,-0.969347035974,1.339956717026E-16)
  );
#48 = DIRECTION('',(0.969347035974,-0.245695591839,-5.163348395626E-16)
  );
#49 = DEFINITIONAL_REPRESENTATION('',(#50),#54);
#50 = LINE('',#51,#52);
#51 = CARTESIAN_POINT('',(4.312347775951,3.));
#52 = VECTOR('',#53,1.);
#53 = DIRECTION('',(-1.,-6.409494854921E-30));
#54 = ( GEOMETRIC_REPRESENTATION_CONTEXT(2) 
PARAMETRIC_REPRESENTATION_CONTEXT() REPRESENTATION_CONTEXT('2D SPACE',''
  ) );
#55 = ORIENTED_EDGE('',*,*,#56,.F.);
#56 = EDGE_CURVE('',#57,#22,#59,.T.);
#57 = VERTEX_POINT('',#58);
#58 = CARTESIAN_POINT('',(-30.56472650351,-83.8092471163,27.965260910701
    ));
#59 = SURFACE_CURVE('',#60,(#64,#71),.PCURVE_S1.);
#60 = LINE('',#61,#62);
#61 = CARTESIAN_POINT('',(-30.56472650351,-87.80836392242,
    27.965260910701));
#62 = VECTOR('',#63,1.);
#63 = DIRECTION('',(8.537066937843E-15,-1.,6.310887241768E-30));
#64 = PCURVE('',#32,#65);
#65 = DEFINITIONAL_REPRESENTATION('',(#66),#70);
#66 = LINE('',#67,#68);
#67 = CARTESIAN_POINT('',(10.613407029873,-3.269322999937));
#68 = VECTOR('',#69,1.);
#69 = DIRECTION('',(-8.537066937843E-15,1.));
#70 = ( GEOMETRIC_REPRESENTATION_CONTEXT(2) 
PARAMETRIC_REPRESENTATION_CONTEXT() REPRESENTATION_CONTEXT('2D SPACE',''
  ) );
#71 = PCURVE('',#72,#77);
#72 = CYLINDRICAL_SURFACE('',#73,1.);
#73 = AXIS2_PLACEMENT_3D('',#74,#75,#76);
#74 = CARTESIAN_POINT('',(-30.56472650351,-87.80836392242,
    28.965260910701));
#75 = DIRECTION('',(8.537066937843E-15,-1.,6.310887241768E-30));
#76 = DIRECTION('',(0.707106781187,6.036617923192E-15,-0.707106781187));
#77 = DEFINITIONAL_REPRESENTATION('',(#78),#82);
#78 = LINE('',#79,#80);
#79 = CARTESIAN_POINT('',(5.497787143782,0.));
#80 = VECTOR('',#81,1.);
#81 = DIRECTION('',(0.,1.));
#82 = ( GEOMETRIC_REPRESENTATION_CONTEXT(2) 
PARAMETRIC_REPRESENTATION_CONTEXT() REPRESENTATION_CONTEXT('2D SPACE',''
  ) );
#83 = ORIENTED_EDGE('',*,*,#84,.T.);
#84 = EDGE_CURVE('',#57,#85,#87,.T.);
#85 = VERTEX_POINT('',#86);
#86 = CARTESIAN_POINT('',(-36.47186739375,-79.49825228232,
    27.965260910701));
#87 = SURFACE_CURVE('',#88,(#92,#99),.PCURVE_S1.);
#88 = LINE('',#89,#90);
#89 = CARTESIAN_POINT('',(-36.47186739375,-79.49825228232,
    27.965260910701));
#90 = VECTOR('',#91,1.);
#91 = DIRECTION('',(-0.807766301279,0.58950284352,6.910538272628E-30));
#92 = PCURVE('',#32,#93);
#93 = DEFINITIONAL_REPRESENTATION('',(#94),#98);
#94 = LINE('',#95,#96);
#95 = CARTESIAN_POINT('',(16.520547920111,-11.57943464003));
#96 = VECTOR('',#97,1.);
#97 = DIRECTION('',(0.807766301279,-0.58950284352));
#98 = ( GEOMETRIC_REPRESENTATION_CONTEXT(2) 
PARAMETRIC_REPRESENTATION_CONTEXT() REPRESENTATION_CONTEXT('2D SPACE',''
  ) );
#99 = PCURVE('',#100,#105);
#100 = PLANE('',#101);
#101 = AXIS2_PLACEMENT_3D('',#102,#103,#104);
#102 = CARTESIAN_POINT('',(-29.56472650351,-84.53904092248,
    24.965260910701));
#103 = DIRECTION('',(0.58950284352,0.807766301279,0.));
#104 = DIRECTION('',(-0.807766301279,0.58950284352,6.910538272628E-30));
#105 = DEFINITIONAL_REPRESENTATION('',(#106),#110);
#106 = LINE('',#107,#108);
#107 = CARTESIAN_POINT('',(8.550914886278,3.));
#108 = VECTOR('',#109,1.);
#109 = DIRECTION('',(1.,0.));
#110 = ( GEOMETRIC_REPRESENTATION_CONTEXT(2) 
PARAMETRIC_REPRESENTATION_CONTEXT() REPRESENTATION_CONTEXT('2D SPACE',''
  ) );
#111 = ORIENTED_EDGE('',*,*,#112,.T.);
#112 = EDGE_CURVE('',#85,#113,#115,.T.);
#113 = VERTEX_POINT('',#114);
#114 = CARTESIAN_POINT('',(-42.55030061898,-89.56838014016,
    27.965260910701));
#115 = SURFACE_CURVE('',#116,(#120,#127),.PCURVE_S1.);
#116 = LINE('',#117,#118);
#117 = CARTESIAN_POINT('',(-41.00000061094,-87.0000012964,
    27.965260910701));
#118 = VECTOR('',#119,1.);
#119 = DIRECTION('',(-0.516766669344,-0.856126281255,0.));
#120 = PCURVE('',#32,#121);
#121 = DEFINITIONAL_REPRESENTATION('',(#122),#126);
#122 = LINE('',#123,#124);
#123 = CARTESIAN_POINT('',(21.048681137304,-4.077685625963));
#124 = VECTOR('',#125,1.);
#125 = DIRECTION('',(0.516766669344,0.856126281255));
#126 = ( GEOMETRIC_REPRESENTATION_CONTEXT(2) 
PARAMETRIC_REPRESENTATION_CONTEXT() REPRESENTATION_CONTEXT('2D SPACE',''
  ) );
#127 = PCURVE('',#128,#133);
#128 = PLANE('',#129);
#129 = AXIS2_PLACEMENT_3D('',#130,#131,#132);
#130 = CARTESIAN_POINT('',(-36.47186739375,-79.49825228232,
    24.965260910701));
#131 = DIRECTION('',(-0.856126281255,0.516766669344,0.));
#132 = DIRECTION('',(-0.516766669344,-0.856126281255,0.));
#133 = DEFINITIONAL_REPRESENTATION('',(#134),#138);
#134 = LINE('',#135,#136);
#135 = CARTESIAN_POINT('',(8.76243280732,3.));
#136 = VECTOR('',#137,1.);
#137 = DIRECTION('',(1.,0.));
#138 = ( GEOMETRIC_REPRESENTATION_CONTEXT(2) 
PARAMETRIC_REPRESENTATION_CONTEXT() REPRESENTATION_CONTEXT('2D SPACE',''
  ) );
#139 = ORIENTED_EDGE('',*,*,#140,.F.);
#140 = EDGE_CURVE('',#24,#113,#141,.T.);
#141 = SURFACE_CURVE('',#142,(#146,#153),.PCURVE_S1.);
#142 = LINE('',#143,#144);
#143 = CARTESIAN_POINT('',(-33.93444215107,-94.76900133529,
    27.965260910701));
#144 = VECTOR('',#145,1.);
#145 = DIRECTION('',(-0.856126281255,0.516766669344,4.560263864973E-16)
  );
#146 = PCURVE('',#32,#147);
#147 = DEFINITIONAL_REPRESENTATION('',(#148),#152);
#148 = LINE('',#149,#150);
#149 = CARTESIAN_POINT('',(13.983122677429,3.691314412935));
#150 = VECTOR('',#151,1.);
#151 = DIRECTION('',(0.856126281255,-0.516766669344));
#152 = ( GEOMETRIC_REPRESENTATION_CONTEXT(2) 
PARAMETRIC_REPRESENTATION_CONTEXT() REPRESENTATION_CONTEXT('2D SPACE',''
  ) );
#153 = PCURVE('',#154,#159);
#154 = PLANE('',#155);
#155 = AXIS2_PLACEMENT_3D('',#156,#157,#158);
#156 = CARTESIAN_POINT('',(-42.55030061898,-89.56838014016,
    24.965260910701));
#157 = DIRECTION('',(-0.516766669344,-0.856126281255,0.));
#158 = DIRECTION('',(0.856126281255,-0.516766669344,0.));
#159 = DEFINITIONAL_REPRESENTATION('',(#160),#164);
#160 = LINE('',#161,#162);
#161 = CARTESIAN_POINT('',(10.063770563477,3.));
#162 = VECTOR('',#163,1.);
#163 = DIRECTION('',(-1.,4.560263864973E-16));
#164 = ( GEOMETRIC_REPRESENTATION_CONTEXT(2) 
PARAMETRIC_REPRESENTATION_CONTEXT() REPRESENTATION_CONTEXT('2D SPACE',''
  ) );
#165 = FACE_BOUND('',#166,.T.);
#166 = EDGE_LOOP('',(#167));
#167 = ORIENTED_EDGE('',*,*,#168,.T.);
#168 = EDGE_CURVE('',#169,#169,#171,.T.);
#169 = VERTEX_POINT('',#170);
#170 = CARTESIAN_POINT('',(-31.86022746291,-86.26851387448,
    27.965260910701));
#171 = SURFACE_CURVE('',#172,(#177,#188),.PCURVE_S1.);
#172 = CIRCLE('',#173,1.5);
#173 = AXIS2_PLACEMENT_3D('',#174,#175,#176);
#174 = CARTESIAN_POINT('',(-33.36022746291,-86.26851387448,
    27.965260910701));
#175 = DIRECTION('',(0.,0.,-1.));
#176 = DIRECTION('',(-1.,0.,0.));
#177 = PCURVE('',#32,#178);
#178 = DEFINITIONAL_REPRESENTATION('',(#179),#187);
#179 = ( BOUNDED_CURVE() B_SPLINE_CURVE(2,(#180,#181,#182,#183,#184,#185
,#186),.UNSPECIFIED.,.T.,.F.) B_SPLINE_CURVE_WITH_KNOTS((1,2,2,2,2,1),(
    -2.094395102393,0.,2.094395102393,4.188790204786,6.28318530718,
8.377580409573),.UNSPECIFIED.) CURVE() GEOMETRIC_REPRESENTATION_ITEM() 
RATIONAL_B_SPLINE_CURVE((1.,0.5,1.,0.5,1.,0.5,1.)) REPRESENTATION_ITEM(
  '') );
#180 = CARTESIAN_POINT('',(14.908907989267,-4.809173047876));
#181 = CARTESIAN_POINT('',(14.908907989267,-7.40724925923));
#182 = CARTESIAN_POINT('',(12.658907989267,-6.108211153553));
#183 = CARTESIAN_POINT('',(10.408907989267,-4.809173047876));
#184 = CARTESIAN_POINT('',(12.658907989267,-3.5101349422));
#185 = CARTESIAN_POINT('',(14.908907989267,-2.211096836523));
#186 = CARTESIAN_POINT('',(14.908907989267,-4.809173047876));
#187 = ( GEOMETRIC_REPRESENTATION_CONTEXT(2) 
PARAMETRIC_REPRESENTATION_CONTEXT() REPRESENTATION_CONTEXT('2D SPACE',''
  ) );
#188 = PCURVE('',#189,#194);
#189 = CYLINDRICAL_SURFACE('',#190,1.5);
#190 = AXIS2_PLACEMENT_3D('',#191,#192,#193);
#191 = CARTESIAN_POINT('',(-33.36022746291,-86.26851387448,
    24.965260910701));
#192 = DIRECTION('',(0.,0.,1.));
#193 = DIRECTION('',(-1.,0.,0.));
#194 = DEFINITIONAL_REPRESENTATION('',(#195),#199);
#195 = LINE('',#196,#197);
#196 = CARTESIAN_POINT('',(6.28318530718,3.));
#197 = VECTOR('',#198,1.);
#198 = DIRECTION('',(-1.,0.));
#199 = ( GEOMETRIC_REPRESENTATION_CONTEXT(2) 
PARAMETRIC_REPRESENTATION_CONTEXT() REPRESENTATION_CONTEXT('2D SPACE',''
  ) );
#200 = ADVANCED_FACE('',(#201),#215,.T.);
#201 = FACE_BOUND('',#202,.T.);
#202 = EDGE_LOOP('',(#203,#238,#261,#289,#317,#345));
#203 = ORIENTED_EDGE('',*,*,#204,.T.);
#204 = EDGE_CURVE('',#205,#207,#209,.T.);
#205 = VERTEX_POINT('',#206);
#206 = CARTESIAN_POINT('',(-29.56443237657,-120.0468677052,
    52.000000000025));
#207 = VERTEX_POINT('',#208);
#208 = CARTESIAN_POINT('',(-29.56472650351,-93.90245090334,
    52.000000000025));
#209 = SURFACE_CURVE('',#210,(#214,#226),.PCURVE_S1.);
#210 = LINE('',#211,#212);
#211 = CARTESIAN_POINT('',(-29.56472650351,-93.90245090334,
    52.000000000025));
#212 = VECTOR('',#213,1.);
#213 = DIRECTION('',(8.662862849072E-15,1.,0.));
#214 = PCURVE('',#215,#220);
#215 = PLANE('',#216);
#216 = AXIS2_PLACEMENT_3D('',#217,#218,#219);
#217 = CARTESIAN_POINT('',(-25.28012458417,-106.9746593042,
    52.000000000025));
#218 = DIRECTION('',(0.,0.,-1.));
#219 = DIRECTION('',(-1.,0.,0.));
#220 = DEFINITIONAL_REPRESENTATION('',(#221),#225);
#221 = LINE('',#222,#223);
#222 = CARTESIAN_POINT('',(4.28460191934,13.072208400932));
#223 = VECTOR('',#224,1.);
#224 = DIRECTION('',(-8.662862849072E-15,1.));
#225 = ( GEOMETRIC_REPRESENTATION_CONTEXT(2) 
PARAMETRIC_REPRESENTATION_CONTEXT() REPRESENTATION_CONTEXT('2D SPACE',''
  ) );
#226 = PCURVE('',#227,#232);
#227 = PLANE('',#228);
#228 = AXIS2_PLACEMENT_3D('',#229,#230,#231);
#229 = CARTESIAN_POINT('',(-29.56472650351,-84.53904092248,
    24.965260910701));
#230 = DIRECTION('',(-1.,-8.537066937843E-15,5.45372713851E-16));
#231 = DIRECTION('',(8.537066937843E-15,-1.,6.310887241768E-30));
#232 = DEFINITIONAL_REPRESENTATION('',(#233),#237);
#233 = LINE('',#234,#235);
#234 = CARTESIAN_POINT('',(9.363409980853,27.034739089325));
#235 = VECTOR('',#236,1.);
#236 = DIRECTION('',(-1.,1.56912596277E-29));
#237 = ( GEOMETRIC_REPRESENTATION_CONTEXT(2) 
PARAMETRIC_REPRESENTATION_CONTEXT() REPRESENTATION_CONTEXT('2D SPACE',''
  ) );
#238 = ORIENTED_EDGE('',*,*,#239,.F.);
#239 = EDGE_CURVE('',#240,#207,#242,.T.);
#240 = VERTEX_POINT('',#241);
#241 = CARTESIAN_POINT('',(-21.22756762342,-96.01562926907,
    52.000000000025));
#242 = SURFACE_CURVE('',#243,(#247,#254),.PCURVE_S1.);
#243 = LINE('',#244,#245);
#244 = CARTESIAN_POINT('',(-25.99508173689,-94.80723108117,
    52.000000000025));
#245 = VECTOR('',#246,1.);
#246 = DIRECTION('',(-0.969347035974,0.245695591839,0.));
#247 = PCURVE('',#215,#248);
#248 = DEFINITIONAL_REPRESENTATION('',(#249),#253);
#249 = LINE('',#250,#251);
#250 = CARTESIAN_POINT('',(0.714957152722,12.167428223099));
#251 = VECTOR('',#252,1.);
#252 = DIRECTION('',(0.969347035974,0.245695591839));
#253 = ( GEOMETRIC_REPRESENTATION_CONTEXT(2) 
PARAMETRIC_REPRESENTATION_CONTEXT() REPRESENTATION_CONTEXT('2D SPACE',''
  ) );
#254 = PCURVE('',#44,#255);
#255 = DEFINITIONAL_REPRESENTATION('',(#256),#260);
#256 = LINE('',#257,#258);
#257 = CARTESIAN_POINT('',(3.682525075276,27.034739089325));
#258 = VECTOR('',#259,1.);
#259 = DIRECTION('',(-1.,-5.163348395626E-16));
#260 = ( GEOMETRIC_REPRESENTATION_CONTEXT(2) 
PARAMETRIC_REPRESENTATION_CONTEXT() REPRESENTATION_CONTEXT('2D SPACE',''
  ) );
#261 = ORIENTED_EDGE('',*,*,#262,.F.);
#262 = EDGE_CURVE('',#263,#240,#265,.T.);
#263 = VERTEX_POINT('',#264);
#264 = CARTESIAN_POINT('',(-20.99552266483,-96.0497382658,
    52.000000000025));
#265 = SURFACE_CURVE('',#266,(#270,#277),.PCURVE_S1.);
#266 = LINE('',#267,#268);
#267 = CARTESIAN_POINT('',(-22.42257499298,-95.83997148831,
    52.000000000025));
#268 = VECTOR('',#269,1.);
#269 = DIRECTION('',(-0.989368500156,0.145430295671,0.));
#270 = PCURVE('',#215,#271);
#271 = DEFINITIONAL_REPRESENTATION('',(#272),#276);
#272 = LINE('',#273,#274);
#273 = CARTESIAN_POINT('',(-2.857549591194,11.134687815956));
#274 = VECTOR('',#275,1.);
#275 = DIRECTION('',(0.989368500156,0.145430295671));
#276 = ( GEOMETRIC_REPRESENTATION_CONTEXT(2) 
PARAMETRIC_REPRESENTATION_CONTEXT() REPRESENTATION_CONTEXT('2D SPACE',''
  ) );
#277 = PCURVE('',#278,#283);
#278 = PLANE('',#279);
#279 = AXIS2_PLACEMENT_3D('',#280,#281,#282);
#280 = CARTESIAN_POINT('',(-21.22756762342,-96.01562926907,
    24.965260910701));
#281 = DIRECTION('',(-0.145430295671,-0.989368500156,7.931371502603E-17)
  );
#282 = DIRECTION('',(0.989368500156,-0.145430295671,4.034727162948E-16)
  );
#283 = DEFINITIONAL_REPRESENTATION('',(#284),#288);
#284 = LINE('',#285,#286);
#285 = CARTESIAN_POINT('',(-1.207848611887,27.034739089325));
#286 = VECTOR('',#287,1.);
#287 = DIRECTION('',(-1.,4.034727162948E-16));
#288 = ( GEOMETRIC_REPRESENTATION_CONTEXT(2) 
PARAMETRIC_REPRESENTATION_CONTEXT() REPRESENTATION_CONTEXT('2D SPACE',''
  ) );
#289 = ORIENTED_EDGE('',*,*,#290,.T.);
#290 = EDGE_CURVE('',#263,#291,#293,.T.);
#291 = VERTEX_POINT('',#292);
#292 = CARTESIAN_POINT('',(-20.99552266483,-118.5139759535,
    52.000000000025));
#293 = SURFACE_CURVE('',#294,(#298,#305),.PCURVE_S1.);
#294 = LINE('',#295,#296);
#295 = CARTESIAN_POINT('',(-20.99552266483,-96.0497382658,
    52.000000000025));
#296 = VECTOR('',#297,1.);
#297 = DIRECTION('',(0.,-1.,0.));
#298 = PCURVE('',#215,#299);
#299 = DEFINITIONAL_REPRESENTATION('',(#300),#304);
#300 = LINE('',#301,#302);
#301 = CARTESIAN_POINT('',(-4.28460191934,10.924921038474));
#302 = VECTOR('',#303,1.);
#303 = DIRECTION('',(0.,-1.));
#304 = ( GEOMETRIC_REPRESENTATION_CONTEXT(2) 
PARAMETRIC_REPRESENTATION_CONTEXT() REPRESENTATION_CONTEXT('2D SPACE',''
  ) );
#305 = PCURVE('',#306,#311);
#306 = PLANE('',#307);
#307 = AXIS2_PLACEMENT_3D('',#308,#309,#310);
#308 = CARTESIAN_POINT('',(-20.99552266483,-96.0497382658,
    24.965260910701));
#309 = DIRECTION('',(1.,-2.974788161694E-31,-5.45372713851E-16));
#310 = DIRECTION('',(3.503246160812E-46,1.,-5.454596620152E-16));
#311 = DEFINITIONAL_REPRESENTATION('',(#312),#316);
#312 = LINE('',#313,#314);
#313 = CARTESIAN_POINT('',(-1.474635964633E-14,27.034739089325));
#314 = VECTOR('',#315,1.);
#315 = DIRECTION('',(-1.,-5.454596620152E-16));
#316 = ( GEOMETRIC_REPRESENTATION_CONTEXT(2) 
PARAMETRIC_REPRESENTATION_CONTEXT() REPRESENTATION_CONTEXT('2D SPACE',''
  ) );
#317 = ORIENTED_EDGE('',*,*,#318,.F.);
#318 = EDGE_CURVE('',#319,#291,#321,.T.);
#319 = VERTEX_POINT('',#320);
#320 = CARTESIAN_POINT('',(-29.56443237657,-118.5139759535,
    52.000000000025));
#321 = SURFACE_CURVE('',#322,(#326,#333),.PCURVE_S1.);
#322 = LINE('',#323,#324);
#323 = CARTESIAN_POINT('',(-12.60127848037,-118.5139759535,
    52.000000000025));
#324 = VECTOR('',#325,1.);
#325 = DIRECTION('',(1.,-8.682795160125E-15,0.));
#326 = PCURVE('',#215,#327);
#327 = DEFINITIONAL_REPRESENTATION('',(#328),#332);
#328 = LINE('',#329,#330);
#329 = CARTESIAN_POINT('',(-12.6788461038,-11.53931664922));
#330 = VECTOR('',#331,1.);
#331 = DIRECTION('',(-1.,-8.682795160125E-15));
#332 = ( GEOMETRIC_REPRESENTATION_CONTEXT(2) 
PARAMETRIC_REPRESENTATION_CONTEXT() REPRESENTATION_CONTEXT('2D SPACE',''
  ) );
#333 = PCURVE('',#334,#339);
#334 = PLANE('',#335);
#335 = AXIS2_PLACEMENT_3D('',#336,#337,#338);
#336 = CARTESIAN_POINT('',(7.756762342533E-02,-118.5139759535,
    60.000000000007));
#337 = DIRECTION('',(-8.682795160125E-15,-1.,-1.514830410352E-13));
#338 = DIRECTION('',(1.,-8.682795160125E-15,-2.593829813521E-22));
#339 = DEFINITIONAL_REPRESENTATION('',(#340),#344);
#340 = LINE('',#341,#342);
#341 = CARTESIAN_POINT('',(-12.6788461038,-7.999999999982));
#342 = VECTOR('',#343,1.);
#343 = DIRECTION('',(1.,2.593829813521E-22));
#344 = ( GEOMETRIC_REPRESENTATION_CONTEXT(2) 
PARAMETRIC_REPRESENTATION_CONTEXT() REPRESENTATION_CONTEXT('2D SPACE',''
  ) );
#345 = ORIENTED_EDGE('',*,*,#346,.T.);
#346 = EDGE_CURVE('',#319,#205,#347,.T.);
#347 = SURFACE_CURVE('',#348,(#352,#359),.PCURVE_S1.);
#348 = LINE('',#349,#350);
#349 = CARTESIAN_POINT('',(-29.56443237657,-112.7443176288,
    52.000000000025));
#350 = VECTOR('',#351,1.);
#351 = DIRECTION('',(0.,-1.,0.));
#352 = PCURVE('',#215,#353);
#353 = DEFINITIONAL_REPRESENTATION('',(#354),#358);
#354 = LINE('',#355,#356);
#355 = CARTESIAN_POINT('',(4.284307792398,-5.769658324616));
#356 = VECTOR('',#357,1.);
#357 = DIRECTION('',(0.,-1.));
#358 = ( GEOMETRIC_REPRESENTATION_CONTEXT(2) 
PARAMETRIC_REPRESENTATION_CONTEXT() REPRESENTATION_CONTEXT('2D SPACE',''
  ) );
#359 = PCURVE('',#360,#365);
#360 = PLANE('',#361);
#361 = AXIS2_PLACEMENT_3D('',#362,#363,#364);
#362 = CARTESIAN_POINT('',(-29.56443237657,-118.5139759535,
    82.000000000007));
#363 = DIRECTION('',(-1.,0.,0.));
#364 = DIRECTION('',(0.,0.,1.));
#365 = DEFINITIONAL_REPRESENTATION('',(#366),#370);
#366 = LINE('',#367,#368);
#367 = CARTESIAN_POINT('',(-29.99999999998,5.769658324615));
#368 = VECTOR('',#369,1.);
#369 = DIRECTION('',(0.,-1.));
#370 = ( GEOMETRIC_REPRESENTATION_CONTEXT(2) 
PARAMETRIC_REPRESENTATION_CONTEXT() REPRESENTATION_CONTEXT('2D SPACE',''
  ) );
#371 = ADVANCED_FACE('',(#372,#858,#893,#928,#963,#993,#1028),#386,.F.);
#372 = FACE_BOUND('',#373,.T.);
#373 = EDGE_LOOP('',(#374,#404,#427,#450,#473,#501,#529,#557,#585,#613,
    #641,#669,#697,#725,#753,#781,#809,#837));
#374 = ORIENTED_EDGE('',*,*,#375,.T.);
#375 = EDGE_CURVE('',#376,#378,#380,.T.);
#376 = VERTEX_POINT('',#377);
#377 = CARTESIAN_POINT('',(-21.22756762342,-96.01562926907,
    24.965260910701));
#378 = VERTEX_POINT('',#379);
#379 = CARTESIAN_POINT('',(-39.57244641199,-91.36584370837,
    24.965260910701));
#380 = SURFACE_CURVE('',#381,(#385,#397),.PCURVE_S1.);
#381 = LINE('',#382,#383);
#382 = CARTESIAN_POINT('',(-21.22756762342,-96.01562926907,
    24.965260910701));
#383 = VECTOR('',#384,1.);
#384 = DIRECTION('',(-0.969347035974,0.245695591839,5.163348395626E-16)
  );
#385 = PCURVE('',#386,#391);
#386 = PLANE('',#387);
#387 = AXIS2_PLACEMENT_3D('',#388,#389,#390);
#388 = CARTESIAN_POINT('',(8.881784197001E-15,-91.80816710186,
    24.965260910701));
#389 = DIRECTION('',(0.,0.,1.));
#390 = DIRECTION('',(-1.,0.,0.));
#391 = DEFINITIONAL_REPRESENTATION('',(#392),#396);
#392 = LINE('',#393,#394);
#393 = CARTESIAN_POINT('',(21.227567623425,4.207462167202));
#394 = VECTOR('',#395,1.);
#395 = DIRECTION('',(0.969347035974,-0.245695591839));
#396 = ( GEOMETRIC_REPRESENTATION_CONTEXT(2) 
PARAMETRIC_REPRESENTATION_CONTEXT() REPRESENTATION_CONTEXT('2D SPACE',''
  ) );
#397 = PCURVE('',#44,#398);
#398 = DEFINITIONAL_REPRESENTATION('',(#399),#403);
#399 = LINE('',#400,#401);
#400 = CARTESIAN_POINT('',(8.600798858087,4.440892098501E-15));
#401 = VECTOR('',#402,1.);
#402 = DIRECTION('',(-1.,-3.944304526105E-31));
#403 = ( GEOMETRIC_REPRESENTATION_CONTEXT(2) 
PARAMETRIC_REPRESENTATION_CONTEXT() REPRESENTATION_CONTEXT('2D SPACE',''
  ) );
#404 = ORIENTED_EDGE('',*,*,#405,.T.);
#405 = EDGE_CURVE('',#378,#406,#408,.T.);
#406 = VERTEX_POINT('',#407);
#407 = CARTESIAN_POINT('',(-42.55030061898,-89.56838014016,
    24.965260910701));
#408 = SURFACE_CURVE('',#409,(#413,#420),.PCURVE_S1.);
#409 = LINE('',#410,#411);
#410 = CARTESIAN_POINT('',(-26.46117168896,-99.27994460426,
    24.965260910701));
#411 = VECTOR('',#412,1.);
#412 = DIRECTION('',(-0.856126281255,0.516766669344,0.));
#413 = PCURVE('',#386,#414);
#414 = DEFINITIONAL_REPRESENTATION('',(#415),#419);
#415 = LINE('',#416,#417);
#416 = CARTESIAN_POINT('',(26.461171688967,7.471777502399));
#417 = VECTOR('',#418,1.);
#418 = DIRECTION('',(0.856126281255,-0.516766669344));
#419 = ( GEOMETRIC_REPRESENTATION_CONTEXT(2) 
PARAMETRIC_REPRESENTATION_CONTEXT() REPRESENTATION_CONTEXT('2D SPACE',''
  ) );
#420 = PCURVE('',#154,#421);
#421 = DEFINITIONAL_REPRESENTATION('',(#422),#426);
#422 = LINE('',#423,#424);
#423 = CARTESIAN_POINT('',(18.792938941715,0.));
#424 = VECTOR('',#425,1.);
#425 = DIRECTION('',(-1.,0.));
#426 = ( GEOMETRIC_REPRESENTATION_CONTEXT(2) 
PARAMETRIC_REPRESENTATION_CONTEXT() REPRESENTATION_CONTEXT('2D SPACE',''
  ) );
#427 = ORIENTED_EDGE('',*,*,#428,.T.);
#428 = EDGE_CURVE('',#406,#429,#431,.T.);
#429 = VERTEX_POINT('',#430);
#430 = CARTESIAN_POINT('',(-36.47186739375,-79.49825228232,
    24.965260910701));
#431 = SURFACE_CURVE('',#432,(#436,#443),.PCURVE_S1.);
#432 = LINE('',#433,#434);
#433 = CARTESIAN_POINT('',(-41.00000061094,-87.0000012964,
    24.965260910701));
#434 = VECTOR('',#435,1.);
#435 = DIRECTION('',(0.516766669344,0.856126281255,0.));
#436 = PCURVE('',#386,#437);
#437 = DEFINITIONAL_REPRESENTATION('',(#438),#442);
#438 = LINE('',#439,#440);
#439 = CARTESIAN_POINT('',(41.000000610948,-4.808165805468));
#440 = VECTOR('',#441,1.);
#441 = DIRECTION('',(-0.516766669344,-0.856126281255));
#442 = ( GEOMETRIC_REPRESENTATION_CONTEXT(2) 
PARAMETRIC_REPRESENTATION_CONTEXT() REPRESENTATION_CONTEXT('2D SPACE',''
  ) );
#443 = PCURVE('',#128,#444);
#444 = DEFINITIONAL_REPRESENTATION('',(#445),#449);
#445 = LINE('',#446,#447);
#446 = CARTESIAN_POINT('',(8.76243280732,0.));
#447 = VECTOR('',#448,1.);
#448 = DIRECTION('',(-1.,0.));
#449 = ( GEOMETRIC_REPRESENTATION_CONTEXT(2) 
PARAMETRIC_REPRESENTATION_CONTEXT() REPRESENTATION_CONTEXT('2D SPACE',''
  ) );
#450 = ORIENTED_EDGE('',*,*,#451,.T.);
#451 = EDGE_CURVE('',#429,#452,#454,.T.);
#452 = VERTEX_POINT('',#453);
#453 = CARTESIAN_POINT('',(-29.56472650351,-84.53904092248,
    24.965260910701));
#454 = SURFACE_CURVE('',#455,(#459,#466),.PCURVE_S1.);
#455 = LINE('',#456,#457);
#456 = CARTESIAN_POINT('',(-36.47186739375,-79.49825228232,
    24.965260910701));
#457 = VECTOR('',#458,1.);
#458 = DIRECTION('',(0.807766301279,-0.58950284352,-6.910538272628E-30)
  );
#459 = PCURVE('',#386,#460);
#460 = DEFINITIONAL_REPRESENTATION('',(#461),#465);
#461 = LINE('',#462,#463);
#462 = CARTESIAN_POINT('',(36.471867393755,-12.30991481954));
#463 = VECTOR('',#464,1.);
#464 = DIRECTION('',(-0.807766301279,0.58950284352));
#465 = ( GEOMETRIC_REPRESENTATION_CONTEXT(2) 
PARAMETRIC_REPRESENTATION_CONTEXT() REPRESENTATION_CONTEXT('2D SPACE',''
  ) );
#466 = PCURVE('',#100,#467);
#467 = DEFINITIONAL_REPRESENTATION('',(#468),#472);
#468 = LINE('',#469,#470);
#469 = CARTESIAN_POINT('',(8.550914886278,-5.909142458761E-29));
#470 = VECTOR('',#471,1.);
#471 = DIRECTION('',(-1.,0.));
#472 = ( GEOMETRIC_REPRESENTATION_CONTEXT(2) 
PARAMETRIC_REPRESENTATION_CONTEXT() REPRESENTATION_CONTEXT('2D SPACE',''
  ) );
#473 = ORIENTED_EDGE('',*,*,#474,.T.);
#474 = EDGE_CURVE('',#452,#475,#477,.T.);
#475 = VERTEX_POINT('',#476);
#476 = CARTESIAN_POINT('',(-21.22756762342,-85.40122163723,
    24.965260910701));
#477 = SURFACE_CURVE('',#478,(#482,#489),.PCURVE_S1.);
#478 = LINE('',#479,#480);
#479 = CARTESIAN_POINT('',(-29.56472650351,-84.53904092248,
    24.965260910701));
#480 = VECTOR('',#481,1.);
#481 = DIRECTION('',(0.994695261317,-0.102865626491,-5.298368892726E-16)
  );
#482 = PCURVE('',#386,#483);
#483 = DEFINITIONAL_REPRESENTATION('',(#484),#488);
#484 = LINE('',#485,#486);
#485 = CARTESIAN_POINT('',(29.564726503517,-7.26912617938));
#486 = VECTOR('',#487,1.);
#487 = DIRECTION('',(-0.994695261317,0.102865626491));
#488 = ( GEOMETRIC_REPRESENTATION_CONTEXT(2) 
PARAMETRIC_REPRESENTATION_CONTEXT() REPRESENTATION_CONTEXT('2D SPACE',''
  ) );
#489 = PCURVE('',#490,#495);
#490 = PLANE('',#491);
#491 = AXIS2_PLACEMENT_3D('',#492,#493,#494);
#492 = CARTESIAN_POINT('',(-21.22756762342,-85.40122163723,
    24.965260910701));
#493 = DIRECTION('',(0.102865626491,0.994695261317,-5.610010588116E-17)
  );
#494 = DIRECTION('',(-0.994695261317,0.102865626491,5.298368892726E-16)
  );
#495 = DEFINITIONAL_REPRESENTATION('',(#496),#500);
#496 = LINE('',#497,#498);
#497 = CARTESIAN_POINT('',(8.381621190245,-4.440892098501E-15));
#498 = VECTOR('',#499,1.);
#499 = DIRECTION('',(-1.,9.860761315263E-32));
#500 = ( GEOMETRIC_REPRESENTATION_CONTEXT(2) 
PARAMETRIC_REPRESENTATION_CONTEXT() REPRESENTATION_CONTEXT('2D SPACE',''
  ) );
#501 = ORIENTED_EDGE('',*,*,#502,.F.);
#502 = EDGE_CURVE('',#503,#475,#505,.T.);
#503 = VERTEX_POINT('',#504);
#504 = CARTESIAN_POINT('',(-11.34219483062,-88.14171090981,
    24.965260910701));
#505 = SURFACE_CURVE('',#506,(#510,#517),.PCURVE_S1.);
#506 = LINE('',#507,#508);
#507 = CARTESIAN_POINT('',(-10.33791244377,-88.42012480127,
    24.965260910701));
#508 = VECTOR('',#509,1.);
#509 = DIRECTION('',(-0.963654730285,0.267150820325,-3.929864267327E-16)
  );
#510 = PCURVE('',#386,#511);
#511 = DEFINITIONAL_REPRESENTATION('',(#512),#516);
#512 = LINE('',#513,#514);
#513 = CARTESIAN_POINT('',(10.337912443771,-3.388042300597));
#514 = VECTOR('',#515,1.);
#515 = DIRECTION('',(0.963654730285,-0.267150820325));
#516 = ( GEOMETRIC_REPRESENTATION_CONTEXT(2) 
PARAMETRIC_REPRESENTATION_CONTEXT() REPRESENTATION_CONTEXT('2D SPACE',''
  ) );
#517 = PCURVE('',#518,#523);
#518 = PLANE('',#519);
#519 = AXIS2_PLACEMENT_3D('',#520,#521,#522);
#520 = CARTESIAN_POINT('',(-20.99552266483,-85.46555069523,
    24.965260910701));
#521 = DIRECTION('',(0.267150820325,0.963654730285,-1.456967678881E-16)
  );
#522 = DIRECTION('',(-0.963654730285,0.267150820325,-3.929864267327E-16)
  );
#523 = DEFINITIONAL_REPRESENTATION('',(#524),#528);
#524 = LINE('',#525,#526);
#525 = CARTESIAN_POINT('',(-11.05957339919,-4.346262231338E-15));
#526 = VECTOR('',#527,1.);
#527 = DIRECTION('',(1.,-1.479114197289E-31));
#528 = ( GEOMETRIC_REPRESENTATION_CONTEXT(2) 
PARAMETRIC_REPRESENTATION_CONTEXT() REPRESENTATION_CONTEXT('2D SPACE',''
  ) );
#529 = ORIENTED_EDGE('',*,*,#530,.T.);
#530 = EDGE_CURVE('',#503,#531,#533,.T.);
#531 = VERTEX_POINT('',#532);
#532 = CARTESIAN_POINT('',(-1.162264728904E-15,-85.4864831136,
    24.965260910701));
#533 = SURFACE_CURVE('',#534,(#538,#545),.PCURVE_S1.);
#534 = LINE('',#535,#536);
#535 = CARTESIAN_POINT('',(-0.758497987726,-85.6640488291,
    24.965260910701));
#536 = VECTOR('',#537,1.);
#537 = DIRECTION('',(0.973675385333,0.227939123443,0.));
#538 = PCURVE('',#386,#539);
#539 = DEFINITIONAL_REPRESENTATION('',(#540),#544);
#540 = LINE('',#541,#542);
#541 = CARTESIAN_POINT('',(0.758497987726,-6.144118272769));
#542 = VECTOR('',#543,1.);
#543 = DIRECTION('',(-0.973675385333,-0.227939123443));
#544 = ( GEOMETRIC_REPRESENTATION_CONTEXT(2) 
PARAMETRIC_REPRESENTATION_CONTEXT() REPRESENTATION_CONTEXT('2D SPACE',''
  ) );
#545 = PCURVE('',#546,#551);
#546 = PLANE('',#547);
#547 = AXIS2_PLACEMENT_3D('',#548,#549,#550);
#548 = CARTESIAN_POINT('',(-0.113969561722,-85.51316358883,
    24.965260910701));
#549 = DIRECTION('',(-0.227939123443,0.973675385333,0.));
#550 = DIRECTION('',(-0.973675385333,-0.227939123443,0.));
#551 = DEFINITIONAL_REPRESENTATION('',(#552),#556);
#552 = LINE('',#553,#554);
#553 = CARTESIAN_POINT('',(0.661954112955,0.));
#554 = VECTOR('',#555,1.);
#555 = DIRECTION('',(-1.,0.));
#556 = ( GEOMETRIC_REPRESENTATION_CONTEXT(2) 
PARAMETRIC_REPRESENTATION_CONTEXT() REPRESENTATION_CONTEXT('2D SPACE',''
  ) );
#557 = ORIENTED_EDGE('',*,*,#558,.T.);
#558 = EDGE_CURVE('',#531,#559,#561,.T.);
#559 = VERTEX_POINT('',#560);
#560 = CARTESIAN_POINT('',(11.34219483062,-88.14171090981,
    24.965260910701));
#561 = SURFACE_CURVE('',#562,(#566,#573),.PCURVE_S1.);
#562 = LINE('',#563,#564);
#563 = CARTESIAN_POINT('',(5.927454209611,-86.87411058898,
    24.965260910701));
#564 = VECTOR('',#565,1.);
#565 = DIRECTION('',(0.973675385333,-0.227939123443,0.));
#566 = PCURVE('',#386,#567);
#567 = DEFINITIONAL_REPRESENTATION('',(#568),#572);
#568 = LINE('',#569,#570);
#569 = CARTESIAN_POINT('',(-5.927454209611,-4.934056512883));
#570 = VECTOR('',#571,1.);
#571 = DIRECTION('',(-0.973675385333,0.227939123443));
#572 = ( GEOMETRIC_REPRESENTATION_CONTEXT(2) 
PARAMETRIC_REPRESENTATION_CONTEXT() REPRESENTATION_CONTEXT('2D SPACE',''
  ) );
#573 = PCURVE('',#574,#579);
#574 = PLANE('',#575);
#575 = AXIS2_PLACEMENT_3D('',#576,#577,#578);
#576 = CARTESIAN_POINT('',(10.451882005492,-87.9332871086,
    24.965260910701));
#577 = DIRECTION('',(0.227939123443,0.973675385333,0.));
#578 = DIRECTION('',(-0.973675385333,0.227939123443,0.));
#579 = DEFINITIONAL_REPRESENTATION('',(#580),#584);
#580 = LINE('',#581,#582);
#581 = CARTESIAN_POINT('',(4.646751745021,0.));
#582 = VECTOR('',#583,1.);
#583 = DIRECTION('',(-1.,0.));
#584 = ( GEOMETRIC_REPRESENTATION_CONTEXT(2) 
PARAMETRIC_REPRESENTATION_CONTEXT() REPRESENTATION_CONTEXT('2D SPACE',''
  ) );
#585 = ORIENTED_EDGE('',*,*,#586,.T.);
#586 = EDGE_CURVE('',#559,#587,#589,.T.);
#587 = VERTEX_POINT('',#588);
#588 = CARTESIAN_POINT('',(21.227567623425,-85.40122163723,
    24.965260910701));
#589 = SURFACE_CURVE('',#590,(#594,#601),.PCURVE_S1.);
#590 = LINE('',#591,#592);
#591 = CARTESIAN_POINT('',(10.337912443771,-88.42012480127,
    24.965260910701));
#592 = VECTOR('',#593,1.);
#593 = DIRECTION('',(0.963654730285,0.267150820325,-3.929864267327E-16)
  );
#594 = PCURVE('',#386,#595);
#595 = DEFINITIONAL_REPRESENTATION('',(#596),#600);
#596 = LINE('',#597,#598);
#597 = CARTESIAN_POINT('',(-10.33791244377,-3.388042300597));
#598 = VECTOR('',#599,1.);
#599 = DIRECTION('',(-0.963654730285,-0.267150820325));
#600 = ( GEOMETRIC_REPRESENTATION_CONTEXT(2) 
PARAMETRIC_REPRESENTATION_CONTEXT() REPRESENTATION_CONTEXT('2D SPACE',''
  ) );
#601 = PCURVE('',#602,#607);
#602 = PLANE('',#603);
#603 = AXIS2_PLACEMENT_3D('',#604,#605,#606);
#604 = CARTESIAN_POINT('',(21.227567623425,-85.40122163723,
    24.965260910701));
#605 = DIRECTION('',(-0.267150820325,0.963654730285,1.456967678881E-16)
  );
#606 = DIRECTION('',(-0.963654730285,-0.267150820325,3.929864267327E-16)
  );
#607 = DEFINITIONAL_REPRESENTATION('',(#608),#612);
#608 = LINE('',#609,#610);
#609 = CARTESIAN_POINT('',(11.300370181796,-4.440892098501E-15));
#610 = VECTOR('',#611,1.);
#611 = DIRECTION('',(-1.,-1.479114197289E-31));
#612 = ( GEOMETRIC_REPRESENTATION_CONTEXT(2) 
PARAMETRIC_REPRESENTATION_CONTEXT() REPRESENTATION_CONTEXT('2D SPACE',''
  ) );
#613 = ORIENTED_EDGE('',*,*,#614,.F.);
#614 = EDGE_CURVE('',#615,#587,#617,.T.);
#615 = VERTEX_POINT('',#616);
#616 = CARTESIAN_POINT('',(29.564726503517,-84.53904092248,
    24.965260910701));
#617 = SURFACE_CURVE('',#618,(#622,#629),.PCURVE_S1.);
#618 = LINE('',#619,#620);
#619 = CARTESIAN_POINT('',(29.564726503517,-84.53904092248,
    24.965260910701));
#620 = VECTOR('',#621,1.);
#621 = DIRECTION('',(-0.994695261317,-0.102865626491,-5.298368892726E-16
    ));
#622 = PCURVE('',#386,#623);
#623 = DEFINITIONAL_REPRESENTATION('',(#624),#628);
#624 = LINE('',#625,#626);
#625 = CARTESIAN_POINT('',(-29.56472650351,-7.26912617938));
#626 = VECTOR('',#627,1.);
#627 = DIRECTION('',(0.994695261317,0.102865626491));
#628 = ( GEOMETRIC_REPRESENTATION_CONTEXT(2) 
PARAMETRIC_REPRESENTATION_CONTEXT() REPRESENTATION_CONTEXT('2D SPACE',''
  ) );
#629 = PCURVE('',#630,#635);
#630 = PLANE('',#631);
#631 = AXIS2_PLACEMENT_3D('',#632,#633,#634);
#632 = CARTESIAN_POINT('',(29.564726503517,-84.53904092248,
    24.965260910701));
#633 = DIRECTION('',(-0.102865626491,0.994695261317,5.610010588116E-17)
  );
#634 = DIRECTION('',(-0.994695261317,-0.102865626491,-5.298368892726E-16
    ));
#635 = DEFINITIONAL_REPRESENTATION('',(#636),#640);
#636 = LINE('',#637,#638);
#637 = CARTESIAN_POINT('',(-0.,0.));
#638 = VECTOR('',#639,1.);
#639 = DIRECTION('',(1.,9.860761315263E-32));
#640 = ( GEOMETRIC_REPRESENTATION_CONTEXT(2) 
PARAMETRIC_REPRESENTATION_CONTEXT() REPRESENTATION_CONTEXT('2D SPACE',''
  ) );
#641 = ORIENTED_EDGE('',*,*,#642,.F.);
#642 = EDGE_CURVE('',#643,#615,#645,.T.);
#643 = VERTEX_POINT('',#644);
#644 = CARTESIAN_POINT('',(36.471867393755,-79.49825228232,
    24.965260910701));
#645 = SURFACE_CURVE('',#646,(#650,#657),.PCURVE_S1.);
#646 = LINE('',#647,#648);
#647 = CARTESIAN_POINT('',(36.471867393755,-79.49825228232,
    24.965260910701));
#648 = VECTOR('',#649,1.);
#649 = DIRECTION('',(-0.807766301279,-0.58950284352,-6.910538272628E-30)
  );
#650 = PCURVE('',#386,#651);
#651 = DEFINITIONAL_REPRESENTATION('',(#652),#656);
#652 = LINE('',#653,#654);
#653 = CARTESIAN_POINT('',(-36.47186739375,-12.30991481954));
#654 = VECTOR('',#655,1.);
#655 = DIRECTION('',(0.807766301279,0.58950284352));
#656 = ( GEOMETRIC_REPRESENTATION_CONTEXT(2) 
PARAMETRIC_REPRESENTATION_CONTEXT() REPRESENTATION_CONTEXT('2D SPACE',''
  ) );
#657 = PCURVE('',#658,#663);
#658 = PLANE('',#659);
#659 = AXIS2_PLACEMENT_3D('',#660,#661,#662);
#660 = CARTESIAN_POINT('',(36.471867393755,-79.49825228232,
    24.965260910701));
#661 = DIRECTION('',(-0.58950284352,0.807766301279,0.));
#662 = DIRECTION('',(-0.807766301279,-0.58950284352,-6.910538272628E-30)
  );
#663 = DEFINITIONAL_REPRESENTATION('',(#664),#668);
#664 = LINE('',#665,#666);
#665 = CARTESIAN_POINT('',(-0.,0.));
#666 = VECTOR('',#667,1.);
#667 = DIRECTION('',(1.,0.));
#668 = ( GEOMETRIC_REPRESENTATION_CONTEXT(2) 
PARAMETRIC_REPRESENTATION_CONTEXT() REPRESENTATION_CONTEXT('2D SPACE',''
  ) );
#669 = ORIENTED_EDGE('',*,*,#670,.F.);
#670 = EDGE_CURVE('',#671,#643,#673,.T.);
#671 = VERTEX_POINT('',#672);
#672 = CARTESIAN_POINT('',(42.550300618981,-89.56838014016,
    24.965260910701));
#673 = SURFACE_CURVE('',#674,(#678,#685),.PCURVE_S1.);
#674 = LINE('',#675,#676);
#675 = CARTESIAN_POINT('',(41.000000610948,-87.0000012964,
    24.965260910701));
#676 = VECTOR('',#677,1.);
#677 = DIRECTION('',(-0.516766669344,0.856126281255,0.));
#678 = PCURVE('',#386,#679);
#679 = DEFINITIONAL_REPRESENTATION('',(#680),#684);
#680 = LINE('',#681,#682);
#681 = CARTESIAN_POINT('',(-41.00000061094,-4.808165805468));
#682 = VECTOR('',#683,1.);
#683 = DIRECTION('',(0.516766669344,-0.856126281255));
#684 = ( GEOMETRIC_REPRESENTATION_CONTEXT(2) 
PARAMETRIC_REPRESENTATION_CONTEXT() REPRESENTATION_CONTEXT('2D SPACE',''
  ) );
#685 = PCURVE('',#686,#691);
#686 = PLANE('',#687);
#687 = AXIS2_PLACEMENT_3D('',#688,#689,#690);
#688 = CARTESIAN_POINT('',(41.000000610948,-87.0000012964,
    24.965260910701));
#689 = DIRECTION('',(0.856126281255,0.516766669344,0.));
#690 = DIRECTION('',(-0.516766669344,0.856126281255,0.));
#691 = DEFINITIONAL_REPRESENTATION('',(#692),#696);
#692 = LINE('',#693,#694);
#693 = CARTESIAN_POINT('',(0.,0.));
#694 = VECTOR('',#695,1.);
#695 = DIRECTION('',(1.,0.));
#696 = ( GEOMETRIC_REPRESENTATION_CONTEXT(2) 
PARAMETRIC_REPRESENTATION_CONTEXT() REPRESENTATION_CONTEXT('2D SPACE',''
  ) );
#697 = ORIENTED_EDGE('',*,*,#698,.T.);
#698 = EDGE_CURVE('',#671,#699,#701,.T.);
#699 = VERTEX_POINT('',#700);
#700 = CARTESIAN_POINT('',(39.572446411991,-91.36584370837,
    24.965260910701));
#701 = SURFACE_CURVE('',#702,(#706,#713),.PCURVE_S1.);
#702 = LINE('',#703,#704);
#703 = CARTESIAN_POINT('',(20.743534635251,-102.7311694077,
    24.965260910701));
#704 = VECTOR('',#705,1.);
#705 = DIRECTION('',(-0.856126281255,-0.516766669344,0.));
#706 = PCURVE('',#386,#707);
#707 = DEFINITIONAL_REPRESENTATION('',(#708),#712);
#708 = LINE('',#709,#710);
#709 = CARTESIAN_POINT('',(-20.74353463525,10.923002305869));
#710 = VECTOR('',#711,1.);
#711 = DIRECTION('',(0.856126281255,0.516766669344));
#712 = ( GEOMETRIC_REPRESENTATION_CONTEXT(2) 
PARAMETRIC_REPRESENTATION_CONTEXT() REPRESENTATION_CONTEXT('2D SPACE',''
  ) );
#713 = PCURVE('',#714,#719);
#714 = PLANE('',#715);
#715 = AXIS2_PLACEMENT_3D('',#716,#717,#718);
#716 = CARTESIAN_POINT('',(31.11502651155,-96.4708297471,24.965260910701
    ));
#717 = DIRECTION('',(0.516766669344,-0.856126281255,0.));
#718 = DIRECTION('',(0.856126281255,0.516766669344,0.));
#719 = DEFINITIONAL_REPRESENTATION('',(#720),#724);
#720 = LINE('',#721,#722);
#721 = CARTESIAN_POINT('',(-12.1144416465,0.));
#722 = VECTOR('',#723,1.);
#723 = DIRECTION('',(-1.,0.));
#724 = ( GEOMETRIC_REPRESENTATION_CONTEXT(2) 
PARAMETRIC_REPRESENTATION_CONTEXT() REPRESENTATION_CONTEXT('2D SPACE',''
  ) );
#725 = ORIENTED_EDGE('',*,*,#726,.F.);
#726 = EDGE_CURVE('',#727,#699,#729,.T.);
#727 = VERTEX_POINT('',#728);
#728 = CARTESIAN_POINT('',(21.227567623425,-96.01562926907,
    24.965260910701));
#729 = SURFACE_CURVE('',#730,(#734,#741),.PCURVE_S1.);
#730 = LINE('',#731,#732);
#731 = CARTESIAN_POINT('',(21.227567623425,-96.01562926907,
    24.965260910701));
#732 = VECTOR('',#733,1.);
#733 = DIRECTION('',(0.969347035974,0.245695591839,5.163348395626E-16));
#734 = PCURVE('',#386,#735);
#735 = DEFINITIONAL_REPRESENTATION('',(#736),#740);
#736 = LINE('',#737,#738);
#737 = CARTESIAN_POINT('',(-21.22756762342,4.207462167202));
#738 = VECTOR('',#739,1.);
#739 = DIRECTION('',(-0.969347035974,-0.245695591839));
#740 = ( GEOMETRIC_REPRESENTATION_CONTEXT(2) 
PARAMETRIC_REPRESENTATION_CONTEXT() REPRESENTATION_CONTEXT('2D SPACE',''
  ) );
#741 = PCURVE('',#742,#747);
#742 = PLANE('',#743);
#743 = AXIS2_PLACEMENT_3D('',#744,#745,#746);
#744 = CARTESIAN_POINT('',(21.227567623425,-96.01562926907,
    24.965260910701));
#745 = DIRECTION('',(0.245695591839,-0.969347035974,-1.339956717026E-16)
  );
#746 = DIRECTION('',(0.969347035974,0.245695591839,5.163348395626E-16));
#747 = DEFINITIONAL_REPRESENTATION('',(#748),#752);
#748 = LINE('',#749,#750);
#749 = CARTESIAN_POINT('',(0.,0.));
#750 = VECTOR('',#751,1.);
#751 = DIRECTION('',(1.,-2.958228394579E-31));
#752 = ( GEOMETRIC_REPRESENTATION_CONTEXT(2) 
PARAMETRIC_REPRESENTATION_CONTEXT() REPRESENTATION_CONTEXT('2D SPACE',''
  ) );
#753 = ORIENTED_EDGE('',*,*,#754,.T.);
#754 = EDGE_CURVE('',#727,#755,#757,.T.);
#755 = VERTEX_POINT('',#756);
#756 = CARTESIAN_POINT('',(10.337912443771,-97.61633292223,
    24.965260910701));
#757 = SURFACE_CURVE('',#758,(#762,#769),.PCURVE_S1.);
#758 = LINE('',#759,#760);
#759 = CARTESIAN_POINT('',(21.227567623425,-96.01562926907,
    24.965260910701));
#760 = VECTOR('',#761,1.);
#761 = DIRECTION('',(-0.989368500156,-0.145430295671,4.034727162948E-16)
  );
#762 = PCURVE('',#386,#763);
#763 = DEFINITIONAL_REPRESENTATION('',(#764),#768);
#764 = LINE('',#765,#766);
#765 = CARTESIAN_POINT('',(-21.22756762342,4.207462167202));
#766 = VECTOR('',#767,1.);
#767 = DIRECTION('',(0.989368500156,0.145430295671));
#768 = ( GEOMETRIC_REPRESENTATION_CONTEXT(2) 
PARAMETRIC_REPRESENTATION_CONTEXT() REPRESENTATION_CONTEXT('2D SPACE',''
  ) );
#769 = PCURVE('',#770,#775);
#770 = PLANE('',#771);
#771 = AXIS2_PLACEMENT_3D('',#772,#773,#774);
#772 = CARTESIAN_POINT('',(20.995522664836,-96.0497382658,
    24.965260910701));
#773 = DIRECTION('',(0.145430295671,-0.989368500156,-7.931371502603E-17)
  );
#774 = DIRECTION('',(0.989368500156,0.145430295671,-4.034727162948E-16)
  );
#775 = DEFINITIONAL_REPRESENTATION('',(#776),#780);
#776 = LINE('',#777,#778);
#777 = CARTESIAN_POINT('',(0.234538454127,9.462986716222E-17));
#778 = VECTOR('',#779,1.);
#779 = DIRECTION('',(-1.,1.479114197289E-31));
#780 = ( GEOMETRIC_REPRESENTATION_CONTEXT(2) 
PARAMETRIC_REPRESENTATION_CONTEXT() REPRESENTATION_CONTEXT('2D SPACE',''
  ) );
#781 = ORIENTED_EDGE('',*,*,#782,.F.);
#782 = EDGE_CURVE('',#783,#755,#785,.T.);
#783 = VERTEX_POINT('',#784);
#784 = CARTESIAN_POINT('',(0.,-95.19620940246,24.965260910701));
#785 = SURFACE_CURVE('',#786,(#790,#797),.PCURVE_S1.);
#786 = LINE('',#787,#788);
#787 = CARTESIAN_POINT('',(0.,-95.19620940246,24.965260910701));
#788 = VECTOR('',#789,1.);
#789 = DIRECTION('',(0.973675385333,-0.227939123443,0.));
#790 = PCURVE('',#386,#791);
#791 = DEFINITIONAL_REPRESENTATION('',(#792),#796);
#792 = LINE('',#793,#794);
#793 = CARTESIAN_POINT('',(8.881784197001E-15,3.388042300597));
#794 = VECTOR('',#795,1.);
#795 = DIRECTION('',(-0.973675385333,0.227939123443));
#796 = ( GEOMETRIC_REPRESENTATION_CONTEXT(2) 
PARAMETRIC_REPRESENTATION_CONTEXT() REPRESENTATION_CONTEXT('2D SPACE',''
  ) );
#797 = PCURVE('',#798,#803);
#798 = PLANE('',#799);
#799 = AXIS2_PLACEMENT_3D('',#800,#801,#802);
#800 = CARTESIAN_POINT('',(0.,-95.19620940246,24.965260910701));
#801 = DIRECTION('',(-0.227939123443,-0.973675385333,0.));
#802 = DIRECTION('',(0.973675385333,-0.227939123443,0.));
#803 = DEFINITIONAL_REPRESENTATION('',(#804),#808);
#804 = LINE('',#805,#806);
#805 = CARTESIAN_POINT('',(0.,0.));
#806 = VECTOR('',#807,1.);
#807 = DIRECTION('',(1.,0.));
#808 = ( GEOMETRIC_REPRESENTATION_CONTEXT(2) 
PARAMETRIC_REPRESENTATION_CONTEXT() REPRESENTATION_CONTEXT('2D SPACE',''
  ) );
#809 = ORIENTED_EDGE('',*,*,#810,.F.);
#810 = EDGE_CURVE('',#811,#783,#813,.T.);
#811 = VERTEX_POINT('',#812);
#812 = CARTESIAN_POINT('',(-10.33791244377,-97.61633292223,
    24.965260910701));
#813 = SURFACE_CURVE('',#814,(#818,#825),.PCURVE_S1.);
#814 = LINE('',#815,#816);
#815 = CARTESIAN_POINT('',(-10.33791244377,-97.61633292223,
    24.965260910701));
#816 = VECTOR('',#817,1.);
#817 = DIRECTION('',(0.973675385333,0.227939123443,0.));
#818 = PCURVE('',#386,#819);
#819 = DEFINITIONAL_REPRESENTATION('',(#820),#824);
#820 = LINE('',#821,#822);
#821 = CARTESIAN_POINT('',(10.337912443771,5.808165820369));
#822 = VECTOR('',#823,1.);
#823 = DIRECTION('',(-0.973675385333,-0.227939123443));
#824 = ( GEOMETRIC_REPRESENTATION_CONTEXT(2) 
PARAMETRIC_REPRESENTATION_CONTEXT() REPRESENTATION_CONTEXT('2D SPACE',''
  ) );
#825 = PCURVE('',#826,#831);
#826 = PLANE('',#827);
#827 = AXIS2_PLACEMENT_3D('',#828,#829,#830);
#828 = CARTESIAN_POINT('',(-10.33791244377,-97.61633292223,
    24.965260910701));
#829 = DIRECTION('',(0.227939123443,-0.973675385333,0.));
#830 = DIRECTION('',(0.973675385333,0.227939123443,0.));
#831 = DEFINITIONAL_REPRESENTATION('',(#832),#836);
#832 = LINE('',#833,#834);
#833 = CARTESIAN_POINT('',(0.,0.));
#834 = VECTOR('',#835,1.);
#835 = DIRECTION('',(1.,0.));
#836 = ( GEOMETRIC_REPRESENTATION_CONTEXT(2) 
PARAMETRIC_REPRESENTATION_CONTEXT() REPRESENTATION_CONTEXT('2D SPACE',''
  ) );
#837 = ORIENTED_EDGE('',*,*,#838,.F.);
#838 = EDGE_CURVE('',#376,#811,#839,.T.);
#839 = SURFACE_CURVE('',#840,(#844,#851),.PCURVE_S1.);
#840 = LINE('',#841,#842);
#841 = CARTESIAN_POINT('',(-21.22756762342,-96.01562926907,
    24.965260910701));
#842 = VECTOR('',#843,1.);
#843 = DIRECTION('',(0.989368500156,-0.145430295671,4.034727162948E-16)
  );
#844 = PCURVE('',#386,#845);
#845 = DEFINITIONAL_REPRESENTATION('',(#846),#850);
#846 = LINE('',#847,#848);
#847 = CARTESIAN_POINT('',(21.227567623425,4.207462167202));
#848 = VECTOR('',#849,1.);
#849 = DIRECTION('',(-0.989368500156,0.145430295671));
#850 = ( GEOMETRIC_REPRESENTATION_CONTEXT(2) 
PARAMETRIC_REPRESENTATION_CONTEXT() REPRESENTATION_CONTEXT('2D SPACE',''
  ) );
#851 = PCURVE('',#278,#852);
#852 = DEFINITIONAL_REPRESENTATION('',(#853),#857);
#853 = LINE('',#854,#855);
#854 = CARTESIAN_POINT('',(0.,0.));
#855 = VECTOR('',#856,1.);
#856 = DIRECTION('',(1.,0.));
#857 = ( GEOMETRIC_REPRESENTATION_CONTEXT(2) 
PARAMETRIC_REPRESENTATION_CONTEXT() REPRESENTATION_CONTEXT('2D SPACE',''
  ) );
#858 = FACE_BOUND('',#859,.T.);
#859 = EDGE_LOOP('',(#860));
#860 = ORIENTED_EDGE('',*,*,#861,.F.);
#861 = EDGE_CURVE('',#862,#862,#864,.T.);
#862 = VERTEX_POINT('',#863);
#863 = CARTESIAN_POINT('',(1.671158065142,-90.5945819656,24.965260910701
    ));
#864 = SURFACE_CURVE('',#865,(#870,#881),.PCURVE_S1.);
#865 = CIRCLE('',#866,1.5);
#866 = AXIS2_PLACEMENT_3D('',#867,#868,#869);
#867 = CARTESIAN_POINT('',(0.171158065142,-90.5945819656,24.965260910701
    ));
#868 = DIRECTION('',(0.,0.,-1.));
#869 = DIRECTION('',(-1.,0.,0.));
#870 = PCURVE('',#386,#871);
#871 = DEFINITIONAL_REPRESENTATION('',(#872),#880);
#872 = ( BOUNDED_CURVE() B_SPLINE_CURVE(2,(#873,#874,#875,#876,#877,#878
,#879),.UNSPECIFIED.,.T.,.F.) B_SPLINE_CURVE_WITH_KNOTS((1,2,2,2,2,1),(
    -2.094395102393,0.,2.094395102393,4.188790204786,6.28318530718,
8.377580409573),.UNSPECIFIED.) CURVE() GEOMETRIC_REPRESENTATION_ITEM() 
RATIONAL_B_SPLINE_CURVE((1.,0.5,1.,0.5,1.,0.5,1.)) REPRESENTATION_ITEM(
  '') );
#873 = CARTESIAN_POINT('',(1.328841934858,-1.213585136266));
#874 = CARTESIAN_POINT('',(1.328841934858,-3.811661347619));
#875 = CARTESIAN_POINT('',(-0.921158065142,-2.512623241943));
#876 = CARTESIAN_POINT('',(-3.171158065142,-1.213585136266));
#877 = CARTESIAN_POINT('',(-0.921158065142,8.545296941055E-02));
#878 = CARTESIAN_POINT('',(1.328841934858,1.384491075087));
#879 = CARTESIAN_POINT('',(1.328841934858,-1.213585136266));
#880 = ( GEOMETRIC_REPRESENTATION_CONTEXT(2) 
PARAMETRIC_REPRESENTATION_CONTEXT() REPRESENTATION_CONTEXT('2D SPACE',''
  ) );
#881 = PCURVE('',#882,#887);
#882 = CYLINDRICAL_SURFACE('',#883,1.5);
#883 = AXIS2_PLACEMENT_3D('',#884,#885,#886);
#884 = CARTESIAN_POINT('',(0.171158065142,-90.5945819656,24.965260910701
    ));
#885 = DIRECTION('',(0.,0.,1.));
#886 = DIRECTION('',(-1.,0.,0.));
#887 = DEFINITIONAL_REPRESENTATION('',(#888),#892);
#888 = LINE('',#889,#890);
#889 = CARTESIAN_POINT('',(6.28318530718,0.));
#890 = VECTOR('',#891,1.);
#891 = DIRECTION('',(-1.,0.));
#892 = ( GEOMETRIC_REPRESENTATION_CONTEXT(2) 
PARAMETRIC_REPRESENTATION_CONTEXT() REPRESENTATION_CONTEXT('2D SPACE',''
  ) );
#893 = FACE_BOUND('',#894,.T.);
#894 = EDGE_LOOP('',(#895));
#895 = ORIENTED_EDGE('',*,*,#896,.F.);
#896 = EDGE_CURVE('',#897,#897,#899,.T.);
#897 = VERTEX_POINT('',#898);
#898 = CARTESIAN_POINT('',(16.408691177476,-93.108916741,24.965260910701
    ));
#899 = SURFACE_CURVE('',#900,(#905,#916),.PCURVE_S1.);
#900 = CIRCLE('',#901,1.5);
#901 = AXIS2_PLACEMENT_3D('',#902,#903,#904);
#902 = CARTESIAN_POINT('',(14.908691177476,-93.108916741,24.965260910701
    ));
#903 = DIRECTION('',(0.,0.,-1.));
#904 = DIRECTION('',(-1.,0.,0.));
#905 = PCURVE('',#386,#906);
#906 = DEFINITIONAL_REPRESENTATION('',(#907),#915);
#907 = ( BOUNDED_CURVE() B_SPLINE_CURVE(2,(#908,#909,#910,#911,#912,#913
,#914),.UNSPECIFIED.,.T.,.F.) B_SPLINE_CURVE_WITH_KNOTS((1,2,2,2,2,1),(
    -2.094395102393,0.,2.094395102393,4.188790204786,6.28318530718,
8.377580409573),.UNSPECIFIED.) CURVE() GEOMETRIC_REPRESENTATION_ITEM() 
RATIONAL_B_SPLINE_CURVE((1.,0.5,1.,0.5,1.,0.5,1.)) REPRESENTATION_ITEM(
  '') );
#908 = CARTESIAN_POINT('',(-13.40869117747,1.300749639132));
#909 = CARTESIAN_POINT('',(-13.40869117747,-1.297326572222));
#910 = CARTESIAN_POINT('',(-15.65869117747,1.711533454928E-03));
#911 = CARTESIAN_POINT('',(-17.90869117747,1.300749639132));
#912 = CARTESIAN_POINT('',(-15.65869117747,2.599787744808));
#913 = CARTESIAN_POINT('',(-13.40869117747,3.898825850485));
#914 = CARTESIAN_POINT('',(-13.40869117747,1.300749639132));
#915 = ( GEOMETRIC_REPRESENTATION_CONTEXT(2) 
PARAMETRIC_REPRESENTATION_CONTEXT() REPRESENTATION_CONTEXT('2D SPACE',''
  ) );
#916 = PCURVE('',#917,#922);
#917 = CYLINDRICAL_SURFACE('',#918,1.5);
#918 = AXIS2_PLACEMENT_3D('',#919,#920,#921);
#919 = CARTESIAN_POINT('',(14.908691177476,-93.108916741,24.965260910701
    ));
#920 = DIRECTION('',(0.,0.,1.));
#921 = DIRECTION('',(-1.,0.,0.));
#922 = DEFINITIONAL_REPRESENTATION('',(#923),#927);
#923 = LINE('',#924,#925);
#924 = CARTESIAN_POINT('',(6.28318530718,0.));
#925 = VECTOR('',#926,1.);
#926 = DIRECTION('',(-1.,0.));
#927 = ( GEOMETRIC_REPRESENTATION_CONTEXT(2) 
PARAMETRIC_REPRESENTATION_CONTEXT() REPRESENTATION_CONTEXT('2D SPACE',''
  ) );
#928 = FACE_BOUND('',#929,.T.);
#929 = EDGE_LOOP('',(#930));
#930 = ORIENTED_EDGE('',*,*,#931,.F.);
#931 = EDGE_CURVE('',#932,#932,#934,.T.);
#932 = VERTEX_POINT('',#933);
#933 = CARTESIAN_POINT('',(25.805617385335,-89.68871530774,
    24.965260910701));
#934 = SURFACE_CURVE('',#935,(#940,#951),.PCURVE_S1.);
#935 = CIRCLE('',#936,1.5);
#936 = AXIS2_PLACEMENT_3D('',#937,#938,#939);
#937 = CARTESIAN_POINT('',(24.305617385335,-89.68871530774,
    24.965260910701));
#938 = DIRECTION('',(-4.930380657631E-32,-6.037974890946E-48,-1.));
#939 = DIRECTION('',(-1.,0.,4.930380657631E-32));
#940 = PCURVE('',#386,#941);
#941 = DEFINITIONAL_REPRESENTATION('',(#942),#950);
#942 = ( BOUNDED_CURVE() B_SPLINE_CURVE(2,(#943,#944,#945,#946,#947,#948
,#949),.UNSPECIFIED.,.T.,.F.) B_SPLINE_CURVE_WITH_KNOTS((1,2,2,2,2,1),(
    -2.094395102393,0.,2.094395102393,4.188790204786,6.28318530718,
8.377580409573),.UNSPECIFIED.) CURVE() GEOMETRIC_REPRESENTATION_ITEM() 
RATIONAL_B_SPLINE_CURVE((1.,0.5,1.,0.5,1.,0.5,1.)) REPRESENTATION_ITEM(
  '') );
#943 = CARTESIAN_POINT('',(-22.80561738533,-2.119451794125));
#944 = CARTESIAN_POINT('',(-22.80561738533,-4.717528005478));
#945 = CARTESIAN_POINT('',(-25.05561738533,-3.418489899802));
#946 = CARTESIAN_POINT('',(-27.30561738533,-2.119451794125));
#947 = CARTESIAN_POINT('',(-25.05561738533,-0.820413688448));
#948 = CARTESIAN_POINT('',(-22.80561738533,0.478624417228));
#949 = CARTESIAN_POINT('',(-22.80561738533,-2.119451794125));
#950 = ( GEOMETRIC_REPRESENTATION_CONTEXT(2) 
PARAMETRIC_REPRESENTATION_CONTEXT() REPRESENTATION_CONTEXT('2D SPACE',''
  ) );
#951 = PCURVE('',#952,#957);
#952 = CYLINDRICAL_SURFACE('',#953,1.5);
#953 = AXIS2_PLACEMENT_3D('',#954,#955,#956);
#954 = CARTESIAN_POINT('',(24.305617385335,-89.68871530774,
    24.965260910701));
#955 = DIRECTION('',(5.45372713851E-16,0.,1.));
#956 = DIRECTION('',(-1.,0.,5.45372713851E-16));
#957 = DEFINITIONAL_REPRESENTATION('',(#958),#962);
#958 = LINE('',#959,#960);
#959 = CARTESIAN_POINT('',(6.28318530718,0.));
#960 = VECTOR('',#961,1.);
#961 = DIRECTION('',(-1.,0.));
#962 = ( GEOMETRIC_REPRESENTATION_CONTEXT(2) 
PARAMETRIC_REPRESENTATION_CONTEXT() REPRESENTATION_CONTEXT('2D SPACE',''
  ) );
#963 = FACE_BOUND('',#964,.T.);
#964 = EDGE_LOOP('',(#965));
#965 = ORIENTED_EDGE('',*,*,#966,.F.);
#966 = EDGE_CURVE('',#967,#967,#969,.T.);
#967 = VERTEX_POINT('',#968);
#968 = CARTESIAN_POINT('',(-31.86022746291,-86.26851387448,
    24.965260910701));
#969 = SURFACE_CURVE('',#970,(#975,#986),.PCURVE_S1.);
#970 = CIRCLE('',#971,1.5);
#971 = AXIS2_PLACEMENT_3D('',#972,#973,#974);
#972 = CARTESIAN_POINT('',(-33.36022746291,-86.26851387448,
    24.965260910701));
#973 = DIRECTION('',(0.,0.,-1.));
#974 = DIRECTION('',(-1.,0.,0.));
#975 = PCURVE('',#386,#976);
#976 = DEFINITIONAL_REPRESENTATION('',(#977),#985);
#977 = ( BOUNDED_CURVE() B_SPLINE_CURVE(2,(#978,#979,#980,#981,#982,#983
,#984),.UNSPECIFIED.,.T.,.F.) B_SPLINE_CURVE_WITH_KNOTS((1,2,2,2,2,1),(
    -2.094395102393,0.,2.094395102393,4.188790204786,6.28318530718,
8.377580409573),.UNSPECIFIED.) CURVE() GEOMETRIC_REPRESENTATION_ITEM() 
RATIONAL_B_SPLINE_CURVE((1.,0.5,1.,0.5,1.,0.5,1.)) REPRESENTATION_ITEM(
  '') );
#978 = CARTESIAN_POINT('',(34.86022746291,-5.539653227382));
#979 = CARTESIAN_POINT('',(34.86022746291,-8.137729438735));
#980 = CARTESIAN_POINT('',(32.61022746291,-6.838691333058));
#981 = CARTESIAN_POINT('',(30.36022746291,-5.539653227382));
#982 = CARTESIAN_POINT('',(32.61022746291,-4.240615121705));
#983 = CARTESIAN_POINT('',(34.86022746291,-2.941577016028));
#984 = CARTESIAN_POINT('',(34.86022746291,-5.539653227382));
#985 = ( GEOMETRIC_REPRESENTATION_CONTEXT(2) 
PARAMETRIC_REPRESENTATION_CONTEXT() REPRESENTATION_CONTEXT('2D SPACE',''
  ) );
#986 = PCURVE('',#189,#987);
#987 = DEFINITIONAL_REPRESENTATION('',(#988),#992);
#988 = LINE('',#989,#990);
#989 = CARTESIAN_POINT('',(6.28318530718,0.));
#990 = VECTOR('',#991,1.);
#991 = DIRECTION('',(-1.,0.));
#992 = ( GEOMETRIC_REPRESENTATION_CONTEXT(2) 
PARAMETRIC_REPRESENTATION_CONTEXT() REPRESENTATION_CONTEXT('2D SPACE',''
  ) );
#993 = FACE_BOUND('',#994,.T.);
#994 = EDGE_LOOP('',(#995));
#995 = ORIENTED_EDGE('',*,*,#996,.F.);
#996 = EDGE_CURVE('',#997,#997,#999,.T.);
#997 = VERTEX_POINT('',#998);
#998 = CARTESIAN_POINT('',(-13.06637504719,-93.108916741,24.965260910701
    ));
#999 = SURFACE_CURVE('',#1000,(#1005,#1016),.PCURVE_S1.);
#1000 = CIRCLE('',#1001,1.5);
#1001 = AXIS2_PLACEMENT_3D('',#1002,#1003,#1004);
#1002 = CARTESIAN_POINT('',(-14.56637504719,-93.108916741,
    24.965260910701));
#1003 = DIRECTION('',(4.930380657631E-32,-6.604300488459E-15,-1.));
#1004 = DIRECTION('',(-1.,-3.256171538548E-46,-4.930380657631E-32));
#1005 = PCURVE('',#386,#1006);
#1006 = DEFINITIONAL_REPRESENTATION('',(#1007),#1015);
#1007 = ( BOUNDED_CURVE() B_SPLINE_CURVE(2,(#1008,#1009,#1010,#1011,
#1012,#1013,#1014),.UNSPECIFIED.,.T.,.F.) B_SPLINE_CURVE_WITH_KNOTS((1,2
    ,2,2,2,1),(-2.094395102393,0.,2.094395102393,4.188790204786,
6.28318530718,8.377580409573),.UNSPECIFIED.) CURVE() 
GEOMETRIC_REPRESENTATION_ITEM() RATIONAL_B_SPLINE_CURVE((1.,0.5,1.,0.5,
1.,0.5,1.)) REPRESENTATION_ITEM('') );
#1008 = CARTESIAN_POINT('',(16.066375047192,1.300749639132));
#1009 = CARTESIAN_POINT('',(16.066375047192,-1.297326572222));
#1010 = CARTESIAN_POINT('',(13.816375047192,1.711533454946E-03));
#1011 = CARTESIAN_POINT('',(11.566375047192,1.300749639132));
#1012 = CARTESIAN_POINT('',(13.816375047192,2.599787744808));
#1013 = CARTESIAN_POINT('',(16.066375047192,3.898825850485));
#1014 = CARTESIAN_POINT('',(16.066375047192,1.300749639132));
#1015 = ( GEOMETRIC_REPRESENTATION_CONTEXT(2) 
PARAMETRIC_REPRESENTATION_CONTEXT() REPRESENTATION_CONTEXT('2D SPACE',''
  ) );
#1016 = PCURVE('',#1017,#1022);
#1017 = CYLINDRICAL_SURFACE('',#1018,1.5);
#1018 = AXIS2_PLACEMENT_3D('',#1019,#1020,#1021);
#1019 = CARTESIAN_POINT('',(-14.56637504719,-93.108916741,
    24.965260910701));
#1020 = DIRECTION('',(0.,0.,1.));
#1021 = DIRECTION('',(-1.,0.,0.));
#1022 = DEFINITIONAL_REPRESENTATION('',(#1023),#1027);
#1023 = LINE('',#1024,#1025);
#1024 = CARTESIAN_POINT('',(6.28318530718,0.));
#1025 = VECTOR('',#1026,1.);
#1026 = DIRECTION('',(-1.,0.));
#1027 = ( GEOMETRIC_REPRESENTATION_CONTEXT(2) 
PARAMETRIC_REPRESENTATION_CONTEXT() REPRESENTATION_CONTEXT('2D SPACE',''
  ) );
#1028 = FACE_BOUND('',#1029,.T.);
#1029 = EDGE_LOOP('',(#1030));
#1030 = ORIENTED_EDGE('',*,*,#1031,.F.);
#1031 = EDGE_CURVE('',#1032,#1032,#1034,.T.);
#1032 = VERTEX_POINT('',#1033);
#1033 = CARTESIAN_POINT('',(35.202543593195,-86.26851387448,
    24.965260910701));
#1034 = SURFACE_CURVE('',#1035,(#1040,#1051),.PCURVE_S1.);
#1035 = CIRCLE('',#1036,1.5);
#1036 = AXIS2_PLACEMENT_3D('',#1037,#1038,#1039);
#1037 = CARTESIAN_POINT('',(33.702543593195,-86.26851387448,
    24.965260910701));
#1038 = DIRECTION('',(0.,0.,-1.));
#1039 = DIRECTION('',(-1.,0.,0.));
#1040 = PCURVE('',#386,#1041);
#1041 = DEFINITIONAL_REPRESENTATION('',(#1042),#1050);
#1042 = ( BOUNDED_CURVE() B_SPLINE_CURVE(2,(#1043,#1044,#1045,#1046,
#1047,#1048,#1049),.UNSPECIFIED.,.T.,.F.) B_SPLINE_CURVE_WITH_KNOTS((1,2
    ,2,2,2,1),(-2.094395102393,0.,2.094395102393,4.188790204786,
6.28318530718,8.377580409573),.UNSPECIFIED.) CURVE() 
GEOMETRIC_REPRESENTATION_ITEM() RATIONAL_B_SPLINE_CURVE((1.,0.5,1.,0.5,
1.,0.5,1.)) REPRESENTATION_ITEM('') );
#1043 = CARTESIAN_POINT('',(-32.20254359319,-5.539653227382));
#1044 = CARTESIAN_POINT('',(-32.20254359319,-8.137729438735));
#1045 = CARTESIAN_POINT('',(-34.45254359319,-6.838691333058));
#1046 = CARTESIAN_POINT('',(-36.70254359319,-5.539653227382));
#1047 = CARTESIAN_POINT('',(-34.45254359319,-4.240615121705));
#1048 = CARTESIAN_POINT('',(-32.20254359319,-2.941577016028));
#1049 = CARTESIAN_POINT('',(-32.20254359319,-5.539653227382));
#1050 = ( GEOMETRIC_REPRESENTATION_CONTEXT(2) 
PARAMETRIC_REPRESENTATION_CONTEXT() REPRESENTATION_CONTEXT('2D SPACE',''
  ) );
#1051 = PCURVE('',#1052,#1057);
#1052 = CYLINDRICAL_SURFACE('',#1053,1.5);
#1053 = AXIS2_PLACEMENT_3D('',#1054,#1055,#1056);
#1054 = CARTESIAN_POINT('',(33.702543593195,-86.26851387448,
    24.965260910701));
#1055 = DIRECTION('',(0.,0.,1.));
#1056 = DIRECTION('',(-1.,0.,0.));
#1057 = DEFINITIONAL_REPRESENTATION('',(#1058),#1062);
#1058 = LINE('',#1059,#1060);
#1059 = CARTESIAN_POINT('',(6.28318530718,0.));
#1060 = VECTOR('',#1061,1.);
#1061 = DIRECTION('',(-1.,0.));
#1062 = ( GEOMETRIC_REPRESENTATION_CONTEXT(2) 
PARAMETRIC_REPRESENTATION_CONTEXT() REPRESENTATION_CONTEXT('2D SPACE',''
  ) );
#1063 = ADVANCED_FACE('',(#1064),#44,.T.);
#1064 = FACE_BOUND('',#1065,.T.);
#1065 = EDGE_LOOP('',(#1066,#1067,#1088,#1089,#1110,#1111,#1134));
#1066 = ORIENTED_EDGE('',*,*,#21,.T.);
#1067 = ORIENTED_EDGE('',*,*,#1068,.F.);
#1068 = EDGE_CURVE('',#378,#24,#1069,.T.);
#1069 = SURFACE_CURVE('',#1070,(#1074,#1081),.PCURVE_S1.);
#1070 = LINE('',#1071,#1072);
#1071 = CARTESIAN_POINT('',(-39.57244641199,-91.36584370837,
    24.965260910701));
#1072 = VECTOR('',#1073,1.);
#1073 = DIRECTION('',(-3.94787324179E-16,2.382977080395E-16,1.));
#1074 = PCURVE('',#44,#1075);
#1075 = DEFINITIONAL_REPRESENTATION('',(#1076),#1080);
#1076 = LINE('',#1077,#1078);
#1077 = CARTESIAN_POINT('',(-10.32418683616,-5.330737353666E-15));
#1078 = VECTOR('',#1079,1.);
#1079 = DIRECTION('',(-9.575694585062E-16,1.));
#1080 = ( GEOMETRIC_REPRESENTATION_CONTEXT(2) 
PARAMETRIC_REPRESENTATION_CONTEXT() REPRESENTATION_CONTEXT('2D SPACE',''
  ) );
#1081 = PCURVE('',#154,#1082);
#1082 = DEFINITIONAL_REPRESENTATION('',(#1083),#1087);
#1083 = LINE('',#1084,#1085);
#1084 = CARTESIAN_POINT('',(3.478288509758,0.));
#1085 = VECTOR('',#1086,1.);
#1086 = DIRECTION('',(-4.611321166318E-16,1.));
#1087 = ( GEOMETRIC_REPRESENTATION_CONTEXT(2) 
PARAMETRIC_REPRESENTATION_CONTEXT() REPRESENTATION_CONTEXT('2D SPACE',''
  ) );
#1088 = ORIENTED_EDGE('',*,*,#375,.F.);
#1089 = ORIENTED_EDGE('',*,*,#1090,.T.);
#1090 = EDGE_CURVE('',#376,#240,#1091,.T.);
#1091 = SURFACE_CURVE('',#1092,(#1096,#1103),.PCURVE_S1.);
#1092 = LINE('',#1093,#1094);
#1093 = CARTESIAN_POINT('',(-21.22756762342,-96.01562926907,
    24.965260910701));
#1094 = VECTOR('',#1095,1.);
#1095 = DIRECTION('',(5.45372713851E-16,0.,1.));
#1096 = PCURVE('',#44,#1097);
#1097 = DEFINITIONAL_REPRESENTATION('',(#1098),#1102);
#1098 = LINE('',#1099,#1100);
#1099 = CARTESIAN_POINT('',(8.600798858087,4.440892098501E-15));
#1100 = VECTOR('',#1101,1.);
#1101 = DIRECTION('',(1.232058410968E-17,1.));
#1102 = ( GEOMETRIC_REPRESENTATION_CONTEXT(2) 
PARAMETRIC_REPRESENTATION_CONTEXT() REPRESENTATION_CONTEXT('2D SPACE',''
  ) );
#1103 = PCURVE('',#278,#1104);
#1104 = DEFINITIONAL_REPRESENTATION('',(#1105),#1109);
#1105 = LINE('',#1106,#1107);
#1106 = CARTESIAN_POINT('',(0.,0.));
#1107 = VECTOR('',#1108,1.);
#1108 = DIRECTION('',(9.430473002236E-16,1.));
#1109 = ( GEOMETRIC_REPRESENTATION_CONTEXT(2) 
PARAMETRIC_REPRESENTATION_CONTEXT() REPRESENTATION_CONTEXT('2D SPACE',''
  ) );
#1110 = ORIENTED_EDGE('',*,*,#239,.T.);
#1111 = ORIENTED_EDGE('',*,*,#1112,.F.);
#1112 = EDGE_CURVE('',#1113,#207,#1115,.T.);
#1113 = VERTEX_POINT('',#1114);
#1114 = CARTESIAN_POINT('',(-29.56472650351,-93.90245090334,
    28.965260910701));
#1115 = SURFACE_CURVE('',#1116,(#1120,#1127),.PCURVE_S1.);
#1116 = LINE('',#1117,#1118);
#1117 = CARTESIAN_POINT('',(-29.56472650351,-93.90245090334,
    24.965260910701));
#1118 = VECTOR('',#1119,1.);
#1119 = DIRECTION('',(5.45372713851E-16,0.,1.));
#1120 = PCURVE('',#44,#1121);
#1121 = DEFINITIONAL_REPRESENTATION('',(#1122),#1126);
#1122 = LINE('',#1123,#1124);
#1123 = CARTESIAN_POINT('',(0.,0.));
#1124 = VECTOR('',#1125,1.);
#1125 = DIRECTION('',(1.232058410968E-17,1.));
#1126 = ( GEOMETRIC_REPRESENTATION_CONTEXT(2) 
PARAMETRIC_REPRESENTATION_CONTEXT() REPRESENTATION_CONTEXT('2D SPACE',''
  ) );
#1127 = PCURVE('',#227,#1128);
#1128 = DEFINITIONAL_REPRESENTATION('',(#1129),#1133);
#1129 = LINE('',#1130,#1131);
#1130 = CARTESIAN_POINT('',(9.363409980853,-5.812264803734E-29));
#1131 = VECTOR('',#1132,1.);
#1132 = DIRECTION('',(1.096677060599E-29,1.));
#1133 = ( GEOMETRIC_REPRESENTATION_CONTEXT(2) 
PARAMETRIC_REPRESENTATION_CONTEXT() REPRESENTATION_CONTEXT('2D SPACE',''
  ) );
#1134 = ORIENTED_EDGE('',*,*,#1135,.F.);
#1135 = EDGE_CURVE('',#22,#1113,#1136,.T.);
#1136 = SURFACE_CURVE('',#1137,(#1142,#1149),.PCURVE_S1.);
#1137 = ELLIPSE('',#1138,1.031622280658,1.);
#1138 = AXIS2_PLACEMENT_3D('',#1139,#1140,#1141);
#1139 = CARTESIAN_POINT('',(-30.56472650351,-93.64898585654,
    28.965260910701));
#1140 = DIRECTION('',(-0.245695591839,-0.969347035974,1.339956717026E-16
    ));
#1141 = DIRECTION('',(0.969347035974,-0.245695591839,-3.363098119344E-16
    ));
#1142 = PCURVE('',#44,#1143);
#1143 = DEFINITIONAL_REPRESENTATION('',(#1144),#1148);
#1144 = ELLIPSE('',#1145,1.031622280658,1.);
#1145 = AXIS2_PLACEMENT_2D('',#1146,#1147);
#1146 = CARTESIAN_POINT('',(-1.031622280658,4.));
#1147 = DIRECTION('',(1.,1.800250276282E-16));
#1148 = ( GEOMETRIC_REPRESENTATION_CONTEXT(2) 
PARAMETRIC_REPRESENTATION_CONTEXT() REPRESENTATION_CONTEXT('2D SPACE',''
  ) );
#1149 = PCURVE('',#72,#1150);
#1150 = DEFINITIONAL_REPRESENTATION('',(#1151),#1177);
#1151 = B_SPLINE_CURVE_WITH_KNOTS('',3,(#1152,#1153,#1154,#1155,#1156,
    #1157,#1158,#1159,#1160,#1161,#1162,#1163,#1164,#1165,#1166,#1167,
    #1168,#1169,#1170,#1171,#1172,#1173,#1174,#1175,#1176),
  .UNSPECIFIED.,.F.,.F.,(4,1,1,1,1,1,1,1,1,1,1,1,1,1,1,1,1,1,1,1,1,1,4),
  (4.712388980385,4.783788813421,4.855188646457,4.926588479493,
    4.997988312529,5.069388145565,5.140787978601,5.212187811638,
    5.283587644674,5.35498747771,5.426387310746,5.497787143782,
    5.569186976818,5.640586809854,5.711986642891,5.783386475927,
    5.854786308963,5.926186141999,5.997585975035,6.068985808071,
    6.140385641107,6.211785474143,6.28318530718),.QUASI_UNIFORM_KNOTS.);
#1152 = CARTESIAN_POINT('',(5.497787143782,5.840621934115));
#1153 = CARTESIAN_POINT('',(5.521587088127,5.84665443507));
#1154 = CARTESIAN_POINT('',(5.569186976818,5.85871927133));
#1155 = CARTESIAN_POINT('',(5.640586809854,5.876724438882));
#1156 = CARTESIAN_POINT('',(5.71198664289,5.894545600695));
#1157 = CARTESIAN_POINT('',(5.783386475927,5.912091989417));
#1158 = CARTESIAN_POINT('',(5.854786308963,5.929274180559));
#1159 = CARTESIAN_POINT('',(5.926186141999,5.946004620861));
#1160 = CARTESIAN_POINT('',(5.997585975035,5.962198054963));
#1161 = CARTESIAN_POINT('',(6.068985808071,5.97777196507));
#1162 = CARTESIAN_POINT('',(6.140385641107,5.992646990043));
#1163 = CARTESIAN_POINT('',(6.211785474143,6.006747330183));
#1164 = CARTESIAN_POINT('',(6.28318530718,6.020001133382));
#1165 = CARTESIAN_POINT('',(6.354585140216,6.032340861302));
#1166 = CARTESIAN_POINT('',(6.425984973252,6.043703633504));
#1167 = CARTESIAN_POINT('',(6.497384806288,6.054031547956));
#1168 = CARTESIAN_POINT('',(6.568784639324,6.063271975784));
#1169 = CARTESIAN_POINT('',(6.64018447236,6.071377830598));
#1170 = CARTESIAN_POINT('',(6.711584305396,6.078307804158));
#1171 = CARTESIAN_POINT('',(6.782984138432,6.084026592845));
#1172 = CARTESIAN_POINT('',(6.854383971469,6.088505017928));
#1173 = CARTESIAN_POINT('',(6.925783804505,6.091720396824));
#1174 = CARTESIAN_POINT('',(6.997183637541,6.093655828012));
#1175 = CARTESIAN_POINT('',(7.044783526232,6.094087527527));
#1176 = CARTESIAN_POINT('',(7.068583470577,6.094086980916));
#1177 = ( GEOMETRIC_REPRESENTATION_CONTEXT(2) 
PARAMETRIC_REPRESENTATION_CONTEXT() REPRESENTATION_CONTEXT('2D SPACE',''
  ) );
#1178 = ADVANCED_FACE('',(#1179,#1306),#1193,.T.);
#1179 = FACE_BOUND('',#1180,.T.);
#1180 = EDGE_LOOP('',(#1181,#1211,#1234,#1257,#1280));
#1181 = ORIENTED_EDGE('',*,*,#1182,.F.);
#1182 = EDGE_CURVE('',#1183,#1185,#1187,.T.);
#1183 = VERTEX_POINT('',#1184);
#1184 = CARTESIAN_POINT('',(39.572446411991,-91.36584370837,
    27.965260910701));
#1185 = VERTEX_POINT('',#1186);
#1186 = CARTESIAN_POINT('',(30.564726503517,-93.64898585654,
    27.965260910701));
#1187 = SURFACE_CURVE('',#1188,(#1192,#1204),.PCURVE_S1.);
#1188 = LINE('',#1189,#1190);
#1189 = CARTESIAN_POINT('',(24.20236165715,-95.26162296009,
    27.965260910701));
#1190 = VECTOR('',#1191,1.);
#1191 = DIRECTION('',(-0.969347035974,-0.245695591839,
    -5.163348395626E-16));
#1192 = PCURVE('',#1193,#1198);
#1193 = PLANE('',#1194);
#1194 = AXIS2_PLACEMENT_3D('',#1195,#1196,#1197);
#1195 = CARTESIAN_POINT('',(25.668956527359,-88.55729260228,
    27.965260910701));
#1196 = DIRECTION('',(-5.326625247727E-16,-3.203321676302E-29,1.));
#1197 = DIRECTION('',(-1.,0.,-5.326625247727E-16));
#1198 = DEFINITIONAL_REPRESENTATION('',(#1199),#1203);
#1199 = LINE('',#1200,#1201);
#1200 = CARTESIAN_POINT('',(1.466594870209,6.704330357807));
#1201 = VECTOR('',#1202,1.);
#1202 = DIRECTION('',(0.969347035974,0.245695591839));
#1203 = ( GEOMETRIC_REPRESENTATION_CONTEXT(2) 
PARAMETRIC_REPRESENTATION_CONTEXT() REPRESENTATION_CONTEXT('2D SPACE',''
  ) );
#1204 = PCURVE('',#742,#1205);
#1205 = DEFINITIONAL_REPRESENTATION('',(#1206),#1210);
#1206 = LINE('',#1207,#1208);
#1207 = CARTESIAN_POINT('',(3.068863805559,3.));
#1208 = VECTOR('',#1209,1.);
#1209 = DIRECTION('',(-1.,2.958228394579E-31));
#1210 = ( GEOMETRIC_REPRESENTATION_CONTEXT(2) 
PARAMETRIC_REPRESENTATION_CONTEXT() REPRESENTATION_CONTEXT('2D SPACE',''
  ) );
#1211 = ORIENTED_EDGE('',*,*,#1212,.F.);
#1212 = EDGE_CURVE('',#1213,#1183,#1215,.T.);
#1213 = VERTEX_POINT('',#1214);
#1214 = CARTESIAN_POINT('',(42.550300618981,-89.56838014016,
    27.965260910701));
#1215 = SURFACE_CURVE('',#1216,(#1220,#1227),.PCURVE_S1.);
#1216 = LINE('',#1217,#1218);
#1217 = CARTESIAN_POINT('',(30.869715764001,-96.61890184901,
    27.965260910701));
#1218 = VECTOR('',#1219,1.);
#1219 = DIRECTION('',(-0.856126281255,-0.516766669344,
    -4.560263864973E-16));
#1220 = PCURVE('',#1193,#1221);
#1221 = DEFINITIONAL_REPRESENTATION('',(#1222),#1226);
#1222 = LINE('',#1223,#1224);
#1223 = CARTESIAN_POINT('',(-5.200759236642,8.061609246732));
#1224 = VECTOR('',#1225,1.);
#1225 = DIRECTION('',(0.856126281255,0.516766669344));
#1226 = ( GEOMETRIC_REPRESENTATION_CONTEXT(2) 
PARAMETRIC_REPRESENTATION_CONTEXT() REPRESENTATION_CONTEXT('2D SPACE',''
  ) );
#1227 = PCURVE('',#714,#1228);
#1228 = DEFINITIONAL_REPRESENTATION('',(#1229),#1233);
#1229 = LINE('',#1230,#1231);
#1230 = CARTESIAN_POINT('',(-0.286535704977,3.));
#1231 = VECTOR('',#1232,1.);
#1232 = DIRECTION('',(-1.,-4.560263864973E-16));
#1233 = ( GEOMETRIC_REPRESENTATION_CONTEXT(2) 
PARAMETRIC_REPRESENTATION_CONTEXT() REPRESENTATION_CONTEXT('2D SPACE',''
  ) );
#1234 = ORIENTED_EDGE('',*,*,#1235,.T.);
#1235 = EDGE_CURVE('',#1213,#1236,#1238,.T.);
#1236 = VERTEX_POINT('',#1237);
#1237 = CARTESIAN_POINT('',(36.471867393755,-79.49825228232,
    27.965260910701));
#1238 = SURFACE_CURVE('',#1239,(#1243,#1250),.PCURVE_S1.);
#1239 = LINE('',#1240,#1241);
#1240 = CARTESIAN_POINT('',(41.000000610948,-87.0000012964,
    27.965260910701));
#1241 = VECTOR('',#1242,1.);
#1242 = DIRECTION('',(-0.516766669344,0.856126281255,0.));
#1243 = PCURVE('',#1193,#1244);
#1244 = DEFINITIONAL_REPRESENTATION('',(#1245),#1249);
#1245 = LINE('',#1246,#1247);
#1246 = CARTESIAN_POINT('',(-15.33104408358,-1.557291305882));
#1247 = VECTOR('',#1248,1.);
#1248 = DIRECTION('',(0.516766669344,-0.856126281255));
#1249 = ( GEOMETRIC_REPRESENTATION_CONTEXT(2) 
PARAMETRIC_REPRESENTATION_CONTEXT() REPRESENTATION_CONTEXT('2D SPACE',''
  ) );
#1250 = PCURVE('',#686,#1251);
#1251 = DEFINITIONAL_REPRESENTATION('',(#1252),#1256);
#1252 = LINE('',#1253,#1254);
#1253 = CARTESIAN_POINT('',(0.,3.));
#1254 = VECTOR('',#1255,1.);
#1255 = DIRECTION('',(1.,0.));
#1256 = ( GEOMETRIC_REPRESENTATION_CONTEXT(2) 
PARAMETRIC_REPRESENTATION_CONTEXT() REPRESENTATION_CONTEXT('2D SPACE',''
  ) );
#1257 = ORIENTED_EDGE('',*,*,#1258,.T.);
#1258 = EDGE_CURVE('',#1236,#1259,#1261,.T.);
#1259 = VERTEX_POINT('',#1260);
#1260 = CARTESIAN_POINT('',(30.564726503517,-83.8092471163,
    27.965260910701));
#1261 = SURFACE_CURVE('',#1262,(#1266,#1273),.PCURVE_S1.);
#1262 = LINE('',#1263,#1264);
#1263 = CARTESIAN_POINT('',(36.471867393755,-79.49825228232,
    27.965260910701));
#1264 = VECTOR('',#1265,1.);
#1265 = DIRECTION('',(-0.807766301279,-0.58950284352,-6.910538272628E-30
    ));
#1266 = PCURVE('',#1193,#1267);
#1267 = DEFINITIONAL_REPRESENTATION('',(#1268),#1272);
#1268 = LINE('',#1269,#1270);
#1269 = CARTESIAN_POINT('',(-10.80291086639,-9.059040319955));
#1270 = VECTOR('',#1271,1.);
#1271 = DIRECTION('',(0.807766301279,0.58950284352));
#1272 = ( GEOMETRIC_REPRESENTATION_CONTEXT(2) 
PARAMETRIC_REPRESENTATION_CONTEXT() REPRESENTATION_CONTEXT('2D SPACE',''
  ) );
#1273 = PCURVE('',#658,#1274);
#1274 = DEFINITIONAL_REPRESENTATION('',(#1275),#1279);
#1275 = LINE('',#1276,#1277);
#1276 = CARTESIAN_POINT('',(-2.073161481788E-29,3.));
#1277 = VECTOR('',#1278,1.);
#1278 = DIRECTION('',(1.,0.));
#1279 = ( GEOMETRIC_REPRESENTATION_CONTEXT(2) 
PARAMETRIC_REPRESENTATION_CONTEXT() REPRESENTATION_CONTEXT('2D SPACE',''
  ) );
#1280 = ORIENTED_EDGE('',*,*,#1281,.F.);
#1281 = EDGE_CURVE('',#1185,#1259,#1282,.T.);
#1282 = SURFACE_CURVE('',#1283,(#1287,#1294),.PCURVE_S1.);
#1283 = LINE('',#1284,#1285);
#1284 = CARTESIAN_POINT('',(30.564726503517,-91.22987175281,
    27.965260910701));
#1285 = VECTOR('',#1286,1.);
#1286 = DIRECTION('',(8.537066937843E-15,1.,3.658059239228E-29));
#1287 = PCURVE('',#1193,#1288);
#1288 = DEFINITIONAL_REPRESENTATION('',(#1289),#1293);
#1289 = LINE('',#1290,#1291);
#1290 = CARTESIAN_POINT('',(-4.895769976157,2.67257915053));
#1291 = VECTOR('',#1292,1.);
#1292 = DIRECTION('',(-8.537066937843E-15,-1.));
#1293 = ( GEOMETRIC_REPRESENTATION_CONTEXT(2) 
PARAMETRIC_REPRESENTATION_CONTEXT() REPRESENTATION_CONTEXT('2D SPACE',''
  ) );
#1294 = PCURVE('',#1295,#1300);
#1295 = CYLINDRICAL_SURFACE('',#1296,1.);
#1296 = AXIS2_PLACEMENT_3D('',#1297,#1298,#1299);
#1297 = CARTESIAN_POINT('',(30.564726503517,-91.22987175281,
    28.965260910701));
#1298 = DIRECTION('',(8.537066937843E-15,1.,3.658059239228E-29));
#1299 = DIRECTION('',(-0.707106781187,6.036617923192E-15,-0.707106781187
    ));
#1300 = DEFINITIONAL_REPRESENTATION('',(#1301),#1305);
#1301 = LINE('',#1302,#1303);
#1302 = CARTESIAN_POINT('',(5.497787143782,0.));
#1303 = VECTOR('',#1304,1.);
#1304 = DIRECTION('',(0.,1.));
#1305 = ( GEOMETRIC_REPRESENTATION_CONTEXT(2) 
PARAMETRIC_REPRESENTATION_CONTEXT() REPRESENTATION_CONTEXT('2D SPACE',''
  ) );
#1306 = FACE_BOUND('',#1307,.T.);
#1307 = EDGE_LOOP('',(#1308));
#1308 = ORIENTED_EDGE('',*,*,#1309,.T.);
#1309 = EDGE_CURVE('',#1310,#1310,#1312,.T.);
#1310 = VERTEX_POINT('',#1311);
#1311 = CARTESIAN_POINT('',(35.202543593195,-86.26851387448,
    27.965260910701));
#1312 = SURFACE_CURVE('',#1313,(#1318,#1329),.PCURVE_S1.);
#1313 = CIRCLE('',#1314,1.5);
#1314 = AXIS2_PLACEMENT_3D('',#1315,#1316,#1317);
#1315 = CARTESIAN_POINT('',(33.702543593195,-86.26851387448,
    27.965260910701));
#1316 = DIRECTION('',(0.,0.,-1.));
#1317 = DIRECTION('',(-1.,0.,0.));
#1318 = PCURVE('',#1193,#1319);
#1319 = DEFINITIONAL_REPRESENTATION('',(#1320),#1328);
#1320 = ( BOUNDED_CURVE() B_SPLINE_CURVE(2,(#1321,#1322,#1323,#1324,
#1325,#1326,#1327),.UNSPECIFIED.,.T.,.F.) B_SPLINE_CURVE_WITH_KNOTS((1,2
    ,2,2,2,1),(-2.094395102393,0.,2.094395102393,4.188790204786,
6.28318530718,8.377580409573),.UNSPECIFIED.) CURVE() 
GEOMETRIC_REPRESENTATION_ITEM() RATIONAL_B_SPLINE_CURVE((1.,0.5,1.,0.5,
1.,0.5,1.)) REPRESENTATION_ITEM('') );
#1321 = CARTESIAN_POINT('',(-6.533587065835,-2.288778727796));
#1322 = CARTESIAN_POINT('',(-6.533587065835,-4.886854939149));
#1323 = CARTESIAN_POINT('',(-8.783587065835,-3.587816833472));
#1324 = CARTESIAN_POINT('',(-11.03358706583,-2.288778727796));
#1325 = CARTESIAN_POINT('',(-8.783587065835,-0.989740622119));
#1326 = CARTESIAN_POINT('',(-6.533587065835,0.309297483558));
#1327 = CARTESIAN_POINT('',(-6.533587065835,-2.288778727796));
#1328 = ( GEOMETRIC_REPRESENTATION_CONTEXT(2) 
PARAMETRIC_REPRESENTATION_CONTEXT() REPRESENTATION_CONTEXT('2D SPACE',''
  ) );
#1329 = PCURVE('',#1052,#1330);
#1330 = DEFINITIONAL_REPRESENTATION('',(#1331),#1335);
#1331 = LINE('',#1332,#1333);
#1332 = CARTESIAN_POINT('',(6.28318530718,3.));
#1333 = VECTOR('',#1334,1.);
#1334 = DIRECTION('',(-1.,0.));
#1335 = ( GEOMETRIC_REPRESENTATION_CONTEXT(2) 
PARAMETRIC_REPRESENTATION_CONTEXT() REPRESENTATION_CONTEXT('2D SPACE',''
  ) );
#1336 = ADVANCED_FACE('',(#1337),#742,.T.);
#1337 = FACE_BOUND('',#1338,.T.);
#1338 = EDGE_LOOP('',(#1339,#1369,#1397,#1418,#1419,#1440,#1441));
#1339 = ORIENTED_EDGE('',*,*,#1340,.T.);
#1340 = EDGE_CURVE('',#1341,#1343,#1345,.T.);
#1341 = VERTEX_POINT('',#1342);
#1342 = CARTESIAN_POINT('',(29.564726503517,-93.90245090334,
    28.965260910701));
#1343 = VERTEX_POINT('',#1344);
#1344 = CARTESIAN_POINT('',(29.564726503517,-93.90245090334,
    52.000000000025));
#1345 = SURFACE_CURVE('',#1346,(#1350,#1357),.PCURVE_S1.);
#1346 = LINE('',#1347,#1348);
#1347 = CARTESIAN_POINT('',(29.564726503517,-93.90245090334,
    24.965260910701));
#1348 = VECTOR('',#1349,1.);
#1349 = DIRECTION('',(5.45372713851E-16,0.,1.));
#1350 = PCURVE('',#742,#1351);
#1351 = DEFINITIONAL_REPRESENTATION('',(#1352),#1356);
#1352 = LINE('',#1353,#1354);
#1353 = CARTESIAN_POINT('',(8.600798858087,-4.440892098501E-15));
#1354 = VECTOR('',#1355,1.);
#1355 = DIRECTION('',(1.044990263235E-15,1.));
#1356 = ( GEOMETRIC_REPRESENTATION_CONTEXT(2) 
PARAMETRIC_REPRESENTATION_CONTEXT() REPRESENTATION_CONTEXT('2D SPACE',''
  ) );
#1357 = PCURVE('',#1358,#1363);
#1358 = PLANE('',#1359);
#1359 = AXIS2_PLACEMENT_3D('',#1360,#1361,#1362);
#1360 = CARTESIAN_POINT('',(29.564726503517,-93.90245090334,
    24.965260910701));
#1361 = DIRECTION('',(1.,-8.537066937843E-15,-5.45372713851E-16));
#1362 = DIRECTION('',(8.537066937843E-15,1.,-6.310887241768E-30));
#1363 = DEFINITIONAL_REPRESENTATION('',(#1364),#1368);
#1364 = LINE('',#1365,#1366);
#1365 = CARTESIAN_POINT('',(0.,0.));
#1366 = VECTOR('',#1367,1.);
#1367 = DIRECTION('',(-1.655003877549E-30,1.));
#1368 = ( GEOMETRIC_REPRESENTATION_CONTEXT(2) 
PARAMETRIC_REPRESENTATION_CONTEXT() REPRESENTATION_CONTEXT('2D SPACE',''
  ) );
#1369 = ORIENTED_EDGE('',*,*,#1370,.T.);
#1370 = EDGE_CURVE('',#1343,#1371,#1373,.T.);
#1371 = VERTEX_POINT('',#1372);
#1372 = CARTESIAN_POINT('',(21.227567623425,-96.01562926907,
    52.000000000025));
#1373 = SURFACE_CURVE('',#1374,(#1378,#1385),.PCURVE_S1.);
#1374 = LINE('',#1375,#1376);
#1375 = CARTESIAN_POINT('',(21.917772317195,-95.84068650406,
    52.000000000025));
#1376 = VECTOR('',#1377,1.);
#1377 = DIRECTION('',(-0.969347035974,-0.245695591839,0.));
#1378 = PCURVE('',#742,#1379);
#1379 = DEFINITIONAL_REPRESENTATION('',(#1380),#1384);
#1380 = LINE('',#1381,#1382);
#1381 = CARTESIAN_POINT('',(0.712030540307,27.034739089325));
#1382 = VECTOR('',#1383,1.);
#1383 = DIRECTION('',(-1.,5.163348395626E-16));
#1384 = ( GEOMETRIC_REPRESENTATION_CONTEXT(2) 
PARAMETRIC_REPRESENTATION_CONTEXT() REPRESENTATION_CONTEXT('2D SPACE',''
  ) );
#1385 = PCURVE('',#1386,#1391);
#1386 = PLANE('',#1387);
#1387 = AXIS2_PLACEMENT_3D('',#1388,#1389,#1390);
#1388 = CARTESIAN_POINT('',(25.280124584177,-106.2082134284,
    52.000000000025));
#1389 = DIRECTION('',(0.,0.,-1.));
#1390 = DIRECTION('',(-1.,0.,0.));
#1391 = DEFINITIONAL_REPRESENTATION('',(#1392),#1396);
#1392 = LINE('',#1393,#1394);
#1393 = CARTESIAN_POINT('',(3.362352266982,10.367526924362));
#1394 = VECTOR('',#1395,1.);
#1395 = DIRECTION('',(0.969347035974,-0.245695591839));
#1396 = ( GEOMETRIC_REPRESENTATION_CONTEXT(2) 
PARAMETRIC_REPRESENTATION_CONTEXT() REPRESENTATION_CONTEXT('2D SPACE',''
  ) );
#1397 = ORIENTED_EDGE('',*,*,#1398,.F.);
#1398 = EDGE_CURVE('',#727,#1371,#1399,.T.);
#1399 = SURFACE_CURVE('',#1400,(#1404,#1411),.PCURVE_S1.);
#1400 = LINE('',#1401,#1402);
#1401 = CARTESIAN_POINT('',(21.227567623425,-96.01562926907,
    24.965260910701));
#1402 = VECTOR('',#1403,1.);
#1403 = DIRECTION('',(5.45372713851E-16,0.,1.));
#1404 = PCURVE('',#742,#1405);
#1405 = DEFINITIONAL_REPRESENTATION('',(#1406),#1410);
#1406 = LINE('',#1407,#1408);
#1407 = CARTESIAN_POINT('',(0.,0.));
#1408 = VECTOR('',#1409,1.);
#1409 = DIRECTION('',(1.044990263235E-15,1.));
#1410 = ( GEOMETRIC_REPRESENTATION_CONTEXT(2) 
PARAMETRIC_REPRESENTATION_CONTEXT() REPRESENTATION_CONTEXT('2D SPACE',''
  ) );
#1411 = PCURVE('',#770,#1412);
#1412 = DEFINITIONAL_REPRESENTATION('',(#1413),#1417);
#1413 = LINE('',#1414,#1415);
#1414 = CARTESIAN_POINT('',(0.234538454127,9.462986716222E-17));
#1415 = VECTOR('',#1416,1.);
#1416 = DIRECTION('',(1.36101867634E-16,1.));
#1417 = ( GEOMETRIC_REPRESENTATION_CONTEXT(2) 
PARAMETRIC_REPRESENTATION_CONTEXT() REPRESENTATION_CONTEXT('2D SPACE',''
  ) );
#1418 = ORIENTED_EDGE('',*,*,#726,.T.);
#1419 = ORIENTED_EDGE('',*,*,#1420,.F.);
#1420 = EDGE_CURVE('',#1183,#699,#1421,.T.);
#1421 = SURFACE_CURVE('',#1422,(#1426,#1433),.PCURVE_S1.);
#1422 = LINE('',#1423,#1424);
#1423 = CARTESIAN_POINT('',(39.572446411991,-91.36584370837,
    24.965260910701));
#1424 = VECTOR('',#1425,1.);
#1425 = DIRECTION('',(3.94787324179E-16,2.382977080395E-16,-1.));
#1426 = PCURVE('',#742,#1427);
#1427 = DEFINITIONAL_REPRESENTATION('',(#1428),#1432);
#1428 = LINE('',#1429,#1430);
#1429 = CARTESIAN_POINT('',(18.924985694253,-9.771629452167E-15));
#1430 = VECTOR('',#1431,1.);
#1431 = DIRECTION('',(-7.510022061904E-17,-1.));
#1432 = ( GEOMETRIC_REPRESENTATION_CONTEXT(2) 
PARAMETRIC_REPRESENTATION_CONTEXT() REPRESENTATION_CONTEXT('2D SPACE',''
  ) );
#1433 = PCURVE('',#714,#1434);
#1434 = DEFINITIONAL_REPRESENTATION('',(#1435),#1439);
#1435 = LINE('',#1436,#1437);
#1436 = CARTESIAN_POINT('',(9.87870608066,0.));
#1437 = VECTOR('',#1438,1.);
#1438 = DIRECTION('',(4.611321166318E-16,-1.));
#1439 = ( GEOMETRIC_REPRESENTATION_CONTEXT(2) 
PARAMETRIC_REPRESENTATION_CONTEXT() REPRESENTATION_CONTEXT('2D SPACE',''
  ) );
#1440 = ORIENTED_EDGE('',*,*,#1182,.T.);
#1441 = ORIENTED_EDGE('',*,*,#1442,.F.);
#1442 = EDGE_CURVE('',#1341,#1185,#1443,.T.);
#1443 = SURFACE_CURVE('',#1444,(#1449,#1456),.PCURVE_S1.);
#1444 = ELLIPSE('',#1445,1.031622280658,1.);
#1445 = AXIS2_PLACEMENT_3D('',#1446,#1447,#1448);
#1446 = CARTESIAN_POINT('',(30.564726503517,-93.64898585654,
    28.965260910701));
#1447 = DIRECTION('',(0.245695591839,-0.969347035974,-1.339956717026E-16
    ));
#1448 = DIRECTION('',(-0.969347035974,-0.245695591839,1.277977285351E-15
    ));
#1449 = PCURVE('',#742,#1450);
#1450 = DEFINITIONAL_REPRESENTATION('',(#1451),#1455);
#1451 = ELLIPSE('',#1452,1.031622280658,1.);
#1452 = AXIS2_PLACEMENT_2D('',#1453,#1454);
#1453 = CARTESIAN_POINT('',(9.632421138745,4.));
#1454 = DIRECTION('',(-1.,1.794312124913E-15));
#1455 = ( GEOMETRIC_REPRESENTATION_CONTEXT(2) 
PARAMETRIC_REPRESENTATION_CONTEXT() REPRESENTATION_CONTEXT('2D SPACE',''
  ) );
#1456 = PCURVE('',#1295,#1457);
#1457 = DEFINITIONAL_REPRESENTATION('',(#1458),#1484);
#1458 = B_SPLINE_CURVE_WITH_KNOTS('',3,(#1459,#1460,#1461,#1462,#1463,
    #1464,#1465,#1466,#1467,#1468,#1469,#1470,#1471,#1472,#1473,#1474,
    #1475,#1476,#1477,#1478,#1479,#1480,#1481,#1482,#1483),
  .UNSPECIFIED.,.F.,.F.,(4,1,1,1,1,1,1,1,1,1,1,1,1,1,1,1,1,1,1,1,1,1,4),
  (0.,7.139983303613E-02,0.142799666072,0.214199499108,0.285599332145,
    0.356999165181,0.428398998217,0.499798831253,0.571198664289,
    0.642598497325,0.713998330361,0.785398163397,0.856797996434,
    0.92819782947,0.999597662506,1.070997495542,1.142397328578,
    1.213797161614,1.28519699465,1.356596827687,1.427996660723,
    1.499396493759,1.570796326795),.QUASI_UNIFORM_KNOTS.);
#1459 = CARTESIAN_POINT('',(7.068583470577,-2.67257915053));
#1460 = CARTESIAN_POINT('',(7.044783526232,-2.672579697141));
#1461 = CARTESIAN_POINT('',(6.997183637541,-2.672147997626));
#1462 = CARTESIAN_POINT('',(6.925783804505,-2.670212566438));
#1463 = CARTESIAN_POINT('',(6.854383971469,-2.666997187541));
#1464 = CARTESIAN_POINT('',(6.782984138433,-2.662518762459));
#1465 = CARTESIAN_POINT('',(6.711584305396,-2.656799973771));
#1466 = CARTESIAN_POINT('',(6.64018447236,-2.649870000212));
#1467 = CARTESIAN_POINT('',(6.568784639324,-2.641764145398));
#1468 = CARTESIAN_POINT('',(6.497384806288,-2.63252371757));
#1469 = CARTESIAN_POINT('',(6.425984973252,-2.622195803117));
#1470 = CARTESIAN_POINT('',(6.354585140216,-2.610833030915));
#1471 = CARTESIAN_POINT('',(6.28318530718,-2.598493302995));
#1472 = CARTESIAN_POINT('',(6.211785474143,-2.585239499797));
#1473 = CARTESIAN_POINT('',(6.140385641107,-2.571139159657));
#1474 = CARTESIAN_POINT('',(6.068985808071,-2.556264134683));
#1475 = CARTESIAN_POINT('',(5.997585975035,-2.540690224576));
#1476 = CARTESIAN_POINT('',(5.926186141999,-2.524496790475));
#1477 = CARTESIAN_POINT('',(5.854786308963,-2.507766350173));
#1478 = CARTESIAN_POINT('',(5.783386475927,-2.490584159031));
#1479 = CARTESIAN_POINT('',(5.711986642891,-2.473037770309));
#1480 = CARTESIAN_POINT('',(5.640586809854,-2.455216608495));
#1481 = CARTESIAN_POINT('',(5.569186976818,-2.437211440944));
#1482 = CARTESIAN_POINT('',(5.521587088127,-2.425146604684));
#1483 = CARTESIAN_POINT('',(5.497787143782,-2.419114103729));
#1484 = ( GEOMETRIC_REPRESENTATION_CONTEXT(2) 
PARAMETRIC_REPRESENTATION_CONTEXT() REPRESENTATION_CONTEXT('2D SPACE',''
  ) );
#1485 = ADVANCED_FACE('',(#1486),#714,.T.);
#1486 = FACE_BOUND('',#1487,.T.);
#1487 = EDGE_LOOP('',(#1488,#1489,#1490,#1511));
#1488 = ORIENTED_EDGE('',*,*,#1420,.T.);
#1489 = ORIENTED_EDGE('',*,*,#698,.F.);
#1490 = ORIENTED_EDGE('',*,*,#1491,.T.);
#1491 = EDGE_CURVE('',#671,#1213,#1492,.T.);
#1492 = SURFACE_CURVE('',#1493,(#1497,#1504),.PCURVE_S1.);
#1493 = LINE('',#1494,#1495);
#1494 = CARTESIAN_POINT('',(42.550300618981,-89.56838014016,
    24.965260910701));
#1495 = VECTOR('',#1496,1.);
#1496 = DIRECTION('',(0.,0.,1.));
#1497 = PCURVE('',#714,#1498);
#1498 = DEFINITIONAL_REPRESENTATION('',(#1499),#1503);
#1499 = LINE('',#1500,#1501);
#1500 = CARTESIAN_POINT('',(13.356994590418,0.));
#1501 = VECTOR('',#1502,1.);
#1502 = DIRECTION('',(0.,1.));
#1503 = ( GEOMETRIC_REPRESENTATION_CONTEXT(2) 
PARAMETRIC_REPRESENTATION_CONTEXT() REPRESENTATION_CONTEXT('2D SPACE',''
  ) );
#1504 = PCURVE('',#686,#1505);
#1505 = DEFINITIONAL_REPRESENTATION('',(#1506),#1510);
#1506 = LINE('',#1507,#1508);
#1507 = CARTESIAN_POINT('',(-3.,0.));
#1508 = VECTOR('',#1509,1.);
#1509 = DIRECTION('',(0.,1.));
#1510 = ( GEOMETRIC_REPRESENTATION_CONTEXT(2) 
PARAMETRIC_REPRESENTATION_CONTEXT() REPRESENTATION_CONTEXT('2D SPACE',''
  ) );
#1511 = ORIENTED_EDGE('',*,*,#1212,.T.);
#1512 = ADVANCED_FACE('',(#1513),#1543,.T.);
#1513 = FACE_BOUND('',#1514,.T.);
#1514 = EDGE_LOOP('',(#1515,#1654,#1682,#1732,#1782,#1805,#1855));
#1515 = ORIENTED_EDGE('',*,*,#1516,.T.);
#1516 = EDGE_CURVE('',#1517,#1519,#1521,.T.);
#1517 = VERTEX_POINT('',#1518);
#1518 = CARTESIAN_POINT('',(-25.29674386173,-89.00174309965,
    81.9652609107));
#1519 = VERTEX_POINT('',#1520);
#1520 = CARTESIAN_POINT('',(-22.5174959342,-89.28915683364,81.9652609107
    ));
#1521 = SURFACE_CURVE('',#1522,(#1542,#1598),.PCURVE_S1.);
#1522 = B_SPLINE_CURVE_WITH_KNOTS('',3,(#1523,#1524,#1525,#1526,#1527,
    #1528,#1529,#1530,#1531,#1532,#1533,#1534,#1535,#1536,#1537,#1538,
    #1539,#1540,#1541),.UNSPECIFIED.,.F.,.F.,(4,2,2,2,3,2,2,2,4),(
    0.746242745457,0.748787544135,0.805287468392,0.862230524795,
    0.919173581199,0.976116637602,1.033059694005,1.089559618263,
    1.092104416941),.UNSPECIFIED.);
#1523 = CARTESIAN_POINT('',(-25.29674386173,-89.00174309965,
    81.9652609107));
#1524 = CARTESIAN_POINT('',(-25.29263091794,-88.99375969883,
    81.9652609107));
#1525 = CARTESIAN_POINT('',(-25.28844566938,-88.98581207023,
    81.965234671964));
#1526 = CARTESIAN_POINT('',(-25.18968709402,-88.80229118387,
    81.964029961811));
#1527 = CARTESIAN_POINT('',(-25.05815880197,-88.64638016842,
    81.949617322267));
#1528 = CARTESIAN_POINT('',(-24.76667081915,-88.40796284675,
    81.915204121452));
#1529 = CARTESIAN_POINT('',(-24.58691069813,-88.3098095051,
    81.892942458547));
#1530 = CARTESIAN_POINT('',(-24.20252172879,-88.19437825002,
    81.859851295394));
#1531 = CARTESIAN_POINT('',(-23.99780610987,-88.17714747186,
    81.849870826385));
#1532 = CARTESIAN_POINT('',(-23.80900281531,-88.19667241576,
    81.849870826385));
#1533 = CARTESIAN_POINT('',(-23.62019952075,-88.21619735967,
    81.849870826385));
#1534 = CARTESIAN_POINT('',(-23.42334233654,-88.27495647277,
    81.859851295394));
#1535 = CARTESIAN_POINT('',(-23.07070990652,-88.46660621498,
    81.892942458547));
#1536 = CARTESIAN_POINT('',(-22.91484008064,-88.59946846307,
    81.915204121452));
#1537 = CARTESIAN_POINT('',(-22.67831046048,-88.892490309,
    81.949617322267));
#1538 = CARTESIAN_POINT('',(-22.58147127382,-89.07201776728,
    81.964029961811));
#1539 = CARTESIAN_POINT('',(-22.5223583903,-89.27186480614,
    81.965234671964));
#1540 = CARTESIAN_POINT('',(-22.51988811474,-89.28050071051,
    81.9652609107));
#1541 = CARTESIAN_POINT('',(-22.5174959342,-89.28915683364,81.9652609107
    ));
#1542 = PCURVE('',#1543,#1548);
#1543 = CYLINDRICAL_SURFACE('',#1544,4.);
#1544 = AXIS2_PLACEMENT_3D('',#1545,#1546,#1547);
#1545 = CARTESIAN_POINT('',(-23.39353352073,-89.19856209707,
    77.9652609107));
#1546 = DIRECTION('',(-0.994695261317,0.102865626491,5.298368892726E-16)
  );
#1547 = DIRECTION('',(7.273698204251E-02,0.703355764491,0.707106781187)
  );
#1548 = DEFINITIONAL_REPRESENTATION('',(#1549),#1597);
#1549 = B_SPLINE_CURVE_WITH_KNOTS('',3,(#1550,#1551,#1552,#1553,#1554,
    #1555,#1556,#1557,#1558,#1559,#1560,#1561,#1562,#1563,#1564,#1565,
    #1566,#1567,#1568,#1569,#1570,#1571,#1572,#1573,#1574,#1575,#1576,
    #1577,#1578,#1579,#1580,#1581,#1582,#1583,#1584,#1585,#1586,#1587,
    #1588,#1589,#1590,#1591,#1592,#1593,#1594,#1595,#1596),
  .UNSPECIFIED.,.F.,.F.,(4,1,1,1,1,1,1,1,1,1,1,1,1,1,1,1,1,1,1,1,1,1,1,1
    ,1,1,1,1,1,1,1,1,1,1,1,1,1,1,1,1,1,1,1,1,4),(0.746242745457,
    0.75410323799,0.761963730524,0.769824223058,0.777684715592,
    0.785545208125,0.793405700659,0.801266193193,0.809126685727,
    0.81698717826,0.824847670794,0.832708163328,0.840568655861,
    0.848429148395,0.856289640929,0.864150133463,0.872010625996,
    0.87987111853,0.887731611064,0.895592103597,0.903452596131,
    0.911313088665,0.919173581199,0.927034073732,0.934894566266,
    0.9427550588,0.950615551334,0.958476043867,0.966336536401,
    0.974197028935,0.982057521468,0.989918014002,0.997778506536,
    1.00563899907,1.013499491603,1.021359984137,1.029220476671,
    1.037080969205,1.044941461738,1.052801954272,1.060662446806,
    1.068522939339,1.076383431873,1.084243924407,1.092104416941),
  .QUASI_UNIFORM_KNOTS.);
#1550 = CARTESIAN_POINT('',(5.497787143782,1.913360216951));
#1551 = CARTESIAN_POINT('',(5.504247888788,1.903280477106));
#1552 = CARTESIAN_POINT('',(5.517026628384,1.881588147759));
#1553 = CARTESIAN_POINT('',(5.535690711232,1.844786212312));
#1554 = CARTESIAN_POINT('',(5.553775166077,1.804048796406));
#1555 = CARTESIAN_POINT('',(5.571203783034,1.759728874014));
#1556 = CARTESIAN_POINT('',(5.587900094236,1.712166839834));
#1557 = CARTESIAN_POINT('',(5.603780632428,1.661728392655));
#1558 = CARTESIAN_POINT('',(5.618783061443,1.608690594179));
#1559 = CARTESIAN_POINT('',(5.632761636275,1.553659750365));
#1560 = CARTESIAN_POINT('',(5.646252058752,1.494550862111));
#1561 = CARTESIAN_POINT('',(5.659112947152,1.431875205845));
#1562 = CARTESIAN_POINT('',(5.671272994849,1.365875078976));
#1563 = CARTESIAN_POINT('',(5.682641203275,1.296864979663));
#1564 = CARTESIAN_POINT('',(5.693130769447,1.225139582074));
#1565 = CARTESIAN_POINT('',(5.702654126846,1.151000655592));
#1566 = CARTESIAN_POINT('',(5.71111951666,1.074741412737));
#1567 = CARTESIAN_POINT('',(5.718450286629,0.99668256575));
#1568 = CARTESIAN_POINT('',(5.724654291788,0.917288719343));
#1569 = CARTESIAN_POINT('',(5.729729870885,0.83701127679));
#1570 = CARTESIAN_POINT('',(5.733677771127,0.756294583569));
#1571 = CARTESIAN_POINT('',(5.736497893376,0.67562441778));
#1572 = CARTESIAN_POINT('',(5.738190159938,0.595327884826));
#1573 = CARTESIAN_POINT('',(5.738754329951,0.51632534828));
#1574 = CARTESIAN_POINT('',(5.738190159938,0.437322811734));
#1575 = CARTESIAN_POINT('',(5.736497893376,0.35702627878));
#1576 = CARTESIAN_POINT('',(5.733677771127,0.276356112991));
#1577 = CARTESIAN_POINT('',(5.729729870885,0.195639419769));
#1578 = CARTESIAN_POINT('',(5.724654291788,0.115361977216));
#1579 = CARTESIAN_POINT('',(5.718450286629,3.596813080954E-02));
#1580 = CARTESIAN_POINT('',(5.71111951666,-4.209071617705E-02));
#1581 = CARTESIAN_POINT('',(5.702654126846,-0.118349959032));
#1582 = CARTESIAN_POINT('',(5.693130769447,-0.192488885515));
#1583 = CARTESIAN_POINT('',(5.682641203275,-0.264214283103));
#1584 = CARTESIAN_POINT('',(5.671272994849,-0.333224382417));
#1585 = CARTESIAN_POINT('',(5.659112947152,-0.399224509286));
#1586 = CARTESIAN_POINT('',(5.646252058752,-0.461900165551));
#1587 = CARTESIAN_POINT('',(5.632761636275,-0.521009053805));
#1588 = CARTESIAN_POINT('',(5.618783061443,-0.57603989762));
#1589 = CARTESIAN_POINT('',(5.603780632428,-0.629077696096));
#1590 = CARTESIAN_POINT('',(5.587900094236,-0.679516143275));
#1591 = CARTESIAN_POINT('',(5.571203783035,-0.727078177455));
#1592 = CARTESIAN_POINT('',(5.553775166077,-0.771398099847));
#1593 = CARTESIAN_POINT('',(5.535690711232,-0.812135515753));
#1594 = CARTESIAN_POINT('',(5.517026628384,-0.848937451199));
#1595 = CARTESIAN_POINT('',(5.504247888788,-0.870629780546));
#1596 = CARTESIAN_POINT('',(5.497787143782,-0.880709520392));
#1597 = ( GEOMETRIC_REPRESENTATION_CONTEXT(2) 
PARAMETRIC_REPRESENTATION_CONTEXT() REPRESENTATION_CONTEXT('2D SPACE',''
  ) );
#1598 = PCURVE('',#1599,#1604);
#1599 = CYLINDRICAL_SURFACE('',#1600,1.5);
#1600 = AXIS2_PLACEMENT_3D('',#1601,#1602,#1603);
#1601 = CARTESIAN_POINT('',(-23.96330125505,-89.68871530774,
    24.965260910701));
#1602 = DIRECTION('',(5.45372713851E-16,0.,1.));
#1603 = DIRECTION('',(-1.,0.,5.45372713851E-16));
#1604 = DEFINITIONAL_REPRESENTATION('',(#1605),#1653);
#1605 = B_SPLINE_CURVE_WITH_KNOTS('',3,(#1606,#1607,#1608,#1609,#1610,
    #1611,#1612,#1613,#1614,#1615,#1616,#1617,#1618,#1619,#1620,#1621,
    #1622,#1623,#1624,#1625,#1626,#1627,#1628,#1629,#1630,#1631,#1632,
    #1633,#1634,#1635,#1636,#1637,#1638,#1639,#1640,#1641,#1642,#1643,
    #1644,#1645,#1646,#1647,#1648,#1649,#1650,#1651,#1652),
  .UNSPECIFIED.,.F.,.F.,(4,1,1,1,1,1,1,1,1,1,1,1,1,1,1,1,1,1,1,1,1,1,1,1
    ,1,1,1,1,1,1,1,1,1,1,1,1,1,1,1,1,1,1,1,1,4),(0.746242745457,
    0.75410323799,0.761963730524,0.769824223058,0.777684715592,
    0.785545208125,0.793405700659,0.801266193193,0.809126685727,
    0.81698717826,0.824847670794,0.832708163328,0.840568655861,
    0.848429148395,0.856289640929,0.864150133463,0.872010625996,
    0.87987111853,0.887731611064,0.895592103597,0.903452596131,
    0.911313088665,0.919173581199,0.927034073732,0.934894566266,
    0.9427550588,0.950615551334,0.958476043867,0.966336536401,
    0.974197028935,0.982057521468,0.989918014002,0.997778506536,
    1.00563899907,1.013499491603,1.021359984137,1.029220476671,
    1.037080969205,1.044941461738,1.052801954272,1.060662446806,
    1.068522939339,1.076383431873,1.084243924407,1.092104416941),
  .QUASI_UNIFORM_KNOTS.);
#1606 = CARTESIAN_POINT('',(-0.475723209041,57.));
#1607 = CARTESIAN_POINT('',(-0.494214472266,57.000006292846));
#1608 = CARTESIAN_POINT('',(-0.531218915198,56.999489858146));
#1609 = CARTESIAN_POINT('',(-0.58667245444,56.997294790234));
#1610 = CARTESIAN_POINT('',(-0.641962862992,56.993843874479));
#1611 = CARTESIAN_POINT('',(-0.696949093578,56.989308949431));
#1612 = CARTESIAN_POINT('',(-0.751484603446,56.983859184075));
#1613 = CARTESIAN_POINT('',(-0.80539255488,56.977667155129));
#1614 = CARTESIAN_POINT('',(-0.858578089475,56.970894477945));
#1615 = CARTESIAN_POINT('',(-0.910642009463,56.963743205599));
#1616 = CARTESIAN_POINT('',(-0.96373821666,56.956082959398));
#1617 = CARTESIAN_POINT('',(-1.017522729615,56.948109588159));
#1618 = CARTESIAN_POINT('',(-1.071906666545,56.939984737967));
#1619 = CARTESIAN_POINT('',(-1.126732676805,56.931879590055));
#1620 = CARTESIAN_POINT('',(-1.181868819142,56.923961387789));
#1621 = CARTESIAN_POINT('',(-1.237191460685,56.916403590868));
#1622 = CARTESIAN_POINT('',(-1.292595200677,56.909358731517));
#1623 = CARTESIAN_POINT('',(-1.348005551602,56.903072527769));
#1624 = CARTESIAN_POINT('',(-1.403327495825,56.897605365784));
#1625 = CARTESIAN_POINT('',(-1.458439288886,56.893009411607));
#1626 = CARTESIAN_POINT('',(-1.513212113362,56.889339033864));
#1627 = CARTESIAN_POINT('',(-1.567478961777,56.886648010984));
#1628 = CARTESIAN_POINT('',(-1.621175596992,56.884990279594));
#1629 = CARTESIAN_POINT('',(-1.673844231876,56.884419733729));
#1630 = CARTESIAN_POINT('',(-1.726512866761,56.884990279594));
#1631 = CARTESIAN_POINT('',(-1.780209501975,56.886648010984));
#1632 = CARTESIAN_POINT('',(-1.83447635039,56.889339033864));
#1633 = CARTESIAN_POINT('',(-1.889249174867,56.893009411607));
#1634 = CARTESIAN_POINT('',(-1.944360967927,56.897605365784));
#1635 = CARTESIAN_POINT('',(-1.999682912151,56.903072527769));
#1636 = CARTESIAN_POINT('',(-2.055093263076,56.909358731517));
#1637 = CARTESIAN_POINT('',(-2.110497003067,56.916403590868));
#1638 = CARTESIAN_POINT('',(-2.165819644611,56.923961387789));
#1639 = CARTESIAN_POINT('',(-2.220955786948,56.931879590055));
#1640 = CARTESIAN_POINT('',(-2.275781797207,56.939984737966));
#1641 = CARTESIAN_POINT('',(-2.330165734137,56.948109588159));
#1642 = CARTESIAN_POINT('',(-2.383950247093,56.956082959398));
#1643 = CARTESIAN_POINT('',(-2.437046454289,56.963743205599));
#1644 = CARTESIAN_POINT('',(-2.489110374277,56.970894477945));
#1645 = CARTESIAN_POINT('',(-2.542295908872,56.977667155129));
#1646 = CARTESIAN_POINT('',(-2.596203860307,56.983859184075));
#1647 = CARTESIAN_POINT('',(-2.650739370175,56.989308949431));
#1648 = CARTESIAN_POINT('',(-2.705725600761,56.993843874479));
#1649 = CARTESIAN_POINT('',(-2.761016009313,56.997294790234));
#1650 = CARTESIAN_POINT('',(-2.816469548554,56.999489858146));
#1651 = CARTESIAN_POINT('',(-2.853473991486,57.000006292846));
#1652 = CARTESIAN_POINT('',(-2.871965254712,57.));
#1653 = ( GEOMETRIC_REPRESENTATION_CONTEXT(2) 
PARAMETRIC_REPRESENTATION_CONTEXT() REPRESENTATION_CONTEXT('2D SPACE',''
  ) );
#1654 = ORIENTED_EDGE('',*,*,#1655,.T.);
#1655 = EDGE_CURVE('',#1519,#1656,#1658,.T.);
#1656 = VERTEX_POINT('',#1657);
#1657 = CARTESIAN_POINT('',(-20.99552266483,-89.44655049977,
    81.9652609107));
#1658 = SURFACE_CURVE('',#1659,(#1663,#1670),.PCURVE_S1.);
#1659 = LINE('',#1660,#1661);
#1660 = CARTESIAN_POINT('',(-23.39353352073,-89.19856209707,
    81.9652609107));
#1661 = VECTOR('',#1662,1.);
#1662 = DIRECTION('',(0.994695261317,-0.102865626491,-5.298368892726E-16
    ));
#1663 = PCURVE('',#1543,#1664);
#1664 = DEFINITIONAL_REPRESENTATION('',(#1665),#1669);
#1665 = LINE('',#1666,#1667);
#1666 = CARTESIAN_POINT('',(5.497787143782,1.998401444325E-15));
#1667 = VECTOR('',#1668,1.);
#1668 = DIRECTION('',(0.,-1.));
#1669 = ( GEOMETRIC_REPRESENTATION_CONTEXT(2) 
PARAMETRIC_REPRESENTATION_CONTEXT() REPRESENTATION_CONTEXT('2D SPACE',''
  ) );
#1670 = PCURVE('',#1671,#1676);
#1671 = PLANE('',#1672);
#1672 = AXIS2_PLACEMENT_3D('',#1673,#1674,#1675);
#1673 = CARTESIAN_POINT('',(-25.28012458417,-90.29438959414,
    81.9652609107));
#1674 = DIRECTION('',(5.326625247727E-16,1.085826287103E-29,1.));
#1675 = DIRECTION('',(-1.,0.,5.326625247727E-16));
#1676 = DEFINITIONAL_REPRESENTATION('',(#1677),#1681);
#1677 = LINE('',#1678,#1679);
#1678 = CARTESIAN_POINT('',(-1.886591063437,-1.095827497069));
#1679 = VECTOR('',#1680,1.);
#1680 = DIRECTION('',(-0.994695261317,0.102865626491));
#1681 = ( GEOMETRIC_REPRESENTATION_CONTEXT(2) 
PARAMETRIC_REPRESENTATION_CONTEXT() REPRESENTATION_CONTEXT('2D SPACE',''
  ) );
#1682 = ORIENTED_EDGE('',*,*,#1683,.T.);
#1683 = EDGE_CURVE('',#1656,#1684,#1686,.T.);
#1684 = VERTEX_POINT('',#1685);
#1685 = CARTESIAN_POINT('',(-20.99552266483,-85.46555069523,
    78.530360362329));
#1686 = SURFACE_CURVE('',#1687,(#1692,#1721),.PCURVE_S1.);
#1687 = ELLIPSE('',#1688,4.021332116033,4.);
#1688 = AXIS2_PLACEMENT_3D('',#1689,#1690,#1691);
#1689 = CARTESIAN_POINT('',(-20.99552266483,-89.44655049977,
    77.9652609107));
#1690 = DIRECTION('',(-1.,2.974788161694E-31,5.45372713851E-16));
#1691 = DIRECTION('',(1.20088891976E-30,1.,1.6565003724E-15));
#1692 = PCURVE('',#1543,#1693);
#1693 = DEFINITIONAL_REPRESENTATION('',(#1694),#1720);
#1694 = B_SPLINE_CURVE_WITH_KNOTS('',3,(#1695,#1696,#1697,#1698,#1699,
    #1700,#1701,#1702,#1703,#1704,#1705,#1706,#1707,#1708,#1709,#1710,
    #1711,#1712,#1713,#1714,#1715,#1716,#1717,#1718,#1719),
  .UNSPECIFIED.,.F.,.F.,(4,1,1,1,1,1,1,1,1,1,1,1,1,1,1,1,1,1,1,1,1,1,4),
  (4.712388980385,4.777345673623,4.842302366861,4.907259060099,
    4.972215753337,5.037172446575,5.102129139813,5.167085833051,
    5.232042526289,5.296999219527,5.361955912765,5.426912606003,
    5.491869299241,5.556825992479,5.621782685718,5.686739378956,
    5.751696072194,5.816652765432,5.88160945867,5.946566151908,
    6.011522845146,6.076479538384,6.141436231622),
  .QUASI_UNIFORM_KNOTS.);
#1695 = CARTESIAN_POINT('',(5.497787143782,-2.410799517359));
#1696 = CARTESIAN_POINT('',(5.519439374861,-2.401842875946));
#1697 = CARTESIAN_POINT('',(5.56274383702,-2.383929761652));
#1698 = CARTESIAN_POINT('',(5.627700530258,-2.357173288469));
#1699 = CARTESIAN_POINT('',(5.692657223496,-2.33064304102));
#1700 = CARTESIAN_POINT('',(5.757613916734,-2.304450874941));
#1701 = CARTESIAN_POINT('',(5.822570609972,-2.278707278194));
#1702 = CARTESIAN_POINT('',(5.887527303211,-2.2535208311));
#1703 = CARTESIAN_POINT('',(5.952483996449,-2.228997768173));
#1704 = CARTESIAN_POINT('',(6.017440689687,-2.205241524725));
#1705 = CARTESIAN_POINT('',(6.082397382925,-2.182352302006));
#1706 = CARTESIAN_POINT('',(6.147354076163,-2.160426644191));
#1707 = CARTESIAN_POINT('',(6.212310769401,-2.13955703127));
#1708 = CARTESIAN_POINT('',(6.277267462639,-2.119831488938));
#1709 = CARTESIAN_POINT('',(6.342224155877,-2.101333217352));
#1710 = CARTESIAN_POINT('',(6.407180849115,-2.084140240105));
#1711 = CARTESIAN_POINT('',(6.472137542353,-2.06832507547));
#1712 = CARTESIAN_POINT('',(6.537094235591,-2.053954429266));
#1713 = CARTESIAN_POINT('',(6.602050928829,-2.041088918197));
#1714 = CARTESIAN_POINT('',(6.667007622067,-2.029782796669));
#1715 = CARTESIAN_POINT('',(6.731964315305,-2.02008379327));
#1716 = CARTESIAN_POINT('',(6.796921008543,-2.012032665696));
#1717 = CARTESIAN_POINT('',(6.861877701781,-2.005663938558));
#1718 = CARTESIAN_POINT('',(6.90518216394,-2.002556221286));
#1719 = CARTESIAN_POINT('',(6.926834395019,-2.001291478406));
#1720 = ( GEOMETRIC_REPRESENTATION_CONTEXT(2) 
PARAMETRIC_REPRESENTATION_CONTEXT() REPRESENTATION_CONTEXT('2D SPACE',''
  ) );
#1721 = PCURVE('',#306,#1722);
#1722 = DEFINITIONAL_REPRESENTATION('',(#1723),#1731);
#1723 = ( BOUNDED_CURVE() B_SPLINE_CURVE(2,(#1724,#1725,#1726,#1727,
#1728,#1729,#1730),.UNSPECIFIED.,.T.,.F.) B_SPLINE_CURVE_WITH_KNOTS((1,2
    ,2,2,2,1),(-2.094395102393,0.,2.094395102393,4.188790204786,
6.28318530718,8.377580409573),.UNSPECIFIED.) CURVE() 
GEOMETRIC_REPRESENTATION_ITEM() RATIONAL_B_SPLINE_CURVE((1.,0.5,1.,0.5,
1.,0.5,1.)) REPRESENTATION_ITEM('') );
#1724 = CARTESIAN_POINT('',(10.624519882061,53.));
#1725 = CARTESIAN_POINT('',(10.624519882061,46.071796769725));
#1726 = CARTESIAN_POINT('',(4.592521708012,49.535898384862));
#1727 = CARTESIAN_POINT('',(-1.439476466037,53.));
#1728 = CARTESIAN_POINT('',(4.592521708012,56.464101615138));
#1729 = CARTESIAN_POINT('',(10.624519882061,59.928203230276));
#1730 = CARTESIAN_POINT('',(10.624519882061,53.));
#1731 = ( GEOMETRIC_REPRESENTATION_CONTEXT(2) 
PARAMETRIC_REPRESENTATION_CONTEXT() REPRESENTATION_CONTEXT('2D SPACE',''
  ) );
#1732 = ORIENTED_EDGE('',*,*,#1733,.T.);
#1733 = EDGE_CURVE('',#1684,#1734,#1736,.T.);
#1734 = VERTEX_POINT('',#1735);
#1735 = CARTESIAN_POINT('',(-21.22756762342,-85.40122163723,
    77.9652609107));
#1736 = SURFACE_CURVE('',#1737,(#1742,#1771),.PCURVE_S1.);
#1737 = ELLIPSE('',#1738,24.008637229776,4.);
#1738 = AXIS2_PLACEMENT_3D('',#1739,#1740,#1741);
#1739 = CARTESIAN_POINT('',(1.908469210734,-91.81514876804,77.9652609107
    ));
#1740 = DIRECTION('',(-0.267150820325,-0.963654730285,1.456967678881E-16
    ));
#1741 = DIRECTION('',(-0.963654730285,0.267150820325,5.433511454439E-16)
  );
#1742 = PCURVE('',#1543,#1743);
#1743 = DEFINITIONAL_REPRESENTATION('',(#1744),#1770);
#1744 = B_SPLINE_CURVE_WITH_KNOTS('',3,(#1745,#1746,#1747,#1748,#1749,
    #1750,#1751,#1752,#1753,#1754,#1755,#1756,#1757,#1758,#1759,#1760,
    #1761,#1762,#1763,#1764,#1765,#1766,#1767,#1768,#1769),
  .UNSPECIFIED.,.F.,.F.,(4,1,1,1,1,1,1,1,1,1,1,1,1,1,1,1,1,1,1,1,1,1,4),
  (6.141436231622,6.14787937142,6.154322511218,6.160765651016,
    6.167208790814,6.173651930612,6.18009507041,6.186538210209,
    6.192981350007,6.199424489805,6.205867629603,6.212310769401,
    6.218753909199,6.225197048997,6.231640188795,6.238083328593,
    6.244526468391,6.250969608189,6.257412747987,6.263855887785,
    6.270299027583,6.276742167382,6.28318530718),.QUASI_UNIFORM_KNOTS.);
#1745 = CARTESIAN_POINT('',(6.926834395019,-2.001291478406));
#1746 = CARTESIAN_POINT('',(6.928982108285,-1.994108639235));
#1747 = CARTESIAN_POINT('',(6.933277534818,-1.980067276573));
#1748 = CARTESIAN_POINT('',(6.939720674616,-1.959979009586));
#1749 = CARTESIAN_POINT('',(6.946163814414,-1.940865365445));
#1750 = CARTESIAN_POINT('',(6.952606954212,-1.922727134444));
#1751 = CARTESIAN_POINT('',(6.95905009401,-1.905565070426));
#1752 = CARTESIAN_POINT('',(6.965493233808,-1.889379885627));
#1753 = CARTESIAN_POINT('',(6.971936373606,-1.874172252018));
#1754 = CARTESIAN_POINT('',(6.978379513404,-1.859942800912));
#1755 = CARTESIAN_POINT('',(6.984822653202,-1.846692123031));
#1756 = CARTESIAN_POINT('',(6.991265793,-1.834420768464));
#1757 = CARTESIAN_POINT('',(6.997708932798,-1.823129246642));
#1758 = CARTESIAN_POINT('',(7.004152072596,-1.81281802632));
#1759 = CARTESIAN_POINT('',(7.010595212394,-1.803487535557));
#1760 = CARTESIAN_POINT('',(7.017038352192,-1.795138161698));
#1761 = CARTESIAN_POINT('',(7.023481491991,-1.78777025136));
#1762 = CARTESIAN_POINT('',(7.029924631789,-1.781384110408));
#1763 = CARTESIAN_POINT('',(7.036367771587,-1.775980003973));
#1764 = CARTESIAN_POINT('',(7.042810911385,-1.771558156339));
#1765 = CARTESIAN_POINT('',(7.049254051183,-1.768118751304));
#1766 = CARTESIAN_POINT('',(7.055697190981,-1.765661930791));
#1767 = CARTESIAN_POINT('',(7.062140330779,-1.764187800007));
#1768 = CARTESIAN_POINT('',(7.066435757311,-1.763860205433));
#1769 = CARTESIAN_POINT('',(7.068583470577,-1.763860208833));
#1770 = ( GEOMETRIC_REPRESENTATION_CONTEXT(2) 
PARAMETRIC_REPRESENTATION_CONTEXT() REPRESENTATION_CONTEXT('2D SPACE',''
  ) );
#1771 = PCURVE('',#518,#1772);
#1772 = DEFINITIONAL_REPRESENTATION('',(#1773),#1781);
#1773 = ( BOUNDED_CURVE() B_SPLINE_CURVE(2,(#1774,#1775,#1776,#1777,
#1778,#1779,#1780),.UNSPECIFIED.,.T.,.F.) B_SPLINE_CURVE_WITH_KNOTS((1,2
    ,2,2,2,1),(-2.094395102393,0.,2.094395102393,4.188790204786,
6.28318530718,8.377580409573),.UNSPECIFIED.) CURVE() 
GEOMETRIC_REPRESENTATION_ITEM() RATIONAL_B_SPLINE_CURVE((1.,0.5,1.,0.5,
1.,0.5,1.)) REPRESENTATION_ITEM('') );
#1774 = CARTESIAN_POINT('',(0.240796782599,53.));
#1775 = CARTESIAN_POINT('',(0.240796782599,46.071796769725));
#1776 = CARTESIAN_POINT('',(-35.77215906206,49.535898384862));
#1777 = CARTESIAN_POINT('',(-71.78511490672,53.));
#1778 = CARTESIAN_POINT('',(-35.77215906206,56.464101615138));
#1779 = CARTESIAN_POINT('',(0.240796782599,59.928203230276));
#1780 = CARTESIAN_POINT('',(0.240796782599,53.));
#1781 = ( GEOMETRIC_REPRESENTATION_CONTEXT(2) 
PARAMETRIC_REPRESENTATION_CONTEXT() REPRESENTATION_CONTEXT('2D SPACE',''
  ) );
#1782 = ORIENTED_EDGE('',*,*,#1783,.T.);
#1783 = EDGE_CURVE('',#1734,#1784,#1786,.T.);
#1784 = VERTEX_POINT('',#1785);
#1785 = CARTESIAN_POINT('',(-29.56472650351,-84.53904092248,
    77.9652609107));
#1786 = SURFACE_CURVE('',#1787,(#1791,#1798),.PCURVE_S1.);
#1787 = LINE('',#1788,#1789);
#1788 = CARTESIAN_POINT('',(-22.98207101477,-85.2197810518,77.9652609107
    ));
#1789 = VECTOR('',#1790,1.);
#1790 = DIRECTION('',(-0.994695261317,0.102865626491,5.298368892726E-16)
  );
#1791 = PCURVE('',#1543,#1792);
#1792 = DEFINITIONAL_REPRESENTATION('',(#1793),#1797);
#1793 = LINE('',#1794,#1795);
#1794 = CARTESIAN_POINT('',(7.068583470577,-5.218048215738E-14));
#1795 = VECTOR('',#1796,1.);
#1796 = DIRECTION('',(-2.11934755709E-16,1.));
#1797 = ( GEOMETRIC_REPRESENTATION_CONTEXT(2) 
PARAMETRIC_REPRESENTATION_CONTEXT() REPRESENTATION_CONTEXT('2D SPACE',''
  ) );
#1798 = PCURVE('',#490,#1799);
#1799 = DEFINITIONAL_REPRESENTATION('',(#1800),#1804);
#1800 = LINE('',#1801,#1802);
#1801 = CARTESIAN_POINT('',(1.763860208833,53.));
#1802 = VECTOR('',#1803,1.);
#1803 = DIRECTION('',(1.,-9.860761315263E-32));
#1804 = ( GEOMETRIC_REPRESENTATION_CONTEXT(2) 
PARAMETRIC_REPRESENTATION_CONTEXT() REPRESENTATION_CONTEXT('2D SPACE',''
  ) );
#1805 = ORIENTED_EDGE('',*,*,#1806,.T.);
#1806 = EDGE_CURVE('',#1784,#1807,#1809,.T.);
#1807 = VERTEX_POINT('',#1808);
#1808 = CARTESIAN_POINT('',(-29.56472650351,-88.56037303852,
    81.9652609107));
#1809 = SURFACE_CURVE('',#1810,(#1815,#1844),.PCURVE_S1.);
#1810 = ELLIPSE('',#1811,4.021332116033,4.);
#1811 = AXIS2_PLACEMENT_3D('',#1812,#1813,#1814);
#1812 = CARTESIAN_POINT('',(-29.56472650351,-88.56037303852,
    77.9652609107));
#1813 = DIRECTION('',(1.,8.537066937843E-15,-5.45372713851E-16));
#1814 = DIRECTION('',(-8.537066937843E-15,1.,9.731939687848E-15));
#1815 = PCURVE('',#1543,#1816);
#1816 = DEFINITIONAL_REPRESENTATION('',(#1817),#1843);
#1817 = B_SPLINE_CURVE_WITH_KNOTS('',3,(#1818,#1819,#1820,#1821,#1822,
    #1823,#1824,#1825,#1826,#1827,#1828,#1829,#1830,#1831,#1832,#1833,
    #1834,#1835,#1836,#1837,#1838,#1839,#1840,#1841,#1842),
  .UNSPECIFIED.,.F.,.F.,(4,1,1,1,1,1,1,1,1,1,1,1,1,1,1,1,1,1,1,1,1,1,4),
  (0.,7.139983303613E-02,0.142799666072,0.214199499108,0.285599332145,
    0.356999165181,0.428398998217,0.499798831253,0.571198664289,
    0.642598497325,0.713998330361,0.785398163397,0.856797996434,
    0.92819782947,0.999597662506,1.070997495542,1.142397328578,
    1.213797161614,1.28519699465,1.356596827687,1.427996660723,
    1.499396493759,1.570796326795),.QUASI_UNIFORM_KNOTS.);
#1818 = CARTESIAN_POINT('',(7.068583470577,6.617760981412));
#1819 = CARTESIAN_POINT('',(7.044783526232,6.617761873486));
#1820 = CARTESIAN_POINT('',(6.997183637541,6.617057336657));
#1821 = CARTESIAN_POINT('',(6.925783804505,6.613898698517));
#1822 = CARTESIAN_POINT('',(6.854383971469,6.608651176169));
#1823 = CARTESIAN_POINT('',(6.782984138432,6.601342353021));
#1824 = CARTESIAN_POINT('',(6.711584305396,6.592009247216));
#1825 = CARTESIAN_POINT('',(6.64018447236,6.580699478664));
#1826 = CARTESIAN_POINT('',(6.568784639324,6.567470663131));
#1827 = CARTESIAN_POINT('',(6.497384806288,6.552390215975));
#1828 = CARTESIAN_POINT('',(6.425984973252,6.535534982533));
#1829 = CARTESIAN_POINT('',(6.354585140216,6.516990853523));
#1830 = CARTESIAN_POINT('',(6.28318530718,6.496852325493));
#1831 = CARTESIAN_POINT('',(6.211785474143,6.475222019788));
#1832 = CARTESIAN_POINT('',(6.140385641107,6.45221015948));
#1833 = CARTESIAN_POINT('',(6.068985808071,6.427934007742));
#1834 = CARTESIAN_POINT('',(5.997585975035,6.402517270253));
#1835 = CARTESIAN_POINT('',(5.926186141999,6.376089464982));
#1836 = CARTESIAN_POINT('',(5.854786308963,6.348785261587));
#1837 = CARTESIAN_POINT('',(5.783386475927,6.320743797449));
#1838 = CARTESIAN_POINT('',(5.711986642891,6.292107960145));
#1839 = CARTESIAN_POINT('',(5.640586809854,6.263023691104));
#1840 = CARTESIAN_POINT('',(5.569186976818,6.233639123325));
#1841 = CARTESIAN_POINT('',(5.521587088128,6.213949220536));
#1842 = CARTESIAN_POINT('',(5.497787143782,6.20410413397));
#1843 = ( GEOMETRIC_REPRESENTATION_CONTEXT(2) 
PARAMETRIC_REPRESENTATION_CONTEXT() REPRESENTATION_CONTEXT('2D SPACE',''
  ) );
#1844 = PCURVE('',#227,#1845);
#1845 = DEFINITIONAL_REPRESENTATION('',(#1846),#1854);
#1846 = ( BOUNDED_CURVE() B_SPLINE_CURVE(2,(#1847,#1848,#1849,#1850,
#1851,#1852,#1853),.UNSPECIFIED.,.T.,.F.) B_SPLINE_CURVE_WITH_KNOTS((1,2
    ,2,2,2,1),(-2.094395102393,0.,2.094395102393,4.188790204786,
6.28318530718,8.377580409573),.UNSPECIFIED.) CURVE() 
GEOMETRIC_REPRESENTATION_ITEM() RATIONAL_B_SPLINE_CURVE((1.,0.5,1.,0.5,
1.,0.5,1.)) REPRESENTATION_ITEM('') );
#1847 = CARTESIAN_POINT('',(0.,53.));
#1848 = CARTESIAN_POINT('',(6.750155989721E-14,59.928203230276));
#1849 = CARTESIAN_POINT('',(6.031998174049,56.464101615138));
#1850 = CARTESIAN_POINT('',(12.063996348098,53.));
#1851 = CARTESIAN_POINT('',(6.031998174049,49.535898384862));
#1852 = CARTESIAN_POINT('',(-6.128431095931E-14,46.071796769725));
#1853 = CARTESIAN_POINT('',(0.,53.));
#1854 = ( GEOMETRIC_REPRESENTATION_CONTEXT(2) 
PARAMETRIC_REPRESENTATION_CONTEXT() REPRESENTATION_CONTEXT('2D SPACE',''
  ) );
#1855 = ORIENTED_EDGE('',*,*,#1856,.T.);
#1856 = EDGE_CURVE('',#1807,#1517,#1857,.T.);
#1857 = SURFACE_CURVE('',#1858,(#1862,#1869),.PCURVE_S1.);
#1858 = LINE('',#1859,#1860);
#1859 = CARTESIAN_POINT('',(-23.39353352073,-89.19856209707,
    81.9652609107));
#1860 = VECTOR('',#1861,1.);
#1861 = DIRECTION('',(0.994695261317,-0.102865626491,-5.298368892726E-16
    ));
#1862 = PCURVE('',#1543,#1863);
#1863 = DEFINITIONAL_REPRESENTATION('',(#1864),#1868);
#1864 = LINE('',#1865,#1866);
#1865 = CARTESIAN_POINT('',(5.497787143782,0.));
#1866 = VECTOR('',#1867,1.);
#1867 = DIRECTION('',(6.209961047855E-16,-1.));
#1868 = ( GEOMETRIC_REPRESENTATION_CONTEXT(2) 
PARAMETRIC_REPRESENTATION_CONTEXT() REPRESENTATION_CONTEXT('2D SPACE',''
  ) );
#1869 = PCURVE('',#1671,#1870);
#1870 = DEFINITIONAL_REPRESENTATION('',(#1871),#1875);
#1871 = LINE('',#1872,#1873);
#1872 = CARTESIAN_POINT('',(-1.886591063437,-1.095827497069));
#1873 = VECTOR('',#1874,1.);
#1874 = DIRECTION('',(-0.994695261317,0.102865626491));
#1875 = ( GEOMETRIC_REPRESENTATION_CONTEXT(2) 
PARAMETRIC_REPRESENTATION_CONTEXT() REPRESENTATION_CONTEXT('2D SPACE',''
  ) );
#1876 = ADVANCED_FACE('',(#1877),#518,.T.);
#1877 = FACE_BOUND('',#1878,.T.);
#1878 = EDGE_LOOP('',(#1879,#1880,#1903,#1954,#1982,#2003,#2004));
#1879 = ORIENTED_EDGE('',*,*,#1733,.F.);
#1880 = ORIENTED_EDGE('',*,*,#1881,.F.);
#1881 = EDGE_CURVE('',#1882,#1684,#1884,.T.);
#1882 = VERTEX_POINT('',#1883);
#1883 = CARTESIAN_POINT('',(-20.99552266483,-85.46555069523,
    33.965260910701));
#1884 = SURFACE_CURVE('',#1885,(#1889,#1896),.PCURVE_S1.);
#1885 = LINE('',#1886,#1887);
#1886 = CARTESIAN_POINT('',(-20.99552266483,-85.46555069523,
    24.965260910701));
#1887 = VECTOR('',#1888,1.);
#1888 = DIRECTION('',(5.45372713851E-16,0.,1.));
#1889 = PCURVE('',#518,#1890);
#1890 = DEFINITIONAL_REPRESENTATION('',(#1891),#1895);
#1891 = LINE('',#1892,#1893);
#1892 = CARTESIAN_POINT('',(0.,0.));
#1893 = VECTOR('',#1894,1.);
#1894 = DIRECTION('',(-9.185374222033E-16,1.));
#1895 = ( GEOMETRIC_REPRESENTATION_CONTEXT(2) 
PARAMETRIC_REPRESENTATION_CONTEXT() REPRESENTATION_CONTEXT('2D SPACE',''
  ) );
#1896 = PCURVE('',#306,#1897);
#1897 = DEFINITIONAL_REPRESENTATION('',(#1898),#1902);
#1898 = LINE('',#1899,#1900);
#1899 = CARTESIAN_POINT('',(10.584187570567,5.773247374947E-15));
#1900 = VECTOR('',#1901,1.);
#1901 = DIRECTION('',(-5.454596620152E-16,1.));
#1902 = ( GEOMETRIC_REPRESENTATION_CONTEXT(2) 
PARAMETRIC_REPRESENTATION_CONTEXT() REPRESENTATION_CONTEXT('2D SPACE',''
  ) );
#1903 = ORIENTED_EDGE('',*,*,#1904,.F.);
#1904 = EDGE_CURVE('',#1905,#1882,#1907,.T.);
#1905 = VERTEX_POINT('',#1906);
#1906 = CARTESIAN_POINT('',(-14.99552266483,-87.12891089217,
    27.965260910701));
#1907 = SURFACE_CURVE('',#1908,(#1913,#1920),.PCURVE_S1.);
#1908 = ELLIPSE('',#1909,6.226296422816,6.);
#1909 = AXIS2_PLACEMENT_3D('',#1910,#1911,#1912);
#1910 = CARTESIAN_POINT('',(-14.99552266483,-87.12891089217,
    33.965260910701));
#1911 = DIRECTION('',(0.267150820325,0.963654730285,-1.456967678881E-16)
  );
#1912 = DIRECTION('',(-0.963654730285,0.267150820325,3.566238897836E-16)
  );
#1913 = PCURVE('',#518,#1914);
#1914 = DEFINITIONAL_REPRESENTATION('',(#1915),#1919);
#1915 = ELLIPSE('',#1916,6.226296422816,6.);
#1916 = AXIS2_PLACEMENT_2D('',#1917,#1918);
#1917 = CARTESIAN_POINT('',(-6.226296422816,9.));
#1918 = DIRECTION('',(1.,7.496103165163E-16));
#1919 = ( GEOMETRIC_REPRESENTATION_CONTEXT(2) 
PARAMETRIC_REPRESENTATION_CONTEXT() REPRESENTATION_CONTEXT('2D SPACE',''
  ) );
#1920 = PCURVE('',#1921,#1926);
#1921 = CYLINDRICAL_SURFACE('',#1922,6.);
#1922 = AXIS2_PLACEMENT_3D('',#1923,#1924,#1925);
#1923 = CARTESIAN_POINT('',(-14.99552266483,-93.92895268383,
    33.965260910701));
#1924 = DIRECTION('',(2.974788161694E-31,1.,0.));
#1925 = DIRECTION('',(-0.707106781187,2.103492881728E-31,-0.707106781187
    ));
#1926 = DEFINITIONAL_REPRESENTATION('',(#1927),#1953);
#1927 = B_SPLINE_CURVE_WITH_KNOTS('',3,(#1928,#1929,#1930,#1931,#1932,
    #1933,#1934,#1935,#1936,#1937,#1938,#1939,#1940,#1941,#1942,#1943,
    #1944,#1945,#1946,#1947,#1948,#1949,#1950,#1951,#1952),
  .UNSPECIFIED.,.F.,.F.,(4,1,1,1,1,1,1,1,1,1,1,1,1,1,1,1,1,1,1,1,1,1,4),
  (4.712388980385,4.783788813421,4.855188646457,4.926588479493,
    4.997988312529,5.069388145565,5.140787978601,5.212187811638,
    5.283587644674,5.35498747771,5.426387310746,5.497787143782,
    5.569186976818,5.640586809854,5.711986642891,5.783386475927,
    5.854786308963,5.926186141999,5.997585975035,6.068985808071,
    6.140385641107,6.211785474143,6.28318530718),.QUASI_UNIFORM_KNOTS.);
#1928 = CARTESIAN_POINT('',(5.497787143782,6.800041791661));
#1929 = CARTESIAN_POINT('',(5.521587088128,6.839629979867));
#1930 = CARTESIAN_POINT('',(5.569186976818,6.918805269203));
#1931 = CARTESIAN_POINT('',(5.640586809854,7.03696388485));
#1932 = CARTESIAN_POINT('',(5.711986642891,7.15391496587));
#1933 = CARTESIAN_POINT('',(5.783386475927,7.269062852996));
#1934 = CARTESIAN_POINT('',(5.854786308963,7.381820699505));
#1935 = CARTESIAN_POINT('',(5.926186141999,7.491613938557));
#1936 = CARTESIAN_POINT('',(5.997585975035,7.597883083265));
#1937 = CARTESIAN_POINT('',(6.068985808071,7.700086611955));
#1938 = CARTESIAN_POINT('',(6.140385641107,7.797703718463));
#1939 = CARTESIAN_POINT('',(6.211785474143,7.890236968501));
#1940 = CARTESIAN_POINT('',(6.28318530718,7.977214833802));
#1941 = CARTESIAN_POINT('',(6.354585140216,8.058194095132));
#1942 = CARTESIAN_POINT('',(6.425984973252,8.132762100648));
#1943 = CARTESIAN_POINT('',(6.497384806288,8.20053886922));
#1944 = CARTESIAN_POINT('',(6.568784639324,8.261179024719));
#1945 = CARTESIAN_POINT('',(6.64018447236,8.314373563494));
#1946 = CARTESIAN_POINT('',(6.711584305396,8.35985140089));
#1947 = CARTESIAN_POINT('',(6.782984138433,8.397380857505));
#1948 = CARTESIAN_POINT('',(6.854383971469,8.426770448383));
#1949 = CARTESIAN_POINT('',(6.925783804505,8.447871319458));
#1950 = CARTESIAN_POINT('',(6.997183637541,8.46057255477));
#1951 = CARTESIAN_POINT('',(7.044783526232,8.46340557573));
#1952 = CARTESIAN_POINT('',(7.068583470577,8.463401988601));
#1953 = ( GEOMETRIC_REPRESENTATION_CONTEXT(2) 
PARAMETRIC_REPRESENTATION_CONTEXT() REPRESENTATION_CONTEXT('2D SPACE',''
  ) );
#1954 = ORIENTED_EDGE('',*,*,#1955,.F.);
#1955 = EDGE_CURVE('',#1956,#1905,#1958,.T.);
#1956 = VERTEX_POINT('',#1957);
#1957 = CARTESIAN_POINT('',(-11.34219483062,-88.14171090981,
    27.965260910701));
#1958 = SURFACE_CURVE('',#1959,(#1963,#1970),.PCURVE_S1.);
#1959 = LINE('',#1960,#1961);
#1960 = CARTESIAN_POINT('',(-10.33791244377,-88.42012480127,
    27.965260910701));
#1961 = VECTOR('',#1962,1.);
#1962 = DIRECTION('',(-0.963654730285,0.267150820325,-3.929864267327E-16
    ));
#1963 = PCURVE('',#518,#1964);
#1964 = DEFINITIONAL_REPRESENTATION('',(#1965),#1969);
#1965 = LINE('',#1966,#1967);
#1966 = CARTESIAN_POINT('',(-11.05957339919,3.));
#1967 = VECTOR('',#1968,1.);
#1968 = DIRECTION('',(1.,-1.479114197289E-31));
#1969 = ( GEOMETRIC_REPRESENTATION_CONTEXT(2) 
PARAMETRIC_REPRESENTATION_CONTEXT() REPRESENTATION_CONTEXT('2D SPACE',''
  ) );
#1970 = PCURVE('',#1971,#1976);
#1971 = PLANE('',#1972);
#1972 = AXIS2_PLACEMENT_3D('',#1973,#1974,#1975);
#1973 = CARTESIAN_POINT('',(8.881784197001E-15,-91.80816710186,
    27.965260910701));
#1974 = DIRECTION('',(0.,0.,1.));
#1975 = DIRECTION('',(-1.,0.,0.));
#1976 = DEFINITIONAL_REPRESENTATION('',(#1977),#1981);
#1977 = LINE('',#1978,#1979);
#1978 = CARTESIAN_POINT('',(10.337912443771,-3.388042300597));
#1979 = VECTOR('',#1980,1.);
#1980 = DIRECTION('',(0.963654730285,-0.267150820325));
#1981 = ( GEOMETRIC_REPRESENTATION_CONTEXT(2) 
PARAMETRIC_REPRESENTATION_CONTEXT() REPRESENTATION_CONTEXT('2D SPACE',''
  ) );
#1982 = ORIENTED_EDGE('',*,*,#1983,.T.);
#1983 = EDGE_CURVE('',#1956,#503,#1984,.T.);
#1984 = SURFACE_CURVE('',#1985,(#1989,#1996),.PCURVE_S1.);
#1985 = LINE('',#1986,#1987);
#1986 = CARTESIAN_POINT('',(-11.34219483062,-88.14171090981,
    24.965260910701));
#1987 = VECTOR('',#1988,1.);
#1988 = DIRECTION('',(-2.956844549109E-16,-6.922025192738E-17,-1.));
#1989 = PCURVE('',#518,#1990);
#1990 = DEFINITIONAL_REPRESENTATION('',(#1991),#1995);
#1991 = LINE('',#1992,#1993);
#1992 = CARTESIAN_POINT('',(-10.01741342707,-3.93670750781E-15));
#1993 = VECTOR('',#1994,1.);
#1994 = DIRECTION('',(6.594319032937E-16,-1.));
#1995 = ( GEOMETRIC_REPRESENTATION_CONTEXT(2) 
PARAMETRIC_REPRESENTATION_CONTEXT() REPRESENTATION_CONTEXT('2D SPACE',''
  ) );
#1996 = PCURVE('',#546,#1997);
#1997 = DEFINITIONAL_REPRESENTATION('',(#1998),#2002);
#1998 = LINE('',#1999,#2000);
#1999 = CARTESIAN_POINT('',(11.531795337576,0.));
#2000 = VECTOR('',#2001,1.);
#2001 = DIRECTION('',(3.036786791213E-16,-1.));
#2002 = ( GEOMETRIC_REPRESENTATION_CONTEXT(2) 
PARAMETRIC_REPRESENTATION_CONTEXT() REPRESENTATION_CONTEXT('2D SPACE',''
  ) );
#2003 = ORIENTED_EDGE('',*,*,#502,.T.);
#2004 = ORIENTED_EDGE('',*,*,#2005,.T.);
#2005 = EDGE_CURVE('',#475,#1734,#2006,.T.);
#2006 = SURFACE_CURVE('',#2007,(#2011,#2018),.PCURVE_S1.);
#2007 = LINE('',#2008,#2009);
#2008 = CARTESIAN_POINT('',(-21.22756762342,-85.40122163723,
    24.965260910701));
#2009 = VECTOR('',#2010,1.);
#2010 = DIRECTION('',(5.45372713851E-16,0.,1.));
#2011 = PCURVE('',#518,#2012);
#2012 = DEFINITIONAL_REPRESENTATION('',(#2013),#2017);
#2013 = LINE('',#2014,#2015);
#2014 = CARTESIAN_POINT('',(0.240796782599,9.462986716226E-17));
#2015 = VECTOR('',#2016,1.);
#2016 = DIRECTION('',(-9.185374222033E-16,1.));
#2017 = ( GEOMETRIC_REPRESENTATION_CONTEXT(2) 
PARAMETRIC_REPRESENTATION_CONTEXT() REPRESENTATION_CONTEXT('2D SPACE',''
  ) );
#2018 = PCURVE('',#490,#2019);
#2019 = DEFINITIONAL_REPRESENTATION('',(#2020),#2024);
#2020 = LINE('',#2021,#2022);
#2021 = CARTESIAN_POINT('',(0.,0.));
#2022 = VECTOR('',#2023,1.);
#2023 = DIRECTION('',(-1.26427648466E-17,1.));
#2024 = ( GEOMETRIC_REPRESENTATION_CONTEXT(2) 
PARAMETRIC_REPRESENTATION_CONTEXT() REPRESENTATION_CONTEXT('2D SPACE',''
  ) );
#2025 = ADVANCED_FACE('',(#2026),#306,.T.);
#2026 = FACE_BOUND('',#2027,.T.);
#2027 = EDGE_LOOP('',(#2028,#2029,#2052,#2080,#2108,#2129,#2130,#2153,
    #2174));
#2028 = ORIENTED_EDGE('',*,*,#1683,.F.);
#2029 = ORIENTED_EDGE('',*,*,#2030,.F.);
#2030 = EDGE_CURVE('',#2031,#1656,#2033,.T.);
#2031 = VERTEX_POINT('',#2032);
#2032 = CARTESIAN_POINT('',(-20.99552266483,-96.0497382658,81.9652609107
    ));
#2033 = SURFACE_CURVE('',#2034,(#2038,#2045),.PCURVE_S1.);
#2034 = LINE('',#2035,#2036);
#2035 = CARTESIAN_POINT('',(-20.99552266483,-101.4016960566,
    81.9652609107));
#2036 = VECTOR('',#2037,1.);
#2037 = DIRECTION('',(0.,1.,-5.454596620152E-16));
#2038 = PCURVE('',#306,#2039);
#2039 = DEFINITIONAL_REPRESENTATION('',(#2040),#2044);
#2040 = LINE('',#2041,#2042);
#2041 = CARTESIAN_POINT('',(-5.351957790874,57.));
#2042 = VECTOR('',#2043,1.);
#2043 = DIRECTION('',(1.,0.));
#2044 = ( GEOMETRIC_REPRESENTATION_CONTEXT(2) 
PARAMETRIC_REPRESENTATION_CONTEXT() REPRESENTATION_CONTEXT('2D SPACE',''
  ) );
#2045 = PCURVE('',#1671,#2046);
#2046 = DEFINITIONAL_REPRESENTATION('',(#2047),#2051);
#2047 = LINE('',#2048,#2049);
#2048 = CARTESIAN_POINT('',(-4.28460191934,11.10730646253));
#2049 = VECTOR('',#2050,1.);
#2050 = DIRECTION('',(-2.905459207307E-31,-1.));
#2051 = ( GEOMETRIC_REPRESENTATION_CONTEXT(2) 
PARAMETRIC_REPRESENTATION_CONTEXT() REPRESENTATION_CONTEXT('2D SPACE',''
  ) );
#2052 = ORIENTED_EDGE('',*,*,#2053,.F.);
#2053 = EDGE_CURVE('',#2054,#2031,#2056,.T.);
#2054 = VERTEX_POINT('',#2055);
#2055 = CARTESIAN_POINT('',(-20.99552266483,-96.0497382658,
    82.000000000025));
#2056 = SURFACE_CURVE('',#2057,(#2061,#2068),.PCURVE_S1.);
#2057 = LINE('',#2058,#2059);
#2058 = CARTESIAN_POINT('',(-20.99552266483,-96.0497382658,
    82.000000000025));
#2059 = VECTOR('',#2060,1.);
#2060 = DIRECTION('',(0.,0.,-1.));
#2061 = PCURVE('',#306,#2062);
#2062 = DEFINITIONAL_REPRESENTATION('',(#2063),#2067);
#2063 = LINE('',#2064,#2065);
#2064 = CARTESIAN_POINT('',(-3.111014950679E-14,57.034739089325));
#2065 = VECTOR('',#2066,1.);
#2066 = DIRECTION('',(5.454596620152E-16,-1.));
#2067 = ( GEOMETRIC_REPRESENTATION_CONTEXT(2) 
PARAMETRIC_REPRESENTATION_CONTEXT() REPRESENTATION_CONTEXT('2D SPACE',''
  ) );
#2068 = PCURVE('',#2069,#2074);
#2069 = PLANE('',#2070);
#2070 = AXIS2_PLACEMENT_3D('',#2071,#2072,#2073);
#2071 = CARTESIAN_POINT('',(-21.22756762342,-96.01562926907,
    82.000000000025));
#2072 = DIRECTION('',(0.145430295671,0.989368500156,0.));
#2073 = DIRECTION('',(0.989368500156,-0.145430295671,0.));
#2074 = DEFINITIONAL_REPRESENTATION('',(#2075),#2079);
#2075 = LINE('',#2076,#2077);
#2076 = CARTESIAN_POINT('',(0.234538454127,0.));
#2077 = VECTOR('',#2078,1.);
#2078 = DIRECTION('',(0.,1.));
#2079 = ( GEOMETRIC_REPRESENTATION_CONTEXT(2) 
PARAMETRIC_REPRESENTATION_CONTEXT() REPRESENTATION_CONTEXT('2D SPACE',''
  ) );
#2080 = ORIENTED_EDGE('',*,*,#2081,.T.);
#2081 = EDGE_CURVE('',#2054,#2082,#2084,.T.);
#2082 = VERTEX_POINT('',#2083);
#2083 = CARTESIAN_POINT('',(-20.99552266483,-118.5139759535,
    82.000000000025));
#2084 = SURFACE_CURVE('',#2085,(#2089,#2096),.PCURVE_S1.);
#2085 = LINE('',#2086,#2087);
#2086 = CARTESIAN_POINT('',(-20.99552266483,-96.0497382658,
    82.000000000025));
#2087 = VECTOR('',#2088,1.);
#2088 = DIRECTION('',(0.,-1.,0.));
#2089 = PCURVE('',#306,#2090);
#2090 = DEFINITIONAL_REPRESENTATION('',(#2091),#2095);
#2091 = LINE('',#2092,#2093);
#2092 = CARTESIAN_POINT('',(-3.111014950679E-14,57.034739089325));
#2093 = VECTOR('',#2094,1.);
#2094 = DIRECTION('',(-1.,-5.454596620152E-16));
#2095 = ( GEOMETRIC_REPRESENTATION_CONTEXT(2) 
PARAMETRIC_REPRESENTATION_CONTEXT() REPRESENTATION_CONTEXT('2D SPACE',''
  ) );
#2096 = PCURVE('',#2097,#2102);
#2097 = PLANE('',#2098);
#2098 = AXIS2_PLACEMENT_3D('',#2099,#2100,#2101);
#2099 = CARTESIAN_POINT('',(29.577567623425,-118.5139759535,
    82.000000000007));
#2100 = DIRECTION('',(2.593816617653E-22,-1.519771962598E-13,1.));
#2101 = DIRECTION('',(-1.,8.682795160125E-15,2.593829813521E-22));
#2102 = DEFINITIONAL_REPRESENTATION('',(#2103),#2107);
#2103 = LINE('',#2104,#2105);
#2104 = CARTESIAN_POINT('',(50.573090288262,-22.4642376877));
#2105 = VECTOR('',#2106,1.);
#2106 = DIRECTION('',(-8.682795160125E-15,1.));
#2107 = ( GEOMETRIC_REPRESENTATION_CONTEXT(2) 
PARAMETRIC_REPRESENTATION_CONTEXT() REPRESENTATION_CONTEXT('2D SPACE',''
  ) );
#2108 = ORIENTED_EDGE('',*,*,#2109,.F.);
#2109 = EDGE_CURVE('',#291,#2082,#2110,.T.);
#2110 = SURFACE_CURVE('',#2111,(#2115,#2122),.PCURVE_S1.);
#2111 = LINE('',#2112,#2113);
#2112 = CARTESIAN_POINT('',(-20.99552266483,-118.5139759535,
    71.000000000014));
#2113 = VECTOR('',#2114,1.);
#2114 = DIRECTION('',(0.,-1.514830410352E-13,1.));
#2115 = PCURVE('',#306,#2116);
#2116 = DEFINITIONAL_REPRESENTATION('',(#2117),#2121);
#2117 = LINE('',#2118,#2119);
#2118 = CARTESIAN_POINT('',(-22.4642376877,46.034739089314));
#2119 = VECTOR('',#2120,1.);
#2120 = DIRECTION('',(-1.520285006972E-13,1.));
#2121 = ( GEOMETRIC_REPRESENTATION_CONTEXT(2) 
PARAMETRIC_REPRESENTATION_CONTEXT() REPRESENTATION_CONTEXT('2D SPACE',''
  ) );
#2122 = PCURVE('',#334,#2123);
#2123 = DEFINITIONAL_REPRESENTATION('',(#2124),#2128);
#2124 = LINE('',#2125,#2126);
#2125 = CARTESIAN_POINT('',(-21.07309028826,11.000000000007));
#2126 = VECTOR('',#2127,1.);
#2127 = DIRECTION('',(-2.593816660559E-22,1.));
#2128 = ( GEOMETRIC_REPRESENTATION_CONTEXT(2) 
PARAMETRIC_REPRESENTATION_CONTEXT() REPRESENTATION_CONTEXT('2D SPACE',''
  ) );
#2129 = ORIENTED_EDGE('',*,*,#290,.F.);
#2130 = ORIENTED_EDGE('',*,*,#2131,.F.);
#2131 = EDGE_CURVE('',#2132,#263,#2134,.T.);
#2132 = VERTEX_POINT('',#2133);
#2133 = CARTESIAN_POINT('',(-20.99552266483,-96.0497382658,
    33.965260910701));
#2134 = SURFACE_CURVE('',#2135,(#2139,#2146),.PCURVE_S1.);
#2135 = LINE('',#2136,#2137);
#2136 = CARTESIAN_POINT('',(-20.99552266483,-96.0497382658,
    24.965260910701));
#2137 = VECTOR('',#2138,1.);
#2138 = DIRECTION('',(5.45372713851E-16,0.,1.));
#2139 = PCURVE('',#306,#2140);
#2140 = DEFINITIONAL_REPRESENTATION('',(#2141),#2145);
#2141 = LINE('',#2142,#2143);
#2142 = CARTESIAN_POINT('',(0.,0.));
#2143 = VECTOR('',#2144,1.);
#2144 = DIRECTION('',(-5.454596620152E-16,1.));
#2145 = ( GEOMETRIC_REPRESENTATION_CONTEXT(2) 
PARAMETRIC_REPRESENTATION_CONTEXT() REPRESENTATION_CONTEXT('2D SPACE',''
  ) );
#2146 = PCURVE('',#278,#2147);
#2147 = DEFINITIONAL_REPRESENTATION('',(#2148),#2152);
#2148 = LINE('',#2149,#2150);
#2149 = CARTESIAN_POINT('',(0.234538454127,-9.462986716222E-17));
#2150 = VECTOR('',#2151,1.);
#2151 = DIRECTION('',(9.430473002236E-16,1.));
#2152 = ( GEOMETRIC_REPRESENTATION_CONTEXT(2) 
PARAMETRIC_REPRESENTATION_CONTEXT() REPRESENTATION_CONTEXT('2D SPACE',''
  ) );
#2153 = ORIENTED_EDGE('',*,*,#2154,.F.);
#2154 = EDGE_CURVE('',#1882,#2132,#2155,.T.);
#2155 = SURFACE_CURVE('',#2156,(#2160,#2167),.PCURVE_S1.);
#2156 = LINE('',#2157,#2158);
#2157 = CARTESIAN_POINT('',(-20.99552266483,-93.92895268383,
    33.965260910701));
#2158 = VECTOR('',#2159,1.);
#2159 = DIRECTION('',(-2.974788161694E-31,-1.,0.));
#2160 = PCURVE('',#306,#2161);
#2161 = DEFINITIONAL_REPRESENTATION('',(#2162),#2166);
#2162 = LINE('',#2163,#2164);
#2163 = CARTESIAN_POINT('',(2.120785581966,9.));
#2164 = VECTOR('',#2165,1.);
#2165 = DIRECTION('',(-1.,-5.454596620152E-16));
#2166 = ( GEOMETRIC_REPRESENTATION_CONTEXT(2) 
PARAMETRIC_REPRESENTATION_CONTEXT() REPRESENTATION_CONTEXT('2D SPACE',''
  ) );
#2167 = PCURVE('',#1921,#2168);
#2168 = DEFINITIONAL_REPRESENTATION('',(#2169),#2173);
#2169 = LINE('',#2170,#2171);
#2170 = CARTESIAN_POINT('',(7.068583470577,0.));
#2171 = VECTOR('',#2172,1.);
#2172 = DIRECTION('',(0.,-1.));
#2173 = ( GEOMETRIC_REPRESENTATION_CONTEXT(2) 
PARAMETRIC_REPRESENTATION_CONTEXT() REPRESENTATION_CONTEXT('2D SPACE',''
  ) );
#2174 = ORIENTED_EDGE('',*,*,#1881,.T.);
#2175 = ADVANCED_FACE('',(#2176),#1671,.T.);
#2176 = FACE_BOUND('',#2177,.T.);
#2177 = EDGE_LOOP('',(#2178,#2179,#2207,#2233,#2234,#2257,#2285,#2306));
#2178 = ORIENTED_EDGE('',*,*,#1655,.F.);
#2179 = ORIENTED_EDGE('',*,*,#2180,.T.);
#2180 = EDGE_CURVE('',#1519,#2181,#2183,.T.);
#2181 = VERTEX_POINT('',#2182);
#2182 = CARTESIAN_POINT('',(-22.46330125505,-89.68871530774,
    81.9652609107));
#2183 = SURFACE_CURVE('',#2184,(#2189,#2200),.PCURVE_S1.);
#2184 = CIRCLE('',#2185,1.5);
#2185 = AXIS2_PLACEMENT_3D('',#2186,#2187,#2188);
#2186 = CARTESIAN_POINT('',(-23.96330125505,-89.68871530774,
    81.9652609107));
#2187 = DIRECTION('',(-4.930380657631E-32,7.88860905221E-31,-1.));
#2188 = DIRECTION('',(-1.,0.,4.930380657631E-32));
#2189 = PCURVE('',#1671,#2190);
#2190 = DEFINITIONAL_REPRESENTATION('',(#2191),#2199);
#2191 = ( BOUNDED_CURVE() B_SPLINE_CURVE(2,(#2192,#2193,#2194,#2195,
#2196,#2197,#2198),.UNSPECIFIED.,.T.,.F.) B_SPLINE_CURVE_WITH_KNOTS((1,2
    ,2,2,2,1),(-2.094395102393,0.,2.094395102393,4.188790204786,
6.28318530718,8.377580409573),.UNSPECIFIED.) CURVE() 
GEOMETRIC_REPRESENTATION_ITEM() RATIONAL_B_SPLINE_CURVE((1.,0.5,1.,0.5,
1.,0.5,1.)) REPRESENTATION_ITEM('') );
#2192 = CARTESIAN_POINT('',(0.183176670875,-0.605674286401));
#2193 = CARTESIAN_POINT('',(0.183176670875,-3.203750497754));
#2194 = CARTESIAN_POINT('',(-2.066823329125,-1.904712392078));
#2195 = CARTESIAN_POINT('',(-4.316823329125,-0.605674286401));
#2196 = CARTESIAN_POINT('',(-2.066823329125,0.693363819276));
#2197 = CARTESIAN_POINT('',(0.183176670875,1.992401924952));
#2198 = CARTESIAN_POINT('',(0.183176670875,-0.605674286401));
#2199 = ( GEOMETRIC_REPRESENTATION_CONTEXT(2) 
PARAMETRIC_REPRESENTATION_CONTEXT() REPRESENTATION_CONTEXT('2D SPACE',''
  ) );
#2200 = PCURVE('',#1599,#2201);
#2201 = DEFINITIONAL_REPRESENTATION('',(#2202),#2206);
#2202 = LINE('',#2203,#2204);
#2203 = CARTESIAN_POINT('',(5.329070518201E-15,57.));
#2204 = VECTOR('',#2205,1.);
#2205 = DIRECTION('',(-1.,0.));
#2206 = ( GEOMETRIC_REPRESENTATION_CONTEXT(2) 
PARAMETRIC_REPRESENTATION_CONTEXT() REPRESENTATION_CONTEXT('2D SPACE',''
  ) );
#2207 = ORIENTED_EDGE('',*,*,#2208,.T.);
#2208 = EDGE_CURVE('',#2181,#1517,#2209,.T.);
#2209 = SURFACE_CURVE('',#2210,(#2215,#2226),.PCURVE_S1.);
#2210 = CIRCLE('',#2211,1.5);
#2211 = AXIS2_PLACEMENT_3D('',#2212,#2213,#2214);
#2212 = CARTESIAN_POINT('',(-23.96330125505,-89.68871530774,
    81.9652609107));
#2213 = DIRECTION('',(-4.930380657631E-32,7.88860905221E-31,-1.));
#2214 = DIRECTION('',(-1.,0.,4.930380657631E-32));
#2215 = PCURVE('',#1671,#2216);
#2216 = DEFINITIONAL_REPRESENTATION('',(#2217),#2225);
#2217 = ( BOUNDED_CURVE() B_SPLINE_CURVE(2,(#2218,#2219,#2220,#2221,
#2222,#2223,#2224),.UNSPECIFIED.,.T.,.F.) B_SPLINE_CURVE_WITH_KNOTS((1,2
    ,2,2,2,1),(-2.094395102393,0.,2.094395102393,4.188790204786,
6.28318530718,8.377580409573),.UNSPECIFIED.) CURVE() 
GEOMETRIC_REPRESENTATION_ITEM() RATIONAL_B_SPLINE_CURVE((1.,0.5,1.,0.5,
1.,0.5,1.)) REPRESENTATION_ITEM('') );
#2218 = CARTESIAN_POINT('',(0.183176670875,-0.605674286401));
#2219 = CARTESIAN_POINT('',(0.183176670875,-3.203750497754));
#2220 = CARTESIAN_POINT('',(-2.066823329125,-1.904712392078));
#2221 = CARTESIAN_POINT('',(-4.316823329125,-0.605674286401));
#2222 = CARTESIAN_POINT('',(-2.066823329125,0.693363819276));
#2223 = CARTESIAN_POINT('',(0.183176670875,1.992401924952));
#2224 = CARTESIAN_POINT('',(0.183176670875,-0.605674286401));
#2225 = ( GEOMETRIC_REPRESENTATION_CONTEXT(2) 
PARAMETRIC_REPRESENTATION_CONTEXT() REPRESENTATION_CONTEXT('2D SPACE',''
  ) );
#2226 = PCURVE('',#1599,#2227);
#2227 = DEFINITIONAL_REPRESENTATION('',(#2228),#2232);
#2228 = LINE('',#2229,#2230);
#2229 = CARTESIAN_POINT('',(6.28318530718,57.));
#2230 = VECTOR('',#2231,1.);
#2231 = DIRECTION('',(-1.,0.));
#2232 = ( GEOMETRIC_REPRESENTATION_CONTEXT(2) 
PARAMETRIC_REPRESENTATION_CONTEXT() REPRESENTATION_CONTEXT('2D SPACE',''
  ) );
#2233 = ORIENTED_EDGE('',*,*,#1856,.F.);
#2234 = ORIENTED_EDGE('',*,*,#2235,.T.);
#2235 = EDGE_CURVE('',#1807,#2236,#2238,.T.);
#2236 = VERTEX_POINT('',#2237);
#2237 = CARTESIAN_POINT('',(-29.56472650351,-93.90245090334,
    81.9652609107));
#2238 = SURFACE_CURVE('',#2239,(#2243,#2250),.PCURVE_S1.);
#2239 = LINE('',#2240,#2241);
#2240 = CARTESIAN_POINT('',(-29.56472650351,-93.90245090334,
    81.9652609107));
#2241 = VECTOR('',#2242,1.);
#2242 = DIRECTION('',(8.537066937843E-15,-1.,6.310887241768E-30));
#2243 = PCURVE('',#1671,#2244);
#2244 = DEFINITIONAL_REPRESENTATION('',(#2245),#2249);
#2245 = LINE('',#2246,#2247);
#2246 = CARTESIAN_POINT('',(4.28460191934,3.608061309198));
#2247 = VECTOR('',#2248,1.);
#2248 = DIRECTION('',(-8.537066937843E-15,1.));
#2249 = ( GEOMETRIC_REPRESENTATION_CONTEXT(2) 
PARAMETRIC_REPRESENTATION_CONTEXT() REPRESENTATION_CONTEXT('2D SPACE',''
  ) );
#2250 = PCURVE('',#227,#2251);
#2251 = DEFINITIONAL_REPRESENTATION('',(#2252),#2256);
#2252 = LINE('',#2253,#2254);
#2253 = CARTESIAN_POINT('',(9.363409980853,57.));
#2254 = VECTOR('',#2255,1.);
#2255 = DIRECTION('',(1.,0.));
#2256 = ( GEOMETRIC_REPRESENTATION_CONTEXT(2) 
PARAMETRIC_REPRESENTATION_CONTEXT() REPRESENTATION_CONTEXT('2D SPACE',''
  ) );
#2257 = ORIENTED_EDGE('',*,*,#2258,.T.);
#2258 = EDGE_CURVE('',#2236,#2259,#2261,.T.);
#2259 = VERTEX_POINT('',#2260);
#2260 = CARTESIAN_POINT('',(-21.22756762342,-96.01562926907,
    81.9652609107));
#2261 = SURFACE_CURVE('',#2262,(#2266,#2273),.PCURVE_S1.);
#2262 = LINE('',#2263,#2264);
#2263 = CARTESIAN_POINT('',(-21.22756762342,-96.01562926907,
    81.9652609107));
#2264 = VECTOR('',#2265,1.);
#2265 = DIRECTION('',(0.969347035974,-0.245695591839,-5.163348395626E-16
    ));
#2266 = PCURVE('',#1671,#2267);
#2267 = DEFINITIONAL_REPRESENTATION('',(#2268),#2272);
#2268 = LINE('',#2269,#2270);
#2269 = CARTESIAN_POINT('',(-4.052556960751,5.721239674926));
#2270 = VECTOR('',#2271,1.);
#2271 = DIRECTION('',(-0.969347035974,0.245695591839));
#2272 = ( GEOMETRIC_REPRESENTATION_CONTEXT(2) 
PARAMETRIC_REPRESENTATION_CONTEXT() REPRESENTATION_CONTEXT('2D SPACE',''
  ) );
#2273 = PCURVE('',#2274,#2279);
#2274 = PLANE('',#2275);
#2275 = AXIS2_PLACEMENT_3D('',#2276,#2277,#2278);
#2276 = CARTESIAN_POINT('',(-29.56472650351,-93.90245090334,
    82.000000000025));
#2277 = DIRECTION('',(0.245695591839,0.969347035974,0.));
#2278 = DIRECTION('',(0.969347035974,-0.245695591839,0.));
#2279 = DEFINITIONAL_REPRESENTATION('',(#2280),#2284);
#2280 = LINE('',#2281,#2282);
#2281 = CARTESIAN_POINT('',(8.600798858087,3.47390893247E-02));
#2282 = VECTOR('',#2283,1.);
#2283 = DIRECTION('',(1.,5.163348395626E-16));
#2284 = ( GEOMETRIC_REPRESENTATION_CONTEXT(2) 
PARAMETRIC_REPRESENTATION_CONTEXT() REPRESENTATION_CONTEXT('2D SPACE',''
  ) );
#2285 = ORIENTED_EDGE('',*,*,#2286,.T.);
#2286 = EDGE_CURVE('',#2259,#2031,#2287,.T.);
#2287 = SURFACE_CURVE('',#2288,(#2292,#2299),.PCURVE_S1.);
#2288 = LINE('',#2289,#2290);
#2289 = CARTESIAN_POINT('',(-21.22756762342,-96.01562926907,
    81.9652609107));
#2290 = VECTOR('',#2291,1.);
#2291 = DIRECTION('',(0.989368500156,-0.145430295671,4.034727162948E-16)
  );
#2292 = PCURVE('',#1671,#2293);
#2293 = DEFINITIONAL_REPRESENTATION('',(#2294),#2298);
#2294 = LINE('',#2295,#2296);
#2295 = CARTESIAN_POINT('',(-4.052556960751,5.721239674926));
#2296 = VECTOR('',#2297,1.);
#2297 = DIRECTION('',(-0.989368500156,0.145430295671));
#2298 = ( GEOMETRIC_REPRESENTATION_CONTEXT(2) 
PARAMETRIC_REPRESENTATION_CONTEXT() REPRESENTATION_CONTEXT('2D SPACE',''
  ) );
#2299 = PCURVE('',#2069,#2300);
#2300 = DEFINITIONAL_REPRESENTATION('',(#2301),#2305);
#2301 = LINE('',#2302,#2303);
#2302 = CARTESIAN_POINT('',(0.,3.47390893247E-02));
#2303 = VECTOR('',#2304,1.);
#2304 = DIRECTION('',(1.,-4.034727162948E-16));
#2305 = ( GEOMETRIC_REPRESENTATION_CONTEXT(2) 
PARAMETRIC_REPRESENTATION_CONTEXT() REPRESENTATION_CONTEXT('2D SPACE',''
  ) );
#2306 = ORIENTED_EDGE('',*,*,#2030,.T.);
#2307 = ADVANCED_FACE('',(#2308),#1599,.F.);
#2308 = FACE_BOUND('',#2309,.F.);
#2309 = EDGE_LOOP('',(#2310,#2311,#2334,#2365,#2366,#2367));
#2310 = ORIENTED_EDGE('',*,*,#2180,.T.);
#2311 = ORIENTED_EDGE('',*,*,#2312,.T.);
#2312 = EDGE_CURVE('',#2181,#2313,#2315,.T.);
#2313 = VERTEX_POINT('',#2314);
#2314 = CARTESIAN_POINT('',(-22.46330125505,-89.68871530774,
    27.965260910701));
#2315 = SEAM_CURVE('',#2316,(#2320,#2327),.PCURVE_S1.);
#2316 = LINE('',#2317,#2318);
#2317 = CARTESIAN_POINT('',(-22.46330125505,-89.68871530774,
    24.965260910701));
#2318 = VECTOR('',#2319,1.);
#2319 = DIRECTION('',(-5.45372713851E-16,0.,-1.));
#2320 = PCURVE('',#1599,#2321);
#2321 = DEFINITIONAL_REPRESENTATION('',(#2322),#2326);
#2322 = LINE('',#2323,#2324);
#2323 = CARTESIAN_POINT('',(-3.14159265359,0.));
#2324 = VECTOR('',#2325,1.);
#2325 = DIRECTION('',(0.,-1.));
#2326 = ( GEOMETRIC_REPRESENTATION_CONTEXT(2) 
PARAMETRIC_REPRESENTATION_CONTEXT() REPRESENTATION_CONTEXT('2D SPACE',''
  ) );
#2327 = PCURVE('',#1599,#2328);
#2328 = DEFINITIONAL_REPRESENTATION('',(#2329),#2333);
#2329 = LINE('',#2330,#2331);
#2330 = CARTESIAN_POINT('',(3.14159265359,0.));
#2331 = VECTOR('',#2332,1.);
#2332 = DIRECTION('',(0.,-1.));
#2333 = ( GEOMETRIC_REPRESENTATION_CONTEXT(2) 
PARAMETRIC_REPRESENTATION_CONTEXT() REPRESENTATION_CONTEXT('2D SPACE',''
  ) );
#2334 = ORIENTED_EDGE('',*,*,#2335,.F.);
#2335 = EDGE_CURVE('',#2313,#2313,#2336,.T.);
#2336 = SURFACE_CURVE('',#2337,(#2342,#2349),.PCURVE_S1.);
#2337 = CIRCLE('',#2338,1.5);
#2338 = AXIS2_PLACEMENT_3D('',#2339,#2340,#2341);
#2339 = CARTESIAN_POINT('',(-23.96330125505,-89.68871530774,
    27.965260910701));
#2340 = DIRECTION('',(-5.326625247727E-16,-1.085826287103E-29,-1.));
#2341 = DIRECTION('',(-1.,-1.380105741524E-46,5.326625247727E-16));
#2342 = PCURVE('',#1599,#2343);
#2343 = DEFINITIONAL_REPRESENTATION('',(#2344),#2348);
#2344 = LINE('',#2345,#2346);
#2345 = CARTESIAN_POINT('',(6.28318530718,3.));
#2346 = VECTOR('',#2347,1.);
#2347 = DIRECTION('',(-1.,0.));
#2348 = ( GEOMETRIC_REPRESENTATION_CONTEXT(2) 
PARAMETRIC_REPRESENTATION_CONTEXT() REPRESENTATION_CONTEXT('2D SPACE',''
  ) );
#2349 = PCURVE('',#2350,#2355);
#2350 = PLANE('',#2351);
#2351 = AXIS2_PLACEMENT_3D('',#2352,#2353,#2354);
#2352 = CARTESIAN_POINT('',(-19.95131947364,-91.07768692236,
    27.965260910701));
#2353 = DIRECTION('',(5.326625247727E-16,1.085826287103E-29,1.));
#2354 = DIRECTION('',(-1.,0.,5.326625247727E-16));
#2355 = DEFINITIONAL_REPRESENTATION('',(#2356),#2364);
#2356 = ( BOUNDED_CURVE() B_SPLINE_CURVE(2,(#2357,#2358,#2359,#2360,
#2361,#2362,#2363),.UNSPECIFIED.,.T.,.F.) B_SPLINE_CURVE_WITH_KNOTS((1,2
    ,2,2,2,1),(-2.094395102393,0.,2.094395102393,4.188790204786,
6.28318530718,8.377580409573),.UNSPECIFIED.) CURVE() 
GEOMETRIC_REPRESENTATION_ITEM() RATIONAL_B_SPLINE_CURVE((1.,0.5,1.,0.5,
1.,0.5,1.)) REPRESENTATION_ITEM('') );
#2357 = CARTESIAN_POINT('',(5.511981781407,-1.38897161462));
#2358 = CARTESIAN_POINT('',(5.511981781407,-3.987047825973));
#2359 = CARTESIAN_POINT('',(3.261981781407,-2.688009720296));
#2360 = CARTESIAN_POINT('',(1.011981781408,-1.38897161462));
#2361 = CARTESIAN_POINT('',(3.261981781407,-8.993350894293E-02));
#2362 = CARTESIAN_POINT('',(5.511981781407,1.209104596734));
#2363 = CARTESIAN_POINT('',(5.511981781407,-1.38897161462));
#2364 = ( GEOMETRIC_REPRESENTATION_CONTEXT(2) 
PARAMETRIC_REPRESENTATION_CONTEXT() REPRESENTATION_CONTEXT('2D SPACE',''
  ) );
#2365 = ORIENTED_EDGE('',*,*,#2312,.F.);
#2366 = ORIENTED_EDGE('',*,*,#2208,.T.);
#2367 = ORIENTED_EDGE('',*,*,#1516,.T.);
#2368 = ADVANCED_FACE('',(#2369),#2395,.T.);
#2369 = FACE_BOUND('',#2370,.T.);
#2370 = EDGE_LOOP('',(#2371,#2501,#2529,#2579,#2602,#2652,#2707));
#2371 = ORIENTED_EDGE('',*,*,#2372,.T.);
#2372 = EDGE_CURVE('',#2373,#2375,#2377,.T.);
#2373 = VERTEX_POINT('',#2374);
#2374 = CARTESIAN_POINT('',(22.87039706265,-89.25266184158,81.9652609107
    ));
#2375 = VERTEX_POINT('',#2376);
#2376 = CARTESIAN_POINT('',(25.621230669113,-88.96818655221,
    81.9652609107));
#2377 = SURFACE_CURVE('',#2378,(#2394,#2450),.PCURVE_S1.);
#2378 = B_SPLINE_CURVE_WITH_KNOTS('',3,(#2379,#2380,#2381,#2382,#2383,
    #2384,#2385,#2386,#2387,#2388,#2389,#2390,#2391,#2392,#2393),
  .UNSPECIFIED.,.F.,.F.,(4,2,2,3,2,2,4),(0.750634193617,0.806546707704,
    0.86322690607,0.919907104436,0.976837932011,1.033768759585,
    1.089195934335),.UNSPECIFIED.);
#2379 = CARTESIAN_POINT('',(22.87039706265,-89.25266184158,81.9652609107
    ));
#2380 = CARTESIAN_POINT('',(22.927749720614,-89.06389209966,
    81.9652609107));
#2381 = CARTESIAN_POINT('',(23.024372335626,-88.88690758418,
    81.952290710249));
#2382 = CARTESIAN_POINT('',(23.260192071299,-88.59668789609,
    81.920377365852));
#2383 = CARTESIAN_POINT('',(23.415767607592,-88.46473865606,
    81.899297509393));
#2384 = CARTESIAN_POINT('',(23.767321212247,-88.27443512144,
    81.867868381247));
#2385 = CARTESIAN_POINT('',(23.963387196515,-88.21610722948,
    81.858348167945));
#2386 = CARTESIAN_POINT('',(24.1513189456,-88.19667241576,
    81.858348167945));
#2387 = CARTESIAN_POINT('',(24.340081693637,-88.17715166495,
    81.858348167945));
#2388 = CARTESIAN_POINT('',(24.544790648604,-88.19436741987,
    81.867955934032));
#2389 = CARTESIAN_POINT('',(24.929228117906,-88.30980654565,
    81.89960065143));
#2390 = CARTESIAN_POINT('',(25.109038737581,-88.40798570077,
    81.920795772298));
#2391 = CARTESIAN_POINT('',(25.397881728848,-88.64427810679,
    81.952510991031));
#2392 = CARTESIAN_POINT('',(25.527254649712,-88.79659576068,
    81.9652609107));
#2393 = CARTESIAN_POINT('',(25.621230669113,-88.96818655221,
    81.9652609107));
#2394 = PCURVE('',#2395,#2400);
#2395 = CYLINDRICAL_SURFACE('',#2396,4.);
#2396 = AXIS2_PLACEMENT_3D('',#2397,#2398,#2399);
#2397 = CARTESIAN_POINT('',(27.562112960785,-88.7674717397,77.9652609107
    ));
#2398 = DIRECTION('',(-0.994695261317,-0.102865626491,
    -5.298368892726E-16));
#2399 = DIRECTION('',(-7.273698204251E-02,0.703355764491,0.707106781187)
  );
#2400 = DEFINITIONAL_REPRESENTATION('',(#2401),#2449);
#2401 = B_SPLINE_CURVE_WITH_KNOTS('',3,(#2402,#2403,#2404,#2405,#2406,
    #2407,#2408,#2409,#2410,#2411,#2412,#2413,#2414,#2415,#2416,#2417,
    #2418,#2419,#2420,#2421,#2422,#2423,#2424,#2425,#2426,#2427,#2428,
    #2429,#2430,#2431,#2432,#2433,#2434,#2435,#2436,#2437,#2438,#2439,
    #2440,#2441,#2442,#2443,#2444,#2445,#2446,#2447,#2448),
  .UNSPECIFIED.,.F.,.F.,(4,1,1,1,1,1,1,1,1,1,1,1,1,1,1,1,1,1,1,1,1,1,1,1
    ,1,1,1,1,1,1,1,1,1,1,1,1,1,1,1,1,1,1,1,1,4),(0.750634193617,
    0.758328778634,0.76602336365,0.773717948666,0.781412533683,
    0.789107118699,0.796801703715,0.804496288732,0.812190873748,
    0.819885458764,0.827580043781,0.835274628797,0.842969213813,
    0.85066379883,0.858358383846,0.866052968862,0.873747553878,
    0.881442138895,0.889136723911,0.896831308927,0.904525893944,
    0.91222047896,0.919915063976,0.927609648993,0.935304234009,
    0.942998819025,0.950693404042,0.958387989058,0.966082574074,
    0.973777159091,0.981471744107,0.989166329123,0.99686091414,
    1.004555499156,1.012250084172,1.019944669189,1.027639254205,
    1.035333839221,1.043028424238,1.050723009254,1.05841759427,
    1.066112179287,1.073806764303,1.081501349319,1.089195934335),
  .UNSPECIFIED.);
#2402 = CARTESIAN_POINT('',(5.497787143782,4.716736955118));
#2403 = CARTESIAN_POINT('',(5.504044118201,4.706213788272));
#2404 = CARTESIAN_POINT('',(5.516409353371,4.683733827405));
#2405 = CARTESIAN_POINT('',(5.534441329725,4.64603900431));
#2406 = CARTESIAN_POINT('',(5.551888162864,4.604695834958));
#2407 = CARTESIAN_POINT('',(5.568678945918,4.560028979554));
#2408 = CARTESIAN_POINT('',(5.584739897758,4.512370063825));
#2409 = CARTESIAN_POINT('',(5.600002888656,4.462024726744));
#2410 = CARTESIAN_POINT('',(5.614373841935,4.409395588777));
#2411 = CARTESIAN_POINT('',(5.627851624194,4.354523331173));
#2412 = CARTESIAN_POINT('',(5.640886960539,4.295615101293));
#2413 = CARTESIAN_POINT('',(5.65328575421,4.233399270405));
#2414 = CARTESIAN_POINT('',(5.664997161717,4.16804038902));
#2415 = CARTESIAN_POINT('',(5.675931216183,4.099854299544));
#2416 = CARTESIAN_POINT('',(5.686007253352,4.029115497549));
#2417 = CARTESIAN_POINT('',(5.6951432856,3.956112574061));
#2418 = CARTESIAN_POINT('',(5.703250603185,3.88111908512));
#2419 = CARTESIAN_POINT('',(5.710268281587,3.804457967109));
#2420 = CARTESIAN_POINT('',(5.716206180541,3.726571501932));
#2421 = CARTESIAN_POINT('',(5.721062675602,3.647885524884));
#2422 = CARTESIAN_POINT('',(5.724839084682,3.568820005453));
#2423 = CARTESIAN_POINT('',(5.727535751539,3.489834822969));
#2424 = CARTESIAN_POINT('',(5.729153099505,3.411236083202));
#2425 = CARTESIAN_POINT('',(5.729691375259,3.333905076323));
#2426 = CARTESIAN_POINT('',(5.729150889182,3.256576119906));
#2427 = CARTESIAN_POINT('',(5.727531643064,3.177992770346));
#2428 = CARTESIAN_POINT('',(5.724833583057,3.099030239221));
#2429 = CARTESIAN_POINT('',(5.721056509692,3.019992657325));
#2430 = CARTESIAN_POINT('',(5.716200296718,2.941336823409));
#2431 = CARTESIAN_POINT('',(5.71026383418,2.863479945176));
#2432 = CARTESIAN_POINT('',(5.703248992088,2.786844926568));
#2433 = CARTESIAN_POINT('',(5.695146004402,2.711871477618));
#2434 = CARTESIAN_POINT('',(5.686012750323,2.638884782021));
#2435 = CARTESIAN_POINT('',(5.675938017386,2.568155058724));
#2436 = CARTESIAN_POINT('',(5.665003232962,2.499968778743));
#2437 = CARTESIAN_POINT('',(5.653288620869,2.434597827999));
#2438 = CARTESIAN_POINT('',(5.640883871725,2.372356180732));
#2439 = CARTESIAN_POINT('',(5.627838788828,2.313404042998));
#2440 = CARTESIAN_POINT('',(5.61434934045,2.258474605273));
#2441 = CARTESIAN_POINT('',(5.599999955981,2.205920439036));
#2442 = CARTESIAN_POINT('',(5.584743696794,2.155595091511));
#2443 = CARTESIAN_POINT('',(5.568688235079,2.107954395592));
#2444 = CARTESIAN_POINT('',(5.551898774961,2.06329280193));
#2445 = CARTESIAN_POINT('',(5.534450601467,2.021948004484));
#2446 = CARTESIAN_POINT('',(5.516414939946,1.984246106223));
#2447 = CARTESIAN_POINT('',(5.504046109477,1.961759589252));
#2448 = CARTESIAN_POINT('',(5.497787143782,1.951233073235));
#2449 = ( GEOMETRIC_REPRESENTATION_CONTEXT(2) 
PARAMETRIC_REPRESENTATION_CONTEXT() REPRESENTATION_CONTEXT('2D SPACE',''
  ) );
#2450 = PCURVE('',#952,#2451);
#2451 = DEFINITIONAL_REPRESENTATION('',(#2452),#2500);
#2452 = B_SPLINE_CURVE_WITH_KNOTS('',3,(#2453,#2454,#2455,#2456,#2457,
    #2458,#2459,#2460,#2461,#2462,#2463,#2464,#2465,#2466,#2467,#2468,
    #2469,#2470,#2471,#2472,#2473,#2474,#2475,#2476,#2477,#2478,#2479,
    #2480,#2481,#2482,#2483,#2484,#2485,#2486,#2487,#2488,#2489,#2490,
    #2491,#2492,#2493,#2494,#2495,#2496,#2497,#2498,#2499),
  .UNSPECIFIED.,.F.,.F.,(4,1,1,1,1,1,1,1,1,1,1,1,1,1,1,1,1,1,1,1,1,1,1,1
    ,1,1,1,1,1,1,1,1,1,1,1,1,1,1,1,1,1,1,1,1,4),(0.750634193617,
    0.758328778634,0.76602336365,0.773717948666,0.781412533683,
    0.789107118699,0.796801703715,0.804496288732,0.812190873748,
    0.819885458764,0.827580043781,0.835274628797,0.842969213813,
    0.85066379883,0.858358383846,0.866052968862,0.873747553878,
    0.881442138895,0.889136723911,0.896831308927,0.904525893944,
    0.91222047896,0.919915063976,0.927609648993,0.935304234009,
    0.942998819025,0.950693404042,0.958387989058,0.966082574074,
    0.973777159091,0.981471744107,0.989166329123,0.99686091414,
    1.004555499156,1.012250084172,1.019944669189,1.027639254205,
    1.035333839221,1.043028424238,1.050723009254,1.05841759427,
    1.066112179287,1.073806764303,1.081501349319,1.089195934335),
  .UNSPECIFIED.);
#2453 = CARTESIAN_POINT('',(-0.29496076605,57.));
#2454 = CARTESIAN_POINT('',(-0.313059492394,57.));
#2455 = CARTESIAN_POINT('',(-0.349267236731,56.999508721782));
#2456 = CARTESIAN_POINT('',(-0.403492349197,56.997455780533));
#2457 = CARTESIAN_POINT('',(-0.457520060983,56.994244688746));
#2458 = CARTESIAN_POINT('',(-0.511216787241,56.990033100525));
#2459 = CARTESIAN_POINT('',(-0.564433369264,56.984979484434));
#2460 = CARTESIAN_POINT('',(-0.61703985328,56.979239270482));
#2461 = CARTESIAN_POINT('',(-0.668813870796,56.972979228442));
#2462 = CARTESIAN_POINT('',(-0.719885933296,56.966323807577));
#2463 = CARTESIAN_POINT('',(-0.772102618844,56.959187427213));
#2464 = CARTESIAN_POINT('',(-0.824907233488,56.951777617072));
#2465 = CARTESIAN_POINT('',(-0.878275966991,56.944236282678));
#2466 = CARTESIAN_POINT('',(-0.932043452196,56.936723135265));
#2467 = CARTESIAN_POINT('',(-0.986090148044,56.929392287431));
#2468 = CARTESIAN_POINT('',(-1.040299183672,56.922402440602));
#2469 = CARTESIAN_POINT('',(-1.094573784151,56.915899539529));
#2470 = CARTESIAN_POINT('',(-1.148843331164,56.910107819542));
#2471 = CARTESIAN_POINT('',(-1.203013239,56.9050671872));
#2472 = CARTESIAN_POINT('',(-1.256966439796,56.900830251592));
#2473 = CARTESIAN_POINT('',(-1.310579564083,56.89744621911));
#2474 = CARTESIAN_POINT('',(-1.363693103089,56.894965204404));
#2475 = CARTESIAN_POINT('',(-1.416247509517,56.893437091786));
#2476 = CARTESIAN_POINT('',(-1.46780168624,56.892911778666));
#2477 = CARTESIAN_POINT('',(-1.519354660243,56.893439340398));
#2478 = CARTESIAN_POINT('',(-1.571899243322,56.894969671413));
#2479 = CARTESIAN_POINT('',(-1.624998323256,56.897452446479));
#2480 = CARTESIAN_POINT('',(-1.678593542378,56.900837478799));
#2481 = CARTESIAN_POINT('',(-1.732527211649,56.905074247502));
#2482 = CARTESIAN_POINT('',(-1.786677387888,56.910113429573));
#2483 = CARTESIAN_POINT('',(-1.84092837867,56.915901244648));
#2484 = CARTESIAN_POINT('',(-1.895186261864,56.922400543909));
#2485 = CARTESIAN_POINT('',(-1.949382113081,56.929388735419));
#2486 = CARTESIAN_POINT('',(-2.003421692771,56.936718383434));
#2487 = CARTESIAN_POINT('',(-2.057190293029,56.944231556349));
#2488 = CARTESIAN_POINT('',(-2.110570683604,56.951774324235));
#2489 = CARTESIAN_POINT('',(-2.163398907526,56.959187246324));
#2490 = CARTESIAN_POINT('',(-2.215654993333,56.966328923533));
#2491 = CARTESIAN_POINT('',(-2.26677598011,56.972991300869));
#2492 = CARTESIAN_POINT('',(-2.318473660015,56.979243050088));
#2493 = CARTESIAN_POINT('',(-2.371057414809,56.984981323858));
#2494 = CARTESIAN_POINT('',(-2.424254591685,56.990033106895));
#2495 = CARTESIAN_POINT('',(-2.47794616192,56.994244185395));
#2496 = CARTESIAN_POINT('',(-2.531977349994,56.997455307591));
#2497 = CARTESIAN_POINT('',(-2.586213308413,56.999508572094));
#2498 = CARTESIAN_POINT('',(-2.622431596613,57.));
#2499 = CARTESIAN_POINT('',(-2.640536077376,57.));
#2500 = ( GEOMETRIC_REPRESENTATION_CONTEXT(2) 
PARAMETRIC_REPRESENTATION_CONTEXT() REPRESENTATION_CONTEXT('2D SPACE',''
  ) );
#2501 = ORIENTED_EDGE('',*,*,#2502,.T.);
#2502 = EDGE_CURVE('',#2375,#2503,#2505,.T.);
#2503 = VERTEX_POINT('',#2504);
#2504 = CARTESIAN_POINT('',(29.564726503517,-88.56037303852,
    81.9652609107));
#2505 = SURFACE_CURVE('',#2506,(#2510,#2517),.PCURVE_S1.);
#2506 = LINE('',#2507,#2508);
#2507 = CARTESIAN_POINT('',(27.562112960785,-88.7674717397,81.9652609107
    ));
#2508 = VECTOR('',#2509,1.);
#2509 = DIRECTION('',(0.994695261317,0.102865626491,5.298368892726E-16)
  );
#2510 = PCURVE('',#2395,#2511);
#2511 = DEFINITIONAL_REPRESENTATION('',(#2512),#2516);
#2512 = LINE('',#2513,#2514);
#2513 = CARTESIAN_POINT('',(5.497787143782,2.22044604925E-15));
#2514 = VECTOR('',#2515,1.);
#2515 = DIRECTION('',(1.120156965265E-15,-1.));
#2516 = ( GEOMETRIC_REPRESENTATION_CONTEXT(2) 
PARAMETRIC_REPRESENTATION_CONTEXT() REPRESENTATION_CONTEXT('2D SPACE',''
  ) );
#2517 = PCURVE('',#2518,#2523);
#2518 = PLANE('',#2519);
#2519 = AXIS2_PLACEMENT_3D('',#2520,#2521,#2522);
#2520 = CARTESIAN_POINT('',(25.280124584177,-90.29438959414,
    81.9652609107));
#2521 = DIRECTION('',(-5.326625247727E-16,1.085826287103E-29,1.));
#2522 = DIRECTION('',(-1.,0.,-5.326625247727E-16));
#2523 = DEFINITIONAL_REPRESENTATION('',(#2524),#2528);
#2524 = LINE('',#2525,#2526);
#2525 = CARTESIAN_POINT('',(-2.281988376608,-1.52691785444));
#2526 = VECTOR('',#2527,1.);
#2527 = DIRECTION('',(-0.994695261317,-0.102865626491));
#2528 = ( GEOMETRIC_REPRESENTATION_CONTEXT(2) 
PARAMETRIC_REPRESENTATION_CONTEXT() REPRESENTATION_CONTEXT('2D SPACE',''
  ) );
#2529 = ORIENTED_EDGE('',*,*,#2530,.T.);
#2530 = EDGE_CURVE('',#2503,#2531,#2533,.T.);
#2531 = VERTEX_POINT('',#2532);
#2532 = CARTESIAN_POINT('',(29.564726503517,-84.53904092248,
    77.9652609107));
#2533 = SURFACE_CURVE('',#2534,(#2539,#2568),.PCURVE_S1.);
#2534 = ELLIPSE('',#2535,4.021332116033,4.);
#2535 = AXIS2_PLACEMENT_3D('',#2536,#2537,#2538);
#2536 = CARTESIAN_POINT('',(29.564726503517,-88.56037303852,
    77.9652609107));
#2537 = DIRECTION('',(-1.,8.537066937843E-15,5.45372713851E-16));
#2538 = DIRECTION('',(8.537066937843E-15,1.,2.588281831874E-14));
#2539 = PCURVE('',#2395,#2540);
#2540 = DEFINITIONAL_REPRESENTATION('',(#2541),#2567);
#2541 = B_SPLINE_CURVE_WITH_KNOTS('',3,(#2542,#2543,#2544,#2545,#2546,
    #2547,#2548,#2549,#2550,#2551,#2552,#2553,#2554,#2555,#2556,#2557,
    #2558,#2559,#2560,#2561,#2562,#2563,#2564,#2565,#2566),
  .UNSPECIFIED.,.F.,.F.,(4,1,1,1,1,1,1,1,1,1,1,1,1,1,1,1,1,1,1,1,1,1,4),
  (4.712388980385,4.783788813421,4.855188646457,4.926588479493,
    4.997988312529,5.069388145565,5.140787978601,5.212187811638,
    5.283587644674,5.35498747771,5.426387310746,5.497787143782,
    5.569186976818,5.640586809854,5.711986642891,5.783386475927,
    5.854786308963,5.926186141999,5.997585975035,6.068985808071,
    6.140385641107,6.211785474143,6.28318530718),.QUASI_UNIFORM_KNOTS.);
#2542 = CARTESIAN_POINT('',(5.497787143782,-2.013293538847));
#2543 = CARTESIAN_POINT('',(5.521587088127,-2.023138625413));
#2544 = CARTESIAN_POINT('',(5.569186976818,-2.042828528203));
#2545 = CARTESIAN_POINT('',(5.640586809854,-2.072213095981));
#2546 = CARTESIAN_POINT('',(5.71198664289,-2.101297365022));
#2547 = CARTESIAN_POINT('',(5.783386475927,-2.129933202327));
#2548 = CARTESIAN_POINT('',(5.854786308963,-2.157974666465));
#2549 = CARTESIAN_POINT('',(5.926186141999,-2.18527886986));
#2550 = CARTESIAN_POINT('',(5.997585975035,-2.211706675131));
#2551 = CARTESIAN_POINT('',(6.068985808071,-2.23712341262));
#2552 = CARTESIAN_POINT('',(6.140385641107,-2.261399564357));
#2553 = CARTESIAN_POINT('',(6.211785474143,-2.284411424665));
#2554 = CARTESIAN_POINT('',(6.28318530718,-2.306041730371));
#2555 = CARTESIAN_POINT('',(6.354585140216,-2.326180258401));
#2556 = CARTESIAN_POINT('',(6.425984973252,-2.34472438741));
#2557 = CARTESIAN_POINT('',(6.497384806288,-2.361579620852));
#2558 = CARTESIAN_POINT('',(6.568784639324,-2.376660068009));
#2559 = CARTESIAN_POINT('',(6.64018447236,-2.389888883542));
#2560 = CARTESIAN_POINT('',(6.711584305396,-2.401198652094));
#2561 = CARTESIAN_POINT('',(6.782984138432,-2.410531757899));
#2562 = CARTESIAN_POINT('',(6.854383971469,-2.417840581046));
#2563 = CARTESIAN_POINT('',(6.925783804505,-2.423088103395));
#2564 = CARTESIAN_POINT('',(6.997183637541,-2.426246741534));
#2565 = CARTESIAN_POINT('',(7.044783526232,-2.426951278364));
#2566 = CARTESIAN_POINT('',(7.068583470577,-2.42695038629));
#2567 = ( GEOMETRIC_REPRESENTATION_CONTEXT(2) 
PARAMETRIC_REPRESENTATION_CONTEXT() REPRESENTATION_CONTEXT('2D SPACE',''
  ) );
#2568 = PCURVE('',#1358,#2569);
#2569 = DEFINITIONAL_REPRESENTATION('',(#2570),#2578);
#2570 = ( BOUNDED_CURVE() B_SPLINE_CURVE(2,(#2571,#2572,#2573,#2574,
#2575,#2576,#2577),.UNSPECIFIED.,.T.,.F.) B_SPLINE_CURVE_WITH_KNOTS((1,2
    ,2,2,2,1),(-2.094395102393,0.,2.094395102393,4.188790204786,
6.28318530718,8.377580409573),.UNSPECIFIED.) CURVE() 
GEOMETRIC_REPRESENTATION_ITEM() RATIONAL_B_SPLINE_CURVE((1.,0.5,1.,0.5,
1.,0.5,1.)) REPRESENTATION_ITEM('') );
#2571 = CARTESIAN_POINT('',(9.363409980853,53.));
#2572 = CARTESIAN_POINT('',(9.363409980854,46.071796769725));
#2573 = CARTESIAN_POINT('',(3.331411806804,49.535898384862));
#2574 = CARTESIAN_POINT('',(-2.700586367245,53.));
#2575 = CARTESIAN_POINT('',(3.331411806804,56.464101615138));
#2576 = CARTESIAN_POINT('',(9.363409980853,59.928203230276));
#2577 = CARTESIAN_POINT('',(9.363409980853,53.));
#2578 = ( GEOMETRIC_REPRESENTATION_CONTEXT(2) 
PARAMETRIC_REPRESENTATION_CONTEXT() REPRESENTATION_CONTEXT('2D SPACE',''
  ) );
#2579 = ORIENTED_EDGE('',*,*,#2580,.T.);
#2580 = EDGE_CURVE('',#2531,#2581,#2583,.T.);
#2581 = VERTEX_POINT('',#2582);
#2582 = CARTESIAN_POINT('',(21.227567623425,-85.40122163723,
    77.9652609107));
#2583 = SURFACE_CURVE('',#2584,(#2588,#2595),.PCURVE_S1.);
#2584 = LINE('',#2585,#2586);
#2585 = CARTESIAN_POINT('',(27.150650454823,-84.78869069443,
    77.9652609107));
#2586 = VECTOR('',#2587,1.);
#2587 = DIRECTION('',(-0.994695261317,-0.102865626491,
    -5.298368892726E-16));
#2588 = PCURVE('',#2395,#2589);
#2589 = DEFINITIONAL_REPRESENTATION('',(#2590),#2594);
#2590 = LINE('',#2591,#2592);
#2591 = CARTESIAN_POINT('',(7.068583470577,6.483702463811E-14));
#2592 = VECTOR('',#2593,1.);
#2593 = DIRECTION('',(-2.11934755709E-16,1.));
#2594 = ( GEOMETRIC_REPRESENTATION_CONTEXT(2) 
PARAMETRIC_REPRESENTATION_CONTEXT() REPRESENTATION_CONTEXT('2D SPACE',''
  ) );
#2595 = PCURVE('',#630,#2596);
#2596 = DEFINITIONAL_REPRESENTATION('',(#2597),#2601);
#2597 = LINE('',#2598,#2599);
#2598 = CARTESIAN_POINT('',(2.42695038629,53.));
#2599 = VECTOR('',#2600,1.);
#2600 = DIRECTION('',(1.,-5.916456789158E-30));
#2601 = ( GEOMETRIC_REPRESENTATION_CONTEXT(2) 
PARAMETRIC_REPRESENTATION_CONTEXT() REPRESENTATION_CONTEXT('2D SPACE',''
  ) );
#2602 = ORIENTED_EDGE('',*,*,#2603,.T.);
#2603 = EDGE_CURVE('',#2581,#2604,#2606,.T.);
#2604 = VERTEX_POINT('',#2605);
#2605 = CARTESIAN_POINT('',(20.995522664836,-85.46555069523,
    78.53036036233));
#2606 = SURFACE_CURVE('',#2607,(#2612,#2641),.PCURVE_S1.);
#2607 = ELLIPSE('',#2608,24.008637229776,4.);
#2608 = AXIS2_PLACEMENT_3D('',#2609,#2610,#2611);
#2609 = CARTESIAN_POINT('',(-1.908469210734,-91.81514876804,
    77.9652609107));
#2610 = DIRECTION('',(0.267150820325,-0.963654730285,-1.456967678881E-16
    ));
#2611 = DIRECTION('',(0.963654730285,0.267150820325,6.01154458789E-16));
#2612 = PCURVE('',#2395,#2613);
#2613 = DEFINITIONAL_REPRESENTATION('',(#2614),#2640);
#2614 = B_SPLINE_CURVE_WITH_KNOTS('',3,(#2615,#2616,#2617,#2618,#2619,
    #2620,#2621,#2622,#2623,#2624,#2625,#2626,#2627,#2628,#2629,#2630,
    #2631,#2632,#2633,#2634,#2635,#2636,#2637,#2638,#2639),
  .UNSPECIFIED.,.F.,.F.,(4,1,1,1,1,1,1,1,1,1,1,1,1,1,1,1,1,1,1,1,1,1,4),
  (0.,6.443139798074E-03,1.288627959615E-02,1.932941939422E-02,
    2.57725591923E-02,3.221569899037E-02,3.865883878844E-02,
    4.510197858652E-02,5.154511838459E-02,5.798825818266E-02,
    6.443139798074E-02,7.087453777881E-02,7.731767757689E-02,
    8.376081737496E-02,9.020395717303E-02,9.664709697111E-02,
    0.103090236769,0.109533376567,0.115976516365,0.122419656163,
    0.128862795961,0.13530593576,0.141749075558),.QUASI_UNIFORM_KNOTS.);
#2615 = CARTESIAN_POINT('',(7.068583470577,5.954670803955));
#2616 = CARTESIAN_POINT('',(7.066435757311,5.954670800555));
#2617 = CARTESIAN_POINT('',(7.062140330779,5.954998395129));
#2618 = CARTESIAN_POINT('',(7.055697190981,5.956472525913));
#2619 = CARTESIAN_POINT('',(7.049254051183,5.958929346427));
#2620 = CARTESIAN_POINT('',(7.042810911385,5.962368751461));
#2621 = CARTESIAN_POINT('',(7.036367771587,5.966790599095));
#2622 = CARTESIAN_POINT('',(7.029924631789,5.97219470553));
#2623 = CARTESIAN_POINT('',(7.023481491991,5.978580846482));
#2624 = CARTESIAN_POINT('',(7.017038352192,5.985948756821));
#2625 = CARTESIAN_POINT('',(7.010595212394,5.994298130679));
#2626 = CARTESIAN_POINT('',(7.004152072596,6.003628621442));
#2627 = CARTESIAN_POINT('',(6.997708932798,6.013939841764));
#2628 = CARTESIAN_POINT('',(6.991265793,6.025231363587));
#2629 = CARTESIAN_POINT('',(6.984822653202,6.037502718154));
#2630 = CARTESIAN_POINT('',(6.978379513404,6.050753396034));
#2631 = CARTESIAN_POINT('',(6.971936373606,6.064982847141));
#2632 = CARTESIAN_POINT('',(6.965493233808,6.080190480749));
#2633 = CARTESIAN_POINT('',(6.95905009401,6.096375665548));
#2634 = CARTESIAN_POINT('',(6.952606954212,6.113537729566));
#2635 = CARTESIAN_POINT('',(6.946163814414,6.131675960567));
#2636 = CARTESIAN_POINT('',(6.939720674616,6.150789604708));
#2637 = CARTESIAN_POINT('',(6.933277534817,6.170877871695));
#2638 = CARTESIAN_POINT('',(6.928982108285,6.184919234358));
#2639 = CARTESIAN_POINT('',(6.926834395019,6.192102073529));
#2640 = ( GEOMETRIC_REPRESENTATION_CONTEXT(2) 
PARAMETRIC_REPRESENTATION_CONTEXT() REPRESENTATION_CONTEXT('2D SPACE',''
  ) );
#2641 = PCURVE('',#602,#2642);
#2642 = DEFINITIONAL_REPRESENTATION('',(#2643),#2651);
#2643 = ( BOUNDED_CURVE() B_SPLINE_CURVE(2,(#2644,#2645,#2646,#2647,
#2648,#2649,#2650),.UNSPECIFIED.,.T.,.F.) B_SPLINE_CURVE_WITH_KNOTS((1,2
    ,2,2,2,1),(-2.094395102393,0.,2.094395102393,4.188790204786,
6.28318530718,8.377580409573),.UNSPECIFIED.) CURVE() 
GEOMETRIC_REPRESENTATION_ITEM() RATIONAL_B_SPLINE_CURVE((1.,0.5,1.,0.5,
1.,0.5,1.)) REPRESENTATION_ITEM('') );
#2644 = CARTESIAN_POINT('',(-1.7763568394E-14,53.));
#2645 = CARTESIAN_POINT('',(-1.06581410364E-14,59.928203230276));
#2646 = CARTESIAN_POINT('',(36.012955844663,56.464101615138));
#2647 = CARTESIAN_POINT('',(72.025911689327,53.));
#2648 = CARTESIAN_POINT('',(36.012955844663,49.535898384862));
#2649 = CARTESIAN_POINT('',(1.42108547152E-14,46.071796769725));
#2650 = CARTESIAN_POINT('',(-1.7763568394E-14,53.));
#2651 = ( GEOMETRIC_REPRESENTATION_CONTEXT(2) 
PARAMETRIC_REPRESENTATION_CONTEXT() REPRESENTATION_CONTEXT('2D SPACE',''
  ) );
#2652 = ORIENTED_EDGE('',*,*,#2653,.T.);
#2653 = EDGE_CURVE('',#2604,#2654,#2656,.T.);
#2654 = VERTEX_POINT('',#2655);
#2655 = CARTESIAN_POINT('',(20.995522664836,-89.44655049977,
    81.9652609107));
#2656 = SURFACE_CURVE('',#2657,(#2662,#2691),.PCURVE_S1.);
#2657 = ELLIPSE('',#2658,4.021332116033,4.);
#2658 = AXIS2_PLACEMENT_3D('',#2659,#2660,#2661);
#2659 = CARTESIAN_POINT('',(20.995522664836,-89.44655049977,
    77.9652609107));
#2660 = DIRECTION('',(1.,0.,-5.45372713851E-16));
#2661 = DIRECTION('',(9.7116586136E-30,1.,1.78073790033E-14));
#2662 = PCURVE('',#2395,#2663);
#2663 = DEFINITIONAL_REPRESENTATION('',(#2664),#2690);
#2664 = B_SPLINE_CURVE_WITH_KNOTS('',3,(#2665,#2666,#2667,#2668,#2669,
    #2670,#2671,#2672,#2673,#2674,#2675,#2676,#2677,#2678,#2679,#2680,
    #2681,#2682,#2683,#2684,#2685,#2686,#2687,#2688,#2689),
  .UNSPECIFIED.,.F.,.F.,(4,1,1,1,1,1,1,1,1,1,1,1,1,1,1,1,1,1,1,1,1,1,4),
  (0.141749075558,0.206705768796,0.271662462034,0.336619155272,
    0.40157584851,0.466532541748,0.531489234986,0.596445928224,
    0.661402621462,0.7263593147,0.791316007938,0.856272701176,
    0.921229394414,0.986186087652,1.05114278089,1.116099474128,
    1.181056167367,1.246012860605,1.310969553843,1.375926247081,
    1.440882940319,1.505839633557,1.570796326795),
  .QUASI_UNIFORM_KNOTS.);
#2665 = CARTESIAN_POINT('',(6.926834395019,6.192102073529));
#2666 = CARTESIAN_POINT('',(6.90518216394,6.193366816408));
#2667 = CARTESIAN_POINT('',(6.861877701781,6.19647453368));
#2668 = CARTESIAN_POINT('',(6.796921008543,6.202843260818));
#2669 = CARTESIAN_POINT('',(6.731964315305,6.210894388392));
#2670 = CARTESIAN_POINT('',(6.667007622067,6.220593391792));
#2671 = CARTESIAN_POINT('',(6.602050928829,6.23189951332));
#2672 = CARTESIAN_POINT('',(6.537094235591,6.244765024389));
#2673 = CARTESIAN_POINT('',(6.472137542353,6.259135670592));
#2674 = CARTESIAN_POINT('',(6.407180849115,6.274950835228));
#2675 = CARTESIAN_POINT('',(6.342224155877,6.292143812475));
#2676 = CARTESIAN_POINT('',(6.277267462639,6.31064208406));
#2677 = CARTESIAN_POINT('',(6.212310769401,6.330367626392));
#2678 = CARTESIAN_POINT('',(6.147354076163,6.351237239314));
#2679 = CARTESIAN_POINT('',(6.082397382925,6.373162897128));
#2680 = CARTESIAN_POINT('',(6.017440689687,6.396052119847));
#2681 = CARTESIAN_POINT('',(5.952483996449,6.419808363296));
#2682 = CARTESIAN_POINT('',(5.88752730321,6.444331426222));
#2683 = CARTESIAN_POINT('',(5.822570609972,6.469517873316));
#2684 = CARTESIAN_POINT('',(5.757613916734,6.495261470063));
#2685 = CARTESIAN_POINT('',(5.692657223496,6.521453636142));
#2686 = CARTESIAN_POINT('',(5.627700530258,6.547983883591));
#2687 = CARTESIAN_POINT('',(5.56274383702,6.574740356774));
#2688 = CARTESIAN_POINT('',(5.519439374861,6.592653471069));
#2689 = CARTESIAN_POINT('',(5.497787143782,6.601610112482));
#2690 = ( GEOMETRIC_REPRESENTATION_CONTEXT(2) 
PARAMETRIC_REPRESENTATION_CONTEXT() REPRESENTATION_CONTEXT('2D SPACE',''
  ) );
#2691 = PCURVE('',#2692,#2697);
#2692 = PLANE('',#2693);
#2693 = AXIS2_PLACEMENT_3D('',#2694,#2695,#2696);
#2694 = CARTESIAN_POINT('',(20.995522664836,-85.46555069523,
    24.965260910701));
#2695 = DIRECTION('',(-1.,0.,5.45372713851E-16));
#2696 = DIRECTION('',(0.,-1.,0.));
#2697 = DEFINITIONAL_REPRESENTATION('',(#2698),#2706);
#2698 = ( BOUNDED_CURVE() B_SPLINE_CURVE(2,(#2699,#2700,#2701,#2702,
#2703,#2704,#2705),.UNSPECIFIED.,.T.,.F.) B_SPLINE_CURVE_WITH_KNOTS((1,2
    ,2,2,2,1),(-2.094395102393,0.,2.094395102393,4.188790204786,
6.28318530718,8.377580409573),.UNSPECIFIED.) CURVE() 
GEOMETRIC_REPRESENTATION_ITEM() RATIONAL_B_SPLINE_CURVE((1.,0.5,1.,0.5,
1.,0.5,1.)) REPRESENTATION_ITEM('') );
#2699 = CARTESIAN_POINT('',(-4.033231149421E-02,53.));
#2700 = CARTESIAN_POINT('',(-4.033231149409E-02,59.928203230276));
#2701 = CARTESIAN_POINT('',(5.991665862555,56.464101615138));
#2702 = CARTESIAN_POINT('',(12.023664036604,53.));
#2703 = CARTESIAN_POINT('',(5.991665862555,49.535898384862));
#2704 = CARTESIAN_POINT('',(-4.033231149433E-02,46.071796769725));
#2705 = CARTESIAN_POINT('',(-4.033231149421E-02,53.));
#2706 = ( GEOMETRIC_REPRESENTATION_CONTEXT(2) 
PARAMETRIC_REPRESENTATION_CONTEXT() REPRESENTATION_CONTEXT('2D SPACE',''
  ) );
#2707 = ORIENTED_EDGE('',*,*,#2708,.T.);
#2708 = EDGE_CURVE('',#2654,#2373,#2709,.T.);
#2709 = SURFACE_CURVE('',#2710,(#2714,#2721),.PCURVE_S1.);
#2710 = LINE('',#2711,#2712);
#2711 = CARTESIAN_POINT('',(27.562112960785,-88.7674717397,81.9652609107
    ));
#2712 = VECTOR('',#2713,1.);
#2713 = DIRECTION('',(0.994695261317,0.102865626491,5.298368892726E-16)
  );
#2714 = PCURVE('',#2395,#2715);
#2715 = DEFINITIONAL_REPRESENTATION('',(#2716),#2720);
#2716 = LINE('',#2717,#2718);
#2717 = CARTESIAN_POINT('',(5.497787143782,0.));
#2718 = VECTOR('',#2719,1.);
#2719 = DIRECTION('',(2.356069468734E-15,-1.));
#2720 = ( GEOMETRIC_REPRESENTATION_CONTEXT(2) 
PARAMETRIC_REPRESENTATION_CONTEXT() REPRESENTATION_CONTEXT('2D SPACE',''
  ) );
#2721 = PCURVE('',#2518,#2722);
#2722 = DEFINITIONAL_REPRESENTATION('',(#2723),#2727);
#2723 = LINE('',#2724,#2725);
#2724 = CARTESIAN_POINT('',(-2.281988376608,-1.52691785444));
#2725 = VECTOR('',#2726,1.);
#2726 = DIRECTION('',(-0.994695261317,-0.102865626491));
#2727 = ( GEOMETRIC_REPRESENTATION_CONTEXT(2) 
PARAMETRIC_REPRESENTATION_CONTEXT() REPRESENTATION_CONTEXT('2D SPACE',''
  ) );
#2728 = ADVANCED_FACE('',(#2729),#630,.T.);
#2729 = FACE_BOUND('',#2730,.T.);
#2730 = EDGE_LOOP('',(#2731,#2732,#2755,#2776,#2777));
#2731 = ORIENTED_EDGE('',*,*,#2580,.F.);
#2732 = ORIENTED_EDGE('',*,*,#2733,.F.);
#2733 = EDGE_CURVE('',#2734,#2531,#2736,.T.);
#2734 = VERTEX_POINT('',#2735);
#2735 = CARTESIAN_POINT('',(29.564726503517,-84.53904092248,
    28.965260910701));
#2736 = SURFACE_CURVE('',#2737,(#2741,#2748),.PCURVE_S1.);
#2737 = LINE('',#2738,#2739);
#2738 = CARTESIAN_POINT('',(29.564726503517,-84.53904092248,
    24.965260910701));
#2739 = VECTOR('',#2740,1.);
#2740 = DIRECTION('',(5.45372713851E-16,0.,1.));
#2741 = PCURVE('',#630,#2742);
#2742 = DEFINITIONAL_REPRESENTATION('',(#2743),#2747);
#2743 = LINE('',#2744,#2745);
#2744 = CARTESIAN_POINT('',(-0.,0.));
#2745 = VECTOR('',#2746,1.);
#2746 = DIRECTION('',(-1.072316543392E-15,1.));
#2747 = ( GEOMETRIC_REPRESENTATION_CONTEXT(2) 
PARAMETRIC_REPRESENTATION_CONTEXT() REPRESENTATION_CONTEXT('2D SPACE',''
  ) );
#2748 = PCURVE('',#1358,#2749);
#2749 = DEFINITIONAL_REPRESENTATION('',(#2750),#2754);
#2750 = LINE('',#2751,#2752);
#2751 = CARTESIAN_POINT('',(9.363409980853,6.006020113788E-29));
#2752 = VECTOR('',#2753,1.);
#2753 = DIRECTION('',(-1.655003877549E-30,1.));
#2754 = ( GEOMETRIC_REPRESENTATION_CONTEXT(2) 
PARAMETRIC_REPRESENTATION_CONTEXT() REPRESENTATION_CONTEXT('2D SPACE',''
  ) );
#2755 = ORIENTED_EDGE('',*,*,#2756,.T.);
#2756 = EDGE_CURVE('',#2734,#615,#2757,.T.);
#2757 = SURFACE_CURVE('',#2758,(#2762,#2769),.PCURVE_S1.);
#2758 = LINE('',#2759,#2760);
#2759 = CARTESIAN_POINT('',(29.564726503517,-84.53904092248,
    24.965260910701));
#2760 = VECTOR('',#2761,1.);
#2761 = DIRECTION('',(-5.45372713851E-16,0.,-1.));
#2762 = PCURVE('',#630,#2763);
#2763 = DEFINITIONAL_REPRESENTATION('',(#2764),#2768);
#2764 = LINE('',#2765,#2766);
#2765 = CARTESIAN_POINT('',(-0.,0.));
#2766 = VECTOR('',#2767,1.);
#2767 = DIRECTION('',(1.072316543392E-15,-1.));
#2768 = ( GEOMETRIC_REPRESENTATION_CONTEXT(2) 
PARAMETRIC_REPRESENTATION_CONTEXT() REPRESENTATION_CONTEXT('2D SPACE',''
  ) );
#2769 = PCURVE('',#658,#2770);
#2770 = DEFINITIONAL_REPRESENTATION('',(#2771),#2775);
#2771 = LINE('',#2772,#2773);
#2772 = CARTESIAN_POINT('',(8.550914886278,5.909142458761E-29));
#2773 = VECTOR('',#2774,1.);
#2774 = DIRECTION('',(4.405336998857E-16,-1.));
#2775 = ( GEOMETRIC_REPRESENTATION_CONTEXT(2) 
PARAMETRIC_REPRESENTATION_CONTEXT() REPRESENTATION_CONTEXT('2D SPACE',''
  ) );
#2776 = ORIENTED_EDGE('',*,*,#614,.T.);
#2777 = ORIENTED_EDGE('',*,*,#2778,.T.);
#2778 = EDGE_CURVE('',#587,#2581,#2779,.T.);
#2779 = SURFACE_CURVE('',#2780,(#2784,#2791),.PCURVE_S1.);
#2780 = LINE('',#2781,#2782);
#2781 = CARTESIAN_POINT('',(21.227567623425,-85.40122163723,
    24.965260910701));
#2782 = VECTOR('',#2783,1.);
#2783 = DIRECTION('',(5.45372713851E-16,0.,1.));
#2784 = PCURVE('',#630,#2785);
#2785 = DEFINITIONAL_REPRESENTATION('',(#2786),#2790);
#2786 = LINE('',#2787,#2788);
#2787 = CARTESIAN_POINT('',(8.381621190245,4.440892098501E-15));
#2788 = VECTOR('',#2789,1.);
#2789 = DIRECTION('',(-1.072316543392E-15,1.));
#2790 = ( GEOMETRIC_REPRESENTATION_CONTEXT(2) 
PARAMETRIC_REPRESENTATION_CONTEXT() REPRESENTATION_CONTEXT('2D SPACE',''
  ) );
#2791 = PCURVE('',#602,#2792);
#2792 = DEFINITIONAL_REPRESENTATION('',(#2793),#2797);
#2793 = LINE('',#2794,#2795);
#2794 = CARTESIAN_POINT('',(0.,0.));
#2795 = VECTOR('',#2796,1.);
#2796 = DIRECTION('',(-1.325645687379E-16,1.));
#2797 = ( GEOMETRIC_REPRESENTATION_CONTEXT(2) 
PARAMETRIC_REPRESENTATION_CONTEXT() REPRESENTATION_CONTEXT('2D SPACE',''
  ) );
#2798 = ADVANCED_FACE('',(#2799),#1358,.T.);
#2799 = FACE_BOUND('',#2800,.T.);
#2800 = EDGE_LOOP('',(#2801,#2822,#2823,#2824,#2847,#2875,#2898,#2921,
    #2942));
#2801 = ORIENTED_EDGE('',*,*,#2802,.F.);
#2802 = EDGE_CURVE('',#2734,#1341,#2803,.T.);
#2803 = SURFACE_CURVE('',#2804,(#2808,#2815),.PCURVE_S1.);
#2804 = LINE('',#2805,#2806);
#2805 = CARTESIAN_POINT('',(29.564726503517,-91.22987175281,
    28.965260910701));
#2806 = VECTOR('',#2807,1.);
#2807 = DIRECTION('',(-8.537066937843E-15,-1.,-3.658059239228E-29));
#2808 = PCURVE('',#1358,#2809);
#2809 = DEFINITIONAL_REPRESENTATION('',(#2810),#2814);
#2810 = LINE('',#2811,#2812);
#2811 = CARTESIAN_POINT('',(2.67257915053,4.));
#2812 = VECTOR('',#2813,1.);
#2813 = DIRECTION('',(-1.,-4.289147963405E-29));
#2814 = ( GEOMETRIC_REPRESENTATION_CONTEXT(2) 
PARAMETRIC_REPRESENTATION_CONTEXT() REPRESENTATION_CONTEXT('2D SPACE',''
  ) );
#2815 = PCURVE('',#1295,#2816);
#2816 = DEFINITIONAL_REPRESENTATION('',(#2817),#2821);
#2817 = LINE('',#2818,#2819);
#2818 = CARTESIAN_POINT('',(7.068583470577,0.));
#2819 = VECTOR('',#2820,1.);
#2820 = DIRECTION('',(0.,-1.));
#2821 = ( GEOMETRIC_REPRESENTATION_CONTEXT(2) 
PARAMETRIC_REPRESENTATION_CONTEXT() REPRESENTATION_CONTEXT('2D SPACE',''
  ) );
#2822 = ORIENTED_EDGE('',*,*,#2733,.T.);
#2823 = ORIENTED_EDGE('',*,*,#2530,.F.);
#2824 = ORIENTED_EDGE('',*,*,#2825,.F.);
#2825 = EDGE_CURVE('',#2826,#2503,#2828,.T.);
#2826 = VERTEX_POINT('',#2827);
#2827 = CARTESIAN_POINT('',(29.564726503517,-93.90245090334,
    81.9652609107));
#2828 = SURFACE_CURVE('',#2829,(#2833,#2840),.PCURVE_S1.);
#2829 = LINE('',#2830,#2831);
#2830 = CARTESIAN_POINT('',(29.564726503517,-93.90245090334,
    81.9652609107));
#2831 = VECTOR('',#2832,1.);
#2832 = DIRECTION('',(8.537066937843E-15,1.,-6.310887241768E-30));
#2833 = PCURVE('',#1358,#2834);
#2834 = DEFINITIONAL_REPRESENTATION('',(#2835),#2839);
#2835 = LINE('',#2836,#2837);
#2836 = CARTESIAN_POINT('',(-8.675278239859E-29,57.));
#2837 = VECTOR('',#2838,1.);
#2838 = DIRECTION('',(1.,0.));
#2839 = ( GEOMETRIC_REPRESENTATION_CONTEXT(2) 
PARAMETRIC_REPRESENTATION_CONTEXT() REPRESENTATION_CONTEXT('2D SPACE',''
  ) );
#2840 = PCURVE('',#2518,#2841);
#2841 = DEFINITIONAL_REPRESENTATION('',(#2842),#2846);
#2842 = LINE('',#2843,#2844);
#2843 = CARTESIAN_POINT('',(-4.28460191934,3.608061309198));
#2844 = VECTOR('',#2845,1.);
#2845 = DIRECTION('',(-8.537066937843E-15,-1.));
#2846 = ( GEOMETRIC_REPRESENTATION_CONTEXT(2) 
PARAMETRIC_REPRESENTATION_CONTEXT() REPRESENTATION_CONTEXT('2D SPACE',''
  ) );
#2847 = ORIENTED_EDGE('',*,*,#2848,.F.);
#2848 = EDGE_CURVE('',#2849,#2826,#2851,.T.);
#2849 = VERTEX_POINT('',#2850);
#2850 = CARTESIAN_POINT('',(29.564726503517,-93.90245090334,
    82.000000000025));
#2851 = SURFACE_CURVE('',#2852,(#2856,#2863),.PCURVE_S1.);
#2852 = LINE('',#2853,#2854);
#2853 = CARTESIAN_POINT('',(29.564726503517,-93.90245090334,
    82.000000000025));
#2854 = VECTOR('',#2855,1.);
#2855 = DIRECTION('',(0.,0.,-1.));
#2856 = PCURVE('',#1358,#2857);
#2857 = DEFINITIONAL_REPRESENTATION('',(#2858),#2862);
#2858 = LINE('',#2859,#2860);
#2859 = CARTESIAN_POINT('',(-8.69720168742E-29,57.034739089325));
#2860 = VECTOR('',#2861,1.);
#2861 = DIRECTION('',(6.310887241768E-30,-1.));
#2862 = ( GEOMETRIC_REPRESENTATION_CONTEXT(2) 
PARAMETRIC_REPRESENTATION_CONTEXT() REPRESENTATION_CONTEXT('2D SPACE',''
  ) );
#2863 = PCURVE('',#2864,#2869);
#2864 = PLANE('',#2865);
#2865 = AXIS2_PLACEMENT_3D('',#2866,#2867,#2868);
#2866 = CARTESIAN_POINT('',(21.227567623425,-96.01562926907,
    82.000000000025));
#2867 = DIRECTION('',(-0.245695591839,0.969347035974,0.));
#2868 = DIRECTION('',(0.969347035974,0.245695591839,0.));
#2869 = DEFINITIONAL_REPRESENTATION('',(#2870),#2874);
#2870 = LINE('',#2871,#2872);
#2871 = CARTESIAN_POINT('',(8.600798858087,0.));
#2872 = VECTOR('',#2873,1.);
#2873 = DIRECTION('',(0.,1.));
#2874 = ( GEOMETRIC_REPRESENTATION_CONTEXT(2) 
PARAMETRIC_REPRESENTATION_CONTEXT() REPRESENTATION_CONTEXT('2D SPACE',''
  ) );
#2875 = ORIENTED_EDGE('',*,*,#2876,.T.);
#2876 = EDGE_CURVE('',#2849,#2877,#2879,.T.);
#2877 = VERTEX_POINT('',#2878);
#2878 = CARTESIAN_POINT('',(29.564726503516,-118.5139759535,
    82.000000000025));
#2879 = SURFACE_CURVE('',#2880,(#2884,#2891),.PCURVE_S1.);
#2880 = LINE('',#2881,#2882);
#2881 = CARTESIAN_POINT('',(29.564726503517,-93.90245090334,
    82.000000000025));
#2882 = VECTOR('',#2883,1.);
#2883 = DIRECTION('',(-8.801425220046E-15,-1.,0.));
#2884 = PCURVE('',#1358,#2885);
#2885 = DEFINITIONAL_REPRESENTATION('',(#2886),#2890);
#2886 = LINE('',#2887,#2888);
#2887 = CARTESIAN_POINT('',(-8.69720168742E-29,57.034739089325));
#2888 = VECTOR('',#2889,1.);
#2889 = DIRECTION('',(-1.,-6.455061035562E-30));
#2890 = ( GEOMETRIC_REPRESENTATION_CONTEXT(2) 
PARAMETRIC_REPRESENTATION_CONTEXT() REPRESENTATION_CONTEXT('2D SPACE',''
  ) );
#2891 = PCURVE('',#2097,#2892);
#2892 = DEFINITIONAL_REPRESENTATION('',(#2893),#2897);
#2893 = LINE('',#2894,#2895);
#2894 = CARTESIAN_POINT('',(1.284111990891E-02,-24.61152505016));
#2895 = VECTOR('',#2896,1.);
#2896 = DIRECTION('',(1.186300599203E-16,1.));
#2897 = ( GEOMETRIC_REPRESENTATION_CONTEXT(2) 
PARAMETRIC_REPRESENTATION_CONTEXT() REPRESENTATION_CONTEXT('2D SPACE',''
  ) );
#2898 = ORIENTED_EDGE('',*,*,#2899,.F.);
#2899 = EDGE_CURVE('',#2900,#2877,#2902,.T.);
#2900 = VERTEX_POINT('',#2901);
#2901 = CARTESIAN_POINT('',(29.564726503516,-118.5139759535,
    52.000000000025));
#2902 = SURFACE_CURVE('',#2903,(#2907,#2914),.PCURVE_S1.);
#2903 = LINE('',#2904,#2905);
#2904 = CARTESIAN_POINT('',(29.564726503516,-118.5139759535,
    71.000000000014));
#2905 = VECTOR('',#2906,1.);
#2906 = DIRECTION('',(-1.333266657776E-27,-1.514830410352E-13,1.));
#2907 = PCURVE('',#1358,#2908);
#2908 = DEFINITIONAL_REPRESENTATION('',(#2909),#2913);
#2909 = LINE('',#2910,#2911);
#2910 = CARTESIAN_POINT('',(-24.61152505016,46.034739089314));
#2911 = VECTOR('',#2912,1.);
#2912 = DIRECTION('',(-1.514830410352E-13,1.));
#2913 = ( GEOMETRIC_REPRESENTATION_CONTEXT(2) 
PARAMETRIC_REPRESENTATION_CONTEXT() REPRESENTATION_CONTEXT('2D SPACE',''
  ) );
#2914 = PCURVE('',#334,#2915);
#2915 = DEFINITIONAL_REPRESENTATION('',(#2916),#2920);
#2916 = LINE('',#2917,#2918);
#2917 = CARTESIAN_POINT('',(29.487158880091,11.000000000007));
#2918 = VECTOR('',#2919,1.);
#2919 = DIRECTION('',(-2.593829993226E-22,1.));
#2920 = ( GEOMETRIC_REPRESENTATION_CONTEXT(2) 
PARAMETRIC_REPRESENTATION_CONTEXT() REPRESENTATION_CONTEXT('2D SPACE',''
  ) );
#2921 = ORIENTED_EDGE('',*,*,#2922,.F.);
#2922 = EDGE_CURVE('',#1343,#2900,#2923,.T.);
#2923 = SURFACE_CURVE('',#2924,(#2928,#2935),.PCURVE_S1.);
#2924 = LINE('',#2925,#2926);
#2925 = CARTESIAN_POINT('',(29.564726503517,-93.90245090334,
    52.000000000025));
#2926 = VECTOR('',#2927,1.);
#2927 = DIRECTION('',(-8.801425220046E-15,-1.,0.));
#2928 = PCURVE('',#1358,#2929);
#2929 = DEFINITIONAL_REPRESENTATION('',(#2930),#2934);
#2930 = LINE('',#2931,#2932);
#2931 = CARTESIAN_POINT('',(-4.929417205571E-29,27.034739089325));
#2932 = VECTOR('',#2933,1.);
#2933 = DIRECTION('',(-1.,-6.455061035562E-30));
#2934 = ( GEOMETRIC_REPRESENTATION_CONTEXT(2) 
PARAMETRIC_REPRESENTATION_CONTEXT() REPRESENTATION_CONTEXT('2D SPACE',''
  ) );
#2935 = PCURVE('',#1386,#2936);
#2936 = DEFINITIONAL_REPRESENTATION('',(#2937),#2941);
#2937 = LINE('',#2938,#2939);
#2938 = CARTESIAN_POINT('',(-4.28460191934,12.305762525082));
#2939 = VECTOR('',#2940,1.);
#2940 = DIRECTION('',(8.801425220046E-15,-1.));
#2941 = ( GEOMETRIC_REPRESENTATION_CONTEXT(2) 
PARAMETRIC_REPRESENTATION_CONTEXT() REPRESENTATION_CONTEXT('2D SPACE',''
  ) );
#2942 = ORIENTED_EDGE('',*,*,#1340,.F.);
#2943 = ADVANCED_FACE('',(#2944),#2518,.T.);
#2944 = FACE_BOUND('',#2945,.T.);
#2945 = EDGE_LOOP('',(#2946,#2947,#2975,#3001,#3002,#3025,#3053,#3074));
#2946 = ORIENTED_EDGE('',*,*,#2502,.F.);
#2947 = ORIENTED_EDGE('',*,*,#2948,.T.);
#2948 = EDGE_CURVE('',#2375,#2949,#2951,.T.);
#2949 = VERTEX_POINT('',#2950);
#2950 = CARTESIAN_POINT('',(25.805617385335,-89.68871530774,
    81.9652609107));
#2951 = SURFACE_CURVE('',#2952,(#2957,#2968),.PCURVE_S1.);
#2952 = CIRCLE('',#2953,1.5);
#2953 = AXIS2_PLACEMENT_3D('',#2954,#2955,#2956);
#2954 = CARTESIAN_POINT('',(24.305617385335,-89.68871530774,
    81.9652609107));
#2955 = DIRECTION('',(-4.930380657631E-32,-6.037974890946E-48,-1.));
#2956 = DIRECTION('',(-1.,0.,4.930380657631E-32));
#2957 = PCURVE('',#2518,#2958);
#2958 = DEFINITIONAL_REPRESENTATION('',(#2959),#2967);
#2959 = ( BOUNDED_CURVE() B_SPLINE_CURVE(2,(#2960,#2961,#2962,#2963,
#2964,#2965,#2966),.UNSPECIFIED.,.T.,.F.) B_SPLINE_CURVE_WITH_KNOTS((1,2
    ,2,2,2,1),(-2.094395102393,0.,2.094395102393,4.188790204786,
6.28318530718,8.377580409573),.UNSPECIFIED.) CURVE() 
GEOMETRIC_REPRESENTATION_ITEM() RATIONAL_B_SPLINE_CURVE((1.,0.5,1.,0.5,
1.,0.5,1.)) REPRESENTATION_ITEM('') );
#2960 = CARTESIAN_POINT('',(2.474507198841,-0.605674286401));
#2961 = CARTESIAN_POINT('',(2.474507198841,-3.203750497754));
#2962 = CARTESIAN_POINT('',(0.224507198841,-1.904712392078));
#2963 = CARTESIAN_POINT('',(-2.025492801159,-0.605674286401));
#2964 = CARTESIAN_POINT('',(0.224507198841,0.693363819276));
#2965 = CARTESIAN_POINT('',(2.474507198841,1.992401924952));
#2966 = CARTESIAN_POINT('',(2.474507198841,-0.605674286401));
#2967 = ( GEOMETRIC_REPRESENTATION_CONTEXT(2) 
PARAMETRIC_REPRESENTATION_CONTEXT() REPRESENTATION_CONTEXT('2D SPACE',''
  ) );
#2968 = PCURVE('',#952,#2969);
#2969 = DEFINITIONAL_REPRESENTATION('',(#2970),#2974);
#2970 = LINE('',#2971,#2972);
#2971 = CARTESIAN_POINT('',(1.06581410364E-14,57.));
#2972 = VECTOR('',#2973,1.);
#2973 = DIRECTION('',(-1.,0.));
#2974 = ( GEOMETRIC_REPRESENTATION_CONTEXT(2) 
PARAMETRIC_REPRESENTATION_CONTEXT() REPRESENTATION_CONTEXT('2D SPACE',''
  ) );
#2975 = ORIENTED_EDGE('',*,*,#2976,.T.);
#2976 = EDGE_CURVE('',#2949,#2373,#2977,.T.);
#2977 = SURFACE_CURVE('',#2978,(#2983,#2994),.PCURVE_S1.);
#2978 = CIRCLE('',#2979,1.5);
#2979 = AXIS2_PLACEMENT_3D('',#2980,#2981,#2982);
#2980 = CARTESIAN_POINT('',(24.305617385335,-89.68871530774,
    81.9652609107));
#2981 = DIRECTION('',(-4.930380657631E-32,-6.037974890946E-48,-1.));
#2982 = DIRECTION('',(-1.,0.,4.930380657631E-32));
#2983 = PCURVE('',#2518,#2984);
#2984 = DEFINITIONAL_REPRESENTATION('',(#2985),#2993);
#2985 = ( BOUNDED_CURVE() B_SPLINE_CURVE(2,(#2986,#2987,#2988,#2989,
#2990,#2991,#2992),.UNSPECIFIED.,.T.,.F.) B_SPLINE_CURVE_WITH_KNOTS((1,2
    ,2,2,2,1),(-2.094395102393,0.,2.094395102393,4.188790204786,
6.28318530718,8.377580409573),.UNSPECIFIED.) CURVE() 
GEOMETRIC_REPRESENTATION_ITEM() RATIONAL_B_SPLINE_CURVE((1.,0.5,1.,0.5,
1.,0.5,1.)) REPRESENTATION_ITEM('') );
#2986 = CARTESIAN_POINT('',(2.474507198841,-0.605674286401));
#2987 = CARTESIAN_POINT('',(2.474507198841,-3.203750497754));
#2988 = CARTESIAN_POINT('',(0.224507198841,-1.904712392078));
#2989 = CARTESIAN_POINT('',(-2.025492801159,-0.605674286401));
#2990 = CARTESIAN_POINT('',(0.224507198841,0.693363819276));
#2991 = CARTESIAN_POINT('',(2.474507198841,1.992401924952));
#2992 = CARTESIAN_POINT('',(2.474507198841,-0.605674286401));
#2993 = ( GEOMETRIC_REPRESENTATION_CONTEXT(2) 
PARAMETRIC_REPRESENTATION_CONTEXT() REPRESENTATION_CONTEXT('2D SPACE',''
  ) );
#2994 = PCURVE('',#952,#2995);
#2995 = DEFINITIONAL_REPRESENTATION('',(#2996),#3000);
#2996 = LINE('',#2997,#2998);
#2997 = CARTESIAN_POINT('',(6.28318530718,57.));
#2998 = VECTOR('',#2999,1.);
#2999 = DIRECTION('',(-1.,0.));
#3000 = ( GEOMETRIC_REPRESENTATION_CONTEXT(2) 
PARAMETRIC_REPRESENTATION_CONTEXT() REPRESENTATION_CONTEXT('2D SPACE',''
  ) );
#3001 = ORIENTED_EDGE('',*,*,#2708,.F.);
#3002 = ORIENTED_EDGE('',*,*,#3003,.T.);
#3003 = EDGE_CURVE('',#2654,#3004,#3006,.T.);
#3004 = VERTEX_POINT('',#3005);
#3005 = CARTESIAN_POINT('',(20.995522664836,-96.0497382658,81.9652609107
    ));
#3006 = SURFACE_CURVE('',#3007,(#3011,#3018),.PCURVE_S1.);
#3007 = LINE('',#3008,#3009);
#3008 = CARTESIAN_POINT('',(20.995522664836,-104.4508532611,
    81.9652609107));
#3009 = VECTOR('',#3010,1.);
#3010 = DIRECTION('',(0.,-1.,0.));
#3011 = PCURVE('',#2518,#3012);
#3012 = DEFINITIONAL_REPRESENTATION('',(#3013),#3017);
#3013 = LINE('',#3014,#3015);
#3014 = CARTESIAN_POINT('',(4.28460191934,14.156463667017));
#3015 = VECTOR('',#3016,1.);
#3016 = DIRECTION('',(0.,1.));
#3017 = ( GEOMETRIC_REPRESENTATION_CONTEXT(2) 
PARAMETRIC_REPRESENTATION_CONTEXT() REPRESENTATION_CONTEXT('2D SPACE',''
  ) );
#3018 = PCURVE('',#2692,#3019);
#3019 = DEFINITIONAL_REPRESENTATION('',(#3020),#3024);
#3020 = LINE('',#3021,#3022);
#3021 = CARTESIAN_POINT('',(18.985302565928,57.));
#3022 = VECTOR('',#3023,1.);
#3023 = DIRECTION('',(1.,0.));
#3024 = ( GEOMETRIC_REPRESENTATION_CONTEXT(2) 
PARAMETRIC_REPRESENTATION_CONTEXT() REPRESENTATION_CONTEXT('2D SPACE',''
  ) );
#3025 = ORIENTED_EDGE('',*,*,#3026,.T.);
#3026 = EDGE_CURVE('',#3004,#3027,#3029,.T.);
#3027 = VERTEX_POINT('',#3028);
#3028 = CARTESIAN_POINT('',(21.227567623425,-96.01562926907,
    81.9652609107));
#3029 = SURFACE_CURVE('',#3030,(#3034,#3041),.PCURVE_S1.);
#3030 = LINE('',#3031,#3032);
#3031 = CARTESIAN_POINT('',(21.227567623425,-96.01562926907,
    81.9652609107));
#3032 = VECTOR('',#3033,1.);
#3033 = DIRECTION('',(0.989368500156,0.145430295671,-4.034727162948E-16)
  );
#3034 = PCURVE('',#2518,#3035);
#3035 = DEFINITIONAL_REPRESENTATION('',(#3036),#3040);
#3036 = LINE('',#3037,#3038);
#3037 = CARTESIAN_POINT('',(4.052556960752,5.721239674926));
#3038 = VECTOR('',#3039,1.);
#3039 = DIRECTION('',(-0.989368500156,-0.145430295671));
#3040 = ( GEOMETRIC_REPRESENTATION_CONTEXT(2) 
PARAMETRIC_REPRESENTATION_CONTEXT() REPRESENTATION_CONTEXT('2D SPACE',''
  ) );
#3041 = PCURVE('',#3042,#3047);
#3042 = PLANE('',#3043);
#3043 = AXIS2_PLACEMENT_3D('',#3044,#3045,#3046);
#3044 = CARTESIAN_POINT('',(20.995522664836,-96.0497382658,
    82.000000000025));
#3045 = DIRECTION('',(-0.145430295671,0.989368500156,0.));
#3046 = DIRECTION('',(0.989368500156,0.145430295671,0.));
#3047 = DEFINITIONAL_REPRESENTATION('',(#3048),#3052);
#3048 = LINE('',#3049,#3050);
#3049 = CARTESIAN_POINT('',(0.234538454127,3.47390893247E-02));
#3050 = VECTOR('',#3051,1.);
#3051 = DIRECTION('',(1.,4.034727162948E-16));
#3052 = ( GEOMETRIC_REPRESENTATION_CONTEXT(2) 
PARAMETRIC_REPRESENTATION_CONTEXT() REPRESENTATION_CONTEXT('2D SPACE',''
  ) );
#3053 = ORIENTED_EDGE('',*,*,#3054,.T.);
#3054 = EDGE_CURVE('',#3027,#2826,#3055,.T.);
#3055 = SURFACE_CURVE('',#3056,(#3060,#3067),.PCURVE_S1.);
#3056 = LINE('',#3057,#3058);
#3057 = CARTESIAN_POINT('',(21.227567623425,-96.01562926907,
    81.9652609107));
#3058 = VECTOR('',#3059,1.);
#3059 = DIRECTION('',(0.969347035974,0.245695591839,5.163348395626E-16)
  );
#3060 = PCURVE('',#2518,#3061);
#3061 = DEFINITIONAL_REPRESENTATION('',(#3062),#3066);
#3062 = LINE('',#3063,#3064);
#3063 = CARTESIAN_POINT('',(4.052556960752,5.721239674926));
#3064 = VECTOR('',#3065,1.);
#3065 = DIRECTION('',(-0.969347035974,-0.245695591839));
#3066 = ( GEOMETRIC_REPRESENTATION_CONTEXT(2) 
PARAMETRIC_REPRESENTATION_CONTEXT() REPRESENTATION_CONTEXT('2D SPACE',''
  ) );
#3067 = PCURVE('',#2864,#3068);
#3068 = DEFINITIONAL_REPRESENTATION('',(#3069),#3073);
#3069 = LINE('',#3070,#3071);
#3070 = CARTESIAN_POINT('',(0.,3.47390893247E-02));
#3071 = VECTOR('',#3072,1.);
#3072 = DIRECTION('',(1.,-5.163348395626E-16));
#3073 = ( GEOMETRIC_REPRESENTATION_CONTEXT(2) 
PARAMETRIC_REPRESENTATION_CONTEXT() REPRESENTATION_CONTEXT('2D SPACE',''
  ) );
#3074 = ORIENTED_EDGE('',*,*,#2825,.T.);
#3075 = ADVANCED_FACE('',(#3076),#952,.F.);
#3076 = FACE_BOUND('',#3077,.F.);
#3077 = EDGE_LOOP('',(#3078,#3079,#3100,#3101,#3102,#3103));
#3078 = ORIENTED_EDGE('',*,*,#2948,.T.);
#3079 = ORIENTED_EDGE('',*,*,#3080,.T.);
#3080 = EDGE_CURVE('',#2949,#932,#3081,.T.);
#3081 = SEAM_CURVE('',#3082,(#3086,#3093),.PCURVE_S1.);
#3082 = LINE('',#3083,#3084);
#3083 = CARTESIAN_POINT('',(25.805617385335,-89.68871530774,
    24.965260910701));
#3084 = VECTOR('',#3085,1.);
#3085 = DIRECTION('',(-5.45372713851E-16,0.,-1.));
#3086 = PCURVE('',#952,#3087);
#3087 = DEFINITIONAL_REPRESENTATION('',(#3088),#3092);
#3088 = LINE('',#3089,#3090);
#3089 = CARTESIAN_POINT('',(-3.14159265359,0.));
#3090 = VECTOR('',#3091,1.);
#3091 = DIRECTION('',(0.,-1.));
#3092 = ( GEOMETRIC_REPRESENTATION_CONTEXT(2) 
PARAMETRIC_REPRESENTATION_CONTEXT() REPRESENTATION_CONTEXT('2D SPACE',''
  ) );
#3093 = PCURVE('',#952,#3094);
#3094 = DEFINITIONAL_REPRESENTATION('',(#3095),#3099);
#3095 = LINE('',#3096,#3097);
#3096 = CARTESIAN_POINT('',(3.14159265359,0.));
#3097 = VECTOR('',#3098,1.);
#3098 = DIRECTION('',(0.,-1.));
#3099 = ( GEOMETRIC_REPRESENTATION_CONTEXT(2) 
PARAMETRIC_REPRESENTATION_CONTEXT() REPRESENTATION_CONTEXT('2D SPACE',''
  ) );
#3100 = ORIENTED_EDGE('',*,*,#931,.F.);
#3101 = ORIENTED_EDGE('',*,*,#3080,.F.);
#3102 = ORIENTED_EDGE('',*,*,#2976,.T.);
#3103 = ORIENTED_EDGE('',*,*,#2372,.T.);
#3104 = ADVANCED_FACE('',(#3105),#1295,.F.);
#3105 = FACE_BOUND('',#3106,.F.);
#3106 = EDGE_LOOP('',(#3107,#3108,#3152,#3153));
#3107 = ORIENTED_EDGE('',*,*,#2802,.F.);
#3108 = ORIENTED_EDGE('',*,*,#3109,.F.);
#3109 = EDGE_CURVE('',#1259,#2734,#3110,.T.);
#3110 = SURFACE_CURVE('',#3111,(#3116,#3145),.PCURVE_S1.);
#3111 = ELLIPSE('',#3112,1.23798182521,1.);
#3112 = AXIS2_PLACEMENT_3D('',#3113,#3114,#3115);
#3113 = CARTESIAN_POINT('',(30.564726503517,-83.8092471163,
    28.965260910701));
#3114 = DIRECTION('',(-0.58950284352,0.807766301279,0.));
#3115 = DIRECTION('',(-0.807766301279,-0.58950284352,0.));
#3116 = PCURVE('',#1295,#3117);
#3117 = DEFINITIONAL_REPRESENTATION('',(#3118),#3144);
#3118 = B_SPLINE_CURVE_WITH_KNOTS('',3,(#3119,#3120,#3121,#3122,#3123,
    #3124,#3125,#3126,#3127,#3128,#3129,#3130,#3131,#3132,#3133,#3134,
    #3135,#3136,#3137,#3138,#3139,#3140,#3141,#3142,#3143),
  .UNSPECIFIED.,.F.,.F.,(4,1,1,1,1,1,1,1,1,1,1,1,1,1,1,1,1,1,1,1,1,1,4),
  (4.712388980385,4.783788813421,4.855188646457,4.926588479493,
    4.997988312529,5.069388145565,5.140787978601,5.212187811638,
    5.283587644674,5.35498747771,5.426387310746,5.497787143782,
    5.569186976818,5.640586809854,5.711986642891,5.783386475927,
    5.854786308963,5.926186141999,5.997585975035,6.068985808071,
    6.140385641107,6.211785474143,6.28318530718),.QUASI_UNIFORM_KNOTS.);
#3119 = CARTESIAN_POINT('',(5.497787143782,7.420624636511));
#3120 = CARTESIAN_POINT('',(5.521587088127,7.403255449366));
#3121 = CARTESIAN_POINT('',(5.569186976818,7.368517552026));
#3122 = CARTESIAN_POINT('',(5.640586809854,7.316675848704));
#3123 = CARTESIAN_POINT('',(5.71198664289,7.265363947222));
#3124 = CARTESIAN_POINT('',(5.783386475927,7.214843191119));
#3125 = CARTESIAN_POINT('',(5.854786308963,7.165371057463));
#3126 = CARTESIAN_POINT('',(5.926186141999,7.117199635561));
#3127 = CARTESIAN_POINT('',(5.997585975035,7.070574398442));
#3128 = CARTESIAN_POINT('',(6.068985808071,7.025732936956));
#3129 = CARTESIAN_POINT('',(6.140385641107,6.982903753092));
#3130 = CARTESIAN_POINT('',(6.211785474143,6.942305094504));
#3131 = CARTESIAN_POINT('',(6.28318530718,6.904143842667));
#3132 = CARTESIAN_POINT('',(6.354585140216,6.868614458557));
#3133 = CARTESIAN_POINT('',(6.425984973252,6.835897991815));
#3134 = CARTESIAN_POINT('',(6.497384806288,6.806161157905));
#3135 = CARTESIAN_POINT('',(6.568784639324,6.77955548947));
#3136 = CARTESIAN_POINT('',(6.64018447236,6.75621656084));
#3137 = CARTESIAN_POINT('',(6.711584305396,6.736263309517));
#3138 = CARTESIAN_POINT('',(6.782984138433,6.719797384075));
#3139 = CARTESIAN_POINT('',(6.854383971469,6.706902797906));
#3140 = CARTESIAN_POINT('',(6.925783804505,6.697644860242));
#3141 = CARTESIAN_POINT('',(6.997183637541,6.692072235095));
#3142 = CARTESIAN_POINT('',(7.044783526232,6.690829256483));
#3143 = CARTESIAN_POINT('',(7.068583470577,6.690830830324));
#3144 = ( GEOMETRIC_REPRESENTATION_CONTEXT(2) 
PARAMETRIC_REPRESENTATION_CONTEXT() REPRESENTATION_CONTEXT('2D SPACE',''
  ) );
#3145 = PCURVE('',#658,#3146);
#3146 = DEFINITIONAL_REPRESENTATION('',(#3147),#3151);
#3147 = ELLIPSE('',#3148,1.23798182521,1.);
#3148 = AXIS2_PLACEMENT_2D('',#3149,#3150);
#3149 = CARTESIAN_POINT('',(7.312933061069,4.));
#3150 = DIRECTION('',(1.,6.910538272628E-30));
#3151 = ( GEOMETRIC_REPRESENTATION_CONTEXT(2) 
PARAMETRIC_REPRESENTATION_CONTEXT() REPRESENTATION_CONTEXT('2D SPACE',''
  ) );
#3152 = ORIENTED_EDGE('',*,*,#1281,.F.);
#3153 = ORIENTED_EDGE('',*,*,#1442,.F.);
#3154 = ADVANCED_FACE('',(#3155),#72,.F.);
#3155 = FACE_BOUND('',#3156,.F.);
#3156 = EDGE_LOOP('',(#3157,#3158,#3204,#3225));
#3157 = ORIENTED_EDGE('',*,*,#56,.F.);
#3158 = ORIENTED_EDGE('',*,*,#3159,.F.);
#3159 = EDGE_CURVE('',#3160,#57,#3162,.T.);
#3160 = VERTEX_POINT('',#3161);
#3161 = CARTESIAN_POINT('',(-29.56472650351,-84.53904092248,
    28.965260910701));
#3162 = SURFACE_CURVE('',#3163,(#3168,#3197),.PCURVE_S1.);
#3163 = ELLIPSE('',#3164,1.23798182521,1.);
#3164 = AXIS2_PLACEMENT_3D('',#3165,#3166,#3167);
#3165 = CARTESIAN_POINT('',(-30.56472650351,-83.8092471163,
    28.965260910701));
#3166 = DIRECTION('',(0.58950284352,0.807766301279,1.232595164408E-32));
#3167 = DIRECTION('',(0.807766301279,-0.58950284352,-2.24200186549E-16)
  );
#3168 = PCURVE('',#72,#3169);
#3169 = DEFINITIONAL_REPRESENTATION('',(#3170),#3196);
#3170 = B_SPLINE_CURVE_WITH_KNOTS('',3,(#3171,#3172,#3173,#3174,#3175,
    #3176,#3177,#3178,#3179,#3180,#3181,#3182,#3183,#3184,#3185,#3186,
    #3187,#3188,#3189,#3190,#3191,#3192,#3193,#3194,#3195),
  .UNSPECIFIED.,.F.,.F.,(4,1,1,1,1,1,1,1,1,1,1,1,1,1,1,1,1,1,1,1,1,1,4),
  (0.,7.139983303613E-02,0.142799666072,0.214199499108,0.285599332145,
    0.356999165181,0.428398998217,0.499798831253,0.571198664289,
    0.642598497325,0.713998330361,0.785398163397,0.856797996434,
    0.92819782947,0.999597662506,1.070997495542,1.142397328578,
    1.213797161614,1.28519699465,1.356596827687,1.427996660723,
    1.499396493759,1.570796326795),.QUASI_UNIFORM_KNOTS.);
#3171 = CARTESIAN_POINT('',(7.068583470577,-3.269322999937));
#3172 = CARTESIAN_POINT('',(7.044783526232,-3.269321426096));
#3173 = CARTESIAN_POINT('',(6.997183637541,-3.270564404709));
#3174 = CARTESIAN_POINT('',(6.925783804505,-3.276137029856));
#3175 = CARTESIAN_POINT('',(6.854383971469,-3.285394967519));
#3176 = CARTESIAN_POINT('',(6.782984138432,-3.298289553688));
#3177 = CARTESIAN_POINT('',(6.711584305396,-3.314755479131));
#3178 = CARTESIAN_POINT('',(6.64018447236,-3.334708730454));
#3179 = CARTESIAN_POINT('',(6.568784639324,-3.358047659083));
#3180 = CARTESIAN_POINT('',(6.497384806288,-3.384653327519));
#3181 = CARTESIAN_POINT('',(6.425984973252,-3.414390161428));
#3182 = CARTESIAN_POINT('',(6.354585140216,-3.447106628171));
#3183 = CARTESIAN_POINT('',(6.28318530718,-3.48263601228));
#3184 = CARTESIAN_POINT('',(6.211785474143,-3.520797264118));
#3185 = CARTESIAN_POINT('',(6.140385641107,-3.561395922706));
#3186 = CARTESIAN_POINT('',(6.068985808071,-3.60422510657));
#3187 = CARTESIAN_POINT('',(5.997585975035,-3.649066568056));
#3188 = CARTESIAN_POINT('',(5.926186141999,-3.695691805175));
#3189 = CARTESIAN_POINT('',(5.854786308963,-3.743863227077));
#3190 = CARTESIAN_POINT('',(5.783386475927,-3.793335360733));
#3191 = CARTESIAN_POINT('',(5.71198664289,-3.843856116835));
#3192 = CARTESIAN_POINT('',(5.640586809854,-3.895168018318));
#3193 = CARTESIAN_POINT('',(5.569186976818,-3.94700972164));
#3194 = CARTESIAN_POINT('',(5.521587088127,-3.981747618979));
#3195 = CARTESIAN_POINT('',(5.497787143782,-3.999116806125));
#3196 = ( GEOMETRIC_REPRESENTATION_CONTEXT(2) 
PARAMETRIC_REPRESENTATION_CONTEXT() REPRESENTATION_CONTEXT('2D SPACE',''
  ) );
#3197 = PCURVE('',#100,#3198);
#3198 = DEFINITIONAL_REPRESENTATION('',(#3199),#3203);
#3199 = ELLIPSE('',#3200,1.23798182521,1.);
#3200 = AXIS2_PLACEMENT_2D('',#3201,#3202);
#3201 = CARTESIAN_POINT('',(1.23798182521,4.));
#3202 = DIRECTION('',(-1.,-2.24200186549E-16));
#3203 = ( GEOMETRIC_REPRESENTATION_CONTEXT(2) 
PARAMETRIC_REPRESENTATION_CONTEXT() REPRESENTATION_CONTEXT('2D SPACE',''
  ) );
#3204 = ORIENTED_EDGE('',*,*,#3205,.F.);
#3205 = EDGE_CURVE('',#1113,#3160,#3206,.T.);
#3206 = SURFACE_CURVE('',#3207,(#3211,#3218),.PCURVE_S1.);
#3207 = LINE('',#3208,#3209);
#3208 = CARTESIAN_POINT('',(-29.56472650351,-87.80836392242,
    28.965260910701));
#3209 = VECTOR('',#3210,1.);
#3210 = DIRECTION('',(-8.537066937843E-15,1.,-6.310887241768E-30));
#3211 = PCURVE('',#72,#3212);
#3212 = DEFINITIONAL_REPRESENTATION('',(#3213),#3217);
#3213 = LINE('',#3214,#3215);
#3214 = CARTESIAN_POINT('',(7.068583470577,0.));
#3215 = VECTOR('',#3216,1.);
#3216 = DIRECTION('',(0.,-1.));
#3217 = ( GEOMETRIC_REPRESENTATION_CONTEXT(2) 
PARAMETRIC_REPRESENTATION_CONTEXT() REPRESENTATION_CONTEXT('2D SPACE',''
  ) );
#3218 = PCURVE('',#227,#3219);
#3219 = DEFINITIONAL_REPRESENTATION('',(#3220),#3224);
#3220 = LINE('',#3221,#3222);
#3221 = CARTESIAN_POINT('',(3.269322999937,4.));
#3222 = VECTOR('',#3223,1.);
#3223 = DIRECTION('',(-1.,0.));
#3224 = ( GEOMETRIC_REPRESENTATION_CONTEXT(2) 
PARAMETRIC_REPRESENTATION_CONTEXT() REPRESENTATION_CONTEXT('2D SPACE',''
  ) );
#3225 = ORIENTED_EDGE('',*,*,#1135,.F.);
#3226 = ADVANCED_FACE('',(#3227),#3248,.F.);
#3227 = FACE_BOUND('',#3228,.F.);
#3228 = EDGE_LOOP('',(#3229,#3310,#3333,#3379,#3402,#3448,#3471));
#3229 = ORIENTED_EDGE('',*,*,#3230,.F.);
#3230 = EDGE_CURVE('',#3231,#3233,#3235,.T.);
#3231 = VERTEX_POINT('',#3232);
#3232 = CARTESIAN_POINT('',(14.995522664836,-91.61143208571,
    27.965260910701));
#3233 = VERTEX_POINT('',#3234);
#3234 = CARTESIAN_POINT('',(16.408691177476,-93.108916741,
    28.134055653219));
#3235 = SURFACE_CURVE('',#3236,(#3247,#3281),.PCURVE_S1.);
#3236 = B_SPLINE_CURVE_WITH_KNOTS('',3,(#3237,#3238,#3239,#3240,#3241,
    #3242,#3243,#3244,#3245,#3246),.UNSPECIFIED.,.F.,.F.,(4,2,2,2,4),(
    0.235858884254,0.283934400762,0.340618834209,0.397375452349,
    0.454132070489),.UNSPECIFIED.);
#3237 = CARTESIAN_POINT('',(14.995522664836,-91.61143208571,
    27.965260910701));
#3238 = CARTESIAN_POINT('',(15.158362699753,-91.6208743477,
    27.965260910701));
#3239 = CARTESIAN_POINT('',(15.326807044322,-91.65842666303,
    27.972353695644));
#3240 = CARTESIAN_POINT('',(15.668045661176,-91.7999711465,
    28.000193282621));
#3241 = CARTESIAN_POINT('',(15.836235925389,-91.91523099801,
    28.022929545436));
#3242 = CARTESIAN_POINT('',(16.101918559264,-92.18073405474,
    28.066614023813));
#3243 = CARTESIAN_POINT('',(16.217319821847,-92.3489824051,
    28.09045164048));
#3244 = CARTESIAN_POINT('',(16.370724457796,-92.71844571396,
    28.124456818666));
#3245 = CARTESIAN_POINT('',(16.408691177476,-92.91972801386,
    28.134055653219));
#3246 = CARTESIAN_POINT('',(16.408691177476,-93.108916741,
    28.134055653219));
#3247 = PCURVE('',#3248,#3253);
#3248 = CYLINDRICAL_SURFACE('',#3249,6.);
#3249 = AXIS2_PLACEMENT_3D('',#3250,#3251,#3252);
#3250 = CARTESIAN_POINT('',(14.995522664836,-88.63685889855,
    33.965260910701));
#3251 = DIRECTION('',(0.,-1.,0.));
#3252 = DIRECTION('',(0.707106781187,0.,-0.707106781187));
#3253 = DEFINITIONAL_REPRESENTATION('',(#3254),#3280);
#3254 = B_SPLINE_CURVE_WITH_KNOTS('',3,(#3255,#3256,#3257,#3258,#3259,
    #3260,#3261,#3262,#3263,#3264,#3265,#3266,#3267,#3268,#3269,#3270,
    #3271,#3272,#3273,#3274,#3275,#3276,#3277,#3278,#3279),
  .UNSPECIFIED.,.F.,.F.,(4,1,1,1,1,1,1,1,1,1,1,1,1,1,1,1,1,1,1,1,1,1,4),
  (0.235858884254,0.245780392719,0.255701901184,0.26562340965,
    0.275544918115,0.28546642658,0.295387935045,0.305309443511,
    0.315230951976,0.325152460441,0.335073968906,0.344995477372,
    0.354916985837,0.364838494302,0.374760002767,0.384681511233,
    0.394603019698,0.404524528163,0.414446036628,0.424367545094,
    0.434289053559,0.444210562024,0.454132070489),
  .QUASI_UNIFORM_KNOTS.);
#3255 = CARTESIAN_POINT('',(5.497787143782,2.974573187168));
#3256 = CARTESIAN_POINT('',(5.503388058103,2.976521819009));
#3257 = CARTESIAN_POINT('',(5.514669688886,2.982813485893));
#3258 = CARTESIAN_POINT('',(5.531682563953,2.999397056017));
#3259 = CARTESIAN_POINT('',(5.548636923774,3.023089183512));
#3260 = CARTESIAN_POINT('',(5.565383707333,3.053853660093));
#3261 = CARTESIAN_POINT('',(5.581771975665,3.091649433525));
#3262 = CARTESIAN_POINT('',(5.597658897324,3.136458694129));
#3263 = CARTESIAN_POINT('',(5.612946289269,3.187581709456));
#3264 = CARTESIAN_POINT('',(5.62753210354,3.244347959855));
#3265 = CARTESIAN_POINT('',(5.641306521057,3.306034383829));
#3266 = CARTESIAN_POINT('',(5.654188192131,3.372098874466));
#3267 = CARTESIAN_POINT('',(5.665984550495,3.441328048365));
#3268 = CARTESIAN_POINT('',(5.677239561228,3.516941737105));
#3269 = CARTESIAN_POINT('',(5.687798255827,3.598131276585));
#3270 = CARTESIAN_POINT('',(5.697551975856,3.68434350839));
#3271 = CARTESIAN_POINT('',(5.70637788671,3.774959617742));
#3272 = CARTESIAN_POINT('',(5.714160531961,3.869367909638));
#3273 = CARTESIAN_POINT('',(5.720766751477,3.966993866329));
#3274 = CARTESIAN_POINT('',(5.726162869964,4.067009879578));
#3275 = CARTESIAN_POINT('',(5.730358881921,4.168476246231));
#3276 = CARTESIAN_POINT('',(5.733353999837,4.270480704076));
#3277 = CARTESIAN_POINT('',(5.735150179139,4.372103635596));
#3278 = CARTESIAN_POINT('',(5.735549043806,4.438986147565));
#3279 = CARTESIAN_POINT('',(5.735549047956,4.472057842449));
#3280 = ( GEOMETRIC_REPRESENTATION_CONTEXT(2) 
PARAMETRIC_REPRESENTATION_CONTEXT() REPRESENTATION_CONTEXT('2D SPACE',''
  ) );
#3281 = PCURVE('',#917,#3282);
#3282 = DEFINITIONAL_REPRESENTATION('',(#3283),#3309);
#3283 = B_SPLINE_CURVE_WITH_KNOTS('',3,(#3284,#3285,#3286,#3287,#3288,
    #3289,#3290,#3291,#3292,#3293,#3294,#3295,#3296,#3297,#3298,#3299,
    #3300,#3301,#3302,#3303,#3304,#3305,#3306,#3307,#3308),
  .UNSPECIFIED.,.F.,.F.,(4,1,1,1,1,1,1,1,1,1,1,1,1,1,1,1,1,1,1,1,1,1,4),
  (0.235858884254,0.245780392719,0.255701901184,0.26562340965,
    0.275544918115,0.28546642658,0.295387935045,0.305309443511,
    0.315230951976,0.325152460441,0.335073968906,0.344995477372,
    0.354916985837,0.364838494302,0.374760002767,0.384681511233,
    0.394603019698,0.404524528163,0.414446036628,0.424367545094,
    0.434289053559,0.444210562024,0.454132070489),
  .QUASI_UNIFORM_KNOTS.);
#3284 = CARTESIAN_POINT('',(-1.628716363958,3.));
#3285 = CARTESIAN_POINT('',(-1.651157210652,3.));
#3286 = CARTESIAN_POINT('',(-1.69645209497,3.000604206242));
#3287 = CARTESIAN_POINT('',(-1.765342459613,3.003248405832));
#3288 = CARTESIAN_POINT('',(-1.834887233155,3.007557315859));
#3289 = CARTESIAN_POINT('',(-1.904800117577,3.013452336056));
#3290 = CARTESIAN_POINT('',(-1.974810398505,3.020874999357));
#3291 = CARTESIAN_POINT('',(-2.044741249841,3.029687984034));
#3292 = CARTESIAN_POINT('',(-2.114408736428,3.039586231502));
#3293 = CARTESIAN_POINT('',(-2.183563966085,3.050302940682));
#3294 = CARTESIAN_POINT('',(-2.251885149774,3.061554007232));
#3295 = CARTESIAN_POINT('',(-2.319201415776,3.073086282362));
#3296 = CARTESIAN_POINT('',(-2.384721779809,3.084540098334));
#3297 = CARTESIAN_POINT('',(-2.451821676364,3.096259860461));
#3298 = CARTESIAN_POINT('',(-2.520011519217,3.107928249697));
#3299 = CARTESIAN_POINT('',(-2.589045088269,3.119272627632));
#3300 = CARTESIAN_POINT('',(-2.658622105212,3.130005426194));
#3301 = CARTESIAN_POINT('',(-2.728489521874,3.139854115311));
#3302 = CARTESIAN_POINT('',(-2.798448730329,3.14850094258));
#3303 = CARTESIAN_POINT('',(-2.868333116214,3.155710982372));
#3304 = CARTESIAN_POINT('',(-2.937901542338,3.161450192616));
#3305 = CARTESIAN_POINT('',(-3.006876028692,3.165638489403));
#3306 = CARTESIAN_POINT('',(-3.074955213654,3.168208129936));
#3307 = CARTESIAN_POINT('',(-3.119545940976,3.168794742518));
#3308 = CARTESIAN_POINT('',(-3.14159265359,3.168794742518));
#3309 = ( GEOMETRIC_REPRESENTATION_CONTEXT(2) 
PARAMETRIC_REPRESENTATION_CONTEXT() REPRESENTATION_CONTEXT('2D SPACE',''
  ) );
#3310 = ORIENTED_EDGE('',*,*,#3311,.F.);
#3311 = EDGE_CURVE('',#3312,#3231,#3314,.T.);
#3312 = VERTEX_POINT('',#3313);
#3313 = CARTESIAN_POINT('',(14.995522664836,-87.12891089217,
    27.965260910701));
#3314 = SURFACE_CURVE('',#3315,(#3319,#3326),.PCURVE_S1.);
#3315 = LINE('',#3316,#3317);
#3316 = CARTESIAN_POINT('',(14.995522664836,-88.63685889855,
    27.965260910701));
#3317 = VECTOR('',#3318,1.);
#3318 = DIRECTION('',(0.,-1.,0.));
#3319 = PCURVE('',#3248,#3320);
#3320 = DEFINITIONAL_REPRESENTATION('',(#3321),#3325);
#3321 = LINE('',#3322,#3323);
#3322 = CARTESIAN_POINT('',(5.497787143782,0.));
#3323 = VECTOR('',#3324,1.);
#3324 = DIRECTION('',(0.,1.));
#3325 = ( GEOMETRIC_REPRESENTATION_CONTEXT(2) 
PARAMETRIC_REPRESENTATION_CONTEXT() REPRESENTATION_CONTEXT('2D SPACE',''
  ) );
#3326 = PCURVE('',#1971,#3327);
#3327 = DEFINITIONAL_REPRESENTATION('',(#3328),#3332);
#3328 = LINE('',#3329,#3330);
#3329 = CARTESIAN_POINT('',(-14.99552266483,-3.171308203318));
#3330 = VECTOR('',#3331,1.);
#3331 = DIRECTION('',(0.,1.));
#3332 = ( GEOMETRIC_REPRESENTATION_CONTEXT(2) 
PARAMETRIC_REPRESENTATION_CONTEXT() REPRESENTATION_CONTEXT('2D SPACE',''
  ) );
#3333 = ORIENTED_EDGE('',*,*,#3334,.F.);
#3334 = EDGE_CURVE('',#3335,#3312,#3337,.T.);
#3335 = VERTEX_POINT('',#3336);
#3336 = CARTESIAN_POINT('',(20.995522664836,-85.46555069523,
    33.965260910701));
#3337 = SURFACE_CURVE('',#3338,(#3343,#3372),.PCURVE_S1.);
#3338 = ELLIPSE('',#3339,6.226296422816,6.);
#3339 = AXIS2_PLACEMENT_3D('',#3340,#3341,#3342);
#3340 = CARTESIAN_POINT('',(14.995522664836,-87.12891089217,
    33.965260910701));
#3341 = DIRECTION('',(-0.267150820325,0.963654730285,1.456967678881E-16)
  );
#3342 = DIRECTION('',(0.963654730285,0.267150820325,-3.566238897836E-16)
  );
#3343 = PCURVE('',#3248,#3344);
#3344 = DEFINITIONAL_REPRESENTATION('',(#3345),#3371);
#3345 = B_SPLINE_CURVE_WITH_KNOTS('',3,(#3346,#3347,#3348,#3349,#3350,
    #3351,#3352,#3353,#3354,#3355,#3356,#3357,#3358,#3359,#3360,#3361,
    #3362,#3363,#3364,#3365,#3366,#3367,#3368,#3369,#3370),
  .UNSPECIFIED.,.F.,.F.,(4,1,1,1,1,1,1,1,1,1,1,1,1,1,1,1,1,1,1,1,1,1,4),
  (0.,7.139983303613E-02,0.142799666072,0.214199499108,0.285599332145,
    0.356999165181,0.428398998217,0.499798831253,0.571198664289,
    0.642598497325,0.713998330361,0.785398163397,0.856797996434,
    0.92819782947,0.999597662506,1.070997495542,1.142397328578,
    1.213797161614,1.28519699465,1.356596827687,1.427996660723,
    1.499396493759,1.570796326795),.QUASI_UNIFORM_KNOTS.);
#3346 = CARTESIAN_POINT('',(7.068583470577,-3.171308203318));
#3347 = CARTESIAN_POINT('',(7.044783526232,-3.171311790446));
#3348 = CARTESIAN_POINT('',(6.997183637541,-3.168478769486));
#3349 = CARTESIAN_POINT('',(6.925783804505,-3.155777534174));
#3350 = CARTESIAN_POINT('',(6.854383971469,-3.134676663099));
#3351 = CARTESIAN_POINT('',(6.782984138433,-3.105287072221));
#3352 = CARTESIAN_POINT('',(6.711584305396,-3.067757615607));
#3353 = CARTESIAN_POINT('',(6.64018447236,-3.02227977821));
#3354 = CARTESIAN_POINT('',(6.568784639324,-2.969085239435));
#3355 = CARTESIAN_POINT('',(6.497384806288,-2.908445083937));
#3356 = CARTESIAN_POINT('',(6.425984973252,-2.840668315364));
#3357 = CARTESIAN_POINT('',(6.354585140216,-2.766100309849));
#3358 = CARTESIAN_POINT('',(6.28318530718,-2.685121048518));
#3359 = CARTESIAN_POINT('',(6.211785474143,-2.598143183217));
#3360 = CARTESIAN_POINT('',(6.140385641107,-2.505609933179));
#3361 = CARTESIAN_POINT('',(6.068985808071,-2.407992826671));
#3362 = CARTESIAN_POINT('',(5.997585975035,-2.305789297981));
#3363 = CARTESIAN_POINT('',(5.926186141999,-2.199520153273));
#3364 = CARTESIAN_POINT('',(5.854786308963,-2.089726914222));
#3365 = CARTESIAN_POINT('',(5.783386475927,-1.976969067712));
#3366 = CARTESIAN_POINT('',(5.711986642891,-1.861821180586));
#3367 = CARTESIAN_POINT('',(5.640586809854,-1.744870099566));
#3368 = CARTESIAN_POINT('',(5.569186976818,-1.626711483919));
#3369 = CARTESIAN_POINT('',(5.521587088128,-1.547536194583));
#3370 = CARTESIAN_POINT('',(5.497787143782,-1.507948006377));
#3371 = ( GEOMETRIC_REPRESENTATION_CONTEXT(2) 
PARAMETRIC_REPRESENTATION_CONTEXT() REPRESENTATION_CONTEXT('2D SPACE',''
  ) );
#3372 = PCURVE('',#602,#3373);
#3373 = DEFINITIONAL_REPRESENTATION('',(#3374),#3378);
#3374 = ELLIPSE('',#3375,6.226296422816,6.);
#3375 = AXIS2_PLACEMENT_2D('',#3376,#3377);
#3376 = CARTESIAN_POINT('',(6.467093205415,9.));
#3377 = DIRECTION('',(-1.,3.636253694905E-17));
#3378 = ( GEOMETRIC_REPRESENTATION_CONTEXT(2) 
PARAMETRIC_REPRESENTATION_CONTEXT() REPRESENTATION_CONTEXT('2D SPACE',''
  ) );
#3379 = ORIENTED_EDGE('',*,*,#3380,.F.);
#3380 = EDGE_CURVE('',#3381,#3335,#3383,.T.);
#3381 = VERTEX_POINT('',#3382);
#3382 = CARTESIAN_POINT('',(20.995522664836,-96.0497382658,
    33.965260910701));
#3383 = SURFACE_CURVE('',#3384,(#3388,#3395),.PCURVE_S1.);
#3384 = LINE('',#3385,#3386);
#3385 = CARTESIAN_POINT('',(20.995522664836,-88.63685889855,
    33.965260910701));
#3386 = VECTOR('',#3387,1.);
#3387 = DIRECTION('',(0.,1.,0.));
#3388 = PCURVE('',#3248,#3389);
#3389 = DEFINITIONAL_REPRESENTATION('',(#3390),#3394);
#3390 = LINE('',#3391,#3392);
#3391 = CARTESIAN_POINT('',(7.068583470577,0.));
#3392 = VECTOR('',#3393,1.);
#3393 = DIRECTION('',(0.,-1.));
#3394 = ( GEOMETRIC_REPRESENTATION_CONTEXT(2) 
PARAMETRIC_REPRESENTATION_CONTEXT() REPRESENTATION_CONTEXT('2D SPACE',''
  ) );
#3395 = PCURVE('',#2692,#3396);
#3396 = DEFINITIONAL_REPRESENTATION('',(#3397),#3401);
#3397 = LINE('',#3398,#3399);
#3398 = CARTESIAN_POINT('',(3.171308203318,9.));
#3399 = VECTOR('',#3400,1.);
#3400 = DIRECTION('',(-1.,0.));
#3401 = ( GEOMETRIC_REPRESENTATION_CONTEXT(2) 
PARAMETRIC_REPRESENTATION_CONTEXT() REPRESENTATION_CONTEXT('2D SPACE',''
  ) );
#3402 = ORIENTED_EDGE('',*,*,#3403,.F.);
#3403 = EDGE_CURVE('',#3404,#3381,#3406,.T.);
#3404 = VERTEX_POINT('',#3405);
#3405 = CARTESIAN_POINT('',(14.995522664836,-96.93169657949,
    27.965260910701));
#3406 = SURFACE_CURVE('',#3407,(#3412,#3441),.PCURVE_S1.);
#3407 = ELLIPSE('',#3408,6.064474459267,6.);
#3408 = AXIS2_PLACEMENT_3D('',#3409,#3410,#3411);
#3409 = CARTESIAN_POINT('',(14.995522664836,-96.93169657949,
    33.965260910701));
#3410 = DIRECTION('',(0.145430295671,-0.989368500156,-7.931371502603E-17
    ));
#3411 = DIRECTION('',(0.989368500156,0.145430295671,-3.661398962374E-16)
  );
#3412 = PCURVE('',#3248,#3413);
#3413 = DEFINITIONAL_REPRESENTATION('',(#3414),#3440);
#3414 = B_SPLINE_CURVE_WITH_KNOTS('',3,(#3415,#3416,#3417,#3418,#3419,
    #3420,#3421,#3422,#3423,#3424,#3425,#3426,#3427,#3428,#3429,#3430,
    #3431,#3432,#3433,#3434,#3435,#3436,#3437,#3438,#3439),
  .UNSPECIFIED.,.F.,.F.,(4,1,1,1,1,1,1,1,1,1,1,1,1,1,1,1,1,1,1,1,1,1,4),
  (4.712388980385,4.783788813421,4.855188646457,4.926588479493,
    4.997988312529,5.069388145565,5.140787978601,5.212187811638,
    5.283587644674,5.35498747771,5.426387310746,5.497787143782,
    5.569186976818,5.640586809854,5.711986642891,5.783386475927,
    5.854786308963,5.926186141999,5.997585975035,6.068985808071,
    6.140385641107,6.211785474143,6.28318530718),.QUASI_UNIFORM_KNOTS.);
#3415 = CARTESIAN_POINT('',(5.497787143782,8.294837680948));
#3416 = CARTESIAN_POINT('',(5.521587088128,8.273846958808));
#3417 = CARTESIAN_POINT('',(5.569186976818,8.231866090925));
#3418 = CARTESIAN_POINT('',(5.640586809854,8.169215214947));
#3419 = CARTESIAN_POINT('',(5.711986642891,8.107204606306));
#3420 = CARTESIAN_POINT('',(5.783386475927,8.046150099566));
#3421 = CARTESIAN_POINT('',(5.854786308963,7.986362856642));
#3422 = CARTESIAN_POINT('',(5.926186141999,7.928147528328));
#3423 = CARTESIAN_POINT('',(5.997585975035,7.871800769619));
#3424 = CARTESIAN_POINT('',(6.068985808071,7.817609709869));
#3425 = CARTESIAN_POINT('',(6.140385641107,7.765850494515));
#3426 = CARTESIAN_POINT('',(6.211785474143,7.716786876596));
#3427 = CARTESIAN_POINT('',(6.28318530718,7.670668873081));
#3428 = CARTESIAN_POINT('',(6.354585140216,7.627731490727));
#3429 = CARTESIAN_POINT('',(6.425984973252,7.588193528643));
#3430 = CARTESIAN_POINT('',(6.497384806288,7.55225646304));
#3431 = CARTESIAN_POINT('',(6.568784639324,7.520103421634));
#3432 = CARTESIAN_POINT('',(6.64018447236,7.491898246469));
#3433 = CARTESIAN_POINT('',(6.711584305396,7.467784673922));
#3434 = CARTESIAN_POINT('',(6.782984138433,7.447885546643));
#3435 = CARTESIAN_POINT('',(6.854383971469,7.432302395105));
#3436 = CARTESIAN_POINT('',(6.925783804505,7.421114145738));
#3437 = CARTESIAN_POINT('',(6.997183637541,7.414379609167));
#3438 = CARTESIAN_POINT('',(7.044783526232,7.412877465258));
#3439 = CARTESIAN_POINT('',(7.068583470577,7.41287936725));
#3440 = ( GEOMETRIC_REPRESENTATION_CONTEXT(2) 
PARAMETRIC_REPRESENTATION_CONTEXT() REPRESENTATION_CONTEXT('2D SPACE',''
  ) );
#3441 = PCURVE('',#770,#3442);
#3442 = DEFINITIONAL_REPRESENTATION('',(#3443),#3447);
#3443 = ELLIPSE('',#3444,6.064474459267,6.);
#3444 = AXIS2_PLACEMENT_2D('',#3445,#3446);
#3445 = CARTESIAN_POINT('',(-6.064474459267,9.));
#3446 = DIRECTION('',(1.,3.733282005739E-17));
#3447 = ( GEOMETRIC_REPRESENTATION_CONTEXT(2) 
PARAMETRIC_REPRESENTATION_CONTEXT() REPRESENTATION_CONTEXT('2D SPACE',''
  ) );
#3448 = ORIENTED_EDGE('',*,*,#3449,.F.);
#3449 = EDGE_CURVE('',#3450,#3404,#3452,.T.);
#3450 = VERTEX_POINT('',#3451);
#3451 = CARTESIAN_POINT('',(14.995522664836,-94.60640139628,
    27.965260910701));
#3452 = SURFACE_CURVE('',#3453,(#3457,#3464),.PCURVE_S1.);
#3453 = LINE('',#3454,#3455);
#3454 = CARTESIAN_POINT('',(14.995522664836,-88.63685889855,
    27.965260910701));
#3455 = VECTOR('',#3456,1.);
#3456 = DIRECTION('',(0.,-1.,0.));
#3457 = PCURVE('',#3248,#3458);
#3458 = DEFINITIONAL_REPRESENTATION('',(#3459),#3463);
#3459 = LINE('',#3460,#3461);
#3460 = CARTESIAN_POINT('',(5.497787143782,0.));
#3461 = VECTOR('',#3462,1.);
#3462 = DIRECTION('',(0.,1.));
#3463 = ( GEOMETRIC_REPRESENTATION_CONTEXT(2) 
PARAMETRIC_REPRESENTATION_CONTEXT() REPRESENTATION_CONTEXT('2D SPACE',''
  ) );
#3464 = PCURVE('',#1971,#3465);
#3465 = DEFINITIONAL_REPRESENTATION('',(#3466),#3470);
#3466 = LINE('',#3467,#3468);
#3467 = CARTESIAN_POINT('',(-14.99552266483,-3.171308203318));
#3468 = VECTOR('',#3469,1.);
#3469 = DIRECTION('',(0.,1.));
#3470 = ( GEOMETRIC_REPRESENTATION_CONTEXT(2) 
PARAMETRIC_REPRESENTATION_CONTEXT() REPRESENTATION_CONTEXT('2D SPACE',''
  ) );
#3471 = ORIENTED_EDGE('',*,*,#3472,.F.);
#3472 = EDGE_CURVE('',#3233,#3450,#3473,.T.);
#3473 = SURFACE_CURVE('',#3474,(#3485,#3514),.PCURVE_S1.);
#3474 = B_SPLINE_CURVE_WITH_KNOTS('',3,(#3475,#3476,#3477,#3478,#3479,
    #3480,#3481,#3482,#3483,#3484),.UNSPECIFIED.,.F.,.F.,(4,2,2,2,4),(
    0.454132070489,0.51088868863,0.56764530677,0.624329740217,
    0.672405256725),.UNSPECIFIED.);
#3475 = CARTESIAN_POINT('',(16.408691177476,-93.108916741,
    28.134055653219));
#3476 = CARTESIAN_POINT('',(16.408691177476,-93.29810546813,
    28.134055653219));
#3477 = CARTESIAN_POINT('',(16.370724457796,-93.49938776803,
    28.124456818666));
#3478 = CARTESIAN_POINT('',(16.217319821847,-93.8688510769,
    28.09045164048));
#3479 = CARTESIAN_POINT('',(16.101918559264,-94.03709942725,
    28.066614023813));
#3480 = CARTESIAN_POINT('',(15.836235925389,-94.30260248398,
    28.022929545436));
#3481 = CARTESIAN_POINT('',(15.668045661176,-94.41786233549,
    28.000193282621));
#3482 = CARTESIAN_POINT('',(15.326807044321,-94.55940681897,
    27.972353695644));
#3483 = CARTESIAN_POINT('',(15.158362699751,-94.59695913429,
    27.9652609107));
#3484 = CARTESIAN_POINT('',(14.995522664833,-94.60640139628,
    27.965260910701));
#3485 = PCURVE('',#3248,#3486);
#3486 = DEFINITIONAL_REPRESENTATION('',(#3487),#3513);
#3487 = B_SPLINE_CURVE_WITH_KNOTS('',3,(#3488,#3489,#3490,#3491,#3492,
    #3493,#3494,#3495,#3496,#3497,#3498,#3499,#3500,#3501,#3502,#3503,
    #3504,#3505,#3506,#3507,#3508,#3509,#3510,#3511,#3512),
  .UNSPECIFIED.,.F.,.F.,(4,1,1,1,1,1,1,1,1,1,1,1,1,1,1,1,1,1,1,1,1,1,4),
  (0.454132070489,0.464053578955,0.47397508742,0.483896595885,
    0.493818104351,0.503739612816,0.513661121281,0.523582629746,
    0.533504138212,0.543425646677,0.553347155142,0.563268663607,
    0.573190172073,0.583111680538,0.593033189003,0.602954697469,
    0.612876205934,0.622797714399,0.632719222864,0.64264073133,
    0.652562239795,0.66248374826,0.672405256725),.QUASI_UNIFORM_KNOTS.);
#3488 = CARTESIAN_POINT('',(5.735549047956,4.47205784245));
#3489 = CARTESIAN_POINT('',(5.735549043806,4.505129537334));
#3490 = CARTESIAN_POINT('',(5.735150179139,4.572012049303));
#3491 = CARTESIAN_POINT('',(5.733353999837,4.673634980823));
#3492 = CARTESIAN_POINT('',(5.730358881921,4.775639438668));
#3493 = CARTESIAN_POINT('',(5.726162869964,4.877105805321));
#3494 = CARTESIAN_POINT('',(5.720766751477,4.977121818571));
#3495 = CARTESIAN_POINT('',(5.714160531961,5.074747775262));
#3496 = CARTESIAN_POINT('',(5.70637788671,5.169156067158));
#3497 = CARTESIAN_POINT('',(5.697551975856,5.25977217651));
#3498 = CARTESIAN_POINT('',(5.687798255827,5.345984408315));
#3499 = CARTESIAN_POINT('',(5.677239561228,5.427173947795));
#3500 = CARTESIAN_POINT('',(5.665984550494,5.502787636535));
#3501 = CARTESIAN_POINT('',(5.65418819213,5.572016810434));
#3502 = CARTESIAN_POINT('',(5.641306521057,5.638081301071));
#3503 = CARTESIAN_POINT('',(5.627532103539,5.699767725046));
#3504 = CARTESIAN_POINT('',(5.612946289268,5.756533975445));
#3505 = CARTESIAN_POINT('',(5.597658897324,5.807656990771));
#3506 = CARTESIAN_POINT('',(5.581771975664,5.852466251375));
#3507 = CARTESIAN_POINT('',(5.565383707333,5.890262024807));
#3508 = CARTESIAN_POINT('',(5.548636923774,5.921026501388));
#3509 = CARTESIAN_POINT('',(5.531682563952,5.944718628882));
#3510 = CARTESIAN_POINT('',(5.514669688885,5.961302199006));
#3511 = CARTESIAN_POINT('',(5.503388058102,5.96759386589));
#3512 = CARTESIAN_POINT('',(5.497787143782,5.969542497731));
#3513 = ( GEOMETRIC_REPRESENTATION_CONTEXT(2) 
PARAMETRIC_REPRESENTATION_CONTEXT() REPRESENTATION_CONTEXT('2D SPACE',''
  ) );
#3514 = PCURVE('',#917,#3515);
#3515 = DEFINITIONAL_REPRESENTATION('',(#3516),#3542);
#3516 = B_SPLINE_CURVE_WITH_KNOTS('',3,(#3517,#3518,#3519,#3520,#3521,
    #3522,#3523,#3524,#3525,#3526,#3527,#3528,#3529,#3530,#3531,#3532,
    #3533,#3534,#3535,#3536,#3537,#3538,#3539,#3540,#3541),
  .UNSPECIFIED.,.F.,.F.,(4,1,1,1,1,1,1,1,1,1,1,1,1,1,1,1,1,1,1,1,1,1,4),
  (0.454132070489,0.464053578955,0.47397508742,0.483896595885,
    0.493818104351,0.503739612816,0.513661121281,0.523582629746,
    0.533504138212,0.543425646677,0.553347155142,0.563268663607,
    0.573190172073,0.583111680538,0.593033189003,0.602954697469,
    0.612876205934,0.622797714399,0.632719222864,0.64264073133,
    0.652562239795,0.66248374826,0.672405256725),.QUASI_UNIFORM_KNOTS.);
#3517 = CARTESIAN_POINT('',(3.14159265359,3.168794742518));
#3518 = CARTESIAN_POINT('',(3.119545940976,3.168794742518));
#3519 = CARTESIAN_POINT('',(3.074955213653,3.168208129936));
#3520 = CARTESIAN_POINT('',(3.006876028691,3.165638489403));
#3521 = CARTESIAN_POINT('',(2.937901542338,3.161450192616));
#3522 = CARTESIAN_POINT('',(2.868333116214,3.155710982372));
#3523 = CARTESIAN_POINT('',(2.798448730328,3.14850094258));
#3524 = CARTESIAN_POINT('',(2.728489521873,3.139854115311));
#3525 = CARTESIAN_POINT('',(2.658622105211,3.130005426193));
#3526 = CARTESIAN_POINT('',(2.589045088268,3.119272627631));
#3527 = CARTESIAN_POINT('',(2.520011519216,3.107928249697));
#3528 = CARTESIAN_POINT('',(2.451821676363,3.09625986046));
#3529 = CARTESIAN_POINT('',(2.384721779808,3.084540098333));
#3530 = CARTESIAN_POINT('',(2.319201415774,3.073086282362));
#3531 = CARTESIAN_POINT('',(2.251885149772,3.061554007232));
#3532 = CARTESIAN_POINT('',(2.183563966084,3.050302940682));
#3533 = CARTESIAN_POINT('',(2.114408736426,3.039586231501));
#3534 = CARTESIAN_POINT('',(2.04474124984,3.029687984034));
#3535 = CARTESIAN_POINT('',(1.974810398503,3.020874999357));
#3536 = CARTESIAN_POINT('',(1.904800117575,3.013452336056));
#3537 = CARTESIAN_POINT('',(1.834887233152,3.007557315859));
#3538 = CARTESIAN_POINT('',(1.765342459611,3.003248405832));
#3539 = CARTESIAN_POINT('',(1.696452094967,3.000604206242));
#3540 = CARTESIAN_POINT('',(1.651157210649,3.));
#3541 = CARTESIAN_POINT('',(1.628716363955,3.));
#3542 = ( GEOMETRIC_REPRESENTATION_CONTEXT(2) 
PARAMETRIC_REPRESENTATION_CONTEXT() REPRESENTATION_CONTEXT('2D SPACE',''
  ) );
#3543 = ADVANCED_FACE('',(#3544,#3834),#1971,.T.);
#3544 = FACE_BOUND('',#3545,.T.);
#3545 = EDGE_LOOP('',(#3546,#3547,#3573,#3574,#3597,#3620,#3641,#3642,
    #3665,#3693,#3721,#3744,#3767,#3790,#3813));
#3546 = ORIENTED_EDGE('',*,*,#3449,.F.);
#3547 = ORIENTED_EDGE('',*,*,#3548,.T.);
#3548 = EDGE_CURVE('',#3450,#3231,#3549,.T.);
#3549 = SURFACE_CURVE('',#3550,(#3555,#3566),.PCURVE_S1.);
#3550 = CIRCLE('',#3551,1.5);
#3551 = AXIS2_PLACEMENT_3D('',#3552,#3553,#3554);
#3552 = CARTESIAN_POINT('',(14.908691177476,-93.108916741,
    27.965260910701));
#3553 = DIRECTION('',(0.,0.,-1.));
#3554 = DIRECTION('',(-1.,0.,0.));
#3555 = PCURVE('',#1971,#3556);
#3556 = DEFINITIONAL_REPRESENTATION('',(#3557),#3565);
#3557 = ( BOUNDED_CURVE() B_SPLINE_CURVE(2,(#3558,#3559,#3560,#3561,
#3562,#3563,#3564),.UNSPECIFIED.,.T.,.F.) B_SPLINE_CURVE_WITH_KNOTS((1,2
    ,2,2,2,1),(-2.094395102393,0.,2.094395102393,4.188790204786,
6.28318530718,8.377580409573),.UNSPECIFIED.) CURVE() 
GEOMETRIC_REPRESENTATION_ITEM() RATIONAL_B_SPLINE_CURVE((1.,0.5,1.,0.5,
1.,0.5,1.)) REPRESENTATION_ITEM('') );
#3558 = CARTESIAN_POINT('',(-13.40869117747,1.300749639132));
#3559 = CARTESIAN_POINT('',(-13.40869117747,-1.297326572222));
#3560 = CARTESIAN_POINT('',(-15.65869117747,1.711533454928E-03));
#3561 = CARTESIAN_POINT('',(-17.90869117747,1.300749639132));
#3562 = CARTESIAN_POINT('',(-15.65869117747,2.599787744808));
#3563 = CARTESIAN_POINT('',(-13.40869117747,3.898825850485));
#3564 = CARTESIAN_POINT('',(-13.40869117747,1.300749639132));
#3565 = ( GEOMETRIC_REPRESENTATION_CONTEXT(2) 
PARAMETRIC_REPRESENTATION_CONTEXT() REPRESENTATION_CONTEXT('2D SPACE',''
  ) );
#3566 = PCURVE('',#917,#3567);
#3567 = DEFINITIONAL_REPRESENTATION('',(#3568),#3572);
#3568 = LINE('',#3569,#3570);
#3569 = CARTESIAN_POINT('',(6.28318530718,3.));
#3570 = VECTOR('',#3571,1.);
#3571 = DIRECTION('',(-1.,0.));
#3572 = ( GEOMETRIC_REPRESENTATION_CONTEXT(2) 
PARAMETRIC_REPRESENTATION_CONTEXT() REPRESENTATION_CONTEXT('2D SPACE',''
  ) );
#3573 = ORIENTED_EDGE('',*,*,#3311,.F.);
#3574 = ORIENTED_EDGE('',*,*,#3575,.T.);
#3575 = EDGE_CURVE('',#3312,#3576,#3578,.T.);
#3576 = VERTEX_POINT('',#3577);
#3577 = CARTESIAN_POINT('',(11.34219483062,-88.14171090981,
    27.965260910701));
#3578 = SURFACE_CURVE('',#3579,(#3583,#3590),.PCURVE_S1.);
#3579 = LINE('',#3580,#3581);
#3580 = CARTESIAN_POINT('',(10.337912443771,-88.42012480127,
    27.965260910701));
#3581 = VECTOR('',#3582,1.);
#3582 = DIRECTION('',(-0.963654730285,-0.267150820325,3.929864267327E-16
    ));
#3583 = PCURVE('',#1971,#3584);
#3584 = DEFINITIONAL_REPRESENTATION('',(#3585),#3589);
#3585 = LINE('',#3586,#3587);
#3586 = CARTESIAN_POINT('',(-10.33791244377,-3.388042300597));
#3587 = VECTOR('',#3588,1.);
#3588 = DIRECTION('',(0.963654730285,0.267150820325));
#3589 = ( GEOMETRIC_REPRESENTATION_CONTEXT(2) 
PARAMETRIC_REPRESENTATION_CONTEXT() REPRESENTATION_CONTEXT('2D SPACE',''
  ) );
#3590 = PCURVE('',#602,#3591);
#3591 = DEFINITIONAL_REPRESENTATION('',(#3592),#3596);
#3592 = LINE('',#3593,#3594);
#3593 = CARTESIAN_POINT('',(11.300370181796,3.));
#3594 = VECTOR('',#3595,1.);
#3595 = DIRECTION('',(1.,1.479114197289E-31));
#3596 = ( GEOMETRIC_REPRESENTATION_CONTEXT(2) 
PARAMETRIC_REPRESENTATION_CONTEXT() REPRESENTATION_CONTEXT('2D SPACE',''
  ) );
#3597 = ORIENTED_EDGE('',*,*,#3598,.F.);
#3598 = EDGE_CURVE('',#3599,#3576,#3601,.T.);
#3599 = VERTEX_POINT('',#3600);
#3600 = CARTESIAN_POINT('',(-1.150699905731E-15,-85.4864831136,
    27.965260910701));
#3601 = SURFACE_CURVE('',#3602,(#3606,#3613),.PCURVE_S1.);
#3602 = LINE('',#3603,#3604);
#3603 = CARTESIAN_POINT('',(5.927454209611,-86.87411058898,
    27.965260910701));
#3604 = VECTOR('',#3605,1.);
#3605 = DIRECTION('',(0.973675385333,-0.227939123443,0.));
#3606 = PCURVE('',#1971,#3607);
#3607 = DEFINITIONAL_REPRESENTATION('',(#3608),#3612);
#3608 = LINE('',#3609,#3610);
#3609 = CARTESIAN_POINT('',(-5.927454209611,-4.934056512883));
#3610 = VECTOR('',#3611,1.);
#3611 = DIRECTION('',(-0.973675385333,0.227939123443));
#3612 = ( GEOMETRIC_REPRESENTATION_CONTEXT(2) 
PARAMETRIC_REPRESENTATION_CONTEXT() REPRESENTATION_CONTEXT('2D SPACE',''
  ) );
#3613 = PCURVE('',#574,#3614);
#3614 = DEFINITIONAL_REPRESENTATION('',(#3615),#3619);
#3615 = LINE('',#3616,#3617);
#3616 = CARTESIAN_POINT('',(4.646751745021,3.));
#3617 = VECTOR('',#3618,1.);
#3618 = DIRECTION('',(-1.,0.));
#3619 = ( GEOMETRIC_REPRESENTATION_CONTEXT(2) 
PARAMETRIC_REPRESENTATION_CONTEXT() REPRESENTATION_CONTEXT('2D SPACE',''
  ) );
#3620 = ORIENTED_EDGE('',*,*,#3621,.F.);
#3621 = EDGE_CURVE('',#1956,#3599,#3622,.T.);
#3622 = SURFACE_CURVE('',#3623,(#3627,#3634),.PCURVE_S1.);
#3623 = LINE('',#3624,#3625);
#3624 = CARTESIAN_POINT('',(-0.758497987726,-85.6640488291,
    27.965260910701));
#3625 = VECTOR('',#3626,1.);
#3626 = DIRECTION('',(0.973675385333,0.227939123443,0.));
#3627 = PCURVE('',#1971,#3628);
#3628 = DEFINITIONAL_REPRESENTATION('',(#3629),#3633);
#3629 = LINE('',#3630,#3631);
#3630 = CARTESIAN_POINT('',(0.758497987726,-6.144118272769));
#3631 = VECTOR('',#3632,1.);
#3632 = DIRECTION('',(-0.973675385333,-0.227939123443));
#3633 = ( GEOMETRIC_REPRESENTATION_CONTEXT(2) 
PARAMETRIC_REPRESENTATION_CONTEXT() REPRESENTATION_CONTEXT('2D SPACE',''
  ) );
#3634 = PCURVE('',#546,#3635);
#3635 = DEFINITIONAL_REPRESENTATION('',(#3636),#3640);
#3636 = LINE('',#3637,#3638);
#3637 = CARTESIAN_POINT('',(0.661954112955,3.));
#3638 = VECTOR('',#3639,1.);
#3639 = DIRECTION('',(-1.,0.));
#3640 = ( GEOMETRIC_REPRESENTATION_CONTEXT(2) 
PARAMETRIC_REPRESENTATION_CONTEXT() REPRESENTATION_CONTEXT('2D SPACE',''
  ) );
#3641 = ORIENTED_EDGE('',*,*,#1955,.T.);
#3642 = ORIENTED_EDGE('',*,*,#3643,.F.);
#3643 = EDGE_CURVE('',#3644,#1905,#3646,.T.);
#3644 = VERTEX_POINT('',#3645);
#3645 = CARTESIAN_POINT('',(-14.99552266483,-91.6716163819,27.9652609107
    ));
#3646 = SURFACE_CURVE('',#3647,(#3651,#3658),.PCURVE_S1.);
#3647 = LINE('',#3648,#3649);
#3648 = CARTESIAN_POINT('',(-14.99552266483,-93.92895268383,
    27.965260910701));
#3649 = VECTOR('',#3650,1.);
#3650 = DIRECTION('',(2.974788161694E-31,1.,0.));
#3651 = PCURVE('',#1971,#3652);
#3652 = DEFINITIONAL_REPRESENTATION('',(#3653),#3657);
#3653 = LINE('',#3654,#3655);
#3654 = CARTESIAN_POINT('',(14.995522664837,2.120785581966));
#3655 = VECTOR('',#3656,1.);
#3656 = DIRECTION('',(-2.974788161694E-31,-1.));
#3657 = ( GEOMETRIC_REPRESENTATION_CONTEXT(2) 
PARAMETRIC_REPRESENTATION_CONTEXT() REPRESENTATION_CONTEXT('2D SPACE',''
  ) );
#3658 = PCURVE('',#1921,#3659);
#3659 = DEFINITIONAL_REPRESENTATION('',(#3660),#3664);
#3660 = LINE('',#3661,#3662);
#3661 = CARTESIAN_POINT('',(5.497787143782,0.));
#3662 = VECTOR('',#3663,1.);
#3663 = DIRECTION('',(0.,1.));
#3664 = ( GEOMETRIC_REPRESENTATION_CONTEXT(2) 
PARAMETRIC_REPRESENTATION_CONTEXT() REPRESENTATION_CONTEXT('2D SPACE',''
  ) );
#3665 = ORIENTED_EDGE('',*,*,#3666,.T.);
#3666 = EDGE_CURVE('',#3644,#3667,#3669,.T.);
#3667 = VERTEX_POINT('',#3668);
#3668 = CARTESIAN_POINT('',(-13.06637504719,-93.108916741,
    27.965260910701));
#3669 = SURFACE_CURVE('',#3670,(#3675,#3686),.PCURVE_S1.);
#3670 = CIRCLE('',#3671,1.5);
#3671 = AXIS2_PLACEMENT_3D('',#3672,#3673,#3674);
#3672 = CARTESIAN_POINT('',(-14.56637504719,-93.108916741,
    27.965260910701));
#3673 = DIRECTION('',(4.930380657631E-32,-6.604300488459E-15,-1.));
#3674 = DIRECTION('',(-1.,-3.256171538548E-46,-4.930380657631E-32));
#3675 = PCURVE('',#1971,#3676);
#3676 = DEFINITIONAL_REPRESENTATION('',(#3677),#3685);
#3677 = ( BOUNDED_CURVE() B_SPLINE_CURVE(2,(#3678,#3679,#3680,#3681,
#3682,#3683,#3684),.UNSPECIFIED.,.T.,.F.) B_SPLINE_CURVE_WITH_KNOTS((1,2
    ,2,2,2,1),(-2.094395102393,0.,2.094395102393,4.188790204786,
6.28318530718,8.377580409573),.UNSPECIFIED.) CURVE() 
GEOMETRIC_REPRESENTATION_ITEM() RATIONAL_B_SPLINE_CURVE((1.,0.5,1.,0.5,
1.,0.5,1.)) REPRESENTATION_ITEM('') );
#3678 = CARTESIAN_POINT('',(16.066375047192,1.300749639132));
#3679 = CARTESIAN_POINT('',(16.066375047192,-1.297326572222));
#3680 = CARTESIAN_POINT('',(13.816375047192,1.711533454946E-03));
#3681 = CARTESIAN_POINT('',(11.566375047192,1.300749639132));
#3682 = CARTESIAN_POINT('',(13.816375047192,2.599787744808));
#3683 = CARTESIAN_POINT('',(16.066375047192,3.898825850485));
#3684 = CARTESIAN_POINT('',(16.066375047192,1.300749639132));
#3685 = ( GEOMETRIC_REPRESENTATION_CONTEXT(2) 
PARAMETRIC_REPRESENTATION_CONTEXT() REPRESENTATION_CONTEXT('2D SPACE',''
  ) );
#3686 = PCURVE('',#1017,#3687);
#3687 = DEFINITIONAL_REPRESENTATION('',(#3688),#3692);
#3688 = LINE('',#3689,#3690);
#3689 = CARTESIAN_POINT('',(-2.22044604925E-16,3.));
#3690 = VECTOR('',#3691,1.);
#3691 = DIRECTION('',(-1.,5.727261565448E-15));
#3692 = ( GEOMETRIC_REPRESENTATION_CONTEXT(2) 
PARAMETRIC_REPRESENTATION_CONTEXT() REPRESENTATION_CONTEXT('2D SPACE',''
  ) );
#3693 = ORIENTED_EDGE('',*,*,#3694,.T.);
#3694 = EDGE_CURVE('',#3667,#3695,#3697,.T.);
#3695 = VERTEX_POINT('',#3696);
#3696 = CARTESIAN_POINT('',(-14.99552266483,-94.5462171001,
    27.965260910701));
#3697 = SURFACE_CURVE('',#3698,(#3703,#3714),.PCURVE_S1.);
#3698 = CIRCLE('',#3699,1.5);
#3699 = AXIS2_PLACEMENT_3D('',#3700,#3701,#3702);
#3700 = CARTESIAN_POINT('',(-14.56637504719,-93.108916741,
    27.965260910701));
#3701 = DIRECTION('',(4.930380657631E-32,-6.604300488459E-15,-1.));
#3702 = DIRECTION('',(-1.,-3.256171538548E-46,-4.930380657631E-32));
#3703 = PCURVE('',#1971,#3704);
#3704 = DEFINITIONAL_REPRESENTATION('',(#3705),#3713);
#3705 = ( BOUNDED_CURVE() B_SPLINE_CURVE(2,(#3706,#3707,#3708,#3709,
#3710,#3711,#3712),.UNSPECIFIED.,.T.,.F.) B_SPLINE_CURVE_WITH_KNOTS((1,2
    ,2,2,2,1),(-2.094395102393,0.,2.094395102393,4.188790204786,
6.28318530718,8.377580409573),.UNSPECIFIED.) CURVE() 
GEOMETRIC_REPRESENTATION_ITEM() RATIONAL_B_SPLINE_CURVE((1.,0.5,1.,0.5,
1.,0.5,1.)) REPRESENTATION_ITEM('') );
#3706 = CARTESIAN_POINT('',(16.066375047192,1.300749639132));
#3707 = CARTESIAN_POINT('',(16.066375047192,-1.297326572222));
#3708 = CARTESIAN_POINT('',(13.816375047192,1.711533454946E-03));
#3709 = CARTESIAN_POINT('',(11.566375047192,1.300749639132));
#3710 = CARTESIAN_POINT('',(13.816375047192,2.599787744808));
#3711 = CARTESIAN_POINT('',(16.066375047192,3.898825850485));
#3712 = CARTESIAN_POINT('',(16.066375047192,1.300749639132));
#3713 = ( GEOMETRIC_REPRESENTATION_CONTEXT(2) 
PARAMETRIC_REPRESENTATION_CONTEXT() REPRESENTATION_CONTEXT('2D SPACE',''
  ) );
#3714 = PCURVE('',#1017,#3715);
#3715 = DEFINITIONAL_REPRESENTATION('',(#3716),#3720);
#3716 = LINE('',#3717,#3718);
#3717 = CARTESIAN_POINT('',(6.28318530718,3.));
#3718 = VECTOR('',#3719,1.);
#3719 = DIRECTION('',(-1.,5.727261565448E-15));
#3720 = ( GEOMETRIC_REPRESENTATION_CONTEXT(2) 
PARAMETRIC_REPRESENTATION_CONTEXT() REPRESENTATION_CONTEXT('2D SPACE',''
  ) );
#3721 = ORIENTED_EDGE('',*,*,#3722,.F.);
#3722 = EDGE_CURVE('',#3723,#3695,#3725,.T.);
#3723 = VERTEX_POINT('',#3724);
#3724 = CARTESIAN_POINT('',(-14.99552266483,-96.93169657949,
    27.965260910701));
#3725 = SURFACE_CURVE('',#3726,(#3730,#3737),.PCURVE_S1.);
#3726 = LINE('',#3727,#3728);
#3727 = CARTESIAN_POINT('',(-14.99552266483,-93.92895268383,
    27.965260910701));
#3728 = VECTOR('',#3729,1.);
#3729 = DIRECTION('',(2.974788161694E-31,1.,0.));
#3730 = PCURVE('',#1971,#3731);
#3731 = DEFINITIONAL_REPRESENTATION('',(#3732),#3736);
#3732 = LINE('',#3733,#3734);
#3733 = CARTESIAN_POINT('',(14.995522664837,2.120785581966));
#3734 = VECTOR('',#3735,1.);
#3735 = DIRECTION('',(-2.974788161694E-31,-1.));
#3736 = ( GEOMETRIC_REPRESENTATION_CONTEXT(2) 
PARAMETRIC_REPRESENTATION_CONTEXT() REPRESENTATION_CONTEXT('2D SPACE',''
  ) );
#3737 = PCURVE('',#1921,#3738);
#3738 = DEFINITIONAL_REPRESENTATION('',(#3739),#3743);
#3739 = LINE('',#3740,#3741);
#3740 = CARTESIAN_POINT('',(5.497787143782,0.));
#3741 = VECTOR('',#3742,1.);
#3742 = DIRECTION('',(0.,1.));
#3743 = ( GEOMETRIC_REPRESENTATION_CONTEXT(2) 
PARAMETRIC_REPRESENTATION_CONTEXT() REPRESENTATION_CONTEXT('2D SPACE',''
  ) );
#3744 = ORIENTED_EDGE('',*,*,#3745,.T.);
#3745 = EDGE_CURVE('',#3723,#3746,#3748,.T.);
#3746 = VERTEX_POINT('',#3747);
#3747 = CARTESIAN_POINT('',(-10.33791244377,-97.61633292223,
    27.965260910701));
#3748 = SURFACE_CURVE('',#3749,(#3753,#3760),.PCURVE_S1.);
#3749 = LINE('',#3750,#3751);
#3750 = CARTESIAN_POINT('',(-21.22756762342,-96.01562926907,
    27.965260910701));
#3751 = VECTOR('',#3752,1.);
#3752 = DIRECTION('',(0.989368500156,-0.145430295671,4.034727162948E-16)
  );
#3753 = PCURVE('',#1971,#3754);
#3754 = DEFINITIONAL_REPRESENTATION('',(#3755),#3759);
#3755 = LINE('',#3756,#3757);
#3756 = CARTESIAN_POINT('',(21.227567623425,4.207462167202));
#3757 = VECTOR('',#3758,1.);
#3758 = DIRECTION('',(-0.989368500156,0.145430295671));
#3759 = ( GEOMETRIC_REPRESENTATION_CONTEXT(2) 
PARAMETRIC_REPRESENTATION_CONTEXT() REPRESENTATION_CONTEXT('2D SPACE',''
  ) );
#3760 = PCURVE('',#278,#3761);
#3761 = DEFINITIONAL_REPRESENTATION('',(#3762),#3766);
#3762 = LINE('',#3763,#3764);
#3763 = CARTESIAN_POINT('',(1.210418148884E-15,3.));
#3764 = VECTOR('',#3765,1.);
#3765 = DIRECTION('',(1.,0.));
#3766 = ( GEOMETRIC_REPRESENTATION_CONTEXT(2) 
PARAMETRIC_REPRESENTATION_CONTEXT() REPRESENTATION_CONTEXT('2D SPACE',''
  ) );
#3767 = ORIENTED_EDGE('',*,*,#3768,.T.);
#3768 = EDGE_CURVE('',#3746,#3769,#3771,.T.);
#3769 = VERTEX_POINT('',#3770);
#3770 = CARTESIAN_POINT('',(0.,-95.19620940246,27.965260910701));
#3771 = SURFACE_CURVE('',#3772,(#3776,#3783),.PCURVE_S1.);
#3772 = LINE('',#3773,#3774);
#3773 = CARTESIAN_POINT('',(-10.33791244377,-97.61633292223,
    27.965260910701));
#3774 = VECTOR('',#3775,1.);
#3775 = DIRECTION('',(0.973675385333,0.227939123443,0.));
#3776 = PCURVE('',#1971,#3777);
#3777 = DEFINITIONAL_REPRESENTATION('',(#3778),#3782);
#3778 = LINE('',#3779,#3780);
#3779 = CARTESIAN_POINT('',(10.337912443771,5.808165820369));
#3780 = VECTOR('',#3781,1.);
#3781 = DIRECTION('',(-0.973675385333,-0.227939123443));
#3782 = ( GEOMETRIC_REPRESENTATION_CONTEXT(2) 
PARAMETRIC_REPRESENTATION_CONTEXT() REPRESENTATION_CONTEXT('2D SPACE',''
  ) );
#3783 = PCURVE('',#826,#3784);
#3784 = DEFINITIONAL_REPRESENTATION('',(#3785),#3789);
#3785 = LINE('',#3786,#3787);
#3786 = CARTESIAN_POINT('',(0.,3.));
#3787 = VECTOR('',#3788,1.);
#3788 = DIRECTION('',(1.,0.));
#3789 = ( GEOMETRIC_REPRESENTATION_CONTEXT(2) 
PARAMETRIC_REPRESENTATION_CONTEXT() REPRESENTATION_CONTEXT('2D SPACE',''
  ) );
#3790 = ORIENTED_EDGE('',*,*,#3791,.T.);
#3791 = EDGE_CURVE('',#3769,#3792,#3794,.T.);
#3792 = VERTEX_POINT('',#3793);
#3793 = CARTESIAN_POINT('',(10.337912443771,-97.61633292223,
    27.965260910701));
#3794 = SURFACE_CURVE('',#3795,(#3799,#3806),.PCURVE_S1.);
#3795 = LINE('',#3796,#3797);
#3796 = CARTESIAN_POINT('',(0.,-95.19620940246,27.965260910701));
#3797 = VECTOR('',#3798,1.);
#3798 = DIRECTION('',(0.973675385333,-0.227939123443,0.));
#3799 = PCURVE('',#1971,#3800);
#3800 = DEFINITIONAL_REPRESENTATION('',(#3801),#3805);
#3801 = LINE('',#3802,#3803);
#3802 = CARTESIAN_POINT('',(8.881784197001E-15,3.388042300597));
#3803 = VECTOR('',#3804,1.);
#3804 = DIRECTION('',(-0.973675385333,0.227939123443));
#3805 = ( GEOMETRIC_REPRESENTATION_CONTEXT(2) 
PARAMETRIC_REPRESENTATION_CONTEXT() REPRESENTATION_CONTEXT('2D SPACE',''
  ) );
#3806 = PCURVE('',#798,#3807);
#3807 = DEFINITIONAL_REPRESENTATION('',(#3808),#3812);
#3808 = LINE('',#3809,#3810);
#3809 = CARTESIAN_POINT('',(0.,3.));
#3810 = VECTOR('',#3811,1.);
#3811 = DIRECTION('',(1.,0.));
#3812 = ( GEOMETRIC_REPRESENTATION_CONTEXT(2) 
PARAMETRIC_REPRESENTATION_CONTEXT() REPRESENTATION_CONTEXT('2D SPACE',''
  ) );
#3813 = ORIENTED_EDGE('',*,*,#3814,.T.);
#3814 = EDGE_CURVE('',#3792,#3404,#3815,.T.);
#3815 = SURFACE_CURVE('',#3816,(#3820,#3827),.PCURVE_S1.);
#3816 = LINE('',#3817,#3818);
#3817 = CARTESIAN_POINT('',(21.227567623425,-96.01562926907,
    27.965260910701));
#3818 = VECTOR('',#3819,1.);
#3819 = DIRECTION('',(0.989368500156,0.145430295671,-4.034727162948E-16)
  );
#3820 = PCURVE('',#1971,#3821);
#3821 = DEFINITIONAL_REPRESENTATION('',(#3822),#3826);
#3822 = LINE('',#3823,#3824);
#3823 = CARTESIAN_POINT('',(-21.22756762342,4.207462167202));
#3824 = VECTOR('',#3825,1.);
#3825 = DIRECTION('',(-0.989368500156,-0.145430295671));
#3826 = ( GEOMETRIC_REPRESENTATION_CONTEXT(2) 
PARAMETRIC_REPRESENTATION_CONTEXT() REPRESENTATION_CONTEXT('2D SPACE',''
  ) );
#3827 = PCURVE('',#770,#3828);
#3828 = DEFINITIONAL_REPRESENTATION('',(#3829),#3833);
#3829 = LINE('',#3830,#3831);
#3830 = CARTESIAN_POINT('',(0.234538454127,3.));
#3831 = VECTOR('',#3832,1.);
#3832 = DIRECTION('',(1.,-1.479114197289E-31));
#3833 = ( GEOMETRIC_REPRESENTATION_CONTEXT(2) 
PARAMETRIC_REPRESENTATION_CONTEXT() REPRESENTATION_CONTEXT('2D SPACE',''
  ) );
#3834 = FACE_BOUND('',#3835,.T.);
#3835 = EDGE_LOOP('',(#3836));
#3836 = ORIENTED_EDGE('',*,*,#3837,.T.);
#3837 = EDGE_CURVE('',#3838,#3838,#3840,.T.);
#3838 = VERTEX_POINT('',#3839);
#3839 = CARTESIAN_POINT('',(1.671158065142,-90.5945819656,
    27.965260910701));
#3840 = SURFACE_CURVE('',#3841,(#3846,#3857),.PCURVE_S1.);
#3841 = CIRCLE('',#3842,1.5);
#3842 = AXIS2_PLACEMENT_3D('',#3843,#3844,#3845);
#3843 = CARTESIAN_POINT('',(0.171158065142,-90.5945819656,
    27.965260910701));
#3844 = DIRECTION('',(0.,0.,-1.));
#3845 = DIRECTION('',(-1.,0.,0.));
#3846 = PCURVE('',#1971,#3847);
#3847 = DEFINITIONAL_REPRESENTATION('',(#3848),#3856);
#3848 = ( BOUNDED_CURVE() B_SPLINE_CURVE(2,(#3849,#3850,#3851,#3852,
#3853,#3854,#3855),.UNSPECIFIED.,.T.,.F.) B_SPLINE_CURVE_WITH_KNOTS((1,2
    ,2,2,2,1),(-2.094395102393,0.,2.094395102393,4.188790204786,
6.28318530718,8.377580409573),.UNSPECIFIED.) CURVE() 
GEOMETRIC_REPRESENTATION_ITEM() RATIONAL_B_SPLINE_CURVE((1.,0.5,1.,0.5,
1.,0.5,1.)) REPRESENTATION_ITEM('') );
#3849 = CARTESIAN_POINT('',(1.328841934858,-1.213585136266));
#3850 = CARTESIAN_POINT('',(1.328841934858,-3.811661347619));
#3851 = CARTESIAN_POINT('',(-0.921158065142,-2.512623241943));
#3852 = CARTESIAN_POINT('',(-3.171158065142,-1.213585136266));
#3853 = CARTESIAN_POINT('',(-0.921158065142,8.545296941055E-02));
#3854 = CARTESIAN_POINT('',(1.328841934858,1.384491075087));
#3855 = CARTESIAN_POINT('',(1.328841934858,-1.213585136266));
#3856 = ( GEOMETRIC_REPRESENTATION_CONTEXT(2) 
PARAMETRIC_REPRESENTATION_CONTEXT() REPRESENTATION_CONTEXT('2D SPACE',''
  ) );
#3857 = PCURVE('',#882,#3858);
#3858 = DEFINITIONAL_REPRESENTATION('',(#3859),#3863);
#3859 = LINE('',#3860,#3861);
#3860 = CARTESIAN_POINT('',(6.28318530718,3.));
#3861 = VECTOR('',#3862,1.);
#3862 = DIRECTION('',(-1.,0.));
#3863 = ( GEOMETRIC_REPRESENTATION_CONTEXT(2) 
PARAMETRIC_REPRESENTATION_CONTEXT() REPRESENTATION_CONTEXT('2D SPACE',''
  ) );
#3864 = ADVANCED_FACE('',(#3865),#1921,.F.);
#3865 = FACE_BOUND('',#3866,.F.);
#3866 = EDGE_LOOP('',(#3867,#3868,#3912,#3913,#3914,#3915));
#3867 = ORIENTED_EDGE('',*,*,#3722,.F.);
#3868 = ORIENTED_EDGE('',*,*,#3869,.F.);
#3869 = EDGE_CURVE('',#2132,#3723,#3870,.T.);
#3870 = SURFACE_CURVE('',#3871,(#3876,#3905),.PCURVE_S1.);
#3871 = ELLIPSE('',#3872,6.064474459267,6.);
#3872 = AXIS2_PLACEMENT_3D('',#3873,#3874,#3875);
#3873 = CARTESIAN_POINT('',(-14.99552266483,-96.93169657949,
    33.965260910701));
#3874 = DIRECTION('',(-0.145430295671,-0.989368500156,7.931371502603E-17
    ));
#3875 = DIRECTION('',(-0.989368500156,0.145430295671,3.661398962374E-16)
  );
#3876 = PCURVE('',#1921,#3877);
#3877 = DEFINITIONAL_REPRESENTATION('',(#3878),#3904);
#3878 = B_SPLINE_CURVE_WITH_KNOTS('',3,(#3879,#3880,#3881,#3882,#3883,
    #3884,#3885,#3886,#3887,#3888,#3889,#3890,#3891,#3892,#3893,#3894,
    #3895,#3896,#3897,#3898,#3899,#3900,#3901,#3902,#3903),
  .UNSPECIFIED.,.F.,.F.,(4,1,1,1,1,1,1,1,1,1,1,1,1,1,1,1,1,1,1,1,1,1,4),
  (0.,7.139983303613E-02,0.142799666072,0.214199499108,0.285599332145,
    0.356999165181,0.428398998217,0.499798831253,0.571198664289,
    0.642598497325,0.713998330361,0.785398163397,0.856797996434,
    0.92819782947,0.999597662506,1.070997495542,1.142397328578,
    1.213797161614,1.28519699465,1.356596827687,1.427996660723,
    1.499396493759,1.570796326795),.QUASI_UNIFORM_KNOTS.);
#3879 = CARTESIAN_POINT('',(7.068583470577,-2.120785581966));
#3880 = CARTESIAN_POINT('',(7.044783526232,-2.120783679974));
#3881 = CARTESIAN_POINT('',(6.997183637541,-2.122285823883));
#3882 = CARTESIAN_POINT('',(6.925783804505,-2.129020360455));
#3883 = CARTESIAN_POINT('',(6.854383971469,-2.140208609821));
#3884 = CARTESIAN_POINT('',(6.782984138433,-2.15579176136));
#3885 = CARTESIAN_POINT('',(6.711584305396,-2.175690888639));
#3886 = CARTESIAN_POINT('',(6.64018447236,-2.199804461186));
#3887 = CARTESIAN_POINT('',(6.568784639324,-2.22800963635));
#3888 = CARTESIAN_POINT('',(6.497384806288,-2.260162677756));
#3889 = CARTESIAN_POINT('',(6.425984973252,-2.296099743359));
#3890 = CARTESIAN_POINT('',(6.354585140216,-2.335637705444));
#3891 = CARTESIAN_POINT('',(6.28318530718,-2.378575087797));
#3892 = CARTESIAN_POINT('',(6.211785474143,-2.424693091313));
#3893 = CARTESIAN_POINT('',(6.140385641107,-2.473756709232));
#3894 = CARTESIAN_POINT('',(6.068985808071,-2.525515924585));
#3895 = CARTESIAN_POINT('',(5.997585975035,-2.579706984335));
#3896 = CARTESIAN_POINT('',(5.926186141999,-2.636053743045));
#3897 = CARTESIAN_POINT('',(5.854786308963,-2.694269071359));
#3898 = CARTESIAN_POINT('',(5.783386475927,-2.754056314282));
#3899 = CARTESIAN_POINT('',(5.711986642891,-2.815110821022));
#3900 = CARTESIAN_POINT('',(5.640586809854,-2.877121429664));
#3901 = CARTESIAN_POINT('',(5.569186976818,-2.939772305641));
#3902 = CARTESIAN_POINT('',(5.521587088128,-2.981753173524));
#3903 = CARTESIAN_POINT('',(5.497787143782,-3.002743895664));
#3904 = ( GEOMETRIC_REPRESENTATION_CONTEXT(2) 
PARAMETRIC_REPRESENTATION_CONTEXT() REPRESENTATION_CONTEXT('2D SPACE',''
  ) );
#3905 = PCURVE('',#278,#3906);
#3906 = DEFINITIONAL_REPRESENTATION('',(#3907),#3911);
#3907 = ELLIPSE('',#3908,6.064474459267,6.);
#3908 = AXIS2_PLACEMENT_2D('',#3909,#3910);
#3909 = CARTESIAN_POINT('',(6.299012913394,9.));
#3910 = DIRECTION('',(-1.,7.696126125322E-16));
#3911 = ( GEOMETRIC_REPRESENTATION_CONTEXT(2) 
PARAMETRIC_REPRESENTATION_CONTEXT() REPRESENTATION_CONTEXT('2D SPACE',''
  ) );
#3912 = ORIENTED_EDGE('',*,*,#2154,.F.);
#3913 = ORIENTED_EDGE('',*,*,#1904,.F.);
#3914 = ORIENTED_EDGE('',*,*,#3643,.F.);
#3915 = ORIENTED_EDGE('',*,*,#3916,.F.);
#3916 = EDGE_CURVE('',#3695,#3644,#3917,.T.);
#3917 = SURFACE_CURVE('',#3918,(#3937,#3988),.PCURVE_S1.);
#3918 = B_SPLINE_CURVE_WITH_KNOTS('',3,(#3919,#3920,#3921,#3922,#3923,
    #3924,#3925,#3926,#3927,#3928,#3929,#3930,#3931,#3932,#3933,#3934,
    #3935,#3936),.UNSPECIFIED.,.F.,.F.,(4,2,2,2,2,2,2,2,4),(
    0.270367344223,0.284803615455,0.341318462658,0.398030608045,
    0.454742753433,0.51145489882,0.568167044208,0.62468189141,
    0.639118162642),.UNSPECIFIED.);
#3919 = CARTESIAN_POINT('',(-14.99552266483,-94.5462171001,
    27.965260910701));
#3920 = CARTESIAN_POINT('',(-15.04426863331,-94.5316625805,
    27.965260910701));
#3921 = CARTESIAN_POINT('',(-15.0924377549,-94.5145702686,
    27.965858247759));
#3922 = CARTESIAN_POINT('',(-15.32419271968,-94.4187324205,
    27.971424666834));
#3923 = CARTESIAN_POINT('',(-15.49269471884,-94.30358097772,
    27.984399173647));
#3924 = CARTESIAN_POINT('',(-15.75916545988,-94.03778090779,
    28.01254203947));
#3925 = CARTESIAN_POINT('',(-15.87485250968,-93.8691737804,
    28.029535837727));
#3926 = CARTESIAN_POINT('',(-16.02846836732,-93.49928454856,
    28.054332353596));
#3927 = CARTESIAN_POINT('',(-16.06637504719,-93.29795722562,
    28.061594662071));
#3928 = CARTESIAN_POINT('',(-16.06637504719,-92.91987625637,
    28.061594662071));
#3929 = CARTESIAN_POINT('',(-16.02846836732,-92.71854893344,
    28.054332353596));
#3930 = CARTESIAN_POINT('',(-15.87485250968,-92.34865970159,
    28.029535837727));
#3931 = CARTESIAN_POINT('',(-15.75916545988,-92.18005257421,
    28.01254203947));
#3932 = CARTESIAN_POINT('',(-15.49269471884,-91.91425250427,
    27.984399173647));
#3933 = CARTESIAN_POINT('',(-15.32419271968,-91.79910106149,
    27.971424666834));
#3934 = CARTESIAN_POINT('',(-15.0924377549,-91.70326321339,
    27.965858247759));
#3935 = CARTESIAN_POINT('',(-15.04426863331,-91.68617090149,
    27.965260910701));
#3936 = CARTESIAN_POINT('',(-14.99552266483,-91.6716163819,
    27.965260910701));
#3937 = PCURVE('',#1921,#3938);
#3938 = DEFINITIONAL_REPRESENTATION('',(#3939),#3987);
#3939 = B_SPLINE_CURVE_WITH_KNOTS('',3,(#3940,#3941,#3942,#3943,#3944,
    #3945,#3946,#3947,#3948,#3949,#3950,#3951,#3952,#3953,#3954,#3955,
    #3956,#3957,#3958,#3959,#3960,#3961,#3962,#3963,#3964,#3965,#3966,
    #3967,#3968,#3969,#3970,#3971,#3972,#3973,#3974,#3975,#3976,#3977,
    #3978,#3979,#3980,#3981,#3982,#3983,#3984,#3985,#3986),
  .UNSPECIFIED.,.F.,.F.,(4,1,1,1,1,1,1,1,1,1,1,1,1,1,1,1,1,1,1,1,1,1,1,1
    ,1,1,1,1,1,1,1,1,1,1,1,1,1,1,1,1,1,1,1,1,4),(0.270367344223,
    0.278748044642,0.287128745061,0.295509445479,0.303890145898,
    0.312270846316,0.320651546735,0.329032247154,0.337412947572,
    0.345793647991,0.354174348409,0.362555048828,0.370935749247,
    0.379316449665,0.387697150084,0.396077850503,0.404458550921,
    0.41283925134,0.421219951758,0.429600652177,0.437981352596,
    0.446362053014,0.454742753433,0.463123453851,0.47150415427,
    0.479884854689,0.488265555107,0.496646255526,0.505026955944,
    0.513407656363,0.521788356782,0.5301690572,0.538549757619,
    0.546930458037,0.555311158456,0.563691858875,0.572072559293,
    0.580453259712,0.58883396013,0.597214660549,0.605595360968,
    0.613976061386,0.622356761805,0.630737462223,0.639118162642),
  .QUASI_UNIFORM_KNOTS.);
#3940 = CARTESIAN_POINT('',(5.497787143782,-0.617264416266));
#3941 = CARTESIAN_POINT('',(5.502503507191,-0.608806734751));
#3942 = CARTESIAN_POINT('',(5.51187145775,-0.590203870951));
#3943 = CARTESIAN_POINT('',(5.525647052162,-0.557332437405));
#3944 = CARTESIAN_POINT('',(5.539055837819,-0.519466292045));
#3945 = CARTESIAN_POINT('',(5.552036998742,-0.477008145418));
#3946 = CARTESIAN_POINT('',(5.564527926754,-0.430379429802));
#3947 = CARTESIAN_POINT('',(5.576466492764,-0.379991843891));
#3948 = CARTESIAN_POINT('',(5.587786951615,-0.326277298981));
#3949 = CARTESIAN_POINT('',(5.598434685124,-0.269596589544));
#3950 = CARTESIAN_POINT('',(5.608311838772,-0.210574764743));
#3951 = CARTESIAN_POINT('',(5.617817009903,-0.146844825961));
#3952 = CARTESIAN_POINT('',(5.626824303275,-7.910416861961E-02));
#3953 = CARTESIAN_POINT('',(5.635278897361,-7.635692576722E-03));
#3954 = CARTESIAN_POINT('',(5.64310673156,6.716622392212E-02));
#3955 = CARTESIAN_POINT('',(5.650237989218,0.144938620621));
#3956 = CARTESIAN_POINT('',(5.656603786344,0.225304343692));
#3957 = CARTESIAN_POINT('',(5.662126154527,0.307911595606));
#3958 = CARTESIAN_POINT('',(5.666790328793,0.392248531141));
#3959 = CARTESIAN_POINT('',(5.670602620729,0.477746705396));
#3960 = CARTESIAN_POINT('',(5.673564006172,0.563864339005));
#3961 = CARTESIAN_POINT('',(5.675676820506,0.650006290439));
#3962 = CARTESIAN_POINT('',(5.67694295694,0.735764201279));
#3963 = CARTESIAN_POINT('',(5.677364365195,0.820035942834));
#3964 = CARTESIAN_POINT('',(5.67694295694,0.904307684389));
#3965 = CARTESIAN_POINT('',(5.675676820506,0.990065595229));
#3966 = CARTESIAN_POINT('',(5.673564006172,1.076207546664));
#3967 = CARTESIAN_POINT('',(5.670602620729,1.162325180272));
#3968 = CARTESIAN_POINT('',(5.666790328793,1.247823354528));
#3969 = CARTESIAN_POINT('',(5.662126154527,1.332160290063));
#3970 = CARTESIAN_POINT('',(5.656603786344,1.414767541977));
#3971 = CARTESIAN_POINT('',(5.650237989218,1.495133265048));
#3972 = CARTESIAN_POINT('',(5.64310673156,1.572905661747));
#3973 = CARTESIAN_POINT('',(5.635278897361,1.647707578245));
#3974 = CARTESIAN_POINT('',(5.626824303275,1.719176054288));
#3975 = CARTESIAN_POINT('',(5.617817009903,1.786916711629));
#3976 = CARTESIAN_POINT('',(5.608311838772,1.850646650411));
#3977 = CARTESIAN_POINT('',(5.598434685124,1.909668475213));
#3978 = CARTESIAN_POINT('',(5.587786951615,1.966349184649));
#3979 = CARTESIAN_POINT('',(5.576466492764,2.02006372956));
#3980 = CARTESIAN_POINT('',(5.564527926754,2.070451315471));
#3981 = CARTESIAN_POINT('',(5.552036998742,2.117080031087));
#3982 = CARTESIAN_POINT('',(5.539055837819,2.159538177713));
#3983 = CARTESIAN_POINT('',(5.525647052162,2.197404323073));
#3984 = CARTESIAN_POINT('',(5.51187145775,2.230275756619));
#3985 = CARTESIAN_POINT('',(5.502503507191,2.24887862042));
#3986 = CARTESIAN_POINT('',(5.497787143782,2.257336301935));
#3987 = ( GEOMETRIC_REPRESENTATION_CONTEXT(2) 
PARAMETRIC_REPRESENTATION_CONTEXT() REPRESENTATION_CONTEXT('2D SPACE',''
  ) );
#3988 = PCURVE('',#1017,#3989);
#3989 = DEFINITIONAL_REPRESENTATION('',(#3990),#4038);
#3990 = B_SPLINE_CURVE_WITH_KNOTS('',3,(#3991,#3992,#3993,#3994,#3995,
    #3996,#3997,#3998,#3999,#4000,#4001,#4002,#4003,#4004,#4005,#4006,
    #4007,#4008,#4009,#4010,#4011,#4012,#4013,#4014,#4015,#4016,#4017,
    #4018,#4019,#4020,#4021,#4022,#4023,#4024,#4025,#4026,#4027,#4028,
    #4029,#4030,#4031,#4032,#4033,#4034,#4035,#4036,#4037),
  .UNSPECIFIED.,.F.,.F.,(4,1,1,1,1,1,1,1,1,1,1,1,1,1,1,1,1,1,1,1,1,1,1,1
    ,1,1,1,1,1,1,1,1,1,1,1,1,1,1,1,1,1,1,1,1,4),(0.270367344223,
    0.278748044642,0.287128745061,0.295509445479,0.303890145898,
    0.312270846316,0.320651546735,0.329032247154,0.337412947572,
    0.345793647991,0.354174348409,0.362555048828,0.370935749247,
    0.379316449665,0.387697150084,0.396077850503,0.404458550921,
    0.41283925134,0.421219951758,0.429600652177,0.437981352596,
    0.446362053014,0.454742753433,0.463123453851,0.47150415427,
    0.479884854689,0.488265555107,0.496646255526,0.505026955944,
    0.513407656363,0.521788356782,0.5301690572,0.538549757619,
    0.546930458037,0.555311158456,0.563691858875,0.572072559293,
    0.580453259712,0.58883396013,0.597214660549,0.605595360968,
    0.613976061386,0.622356761805,0.630737462223,0.639118162642),
  .QUASI_UNIFORM_KNOTS.);
#3991 = CARTESIAN_POINT('',(1.280643766481,3.));
#3992 = CARTESIAN_POINT('',(1.260952153323,3.000000484917));
#3993 = CARTESIAN_POINT('',(1.221500092436,3.000403199686));
#3994 = CARTESIAN_POINT('',(1.162236898134,3.002138809698));
#3995 = CARTESIAN_POINT('',(1.103012691151,3.004961697851));
#3996 = CARTESIAN_POINT('',(1.043942148342,3.008724574104));
#3997 = CARTESIAN_POINT('',(0.985184142361,3.013281525896));
#3998 = CARTESIAN_POINT('',(0.926908784465,3.018486743673));
#3999 = CARTESIAN_POINT('',(0.869315973887,3.024192628369));
#4000 = CARTESIAN_POINT('',(0.812542324027,3.030258635962));
#4001 = CARTESIAN_POINT('',(0.756963478565,3.036517791763));
#4002 = CARTESIAN_POINT('',(0.700137510673,3.043105707305));
#4003 = CARTESIAN_POINT('',(0.642552713418,3.049843661657));
#4004 = CARTESIAN_POINT('',(0.584306041348,3.056595460495));
#4005 = CARTESIAN_POINT('',(0.525597677388,3.063214052821));
#4006 = CARTESIAN_POINT('',(0.4665876109,3.069553287718));
#4007 = CARTESIAN_POINT('',(0.40742490313,3.075474270624));
#4008 = CARTESIAN_POINT('',(0.348224002261,3.080808181481));
#4009 = CARTESIAN_POINT('',(0.28908521237,3.085420570437));
#4010 = CARTESIAN_POINT('',(0.230149863405,3.089291816902));
#4011 = CARTESIAN_POINT('',(0.171571941565,3.092374974325));
#4012 = CARTESIAN_POINT('',(0.113554169488,3.094630418302));
#4013 = CARTESIAN_POINT('',(5.618151561472E-02,3.096016561793));
#4014 = CARTESIAN_POINT('',(-4.057858996604E-15,3.09649234616));
#4015 = CARTESIAN_POINT('',(-5.61815156147E-02,3.096016561793));
#4016 = CARTESIAN_POINT('',(-0.113554169488,3.094630418302));
#4017 = CARTESIAN_POINT('',(-0.171571941565,3.092374974325));
#4018 = CARTESIAN_POINT('',(-0.230149863405,3.089291816902));
#4019 = CARTESIAN_POINT('',(-0.28908521237,3.085420570437));
#4020 = CARTESIAN_POINT('',(-0.348224002261,3.080808181481));
#4021 = CARTESIAN_POINT('',(-0.40742490313,3.075474270624));
#4022 = CARTESIAN_POINT('',(-0.4665876109,3.069553287718));
#4023 = CARTESIAN_POINT('',(-0.525597677388,3.063214052821));
#4024 = CARTESIAN_POINT('',(-0.584306041348,3.056595460495));
#4025 = CARTESIAN_POINT('',(-0.642552713418,3.049843661657));
#4026 = CARTESIAN_POINT('',(-0.700137510673,3.043105707305));
#4027 = CARTESIAN_POINT('',(-0.756963478565,3.036517791763));
#4028 = CARTESIAN_POINT('',(-0.812542324027,3.030258635962));
#4029 = CARTESIAN_POINT('',(-0.869315973887,3.024192628369));
#4030 = CARTESIAN_POINT('',(-0.926908784465,3.018486743673));
#4031 = CARTESIAN_POINT('',(-0.985184142361,3.013281525896));
#4032 = CARTESIAN_POINT('',(-1.043942148342,3.008724574104));
#4033 = CARTESIAN_POINT('',(-1.103012691151,3.004961697851));
#4034 = CARTESIAN_POINT('',(-1.162236898134,3.002138809698));
#4035 = CARTESIAN_POINT('',(-1.221500092436,3.000403199686));
#4036 = CARTESIAN_POINT('',(-1.260952153323,3.000000484917));
#4037 = CARTESIAN_POINT('',(-1.280643766481,3.));
#4038 = ( GEOMETRIC_REPRESENTATION_CONTEXT(2) 
PARAMETRIC_REPRESENTATION_CONTEXT() REPRESENTATION_CONTEXT('2D SPACE',''
  ) );
#4039 = ADVANCED_FACE('',(#4040),#2350,.T.);
#4040 = FACE_BOUND('',#4041,.T.);
#4041 = EDGE_LOOP('',(#4042));
#4042 = ORIENTED_EDGE('',*,*,#2335,.F.);
#4043 = ADVANCED_FACE('',(#4044),#1017,.F.);
#4044 = FACE_BOUND('',#4045,.F.);
#4045 = EDGE_LOOP('',(#4046,#4067,#4068,#4069,#4070,#4071));
#4046 = ORIENTED_EDGE('',*,*,#4047,.T.);
#4047 = EDGE_CURVE('',#3667,#997,#4048,.T.);
#4048 = SEAM_CURVE('',#4049,(#4053,#4060),.PCURVE_S1.);
#4049 = LINE('',#4050,#4051);
#4050 = CARTESIAN_POINT('',(-13.06637504719,-93.108916741,
    24.965260910701));
#4051 = VECTOR('',#4052,1.);
#4052 = DIRECTION('',(0.,0.,-1.));
#4053 = PCURVE('',#1017,#4054);
#4054 = DEFINITIONAL_REPRESENTATION('',(#4055),#4059);
#4055 = LINE('',#4056,#4057);
#4056 = CARTESIAN_POINT('',(-3.14159265359,0.));
#4057 = VECTOR('',#4058,1.);
#4058 = DIRECTION('',(0.,-1.));
#4059 = ( GEOMETRIC_REPRESENTATION_CONTEXT(2) 
PARAMETRIC_REPRESENTATION_CONTEXT() REPRESENTATION_CONTEXT('2D SPACE',''
  ) );
#4060 = PCURVE('',#1017,#4061);
#4061 = DEFINITIONAL_REPRESENTATION('',(#4062),#4066);
#4062 = LINE('',#4063,#4064);
#4063 = CARTESIAN_POINT('',(3.14159265359,0.));
#4064 = VECTOR('',#4065,1.);
#4065 = DIRECTION('',(0.,-1.));
#4066 = ( GEOMETRIC_REPRESENTATION_CONTEXT(2) 
PARAMETRIC_REPRESENTATION_CONTEXT() REPRESENTATION_CONTEXT('2D SPACE',''
  ) );
#4067 = ORIENTED_EDGE('',*,*,#996,.F.);
#4068 = ORIENTED_EDGE('',*,*,#4047,.F.);
#4069 = ORIENTED_EDGE('',*,*,#3694,.T.);
#4070 = ORIENTED_EDGE('',*,*,#3916,.T.);
#4071 = ORIENTED_EDGE('',*,*,#3666,.T.);
#4072 = ADVANCED_FACE('',(#4073),#189,.F.);
#4073 = FACE_BOUND('',#4074,.F.);
#4074 = EDGE_LOOP('',(#4075,#4096,#4097,#4098));
#4075 = ORIENTED_EDGE('',*,*,#4076,.T.);
#4076 = EDGE_CURVE('',#169,#967,#4077,.T.);
#4077 = SEAM_CURVE('',#4078,(#4082,#4089),.PCURVE_S1.);
#4078 = LINE('',#4079,#4080);
#4079 = CARTESIAN_POINT('',(-31.86022746291,-86.26851387448,
    24.965260910701));
#4080 = VECTOR('',#4081,1.);
#4081 = DIRECTION('',(0.,0.,-1.));
#4082 = PCURVE('',#189,#4083);
#4083 = DEFINITIONAL_REPRESENTATION('',(#4084),#4088);
#4084 = LINE('',#4085,#4086);
#4085 = CARTESIAN_POINT('',(-3.14159265359,0.));
#4086 = VECTOR('',#4087,1.);
#4087 = DIRECTION('',(0.,-1.));
#4088 = ( GEOMETRIC_REPRESENTATION_CONTEXT(2) 
PARAMETRIC_REPRESENTATION_CONTEXT() REPRESENTATION_CONTEXT('2D SPACE',''
  ) );
#4089 = PCURVE('',#189,#4090);
#4090 = DEFINITIONAL_REPRESENTATION('',(#4091),#4095);
#4091 = LINE('',#4092,#4093);
#4092 = CARTESIAN_POINT('',(3.14159265359,0.));
#4093 = VECTOR('',#4094,1.);
#4094 = DIRECTION('',(0.,-1.));
#4095 = ( GEOMETRIC_REPRESENTATION_CONTEXT(2) 
PARAMETRIC_REPRESENTATION_CONTEXT() REPRESENTATION_CONTEXT('2D SPACE',''
  ) );
#4096 = ORIENTED_EDGE('',*,*,#966,.F.);
#4097 = ORIENTED_EDGE('',*,*,#4076,.F.);
#4098 = ORIENTED_EDGE('',*,*,#168,.T.);
#4099 = ADVANCED_FACE('',(#4100),#154,.T.);
#4100 = FACE_BOUND('',#4101,.T.);
#4101 = EDGE_LOOP('',(#4102,#4103,#4104,#4125));
#4102 = ORIENTED_EDGE('',*,*,#1068,.T.);
#4103 = ORIENTED_EDGE('',*,*,#140,.T.);
#4104 = ORIENTED_EDGE('',*,*,#4105,.T.);
#4105 = EDGE_CURVE('',#113,#406,#4106,.T.);
#4106 = SURFACE_CURVE('',#4107,(#4111,#4118),.PCURVE_S1.);
#4107 = LINE('',#4108,#4109);
#4108 = CARTESIAN_POINT('',(-42.55030061898,-89.56838014016,
    24.965260910701));
#4109 = VECTOR('',#4110,1.);
#4110 = DIRECTION('',(0.,0.,-1.));
#4111 = PCURVE('',#154,#4112);
#4112 = DEFINITIONAL_REPRESENTATION('',(#4113),#4117);
#4113 = LINE('',#4114,#4115);
#4114 = CARTESIAN_POINT('',(0.,0.));
#4115 = VECTOR('',#4116,1.);
#4116 = DIRECTION('',(0.,-1.));
#4117 = ( GEOMETRIC_REPRESENTATION_CONTEXT(2) 
PARAMETRIC_REPRESENTATION_CONTEXT() REPRESENTATION_CONTEXT('2D SPACE',''
  ) );
#4118 = PCURVE('',#128,#4119);
#4119 = DEFINITIONAL_REPRESENTATION('',(#4120),#4124);
#4120 = LINE('',#4121,#4122);
#4121 = CARTESIAN_POINT('',(11.76243280732,0.));
#4122 = VECTOR('',#4123,1.);
#4123 = DIRECTION('',(-0.,-1.));
#4124 = ( GEOMETRIC_REPRESENTATION_CONTEXT(2) 
PARAMETRIC_REPRESENTATION_CONTEXT() REPRESENTATION_CONTEXT('2D SPACE',''
  ) );
#4125 = ORIENTED_EDGE('',*,*,#405,.F.);
#4126 = ADVANCED_FACE('',(#4127),#128,.T.);
#4127 = FACE_BOUND('',#4128,.T.);
#4128 = EDGE_LOOP('',(#4129,#4130,#4131,#4132));
#4129 = ORIENTED_EDGE('',*,*,#428,.F.);
#4130 = ORIENTED_EDGE('',*,*,#4105,.F.);
#4131 = ORIENTED_EDGE('',*,*,#112,.F.);
#4132 = ORIENTED_EDGE('',*,*,#4133,.F.);
#4133 = EDGE_CURVE('',#429,#85,#4134,.T.);
#4134 = SURFACE_CURVE('',#4135,(#4139,#4146),.PCURVE_S1.);
#4135 = LINE('',#4136,#4137);
#4136 = CARTESIAN_POINT('',(-36.47186739375,-79.49825228232,
    24.965260910701));
#4137 = VECTOR('',#4138,1.);
#4138 = DIRECTION('',(0.,0.,1.));
#4139 = PCURVE('',#128,#4140);
#4140 = DEFINITIONAL_REPRESENTATION('',(#4141),#4145);
#4141 = LINE('',#4142,#4143);
#4142 = CARTESIAN_POINT('',(0.,0.));
#4143 = VECTOR('',#4144,1.);
#4144 = DIRECTION('',(0.,1.));
#4145 = ( GEOMETRIC_REPRESENTATION_CONTEXT(2) 
PARAMETRIC_REPRESENTATION_CONTEXT() REPRESENTATION_CONTEXT('2D SPACE',''
  ) );
#4146 = PCURVE('',#100,#4147);
#4147 = DEFINITIONAL_REPRESENTATION('',(#4148),#4152);
#4148 = LINE('',#4149,#4150);
#4149 = CARTESIAN_POINT('',(8.550914886278,-5.909142458761E-29));
#4150 = VECTOR('',#4151,1.);
#4151 = DIRECTION('',(6.910538272628E-30,1.));
#4152 = ( GEOMETRIC_REPRESENTATION_CONTEXT(2) 
PARAMETRIC_REPRESENTATION_CONTEXT() REPRESENTATION_CONTEXT('2D SPACE',''
  ) );
#4153 = ADVANCED_FACE('',(#4154),#100,.T.);
#4154 = FACE_BOUND('',#4155,.T.);
#4155 = EDGE_LOOP('',(#4156,#4157,#4158,#4159,#4160));
#4156 = ORIENTED_EDGE('',*,*,#451,.F.);
#4157 = ORIENTED_EDGE('',*,*,#4133,.T.);
#4158 = ORIENTED_EDGE('',*,*,#84,.F.);
#4159 = ORIENTED_EDGE('',*,*,#3159,.F.);
#4160 = ORIENTED_EDGE('',*,*,#4161,.F.);
#4161 = EDGE_CURVE('',#452,#3160,#4162,.T.);
#4162 = SURFACE_CURVE('',#4163,(#4167,#4174),.PCURVE_S1.);
#4163 = LINE('',#4164,#4165);
#4164 = CARTESIAN_POINT('',(-29.56472650351,-84.53904092248,
    24.965260910701));
#4165 = VECTOR('',#4166,1.);
#4166 = DIRECTION('',(5.45372713851E-16,0.,1.));
#4167 = PCURVE('',#100,#4168);
#4168 = DEFINITIONAL_REPRESENTATION('',(#4169),#4173);
#4169 = LINE('',#4170,#4171);
#4170 = CARTESIAN_POINT('',(0.,0.));
#4171 = VECTOR('',#4172,1.);
#4172 = DIRECTION('',(-4.405336998857E-16,1.));
#4173 = ( GEOMETRIC_REPRESENTATION_CONTEXT(2) 
PARAMETRIC_REPRESENTATION_CONTEXT() REPRESENTATION_CONTEXT('2D SPACE',''
  ) );
#4174 = PCURVE('',#490,#4175);
#4175 = DEFINITIONAL_REPRESENTATION('',(#4176),#4180);
#4176 = LINE('',#4177,#4178);
#4177 = CARTESIAN_POINT('',(8.381621190245,-4.440892098501E-15));
#4178 = VECTOR('',#4179,1.);
#4179 = DIRECTION('',(-1.26427648466E-17,1.));
#4180 = ( GEOMETRIC_REPRESENTATION_CONTEXT(2) 
PARAMETRIC_REPRESENTATION_CONTEXT() REPRESENTATION_CONTEXT('2D SPACE',''
  ) );
#4181 = ADVANCED_FACE('',(#4182),#227,.T.);
#4182 = FACE_BOUND('',#4183,.T.);
#4183 = EDGE_LOOP('',(#4184,#4185,#4186,#4209,#4232,#4253,#4254,#4255,
    #4276));
#4184 = ORIENTED_EDGE('',*,*,#1112,.T.);
#4185 = ORIENTED_EDGE('',*,*,#204,.F.);
#4186 = ORIENTED_EDGE('',*,*,#4187,.T.);
#4187 = EDGE_CURVE('',#205,#4188,#4190,.T.);
#4188 = VERTEX_POINT('',#4189);
#4189 = CARTESIAN_POINT('',(-29.56443237657,-120.0468677052,
    82.000000000034));
#4190 = SURFACE_CURVE('',#4191,(#4195,#4202),.PCURVE_S1.);
#4191 = LINE('',#4192,#4193);
#4192 = CARTESIAN_POINT('',(-29.56443237657,-120.0468677052,
    82.000000000016));
#4193 = VECTOR('',#4194,1.);
#4194 = DIRECTION('',(0.,0.,1.));
#4195 = PCURVE('',#227,#4196);
#4196 = DEFINITIONAL_REPRESENTATION('',(#4197),#4201);
#4197 = LINE('',#4198,#4199);
#4198 = CARTESIAN_POINT('',(35.507826782719,57.034739089316));
#4199 = VECTOR('',#4200,1.);
#4200 = DIRECTION('',(6.310887241768E-30,1.));
#4201 = ( GEOMETRIC_REPRESENTATION_CONTEXT(2) 
PARAMETRIC_REPRESENTATION_CONTEXT() REPRESENTATION_CONTEXT('2D SPACE',''
  ) );
#4202 = PCURVE('',#360,#4203);
#4203 = DEFINITIONAL_REPRESENTATION('',(#4204),#4208);
#4204 = LINE('',#4205,#4206);
#4205 = CARTESIAN_POINT('',(8.995471034723E-12,-1.532891751702));
#4206 = VECTOR('',#4207,1.);
#4207 = DIRECTION('',(1.,0.));
#4208 = ( GEOMETRIC_REPRESENTATION_CONTEXT(2) 
PARAMETRIC_REPRESENTATION_CONTEXT() REPRESENTATION_CONTEXT('2D SPACE',''
  ) );
#4209 = ORIENTED_EDGE('',*,*,#4210,.F.);
#4210 = EDGE_CURVE('',#4211,#4188,#4213,.T.);
#4211 = VERTEX_POINT('',#4212);
#4212 = CARTESIAN_POINT('',(-29.56472650351,-93.90245090334,
    82.000000000025));
#4213 = SURFACE_CURVE('',#4214,(#4218,#4225),.PCURVE_S1.);
#4214 = LINE('',#4215,#4216);
#4215 = CARTESIAN_POINT('',(-29.56472650351,-93.90245090334,
    82.000000000025));
#4216 = VECTOR('',#4217,1.);
#4217 = DIRECTION('',(-8.662862849072E-15,-1.,0.));
#4218 = PCURVE('',#227,#4219);
#4219 = DEFINITIONAL_REPRESENTATION('',(#4220),#4224);
#4220 = LINE('',#4221,#4222);
#4221 = CARTESIAN_POINT('',(9.363409980853,57.034739089325));
#4222 = VECTOR('',#4223,1.);
#4223 = DIRECTION('',(1.,-1.56912596277E-29));
#4224 = ( GEOMETRIC_REPRESENTATION_CONTEXT(2) 
PARAMETRIC_REPRESENTATION_CONTEXT() REPRESENTATION_CONTEXT('2D SPACE',''
  ) );
#4225 = PCURVE('',#2097,#4226);
#4226 = DEFINITIONAL_REPRESENTATION('',(#4227),#4231);
#4227 = LINE('',#4228,#4229);
#4228 = CARTESIAN_POINT('',(59.142294126942,-24.61152505016));
#4229 = VECTOR('',#4230,1.);
#4230 = DIRECTION('',(-1.993231105346E-17,1.));
#4231 = ( GEOMETRIC_REPRESENTATION_CONTEXT(2) 
PARAMETRIC_REPRESENTATION_CONTEXT() REPRESENTATION_CONTEXT('2D SPACE',''
  ) );
#4232 = ORIENTED_EDGE('',*,*,#4233,.T.);
#4233 = EDGE_CURVE('',#4211,#2236,#4234,.T.);
#4234 = SURFACE_CURVE('',#4235,(#4239,#4246),.PCURVE_S1.);
#4235 = LINE('',#4236,#4237);
#4236 = CARTESIAN_POINT('',(-29.56472650351,-93.90245090334,
    82.000000000025));
#4237 = VECTOR('',#4238,1.);
#4238 = DIRECTION('',(0.,0.,-1.));
#4239 = PCURVE('',#227,#4240);
#4240 = DEFINITIONAL_REPRESENTATION('',(#4241),#4245);
#4241 = LINE('',#4242,#4243);
#4242 = CARTESIAN_POINT('',(9.363409980853,57.034739089325));
#4243 = VECTOR('',#4244,1.);
#4244 = DIRECTION('',(-6.310887241768E-30,-1.));
#4245 = ( GEOMETRIC_REPRESENTATION_CONTEXT(2) 
PARAMETRIC_REPRESENTATION_CONTEXT() REPRESENTATION_CONTEXT('2D SPACE',''
  ) );
#4246 = PCURVE('',#2274,#4247);
#4247 = DEFINITIONAL_REPRESENTATION('',(#4248),#4252);
#4248 = LINE('',#4249,#4250);
#4249 = CARTESIAN_POINT('',(0.,0.));
#4250 = VECTOR('',#4251,1.);
#4251 = DIRECTION('',(0.,1.));
#4252 = ( GEOMETRIC_REPRESENTATION_CONTEXT(2) 
PARAMETRIC_REPRESENTATION_CONTEXT() REPRESENTATION_CONTEXT('2D SPACE',''
  ) );
#4253 = ORIENTED_EDGE('',*,*,#2235,.F.);
#4254 = ORIENTED_EDGE('',*,*,#1806,.F.);
#4255 = ORIENTED_EDGE('',*,*,#4256,.F.);
#4256 = EDGE_CURVE('',#3160,#1784,#4257,.T.);
#4257 = SURFACE_CURVE('',#4258,(#4262,#4269),.PCURVE_S1.);
#4258 = LINE('',#4259,#4260);
#4259 = CARTESIAN_POINT('',(-29.56472650351,-84.53904092248,
    24.965260910701));
#4260 = VECTOR('',#4261,1.);
#4261 = DIRECTION('',(5.45372713851E-16,0.,1.));
#4262 = PCURVE('',#227,#4263);
#4263 = DEFINITIONAL_REPRESENTATION('',(#4264),#4268);
#4264 = LINE('',#4265,#4266);
#4265 = CARTESIAN_POINT('',(0.,0.));
#4266 = VECTOR('',#4267,1.);
#4267 = DIRECTION('',(1.096677060599E-29,1.));
#4268 = ( GEOMETRIC_REPRESENTATION_CONTEXT(2) 
PARAMETRIC_REPRESENTATION_CONTEXT() REPRESENTATION_CONTEXT('2D SPACE',''
  ) );
#4269 = PCURVE('',#490,#4270);
#4270 = DEFINITIONAL_REPRESENTATION('',(#4271),#4275);
#4271 = LINE('',#4272,#4273);
#4272 = CARTESIAN_POINT('',(8.381621190245,-4.440892098501E-15));
#4273 = VECTOR('',#4274,1.);
#4274 = DIRECTION('',(-1.26427648466E-17,1.));
#4275 = ( GEOMETRIC_REPRESENTATION_CONTEXT(2) 
PARAMETRIC_REPRESENTATION_CONTEXT() REPRESENTATION_CONTEXT('2D SPACE',''
  ) );
#4276 = ORIENTED_EDGE('',*,*,#3205,.F.);
#4277 = ADVANCED_FACE('',(#4278),#278,.T.);
#4278 = FACE_BOUND('',#4279,.T.);
#4279 = EDGE_LOOP('',(#4280,#4281,#4282,#4283,#4284,#4305,#4306));
#4280 = ORIENTED_EDGE('',*,*,#2131,.T.);
#4281 = ORIENTED_EDGE('',*,*,#262,.T.);
#4282 = ORIENTED_EDGE('',*,*,#1090,.F.);
#4283 = ORIENTED_EDGE('',*,*,#838,.T.);
#4284 = ORIENTED_EDGE('',*,*,#4285,.T.);
#4285 = EDGE_CURVE('',#811,#3746,#4286,.T.);
#4286 = SURFACE_CURVE('',#4287,(#4291,#4298),.PCURVE_S1.);
#4287 = LINE('',#4288,#4289);
#4288 = CARTESIAN_POINT('',(-10.33791244377,-97.61633292223,
    24.965260910701));
#4289 = VECTOR('',#4290,1.);
#4290 = DIRECTION('',(0.,0.,1.));
#4291 = PCURVE('',#278,#4292);
#4292 = DEFINITIONAL_REPRESENTATION('',(#4293),#4297);
#4293 = LINE('',#4294,#4295);
#4294 = CARTESIAN_POINT('',(11.006672617873,-4.440892098501E-15));
#4295 = VECTOR('',#4296,1.);
#4296 = DIRECTION('',(4.034727162948E-16,1.));
#4297 = ( GEOMETRIC_REPRESENTATION_CONTEXT(2) 
PARAMETRIC_REPRESENTATION_CONTEXT() REPRESENTATION_CONTEXT('2D SPACE',''
  ) );
#4298 = PCURVE('',#826,#4299);
#4299 = DEFINITIONAL_REPRESENTATION('',(#4300),#4304);
#4300 = LINE('',#4301,#4302);
#4301 = CARTESIAN_POINT('',(0.,0.));
#4302 = VECTOR('',#4303,1.);
#4303 = DIRECTION('',(0.,1.));
#4304 = ( GEOMETRIC_REPRESENTATION_CONTEXT(2) 
PARAMETRIC_REPRESENTATION_CONTEXT() REPRESENTATION_CONTEXT('2D SPACE',''
  ) );
#4305 = ORIENTED_EDGE('',*,*,#3745,.F.);
#4306 = ORIENTED_EDGE('',*,*,#3869,.F.);
#4307 = ADVANCED_FACE('',(#4308),#1052,.F.);
#4308 = FACE_BOUND('',#4309,.F.);
#4309 = EDGE_LOOP('',(#4310,#4331,#4332,#4333));
#4310 = ORIENTED_EDGE('',*,*,#4311,.T.);
#4311 = EDGE_CURVE('',#1310,#1032,#4312,.T.);
#4312 = SEAM_CURVE('',#4313,(#4317,#4324),.PCURVE_S1.);
#4313 = LINE('',#4314,#4315);
#4314 = CARTESIAN_POINT('',(35.202543593195,-86.26851387448,
    24.965260910701));
#4315 = VECTOR('',#4316,1.);
#4316 = DIRECTION('',(0.,0.,-1.));
#4317 = PCURVE('',#1052,#4318);
#4318 = DEFINITIONAL_REPRESENTATION('',(#4319),#4323);
#4319 = LINE('',#4320,#4321);
#4320 = CARTESIAN_POINT('',(-3.14159265359,0.));
#4321 = VECTOR('',#4322,1.);
#4322 = DIRECTION('',(0.,-1.));
#4323 = ( GEOMETRIC_REPRESENTATION_CONTEXT(2) 
PARAMETRIC_REPRESENTATION_CONTEXT() REPRESENTATION_CONTEXT('2D SPACE',''
  ) );
#4324 = PCURVE('',#1052,#4325);
#4325 = DEFINITIONAL_REPRESENTATION('',(#4326),#4330);
#4326 = LINE('',#4327,#4328);
#4327 = CARTESIAN_POINT('',(3.14159265359,0.));
#4328 = VECTOR('',#4329,1.);
#4329 = DIRECTION('',(0.,-1.));
#4330 = ( GEOMETRIC_REPRESENTATION_CONTEXT(2) 
PARAMETRIC_REPRESENTATION_CONTEXT() REPRESENTATION_CONTEXT('2D SPACE',''
  ) );
#4331 = ORIENTED_EDGE('',*,*,#1031,.F.);
#4332 = ORIENTED_EDGE('',*,*,#4311,.F.);
#4333 = ORIENTED_EDGE('',*,*,#1309,.T.);
#4334 = ADVANCED_FACE('',(#4335),#917,.F.);
#4335 = FACE_BOUND('',#4336,.F.);
#4336 = EDGE_LOOP('',(#4337,#4338,#4339,#4360,#4361,#4362));
#4337 = ORIENTED_EDGE('',*,*,#3548,.T.);
#4338 = ORIENTED_EDGE('',*,*,#3230,.T.);
#4339 = ORIENTED_EDGE('',*,*,#4340,.T.);
#4340 = EDGE_CURVE('',#3233,#897,#4341,.T.);
#4341 = SEAM_CURVE('',#4342,(#4346,#4353),.PCURVE_S1.);
#4342 = LINE('',#4343,#4344);
#4343 = CARTESIAN_POINT('',(16.408691177476,-93.108916741,
    24.965260910701));
#4344 = VECTOR('',#4345,1.);
#4345 = DIRECTION('',(0.,0.,-1.));
#4346 = PCURVE('',#917,#4347);
#4347 = DEFINITIONAL_REPRESENTATION('',(#4348),#4352);
#4348 = LINE('',#4349,#4350);
#4349 = CARTESIAN_POINT('',(-3.14159265359,0.));
#4350 = VECTOR('',#4351,1.);
#4351 = DIRECTION('',(0.,-1.));
#4352 = ( GEOMETRIC_REPRESENTATION_CONTEXT(2) 
PARAMETRIC_REPRESENTATION_CONTEXT() REPRESENTATION_CONTEXT('2D SPACE',''
  ) );
#4353 = PCURVE('',#917,#4354);
#4354 = DEFINITIONAL_REPRESENTATION('',(#4355),#4359);
#4355 = LINE('',#4356,#4357);
#4356 = CARTESIAN_POINT('',(3.14159265359,0.));
#4357 = VECTOR('',#4358,1.);
#4358 = DIRECTION('',(0.,-1.));
#4359 = ( GEOMETRIC_REPRESENTATION_CONTEXT(2) 
PARAMETRIC_REPRESENTATION_CONTEXT() REPRESENTATION_CONTEXT('2D SPACE',''
  ) );
#4360 = ORIENTED_EDGE('',*,*,#896,.F.);
#4361 = ORIENTED_EDGE('',*,*,#4340,.F.);
#4362 = ORIENTED_EDGE('',*,*,#3472,.T.);
#4363 = ADVANCED_FACE('',(#4364),#658,.T.);
#4364 = FACE_BOUND('',#4365,.T.);
#4365 = EDGE_LOOP('',(#4366,#4367,#4368,#4369,#4370));
#4366 = ORIENTED_EDGE('',*,*,#642,.T.);
#4367 = ORIENTED_EDGE('',*,*,#2756,.F.);
#4368 = ORIENTED_EDGE('',*,*,#3109,.F.);
#4369 = ORIENTED_EDGE('',*,*,#1258,.F.);
#4370 = ORIENTED_EDGE('',*,*,#4371,.F.);
#4371 = EDGE_CURVE('',#643,#1236,#4372,.T.);
#4372 = SURFACE_CURVE('',#4373,(#4377,#4384),.PCURVE_S1.);
#4373 = LINE('',#4374,#4375);
#4374 = CARTESIAN_POINT('',(36.471867393755,-79.49825228232,
    24.965260910701));
#4375 = VECTOR('',#4376,1.);
#4376 = DIRECTION('',(0.,0.,1.));
#4377 = PCURVE('',#658,#4378);
#4378 = DEFINITIONAL_REPRESENTATION('',(#4379),#4383);
#4379 = LINE('',#4380,#4381);
#4380 = CARTESIAN_POINT('',(-0.,0.));
#4381 = VECTOR('',#4382,1.);
#4382 = DIRECTION('',(-6.910538272628E-30,1.));
#4383 = ( GEOMETRIC_REPRESENTATION_CONTEXT(2) 
PARAMETRIC_REPRESENTATION_CONTEXT() REPRESENTATION_CONTEXT('2D SPACE',''
  ) );
#4384 = PCURVE('',#686,#4385);
#4385 = DEFINITIONAL_REPRESENTATION('',(#4386),#4390);
#4386 = LINE('',#4387,#4388);
#4387 = CARTESIAN_POINT('',(8.76243280732,0.));
#4388 = VECTOR('',#4389,1.);
#4389 = DIRECTION('',(0.,1.));
#4390 = ( GEOMETRIC_REPRESENTATION_CONTEXT(2) 
PARAMETRIC_REPRESENTATION_CONTEXT() REPRESENTATION_CONTEXT('2D SPACE',''
  ) );
#4391 = ADVANCED_FACE('',(#4392),#686,.T.);
#4392 = FACE_BOUND('',#4393,.T.);
#4393 = EDGE_LOOP('',(#4394,#4395,#4396,#4397));
#4394 = ORIENTED_EDGE('',*,*,#670,.T.);
#4395 = ORIENTED_EDGE('',*,*,#4371,.T.);
#4396 = ORIENTED_EDGE('',*,*,#1235,.F.);
#4397 = ORIENTED_EDGE('',*,*,#1491,.F.);
#4398 = ADVANCED_FACE('',(#4399),#2692,.T.);
#4399 = FACE_BOUND('',#4400,.T.);
#4400 = EDGE_LOOP('',(#4401,#4402,#4423,#4424,#4447,#4470,#4493,#4516,
    #4537));
#4401 = ORIENTED_EDGE('',*,*,#2653,.F.);
#4402 = ORIENTED_EDGE('',*,*,#4403,.F.);
#4403 = EDGE_CURVE('',#3335,#2604,#4404,.T.);
#4404 = SURFACE_CURVE('',#4405,(#4409,#4416),.PCURVE_S1.);
#4405 = LINE('',#4406,#4407);
#4406 = CARTESIAN_POINT('',(20.995522664836,-85.46555069523,
    24.965260910701));
#4407 = VECTOR('',#4408,1.);
#4408 = DIRECTION('',(5.45372713851E-16,0.,1.));
#4409 = PCURVE('',#2692,#4410);
#4410 = DEFINITIONAL_REPRESENTATION('',(#4411),#4415);
#4411 = LINE('',#4412,#4413);
#4412 = CARTESIAN_POINT('',(0.,0.));
#4413 = VECTOR('',#4414,1.);
#4414 = DIRECTION('',(0.,1.));
#4415 = ( GEOMETRIC_REPRESENTATION_CONTEXT(2) 
PARAMETRIC_REPRESENTATION_CONTEXT() REPRESENTATION_CONTEXT('2D SPACE',''
  ) );
#4416 = PCURVE('',#602,#4417);
#4417 = DEFINITIONAL_REPRESENTATION('',(#4418),#4422);
#4418 = LINE('',#4419,#4420);
#4419 = CARTESIAN_POINT('',(0.240796782599,-9.462986716226E-17));
#4420 = VECTOR('',#4421,1.);
#4421 = DIRECTION('',(-1.325645687379E-16,1.));
#4422 = ( GEOMETRIC_REPRESENTATION_CONTEXT(2) 
PARAMETRIC_REPRESENTATION_CONTEXT() REPRESENTATION_CONTEXT('2D SPACE',''
  ) );
#4423 = ORIENTED_EDGE('',*,*,#3380,.F.);
#4424 = ORIENTED_EDGE('',*,*,#4425,.T.);
#4425 = EDGE_CURVE('',#3381,#4426,#4428,.T.);
#4426 = VERTEX_POINT('',#4427);
#4427 = CARTESIAN_POINT('',(20.995522664836,-96.0497382658,
    52.000000000025));
#4428 = SURFACE_CURVE('',#4429,(#4433,#4440),.PCURVE_S1.);
#4429 = LINE('',#4430,#4431);
#4430 = CARTESIAN_POINT('',(20.995522664836,-96.0497382658,
    24.965260910701));
#4431 = VECTOR('',#4432,1.);
#4432 = DIRECTION('',(5.45372713851E-16,0.,1.));
#4433 = PCURVE('',#2692,#4434);
#4434 = DEFINITIONAL_REPRESENTATION('',(#4435),#4439);
#4435 = LINE('',#4436,#4437);
#4436 = CARTESIAN_POINT('',(10.584187570567,0.));
#4437 = VECTOR('',#4438,1.);
#4438 = DIRECTION('',(0.,1.));
#4439 = ( GEOMETRIC_REPRESENTATION_CONTEXT(2) 
PARAMETRIC_REPRESENTATION_CONTEXT() REPRESENTATION_CONTEXT('2D SPACE',''
  ) );
#4440 = PCURVE('',#770,#4441);
#4441 = DEFINITIONAL_REPRESENTATION('',(#4442),#4446);
#4442 = LINE('',#4443,#4444);
#4443 = CARTESIAN_POINT('',(0.,0.));
#4444 = VECTOR('',#4445,1.);
#4445 = DIRECTION('',(1.36101867634E-16,1.));
#4446 = ( GEOMETRIC_REPRESENTATION_CONTEXT(2) 
PARAMETRIC_REPRESENTATION_CONTEXT() REPRESENTATION_CONTEXT('2D SPACE',''
  ) );
#4447 = ORIENTED_EDGE('',*,*,#4448,.F.);
#4448 = EDGE_CURVE('',#4449,#4426,#4451,.T.);
#4449 = VERTEX_POINT('',#4450);
#4450 = CARTESIAN_POINT('',(20.995522664836,-118.5139759535,
    52.000000000025));
#4451 = SURFACE_CURVE('',#4452,(#4456,#4463),.PCURVE_S1.);
#4452 = LINE('',#4453,#4454);
#4453 = CARTESIAN_POINT('',(20.995522664836,-96.0497382658,
    52.000000000025));
#4454 = VECTOR('',#4455,1.);
#4455 = DIRECTION('',(0.,1.,0.));
#4456 = PCURVE('',#2692,#4457);
#4457 = DEFINITIONAL_REPRESENTATION('',(#4458),#4462);
#4458 = LINE('',#4459,#4460);
#4459 = CARTESIAN_POINT('',(10.584187570567,27.034739089325));
#4460 = VECTOR('',#4461,1.);
#4461 = DIRECTION('',(-1.,0.));
#4462 = ( GEOMETRIC_REPRESENTATION_CONTEXT(2) 
PARAMETRIC_REPRESENTATION_CONTEXT() REPRESENTATION_CONTEXT('2D SPACE',''
  ) );
#4463 = PCURVE('',#1386,#4464);
#4464 = DEFINITIONAL_REPRESENTATION('',(#4465),#4469);
#4465 = LINE('',#4466,#4467);
#4466 = CARTESIAN_POINT('',(4.28460191934,10.158475162624));
#4467 = VECTOR('',#4468,1.);
#4468 = DIRECTION('',(0.,1.));
#4469 = ( GEOMETRIC_REPRESENTATION_CONTEXT(2) 
PARAMETRIC_REPRESENTATION_CONTEXT() REPRESENTATION_CONTEXT('2D SPACE',''
  ) );
#4470 = ORIENTED_EDGE('',*,*,#4471,.F.);
#4471 = EDGE_CURVE('',#4472,#4449,#4474,.T.);
#4472 = VERTEX_POINT('',#4473);
#4473 = CARTESIAN_POINT('',(20.995522664836,-118.5139759535,
    82.000000000025));
#4474 = SURFACE_CURVE('',#4475,(#4479,#4486),.PCURVE_S1.);
#4475 = LINE('',#4476,#4477);
#4476 = CARTESIAN_POINT('',(20.995522664836,-118.5139759535,
    71.000000000016));
#4477 = VECTOR('',#4478,1.);
#4478 = DIRECTION('',(0.,1.514830410352E-13,-1.));
#4479 = PCURVE('',#2692,#4480);
#4480 = DEFINITIONAL_REPRESENTATION('',(#4481),#4485);
#4481 = LINE('',#4482,#4483);
#4482 = CARTESIAN_POINT('',(33.048425258271,46.034739089316));
#4483 = VECTOR('',#4484,1.);
#4484 = DIRECTION('',(-1.514830410352E-13,-1.));
#4485 = ( GEOMETRIC_REPRESENTATION_CONTEXT(2) 
PARAMETRIC_REPRESENTATION_CONTEXT() REPRESENTATION_CONTEXT('2D SPACE',''
  ) );
#4486 = PCURVE('',#334,#4487);
#4487 = DEFINITIONAL_REPRESENTATION('',(#4488),#4492);
#4488 = LINE('',#4489,#4490);
#4489 = CARTESIAN_POINT('',(20.917955041411,11.000000000009));
#4490 = VECTOR('',#4491,1.);
#4491 = DIRECTION('',(2.593816660559E-22,-1.));
#4492 = ( GEOMETRIC_REPRESENTATION_CONTEXT(2) 
PARAMETRIC_REPRESENTATION_CONTEXT() REPRESENTATION_CONTEXT('2D SPACE',''
  ) );
#4493 = ORIENTED_EDGE('',*,*,#4494,.F.);
#4494 = EDGE_CURVE('',#4495,#4472,#4497,.T.);
#4495 = VERTEX_POINT('',#4496);
#4496 = CARTESIAN_POINT('',(20.995522664836,-96.0497382658,
    82.000000000025));
#4497 = SURFACE_CURVE('',#4498,(#4502,#4509),.PCURVE_S1.);
#4498 = LINE('',#4499,#4500);
#4499 = CARTESIAN_POINT('',(20.995522664836,-96.0497382658,
    82.000000000025));
#4500 = VECTOR('',#4501,1.);
#4501 = DIRECTION('',(0.,-1.,0.));
#4502 = PCURVE('',#2692,#4503);
#4503 = DEFINITIONAL_REPRESENTATION('',(#4504),#4508);
#4504 = LINE('',#4505,#4506);
#4505 = CARTESIAN_POINT('',(10.584187570567,57.034739089325));
#4506 = VECTOR('',#4507,1.);
#4507 = DIRECTION('',(1.,0.));
#4508 = ( GEOMETRIC_REPRESENTATION_CONTEXT(2) 
PARAMETRIC_REPRESENTATION_CONTEXT() REPRESENTATION_CONTEXT('2D SPACE',''
  ) );
#4509 = PCURVE('',#2097,#4510);
#4510 = DEFINITIONAL_REPRESENTATION('',(#4511),#4515);
#4511 = LINE('',#4512,#4513);
#4512 = CARTESIAN_POINT('',(8.582044958589,-22.4642376877));
#4513 = VECTOR('',#4514,1.);
#4514 = DIRECTION('',(-8.682795160125E-15,1.));
#4515 = ( GEOMETRIC_REPRESENTATION_CONTEXT(2) 
PARAMETRIC_REPRESENTATION_CONTEXT() REPRESENTATION_CONTEXT('2D SPACE',''
  ) );
#4516 = ORIENTED_EDGE('',*,*,#4517,.T.);
#4517 = EDGE_CURVE('',#4495,#3004,#4518,.T.);
#4518 = SURFACE_CURVE('',#4519,(#4523,#4530),.PCURVE_S1.);
#4519 = LINE('',#4520,#4521);
#4520 = CARTESIAN_POINT('',(20.995522664836,-96.0497382658,
    82.000000000025));
#4521 = VECTOR('',#4522,1.);
#4522 = DIRECTION('',(0.,0.,-1.));
#4523 = PCURVE('',#2692,#4524);
#4524 = DEFINITIONAL_REPRESENTATION('',(#4525),#4529);
#4525 = LINE('',#4526,#4527);
#4526 = CARTESIAN_POINT('',(10.584187570567,57.034739089325));
#4527 = VECTOR('',#4528,1.);
#4528 = DIRECTION('',(-0.,-1.));
#4529 = ( GEOMETRIC_REPRESENTATION_CONTEXT(2) 
PARAMETRIC_REPRESENTATION_CONTEXT() REPRESENTATION_CONTEXT('2D SPACE',''
  ) );
#4530 = PCURVE('',#3042,#4531);
#4531 = DEFINITIONAL_REPRESENTATION('',(#4532),#4536);
#4532 = LINE('',#4533,#4534);
#4533 = CARTESIAN_POINT('',(0.,0.));
#4534 = VECTOR('',#4535,1.);
#4535 = DIRECTION('',(0.,1.));
#4536 = ( GEOMETRIC_REPRESENTATION_CONTEXT(2) 
PARAMETRIC_REPRESENTATION_CONTEXT() REPRESENTATION_CONTEXT('2D SPACE',''
  ) );
#4537 = ORIENTED_EDGE('',*,*,#3003,.F.);
#4538 = ADVANCED_FACE('',(#4539),#770,.T.);
#4539 = FACE_BOUND('',#4540,.T.);
#4540 = EDGE_LOOP('',(#4541,#4542,#4563,#4564,#4565,#4566,#4587));
#4541 = ORIENTED_EDGE('',*,*,#1398,.T.);
#4542 = ORIENTED_EDGE('',*,*,#4543,.T.);
#4543 = EDGE_CURVE('',#1371,#4426,#4544,.T.);
#4544 = SURFACE_CURVE('',#4545,(#4549,#4556),.PCURVE_S1.);
#4545 = LINE('',#4546,#4547);
#4546 = CARTESIAN_POINT('',(22.361692221716,-95.84892083269,
    52.000000000025));
#4547 = VECTOR('',#4548,1.);
#4548 = DIRECTION('',(-0.989368500156,-0.145430295671,0.));
#4549 = PCURVE('',#770,#4550);
#4550 = DEFINITIONAL_REPRESENTATION('',(#4551),#4555);
#4551 = LINE('',#4552,#4553);
#4552 = CARTESIAN_POINT('',(1.38085006412,27.034739089325));
#4553 = VECTOR('',#4554,1.);
#4554 = DIRECTION('',(-1.,-4.034727162948E-16));
#4555 = ( GEOMETRIC_REPRESENTATION_CONTEXT(2) 
PARAMETRIC_REPRESENTATION_CONTEXT() REPRESENTATION_CONTEXT('2D SPACE',''
  ) );
#4556 = PCURVE('',#1386,#4557);
#4557 = DEFINITIONAL_REPRESENTATION('',(#4558),#4562);
#4558 = LINE('',#4559,#4560);
#4559 = CARTESIAN_POINT('',(2.918432362461,10.359292595726));
#4560 = VECTOR('',#4561,1.);
#4561 = DIRECTION('',(0.989368500156,-0.145430295671));
#4562 = ( GEOMETRIC_REPRESENTATION_CONTEXT(2) 
PARAMETRIC_REPRESENTATION_CONTEXT() REPRESENTATION_CONTEXT('2D SPACE',''
  ) );
#4563 = ORIENTED_EDGE('',*,*,#4425,.F.);
#4564 = ORIENTED_EDGE('',*,*,#3403,.F.);
#4565 = ORIENTED_EDGE('',*,*,#3814,.F.);
#4566 = ORIENTED_EDGE('',*,*,#4567,.F.);
#4567 = EDGE_CURVE('',#755,#3792,#4568,.T.);
#4568 = SURFACE_CURVE('',#4569,(#4573,#4580),.PCURVE_S1.);
#4569 = LINE('',#4570,#4571);
#4570 = CARTESIAN_POINT('',(10.337912443771,-97.61633292223,
    24.965260910701));
#4571 = VECTOR('',#4572,1.);
#4572 = DIRECTION('',(0.,0.,1.));
#4573 = PCURVE('',#770,#4574);
#4574 = DEFINITIONAL_REPRESENTATION('',(#4575),#4579);
#4575 = LINE('',#4576,#4577);
#4576 = CARTESIAN_POINT('',(-10.77213416374,-4.346262231338E-15));
#4577 = VECTOR('',#4578,1.);
#4578 = DIRECTION('',(-4.034727162948E-16,1.));
#4579 = ( GEOMETRIC_REPRESENTATION_CONTEXT(2) 
PARAMETRIC_REPRESENTATION_CONTEXT() REPRESENTATION_CONTEXT('2D SPACE',''
  ) );
#4580 = PCURVE('',#798,#4581);
#4581 = DEFINITIONAL_REPRESENTATION('',(#4582),#4586);
#4582 = LINE('',#4583,#4584);
#4583 = CARTESIAN_POINT('',(10.617411715952,0.));
#4584 = VECTOR('',#4585,1.);
#4585 = DIRECTION('',(0.,1.));
#4586 = ( GEOMETRIC_REPRESENTATION_CONTEXT(2) 
PARAMETRIC_REPRESENTATION_CONTEXT() REPRESENTATION_CONTEXT('2D SPACE',''
  ) );
#4587 = ORIENTED_EDGE('',*,*,#754,.F.);
#4588 = ADVANCED_FACE('',(#4589),#360,.T.);
#4589 = FACE_BOUND('',#4590,.T.);
#4590 = EDGE_LOOP('',(#4591,#4592,#4615,#4643,#4671,#4692));
#4591 = ORIENTED_EDGE('',*,*,#346,.F.);
#4592 = ORIENTED_EDGE('',*,*,#4593,.T.);
#4593 = EDGE_CURVE('',#319,#4594,#4596,.T.);
#4594 = VERTEX_POINT('',#4595);
#4595 = CARTESIAN_POINT('',(-29.56443237657,-118.5139759535,
    38.000000000007));
#4596 = SURFACE_CURVE('',#4597,(#4601,#4608),.PCURVE_S1.);
#4597 = LINE('',#4598,#4599);
#4598 = CARTESIAN_POINT('',(-29.56443237657,-118.5139759535,
    82.000000000007));
#4599 = VECTOR('',#4600,1.);
#4600 = DIRECTION('',(-2.593816660559E-22,1.514830410352E-13,-1.));
#4601 = PCURVE('',#360,#4602);
#4602 = DEFINITIONAL_REPRESENTATION('',(#4603),#4607);
#4603 = LINE('',#4604,#4605);
#4604 = CARTESIAN_POINT('',(0.,0.));
#4605 = VECTOR('',#4606,1.);
#4606 = DIRECTION('',(-1.,1.514830410352E-13));
#4607 = ( GEOMETRIC_REPRESENTATION_CONTEXT(2) 
PARAMETRIC_REPRESENTATION_CONTEXT() REPRESENTATION_CONTEXT('2D SPACE',''
  ) );
#4608 = PCURVE('',#334,#4609);
#4609 = DEFINITIONAL_REPRESENTATION('',(#4610),#4614);
#4610 = LINE('',#4611,#4612);
#4611 = CARTESIAN_POINT('',(-29.642,22.));
#4612 = VECTOR('',#4613,1.);
#4613 = DIRECTION('',(4.701977403289E-37,-1.));
#4614 = ( GEOMETRIC_REPRESENTATION_CONTEXT(2) 
PARAMETRIC_REPRESENTATION_CONTEXT() REPRESENTATION_CONTEXT('2D SPACE',''
  ) );
#4615 = ORIENTED_EDGE('',*,*,#4616,.T.);
#4616 = EDGE_CURVE('',#4594,#4617,#4619,.T.);
#4617 = VERTEX_POINT('',#4618);
#4618 = CARTESIAN_POINT('',(-29.56443237657,-123.0139759535,
    38.000000000007));
#4619 = SURFACE_CURVE('',#4620,(#4624,#4631),.PCURVE_S1.);
#4620 = LINE('',#4621,#4622);
#4621 = CARTESIAN_POINT('',(-29.56443237657,-118.5139759535,
    38.000000000007));
#4622 = VECTOR('',#4623,1.);
#4623 = DIRECTION('',(-8.881784197001E-15,-1.,-1.519771962598E-13));
#4624 = PCURVE('',#360,#4625);
#4625 = DEFINITIONAL_REPRESENTATION('',(#4626),#4630);
#4626 = LINE('',#4627,#4628);
#4627 = CARTESIAN_POINT('',(-44.,6.01119154453E-12));
#4628 = VECTOR('',#4629,1.);
#4629 = DIRECTION('',(-1.519771962598E-13,-1.));
#4630 = ( GEOMETRIC_REPRESENTATION_CONTEXT(2) 
PARAMETRIC_REPRESENTATION_CONTEXT() REPRESENTATION_CONTEXT('2D SPACE',''
  ) );
#4631 = PCURVE('',#4632,#4637);
#4632 = PLANE('',#4633);
#4633 = AXIS2_PLACEMENT_3D('',#4634,#4635,#4636);
#4634 = CARTESIAN_POINT('',(-29.42243237657,-118.5139759535,
    38.000000000007));
#4635 = DIRECTION('',(-2.593816617653E-22,1.519771962598E-13,-1.));
#4636 = DIRECTION('',(1.,-8.682795160125E-15,-2.593829813521E-22));
#4637 = DEFINITIONAL_REPRESENTATION('',(#4638),#4642);
#4638 = LINE('',#4639,#4640);
#4639 = CARTESIAN_POINT('',(-0.142,1.232956912738E-15));
#4640 = VECTOR('',#4641,1.);
#4641 = DIRECTION('',(-1.989890368758E-16,1.));
#4642 = ( GEOMETRIC_REPRESENTATION_CONTEXT(2) 
PARAMETRIC_REPRESENTATION_CONTEXT() REPRESENTATION_CONTEXT('2D SPACE',''
  ) );
#4643 = ORIENTED_EDGE('',*,*,#4644,.T.);
#4644 = EDGE_CURVE('',#4617,#4645,#4647,.T.);
#4645 = VERTEX_POINT('',#4646);
#4646 = CARTESIAN_POINT('',(-29.56443237657,-123.0139759535,
    82.000000000006));
#4647 = SURFACE_CURVE('',#4648,(#4652,#4659),.PCURVE_S1.);
#4648 = LINE('',#4649,#4650);
#4649 = CARTESIAN_POINT('',(-29.56443237657,-123.0139759535,
    82.000000000006));
#4650 = VECTOR('',#4651,1.);
#4651 = DIRECTION('',(2.593816660559E-22,-1.514830410352E-13,1.));
#4652 = PCURVE('',#360,#4653);
#4653 = DEFINITIONAL_REPRESENTATION('',(#4654),#4658);
#4654 = LINE('',#4655,#4656);
#4655 = CARTESIAN_POINT('',(-7.105427357601E-13,-4.5));
#4656 = VECTOR('',#4657,1.);
#4657 = DIRECTION('',(1.,-1.514830410352E-13));
#4658 = ( GEOMETRIC_REPRESENTATION_CONTEXT(2) 
PARAMETRIC_REPRESENTATION_CONTEXT() REPRESENTATION_CONTEXT('2D SPACE',''
  ) );
#4659 = PCURVE('',#4660,#4665);
#4660 = PLANE('',#4661);
#4661 = AXIS2_PLACEMENT_3D('',#4662,#4663,#4664);
#4662 = CARTESIAN_POINT('',(7.756762342529E-02,-123.0139759535,
    60.000000000007));
#4663 = DIRECTION('',(-8.682795160125E-15,-1.,-1.514830410352E-13));
#4664 = DIRECTION('',(1.,-8.682795160125E-15,-2.593829813521E-22));
#4665 = DEFINITIONAL_REPRESENTATION('',(#4666),#4670);
#4666 = LINE('',#4667,#4668);
#4667 = CARTESIAN_POINT('',(-29.642,22.));
#4668 = VECTOR('',#4669,1.);
#4669 = DIRECTION('',(-4.701977403289E-37,1.));
#4670 = ( GEOMETRIC_REPRESENTATION_CONTEXT(2) 
PARAMETRIC_REPRESENTATION_CONTEXT() REPRESENTATION_CONTEXT('2D SPACE',''
  ) );
#4671 = ORIENTED_EDGE('',*,*,#4672,.T.);
#4672 = EDGE_CURVE('',#4645,#4188,#4673,.T.);
#4673 = SURFACE_CURVE('',#4674,(#4678,#4685),.PCURVE_S1.);
#4674 = LINE('',#4675,#4676);
#4675 = CARTESIAN_POINT('',(-29.56443237657,-118.5139759535,
    82.000000000007));
#4676 = VECTOR('',#4677,1.);
#4677 = DIRECTION('',(8.881784197001E-15,1.,1.519771962598E-13));
#4678 = PCURVE('',#360,#4679);
#4679 = DEFINITIONAL_REPRESENTATION('',(#4680),#4684);
#4680 = LINE('',#4681,#4682);
#4681 = CARTESIAN_POINT('',(0.,0.));
#4682 = VECTOR('',#4683,1.);
#4683 = DIRECTION('',(1.519771962598E-13,1.));
#4684 = ( GEOMETRIC_REPRESENTATION_CONTEXT(2) 
PARAMETRIC_REPRESENTATION_CONTEXT() REPRESENTATION_CONTEXT('2D SPACE',''
  ) );
#4685 = PCURVE('',#2097,#4686);
#4686 = DEFINITIONAL_REPRESENTATION('',(#4687),#4691);
#4687 = LINE('',#4688,#4689);
#4688 = CARTESIAN_POINT('',(59.142,-4.81241958704E-13));
#4689 = VECTOR('',#4690,1.);
#4690 = DIRECTION('',(-1.989890368758E-16,-1.));
#4691 = ( GEOMETRIC_REPRESENTATION_CONTEXT(2) 
PARAMETRIC_REPRESENTATION_CONTEXT() REPRESENTATION_CONTEXT('2D SPACE',''
  ) );
#4692 = ORIENTED_EDGE('',*,*,#4187,.F.);
#4693 = ADVANCED_FACE('',(#4694),#2864,.T.);
#4694 = FACE_BOUND('',#4695,.T.);
#4695 = EDGE_LOOP('',(#4696,#4697,#4720,#4741));
#4696 = ORIENTED_EDGE('',*,*,#3054,.F.);
#4697 = ORIENTED_EDGE('',*,*,#4698,.F.);
#4698 = EDGE_CURVE('',#4699,#3027,#4701,.T.);
#4699 = VERTEX_POINT('',#4700);
#4700 = CARTESIAN_POINT('',(21.227567623425,-96.01562926907,
    82.000000000025));
#4701 = SURFACE_CURVE('',#4702,(#4706,#4713),.PCURVE_S1.);
#4702 = LINE('',#4703,#4704);
#4703 = CARTESIAN_POINT('',(21.227567623425,-96.01562926907,
    82.000000000025));
#4704 = VECTOR('',#4705,1.);
#4705 = DIRECTION('',(0.,0.,-1.));
#4706 = PCURVE('',#2864,#4707);
#4707 = DEFINITIONAL_REPRESENTATION('',(#4708),#4712);
#4708 = LINE('',#4709,#4710);
#4709 = CARTESIAN_POINT('',(0.,0.));
#4710 = VECTOR('',#4711,1.);
#4711 = DIRECTION('',(0.,1.));
#4712 = ( GEOMETRIC_REPRESENTATION_CONTEXT(2) 
PARAMETRIC_REPRESENTATION_CONTEXT() REPRESENTATION_CONTEXT('2D SPACE',''
  ) );
#4713 = PCURVE('',#3042,#4714);
#4714 = DEFINITIONAL_REPRESENTATION('',(#4715),#4719);
#4715 = LINE('',#4716,#4717);
#4716 = CARTESIAN_POINT('',(0.234538454127,0.));
#4717 = VECTOR('',#4718,1.);
#4718 = DIRECTION('',(0.,1.));
#4719 = ( GEOMETRIC_REPRESENTATION_CONTEXT(2) 
PARAMETRIC_REPRESENTATION_CONTEXT() REPRESENTATION_CONTEXT('2D SPACE',''
  ) );
#4720 = ORIENTED_EDGE('',*,*,#4721,.T.);
#4721 = EDGE_CURVE('',#4699,#2849,#4722,.T.);
#4722 = SURFACE_CURVE('',#4723,(#4727,#4734),.PCURVE_S1.);
#4723 = LINE('',#4724,#4725);
#4724 = CARTESIAN_POINT('',(21.227567623425,-96.01562926907,
    82.000000000025));
#4725 = VECTOR('',#4726,1.);
#4726 = DIRECTION('',(0.969347035974,0.245695591839,0.));
#4727 = PCURVE('',#2864,#4728);
#4728 = DEFINITIONAL_REPRESENTATION('',(#4729),#4733);
#4729 = LINE('',#4730,#4731);
#4730 = CARTESIAN_POINT('',(0.,0.));
#4731 = VECTOR('',#4732,1.);
#4732 = DIRECTION('',(1.,0.));
#4733 = ( GEOMETRIC_REPRESENTATION_CONTEXT(2) 
PARAMETRIC_REPRESENTATION_CONTEXT() REPRESENTATION_CONTEXT('2D SPACE',''
  ) );
#4734 = PCURVE('',#2097,#4735);
#4735 = DEFINITIONAL_REPRESENTATION('',(#4736),#4740);
#4736 = LINE('',#4737,#4738);
#4737 = CARTESIAN_POINT('',(8.35,-22.49834668443));
#4738 = VECTOR('',#4739,1.);
#4739 = DIRECTION('',(-0.969347035974,-0.245695591839));
#4740 = ( GEOMETRIC_REPRESENTATION_CONTEXT(2) 
PARAMETRIC_REPRESENTATION_CONTEXT() REPRESENTATION_CONTEXT('2D SPACE',''
  ) );
#4741 = ORIENTED_EDGE('',*,*,#2848,.T.);
#4742 = ADVANCED_FACE('',(#4743),#3042,.T.);
#4743 = FACE_BOUND('',#4744,.T.);
#4744 = EDGE_LOOP('',(#4745,#4746,#4747,#4768));
#4745 = ORIENTED_EDGE('',*,*,#3026,.F.);
#4746 = ORIENTED_EDGE('',*,*,#4517,.F.);
#4747 = ORIENTED_EDGE('',*,*,#4748,.T.);
#4748 = EDGE_CURVE('',#4495,#4699,#4749,.T.);
#4749 = SURFACE_CURVE('',#4750,(#4754,#4761),.PCURVE_S1.);
#4750 = LINE('',#4751,#4752);
#4751 = CARTESIAN_POINT('',(20.995522664836,-96.0497382658,
    82.000000000025));
#4752 = VECTOR('',#4753,1.);
#4753 = DIRECTION('',(0.989368500156,0.145430295671,0.));
#4754 = PCURVE('',#3042,#4755);
#4755 = DEFINITIONAL_REPRESENTATION('',(#4756),#4760);
#4756 = LINE('',#4757,#4758);
#4757 = CARTESIAN_POINT('',(0.,0.));
#4758 = VECTOR('',#4759,1.);
#4759 = DIRECTION('',(1.,0.));
#4760 = ( GEOMETRIC_REPRESENTATION_CONTEXT(2) 
PARAMETRIC_REPRESENTATION_CONTEXT() REPRESENTATION_CONTEXT('2D SPACE',''
  ) );
#4761 = PCURVE('',#2097,#4762);
#4762 = DEFINITIONAL_REPRESENTATION('',(#4763),#4767);
#4763 = LINE('',#4764,#4765);
#4764 = CARTESIAN_POINT('',(8.582044958589,-22.4642376877));
#4765 = VECTOR('',#4766,1.);
#4766 = DIRECTION('',(-0.989368500156,-0.145430295671));
#4767 = ( GEOMETRIC_REPRESENTATION_CONTEXT(2) 
PARAMETRIC_REPRESENTATION_CONTEXT() REPRESENTATION_CONTEXT('2D SPACE',''
  ) );
#4768 = ORIENTED_EDGE('',*,*,#4698,.T.);
#4769 = ADVANCED_FACE('',(#4770),#1386,.T.);
#4770 = FACE_BOUND('',#4771,.T.);
#4771 = EDGE_LOOP('',(#4772,#4773,#4774,#4775,#4776));
#4772 = ORIENTED_EDGE('',*,*,#4448,.T.);
#4773 = ORIENTED_EDGE('',*,*,#4543,.F.);
#4774 = ORIENTED_EDGE('',*,*,#1370,.F.);
#4775 = ORIENTED_EDGE('',*,*,#2922,.T.);
#4776 = ORIENTED_EDGE('',*,*,#4777,.F.);
#4777 = EDGE_CURVE('',#4449,#2900,#4778,.T.);
#4778 = SURFACE_CURVE('',#4779,(#4783,#4790),.PCURVE_S1.);
#4779 = LINE('',#4780,#4781);
#4780 = CARTESIAN_POINT('',(12.678846103801,-118.5139759535,
    52.000000000025));
#4781 = VECTOR('',#4782,1.);
#4782 = DIRECTION('',(1.,-8.682795160125E-15,0.));
#4783 = PCURVE('',#1386,#4784);
#4784 = DEFINITIONAL_REPRESENTATION('',(#4785),#4789);
#4785 = LINE('',#4786,#4787);
#4786 = CARTESIAN_POINT('',(12.601278480376,-12.30576252507));
#4787 = VECTOR('',#4788,1.);
#4788 = DIRECTION('',(-1.,-8.682795160125E-15));
#4789 = ( GEOMETRIC_REPRESENTATION_CONTEXT(2) 
PARAMETRIC_REPRESENTATION_CONTEXT() REPRESENTATION_CONTEXT('2D SPACE',''
  ) );
#4790 = PCURVE('',#334,#4791);
#4791 = DEFINITIONAL_REPRESENTATION('',(#4792),#4796);
#4792 = LINE('',#4793,#4794);
#4793 = CARTESIAN_POINT('',(12.601278480376,-7.999999999982));
#4794 = VECTOR('',#4795,1.);
#4795 = DIRECTION('',(1.,2.593829813521E-22));
#4796 = ( GEOMETRIC_REPRESENTATION_CONTEXT(2) 
PARAMETRIC_REPRESENTATION_CONTEXT() REPRESENTATION_CONTEXT('2D SPACE',''
  ) );
#4797 = ADVANCED_FACE('',(#4798),#602,.T.);
#4798 = FACE_BOUND('',#4799,.T.);
#4799 = EDGE_LOOP('',(#4800,#4801,#4802,#4803,#4824,#4825,#4826));
#4800 = ORIENTED_EDGE('',*,*,#2603,.F.);
#4801 = ORIENTED_EDGE('',*,*,#2778,.F.);
#4802 = ORIENTED_EDGE('',*,*,#586,.F.);
#4803 = ORIENTED_EDGE('',*,*,#4804,.T.);
#4804 = EDGE_CURVE('',#559,#3576,#4805,.T.);
#4805 = SURFACE_CURVE('',#4806,(#4810,#4817),.PCURVE_S1.);
#4806 = LINE('',#4807,#4808);
#4807 = CARTESIAN_POINT('',(11.34219483062,-88.14171090981,
    24.965260910701));
#4808 = VECTOR('',#4809,1.);
#4809 = DIRECTION('',(2.956844549109E-16,-6.922025192737E-17,1.));
#4810 = PCURVE('',#602,#4811);
#4811 = DEFINITIONAL_REPRESENTATION('',(#4812),#4816);
#4812 = LINE('',#4813,#4814);
#4813 = CARTESIAN_POINT('',(10.258210209674,-4.031337374972E-15));
#4814 = VECTOR('',#4815,1.);
#4815 = DIRECTION('',(1.265409501716E-16,1.));
#4816 = ( GEOMETRIC_REPRESENTATION_CONTEXT(2) 
PARAMETRIC_REPRESENTATION_CONTEXT() REPRESENTATION_CONTEXT('2D SPACE',''
  ) );
#4817 = PCURVE('',#574,#4818);
#4818 = DEFINITIONAL_REPRESENTATION('',(#4819),#4823);
#4819 = LINE('',#4820,#4821);
#4820 = CARTESIAN_POINT('',(-0.914383621625,0.));
#4821 = VECTOR('',#4822,1.);
#4822 = DIRECTION('',(-3.036786791213E-16,1.));
#4823 = ( GEOMETRIC_REPRESENTATION_CONTEXT(2) 
PARAMETRIC_REPRESENTATION_CONTEXT() REPRESENTATION_CONTEXT('2D SPACE',''
  ) );
#4824 = ORIENTED_EDGE('',*,*,#3575,.F.);
#4825 = ORIENTED_EDGE('',*,*,#3334,.F.);
#4826 = ORIENTED_EDGE('',*,*,#4403,.T.);
#4827 = ADVANCED_FACE('',(#4828,#4929,#4960,#4995,#5026,#5057),#334,.F.
  );
#4828 = FACE_BOUND('',#4829,.T.);
#4829 = EDGE_LOOP('',(#4830,#4853,#4854,#4855,#4856,#4877,#4878,#4879,
    #4880,#4903));
#4830 = ORIENTED_EDGE('',*,*,#4831,.T.);
#4831 = EDGE_CURVE('',#4832,#4594,#4834,.T.);
#4832 = VERTEX_POINT('',#4833);
#4833 = CARTESIAN_POINT('',(29.577567623425,-118.5139759535,
    38.000000000007));
#4834 = SURFACE_CURVE('',#4835,(#4839,#4846),.PCURVE_S1.);
#4835 = LINE('',#4836,#4837);
#4836 = CARTESIAN_POINT('',(-29.42243237657,-118.5139759535,
    38.000000000007));
#4837 = VECTOR('',#4838,1.);
#4838 = DIRECTION('',(-1.,0.,0.));
#4839 = PCURVE('',#334,#4840);
#4840 = DEFINITIONAL_REPRESENTATION('',(#4841),#4845);
#4841 = LINE('',#4842,#4843);
#4842 = CARTESIAN_POINT('',(-29.5,-22.));
#4843 = VECTOR('',#4844,1.);
#4844 = DIRECTION('',(-1.,-2.593816660559E-22));
#4845 = ( GEOMETRIC_REPRESENTATION_CONTEXT(2) 
PARAMETRIC_REPRESENTATION_CONTEXT() REPRESENTATION_CONTEXT('2D SPACE',''
  ) );
#4846 = PCURVE('',#4632,#4847);
#4847 = DEFINITIONAL_REPRESENTATION('',(#4848),#4852);
#4848 = LINE('',#4849,#4850);
#4849 = CARTESIAN_POINT('',(0.,-0.));
#4850 = VECTOR('',#4851,1.);
#4851 = DIRECTION('',(-1.,8.682795160125E-15));
#4852 = ( GEOMETRIC_REPRESENTATION_CONTEXT(2) 
PARAMETRIC_REPRESENTATION_CONTEXT() REPRESENTATION_CONTEXT('2D SPACE',''
  ) );
#4853 = ORIENTED_EDGE('',*,*,#4593,.F.);
#4854 = ORIENTED_EDGE('',*,*,#318,.T.);
#4855 = ORIENTED_EDGE('',*,*,#2109,.T.);
#4856 = ORIENTED_EDGE('',*,*,#4857,.F.);
#4857 = EDGE_CURVE('',#4472,#2082,#4858,.T.);
#4858 = SURFACE_CURVE('',#4859,(#4863,#4870),.PCURVE_S1.);
#4859 = LINE('',#4860,#4861);
#4860 = CARTESIAN_POINT('',(29.577567623425,-118.5139759535,
    82.000000000007));
#4861 = VECTOR('',#4862,1.);
#4862 = DIRECTION('',(-1.,8.682795160125E-15,2.593829813521E-22));
#4863 = PCURVE('',#334,#4864);
#4864 = DEFINITIONAL_REPRESENTATION('',(#4865),#4869);
#4865 = LINE('',#4866,#4867);
#4866 = CARTESIAN_POINT('',(29.5,22.));
#4867 = VECTOR('',#4868,1.);
#4868 = DIRECTION('',(-1.,0.));
#4869 = ( GEOMETRIC_REPRESENTATION_CONTEXT(2) 
PARAMETRIC_REPRESENTATION_CONTEXT() REPRESENTATION_CONTEXT('2D SPACE',''
  ) );
#4870 = PCURVE('',#2097,#4871);
#4871 = DEFINITIONAL_REPRESENTATION('',(#4872),#4876);
#4872 = LINE('',#4873,#4874);
#4873 = CARTESIAN_POINT('',(0.,-0.));
#4874 = VECTOR('',#4875,1.);
#4875 = DIRECTION('',(1.,-3.94202982634E-35));
#4876 = ( GEOMETRIC_REPRESENTATION_CONTEXT(2) 
PARAMETRIC_REPRESENTATION_CONTEXT() REPRESENTATION_CONTEXT('2D SPACE',''
  ) );
#4877 = ORIENTED_EDGE('',*,*,#4471,.T.);
#4878 = ORIENTED_EDGE('',*,*,#4777,.T.);
#4879 = ORIENTED_EDGE('',*,*,#2899,.T.);
#4880 = ORIENTED_EDGE('',*,*,#4881,.F.);
#4881 = EDGE_CURVE('',#4882,#2877,#4884,.T.);
#4882 = VERTEX_POINT('',#4883);
#4883 = CARTESIAN_POINT('',(29.577567623425,-118.5139759535,
    82.000000000007));
#4884 = SURFACE_CURVE('',#4885,(#4889,#4896),.PCURVE_S1.);
#4885 = LINE('',#4886,#4887);
#4886 = CARTESIAN_POINT('',(29.577567623425,-118.5139759535,
    82.000000000007));
#4887 = VECTOR('',#4888,1.);
#4888 = DIRECTION('',(-1.,8.682795160125E-15,2.593829813521E-22));
#4889 = PCURVE('',#334,#4890);
#4890 = DEFINITIONAL_REPRESENTATION('',(#4891),#4895);
#4891 = LINE('',#4892,#4893);
#4892 = CARTESIAN_POINT('',(29.5,22.));
#4893 = VECTOR('',#4894,1.);
#4894 = DIRECTION('',(-1.,0.));
#4895 = ( GEOMETRIC_REPRESENTATION_CONTEXT(2) 
PARAMETRIC_REPRESENTATION_CONTEXT() REPRESENTATION_CONTEXT('2D SPACE',''
  ) );
#4896 = PCURVE('',#2097,#4897);
#4897 = DEFINITIONAL_REPRESENTATION('',(#4898),#4902);
#4898 = LINE('',#4899,#4900);
#4899 = CARTESIAN_POINT('',(0.,-0.));
#4900 = VECTOR('',#4901,1.);
#4901 = DIRECTION('',(1.,-3.94202982634E-35));
#4902 = ( GEOMETRIC_REPRESENTATION_CONTEXT(2) 
PARAMETRIC_REPRESENTATION_CONTEXT() REPRESENTATION_CONTEXT('2D SPACE',''
  ) );
#4903 = ORIENTED_EDGE('',*,*,#4904,.F.);
#4904 = EDGE_CURVE('',#4832,#4882,#4905,.T.);
#4905 = SURFACE_CURVE('',#4906,(#4910,#4917),.PCURVE_S1.);
#4906 = LINE('',#4907,#4908);
#4907 = CARTESIAN_POINT('',(29.577567623425,-118.5139759535,
    38.000000000007));
#4908 = VECTOR('',#4909,1.);
#4909 = DIRECTION('',(2.593816660559E-22,-1.514830410352E-13,1.));
#4910 = PCURVE('',#334,#4911);
#4911 = DEFINITIONAL_REPRESENTATION('',(#4912),#4916);
#4912 = LINE('',#4913,#4914);
#4913 = CARTESIAN_POINT('',(29.5,-22.));
#4914 = VECTOR('',#4915,1.);
#4915 = DIRECTION('',(-4.701977403289E-37,1.));
#4916 = ( GEOMETRIC_REPRESENTATION_CONTEXT(2) 
PARAMETRIC_REPRESENTATION_CONTEXT() REPRESENTATION_CONTEXT('2D SPACE',''
  ) );
#4917 = PCURVE('',#4918,#4923);
#4918 = PLANE('',#4919);
#4919 = AXIS2_PLACEMENT_3D('',#4920,#4921,#4922);
#4920 = CARTESIAN_POINT('',(29.577567623425,-118.5139759535,
    38.000000000007));
#4921 = DIRECTION('',(1.,-8.881784197001E-15,-2.593830114956E-22));
#4922 = DIRECTION('',(2.593816660559E-22,-1.514830410352E-13,1.));
#4923 = DEFINITIONAL_REPRESENTATION('',(#4924),#4928);
#4924 = LINE('',#4925,#4926);
#4925 = CARTESIAN_POINT('',(0.,-0.));
#4926 = VECTOR('',#4927,1.);
#4927 = DIRECTION('',(1.,0.));
#4928 = ( GEOMETRIC_REPRESENTATION_CONTEXT(2) 
PARAMETRIC_REPRESENTATION_CONTEXT() REPRESENTATION_CONTEXT('2D SPACE',''
  ) );
#4929 = FACE_BOUND('',#4930,.T.);
#4930 = EDGE_LOOP('',(#4931));
#4931 = ORIENTED_EDGE('',*,*,#4932,.T.);
#4932 = EDGE_CURVE('',#4933,#4933,#4935,.T.);
#4933 = VERTEX_POINT('',#4934);
#4934 = CARTESIAN_POINT('',(-17.67243237657,-118.5139759535,
    75.500000000007));
#4935 = SURFACE_CURVE('',#4936,(#4941,#4948),.PCURVE_S1.);
#4936 = CIRCLE('',#4937,2.25);
#4937 = AXIS2_PLACEMENT_3D('',#4938,#4939,#4940);
#4938 = CARTESIAN_POINT('',(-15.42243237657,-118.5139759535,
    75.500000000007));
#4939 = DIRECTION('',(-8.682795160125E-15,-1.,-1.514830410352E-13));
#4940 = DIRECTION('',(1.,-8.682795160125E-15,-2.593829814504E-22));
#4941 = PCURVE('',#334,#4942);
#4942 = DEFINITIONAL_REPRESENTATION('',(#4943),#4947);
#4943 = CIRCLE('',#4944,2.25);
#4944 = AXIS2_PLACEMENT_2D('',#4945,#4946);
#4945 = CARTESIAN_POINT('',(-15.5,15.5));
#4946 = DIRECTION('',(1.,-9.833156005928E-32));
#4947 = ( GEOMETRIC_REPRESENTATION_CONTEXT(2) 
PARAMETRIC_REPRESENTATION_CONTEXT() REPRESENTATION_CONTEXT('2D SPACE',''
  ) );
#4948 = PCURVE('',#4949,#4954);
#4949 = CYLINDRICAL_SURFACE('',#4950,2.25);
#4950 = AXIS2_PLACEMENT_3D('',#4951,#4952,#4953);
#4951 = CARTESIAN_POINT('',(-15.42243237657,-118.5139759535,
    75.500000000007));
#4952 = DIRECTION('',(-8.881784197001E-15,-1.,-1.519771962598E-13));
#4953 = DIRECTION('',(1.,-8.881784197001E-15,-2.593830115939E-22));
#4954 = DEFINITIONAL_REPRESENTATION('',(#4955),#4959);
#4955 = LINE('',#4956,#4957);
#4956 = CARTESIAN_POINT('',(0.,0.));
#4957 = VECTOR('',#4958,1.);
#4958 = DIRECTION('',(1.,0.));
#4959 = ( GEOMETRIC_REPRESENTATION_CONTEXT(2) 
PARAMETRIC_REPRESENTATION_CONTEXT() REPRESENTATION_CONTEXT('2D SPACE',''
  ) );
#4960 = FACE_BOUND('',#4961,.T.);
#4961 = EDGE_LOOP('',(#4962));
#4962 = ORIENTED_EDGE('',*,*,#4963,.F.);
#4963 = EDGE_CURVE('',#4964,#4964,#4966,.T.);
#4964 = VERTEX_POINT('',#4965);
#4965 = CARTESIAN_POINT('',(-4.422432376575,-118.5139759535,
    60.000000000007));
#4966 = SURFACE_CURVE('',#4967,(#4972,#4983),.PCURVE_S1.);
#4967 = CIRCLE('',#4968,4.5);
#4968 = AXIS2_PLACEMENT_3D('',#4969,#4970,#4971);
#4969 = CARTESIAN_POINT('',(7.756762342533E-02,-118.5139759535,
    60.000000000007));
#4970 = DIRECTION('',(8.682795160125E-15,1.,1.514830410352E-13));
#4971 = DIRECTION('',(1.,-8.682795160125E-15,-2.593829813521E-22));
#4972 = PCURVE('',#334,#4973);
#4973 = DEFINITIONAL_REPRESENTATION('',(#4974),#4982);
#4974 = ( BOUNDED_CURVE() B_SPLINE_CURVE(2,(#4975,#4976,#4977,#4978,
#4979,#4980,#4981),.UNSPECIFIED.,.T.,.F.) B_SPLINE_CURVE_WITH_KNOTS((1,2
    ,2,2,2,1),(-2.094395102393,0.,2.094395102393,4.188790204786,
6.28318530718,8.377580409573),.UNSPECIFIED.) CURVE() 
GEOMETRIC_REPRESENTATION_ITEM() RATIONAL_B_SPLINE_CURVE((1.,0.5,1.,0.5,
1.,0.5,1.)) REPRESENTATION_ITEM('') );
#4975 = CARTESIAN_POINT('',(4.5,4.67953683959E-37));
#4976 = CARTESIAN_POINT('',(4.5,-7.79422863406));
#4977 = CARTESIAN_POINT('',(-2.25,-3.89711431703));
#4978 = CARTESIAN_POINT('',(-9.,-1.102182119233E-15));
#4979 = CARTESIAN_POINT('',(-2.25,3.89711431703));
#4980 = CARTESIAN_POINT('',(4.5,7.79422863406));
#4981 = CARTESIAN_POINT('',(4.5,4.67953683959E-37));
#4982 = ( GEOMETRIC_REPRESENTATION_CONTEXT(2) 
PARAMETRIC_REPRESENTATION_CONTEXT() REPRESENTATION_CONTEXT('2D SPACE',''
  ) );
#4983 = PCURVE('',#4984,#4989);
#4984 = CYLINDRICAL_SURFACE('',#4985,4.5);
#4985 = AXIS2_PLACEMENT_3D('',#4986,#4987,#4988);
#4986 = CARTESIAN_POINT('',(7.756762342533E-02,-118.5139759535,
    60.000000000007));
#4987 = DIRECTION('',(-8.881784197001E-15,-1.,-1.519771962598E-13));
#4988 = DIRECTION('',(1.,-8.881784197001E-15,-2.593830115939E-22));
#4989 = DEFINITIONAL_REPRESENTATION('',(#4990),#4994);
#4990 = LINE('',#4991,#4992);
#4991 = CARTESIAN_POINT('',(6.28318530718,0.));
#4992 = VECTOR('',#4993,1.);
#4993 = DIRECTION('',(-1.,0.));
#4994 = ( GEOMETRIC_REPRESENTATION_CONTEXT(2) 
PARAMETRIC_REPRESENTATION_CONTEXT() REPRESENTATION_CONTEXT('2D SPACE',''
  ) );
#4995 = FACE_BOUND('',#4996,.T.);
#4996 = EDGE_LOOP('',(#4997));
#4997 = ORIENTED_EDGE('',*,*,#4998,.T.);
#4998 = EDGE_CURVE('',#4999,#4999,#5001,.T.);
#4999 = VERTEX_POINT('',#5000);
#5000 = CARTESIAN_POINT('',(13.327567623426,-118.5139759535,
    44.500000000008));
#5001 = SURFACE_CURVE('',#5002,(#5007,#5014),.PCURVE_S1.);
#5002 = CIRCLE('',#5003,2.25);
#5003 = AXIS2_PLACEMENT_3D('',#5004,#5005,#5006);
#5004 = CARTESIAN_POINT('',(15.577567623425,-118.5139759535,
    44.500000000008));
#5005 = DIRECTION('',(-8.682795160125E-15,-1.,-1.514830410352E-13));
#5006 = DIRECTION('',(1.,-8.682795160125E-15,-2.593829814504E-22));
#5007 = PCURVE('',#334,#5008);
#5008 = DEFINITIONAL_REPRESENTATION('',(#5009),#5013);
#5009 = CIRCLE('',#5010,2.25);
#5010 = AXIS2_PLACEMENT_2D('',#5011,#5012);
#5011 = CARTESIAN_POINT('',(15.5,-15.49999999999));
#5012 = DIRECTION('',(1.,-9.833156005928E-32));
#5013 = ( GEOMETRIC_REPRESENTATION_CONTEXT(2) 
PARAMETRIC_REPRESENTATION_CONTEXT() REPRESENTATION_CONTEXT('2D SPACE',''
  ) );
#5014 = PCURVE('',#5015,#5020);
#5015 = CYLINDRICAL_SURFACE('',#5016,2.25);
#5016 = AXIS2_PLACEMENT_3D('',#5017,#5018,#5019);
#5017 = CARTESIAN_POINT('',(15.577567623425,-118.5139759535,
    44.500000000008));
#5018 = DIRECTION('',(-8.881784197001E-15,-1.,-1.519771962598E-13));
#5019 = DIRECTION('',(1.,-8.881784197001E-15,-2.593830115939E-22));
#5020 = DEFINITIONAL_REPRESENTATION('',(#5021),#5025);
#5021 = LINE('',#5022,#5023);
#5022 = CARTESIAN_POINT('',(-6.28318530718,1.42108547152E-14));
#5023 = VECTOR('',#5024,1.);
#5024 = DIRECTION('',(1.,0.));
#5025 = ( GEOMETRIC_REPRESENTATION_CONTEXT(2) 
PARAMETRIC_REPRESENTATION_CONTEXT() REPRESENTATION_CONTEXT('2D SPACE',''
  ) );
#5026 = FACE_BOUND('',#5027,.T.);
#5027 = EDGE_LOOP('',(#5028));
#5028 = ORIENTED_EDGE('',*,*,#5029,.T.);
#5029 = EDGE_CURVE('',#5030,#5030,#5032,.T.);
#5030 = VERTEX_POINT('',#5031);
#5031 = CARTESIAN_POINT('',(-17.67243237657,-118.5139759535,
    44.500000000007));
#5032 = SURFACE_CURVE('',#5033,(#5038,#5045),.PCURVE_S1.);
#5033 = CIRCLE('',#5034,2.25);
#5034 = AXIS2_PLACEMENT_3D('',#5035,#5036,#5037);
#5035 = CARTESIAN_POINT('',(-15.42243237657,-118.5139759535,
    44.500000000007));
#5036 = DIRECTION('',(-8.682795160125E-15,-1.,-1.514830410352E-13));
#5037 = DIRECTION('',(1.,-8.682795160125E-15,-2.593829814504E-22));
#5038 = PCURVE('',#334,#5039);
#5039 = DEFINITIONAL_REPRESENTATION('',(#5040),#5044);
#5040 = CIRCLE('',#5041,2.25);
#5041 = AXIS2_PLACEMENT_2D('',#5042,#5043);
#5042 = CARTESIAN_POINT('',(-15.5,-15.5));
#5043 = DIRECTION('',(1.,-9.833156005928E-32));
#5044 = ( GEOMETRIC_REPRESENTATION_CONTEXT(2) 
PARAMETRIC_REPRESENTATION_CONTEXT() REPRESENTATION_CONTEXT('2D SPACE',''
  ) );
#5045 = PCURVE('',#5046,#5051);
#5046 = CYLINDRICAL_SURFACE('',#5047,2.25);
#5047 = AXIS2_PLACEMENT_3D('',#5048,#5049,#5050);
#5048 = CARTESIAN_POINT('',(-15.42243237657,-118.5139759535,
    44.500000000007));
#5049 = DIRECTION('',(-8.881784197001E-15,-1.,-1.519771962598E-13));
#5050 = DIRECTION('',(1.,-8.881784197001E-15,-2.593830115939E-22));
#5051 = DEFINITIONAL_REPRESENTATION('',(#5052),#5056);
#5052 = LINE('',#5053,#5054);
#5053 = CARTESIAN_POINT('',(-6.28318530718,0.));
#5054 = VECTOR('',#5055,1.);
#5055 = DIRECTION('',(1.,0.));
#5056 = ( GEOMETRIC_REPRESENTATION_CONTEXT(2) 
PARAMETRIC_REPRESENTATION_CONTEXT() REPRESENTATION_CONTEXT('2D SPACE',''
  ) );
#5057 = FACE_BOUND('',#5058,.T.);
#5058 = EDGE_LOOP('',(#5059));
#5059 = ORIENTED_EDGE('',*,*,#5060,.T.);
#5060 = EDGE_CURVE('',#5061,#5061,#5063,.T.);
#5061 = VERTEX_POINT('',#5062);
#5062 = CARTESIAN_POINT('',(13.327567623425,-118.5139759535,
    75.500000000007));
#5063 = SURFACE_CURVE('',#5064,(#5069,#5076),.PCURVE_S1.);
#5064 = CIRCLE('',#5065,2.25);
#5065 = AXIS2_PLACEMENT_3D('',#5066,#5067,#5068);
#5066 = CARTESIAN_POINT('',(15.577567623425,-118.5139759535,
    75.500000000007));
#5067 = DIRECTION('',(-8.682795160125E-15,-1.,-1.514830410352E-13));
#5068 = DIRECTION('',(1.,-8.682795160125E-15,-2.593829814504E-22));
#5069 = PCURVE('',#334,#5070);
#5070 = DEFINITIONAL_REPRESENTATION('',(#5071),#5075);
#5071 = CIRCLE('',#5072,2.25);
#5072 = AXIS2_PLACEMENT_2D('',#5073,#5074);
#5073 = CARTESIAN_POINT('',(15.5,15.5));
#5074 = DIRECTION('',(1.,-9.833156005928E-32));
#5075 = ( GEOMETRIC_REPRESENTATION_CONTEXT(2) 
PARAMETRIC_REPRESENTATION_CONTEXT() REPRESENTATION_CONTEXT('2D SPACE',''
  ) );
#5076 = PCURVE('',#5077,#5082);
#5077 = CYLINDRICAL_SURFACE('',#5078,2.25);
#5078 = AXIS2_PLACEMENT_3D('',#5079,#5080,#5081);
#5079 = CARTESIAN_POINT('',(15.577567623425,-118.5139759535,
    75.500000000007));
#5080 = DIRECTION('',(-8.881784197001E-15,-1.,-1.519771962598E-13));
#5081 = DIRECTION('',(1.,-8.881784197001E-15,-2.593830115939E-22));
#5082 = DEFINITIONAL_REPRESENTATION('',(#5083),#5087);
#5083 = LINE('',#5084,#5085);
#5084 = CARTESIAN_POINT('',(0.,1.42108547152E-14));
#5085 = VECTOR('',#5086,1.);
#5086 = DIRECTION('',(1.,0.));
#5087 = ( GEOMETRIC_REPRESENTATION_CONTEXT(2) 
PARAMETRIC_REPRESENTATION_CONTEXT() REPRESENTATION_CONTEXT('2D SPACE',''
  ) );
#5088 = ADVANCED_FACE('',(#5089),#2069,.T.);
#5089 = FACE_BOUND('',#5090,.T.);
#5090 = EDGE_LOOP('',(#5091,#5092,#5115,#5136));
#5091 = ORIENTED_EDGE('',*,*,#2286,.F.);
#5092 = ORIENTED_EDGE('',*,*,#5093,.F.);
#5093 = EDGE_CURVE('',#5094,#2259,#5096,.T.);
#5094 = VERTEX_POINT('',#5095);
#5095 = CARTESIAN_POINT('',(-21.22756762342,-96.01562926907,
    82.000000000025));
#5096 = SURFACE_CURVE('',#5097,(#5101,#5108),.PCURVE_S1.);
#5097 = LINE('',#5098,#5099);
#5098 = CARTESIAN_POINT('',(-21.22756762342,-96.01562926907,
    82.000000000025));
#5099 = VECTOR('',#5100,1.);
#5100 = DIRECTION('',(0.,0.,-1.));
#5101 = PCURVE('',#2069,#5102);
#5102 = DEFINITIONAL_REPRESENTATION('',(#5103),#5107);
#5103 = LINE('',#5104,#5105);
#5104 = CARTESIAN_POINT('',(0.,0.));
#5105 = VECTOR('',#5106,1.);
#5106 = DIRECTION('',(0.,1.));
#5107 = ( GEOMETRIC_REPRESENTATION_CONTEXT(2) 
PARAMETRIC_REPRESENTATION_CONTEXT() REPRESENTATION_CONTEXT('2D SPACE',''
  ) );
#5108 = PCURVE('',#2274,#5109);
#5109 = DEFINITIONAL_REPRESENTATION('',(#5110),#5114);
#5110 = LINE('',#5111,#5112);
#5111 = CARTESIAN_POINT('',(8.600798858087,0.));
#5112 = VECTOR('',#5113,1.);
#5113 = DIRECTION('',(0.,1.));
#5114 = ( GEOMETRIC_REPRESENTATION_CONTEXT(2) 
PARAMETRIC_REPRESENTATION_CONTEXT() REPRESENTATION_CONTEXT('2D SPACE',''
  ) );
#5115 = ORIENTED_EDGE('',*,*,#5116,.T.);
#5116 = EDGE_CURVE('',#5094,#2054,#5117,.T.);
#5117 = SURFACE_CURVE('',#5118,(#5122,#5129),.PCURVE_S1.);
#5118 = LINE('',#5119,#5120);
#5119 = CARTESIAN_POINT('',(-21.22756762342,-96.01562926907,
    82.000000000025));
#5120 = VECTOR('',#5121,1.);
#5121 = DIRECTION('',(0.989368500156,-0.145430295671,0.));
#5122 = PCURVE('',#2069,#5123);
#5123 = DEFINITIONAL_REPRESENTATION('',(#5124),#5128);
#5124 = LINE('',#5125,#5126);
#5125 = CARTESIAN_POINT('',(0.,0.));
#5126 = VECTOR('',#5127,1.);
#5127 = DIRECTION('',(1.,0.));
#5128 = ( GEOMETRIC_REPRESENTATION_CONTEXT(2) 
PARAMETRIC_REPRESENTATION_CONTEXT() REPRESENTATION_CONTEXT('2D SPACE',''
  ) );
#5129 = PCURVE('',#2097,#5130);
#5130 = DEFINITIONAL_REPRESENTATION('',(#5131),#5135);
#5131 = LINE('',#5132,#5133);
#5132 = CARTESIAN_POINT('',(50.805135246851,-22.49834668443));
#5133 = VECTOR('',#5134,1.);
#5134 = DIRECTION('',(-0.989368500156,0.145430295671));
#5135 = ( GEOMETRIC_REPRESENTATION_CONTEXT(2) 
PARAMETRIC_REPRESENTATION_CONTEXT() REPRESENTATION_CONTEXT('2D SPACE',''
  ) );
#5136 = ORIENTED_EDGE('',*,*,#2053,.T.);
#5137 = ADVANCED_FACE('',(#5138),#2274,.T.);
#5138 = FACE_BOUND('',#5139,.T.);
#5139 = EDGE_LOOP('',(#5140,#5141,#5142,#5163));
#5140 = ORIENTED_EDGE('',*,*,#2258,.F.);
#5141 = ORIENTED_EDGE('',*,*,#4233,.F.);
#5142 = ORIENTED_EDGE('',*,*,#5143,.T.);
#5143 = EDGE_CURVE('',#4211,#5094,#5144,.T.);
#5144 = SURFACE_CURVE('',#5145,(#5149,#5156),.PCURVE_S1.);
#5145 = LINE('',#5146,#5147);
#5146 = CARTESIAN_POINT('',(-29.56472650351,-93.90245090334,
    82.000000000025));
#5147 = VECTOR('',#5148,1.);
#5148 = DIRECTION('',(0.969347035974,-0.245695591839,0.));
#5149 = PCURVE('',#2274,#5150);
#5150 = DEFINITIONAL_REPRESENTATION('',(#5151),#5155);
#5151 = LINE('',#5152,#5153);
#5152 = CARTESIAN_POINT('',(0.,0.));
#5153 = VECTOR('',#5154,1.);
#5154 = DIRECTION('',(1.,0.));
#5155 = ( GEOMETRIC_REPRESENTATION_CONTEXT(2) 
PARAMETRIC_REPRESENTATION_CONTEXT() REPRESENTATION_CONTEXT('2D SPACE',''
  ) );
#5156 = PCURVE('',#2097,#5157);
#5157 = DEFINITIONAL_REPRESENTATION('',(#5158),#5162);
#5158 = LINE('',#5159,#5160);
#5159 = CARTESIAN_POINT('',(59.142294126942,-24.61152505016));
#5160 = VECTOR('',#5161,1.);
#5161 = DIRECTION('',(-0.969347035974,0.245695591839));
#5162 = ( GEOMETRIC_REPRESENTATION_CONTEXT(2) 
PARAMETRIC_REPRESENTATION_CONTEXT() REPRESENTATION_CONTEXT('2D SPACE',''
  ) );
#5163 = ORIENTED_EDGE('',*,*,#5093,.T.);
#5164 = ADVANCED_FACE('',(#5165),#4949,.F.);
#5165 = FACE_BOUND('',#5166,.F.);
#5166 = EDGE_LOOP('',(#5167,#5190,#5191,#5192));
#5167 = ORIENTED_EDGE('',*,*,#5168,.T.);
#5168 = EDGE_CURVE('',#5169,#4933,#5171,.T.);
#5169 = VERTEX_POINT('',#5170);
#5170 = CARTESIAN_POINT('',(-17.67243237657,-123.0139759535,
    75.500000000006));
#5171 = SEAM_CURVE('',#5172,(#5176,#5183),.PCURVE_S1.);
#5172 = LINE('',#5173,#5174);
#5173 = CARTESIAN_POINT('',(-17.67243237657,-118.5139759535,
    75.500000000007));
#5174 = VECTOR('',#5175,1.);
#5175 = DIRECTION('',(8.881784197001E-15,1.,1.519771962598E-13));
#5176 = PCURVE('',#4949,#5177);
#5177 = DEFINITIONAL_REPRESENTATION('',(#5178),#5182);
#5178 = LINE('',#5179,#5180);
#5179 = CARTESIAN_POINT('',(3.14159265359,-9.947598300641E-13));
#5180 = VECTOR('',#5181,1.);
#5181 = DIRECTION('',(1.381610875089E-15,-1.));
#5182 = ( GEOMETRIC_REPRESENTATION_CONTEXT(2) 
PARAMETRIC_REPRESENTATION_CONTEXT() REPRESENTATION_CONTEXT('2D SPACE',''
  ) );
#5183 = PCURVE('',#4949,#5184);
#5184 = DEFINITIONAL_REPRESENTATION('',(#5185),#5189);
#5185 = LINE('',#5186,#5187);
#5186 = CARTESIAN_POINT('',(9.424777960769,-9.947598300641E-13));
#5187 = VECTOR('',#5188,1.);
#5188 = DIRECTION('',(1.381610875089E-15,-1.));
#5189 = ( GEOMETRIC_REPRESENTATION_CONTEXT(2) 
PARAMETRIC_REPRESENTATION_CONTEXT() REPRESENTATION_CONTEXT('2D SPACE',''
  ) );
#5190 = ORIENTED_EDGE('',*,*,#4932,.T.);
#5191 = ORIENTED_EDGE('',*,*,#5168,.F.);
#5192 = ORIENTED_EDGE('',*,*,#5193,.F.);
#5193 = EDGE_CURVE('',#5169,#5169,#5194,.T.);
#5194 = SURFACE_CURVE('',#5195,(#5200,#5207),.PCURVE_S1.);
#5195 = CIRCLE('',#5196,2.25);
#5196 = AXIS2_PLACEMENT_3D('',#5197,#5198,#5199);
#5197 = CARTESIAN_POINT('',(-15.42243237657,-123.0139759535,
    75.500000000006));
#5198 = DIRECTION('',(-8.682795160125E-15,-1.,-1.514830410352E-13));
#5199 = DIRECTION('',(1.,-8.682795160125E-15,-2.593829814504E-22));
#5200 = PCURVE('',#4949,#5201);
#5201 = DEFINITIONAL_REPRESENTATION('',(#5202),#5206);
#5202 = LINE('',#5203,#5204);
#5203 = CARTESIAN_POINT('',(6.217248937901E-15,4.5));
#5204 = VECTOR('',#5205,1.);
#5205 = DIRECTION('',(1.,0.));
#5206 = ( GEOMETRIC_REPRESENTATION_CONTEXT(2) 
PARAMETRIC_REPRESENTATION_CONTEXT() REPRESENTATION_CONTEXT('2D SPACE',''
  ) );
#5207 = PCURVE('',#4660,#5208);
#5208 = DEFINITIONAL_REPRESENTATION('',(#5209),#5213);
#5209 = CIRCLE('',#5210,2.25);
#5210 = AXIS2_PLACEMENT_2D('',#5211,#5212);
#5211 = CARTESIAN_POINT('',(-15.5,15.5));
#5212 = DIRECTION('',(1.,-9.833156005928E-32));
#5213 = ( GEOMETRIC_REPRESENTATION_CONTEXT(2) 
PARAMETRIC_REPRESENTATION_CONTEXT() REPRESENTATION_CONTEXT('2D SPACE',''
  ) );
#5214 = ADVANCED_FACE('',(#5215),#4984,.F.);
#5215 = FACE_BOUND('',#5216,.F.);
#5216 = EDGE_LOOP('',(#5217,#5240,#5241,#5242));
#5217 = ORIENTED_EDGE('',*,*,#5218,.T.);
#5218 = EDGE_CURVE('',#5219,#4964,#5221,.T.);
#5219 = VERTEX_POINT('',#5220);
#5220 = CARTESIAN_POINT('',(-4.422432376575,-123.0139759535,
    60.000000000007));
#5221 = SEAM_CURVE('',#5222,(#5226,#5233),.PCURVE_S1.);
#5222 = LINE('',#5223,#5224);
#5223 = CARTESIAN_POINT('',(-4.422432376575,-118.5139759535,
    60.000000000007));
#5224 = VECTOR('',#5225,1.);
#5225 = DIRECTION('',(8.881784197001E-15,1.,1.519771962598E-13));
#5226 = PCURVE('',#4984,#5227);
#5227 = DEFINITIONAL_REPRESENTATION('',(#5228),#5232);
#5228 = LINE('',#5229,#5230);
#5229 = CARTESIAN_POINT('',(-3.14159265359,4.263256414561E-14));
#5230 = VECTOR('',#5231,1.);
#5231 = DIRECTION('',(0.,-1.));
#5232 = ( GEOMETRIC_REPRESENTATION_CONTEXT(2) 
PARAMETRIC_REPRESENTATION_CONTEXT() REPRESENTATION_CONTEXT('2D SPACE',''
  ) );
#5233 = PCURVE('',#4984,#5234);
#5234 = DEFINITIONAL_REPRESENTATION('',(#5235),#5239);
#5235 = LINE('',#5236,#5237);
#5236 = CARTESIAN_POINT('',(3.14159265359,4.263256414561E-14));
#5237 = VECTOR('',#5238,1.);
#5238 = DIRECTION('',(0.,-1.));
#5239 = ( GEOMETRIC_REPRESENTATION_CONTEXT(2) 
PARAMETRIC_REPRESENTATION_CONTEXT() REPRESENTATION_CONTEXT('2D SPACE',''
  ) );
#5240 = ORIENTED_EDGE('',*,*,#4963,.F.);
#5241 = ORIENTED_EDGE('',*,*,#5218,.F.);
#5242 = ORIENTED_EDGE('',*,*,#5243,.T.);
#5243 = EDGE_CURVE('',#5219,#5219,#5244,.T.);
#5244 = SURFACE_CURVE('',#5245,(#5250,#5257),.PCURVE_S1.);
#5245 = CIRCLE('',#5246,4.5);
#5246 = AXIS2_PLACEMENT_3D('',#5247,#5248,#5249);
#5247 = CARTESIAN_POINT('',(7.756762342529E-02,-123.0139759535,
    60.000000000007));
#5248 = DIRECTION('',(8.682795160125E-15,1.,1.514830410352E-13));
#5249 = DIRECTION('',(1.,-8.682795160125E-15,-2.593829813521E-22));
#5250 = PCURVE('',#4984,#5251);
#5251 = DEFINITIONAL_REPRESENTATION('',(#5252),#5256);
#5252 = LINE('',#5253,#5254);
#5253 = CARTESIAN_POINT('',(6.28318530718,4.5));
#5254 = VECTOR('',#5255,1.);
#5255 = DIRECTION('',(-1.,0.));
#5256 = ( GEOMETRIC_REPRESENTATION_CONTEXT(2) 
PARAMETRIC_REPRESENTATION_CONTEXT() REPRESENTATION_CONTEXT('2D SPACE',''
  ) );
#5257 = PCURVE('',#4660,#5258);
#5258 = DEFINITIONAL_REPRESENTATION('',(#5259),#5267);
#5259 = ( BOUNDED_CURVE() B_SPLINE_CURVE(2,(#5260,#5261,#5262,#5263,
#5264,#5265,#5266),.UNSPECIFIED.,.T.,.F.) B_SPLINE_CURVE_WITH_KNOTS((1,2
    ,2,2,2,1),(-2.094395102393,0.,2.094395102393,4.188790204786,
6.28318530718,8.377580409573),.UNSPECIFIED.) CURVE() 
GEOMETRIC_REPRESENTATION_ITEM() RATIONAL_B_SPLINE_CURVE((1.,0.5,1.,0.5,
1.,0.5,1.)) REPRESENTATION_ITEM('') );
#5260 = CARTESIAN_POINT('',(4.5,4.643540402362E-37));
#5261 = CARTESIAN_POINT('',(4.5,-7.79422863406));
#5262 = CARTESIAN_POINT('',(-2.25,-3.89711431703));
#5263 = CARTESIAN_POINT('',(-9.,-1.102182119233E-15));
#5264 = CARTESIAN_POINT('',(-2.25,3.89711431703));
#5265 = CARTESIAN_POINT('',(4.5,7.79422863406));
#5266 = CARTESIAN_POINT('',(4.5,4.643540402362E-37));
#5267 = ( GEOMETRIC_REPRESENTATION_CONTEXT(2) 
PARAMETRIC_REPRESENTATION_CONTEXT() REPRESENTATION_CONTEXT('2D SPACE',''
  ) );
#5268 = ADVANCED_FACE('',(#5269),#5015,.F.);
#5269 = FACE_BOUND('',#5270,.F.);
#5270 = EDGE_LOOP('',(#5271,#5294,#5295,#5296));
#5271 = ORIENTED_EDGE('',*,*,#5272,.T.);
#5272 = EDGE_CURVE('',#5273,#4999,#5275,.T.);
#5273 = VERTEX_POINT('',#5274);
#5274 = CARTESIAN_POINT('',(13.327567623425,-123.0139759535,
    44.500000000007));
#5275 = SEAM_CURVE('',#5276,(#5280,#5287),.PCURVE_S1.);
#5276 = LINE('',#5277,#5278);
#5277 = CARTESIAN_POINT('',(13.327567623426,-118.5139759535,
    44.500000000008));
#5278 = VECTOR('',#5279,1.);
#5279 = DIRECTION('',(8.881784197001E-15,1.,1.519771962598E-13));
#5280 = PCURVE('',#5015,#5281);
#5281 = DEFINITIONAL_REPRESENTATION('',(#5282),#5286);
#5282 = LINE('',#5283,#5284);
#5283 = CARTESIAN_POINT('',(-3.14159265359,2.84217094304E-14));
#5284 = VECTOR('',#5285,1.);
#5285 = DIRECTION('',(0.,-1.));
#5286 = ( GEOMETRIC_REPRESENTATION_CONTEXT(2) 
PARAMETRIC_REPRESENTATION_CONTEXT() REPRESENTATION_CONTEXT('2D SPACE',''
  ) );
#5287 = PCURVE('',#5015,#5288);
#5288 = DEFINITIONAL_REPRESENTATION('',(#5289),#5293);
#5289 = LINE('',#5290,#5291);
#5290 = CARTESIAN_POINT('',(3.14159265359,2.84217094304E-14));
#5291 = VECTOR('',#5292,1.);
#5292 = DIRECTION('',(0.,-1.));
#5293 = ( GEOMETRIC_REPRESENTATION_CONTEXT(2) 
PARAMETRIC_REPRESENTATION_CONTEXT() REPRESENTATION_CONTEXT('2D SPACE',''
  ) );
#5294 = ORIENTED_EDGE('',*,*,#4998,.T.);
#5295 = ORIENTED_EDGE('',*,*,#5272,.F.);
#5296 = ORIENTED_EDGE('',*,*,#5297,.F.);
#5297 = EDGE_CURVE('',#5273,#5273,#5298,.T.);
#5298 = SURFACE_CURVE('',#5299,(#5304,#5311),.PCURVE_S1.);
#5299 = CIRCLE('',#5300,2.25);
#5300 = AXIS2_PLACEMENT_3D('',#5301,#5302,#5303);
#5301 = CARTESIAN_POINT('',(15.577567623425,-123.0139759535,
    44.500000000007));
#5302 = DIRECTION('',(-8.682795160125E-15,-1.,-1.514830410352E-13));
#5303 = DIRECTION('',(1.,-8.682795160125E-15,-2.593829814504E-22));
#5304 = PCURVE('',#5015,#5305);
#5305 = DEFINITIONAL_REPRESENTATION('',(#5306),#5310);
#5306 = LINE('',#5307,#5308);
#5307 = CARTESIAN_POINT('',(-6.28318530718,4.5));
#5308 = VECTOR('',#5309,1.);
#5309 = DIRECTION('',(1.,0.));
#5310 = ( GEOMETRIC_REPRESENTATION_CONTEXT(2) 
PARAMETRIC_REPRESENTATION_CONTEXT() REPRESENTATION_CONTEXT('2D SPACE',''
  ) );
#5311 = PCURVE('',#4660,#5312);
#5312 = DEFINITIONAL_REPRESENTATION('',(#5313),#5317);
#5313 = CIRCLE('',#5314,2.25);
#5314 = AXIS2_PLACEMENT_2D('',#5315,#5316);
#5315 = CARTESIAN_POINT('',(15.5,-15.5));
#5316 = DIRECTION('',(1.,-9.833156005928E-32));
#5317 = ( GEOMETRIC_REPRESENTATION_CONTEXT(2) 
PARAMETRIC_REPRESENTATION_CONTEXT() REPRESENTATION_CONTEXT('2D SPACE',''
  ) );
#5318 = ADVANCED_FACE('',(#5319),#5046,.F.);
#5319 = FACE_BOUND('',#5320,.F.);
#5320 = EDGE_LOOP('',(#5321,#5344,#5345,#5346));
#5321 = ORIENTED_EDGE('',*,*,#5322,.T.);
#5322 = EDGE_CURVE('',#5323,#5030,#5325,.T.);
#5323 = VERTEX_POINT('',#5324);
#5324 = CARTESIAN_POINT('',(-17.67243237657,-123.0139759535,
    44.500000000006));
#5325 = SEAM_CURVE('',#5326,(#5330,#5337),.PCURVE_S1.);
#5326 = LINE('',#5327,#5328);
#5327 = CARTESIAN_POINT('',(-17.67243237657,-118.5139759535,
    44.500000000007));
#5328 = VECTOR('',#5329,1.);
#5329 = DIRECTION('',(8.881784197001E-15,1.,1.519771962598E-13));
#5330 = PCURVE('',#5046,#5331);
#5331 = DEFINITIONAL_REPRESENTATION('',(#5332),#5336);
#5332 = LINE('',#5333,#5334);
#5333 = CARTESIAN_POINT('',(-3.14159265359,1.42108547152E-14));
#5334 = VECTOR('',#5335,1.);
#5335 = DIRECTION('',(0.,-1.));
#5336 = ( GEOMETRIC_REPRESENTATION_CONTEXT(2) 
PARAMETRIC_REPRESENTATION_CONTEXT() REPRESENTATION_CONTEXT('2D SPACE',''
  ) );
#5337 = PCURVE('',#5046,#5338);
#5338 = DEFINITIONAL_REPRESENTATION('',(#5339),#5343);
#5339 = LINE('',#5340,#5341);
#5340 = CARTESIAN_POINT('',(3.14159265359,1.42108547152E-14));
#5341 = VECTOR('',#5342,1.);
#5342 = DIRECTION('',(0.,-1.));
#5343 = ( GEOMETRIC_REPRESENTATION_CONTEXT(2) 
PARAMETRIC_REPRESENTATION_CONTEXT() REPRESENTATION_CONTEXT('2D SPACE',''
  ) );
#5344 = ORIENTED_EDGE('',*,*,#5029,.T.);
#5345 = ORIENTED_EDGE('',*,*,#5322,.F.);
#5346 = ORIENTED_EDGE('',*,*,#5347,.F.);
#5347 = EDGE_CURVE('',#5323,#5323,#5348,.T.);
#5348 = SURFACE_CURVE('',#5349,(#5354,#5361),.PCURVE_S1.);
#5349 = CIRCLE('',#5350,2.25);
#5350 = AXIS2_PLACEMENT_3D('',#5351,#5352,#5353);
#5351 = CARTESIAN_POINT('',(-15.42243237657,-123.0139759535,
    44.500000000006));
#5352 = DIRECTION('',(-8.682795160125E-15,-1.,-1.514830410352E-13));
#5353 = DIRECTION('',(1.,-8.682795160125E-15,-2.593829814504E-22));
#5354 = PCURVE('',#5046,#5355);
#5355 = DEFINITIONAL_REPRESENTATION('',(#5356),#5360);
#5356 = LINE('',#5357,#5358);
#5357 = CARTESIAN_POINT('',(-6.28318530718,4.5));
#5358 = VECTOR('',#5359,1.);
#5359 = DIRECTION('',(1.,0.));
#5360 = ( GEOMETRIC_REPRESENTATION_CONTEXT(2) 
PARAMETRIC_REPRESENTATION_CONTEXT() REPRESENTATION_CONTEXT('2D SPACE',''
  ) );
#5361 = PCURVE('',#4660,#5362);
#5362 = DEFINITIONAL_REPRESENTATION('',(#5363),#5367);
#5363 = CIRCLE('',#5364,2.25);
#5364 = AXIS2_PLACEMENT_2D('',#5365,#5366);
#5365 = CARTESIAN_POINT('',(-15.5,-15.5));
#5366 = DIRECTION('',(1.,-9.833156005928E-32));
#5367 = ( GEOMETRIC_REPRESENTATION_CONTEXT(2) 
PARAMETRIC_REPRESENTATION_CONTEXT() REPRESENTATION_CONTEXT('2D SPACE',''
  ) );
#5368 = ADVANCED_FACE('',(#5369),#5077,.F.);
#5369 = FACE_BOUND('',#5370,.F.);
#5370 = EDGE_LOOP('',(#5371,#5394,#5395,#5396));
#5371 = ORIENTED_EDGE('',*,*,#5372,.T.);
#5372 = EDGE_CURVE('',#5373,#5061,#5375,.T.);
#5373 = VERTEX_POINT('',#5374);
#5374 = CARTESIAN_POINT('',(13.327567623425,-123.0139759535,
    75.500000000007));
#5375 = SEAM_CURVE('',#5376,(#5380,#5387),.PCURVE_S1.);
#5376 = LINE('',#5377,#5378);
#5377 = CARTESIAN_POINT('',(13.327567623425,-118.5139759535,
    75.500000000007));
#5378 = VECTOR('',#5379,1.);
#5379 = DIRECTION('',(8.881784197001E-15,1.,1.519771962598E-13));
#5380 = PCURVE('',#5077,#5381);
#5381 = DEFINITIONAL_REPRESENTATION('',(#5382),#5386);
#5382 = LINE('',#5383,#5384);
#5383 = CARTESIAN_POINT('',(3.14159265359,2.84217094304E-14));
#5384 = VECTOR('',#5385,1.);
#5385 = DIRECTION('',(1.381610875089E-15,-1.));
#5386 = ( GEOMETRIC_REPRESENTATION_CONTEXT(2) 
PARAMETRIC_REPRESENTATION_CONTEXT() REPRESENTATION_CONTEXT('2D SPACE',''
  ) );
#5387 = PCURVE('',#5077,#5388);
#5388 = DEFINITIONAL_REPRESENTATION('',(#5389),#5393);
#5389 = LINE('',#5390,#5391);
#5390 = CARTESIAN_POINT('',(9.424777960769,2.84217094304E-14));
#5391 = VECTOR('',#5392,1.);
#5392 = DIRECTION('',(1.381610875089E-15,-1.));
#5393 = ( GEOMETRIC_REPRESENTATION_CONTEXT(2) 
PARAMETRIC_REPRESENTATION_CONTEXT() REPRESENTATION_CONTEXT('2D SPACE',''
  ) );
#5394 = ORIENTED_EDGE('',*,*,#5060,.T.);
#5395 = ORIENTED_EDGE('',*,*,#5372,.F.);
#5396 = ORIENTED_EDGE('',*,*,#5397,.F.);
#5397 = EDGE_CURVE('',#5373,#5373,#5398,.T.);
#5398 = SURFACE_CURVE('',#5399,(#5404,#5411),.PCURVE_S1.);
#5399 = CIRCLE('',#5400,2.25);
#5400 = AXIS2_PLACEMENT_3D('',#5401,#5402,#5403);
#5401 = CARTESIAN_POINT('',(15.577567623425,-123.0139759535,
    75.500000000007));
#5402 = DIRECTION('',(-8.682795160125E-15,-1.,-1.514830410352E-13));
#5403 = DIRECTION('',(1.,-8.682795160125E-15,-2.593829814504E-22));
#5404 = PCURVE('',#5077,#5405);
#5405 = DEFINITIONAL_REPRESENTATION('',(#5406),#5410);
#5406 = LINE('',#5407,#5408);
#5407 = CARTESIAN_POINT('',(6.217248937901E-15,4.5));
#5408 = VECTOR('',#5409,1.);
#5409 = DIRECTION('',(1.,0.));
#5410 = ( GEOMETRIC_REPRESENTATION_CONTEXT(2) 
PARAMETRIC_REPRESENTATION_CONTEXT() REPRESENTATION_CONTEXT('2D SPACE',''
  ) );
#5411 = PCURVE('',#4660,#5412);
#5412 = DEFINITIONAL_REPRESENTATION('',(#5413),#5417);
#5413 = CIRCLE('',#5414,2.25);
#5414 = AXIS2_PLACEMENT_2D('',#5415,#5416);
#5415 = CARTESIAN_POINT('',(15.5,15.5));
#5416 = DIRECTION('',(1.,-9.833156005928E-32));
#5417 = ( GEOMETRIC_REPRESENTATION_CONTEXT(2) 
PARAMETRIC_REPRESENTATION_CONTEXT() REPRESENTATION_CONTEXT('2D SPACE',''
  ) );
#5418 = ADVANCED_FACE('',(#5419),#4632,.T.);
#5419 = FACE_BOUND('',#5420,.T.);
#5420 = EDGE_LOOP('',(#5421,#5422,#5445,#5466));
#5421 = ORIENTED_EDGE('',*,*,#4831,.F.);
#5422 = ORIENTED_EDGE('',*,*,#5423,.T.);
#5423 = EDGE_CURVE('',#4832,#5424,#5426,.T.);
#5424 = VERTEX_POINT('',#5425);
#5425 = CARTESIAN_POINT('',(29.577567623425,-123.0139759535,
    38.000000000007));
#5426 = SURFACE_CURVE('',#5427,(#5431,#5438),.PCURVE_S1.);
#5427 = LINE('',#5428,#5429);
#5428 = CARTESIAN_POINT('',(29.577567623425,-118.5139759535,
    38.000000000007));
#5429 = VECTOR('',#5430,1.);
#5430 = DIRECTION('',(-8.881784197001E-15,-1.,-1.519771962598E-13));
#5431 = PCURVE('',#4632,#5432);
#5432 = DEFINITIONAL_REPRESENTATION('',(#5433),#5437);
#5433 = LINE('',#5434,#5435);
#5434 = CARTESIAN_POINT('',(59.,-5.122849144474E-13));
#5435 = VECTOR('',#5436,1.);
#5436 = DIRECTION('',(-1.989890368758E-16,1.));
#5437 = ( GEOMETRIC_REPRESENTATION_CONTEXT(2) 
PARAMETRIC_REPRESENTATION_CONTEXT() REPRESENTATION_CONTEXT('2D SPACE',''
  ) );
#5438 = PCURVE('',#4918,#5439);
#5439 = DEFINITIONAL_REPRESENTATION('',(#5440),#5444);
#5440 = LINE('',#5441,#5442);
#5441 = CARTESIAN_POINT('',(0.,-0.));
#5442 = VECTOR('',#5443,1.);
#5443 = DIRECTION('',(-4.94155224647E-16,1.));
#5444 = ( GEOMETRIC_REPRESENTATION_CONTEXT(2) 
PARAMETRIC_REPRESENTATION_CONTEXT() REPRESENTATION_CONTEXT('2D SPACE',''
  ) );
#5445 = ORIENTED_EDGE('',*,*,#5446,.T.);
#5446 = EDGE_CURVE('',#5424,#4617,#5447,.T.);
#5447 = SURFACE_CURVE('',#5448,(#5452,#5459),.PCURVE_S1.);
#5448 = LINE('',#5449,#5450);
#5449 = CARTESIAN_POINT('',(-29.42243237657,-123.0139759535,
    38.000000000007));
#5450 = VECTOR('',#5451,1.);
#5451 = DIRECTION('',(-1.,0.,0.));
#5452 = PCURVE('',#4632,#5453);
#5453 = DEFINITIONAL_REPRESENTATION('',(#5454),#5458);
#5454 = LINE('',#5455,#5456);
#5455 = CARTESIAN_POINT('',(3.907257822056E-14,4.5));
#5456 = VECTOR('',#5457,1.);
#5457 = DIRECTION('',(-1.,8.682795160125E-15));
#5458 = ( GEOMETRIC_REPRESENTATION_CONTEXT(2) 
PARAMETRIC_REPRESENTATION_CONTEXT() REPRESENTATION_CONTEXT('2D SPACE',''
  ) );
#5459 = PCURVE('',#4660,#5460);
#5460 = DEFINITIONAL_REPRESENTATION('',(#5461),#5465);
#5461 = LINE('',#5462,#5463);
#5462 = CARTESIAN_POINT('',(-29.5,-22.));
#5463 = VECTOR('',#5464,1.);
#5464 = DIRECTION('',(-1.,-2.593816660559E-22));
#5465 = ( GEOMETRIC_REPRESENTATION_CONTEXT(2) 
PARAMETRIC_REPRESENTATION_CONTEXT() REPRESENTATION_CONTEXT('2D SPACE',''
  ) );
#5466 = ORIENTED_EDGE('',*,*,#4616,.F.);
#5467 = ADVANCED_FACE('',(#5468),#2097,.T.);
#5468 = FACE_BOUND('',#5469,.T.);
#5469 = EDGE_LOOP('',(#5470,#5471,#5494,#5515,#5516,#5517,#5518,#5519,
    #5520,#5521,#5522,#5523,#5524));
#5470 = ORIENTED_EDGE('',*,*,#4672,.F.);
#5471 = ORIENTED_EDGE('',*,*,#5472,.F.);
#5472 = EDGE_CURVE('',#5473,#4645,#5475,.T.);
#5473 = VERTEX_POINT('',#5474);
#5474 = CARTESIAN_POINT('',(29.577567623425,-123.0139759535,
    82.000000000006));
#5475 = SURFACE_CURVE('',#5476,(#5480,#5487),.PCURVE_S1.);
#5476 = LINE('',#5477,#5478);
#5477 = CARTESIAN_POINT('',(29.577567623425,-123.0139759535,
    82.000000000006));
#5478 = VECTOR('',#5479,1.);
#5479 = DIRECTION('',(-1.,8.682795160125E-15,2.593829813521E-22));
#5480 = PCURVE('',#2097,#5481);
#5481 = DEFINITIONAL_REPRESENTATION('',(#5482),#5486);
#5482 = LINE('',#5483,#5484);
#5483 = CARTESIAN_POINT('',(-3.907257822056E-14,4.5));
#5484 = VECTOR('',#5485,1.);
#5485 = DIRECTION('',(1.,-3.94202982634E-35));
#5486 = ( GEOMETRIC_REPRESENTATION_CONTEXT(2) 
PARAMETRIC_REPRESENTATION_CONTEXT() REPRESENTATION_CONTEXT('2D SPACE',''
  ) );
#5487 = PCURVE('',#4660,#5488);
#5488 = DEFINITIONAL_REPRESENTATION('',(#5489),#5493);
#5489 = LINE('',#5490,#5491);
#5490 = CARTESIAN_POINT('',(29.5,22.));
#5491 = VECTOR('',#5492,1.);
#5492 = DIRECTION('',(-1.,0.));
#5493 = ( GEOMETRIC_REPRESENTATION_CONTEXT(2) 
PARAMETRIC_REPRESENTATION_CONTEXT() REPRESENTATION_CONTEXT('2D SPACE',''
  ) );
#5494 = ORIENTED_EDGE('',*,*,#5495,.F.);
#5495 = EDGE_CURVE('',#4882,#5473,#5496,.T.);
#5496 = SURFACE_CURVE('',#5497,(#5501,#5508),.PCURVE_S1.);
#5497 = LINE('',#5498,#5499);
#5498 = CARTESIAN_POINT('',(29.577567623425,-118.5139759535,
    82.000000000007));
#5499 = VECTOR('',#5500,1.);
#5500 = DIRECTION('',(-8.881784197001E-15,-1.,-1.519771962598E-13));
#5501 = PCURVE('',#2097,#5502);
#5502 = DEFINITIONAL_REPRESENTATION('',(#5503),#5507);
#5503 = LINE('',#5504,#5505);
#5504 = CARTESIAN_POINT('',(0.,-0.));
#5505 = VECTOR('',#5506,1.);
#5506 = DIRECTION('',(1.989890368758E-16,1.));
#5507 = ( GEOMETRIC_REPRESENTATION_CONTEXT(2) 
PARAMETRIC_REPRESENTATION_CONTEXT() REPRESENTATION_CONTEXT('2D SPACE',''
  ) );
#5508 = PCURVE('',#4918,#5509);
#5509 = DEFINITIONAL_REPRESENTATION('',(#5510),#5514);
#5510 = LINE('',#5511,#5512);
#5511 = CARTESIAN_POINT('',(44.,3.406975690479E-13));
#5512 = VECTOR('',#5513,1.);
#5513 = DIRECTION('',(-4.94155224647E-16,1.));
#5514 = ( GEOMETRIC_REPRESENTATION_CONTEXT(2) 
PARAMETRIC_REPRESENTATION_CONTEXT() REPRESENTATION_CONTEXT('2D SPACE',''
  ) );
#5515 = ORIENTED_EDGE('',*,*,#4881,.T.);
#5516 = ORIENTED_EDGE('',*,*,#2876,.F.);
#5517 = ORIENTED_EDGE('',*,*,#4721,.F.);
#5518 = ORIENTED_EDGE('',*,*,#4748,.F.);
#5519 = ORIENTED_EDGE('',*,*,#4494,.T.);
#5520 = ORIENTED_EDGE('',*,*,#4857,.T.);
#5521 = ORIENTED_EDGE('',*,*,#2081,.F.);
#5522 = ORIENTED_EDGE('',*,*,#5116,.F.);
#5523 = ORIENTED_EDGE('',*,*,#5143,.F.);
#5524 = ORIENTED_EDGE('',*,*,#4210,.T.);
#5525 = ADVANCED_FACE('',(#5526),#4918,.T.);
#5526 = FACE_BOUND('',#5527,.T.);
#5527 = EDGE_LOOP('',(#5528,#5529,#5530,#5551));
#5528 = ORIENTED_EDGE('',*,*,#4904,.T.);
#5529 = ORIENTED_EDGE('',*,*,#5495,.T.);
#5530 = ORIENTED_EDGE('',*,*,#5531,.F.);
#5531 = EDGE_CURVE('',#5424,#5473,#5532,.T.);
#5532 = SURFACE_CURVE('',#5533,(#5537,#5544),.PCURVE_S1.);
#5533 = LINE('',#5534,#5535);
#5534 = CARTESIAN_POINT('',(29.577567623425,-123.0139759535,
    38.000000000007));
#5535 = VECTOR('',#5536,1.);
#5536 = DIRECTION('',(2.593816660559E-22,-1.514830410352E-13,1.));
#5537 = PCURVE('',#4918,#5538);
#5538 = DEFINITIONAL_REPRESENTATION('',(#5539),#5543);
#5539 = LINE('',#5540,#5541);
#5540 = CARTESIAN_POINT('',(-1.465819638671E-14,4.5));
#5541 = VECTOR('',#5542,1.);
#5542 = DIRECTION('',(1.,0.));
#5543 = ( GEOMETRIC_REPRESENTATION_CONTEXT(2) 
PARAMETRIC_REPRESENTATION_CONTEXT() REPRESENTATION_CONTEXT('2D SPACE',''
  ) );
#5544 = PCURVE('',#4660,#5545);
#5545 = DEFINITIONAL_REPRESENTATION('',(#5546),#5550);
#5546 = LINE('',#5547,#5548);
#5547 = CARTESIAN_POINT('',(29.5,-22.));
#5548 = VECTOR('',#5549,1.);
#5549 = DIRECTION('',(-4.701977403289E-37,1.));
#5550 = ( GEOMETRIC_REPRESENTATION_CONTEXT(2) 
PARAMETRIC_REPRESENTATION_CONTEXT() REPRESENTATION_CONTEXT('2D SPACE',''
  ) );
#5551 = ORIENTED_EDGE('',*,*,#5423,.F.);
#5552 = ADVANCED_FACE('',(#5553,#5559,#5562,#5565,#5568,#5571),#4660,.T.
  );
#5553 = FACE_BOUND('',#5554,.T.);
#5554 = EDGE_LOOP('',(#5555,#5556,#5557,#5558));
#5555 = ORIENTED_EDGE('',*,*,#5531,.T.);
#5556 = ORIENTED_EDGE('',*,*,#5472,.T.);
#5557 = ORIENTED_EDGE('',*,*,#4644,.F.);
#5558 = ORIENTED_EDGE('',*,*,#5446,.F.);
#5559 = FACE_BOUND('',#5560,.T.);
#5560 = EDGE_LOOP('',(#5561));
#5561 = ORIENTED_EDGE('',*,*,#5397,.F.);
#5562 = FACE_BOUND('',#5563,.T.);
#5563 = EDGE_LOOP('',(#5564));
#5564 = ORIENTED_EDGE('',*,*,#5347,.F.);
#5565 = FACE_BOUND('',#5566,.T.);
#5566 = EDGE_LOOP('',(#5567));
#5567 = ORIENTED_EDGE('',*,*,#5297,.F.);
#5568 = FACE_BOUND('',#5569,.T.);
#5569 = EDGE_LOOP('',(#5570));
#5570 = ORIENTED_EDGE('',*,*,#5243,.T.);
#5571 = FACE_BOUND('',#5572,.T.);
#5572 = EDGE_LOOP('',(#5573));
#5573 = ORIENTED_EDGE('',*,*,#5193,.F.);
#5574 = ADVANCED_FACE('',(#5575),#490,.T.);
#5575 = FACE_BOUND('',#5576,.T.);
#5576 = EDGE_LOOP('',(#5577,#5578,#5579,#5580,#5581));
#5577 = ORIENTED_EDGE('',*,*,#1783,.F.);
#5578 = ORIENTED_EDGE('',*,*,#2005,.F.);
#5579 = ORIENTED_EDGE('',*,*,#474,.F.);
#5580 = ORIENTED_EDGE('',*,*,#4161,.T.);
#5581 = ORIENTED_EDGE('',*,*,#4256,.T.);
#5582 = ADVANCED_FACE('',(#5583),#882,.F.);
#5583 = FACE_BOUND('',#5584,.F.);
#5584 = EDGE_LOOP('',(#5585,#5606,#5607,#5608));
#5585 = ORIENTED_EDGE('',*,*,#5586,.T.);
#5586 = EDGE_CURVE('',#3838,#862,#5587,.T.);
#5587 = SEAM_CURVE('',#5588,(#5592,#5599),.PCURVE_S1.);
#5588 = LINE('',#5589,#5590);
#5589 = CARTESIAN_POINT('',(1.671158065142,-90.5945819656,
    24.965260910701));
#5590 = VECTOR('',#5591,1.);
#5591 = DIRECTION('',(0.,0.,-1.));
#5592 = PCURVE('',#882,#5593);
#5593 = DEFINITIONAL_REPRESENTATION('',(#5594),#5598);
#5594 = LINE('',#5595,#5596);
#5595 = CARTESIAN_POINT('',(-3.14159265359,0.));
#5596 = VECTOR('',#5597,1.);
#5597 = DIRECTION('',(0.,-1.));
#5598 = ( GEOMETRIC_REPRESENTATION_CONTEXT(2) 
PARAMETRIC_REPRESENTATION_CONTEXT() REPRESENTATION_CONTEXT('2D SPACE',''
  ) );
#5599 = PCURVE('',#882,#5600);
#5600 = DEFINITIONAL_REPRESENTATION('',(#5601),#5605);
#5601 = LINE('',#5602,#5603);
#5602 = CARTESIAN_POINT('',(3.14159265359,0.));
#5603 = VECTOR('',#5604,1.);
#5604 = DIRECTION('',(0.,-1.));
#5605 = ( GEOMETRIC_REPRESENTATION_CONTEXT(2) 
PARAMETRIC_REPRESENTATION_CONTEXT() REPRESENTATION_CONTEXT('2D SPACE',''
  ) );
#5606 = ORIENTED_EDGE('',*,*,#861,.F.);
#5607 = ORIENTED_EDGE('',*,*,#5586,.F.);
#5608 = ORIENTED_EDGE('',*,*,#3837,.T.);
#5609 = ADVANCED_FACE('',(#5610),#546,.T.);
#5610 = FACE_BOUND('',#5611,.T.);
#5611 = EDGE_LOOP('',(#5612,#5613,#5614,#5615));
#5612 = ORIENTED_EDGE('',*,*,#530,.F.);
#5613 = ORIENTED_EDGE('',*,*,#1983,.F.);
#5614 = ORIENTED_EDGE('',*,*,#3621,.T.);
#5615 = ORIENTED_EDGE('',*,*,#5616,.T.);
#5616 = EDGE_CURVE('',#3599,#531,#5617,.T.);
#5617 = SURFACE_CURVE('',#5618,(#5622,#5629),.PCURVE_S1.);
#5618 = LINE('',#5619,#5620);
#5619 = CARTESIAN_POINT('',(-2.275957200482E-14,-85.4864831136,
    24.965260910701));
#5620 = VECTOR('',#5621,1.);
#5621 = DIRECTION('',(0.,0.,-1.));
#5622 = PCURVE('',#546,#5623);
#5623 = DEFINITIONAL_REPRESENTATION('',(#5624),#5628);
#5624 = LINE('',#5625,#5626);
#5625 = CARTESIAN_POINT('',(-0.117050881062,0.));
#5626 = VECTOR('',#5627,1.);
#5627 = DIRECTION('',(-0.,-1.));
#5628 = ( GEOMETRIC_REPRESENTATION_CONTEXT(2) 
PARAMETRIC_REPRESENTATION_CONTEXT() REPRESENTATION_CONTEXT('2D SPACE',''
  ) );
#5629 = PCURVE('',#574,#5630);
#5630 = DEFINITIONAL_REPRESENTATION('',(#5631),#5635);
#5631 = LINE('',#5632,#5633);
#5632 = CARTESIAN_POINT('',(10.734462597014,0.));
#5633 = VECTOR('',#5634,1.);
#5634 = DIRECTION('',(0.,-1.));
#5635 = ( GEOMETRIC_REPRESENTATION_CONTEXT(2) 
PARAMETRIC_REPRESENTATION_CONTEXT() REPRESENTATION_CONTEXT('2D SPACE',''
  ) );
#5636 = ADVANCED_FACE('',(#5637),#574,.T.);
#5637 = FACE_BOUND('',#5638,.T.);
#5638 = EDGE_LOOP('',(#5639,#5640,#5641,#5642));
#5639 = ORIENTED_EDGE('',*,*,#558,.F.);
#5640 = ORIENTED_EDGE('',*,*,#5616,.F.);
#5641 = ORIENTED_EDGE('',*,*,#3598,.T.);
#5642 = ORIENTED_EDGE('',*,*,#4804,.F.);
#5643 = ADVANCED_FACE('',(#5644),#798,.T.);
#5644 = FACE_BOUND('',#5645,.T.);
#5645 = EDGE_LOOP('',(#5646,#5647,#5648,#5649));
#5646 = ORIENTED_EDGE('',*,*,#782,.T.);
#5647 = ORIENTED_EDGE('',*,*,#4567,.T.);
#5648 = ORIENTED_EDGE('',*,*,#3791,.F.);
#5649 = ORIENTED_EDGE('',*,*,#5650,.F.);
#5650 = EDGE_CURVE('',#783,#3769,#5651,.T.);
#5651 = SURFACE_CURVE('',#5652,(#5656,#5663),.PCURVE_S1.);
#5652 = LINE('',#5653,#5654);
#5653 = CARTESIAN_POINT('',(0.,-95.19620940246,24.965260910701));
#5654 = VECTOR('',#5655,1.);
#5655 = DIRECTION('',(0.,0.,1.));
#5656 = PCURVE('',#798,#5657);
#5657 = DEFINITIONAL_REPRESENTATION('',(#5658),#5662);
#5658 = LINE('',#5659,#5660);
#5659 = CARTESIAN_POINT('',(0.,0.));
#5660 = VECTOR('',#5661,1.);
#5661 = DIRECTION('',(0.,1.));
#5662 = ( GEOMETRIC_REPRESENTATION_CONTEXT(2) 
PARAMETRIC_REPRESENTATION_CONTEXT() REPRESENTATION_CONTEXT('2D SPACE',''
  ) );
#5663 = PCURVE('',#826,#5664);
#5664 = DEFINITIONAL_REPRESENTATION('',(#5665),#5669);
#5665 = LINE('',#5666,#5667);
#5666 = CARTESIAN_POINT('',(10.617411715952,0.));
#5667 = VECTOR('',#5668,1.);
#5668 = DIRECTION('',(0.,1.));
#5669 = ( GEOMETRIC_REPRESENTATION_CONTEXT(2) 
PARAMETRIC_REPRESENTATION_CONTEXT() REPRESENTATION_CONTEXT('2D SPACE',''
  ) );
#5670 = ADVANCED_FACE('',(#5671),#826,.T.);
#5671 = FACE_BOUND('',#5672,.T.);
#5672 = EDGE_LOOP('',(#5673,#5674,#5675,#5676));
#5673 = ORIENTED_EDGE('',*,*,#810,.T.);
#5674 = ORIENTED_EDGE('',*,*,#5650,.T.);
#5675 = ORIENTED_EDGE('',*,*,#3768,.F.);
#5676 = ORIENTED_EDGE('',*,*,#4285,.F.);
#5677 = ( GEOMETRIC_REPRESENTATION_CONTEXT(3) 
GLOBAL_UNCERTAINTY_ASSIGNED_CONTEXT((#5681)) 
GLOBAL_UNIT_ASSIGNED_CONTEXT((#5678,#5679,#5680)) REPRESENTATION_CONTEXT
('Context #1','3D Context with UNIT and UNCERTAINTY') );
#5678 = ( LENGTH_UNIT() NAMED_UNIT(*) SI_UNIT(.MILLI.,.METRE.) );
#5679 = ( NAMED_UNIT(*) PLANE_ANGLE_UNIT() SI_UNIT($,.RADIAN.) );
#5680 = ( NAMED_UNIT(*) SI_UNIT($,.STERADIAN.) SOLID_ANGLE_UNIT() );
#5681 = UNCERTAINTY_MEASURE_WITH_UNIT(LENGTH_MEASURE(2.E-05),#5678,
  'distance_accuracy_value','confusion accuracy');
#5682 = PRODUCT_RELATED_PRODUCT_CATEGORY('part',$,(#7));
ENDSEC;
END-ISO-10303-21;
