ISO-10303-21;
HEADER;
FILE_DESCRIPTION(('Open CASCADE Model'),'2;1');
FILE_NAME('Open CASCADE Shape Model','2026-08-13T22:16:55',('Author'),(
    'Open CASCADE'),'Open CASCADE STEP processor 7.9','Open CASCADE 7.9'
  ,'Unknown');
FILE_SCHEMA(('AUTOMOTIVE_DESIGN { 1 0 10303 214 1 1 1 1 }'));
ENDSEC;
DATA;
#1 = APPLICATION_PROTOCOL_DEFINITION('international standard',
  'automotive_design',2000,#2);
#2 = APPLICATION_CONTEXT(
  'core data for automotive mechanical design processes');
#3 = SHAPE_DEFINITION_REPRESENTATION(#4,#10);
#4 = PRODUCT_DEFINITION_SHAPE('','',#5);
#5 = PRODUCT_DEFINITION('design','',#6,#9);
#6 = PRODUCT_DEFINITION_FORMATION('','',#7);
#7 = PRODUCT('Open CASCADE STEP translator 7.9 230',
  'Open CASCADE STEP translator 7.9 230','',(#8));
#8 = PRODUCT_CONTEXT('',#2,'mechanical');
#9 = PRODUCT_DEFINITION_CONTEXT('part definition',#2,'design');
#10 = ADVANCED_BREP_SHAPE_REPRESENTATION('',(#11,#15),#9259);
#11 = AXIS2_PLACEMENT_3D('',#12,#13,#14);
#12 = CARTESIAN_POINT('',(0.,0.,0.));
#13 = DIRECTION('',(0.,0.,1.));
#14 = DIRECTION('',(1.,0.,-0.));
#15 = MANIFOLD_SOLID_BREP('',#16);
#16 = CLOSED_SHELL('',(#17,#114,#201,#288,#370,#467,#554,#641,#723,#820,
    #907,#994,#1076,#1173,#1260,#1347,#1429,#1757,#1834,#1864,#1940,
    #1989,#2038,#2065,#4864,#4923,#5197,#5471,#5745,#5865,#5983,#6101,
    #6217,#6314,#6437,#6577,#6702,#6822,#6940,#7058,#7174,#7448,#7492,
    #7539,#7585,#7592,#7794,#7801,#7829,#7857,#7927,#7997,#8022,#8027,
    #8053,#8058,#8070,#8082,#8153,#8223,#8248,#8254,#8279,#8284,#8297,
    #8309,#8379,#8449,#8475,#8480,#8505,#8510,#8522,#8534,#8654,#8772,
    #8890,#9006,#9076,#9146,#9171,#9176,#9201,#9207,#9219,#9231));
#17 = ADVANCED_FACE('',(#18),#32,.F.);
#18 = FACE_BOUND('',#19,.T.);
#19 = EDGE_LOOP('',(#20,#55,#88));
#20 = ORIENTED_EDGE('',*,*,#21,.F.);
#21 = EDGE_CURVE('',#22,#24,#26,.T.);
#22 = VERTEX_POINT('',#23);
#23 = CARTESIAN_POINT('',(17.158341940874,-54.20788439221,
    43.630801243147));
#24 = VERTEX_POINT('',#25);
#25 = CARTESIAN_POINT('',(17.158341940874,-54.20788439221,
    42.817461269681));
#26 = SURFACE_CURVE('',#27,(#31,#43),.PCURVE_S1.);
#27 = LINE('',#28,#29);
#28 = CARTESIAN_POINT('',(17.158341940874,-54.20788439221,
    46.117461269681));
#29 = VECTOR('',#30,1.);
#30 = DIRECTION('',(-1.64473469566E-16,-3.86106458461E-15,-1.));
#31 = PCURVE('',#32,#37);
#32 = PLANE('',#33);
#33 = AXIS2_PLACEMENT_3D('',#34,#35,#36);
#34 = CARTESIAN_POINT('',(8.341940873662E-03,-54.20788439221,
    59.967461269681));
#35 = DIRECTION('',(-5.546778314436E-16,1.,-3.86106458461E-15));
#36 = DIRECTION('',(1.,5.546778314436E-16,-1.64473469566E-16));
#37 = DEFINITIONAL_REPRESENTATION('',(#38),#42);
#38 = LINE('',#39,#40);
#39 = CARTESIAN_POINT('',(17.15,13.85));
#40 = VECTOR('',#41,1.);
#41 = DIRECTION('',(-1.479114197289E-31,1.));
#42 = ( GEOMETRIC_REPRESENTATION_CONTEXT(2) 
PARAMETRIC_REPRESENTATION_CONTEXT() REPRESENTATION_CONTEXT('2D SPACE',''
  ) );
#43 = PCURVE('',#44,#49);
#44 = PLANE('',#45);
#45 = AXIS2_PLACEMENT_3D('',#46,#47,#48);
#46 = CARTESIAN_POINT('',(17.158341940874,-54.20788439221,
    44.467461269681));
#47 = DIRECTION('',(-1.,-5.546778314436E-16,1.64473469566E-16));
#48 = DIRECTION('',(-5.546778314436E-16,1.,-3.86106458461E-15));
#49 = DEFINITIONAL_REPRESENTATION('',(#50),#54);
#50 = LINE('',#51,#52);
#51 = CARTESIAN_POINT('',(-6.370756564606E-15,-1.65));
#52 = VECTOR('',#53,1.);
#53 = DIRECTION('',(0.,1.));
#54 = ( GEOMETRIC_REPRESENTATION_CONTEXT(2) 
PARAMETRIC_REPRESENTATION_CONTEXT() REPRESENTATION_CONTEXT('2D SPACE',''
  ) );
#55 = ORIENTED_EDGE('',*,*,#56,.F.);
#56 = EDGE_CURVE('',#57,#22,#59,.T.);
#57 = VERTEX_POINT('',#58);
#58 = CARTESIAN_POINT('',(16.345001967408,-54.20788439221,
    42.817461269681));
#59 = SURFACE_CURVE('',#60,(#65,#76),.PCURVE_S1.);
#60 = CIRCLE('',#61,1.85);
#61 = AXIS2_PLACEMENT_3D('',#62,#63,#64);
#62 = CARTESIAN_POINT('',(15.508341940874,-54.20788439221,
    44.467461269681));
#63 = DIRECTION('',(5.546778314436E-16,-1.,3.86106458461E-15));
#64 = DIRECTION('',(1.,5.546778314436E-16,-1.64473469566E-16));
#65 = PCURVE('',#32,#66);
#66 = DEFINITIONAL_REPRESENTATION('',(#67),#75);
#67 = ( BOUNDED_CURVE() B_SPLINE_CURVE(2,(#68,#69,#70,#71,#72,#73,#74),
.UNSPECIFIED.,.T.,.F.) B_SPLINE_CURVE_WITH_KNOTS((1,2,2,2,2,1),(
    -2.094395102393,0.,2.094395102393,4.188790204786,6.28318530718,
8.377580409573),.UNSPECIFIED.) CURVE() GEOMETRIC_REPRESENTATION_ITEM() 
RATIONAL_B_SPLINE_CURVE((1.,0.5,1.,0.5,1.,0.5,1.)) REPRESENTATION_ITEM(
  '') );
#68 = CARTESIAN_POINT('',(17.35,15.5));
#69 = CARTESIAN_POINT('',(17.35,12.295706005998));
#70 = CARTESIAN_POINT('',(14.575,13.897853002999));
#71 = CARTESIAN_POINT('',(11.8,15.5));
#72 = CARTESIAN_POINT('',(14.575,17.102146997001));
#73 = CARTESIAN_POINT('',(17.35,18.704293994002));
#74 = CARTESIAN_POINT('',(17.35,15.5));
#75 = ( GEOMETRIC_REPRESENTATION_CONTEXT(2) 
PARAMETRIC_REPRESENTATION_CONTEXT() REPRESENTATION_CONTEXT('2D SPACE',''
  ) );
#76 = PCURVE('',#77,#82);
#77 = CYLINDRICAL_SURFACE('',#78,1.85);
#78 = AXIS2_PLACEMENT_3D('',#79,#80,#81);
#79 = CARTESIAN_POINT('',(15.508341940874,-54.00788439221,
    44.467461269681));
#80 = DIRECTION('',(-5.546778314436E-16,1.,-3.86106458461E-15));
#81 = DIRECTION('',(1.,5.546778314436E-16,-1.64473469566E-16));
#82 = DEFINITIONAL_REPRESENTATION('',(#83),#87);
#83 = LINE('',#84,#85);
#84 = CARTESIAN_POINT('',(6.28318530718,-0.2));
#85 = VECTOR('',#86,1.);
#86 = DIRECTION('',(-1.,0.));
#87 = ( GEOMETRIC_REPRESENTATION_CONTEXT(2) 
PARAMETRIC_REPRESENTATION_CONTEXT() REPRESENTATION_CONTEXT('2D SPACE',''
  ) );
#88 = ORIENTED_EDGE('',*,*,#89,.F.);
#89 = EDGE_CURVE('',#24,#57,#90,.T.);
#90 = SURFACE_CURVE('',#91,(#95,#102),.PCURVE_S1.);
#91 = LINE('',#92,#93);
#92 = CARTESIAN_POINT('',(17.832131948874,-54.20788439221,
    42.817461269681));
#93 = VECTOR('',#94,1.);
#94 = DIRECTION('',(-1.,-5.546778314436E-16,1.64473469566E-16));
#95 = PCURVE('',#32,#96);
#96 = DEFINITIONAL_REPRESENTATION('',(#97),#101);
#97 = LINE('',#98,#99);
#98 = CARTESIAN_POINT('',(17.823790008,17.15));
#99 = VECTOR('',#100,1.);
#100 = DIRECTION('',(-1.,0.));
#101 = ( GEOMETRIC_REPRESENTATION_CONTEXT(2) 
PARAMETRIC_REPRESENTATION_CONTEXT() REPRESENTATION_CONTEXT('2D SPACE',''
  ) );
#102 = PCURVE('',#103,#108);
#103 = PLANE('',#104);
#104 = AXIS2_PLACEMENT_3D('',#105,#106,#107);
#105 = CARTESIAN_POINT('',(13.083341940874,-54.00788439221,
    42.817461269681));
#106 = DIRECTION('',(1.64473469566E-16,3.86106458461E-15,1.));
#107 = DIRECTION('',(5.546778314436E-16,-1.,3.86106458461E-15));
#108 = DEFINITIONAL_REPRESENTATION('',(#109),#113);
#109 = LINE('',#110,#111);
#110 = CARTESIAN_POINT('',(0.2,4.748790008));
#111 = VECTOR('',#112,1.);
#112 = DIRECTION('',(-3.51033443077E-31,-1.));
#113 = ( GEOMETRIC_REPRESENTATION_CONTEXT(2) 
PARAMETRIC_REPRESENTATION_CONTEXT() REPRESENTATION_CONTEXT('2D SPACE',''
  ) );
#114 = ADVANCED_FACE('',(#115),#130,.F.);
#115 = FACE_BOUND('',#116,.T.);
#116 = EDGE_LOOP('',(#117,#152,#175));
#117 = ORIENTED_EDGE('',*,*,#118,.F.);
#118 = EDGE_CURVE('',#119,#121,#123,.T.);
#119 = VERTEX_POINT('',#120);
#120 = CARTESIAN_POINT('',(17.158341940874,-54.20788439221,
    45.304121296215));
#121 = VERTEX_POINT('',#122);
#122 = CARTESIAN_POINT('',(16.345001967408,-54.20788439221,
    46.117461269681));
#123 = SURFACE_CURVE('',#124,(#129,#145),.PCURVE_S1.);
#124 = CIRCLE('',#125,1.85);
#125 = AXIS2_PLACEMENT_3D('',#126,#127,#128);
#126 = CARTESIAN_POINT('',(15.508341940874,-54.20788439221,
    44.467461269681));
#127 = DIRECTION('',(5.546778314436E-16,-1.,3.86106458461E-15));
#128 = DIRECTION('',(1.,5.546778314436E-16,-1.64473469566E-16));
#129 = PCURVE('',#130,#135);
#130 = PLANE('',#131);
#131 = AXIS2_PLACEMENT_3D('',#132,#133,#134);
#132 = CARTESIAN_POINT('',(8.341940873662E-03,-54.20788439221,
    59.967461269681));
#133 = DIRECTION('',(-5.546778314436E-16,1.,-3.86106458461E-15));
#134 = DIRECTION('',(1.,5.546778314436E-16,-1.64473469566E-16));
#135 = DEFINITIONAL_REPRESENTATION('',(#136),#144);
#136 = ( BOUNDED_CURVE() B_SPLINE_CURVE(2,(#137,#138,#139,#140,#141,#142
,#143),.UNSPECIFIED.,.T.,.F.) B_SPLINE_CURVE_WITH_KNOTS((1,2,2,2,2,1),(
    -2.094395102393,0.,2.094395102393,4.188790204786,6.28318530718,
8.377580409573),.UNSPECIFIED.) CURVE() GEOMETRIC_REPRESENTATION_ITEM() 
RATIONAL_B_SPLINE_CURVE((1.,0.5,1.,0.5,1.,0.5,1.)) REPRESENTATION_ITEM(
  '') );
#137 = CARTESIAN_POINT('',(17.35,15.5));
#138 = CARTESIAN_POINT('',(17.35,12.295706005998));
#139 = CARTESIAN_POINT('',(14.575,13.897853002999));
#140 = CARTESIAN_POINT('',(11.8,15.5));
#141 = CARTESIAN_POINT('',(14.575,17.102146997001));
#142 = CARTESIAN_POINT('',(17.35,18.704293994002));
#143 = CARTESIAN_POINT('',(17.35,15.5));
#144 = ( GEOMETRIC_REPRESENTATION_CONTEXT(2) 
PARAMETRIC_REPRESENTATION_CONTEXT() REPRESENTATION_CONTEXT('2D SPACE',''
  ) );
#145 = PCURVE('',#77,#146);
#146 = DEFINITIONAL_REPRESENTATION('',(#147),#151);
#147 = LINE('',#148,#149);
#148 = CARTESIAN_POINT('',(1.7763568394E-15,-0.2));
#149 = VECTOR('',#150,1.);
#150 = DIRECTION('',(-1.,0.));
#151 = ( GEOMETRIC_REPRESENTATION_CONTEXT(2) 
PARAMETRIC_REPRESENTATION_CONTEXT() REPRESENTATION_CONTEXT('2D SPACE',''
  ) );
#152 = ORIENTED_EDGE('',*,*,#153,.F.);
#153 = EDGE_CURVE('',#154,#119,#156,.T.);
#154 = VERTEX_POINT('',#155);
#155 = CARTESIAN_POINT('',(17.158341940874,-54.20788439221,
    46.117461269681));
#156 = SURFACE_CURVE('',#157,(#161,#168),.PCURVE_S1.);
#157 = LINE('',#158,#159);
#158 = CARTESIAN_POINT('',(17.158341940874,-54.20788439221,
    46.117461269681));
#159 = VECTOR('',#160,1.);
#160 = DIRECTION('',(-1.64473469566E-16,-3.86106458461E-15,-1.));
#161 = PCURVE('',#130,#162);
#162 = DEFINITIONAL_REPRESENTATION('',(#163),#167);
#163 = LINE('',#164,#165);
#164 = CARTESIAN_POINT('',(17.15,13.85));
#165 = VECTOR('',#166,1.);
#166 = DIRECTION('',(-1.479114197289E-31,1.));
#167 = ( GEOMETRIC_REPRESENTATION_CONTEXT(2) 
PARAMETRIC_REPRESENTATION_CONTEXT() REPRESENTATION_CONTEXT('2D SPACE',''
  ) );
#168 = PCURVE('',#44,#169);
#169 = DEFINITIONAL_REPRESENTATION('',(#170),#174);
#170 = LINE('',#171,#172);
#171 = CARTESIAN_POINT('',(-6.370756564606E-15,-1.65));
#172 = VECTOR('',#173,1.);
#173 = DIRECTION('',(0.,1.));
#174 = ( GEOMETRIC_REPRESENTATION_CONTEXT(2) 
PARAMETRIC_REPRESENTATION_CONTEXT() REPRESENTATION_CONTEXT('2D SPACE',''
  ) );
#175 = ORIENTED_EDGE('',*,*,#176,.F.);
#176 = EDGE_CURVE('',#121,#154,#177,.T.);
#177 = SURFACE_CURVE('',#178,(#182,#189),.PCURVE_S1.);
#178 = LINE('',#179,#180);
#179 = CARTESIAN_POINT('',(17.158341940874,-54.20788439221,
    46.117461269681));
#180 = VECTOR('',#181,1.);
#181 = DIRECTION('',(1.,5.546778314436E-16,-1.64473469566E-16));
#182 = PCURVE('',#130,#183);
#183 = DEFINITIONAL_REPRESENTATION('',(#184),#188);
#184 = LINE('',#185,#186);
#185 = CARTESIAN_POINT('',(17.15,13.85));
#186 = VECTOR('',#187,1.);
#187 = DIRECTION('',(1.,0.));
#188 = ( GEOMETRIC_REPRESENTATION_CONTEXT(2) 
PARAMETRIC_REPRESENTATION_CONTEXT() REPRESENTATION_CONTEXT('2D SPACE',''
  ) );
#189 = PCURVE('',#190,#195);
#190 = PLANE('',#191);
#191 = AXIS2_PLACEMENT_3D('',#192,#193,#194);
#192 = CARTESIAN_POINT('',(15.508341940874,-54.00788439221,
    46.117461269681));
#193 = DIRECTION('',(-1.64473469566E-16,-3.86106458461E-15,-1.));
#194 = DIRECTION('',(-1.,-5.546778314436E-16,1.64473469566E-16));
#195 = DEFINITIONAL_REPRESENTATION('',(#196),#200);
#196 = LINE('',#197,#198);
#197 = CARTESIAN_POINT('',(-1.65,-0.2));
#198 = VECTOR('',#199,1.);
#199 = DIRECTION('',(-1.,4.339700953352E-32));
#200 = ( GEOMETRIC_REPRESENTATION_CONTEXT(2) 
PARAMETRIC_REPRESENTATION_CONTEXT() REPRESENTATION_CONTEXT('2D SPACE',''
  ) );
#201 = ADVANCED_FACE('',(#202),#217,.F.);
#202 = FACE_BOUND('',#203,.T.);
#203 = EDGE_LOOP('',(#204,#239,#267));
#204 = ORIENTED_EDGE('',*,*,#205,.F.);
#205 = EDGE_CURVE('',#206,#208,#210,.T.);
#206 = VERTEX_POINT('',#207);
#207 = CARTESIAN_POINT('',(13.858341940874,-54.20788439221,
    43.630801243147));
#208 = VERTEX_POINT('',#209);
#209 = CARTESIAN_POINT('',(14.67168191434,-54.20788439221,
    42.817461269681));
#210 = SURFACE_CURVE('',#211,(#216,#232),.PCURVE_S1.);
#211 = CIRCLE('',#212,1.85);
#212 = AXIS2_PLACEMENT_3D('',#213,#214,#215);
#213 = CARTESIAN_POINT('',(15.508341940874,-54.20788439221,
    44.467461269681));
#214 = DIRECTION('',(5.546778314436E-16,-1.,3.86106458461E-15));
#215 = DIRECTION('',(1.,5.546778314436E-16,-1.64473469566E-16));
#216 = PCURVE('',#217,#222);
#217 = PLANE('',#218);
#218 = AXIS2_PLACEMENT_3D('',#219,#220,#221);
#219 = CARTESIAN_POINT('',(8.341940873662E-03,-54.20788439221,
    59.967461269681));
#220 = DIRECTION('',(-5.546778314436E-16,1.,-3.86106458461E-15));
#221 = DIRECTION('',(1.,5.546778314436E-16,-1.64473469566E-16));
#222 = DEFINITIONAL_REPRESENTATION('',(#223),#231);
#223 = ( BOUNDED_CURVE() B_SPLINE_CURVE(2,(#224,#225,#226,#227,#228,#229
,#230),.UNSPECIFIED.,.T.,.F.) B_SPLINE_CURVE_WITH_KNOTS((1,2,2,2,2,1),(
    -2.094395102393,0.,2.094395102393,4.188790204786,6.28318530718,
8.377580409573),.UNSPECIFIED.) CURVE() GEOMETRIC_REPRESENTATION_ITEM() 
RATIONAL_B_SPLINE_CURVE((1.,0.5,1.,0.5,1.,0.5,1.)) REPRESENTATION_ITEM(
  '') );
#224 = CARTESIAN_POINT('',(17.35,15.5));
#225 = CARTESIAN_POINT('',(17.35,12.295706005998));
#226 = CARTESIAN_POINT('',(14.575,13.897853002999));
#227 = CARTESIAN_POINT('',(11.8,15.5));
#228 = CARTESIAN_POINT('',(14.575,17.102146997001));
#229 = CARTESIAN_POINT('',(17.35,18.704293994002));
#230 = CARTESIAN_POINT('',(17.35,15.5));
#231 = ( GEOMETRIC_REPRESENTATION_CONTEXT(2) 
PARAMETRIC_REPRESENTATION_CONTEXT() REPRESENTATION_CONTEXT('2D SPACE',''
  ) );
#232 = PCURVE('',#77,#233);
#233 = DEFINITIONAL_REPRESENTATION('',(#234),#238);
#234 = LINE('',#235,#236);
#235 = CARTESIAN_POINT('',(6.28318530718,-0.2));
#236 = VECTOR('',#237,1.);
#237 = DIRECTION('',(-1.,1.123873866922E-14));
#238 = ( GEOMETRIC_REPRESENTATION_CONTEXT(2) 
PARAMETRIC_REPRESENTATION_CONTEXT() REPRESENTATION_CONTEXT('2D SPACE',''
  ) );
#239 = ORIENTED_EDGE('',*,*,#240,.F.);
#240 = EDGE_CURVE('',#241,#206,#243,.T.);
#241 = VERTEX_POINT('',#242);
#242 = CARTESIAN_POINT('',(13.858341940874,-54.20788439221,
    42.817461269681));
#243 = SURFACE_CURVE('',#244,(#248,#255),.PCURVE_S1.);
#244 = LINE('',#245,#246);
#245 = CARTESIAN_POINT('',(13.858341940874,-54.20788439221,
    42.817461269681));
#246 = VECTOR('',#247,1.);
#247 = DIRECTION('',(1.64473469566E-16,3.86106458461E-15,1.));
#248 = PCURVE('',#217,#249);
#249 = DEFINITIONAL_REPRESENTATION('',(#250),#254);
#250 = LINE('',#251,#252);
#251 = CARTESIAN_POINT('',(13.85,17.15));
#252 = VECTOR('',#253,1.);
#253 = DIRECTION('',(1.479114197289E-31,-1.));
#254 = ( GEOMETRIC_REPRESENTATION_CONTEXT(2) 
PARAMETRIC_REPRESENTATION_CONTEXT() REPRESENTATION_CONTEXT('2D SPACE',''
  ) );
#255 = PCURVE('',#256,#261);
#256 = PLANE('',#257);
#257 = AXIS2_PLACEMENT_3D('',#258,#259,#260);
#258 = CARTESIAN_POINT('',(13.858341940874,-54.20788439221,
    44.467461269681));
#259 = DIRECTION('',(1.,5.546778314436E-16,-1.64473469566E-16));
#260 = DIRECTION('',(5.546778314436E-16,-1.,3.86106458461E-15));
#261 = DEFINITIONAL_REPRESENTATION('',(#262),#266);
#262 = LINE('',#263,#264);
#263 = CARTESIAN_POINT('',(-6.370756564606E-15,1.65));
#264 = VECTOR('',#265,1.);
#265 = DIRECTION('',(0.,-1.));
#266 = ( GEOMETRIC_REPRESENTATION_CONTEXT(2) 
PARAMETRIC_REPRESENTATION_CONTEXT() REPRESENTATION_CONTEXT('2D SPACE',''
  ) );
#267 = ORIENTED_EDGE('',*,*,#268,.F.);
#268 = EDGE_CURVE('',#208,#241,#269,.T.);
#269 = SURFACE_CURVE('',#270,(#274,#281),.PCURVE_S1.);
#270 = LINE('',#271,#272);
#271 = CARTESIAN_POINT('',(13.858341940874,-54.20788439221,
    42.817461269681));
#272 = VECTOR('',#273,1.);
#273 = DIRECTION('',(-1.,-5.546778314436E-16,1.64473469566E-16));
#274 = PCURVE('',#217,#275);
#275 = DEFINITIONAL_REPRESENTATION('',(#276),#280);
#276 = LINE('',#277,#278);
#277 = CARTESIAN_POINT('',(13.85,17.15));
#278 = VECTOR('',#279,1.);
#279 = DIRECTION('',(-1.,0.));
#280 = ( GEOMETRIC_REPRESENTATION_CONTEXT(2) 
PARAMETRIC_REPRESENTATION_CONTEXT() REPRESENTATION_CONTEXT('2D SPACE',''
  ) );
#281 = PCURVE('',#103,#282);
#282 = DEFINITIONAL_REPRESENTATION('',(#283),#287);
#283 = LINE('',#284,#285);
#284 = CARTESIAN_POINT('',(0.2,0.775));
#285 = VECTOR('',#286,1.);
#286 = DIRECTION('',(-3.51033443077E-31,-1.));
#287 = ( GEOMETRIC_REPRESENTATION_CONTEXT(2) 
PARAMETRIC_REPRESENTATION_CONTEXT() REPRESENTATION_CONTEXT('2D SPACE',''
  ) );
#288 = ADVANCED_FACE('',(#289),#303,.F.);
#289 = FACE_BOUND('',#290,.T.);
#290 = EDGE_LOOP('',(#291,#321,#349));
#291 = ORIENTED_EDGE('',*,*,#292,.F.);
#292 = EDGE_CURVE('',#293,#295,#297,.T.);
#293 = VERTEX_POINT('',#294);
#294 = CARTESIAN_POINT('',(13.858341940874,-54.20788439221,
    45.304121296215));
#295 = VERTEX_POINT('',#296);
#296 = CARTESIAN_POINT('',(13.858341940874,-54.20788439221,
    46.117461269681));
#297 = SURFACE_CURVE('',#298,(#302,#314),.PCURVE_S1.);
#298 = LINE('',#299,#300);
#299 = CARTESIAN_POINT('',(13.858341940874,-54.20788439221,
    42.817461269681));
#300 = VECTOR('',#301,1.);
#301 = DIRECTION('',(1.64473469566E-16,3.86106458461E-15,1.));
#302 = PCURVE('',#303,#308);
#303 = PLANE('',#304);
#304 = AXIS2_PLACEMENT_3D('',#305,#306,#307);
#305 = CARTESIAN_POINT('',(8.341940873662E-03,-54.20788439221,
    59.967461269681));
#306 = DIRECTION('',(-5.546778314436E-16,1.,-3.86106458461E-15));
#307 = DIRECTION('',(1.,5.546778314436E-16,-1.64473469566E-16));
#308 = DEFINITIONAL_REPRESENTATION('',(#309),#313);
#309 = LINE('',#310,#311);
#310 = CARTESIAN_POINT('',(13.85,17.15));
#311 = VECTOR('',#312,1.);
#312 = DIRECTION('',(1.479114197289E-31,-1.));
#313 = ( GEOMETRIC_REPRESENTATION_CONTEXT(2) 
PARAMETRIC_REPRESENTATION_CONTEXT() REPRESENTATION_CONTEXT('2D SPACE',''
  ) );
#314 = PCURVE('',#256,#315);
#315 = DEFINITIONAL_REPRESENTATION('',(#316),#320);
#316 = LINE('',#317,#318);
#317 = CARTESIAN_POINT('',(-6.370756564606E-15,1.65));
#318 = VECTOR('',#319,1.);
#319 = DIRECTION('',(0.,-1.));
#320 = ( GEOMETRIC_REPRESENTATION_CONTEXT(2) 
PARAMETRIC_REPRESENTATION_CONTEXT() REPRESENTATION_CONTEXT('2D SPACE',''
  ) );
#321 = ORIENTED_EDGE('',*,*,#322,.F.);
#322 = EDGE_CURVE('',#323,#293,#325,.T.);
#323 = VERTEX_POINT('',#324);
#324 = CARTESIAN_POINT('',(14.67168191434,-54.20788439221,
    46.117461269681));
#325 = SURFACE_CURVE('',#326,(#331,#342),.PCURVE_S1.);
#326 = CIRCLE('',#327,1.85);
#327 = AXIS2_PLACEMENT_3D('',#328,#329,#330);
#328 = CARTESIAN_POINT('',(15.508341940874,-54.20788439221,
    44.467461269681));
#329 = DIRECTION('',(5.546778314436E-16,-1.,3.86106458461E-15));
#330 = DIRECTION('',(1.,5.546778314436E-16,-1.64473469566E-16));
#331 = PCURVE('',#303,#332);
#332 = DEFINITIONAL_REPRESENTATION('',(#333),#341);
#333 = ( BOUNDED_CURVE() B_SPLINE_CURVE(2,(#334,#335,#336,#337,#338,#339
,#340),.UNSPECIFIED.,.T.,.F.) B_SPLINE_CURVE_WITH_KNOTS((1,2,2,2,2,1),(
    -2.094395102393,0.,2.094395102393,4.188790204786,6.28318530718,
8.377580409573),.UNSPECIFIED.) CURVE() GEOMETRIC_REPRESENTATION_ITEM() 
RATIONAL_B_SPLINE_CURVE((1.,0.5,1.,0.5,1.,0.5,1.)) REPRESENTATION_ITEM(
  '') );
#334 = CARTESIAN_POINT('',(17.35,15.5));
#335 = CARTESIAN_POINT('',(17.35,12.295706005998));
#336 = CARTESIAN_POINT('',(14.575,13.897853002999));
#337 = CARTESIAN_POINT('',(11.8,15.5));
#338 = CARTESIAN_POINT('',(14.575,17.102146997001));
#339 = CARTESIAN_POINT('',(17.35,18.704293994002));
#340 = CARTESIAN_POINT('',(17.35,15.5));
#341 = ( GEOMETRIC_REPRESENTATION_CONTEXT(2) 
PARAMETRIC_REPRESENTATION_CONTEXT() REPRESENTATION_CONTEXT('2D SPACE',''
  ) );
#342 = PCURVE('',#77,#343);
#343 = DEFINITIONAL_REPRESENTATION('',(#344),#348);
#344 = LINE('',#345,#346);
#345 = CARTESIAN_POINT('',(8.881784197001E-16,-0.2));
#346 = VECTOR('',#347,1.);
#347 = DIRECTION('',(-1.,-1.123873866922E-14));
#348 = ( GEOMETRIC_REPRESENTATION_CONTEXT(2) 
PARAMETRIC_REPRESENTATION_CONTEXT() REPRESENTATION_CONTEXT('2D SPACE',''
  ) );
#349 = ORIENTED_EDGE('',*,*,#350,.F.);
#350 = EDGE_CURVE('',#295,#323,#351,.T.);
#351 = SURFACE_CURVE('',#352,(#356,#363),.PCURVE_S1.);
#352 = LINE('',#353,#354);
#353 = CARTESIAN_POINT('',(13.184551932874,-54.20788439221,
    46.117461269681));
#354 = VECTOR('',#355,1.);
#355 = DIRECTION('',(1.,5.546778314436E-16,-1.64473469566E-16));
#356 = PCURVE('',#303,#357);
#357 = DEFINITIONAL_REPRESENTATION('',(#358),#362);
#358 = LINE('',#359,#360);
#359 = CARTESIAN_POINT('',(13.176209992,13.85));
#360 = VECTOR('',#361,1.);
#361 = DIRECTION('',(1.,0.));
#362 = ( GEOMETRIC_REPRESENTATION_CONTEXT(2) 
PARAMETRIC_REPRESENTATION_CONTEXT() REPRESENTATION_CONTEXT('2D SPACE',''
  ) );
#363 = PCURVE('',#190,#364);
#364 = DEFINITIONAL_REPRESENTATION('',(#365),#369);
#365 = LINE('',#366,#367);
#366 = CARTESIAN_POINT('',(2.323790008,-0.2));
#367 = VECTOR('',#368,1.);
#368 = DIRECTION('',(-1.,4.339700953352E-32));
#369 = ( GEOMETRIC_REPRESENTATION_CONTEXT(2) 
PARAMETRIC_REPRESENTATION_CONTEXT() REPRESENTATION_CONTEXT('2D SPACE',''
  ) );
#370 = ADVANCED_FACE('',(#371),#385,.F.);
#371 = FACE_BOUND('',#372,.T.);
#372 = EDGE_LOOP('',(#373,#408,#441));
#373 = ORIENTED_EDGE('',*,*,#374,.F.);
#374 = EDGE_CURVE('',#375,#377,#379,.T.);
#375 = VERTEX_POINT('',#376);
#376 = CARTESIAN_POINT('',(-16.32831808566,-54.20788439221,
    42.817461269681));
#377 = VERTEX_POINT('',#378);
#378 = CARTESIAN_POINT('',(-17.14165805912,-54.20788439221,
    42.817461269681));
#379 = SURFACE_CURVE('',#380,(#384,#396),.PCURVE_S1.);
#380 = LINE('',#381,#382);
#381 = CARTESIAN_POINT('',(-13.84165805912,-54.20788439221,
    42.817461269681));
#382 = VECTOR('',#383,1.);
#383 = DIRECTION('',(-1.,-5.546778314436E-16,1.64473469566E-16));
#384 = PCURVE('',#385,#390);
#385 = PLANE('',#386);
#386 = AXIS2_PLACEMENT_3D('',#387,#388,#389);
#387 = CARTESIAN_POINT('',(8.341940873662E-03,-54.20788439221,
    59.967461269681));
#388 = DIRECTION('',(-5.546778314436E-16,1.,-3.86106458461E-15));
#389 = DIRECTION('',(-1.64473469566E-16,-3.86106458461E-15,-1.));
#390 = DEFINITIONAL_REPRESENTATION('',(#391),#395);
#391 = LINE('',#392,#393);
#392 = CARTESIAN_POINT('',(17.15,13.85));
#393 = VECTOR('',#394,1.);
#394 = DIRECTION('',(1.479114197289E-31,1.));
#395 = ( GEOMETRIC_REPRESENTATION_CONTEXT(2) 
PARAMETRIC_REPRESENTATION_CONTEXT() REPRESENTATION_CONTEXT('2D SPACE',''
  ) );
#396 = PCURVE('',#397,#402);
#397 = PLANE('',#398);
#398 = AXIS2_PLACEMENT_3D('',#399,#400,#401);
#399 = CARTESIAN_POINT('',(-15.49165805912,-54.20788439221,
    42.817461269681));
#400 = DIRECTION('',(1.64473469566E-16,3.86106458461E-15,1.));
#401 = DIRECTION('',(-5.546778314436E-16,1.,-3.86106458461E-15));
#402 = DEFINITIONAL_REPRESENTATION('',(#403),#407);
#403 = LINE('',#404,#405);
#404 = CARTESIAN_POINT('',(-9.152184218819E-16,-1.65));
#405 = VECTOR('',#406,1.);
#406 = DIRECTION('',(3.51033443077E-31,1.));
#407 = ( GEOMETRIC_REPRESENTATION_CONTEXT(2) 
PARAMETRIC_REPRESENTATION_CONTEXT() REPRESENTATION_CONTEXT('2D SPACE',''
  ) );
#408 = ORIENTED_EDGE('',*,*,#409,.F.);
#409 = EDGE_CURVE('',#410,#375,#412,.T.);
#410 = VERTEX_POINT('',#411);
#411 = CARTESIAN_POINT('',(-17.14165805912,-54.20788439221,
    43.630801243147));
#412 = SURFACE_CURVE('',#413,(#418,#429),.PCURVE_S1.);
#413 = CIRCLE('',#414,1.85);
#414 = AXIS2_PLACEMENT_3D('',#415,#416,#417);
#415 = CARTESIAN_POINT('',(-15.49165805912,-54.20788439221,
    44.467461269681));
#416 = DIRECTION('',(5.546778314436E-16,-1.,3.86106458461E-15));
#417 = DIRECTION('',(1.,5.546778314436E-16,-1.64473469566E-16));
#418 = PCURVE('',#385,#419);
#419 = DEFINITIONAL_REPRESENTATION('',(#420),#428);
#420 = ( BOUNDED_CURVE() B_SPLINE_CURVE(2,(#421,#422,#423,#424,#425,#426
,#427),.UNSPECIFIED.,.T.,.F.) B_SPLINE_CURVE_WITH_KNOTS((1,2,2,2,2,1),(
    -2.094395102393,0.,2.094395102393,4.188790204786,6.28318530718,
8.377580409573),.UNSPECIFIED.) CURVE() GEOMETRIC_REPRESENTATION_ITEM() 
RATIONAL_B_SPLINE_CURVE((1.,0.5,1.,0.5,1.,0.5,1.)) REPRESENTATION_ITEM(
  '') );
#421 = CARTESIAN_POINT('',(15.5,13.65));
#422 = CARTESIAN_POINT('',(12.295706005998,13.65));
#423 = CARTESIAN_POINT('',(13.897853002999,16.425));
#424 = CARTESIAN_POINT('',(15.5,19.2));
#425 = CARTESIAN_POINT('',(17.102146997001,16.425));
#426 = CARTESIAN_POINT('',(18.704293994002,13.65));
#427 = CARTESIAN_POINT('',(15.5,13.65));
#428 = ( GEOMETRIC_REPRESENTATION_CONTEXT(2) 
PARAMETRIC_REPRESENTATION_CONTEXT() REPRESENTATION_CONTEXT('2D SPACE',''
  ) );
#429 = PCURVE('',#430,#435);
#430 = CYLINDRICAL_SURFACE('',#431,1.85);
#431 = AXIS2_PLACEMENT_3D('',#432,#433,#434);
#432 = CARTESIAN_POINT('',(-15.49165805912,-54.00788439221,
    44.467461269681));
#433 = DIRECTION('',(-5.546778314436E-16,1.,-3.86106458461E-15));
#434 = DIRECTION('',(1.,5.546778314436E-16,-1.64473469566E-16));
#435 = DEFINITIONAL_REPRESENTATION('',(#436),#440);
#436 = LINE('',#437,#438);
#437 = CARTESIAN_POINT('',(6.28318530718,-0.2));
#438 = VECTOR('',#439,1.);
#439 = DIRECTION('',(-1.,1.123873866922E-14));
#440 = ( GEOMETRIC_REPRESENTATION_CONTEXT(2) 
PARAMETRIC_REPRESENTATION_CONTEXT() REPRESENTATION_CONTEXT('2D SPACE',''
  ) );
#441 = ORIENTED_EDGE('',*,*,#442,.F.);
#442 = EDGE_CURVE('',#377,#410,#443,.T.);
#443 = SURFACE_CURVE('',#444,(#448,#455),.PCURVE_S1.);
#444 = LINE('',#445,#446);
#445 = CARTESIAN_POINT('',(-17.14165805912,-54.20788439221,
    42.143671261681));
#446 = VECTOR('',#447,1.);
#447 = DIRECTION('',(1.64473469566E-16,3.86106458461E-15,1.));
#448 = PCURVE('',#385,#449);
#449 = DEFINITIONAL_REPRESENTATION('',(#450),#454);
#450 = LINE('',#451,#452);
#451 = CARTESIAN_POINT('',(17.823790008,17.15));
#452 = VECTOR('',#453,1.);
#453 = DIRECTION('',(-1.,0.));
#454 = ( GEOMETRIC_REPRESENTATION_CONTEXT(2) 
PARAMETRIC_REPRESENTATION_CONTEXT() REPRESENTATION_CONTEXT('2D SPACE',''
  ) );
#455 = PCURVE('',#456,#461);
#456 = PLANE('',#457);
#457 = AXIS2_PLACEMENT_3D('',#458,#459,#460);
#458 = CARTESIAN_POINT('',(-17.14165805912,-54.00788439221,
    46.892461269681));
#459 = DIRECTION('',(1.,5.546778314436E-16,-1.64473469566E-16));
#460 = DIRECTION('',(5.546778314436E-16,-1.,3.86106458461E-15));
#461 = DEFINITIONAL_REPRESENTATION('',(#462),#466);
#462 = LINE('',#463,#464);
#463 = CARTESIAN_POINT('',(0.2,4.748790008));
#464 = VECTOR('',#465,1.);
#465 = DIRECTION('',(0.,-1.));
#466 = ( GEOMETRIC_REPRESENTATION_CONTEXT(2) 
PARAMETRIC_REPRESENTATION_CONTEXT() REPRESENTATION_CONTEXT('2D SPACE',''
  ) );
#467 = ADVANCED_FACE('',(#468),#483,.F.);
#468 = FACE_BOUND('',#469,.T.);
#469 = EDGE_LOOP('',(#470,#505,#528));
#470 = ORIENTED_EDGE('',*,*,#471,.F.);
#471 = EDGE_CURVE('',#472,#474,#476,.T.);
#472 = VERTEX_POINT('',#473);
#473 = CARTESIAN_POINT('',(-14.65499803259,-54.20788439221,
    42.817461269681));
#474 = VERTEX_POINT('',#475);
#475 = CARTESIAN_POINT('',(-13.84165805912,-54.20788439221,
    43.630801243147));
#476 = SURFACE_CURVE('',#477,(#482,#498),.PCURVE_S1.);
#477 = CIRCLE('',#478,1.85);
#478 = AXIS2_PLACEMENT_3D('',#479,#480,#481);
#479 = CARTESIAN_POINT('',(-15.49165805912,-54.20788439221,
    44.467461269681));
#480 = DIRECTION('',(5.546778314436E-16,-1.,3.86106458461E-15));
#481 = DIRECTION('',(1.,5.546778314436E-16,-1.64473469566E-16));
#482 = PCURVE('',#483,#488);
#483 = PLANE('',#484);
#484 = AXIS2_PLACEMENT_3D('',#485,#486,#487);
#485 = CARTESIAN_POINT('',(8.341940873662E-03,-54.20788439221,
    59.967461269681));
#486 = DIRECTION('',(-5.546778314436E-16,1.,-3.86106458461E-15));
#487 = DIRECTION('',(-1.64473469566E-16,-3.86106458461E-15,-1.));
#488 = DEFINITIONAL_REPRESENTATION('',(#489),#497);
#489 = ( BOUNDED_CURVE() B_SPLINE_CURVE(2,(#490,#491,#492,#493,#494,#495
,#496),.UNSPECIFIED.,.T.,.F.) B_SPLINE_CURVE_WITH_KNOTS((1,2,2,2,2,1),(
    -2.094395102393,0.,2.094395102393,4.188790204786,6.28318530718,
8.377580409573),.UNSPECIFIED.) CURVE() GEOMETRIC_REPRESENTATION_ITEM() 
RATIONAL_B_SPLINE_CURVE((1.,0.5,1.,0.5,1.,0.5,1.)) REPRESENTATION_ITEM(
  '') );
#490 = CARTESIAN_POINT('',(15.5,13.65));
#491 = CARTESIAN_POINT('',(12.295706005998,13.65));
#492 = CARTESIAN_POINT('',(13.897853002999,16.425));
#493 = CARTESIAN_POINT('',(15.5,19.2));
#494 = CARTESIAN_POINT('',(17.102146997001,16.425));
#495 = CARTESIAN_POINT('',(18.704293994002,13.65));
#496 = CARTESIAN_POINT('',(15.5,13.65));
#497 = ( GEOMETRIC_REPRESENTATION_CONTEXT(2) 
PARAMETRIC_REPRESENTATION_CONTEXT() REPRESENTATION_CONTEXT('2D SPACE',''
  ) );
#498 = PCURVE('',#430,#499);
#499 = DEFINITIONAL_REPRESENTATION('',(#500),#504);
#500 = LINE('',#501,#502);
#501 = CARTESIAN_POINT('',(6.28318530718,-0.2));
#502 = VECTOR('',#503,1.);
#503 = DIRECTION('',(-1.,0.));
#504 = ( GEOMETRIC_REPRESENTATION_CONTEXT(2) 
PARAMETRIC_REPRESENTATION_CONTEXT() REPRESENTATION_CONTEXT('2D SPACE',''
  ) );
#505 = ORIENTED_EDGE('',*,*,#506,.F.);
#506 = EDGE_CURVE('',#507,#472,#509,.T.);
#507 = VERTEX_POINT('',#508);
#508 = CARTESIAN_POINT('',(-13.84165805912,-54.20788439221,
    42.817461269681));
#509 = SURFACE_CURVE('',#510,(#514,#521),.PCURVE_S1.);
#510 = LINE('',#511,#512);
#511 = CARTESIAN_POINT('',(-13.84165805912,-54.20788439221,
    42.817461269681));
#512 = VECTOR('',#513,1.);
#513 = DIRECTION('',(-1.,-5.546778314436E-16,1.64473469566E-16));
#514 = PCURVE('',#483,#515);
#515 = DEFINITIONAL_REPRESENTATION('',(#516),#520);
#516 = LINE('',#517,#518);
#517 = CARTESIAN_POINT('',(17.15,13.85));
#518 = VECTOR('',#519,1.);
#519 = DIRECTION('',(1.479114197289E-31,1.));
#520 = ( GEOMETRIC_REPRESENTATION_CONTEXT(2) 
PARAMETRIC_REPRESENTATION_CONTEXT() REPRESENTATION_CONTEXT('2D SPACE',''
  ) );
#521 = PCURVE('',#397,#522);
#522 = DEFINITIONAL_REPRESENTATION('',(#523),#527);
#523 = LINE('',#524,#525);
#524 = CARTESIAN_POINT('',(-9.152184218819E-16,-1.65));
#525 = VECTOR('',#526,1.);
#526 = DIRECTION('',(3.51033443077E-31,1.));
#527 = ( GEOMETRIC_REPRESENTATION_CONTEXT(2) 
PARAMETRIC_REPRESENTATION_CONTEXT() REPRESENTATION_CONTEXT('2D SPACE',''
  ) );
#528 = ORIENTED_EDGE('',*,*,#529,.F.);
#529 = EDGE_CURVE('',#474,#507,#530,.T.);
#530 = SURFACE_CURVE('',#531,(#535,#542),.PCURVE_S1.);
#531 = LINE('',#532,#533);
#532 = CARTESIAN_POINT('',(-13.84165805912,-54.20788439221,
    42.817461269681));
#533 = VECTOR('',#534,1.);
#534 = DIRECTION('',(-1.64473469566E-16,-3.86106458461E-15,-1.));
#535 = PCURVE('',#483,#536);
#536 = DEFINITIONAL_REPRESENTATION('',(#537),#541);
#537 = LINE('',#538,#539);
#538 = CARTESIAN_POINT('',(17.15,13.85));
#539 = VECTOR('',#540,1.);
#540 = DIRECTION('',(1.,0.));
#541 = ( GEOMETRIC_REPRESENTATION_CONTEXT(2) 
PARAMETRIC_REPRESENTATION_CONTEXT() REPRESENTATION_CONTEXT('2D SPACE',''
  ) );
#542 = PCURVE('',#543,#548);
#543 = PLANE('',#544);
#544 = AXIS2_PLACEMENT_3D('',#545,#546,#547);
#545 = CARTESIAN_POINT('',(-13.84165805912,-54.00788439221,
    44.467461269681));
#546 = DIRECTION('',(-1.,-5.546778314436E-16,1.64473469566E-16));
#547 = DIRECTION('',(1.64473469566E-16,3.86106458461E-15,1.));
#548 = DEFINITIONAL_REPRESENTATION('',(#549),#553);
#549 = LINE('',#550,#551);
#550 = CARTESIAN_POINT('',(-1.65,-0.2));
#551 = VECTOR('',#552,1.);
#552 = DIRECTION('',(-1.,0.));
#553 = ( GEOMETRIC_REPRESENTATION_CONTEXT(2) 
PARAMETRIC_REPRESENTATION_CONTEXT() REPRESENTATION_CONTEXT('2D SPACE',''
  ) );
#554 = ADVANCED_FACE('',(#555),#569,.F.);
#555 = FACE_BOUND('',#556,.T.);
#556 = EDGE_LOOP('',(#557,#592,#620));
#557 = ORIENTED_EDGE('',*,*,#558,.F.);
#558 = EDGE_CURVE('',#559,#561,#563,.T.);
#559 = VERTEX_POINT('',#560);
#560 = CARTESIAN_POINT('',(-14.65499803259,-54.20788439221,
    46.117461269681));
#561 = VERTEX_POINT('',#562);
#562 = CARTESIAN_POINT('',(-13.84165805912,-54.20788439221,
    46.117461269681));
#563 = SURFACE_CURVE('',#564,(#568,#580),.PCURVE_S1.);
#564 = LINE('',#565,#566);
#565 = CARTESIAN_POINT('',(-17.14165805912,-54.20788439221,
    46.117461269681));
#566 = VECTOR('',#567,1.);
#567 = DIRECTION('',(1.,5.546778314436E-16,-1.64473469566E-16));
#568 = PCURVE('',#569,#574);
#569 = PLANE('',#570);
#570 = AXIS2_PLACEMENT_3D('',#571,#572,#573);
#571 = CARTESIAN_POINT('',(8.341940873662E-03,-54.20788439221,
    59.967461269681));
#572 = DIRECTION('',(-5.546778314436E-16,1.,-3.86106458461E-15));
#573 = DIRECTION('',(-1.64473469566E-16,-3.86106458461E-15,-1.));
#574 = DEFINITIONAL_REPRESENTATION('',(#575),#579);
#575 = LINE('',#576,#577);
#576 = CARTESIAN_POINT('',(13.85,17.15));
#577 = VECTOR('',#578,1.);
#578 = DIRECTION('',(-1.479114197289E-31,-1.));
#579 = ( GEOMETRIC_REPRESENTATION_CONTEXT(2) 
PARAMETRIC_REPRESENTATION_CONTEXT() REPRESENTATION_CONTEXT('2D SPACE',''
  ) );
#580 = PCURVE('',#581,#586);
#581 = PLANE('',#582);
#582 = AXIS2_PLACEMENT_3D('',#583,#584,#585);
#583 = CARTESIAN_POINT('',(-15.49165805912,-54.20788439221,
    46.117461269681));
#584 = DIRECTION('',(-1.64473469566E-16,-3.86106458461E-15,-1.));
#585 = DIRECTION('',(5.546778314436E-16,-1.,3.86106458461E-15));
#586 = DEFINITIONAL_REPRESENTATION('',(#587),#591);
#587 = LINE('',#588,#589);
#588 = CARTESIAN_POINT('',(-9.152184218819E-16,1.65));
#589 = VECTOR('',#590,1.);
#590 = DIRECTION('',(3.51033443077E-31,-1.));
#591 = ( GEOMETRIC_REPRESENTATION_CONTEXT(2) 
PARAMETRIC_REPRESENTATION_CONTEXT() REPRESENTATION_CONTEXT('2D SPACE',''
  ) );
#592 = ORIENTED_EDGE('',*,*,#593,.F.);
#593 = EDGE_CURVE('',#594,#559,#596,.T.);
#594 = VERTEX_POINT('',#595);
#595 = CARTESIAN_POINT('',(-13.84165805912,-54.20788439221,
    45.304121296215));
#596 = SURFACE_CURVE('',#597,(#602,#613),.PCURVE_S1.);
#597 = CIRCLE('',#598,1.85);
#598 = AXIS2_PLACEMENT_3D('',#599,#600,#601);
#599 = CARTESIAN_POINT('',(-15.49165805912,-54.20788439221,
    44.467461269681));
#600 = DIRECTION('',(5.546778314436E-16,-1.,3.86106458461E-15));
#601 = DIRECTION('',(1.,5.546778314436E-16,-1.64473469566E-16));
#602 = PCURVE('',#569,#603);
#603 = DEFINITIONAL_REPRESENTATION('',(#604),#612);
#604 = ( BOUNDED_CURVE() B_SPLINE_CURVE(2,(#605,#606,#607,#608,#609,#610
,#611),.UNSPECIFIED.,.T.,.F.) B_SPLINE_CURVE_WITH_KNOTS((1,2,2,2,2,1),(
    -2.094395102393,0.,2.094395102393,4.188790204786,6.28318530718,
8.377580409573),.UNSPECIFIED.) CURVE() GEOMETRIC_REPRESENTATION_ITEM() 
RATIONAL_B_SPLINE_CURVE((1.,0.5,1.,0.5,1.,0.5,1.)) REPRESENTATION_ITEM(
  '') );
#605 = CARTESIAN_POINT('',(15.5,13.65));
#606 = CARTESIAN_POINT('',(12.295706005998,13.65));
#607 = CARTESIAN_POINT('',(13.897853002999,16.425));
#608 = CARTESIAN_POINT('',(15.5,19.2));
#609 = CARTESIAN_POINT('',(17.102146997001,16.425));
#610 = CARTESIAN_POINT('',(18.704293994002,13.65));
#611 = CARTESIAN_POINT('',(15.5,13.65));
#612 = ( GEOMETRIC_REPRESENTATION_CONTEXT(2) 
PARAMETRIC_REPRESENTATION_CONTEXT() REPRESENTATION_CONTEXT('2D SPACE',''
  ) );
#613 = PCURVE('',#430,#614);
#614 = DEFINITIONAL_REPRESENTATION('',(#615),#619);
#615 = LINE('',#616,#617);
#616 = CARTESIAN_POINT('',(1.7763568394E-15,-0.2));
#617 = VECTOR('',#618,1.);
#618 = DIRECTION('',(-1.,0.));
#619 = ( GEOMETRIC_REPRESENTATION_CONTEXT(2) 
PARAMETRIC_REPRESENTATION_CONTEXT() REPRESENTATION_CONTEXT('2D SPACE',''
  ) );
#620 = ORIENTED_EDGE('',*,*,#621,.F.);
#621 = EDGE_CURVE('',#561,#594,#622,.T.);
#622 = SURFACE_CURVE('',#623,(#627,#634),.PCURVE_S1.);
#623 = LINE('',#624,#625);
#624 = CARTESIAN_POINT('',(-13.84165805912,-54.20788439221,
    46.791251277681));
#625 = VECTOR('',#626,1.);
#626 = DIRECTION('',(-1.64473469566E-16,-3.86106458461E-15,-1.));
#627 = PCURVE('',#569,#628);
#628 = DEFINITIONAL_REPRESENTATION('',(#629),#633);
#629 = LINE('',#630,#631);
#630 = CARTESIAN_POINT('',(13.176209992,13.85));
#631 = VECTOR('',#632,1.);
#632 = DIRECTION('',(1.,0.));
#633 = ( GEOMETRIC_REPRESENTATION_CONTEXT(2) 
PARAMETRIC_REPRESENTATION_CONTEXT() REPRESENTATION_CONTEXT('2D SPACE',''
  ) );
#634 = PCURVE('',#543,#635);
#635 = DEFINITIONAL_REPRESENTATION('',(#636),#640);
#636 = LINE('',#637,#638);
#637 = CARTESIAN_POINT('',(2.323790008,-0.2));
#638 = VECTOR('',#639,1.);
#639 = DIRECTION('',(-1.,0.));
#640 = ( GEOMETRIC_REPRESENTATION_CONTEXT(2) 
PARAMETRIC_REPRESENTATION_CONTEXT() REPRESENTATION_CONTEXT('2D SPACE',''
  ) );
#641 = ADVANCED_FACE('',(#642),#657,.F.);
#642 = FACE_BOUND('',#643,.T.);
#643 = EDGE_LOOP('',(#644,#679,#702));
#644 = ORIENTED_EDGE('',*,*,#645,.F.);
#645 = EDGE_CURVE('',#646,#648,#650,.T.);
#646 = VERTEX_POINT('',#647);
#647 = CARTESIAN_POINT('',(-16.32831808566,-54.20788439221,
    46.117461269681));
#648 = VERTEX_POINT('',#649);
#649 = CARTESIAN_POINT('',(-17.14165805912,-54.20788439221,
    45.304121296215));
#650 = SURFACE_CURVE('',#651,(#656,#672),.PCURVE_S1.);
#651 = CIRCLE('',#652,1.85);
#652 = AXIS2_PLACEMENT_3D('',#653,#654,#655);
#653 = CARTESIAN_POINT('',(-15.49165805912,-54.20788439221,
    44.467461269681));
#654 = DIRECTION('',(5.546778314436E-16,-1.,3.86106458461E-15));
#655 = DIRECTION('',(1.,5.546778314436E-16,-1.64473469566E-16));
#656 = PCURVE('',#657,#662);
#657 = PLANE('',#658);
#658 = AXIS2_PLACEMENT_3D('',#659,#660,#661);
#659 = CARTESIAN_POINT('',(8.341940873662E-03,-54.20788439221,
    59.967461269681));
#660 = DIRECTION('',(-5.546778314436E-16,1.,-3.86106458461E-15));
#661 = DIRECTION('',(-1.64473469566E-16,-3.86106458461E-15,-1.));
#662 = DEFINITIONAL_REPRESENTATION('',(#663),#671);
#663 = ( BOUNDED_CURVE() B_SPLINE_CURVE(2,(#664,#665,#666,#667,#668,#669
,#670),.UNSPECIFIED.,.T.,.F.) B_SPLINE_CURVE_WITH_KNOTS((1,2,2,2,2,1),(
    -2.094395102393,0.,2.094395102393,4.188790204786,6.28318530718,
8.377580409573),.UNSPECIFIED.) CURVE() GEOMETRIC_REPRESENTATION_ITEM() 
RATIONAL_B_SPLINE_CURVE((1.,0.5,1.,0.5,1.,0.5,1.)) REPRESENTATION_ITEM(
  '') );
#664 = CARTESIAN_POINT('',(15.5,13.65));
#665 = CARTESIAN_POINT('',(12.295706005998,13.65));
#666 = CARTESIAN_POINT('',(13.897853002999,16.425));
#667 = CARTESIAN_POINT('',(15.5,19.2));
#668 = CARTESIAN_POINT('',(17.102146997001,16.425));
#669 = CARTESIAN_POINT('',(18.704293994002,13.65));
#670 = CARTESIAN_POINT('',(15.5,13.65));
#671 = ( GEOMETRIC_REPRESENTATION_CONTEXT(2) 
PARAMETRIC_REPRESENTATION_CONTEXT() REPRESENTATION_CONTEXT('2D SPACE',''
  ) );
#672 = PCURVE('',#430,#673);
#673 = DEFINITIONAL_REPRESENTATION('',(#674),#678);
#674 = LINE('',#675,#676);
#675 = CARTESIAN_POINT('',(8.881784197001E-16,-0.2));
#676 = VECTOR('',#677,1.);
#677 = DIRECTION('',(-1.,-1.123873866922E-14));
#678 = ( GEOMETRIC_REPRESENTATION_CONTEXT(2) 
PARAMETRIC_REPRESENTATION_CONTEXT() REPRESENTATION_CONTEXT('2D SPACE',''
  ) );
#679 = ORIENTED_EDGE('',*,*,#680,.F.);
#680 = EDGE_CURVE('',#681,#646,#683,.T.);
#681 = VERTEX_POINT('',#682);
#682 = CARTESIAN_POINT('',(-17.14165805912,-54.20788439221,
    46.117461269681));
#683 = SURFACE_CURVE('',#684,(#688,#695),.PCURVE_S1.);
#684 = LINE('',#685,#686);
#685 = CARTESIAN_POINT('',(-17.14165805912,-54.20788439221,
    46.117461269681));
#686 = VECTOR('',#687,1.);
#687 = DIRECTION('',(1.,5.546778314436E-16,-1.64473469566E-16));
#688 = PCURVE('',#657,#689);
#689 = DEFINITIONAL_REPRESENTATION('',(#690),#694);
#690 = LINE('',#691,#692);
#691 = CARTESIAN_POINT('',(13.85,17.15));
#692 = VECTOR('',#693,1.);
#693 = DIRECTION('',(-1.479114197289E-31,-1.));
#694 = ( GEOMETRIC_REPRESENTATION_CONTEXT(2) 
PARAMETRIC_REPRESENTATION_CONTEXT() REPRESENTATION_CONTEXT('2D SPACE',''
  ) );
#695 = PCURVE('',#581,#696);
#696 = DEFINITIONAL_REPRESENTATION('',(#697),#701);
#697 = LINE('',#698,#699);
#698 = CARTESIAN_POINT('',(-9.152184218819E-16,1.65));
#699 = VECTOR('',#700,1.);
#700 = DIRECTION('',(3.51033443077E-31,-1.));
#701 = ( GEOMETRIC_REPRESENTATION_CONTEXT(2) 
PARAMETRIC_REPRESENTATION_CONTEXT() REPRESENTATION_CONTEXT('2D SPACE',''
  ) );
#702 = ORIENTED_EDGE('',*,*,#703,.F.);
#703 = EDGE_CURVE('',#648,#681,#704,.T.);
#704 = SURFACE_CURVE('',#705,(#709,#716),.PCURVE_S1.);
#705 = LINE('',#706,#707);
#706 = CARTESIAN_POINT('',(-17.14165805912,-54.20788439221,
    46.117461269681));
#707 = VECTOR('',#708,1.);
#708 = DIRECTION('',(1.64473469566E-16,3.86106458461E-15,1.));
#709 = PCURVE('',#657,#710);
#710 = DEFINITIONAL_REPRESENTATION('',(#711),#715);
#711 = LINE('',#712,#713);
#712 = CARTESIAN_POINT('',(13.85,17.15));
#713 = VECTOR('',#714,1.);
#714 = DIRECTION('',(-1.,0.));
#715 = ( GEOMETRIC_REPRESENTATION_CONTEXT(2) 
PARAMETRIC_REPRESENTATION_CONTEXT() REPRESENTATION_CONTEXT('2D SPACE',''
  ) );
#716 = PCURVE('',#456,#717);
#717 = DEFINITIONAL_REPRESENTATION('',(#718),#722);
#718 = LINE('',#719,#720);
#719 = CARTESIAN_POINT('',(0.2,0.775));
#720 = VECTOR('',#721,1.);
#721 = DIRECTION('',(0.,-1.));
#722 = ( GEOMETRIC_REPRESENTATION_CONTEXT(2) 
PARAMETRIC_REPRESENTATION_CONTEXT() REPRESENTATION_CONTEXT('2D SPACE',''
  ) );
#723 = ADVANCED_FACE('',(#724),#739,.F.);
#724 = FACE_BOUND('',#725,.T.);
#725 = EDGE_LOOP('',(#726,#766,#794));
#726 = ORIENTED_EDGE('',*,*,#727,.F.);
#727 = EDGE_CURVE('',#728,#730,#732,.T.);
#728 = VERTEX_POINT('',#729);
#729 = CARTESIAN_POINT('',(-17.14165805912,-54.20788439221,
    74.630801243147));
#730 = VERTEX_POINT('',#731);
#731 = CARTESIAN_POINT('',(-16.32831808566,-54.20788439221,
    73.817461269681));
#732 = SURFACE_CURVE('',#733,(#738,#754),.PCURVE_S1.);
#733 = CIRCLE('',#734,1.85);
#734 = AXIS2_PLACEMENT_3D('',#735,#736,#737);
#735 = CARTESIAN_POINT('',(-15.49165805912,-54.20788439221,
    75.467461269681));
#736 = DIRECTION('',(5.546778314436E-16,-1.,3.86106458461E-15));
#737 = DIRECTION('',(1.,5.546778314436E-16,-1.64473469566E-16));
#738 = PCURVE('',#739,#744);
#739 = PLANE('',#740);
#740 = AXIS2_PLACEMENT_3D('',#741,#742,#743);
#741 = CARTESIAN_POINT('',(8.341940873662E-03,-54.20788439221,
    59.967461269681));
#742 = DIRECTION('',(-5.546778314436E-16,1.,-3.86106458461E-15));
#743 = DIRECTION('',(-1.,-5.546778314436E-16,1.64473469566E-16));
#744 = DEFINITIONAL_REPRESENTATION('',(#745),#753);
#745 = ( BOUNDED_CURVE() B_SPLINE_CURVE(2,(#746,#747,#748,#749,#750,#751
,#752),.UNSPECIFIED.,.T.,.F.) B_SPLINE_CURVE_WITH_KNOTS((1,2,2,2,2,1),(
    -2.094395102393,0.,2.094395102393,4.188790204786,6.28318530718,
8.377580409573),.UNSPECIFIED.) CURVE() GEOMETRIC_REPRESENTATION_ITEM() 
RATIONAL_B_SPLINE_CURVE((1.,0.5,1.,0.5,1.,0.5,1.)) REPRESENTATION_ITEM(
  '') );
#746 = CARTESIAN_POINT('',(13.65,15.5));
#747 = CARTESIAN_POINT('',(13.65,18.704293994002));
#748 = CARTESIAN_POINT('',(16.425,17.102146997001));
#749 = CARTESIAN_POINT('',(19.2,15.5));
#750 = CARTESIAN_POINT('',(16.425,13.897853002999));
#751 = CARTESIAN_POINT('',(13.65,12.295706005998));
#752 = CARTESIAN_POINT('',(13.65,15.5));
#753 = ( GEOMETRIC_REPRESENTATION_CONTEXT(2) 
PARAMETRIC_REPRESENTATION_CONTEXT() REPRESENTATION_CONTEXT('2D SPACE',''
  ) );
#754 = PCURVE('',#755,#760);
#755 = CYLINDRICAL_SURFACE('',#756,1.85);
#756 = AXIS2_PLACEMENT_3D('',#757,#758,#759);
#757 = CARTESIAN_POINT('',(-15.49165805912,-54.00788439221,
    75.467461269681));
#758 = DIRECTION('',(-5.546778314436E-16,1.,-3.86106458461E-15));
#759 = DIRECTION('',(1.,5.546778314436E-16,-1.64473469566E-16));
#760 = DEFINITIONAL_REPRESENTATION('',(#761),#765);
#761 = LINE('',#762,#763);
#762 = CARTESIAN_POINT('',(6.28318530718,-0.2));
#763 = VECTOR('',#764,1.);
#764 = DIRECTION('',(-1.,1.123873866922E-14));
#765 = ( GEOMETRIC_REPRESENTATION_CONTEXT(2) 
PARAMETRIC_REPRESENTATION_CONTEXT() REPRESENTATION_CONTEXT('2D SPACE',''
  ) );
#766 = ORIENTED_EDGE('',*,*,#767,.F.);
#767 = EDGE_CURVE('',#768,#728,#770,.T.);
#768 = VERTEX_POINT('',#769);
#769 = CARTESIAN_POINT('',(-17.14165805912,-54.20788439221,
    73.817461269681));
#770 = SURFACE_CURVE('',#771,(#775,#782),.PCURVE_S1.);
#771 = LINE('',#772,#773);
#772 = CARTESIAN_POINT('',(-17.14165805912,-54.20788439221,
    73.817461269681));
#773 = VECTOR('',#774,1.);
#774 = DIRECTION('',(1.64473469566E-16,3.86106458461E-15,1.));
#775 = PCURVE('',#739,#776);
#776 = DEFINITIONAL_REPRESENTATION('',(#777),#781);
#777 = LINE('',#778,#779);
#778 = CARTESIAN_POINT('',(17.15,13.85));
#779 = VECTOR('',#780,1.);
#780 = DIRECTION('',(-1.479114197289E-31,1.));
#781 = ( GEOMETRIC_REPRESENTATION_CONTEXT(2) 
PARAMETRIC_REPRESENTATION_CONTEXT() REPRESENTATION_CONTEXT('2D SPACE',''
  ) );
#782 = PCURVE('',#783,#788);
#783 = PLANE('',#784);
#784 = AXIS2_PLACEMENT_3D('',#785,#786,#787);
#785 = CARTESIAN_POINT('',(-17.14165805912,-54.20788439221,
    75.467461269681));
#786 = DIRECTION('',(1.,5.546778314436E-16,-1.64473469566E-16));
#787 = DIRECTION('',(-5.546778314436E-16,1.,-3.86106458461E-15));
#788 = DEFINITIONAL_REPRESENTATION('',(#789),#793);
#789 = LINE('',#790,#791);
#790 = CARTESIAN_POINT('',(6.370756564606E-15,-1.65));
#791 = VECTOR('',#792,1.);
#792 = DIRECTION('',(0.,1.));
#793 = ( GEOMETRIC_REPRESENTATION_CONTEXT(2) 
PARAMETRIC_REPRESENTATION_CONTEXT() REPRESENTATION_CONTEXT('2D SPACE',''
  ) );
#794 = ORIENTED_EDGE('',*,*,#795,.F.);
#795 = EDGE_CURVE('',#730,#768,#796,.T.);
#796 = SURFACE_CURVE('',#797,(#801,#808),.PCURVE_S1.);
#797 = LINE('',#798,#799);
#798 = CARTESIAN_POINT('',(-17.14165805912,-54.20788439221,
    73.817461269681));
#799 = VECTOR('',#800,1.);
#800 = DIRECTION('',(-1.,-5.546778314436E-16,1.64473469566E-16));
#801 = PCURVE('',#739,#802);
#802 = DEFINITIONAL_REPRESENTATION('',(#803),#807);
#803 = LINE('',#804,#805);
#804 = CARTESIAN_POINT('',(17.15,13.85));
#805 = VECTOR('',#806,1.);
#806 = DIRECTION('',(1.,0.));
#807 = ( GEOMETRIC_REPRESENTATION_CONTEXT(2) 
PARAMETRIC_REPRESENTATION_CONTEXT() REPRESENTATION_CONTEXT('2D SPACE',''
  ) );
#808 = PCURVE('',#809,#814);
#809 = PLANE('',#810);
#810 = AXIS2_PLACEMENT_3D('',#811,#812,#813);
#811 = CARTESIAN_POINT('',(-15.49165805912,-54.00788439221,
    73.817461269681));
#812 = DIRECTION('',(1.64473469566E-16,3.86106458461E-15,1.));
#813 = DIRECTION('',(1.,5.546778314436E-16,-1.64473469566E-16));
#814 = DEFINITIONAL_REPRESENTATION('',(#815),#819);
#815 = LINE('',#816,#817);
#816 = CARTESIAN_POINT('',(-1.65,-0.2));
#817 = VECTOR('',#818,1.);
#818 = DIRECTION('',(-1.,-4.339700953352E-32));
#819 = ( GEOMETRIC_REPRESENTATION_CONTEXT(2) 
PARAMETRIC_REPRESENTATION_CONTEXT() REPRESENTATION_CONTEXT('2D SPACE',''
  ) );
#820 = ADVANCED_FACE('',(#821),#835,.F.);
#821 = FACE_BOUND('',#822,.T.);
#822 = EDGE_LOOP('',(#823,#853,#881));
#823 = ORIENTED_EDGE('',*,*,#824,.F.);
#824 = EDGE_CURVE('',#825,#827,#829,.T.);
#825 = VERTEX_POINT('',#826);
#826 = CARTESIAN_POINT('',(-17.14165805912,-54.20788439221,
    76.304121296215));
#827 = VERTEX_POINT('',#828);
#828 = CARTESIAN_POINT('',(-17.14165805912,-54.20788439221,
    77.117461269681));
#829 = SURFACE_CURVE('',#830,(#834,#846),.PCURVE_S1.);
#830 = LINE('',#831,#832);
#831 = CARTESIAN_POINT('',(-17.14165805912,-54.20788439221,
    73.817461269681));
#832 = VECTOR('',#833,1.);
#833 = DIRECTION('',(1.64473469566E-16,3.86106458461E-15,1.));
#834 = PCURVE('',#835,#840);
#835 = PLANE('',#836);
#836 = AXIS2_PLACEMENT_3D('',#837,#838,#839);
#837 = CARTESIAN_POINT('',(8.341940873662E-03,-54.20788439221,
    59.967461269681));
#838 = DIRECTION('',(-5.546778314436E-16,1.,-3.86106458461E-15));
#839 = DIRECTION('',(-1.,-5.546778314436E-16,1.64473469566E-16));
#840 = DEFINITIONAL_REPRESENTATION('',(#841),#845);
#841 = LINE('',#842,#843);
#842 = CARTESIAN_POINT('',(17.15,13.85));
#843 = VECTOR('',#844,1.);
#844 = DIRECTION('',(-1.479114197289E-31,1.));
#845 = ( GEOMETRIC_REPRESENTATION_CONTEXT(2) 
PARAMETRIC_REPRESENTATION_CONTEXT() REPRESENTATION_CONTEXT('2D SPACE',''
  ) );
#846 = PCURVE('',#783,#847);
#847 = DEFINITIONAL_REPRESENTATION('',(#848),#852);
#848 = LINE('',#849,#850);
#849 = CARTESIAN_POINT('',(6.370756564606E-15,-1.65));
#850 = VECTOR('',#851,1.);
#851 = DIRECTION('',(0.,1.));
#852 = ( GEOMETRIC_REPRESENTATION_CONTEXT(2) 
PARAMETRIC_REPRESENTATION_CONTEXT() REPRESENTATION_CONTEXT('2D SPACE',''
  ) );
#853 = ORIENTED_EDGE('',*,*,#854,.F.);
#854 = EDGE_CURVE('',#855,#825,#857,.T.);
#855 = VERTEX_POINT('',#856);
#856 = CARTESIAN_POINT('',(-16.32831808566,-54.20788439221,
    77.117461269681));
#857 = SURFACE_CURVE('',#858,(#863,#874),.PCURVE_S1.);
#858 = CIRCLE('',#859,1.85);
#859 = AXIS2_PLACEMENT_3D('',#860,#861,#862);
#860 = CARTESIAN_POINT('',(-15.49165805912,-54.20788439221,
    75.467461269681));
#861 = DIRECTION('',(5.546778314436E-16,-1.,3.86106458461E-15));
#862 = DIRECTION('',(1.,5.546778314436E-16,-1.64473469566E-16));
#863 = PCURVE('',#835,#864);
#864 = DEFINITIONAL_REPRESENTATION('',(#865),#873);
#865 = ( BOUNDED_CURVE() B_SPLINE_CURVE(2,(#866,#867,#868,#869,#870,#871
,#872),.UNSPECIFIED.,.T.,.F.) B_SPLINE_CURVE_WITH_KNOTS((1,2,2,2,2,1),(
    -2.094395102393,0.,2.094395102393,4.188790204786,6.28318530718,
8.377580409573),.UNSPECIFIED.) CURVE() GEOMETRIC_REPRESENTATION_ITEM() 
RATIONAL_B_SPLINE_CURVE((1.,0.5,1.,0.5,1.,0.5,1.)) REPRESENTATION_ITEM(
  '') );
#866 = CARTESIAN_POINT('',(13.65,15.5));
#867 = CARTESIAN_POINT('',(13.65,18.704293994002));
#868 = CARTESIAN_POINT('',(16.425,17.102146997001));
#869 = CARTESIAN_POINT('',(19.2,15.5));
#870 = CARTESIAN_POINT('',(16.425,13.897853002999));
#871 = CARTESIAN_POINT('',(13.65,12.295706005998));
#872 = CARTESIAN_POINT('',(13.65,15.5));
#873 = ( GEOMETRIC_REPRESENTATION_CONTEXT(2) 
PARAMETRIC_REPRESENTATION_CONTEXT() REPRESENTATION_CONTEXT('2D SPACE',''
  ) );
#874 = PCURVE('',#755,#875);
#875 = DEFINITIONAL_REPRESENTATION('',(#876),#880);
#876 = LINE('',#877,#878);
#877 = CARTESIAN_POINT('',(0.,-0.2));
#878 = VECTOR('',#879,1.);
#879 = DIRECTION('',(-1.,0.));
#880 = ( GEOMETRIC_REPRESENTATION_CONTEXT(2) 
PARAMETRIC_REPRESENTATION_CONTEXT() REPRESENTATION_CONTEXT('2D SPACE',''
  ) );
#881 = ORIENTED_EDGE('',*,*,#882,.F.);
#882 = EDGE_CURVE('',#827,#855,#883,.T.);
#883 = SURFACE_CURVE('',#884,(#888,#895),.PCURVE_S1.);
#884 = LINE('',#885,#886);
#885 = CARTESIAN_POINT('',(-17.81544806712,-54.20788439221,
    77.117461269681));
#886 = VECTOR('',#887,1.);
#887 = DIRECTION('',(1.,5.546778314436E-16,-1.64473469566E-16));
#888 = PCURVE('',#835,#889);
#889 = DEFINITIONAL_REPRESENTATION('',(#890),#894);
#890 = LINE('',#891,#892);
#891 = CARTESIAN_POINT('',(17.823790008,17.15));
#892 = VECTOR('',#893,1.);
#893 = DIRECTION('',(-1.,0.));
#894 = ( GEOMETRIC_REPRESENTATION_CONTEXT(2) 
PARAMETRIC_REPRESENTATION_CONTEXT() REPRESENTATION_CONTEXT('2D SPACE',''
  ) );
#895 = PCURVE('',#896,#901);
#896 = PLANE('',#897);
#897 = AXIS2_PLACEMENT_3D('',#898,#899,#900);
#898 = CARTESIAN_POINT('',(-13.06665805912,-54.00788439221,
    77.117461269681));
#899 = DIRECTION('',(-1.64473469566E-16,-3.86106458461E-15,-1.));
#900 = DIRECTION('',(5.546778314436E-16,-1.,3.86106458461E-15));
#901 = DEFINITIONAL_REPRESENTATION('',(#902),#906);
#902 = LINE('',#903,#904);
#903 = CARTESIAN_POINT('',(0.2,4.748790008));
#904 = VECTOR('',#905,1.);
#905 = DIRECTION('',(3.51033443077E-31,-1.));
#906 = ( GEOMETRIC_REPRESENTATION_CONTEXT(2) 
PARAMETRIC_REPRESENTATION_CONTEXT() REPRESENTATION_CONTEXT('2D SPACE',''
  ) );
#907 = ADVANCED_FACE('',(#908),#922,.F.);
#908 = FACE_BOUND('',#909,.T.);
#909 = EDGE_LOOP('',(#910,#945,#973));
#910 = ORIENTED_EDGE('',*,*,#911,.F.);
#911 = EDGE_CURVE('',#912,#914,#916,.T.);
#912 = VERTEX_POINT('',#913);
#913 = CARTESIAN_POINT('',(-13.84165805912,-54.20788439221,
    74.630801243147));
#914 = VERTEX_POINT('',#915);
#915 = CARTESIAN_POINT('',(-13.84165805912,-54.20788439221,
    73.817461269681));
#916 = SURFACE_CURVE('',#917,(#921,#933),.PCURVE_S1.);
#917 = LINE('',#918,#919);
#918 = CARTESIAN_POINT('',(-13.84165805912,-54.20788439221,
    77.117461269681));
#919 = VECTOR('',#920,1.);
#920 = DIRECTION('',(-1.64473469566E-16,-3.86106458461E-15,-1.));
#921 = PCURVE('',#922,#927);
#922 = PLANE('',#923);
#923 = AXIS2_PLACEMENT_3D('',#924,#925,#926);
#924 = CARTESIAN_POINT('',(8.341940873662E-03,-54.20788439221,
    59.967461269681));
#925 = DIRECTION('',(-5.546778314436E-16,1.,-3.86106458461E-15));
#926 = DIRECTION('',(-1.,-5.546778314436E-16,1.64473469566E-16));
#927 = DEFINITIONAL_REPRESENTATION('',(#928),#932);
#928 = LINE('',#929,#930);
#929 = CARTESIAN_POINT('',(13.85,17.15));
#930 = VECTOR('',#931,1.);
#931 = DIRECTION('',(1.479114197289E-31,-1.));
#932 = ( GEOMETRIC_REPRESENTATION_CONTEXT(2) 
PARAMETRIC_REPRESENTATION_CONTEXT() REPRESENTATION_CONTEXT('2D SPACE',''
  ) );
#933 = PCURVE('',#934,#939);
#934 = PLANE('',#935);
#935 = AXIS2_PLACEMENT_3D('',#936,#937,#938);
#936 = CARTESIAN_POINT('',(-13.84165805912,-54.20788439221,
    75.467461269681));
#937 = DIRECTION('',(-1.,-5.546778314436E-16,1.64473469566E-16));
#938 = DIRECTION('',(5.546778314436E-16,-1.,3.86106458461E-15));
#939 = DEFINITIONAL_REPRESENTATION('',(#940),#944);
#940 = LINE('',#941,#942);
#941 = CARTESIAN_POINT('',(6.370756564606E-15,1.65));
#942 = VECTOR('',#943,1.);
#943 = DIRECTION('',(0.,-1.));
#944 = ( GEOMETRIC_REPRESENTATION_CONTEXT(2) 
PARAMETRIC_REPRESENTATION_CONTEXT() REPRESENTATION_CONTEXT('2D SPACE',''
  ) );
#945 = ORIENTED_EDGE('',*,*,#946,.F.);
#946 = EDGE_CURVE('',#947,#912,#949,.T.);
#947 = VERTEX_POINT('',#948);
#948 = CARTESIAN_POINT('',(-14.65499803259,-54.20788439221,
    73.817461269681));
#949 = SURFACE_CURVE('',#950,(#955,#966),.PCURVE_S1.);
#950 = CIRCLE('',#951,1.85);
#951 = AXIS2_PLACEMENT_3D('',#952,#953,#954);
#952 = CARTESIAN_POINT('',(-15.49165805912,-54.20788439221,
    75.467461269681));
#953 = DIRECTION('',(5.546778314436E-16,-1.,3.86106458461E-15));
#954 = DIRECTION('',(1.,5.546778314436E-16,-1.64473469566E-16));
#955 = PCURVE('',#922,#956);
#956 = DEFINITIONAL_REPRESENTATION('',(#957),#965);
#957 = ( BOUNDED_CURVE() B_SPLINE_CURVE(2,(#958,#959,#960,#961,#962,#963
,#964),.UNSPECIFIED.,.T.,.F.) B_SPLINE_CURVE_WITH_KNOTS((1,2,2,2,2,1),(
    -2.094395102393,0.,2.094395102393,4.188790204786,6.28318530718,
8.377580409573),.UNSPECIFIED.) CURVE() GEOMETRIC_REPRESENTATION_ITEM() 
RATIONAL_B_SPLINE_CURVE((1.,0.5,1.,0.5,1.,0.5,1.)) REPRESENTATION_ITEM(
  '') );
#958 = CARTESIAN_POINT('',(13.65,15.5));
#959 = CARTESIAN_POINT('',(13.65,18.704293994002));
#960 = CARTESIAN_POINT('',(16.425,17.102146997001));
#961 = CARTESIAN_POINT('',(19.2,15.5));
#962 = CARTESIAN_POINT('',(16.425,13.897853002999));
#963 = CARTESIAN_POINT('',(13.65,12.295706005998));
#964 = CARTESIAN_POINT('',(13.65,15.5));
#965 = ( GEOMETRIC_REPRESENTATION_CONTEXT(2) 
PARAMETRIC_REPRESENTATION_CONTEXT() REPRESENTATION_CONTEXT('2D SPACE',''
  ) );
#966 = PCURVE('',#755,#967);
#967 = DEFINITIONAL_REPRESENTATION('',(#968),#972);
#968 = LINE('',#969,#970);
#969 = CARTESIAN_POINT('',(6.28318530718,-0.2));
#970 = VECTOR('',#971,1.);
#971 = DIRECTION('',(-1.,0.));
#972 = ( GEOMETRIC_REPRESENTATION_CONTEXT(2) 
PARAMETRIC_REPRESENTATION_CONTEXT() REPRESENTATION_CONTEXT('2D SPACE',''
  ) );
#973 = ORIENTED_EDGE('',*,*,#974,.F.);
#974 = EDGE_CURVE('',#914,#947,#975,.T.);
#975 = SURFACE_CURVE('',#976,(#980,#987),.PCURVE_S1.);
#976 = LINE('',#977,#978);
#977 = CARTESIAN_POINT('',(-13.16786805112,-54.20788439221,
    73.817461269681));
#978 = VECTOR('',#979,1.);
#979 = DIRECTION('',(-1.,-5.546778314436E-16,1.64473469566E-16));
#980 = PCURVE('',#922,#981);
#981 = DEFINITIONAL_REPRESENTATION('',(#982),#986);
#982 = LINE('',#983,#984);
#983 = CARTESIAN_POINT('',(13.176209992,13.85));
#984 = VECTOR('',#985,1.);
#985 = DIRECTION('',(1.,0.));
#986 = ( GEOMETRIC_REPRESENTATION_CONTEXT(2) 
PARAMETRIC_REPRESENTATION_CONTEXT() REPRESENTATION_CONTEXT('2D SPACE',''
  ) );
#987 = PCURVE('',#809,#988);
#988 = DEFINITIONAL_REPRESENTATION('',(#989),#993);
#989 = LINE('',#990,#991);
#990 = CARTESIAN_POINT('',(2.323790008,-0.2));
#991 = VECTOR('',#992,1.);
#992 = DIRECTION('',(-1.,-4.339700953352E-32));
#993 = ( GEOMETRIC_REPRESENTATION_CONTEXT(2) 
PARAMETRIC_REPRESENTATION_CONTEXT() REPRESENTATION_CONTEXT('2D SPACE',''
  ) );
#994 = ADVANCED_FACE('',(#995),#1010,.F.);
#995 = FACE_BOUND('',#996,.T.);
#996 = EDGE_LOOP('',(#997,#1032,#1055));
#997 = ORIENTED_EDGE('',*,*,#998,.F.);
#998 = EDGE_CURVE('',#999,#1001,#1003,.T.);
#999 = VERTEX_POINT('',#1000);
#1000 = CARTESIAN_POINT('',(-13.84165805912,-54.20788439221,
    76.304121296215));
#1001 = VERTEX_POINT('',#1002);
#1002 = CARTESIAN_POINT('',(-14.65499803259,-54.20788439221,
    77.117461269681));
#1003 = SURFACE_CURVE('',#1004,(#1009,#1025),.PCURVE_S1.);
#1004 = CIRCLE('',#1005,1.85);
#1005 = AXIS2_PLACEMENT_3D('',#1006,#1007,#1008);
#1006 = CARTESIAN_POINT('',(-15.49165805912,-54.20788439221,
    75.467461269681));
#1007 = DIRECTION('',(5.546778314436E-16,-1.,3.86106458461E-15));
#1008 = DIRECTION('',(1.,5.546778314436E-16,-1.64473469566E-16));
#1009 = PCURVE('',#1010,#1015);
#1010 = PLANE('',#1011);
#1011 = AXIS2_PLACEMENT_3D('',#1012,#1013,#1014);
#1012 = CARTESIAN_POINT('',(8.341940873662E-03,-54.20788439221,
    59.967461269681));
#1013 = DIRECTION('',(-5.546778314436E-16,1.,-3.86106458461E-15));
#1014 = DIRECTION('',(-1.,-5.546778314436E-16,1.64473469566E-16));
#1015 = DEFINITIONAL_REPRESENTATION('',(#1016),#1024);
#1016 = ( BOUNDED_CURVE() B_SPLINE_CURVE(2,(#1017,#1018,#1019,#1020,
#1021,#1022,#1023),.UNSPECIFIED.,.T.,.F.) B_SPLINE_CURVE_WITH_KNOTS((1,2
    ,2,2,2,1),(-2.094395102393,0.,2.094395102393,4.188790204786,
6.28318530718,8.377580409573),.UNSPECIFIED.) CURVE() 
GEOMETRIC_REPRESENTATION_ITEM() RATIONAL_B_SPLINE_CURVE((1.,0.5,1.,0.5,
1.,0.5,1.)) REPRESENTATION_ITEM('') );
#1017 = CARTESIAN_POINT('',(13.65,15.5));
#1018 = CARTESIAN_POINT('',(13.65,18.704293994002));
#1019 = CARTESIAN_POINT('',(16.425,17.102146997001));
#1020 = CARTESIAN_POINT('',(19.2,15.5));
#1021 = CARTESIAN_POINT('',(16.425,13.897853002999));
#1022 = CARTESIAN_POINT('',(13.65,12.295706005998));
#1023 = CARTESIAN_POINT('',(13.65,15.5));
#1024 = ( GEOMETRIC_REPRESENTATION_CONTEXT(2) 
PARAMETRIC_REPRESENTATION_CONTEXT() REPRESENTATION_CONTEXT('2D SPACE',''
  ) );
#1025 = PCURVE('',#755,#1026);
#1026 = DEFINITIONAL_REPRESENTATION('',(#1027),#1031);
#1027 = LINE('',#1028,#1029);
#1028 = CARTESIAN_POINT('',(-3.552713678801E-15,-0.2));
#1029 = VECTOR('',#1030,1.);
#1030 = DIRECTION('',(-1.,-1.123873866921E-14));
#1031 = ( GEOMETRIC_REPRESENTATION_CONTEXT(2) 
PARAMETRIC_REPRESENTATION_CONTEXT() REPRESENTATION_CONTEXT('2D SPACE',''
  ) );
#1032 = ORIENTED_EDGE('',*,*,#1033,.F.);
#1033 = EDGE_CURVE('',#1034,#999,#1036,.T.);
#1034 = VERTEX_POINT('',#1035);
#1035 = CARTESIAN_POINT('',(-13.84165805912,-54.20788439221,
    77.117461269681));
#1036 = SURFACE_CURVE('',#1037,(#1041,#1048),.PCURVE_S1.);
#1037 = LINE('',#1038,#1039);
#1038 = CARTESIAN_POINT('',(-13.84165805912,-54.20788439221,
    77.117461269681));
#1039 = VECTOR('',#1040,1.);
#1040 = DIRECTION('',(-1.64473469566E-16,-3.86106458461E-15,-1.));
#1041 = PCURVE('',#1010,#1042);
#1042 = DEFINITIONAL_REPRESENTATION('',(#1043),#1047);
#1043 = LINE('',#1044,#1045);
#1044 = CARTESIAN_POINT('',(13.85,17.15));
#1045 = VECTOR('',#1046,1.);
#1046 = DIRECTION('',(1.479114197289E-31,-1.));
#1047 = ( GEOMETRIC_REPRESENTATION_CONTEXT(2) 
PARAMETRIC_REPRESENTATION_CONTEXT() REPRESENTATION_CONTEXT('2D SPACE',''
  ) );
#1048 = PCURVE('',#934,#1049);
#1049 = DEFINITIONAL_REPRESENTATION('',(#1050),#1054);
#1050 = LINE('',#1051,#1052);
#1051 = CARTESIAN_POINT('',(6.370756564606E-15,1.65));
#1052 = VECTOR('',#1053,1.);
#1053 = DIRECTION('',(0.,-1.));
#1054 = ( GEOMETRIC_REPRESENTATION_CONTEXT(2) 
PARAMETRIC_REPRESENTATION_CONTEXT() REPRESENTATION_CONTEXT('2D SPACE',''
  ) );
#1055 = ORIENTED_EDGE('',*,*,#1056,.F.);
#1056 = EDGE_CURVE('',#1001,#1034,#1057,.T.);
#1057 = SURFACE_CURVE('',#1058,(#1062,#1069),.PCURVE_S1.);
#1058 = LINE('',#1059,#1060);
#1059 = CARTESIAN_POINT('',(-13.84165805912,-54.20788439221,
    77.117461269681));
#1060 = VECTOR('',#1061,1.);
#1061 = DIRECTION('',(1.,5.546778314436E-16,-1.64473469566E-16));
#1062 = PCURVE('',#1010,#1063);
#1063 = DEFINITIONAL_REPRESENTATION('',(#1064),#1068);
#1064 = LINE('',#1065,#1066);
#1065 = CARTESIAN_POINT('',(13.85,17.15));
#1066 = VECTOR('',#1067,1.);
#1067 = DIRECTION('',(-1.,0.));
#1068 = ( GEOMETRIC_REPRESENTATION_CONTEXT(2) 
PARAMETRIC_REPRESENTATION_CONTEXT() REPRESENTATION_CONTEXT('2D SPACE',''
  ) );
#1069 = PCURVE('',#896,#1070);
#1070 = DEFINITIONAL_REPRESENTATION('',(#1071),#1075);
#1071 = LINE('',#1072,#1073);
#1072 = CARTESIAN_POINT('',(0.2,0.775));
#1073 = VECTOR('',#1074,1.);
#1074 = DIRECTION('',(3.51033443077E-31,-1.));
#1075 = ( GEOMETRIC_REPRESENTATION_CONTEXT(2) 
PARAMETRIC_REPRESENTATION_CONTEXT() REPRESENTATION_CONTEXT('2D SPACE',''
  ) );
#1076 = ADVANCED_FACE('',(#1077),#1091,.F.);
#1077 = FACE_BOUND('',#1078,.T.);
#1078 = EDGE_LOOP('',(#1079,#1114,#1147));
#1079 = ORIENTED_EDGE('',*,*,#1080,.F.);
#1080 = EDGE_CURVE('',#1081,#1083,#1085,.T.);
#1081 = VERTEX_POINT('',#1082);
#1082 = CARTESIAN_POINT('',(16.345001967408,-54.20788439221,
    77.117461269681));
#1083 = VERTEX_POINT('',#1084);
#1084 = CARTESIAN_POINT('',(17.158341940874,-54.20788439221,
    77.117461269681));
#1085 = SURFACE_CURVE('',#1086,(#1090,#1102),.PCURVE_S1.);
#1086 = LINE('',#1087,#1088);
#1087 = CARTESIAN_POINT('',(13.858341940874,-54.20788439221,
    77.117461269681));
#1088 = VECTOR('',#1089,1.);
#1089 = DIRECTION('',(1.,5.546778314436E-16,-1.64473469566E-16));
#1090 = PCURVE('',#1091,#1096);
#1091 = PLANE('',#1092);
#1092 = AXIS2_PLACEMENT_3D('',#1093,#1094,#1095);
#1093 = CARTESIAN_POINT('',(8.341940873662E-03,-54.20788439221,
    59.967461269681));
#1094 = DIRECTION('',(-5.546778314436E-16,1.,-3.86106458461E-15));
#1095 = DIRECTION('',(1.64473469566E-16,3.86106458461E-15,1.));
#1096 = DEFINITIONAL_REPRESENTATION('',(#1097),#1101);
#1097 = LINE('',#1098,#1099);
#1098 = CARTESIAN_POINT('',(17.15,13.85));
#1099 = VECTOR('',#1100,1.);
#1100 = DIRECTION('',(1.479114197289E-31,1.));
#1101 = ( GEOMETRIC_REPRESENTATION_CONTEXT(2) 
PARAMETRIC_REPRESENTATION_CONTEXT() REPRESENTATION_CONTEXT('2D SPACE',''
  ) );
#1102 = PCURVE('',#1103,#1108);
#1103 = PLANE('',#1104);
#1104 = AXIS2_PLACEMENT_3D('',#1105,#1106,#1107);
#1105 = CARTESIAN_POINT('',(15.508341940874,-54.20788439221,
    77.117461269681));
#1106 = DIRECTION('',(-1.64473469566E-16,-3.86106458461E-15,-1.));
#1107 = DIRECTION('',(-5.546778314436E-16,1.,-3.86106458461E-15));
#1108 = DEFINITIONAL_REPRESENTATION('',(#1109),#1113);
#1109 = LINE('',#1110,#1111);
#1110 = CARTESIAN_POINT('',(9.152184218819E-16,-1.65));
#1111 = VECTOR('',#1112,1.);
#1112 = DIRECTION('',(-3.51033443077E-31,1.));
#1113 = ( GEOMETRIC_REPRESENTATION_CONTEXT(2) 
PARAMETRIC_REPRESENTATION_CONTEXT() REPRESENTATION_CONTEXT('2D SPACE',''
  ) );
#1114 = ORIENTED_EDGE('',*,*,#1115,.F.);
#1115 = EDGE_CURVE('',#1116,#1081,#1118,.T.);
#1116 = VERTEX_POINT('',#1117);
#1117 = CARTESIAN_POINT('',(17.158341940874,-54.20788439221,
    76.304121296215));
#1118 = SURFACE_CURVE('',#1119,(#1124,#1135),.PCURVE_S1.);
#1119 = CIRCLE('',#1120,1.85);
#1120 = AXIS2_PLACEMENT_3D('',#1121,#1122,#1123);
#1121 = CARTESIAN_POINT('',(15.508341940874,-54.20788439221,
    75.467461269681));
#1122 = DIRECTION('',(5.546778314436E-16,-1.,3.86106458461E-15));
#1123 = DIRECTION('',(1.,5.546778314436E-16,-1.64473469566E-16));
#1124 = PCURVE('',#1091,#1125);
#1125 = DEFINITIONAL_REPRESENTATION('',(#1126),#1134);
#1126 = ( BOUNDED_CURVE() B_SPLINE_CURVE(2,(#1127,#1128,#1129,#1130,
#1131,#1132,#1133),.UNSPECIFIED.,.T.,.F.) B_SPLINE_CURVE_WITH_KNOTS((1,2
    ,2,2,2,1),(-2.094395102393,0.,2.094395102393,4.188790204786,
6.28318530718,8.377580409573),.UNSPECIFIED.) CURVE() 
GEOMETRIC_REPRESENTATION_ITEM() RATIONAL_B_SPLINE_CURVE((1.,0.5,1.,0.5,
1.,0.5,1.)) REPRESENTATION_ITEM('') );
#1127 = CARTESIAN_POINT('',(15.5,17.35));
#1128 = CARTESIAN_POINT('',(18.704293994002,17.35));
#1129 = CARTESIAN_POINT('',(17.102146997001,14.575));
#1130 = CARTESIAN_POINT('',(15.5,11.8));
#1131 = CARTESIAN_POINT('',(13.897853002999,14.575));
#1132 = CARTESIAN_POINT('',(12.295706005998,17.35));
#1133 = CARTESIAN_POINT('',(15.5,17.35));
#1134 = ( GEOMETRIC_REPRESENTATION_CONTEXT(2) 
PARAMETRIC_REPRESENTATION_CONTEXT() REPRESENTATION_CONTEXT('2D SPACE',''
  ) );
#1135 = PCURVE('',#1136,#1141);
#1136 = CYLINDRICAL_SURFACE('',#1137,1.85);
#1137 = AXIS2_PLACEMENT_3D('',#1138,#1139,#1140);
#1138 = CARTESIAN_POINT('',(15.508341940874,-54.00788439221,
    75.467461269681));
#1139 = DIRECTION('',(-5.546778314436E-16,1.,-3.86106458461E-15));
#1140 = DIRECTION('',(1.,5.546778314436E-16,-1.64473469566E-16));
#1141 = DEFINITIONAL_REPRESENTATION('',(#1142),#1146);
#1142 = LINE('',#1143,#1144);
#1143 = CARTESIAN_POINT('',(3.552713678801E-15,-0.2));
#1144 = VECTOR('',#1145,1.);
#1145 = DIRECTION('',(-1.,-1.123873866922E-14));
#1146 = ( GEOMETRIC_REPRESENTATION_CONTEXT(2) 
PARAMETRIC_REPRESENTATION_CONTEXT() REPRESENTATION_CONTEXT('2D SPACE',''
  ) );
#1147 = ORIENTED_EDGE('',*,*,#1148,.F.);
#1148 = EDGE_CURVE('',#1083,#1116,#1149,.T.);
#1149 = SURFACE_CURVE('',#1150,(#1154,#1161),.PCURVE_S1.);
#1150 = LINE('',#1151,#1152);
#1151 = CARTESIAN_POINT('',(17.158341940874,-54.20788439221,
    77.791251277681));
#1152 = VECTOR('',#1153,1.);
#1153 = DIRECTION('',(-1.64473469566E-16,-3.86106458461E-15,-1.));
#1154 = PCURVE('',#1091,#1155);
#1155 = DEFINITIONAL_REPRESENTATION('',(#1156),#1160);
#1156 = LINE('',#1157,#1158);
#1157 = CARTESIAN_POINT('',(17.823790008,17.15));
#1158 = VECTOR('',#1159,1.);
#1159 = DIRECTION('',(-1.,0.));
#1160 = ( GEOMETRIC_REPRESENTATION_CONTEXT(2) 
PARAMETRIC_REPRESENTATION_CONTEXT() REPRESENTATION_CONTEXT('2D SPACE',''
  ) );
#1161 = PCURVE('',#1162,#1167);
#1162 = PLANE('',#1163);
#1163 = AXIS2_PLACEMENT_3D('',#1164,#1165,#1166);
#1164 = CARTESIAN_POINT('',(17.158341940874,-54.00788439221,
    73.042461269681));
#1165 = DIRECTION('',(-1.,-5.546778314436E-16,1.64473469566E-16));
#1166 = DIRECTION('',(5.546778314436E-16,-1.,3.86106458461E-15));
#1167 = DEFINITIONAL_REPRESENTATION('',(#1168),#1172);
#1168 = LINE('',#1169,#1170);
#1169 = CARTESIAN_POINT('',(0.2,4.748790008));
#1170 = VECTOR('',#1171,1.);
#1171 = DIRECTION('',(0.,-1.));
#1172 = ( GEOMETRIC_REPRESENTATION_CONTEXT(2) 
PARAMETRIC_REPRESENTATION_CONTEXT() REPRESENTATION_CONTEXT('2D SPACE',''
  ) );
#1173 = ADVANCED_FACE('',(#1174),#1189,.F.);
#1174 = FACE_BOUND('',#1175,.T.);
#1175 = EDGE_LOOP('',(#1176,#1211,#1234));
#1176 = ORIENTED_EDGE('',*,*,#1177,.F.);
#1177 = EDGE_CURVE('',#1178,#1180,#1182,.T.);
#1178 = VERTEX_POINT('',#1179);
#1179 = CARTESIAN_POINT('',(14.67168191434,-54.20788439221,
    77.117461269681));
#1180 = VERTEX_POINT('',#1181);
#1181 = CARTESIAN_POINT('',(13.858341940874,-54.20788439221,
    76.304121296215));
#1182 = SURFACE_CURVE('',#1183,(#1188,#1204),.PCURVE_S1.);
#1183 = CIRCLE('',#1184,1.85);
#1184 = AXIS2_PLACEMENT_3D('',#1185,#1186,#1187);
#1185 = CARTESIAN_POINT('',(15.508341940874,-54.20788439221,
    75.467461269681));
#1186 = DIRECTION('',(5.546778314436E-16,-1.,3.86106458461E-15));
#1187 = DIRECTION('',(1.,5.546778314436E-16,-1.64473469566E-16));
#1188 = PCURVE('',#1189,#1194);
#1189 = PLANE('',#1190);
#1190 = AXIS2_PLACEMENT_3D('',#1191,#1192,#1193);
#1191 = CARTESIAN_POINT('',(8.341940873662E-03,-54.20788439221,
    59.967461269681));
#1192 = DIRECTION('',(-5.546778314436E-16,1.,-3.86106458461E-15));
#1193 = DIRECTION('',(1.64473469566E-16,3.86106458461E-15,1.));
#1194 = DEFINITIONAL_REPRESENTATION('',(#1195),#1203);
#1195 = ( BOUNDED_CURVE() B_SPLINE_CURVE(2,(#1196,#1197,#1198,#1199,
#1200,#1201,#1202),.UNSPECIFIED.,.T.,.F.) B_SPLINE_CURVE_WITH_KNOTS((1,2
    ,2,2,2,1),(-2.094395102393,0.,2.094395102393,4.188790204786,
6.28318530718,8.377580409573),.UNSPECIFIED.) CURVE() 
GEOMETRIC_REPRESENTATION_ITEM() RATIONAL_B_SPLINE_CURVE((1.,0.5,1.,0.5,
1.,0.5,1.)) REPRESENTATION_ITEM('') );
#1196 = CARTESIAN_POINT('',(15.5,17.35));
#1197 = CARTESIAN_POINT('',(18.704293994002,17.35));
#1198 = CARTESIAN_POINT('',(17.102146997001,14.575));
#1199 = CARTESIAN_POINT('',(15.5,11.8));
#1200 = CARTESIAN_POINT('',(13.897853002999,14.575));
#1201 = CARTESIAN_POINT('',(12.295706005998,17.35));
#1202 = CARTESIAN_POINT('',(15.5,17.35));
#1203 = ( GEOMETRIC_REPRESENTATION_CONTEXT(2) 
PARAMETRIC_REPRESENTATION_CONTEXT() REPRESENTATION_CONTEXT('2D SPACE',''
  ) );
#1204 = PCURVE('',#1136,#1205);
#1205 = DEFINITIONAL_REPRESENTATION('',(#1206),#1210);
#1206 = LINE('',#1207,#1208);
#1207 = CARTESIAN_POINT('',(-3.552713678801E-15,-0.2));
#1208 = VECTOR('',#1209,1.);
#1209 = DIRECTION('',(-1.,0.));
#1210 = ( GEOMETRIC_REPRESENTATION_CONTEXT(2) 
PARAMETRIC_REPRESENTATION_CONTEXT() REPRESENTATION_CONTEXT('2D SPACE',''
  ) );
#1211 = ORIENTED_EDGE('',*,*,#1212,.F.);
#1212 = EDGE_CURVE('',#1213,#1178,#1215,.T.);
#1213 = VERTEX_POINT('',#1214);
#1214 = CARTESIAN_POINT('',(13.858341940874,-54.20788439221,
    77.117461269681));
#1215 = SURFACE_CURVE('',#1216,(#1220,#1227),.PCURVE_S1.);
#1216 = LINE('',#1217,#1218);
#1217 = CARTESIAN_POINT('',(13.858341940874,-54.20788439221,
    77.117461269681));
#1218 = VECTOR('',#1219,1.);
#1219 = DIRECTION('',(1.,5.546778314436E-16,-1.64473469566E-16));
#1220 = PCURVE('',#1189,#1221);
#1221 = DEFINITIONAL_REPRESENTATION('',(#1222),#1226);
#1222 = LINE('',#1223,#1224);
#1223 = CARTESIAN_POINT('',(17.15,13.85));
#1224 = VECTOR('',#1225,1.);
#1225 = DIRECTION('',(1.479114197289E-31,1.));
#1226 = ( GEOMETRIC_REPRESENTATION_CONTEXT(2) 
PARAMETRIC_REPRESENTATION_CONTEXT() REPRESENTATION_CONTEXT('2D SPACE',''
  ) );
#1227 = PCURVE('',#1103,#1228);
#1228 = DEFINITIONAL_REPRESENTATION('',(#1229),#1233);
#1229 = LINE('',#1230,#1231);
#1230 = CARTESIAN_POINT('',(9.152184218819E-16,-1.65));
#1231 = VECTOR('',#1232,1.);
#1232 = DIRECTION('',(-3.51033443077E-31,1.));
#1233 = ( GEOMETRIC_REPRESENTATION_CONTEXT(2) 
PARAMETRIC_REPRESENTATION_CONTEXT() REPRESENTATION_CONTEXT('2D SPACE',''
  ) );
#1234 = ORIENTED_EDGE('',*,*,#1235,.F.);
#1235 = EDGE_CURVE('',#1180,#1213,#1236,.T.);
#1236 = SURFACE_CURVE('',#1237,(#1241,#1248),.PCURVE_S1.);
#1237 = LINE('',#1238,#1239);
#1238 = CARTESIAN_POINT('',(13.858341940874,-54.20788439221,
    77.117461269681));
#1239 = VECTOR('',#1240,1.);
#1240 = DIRECTION('',(1.64473469566E-16,3.86106458461E-15,1.));
#1241 = PCURVE('',#1189,#1242);
#1242 = DEFINITIONAL_REPRESENTATION('',(#1243),#1247);
#1243 = LINE('',#1244,#1245);
#1244 = CARTESIAN_POINT('',(17.15,13.85));
#1245 = VECTOR('',#1246,1.);
#1246 = DIRECTION('',(1.,0.));
#1247 = ( GEOMETRIC_REPRESENTATION_CONTEXT(2) 
PARAMETRIC_REPRESENTATION_CONTEXT() REPRESENTATION_CONTEXT('2D SPACE',''
  ) );
#1248 = PCURVE('',#1249,#1254);
#1249 = PLANE('',#1250);
#1250 = AXIS2_PLACEMENT_3D('',#1251,#1252,#1253);
#1251 = CARTESIAN_POINT('',(13.858341940874,-54.00788439221,
    75.467461269681));
#1252 = DIRECTION('',(1.,5.546778314436E-16,-1.64473469566E-16));
#1253 = DIRECTION('',(-1.64473469566E-16,-3.86106458461E-15,-1.));
#1254 = DEFINITIONAL_REPRESENTATION('',(#1255),#1259);
#1255 = LINE('',#1256,#1257);
#1256 = CARTESIAN_POINT('',(-1.65,-0.2));
#1257 = VECTOR('',#1258,1.);
#1258 = DIRECTION('',(-1.,0.));
#1259 = ( GEOMETRIC_REPRESENTATION_CONTEXT(2) 
PARAMETRIC_REPRESENTATION_CONTEXT() REPRESENTATION_CONTEXT('2D SPACE',''
  ) );
#1260 = ADVANCED_FACE('',(#1261),#1275,.F.);
#1261 = FACE_BOUND('',#1262,.T.);
#1262 = EDGE_LOOP('',(#1263,#1298,#1326));
#1263 = ORIENTED_EDGE('',*,*,#1264,.F.);
#1264 = EDGE_CURVE('',#1265,#1267,#1269,.T.);
#1265 = VERTEX_POINT('',#1266);
#1266 = CARTESIAN_POINT('',(14.67168191434,-54.20788439221,
    73.817461269681));
#1267 = VERTEX_POINT('',#1268);
#1268 = CARTESIAN_POINT('',(13.858341940874,-54.20788439221,
    73.817461269681));
#1269 = SURFACE_CURVE('',#1270,(#1274,#1286),.PCURVE_S1.);
#1270 = LINE('',#1271,#1272);
#1271 = CARTESIAN_POINT('',(17.158341940874,-54.20788439221,
    73.817461269681));
#1272 = VECTOR('',#1273,1.);
#1273 = DIRECTION('',(-1.,-5.546778314436E-16,1.64473469566E-16));
#1274 = PCURVE('',#1275,#1280);
#1275 = PLANE('',#1276);
#1276 = AXIS2_PLACEMENT_3D('',#1277,#1278,#1279);
#1277 = CARTESIAN_POINT('',(8.341940873662E-03,-54.20788439221,
    59.967461269681));
#1278 = DIRECTION('',(-5.546778314436E-16,1.,-3.86106458461E-15));
#1279 = DIRECTION('',(1.64473469566E-16,3.86106458461E-15,1.));
#1280 = DEFINITIONAL_REPRESENTATION('',(#1281),#1285);
#1281 = LINE('',#1282,#1283);
#1282 = CARTESIAN_POINT('',(13.85,17.15));
#1283 = VECTOR('',#1284,1.);
#1284 = DIRECTION('',(-1.479114197289E-31,-1.));
#1285 = ( GEOMETRIC_REPRESENTATION_CONTEXT(2) 
PARAMETRIC_REPRESENTATION_CONTEXT() REPRESENTATION_CONTEXT('2D SPACE',''
  ) );
#1286 = PCURVE('',#1287,#1292);
#1287 = PLANE('',#1288);
#1288 = AXIS2_PLACEMENT_3D('',#1289,#1290,#1291);
#1289 = CARTESIAN_POINT('',(15.508341940874,-54.20788439221,
    73.817461269681));
#1290 = DIRECTION('',(1.64473469566E-16,3.86106458461E-15,1.));
#1291 = DIRECTION('',(5.546778314436E-16,-1.,3.86106458461E-15));
#1292 = DEFINITIONAL_REPRESENTATION('',(#1293),#1297);
#1293 = LINE('',#1294,#1295);
#1294 = CARTESIAN_POINT('',(9.152184218819E-16,1.65));
#1295 = VECTOR('',#1296,1.);
#1296 = DIRECTION('',(-3.51033443077E-31,-1.));
#1297 = ( GEOMETRIC_REPRESENTATION_CONTEXT(2) 
PARAMETRIC_REPRESENTATION_CONTEXT() REPRESENTATION_CONTEXT('2D SPACE',''
  ) );
#1298 = ORIENTED_EDGE('',*,*,#1299,.F.);
#1299 = EDGE_CURVE('',#1300,#1265,#1302,.T.);
#1300 = VERTEX_POINT('',#1301);
#1301 = CARTESIAN_POINT('',(13.858341940874,-54.20788439221,
    74.630801243147));
#1302 = SURFACE_CURVE('',#1303,(#1308,#1319),.PCURVE_S1.);
#1303 = CIRCLE('',#1304,1.85);
#1304 = AXIS2_PLACEMENT_3D('',#1305,#1306,#1307);
#1305 = CARTESIAN_POINT('',(15.508341940874,-54.20788439221,
    75.467461269681));
#1306 = DIRECTION('',(5.546778314436E-16,-1.,3.86106458461E-15));
#1307 = DIRECTION('',(1.,5.546778314436E-16,-1.64473469566E-16));
#1308 = PCURVE('',#1275,#1309);
#1309 = DEFINITIONAL_REPRESENTATION('',(#1310),#1318);
#1310 = ( BOUNDED_CURVE() B_SPLINE_CURVE(2,(#1311,#1312,#1313,#1314,
#1315,#1316,#1317),.UNSPECIFIED.,.T.,.F.) B_SPLINE_CURVE_WITH_KNOTS((1,2
    ,2,2,2,1),(-2.094395102393,0.,2.094395102393,4.188790204786,
6.28318530718,8.377580409573),.UNSPECIFIED.) CURVE() 
GEOMETRIC_REPRESENTATION_ITEM() RATIONAL_B_SPLINE_CURVE((1.,0.5,1.,0.5,
1.,0.5,1.)) REPRESENTATION_ITEM('') );
#1311 = CARTESIAN_POINT('',(15.5,17.35));
#1312 = CARTESIAN_POINT('',(18.704293994002,17.35));
#1313 = CARTESIAN_POINT('',(17.102146997001,14.575));
#1314 = CARTESIAN_POINT('',(15.5,11.8));
#1315 = CARTESIAN_POINT('',(13.897853002999,14.575));
#1316 = CARTESIAN_POINT('',(12.295706005998,17.35));
#1317 = CARTESIAN_POINT('',(15.5,17.35));
#1318 = ( GEOMETRIC_REPRESENTATION_CONTEXT(2) 
PARAMETRIC_REPRESENTATION_CONTEXT() REPRESENTATION_CONTEXT('2D SPACE',''
  ) );
#1319 = PCURVE('',#1136,#1320);
#1320 = DEFINITIONAL_REPRESENTATION('',(#1321),#1325);
#1321 = LINE('',#1322,#1323);
#1322 = CARTESIAN_POINT('',(6.28318530718,-0.2));
#1323 = VECTOR('',#1324,1.);
#1324 = DIRECTION('',(-1.,1.123873866922E-14));
#1325 = ( GEOMETRIC_REPRESENTATION_CONTEXT(2) 
PARAMETRIC_REPRESENTATION_CONTEXT() REPRESENTATION_CONTEXT('2D SPACE',''
  ) );
#1326 = ORIENTED_EDGE('',*,*,#1327,.F.);
#1327 = EDGE_CURVE('',#1267,#1300,#1328,.T.);
#1328 = SURFACE_CURVE('',#1329,(#1333,#1340),.PCURVE_S1.);
#1329 = LINE('',#1330,#1331);
#1330 = CARTESIAN_POINT('',(13.858341940874,-54.20788439221,
    73.143671261681));
#1331 = VECTOR('',#1332,1.);
#1332 = DIRECTION('',(1.64473469566E-16,3.86106458461E-15,1.));
#1333 = PCURVE('',#1275,#1334);
#1334 = DEFINITIONAL_REPRESENTATION('',(#1335),#1339);
#1335 = LINE('',#1336,#1337);
#1336 = CARTESIAN_POINT('',(13.176209992,13.85));
#1337 = VECTOR('',#1338,1.);
#1338 = DIRECTION('',(1.,0.));
#1339 = ( GEOMETRIC_REPRESENTATION_CONTEXT(2) 
PARAMETRIC_REPRESENTATION_CONTEXT() REPRESENTATION_CONTEXT('2D SPACE',''
  ) );
#1340 = PCURVE('',#1249,#1341);
#1341 = DEFINITIONAL_REPRESENTATION('',(#1342),#1346);
#1342 = LINE('',#1343,#1344);
#1343 = CARTESIAN_POINT('',(2.323790008,-0.2));
#1344 = VECTOR('',#1345,1.);
#1345 = DIRECTION('',(-1.,0.));
#1346 = ( GEOMETRIC_REPRESENTATION_CONTEXT(2) 
PARAMETRIC_REPRESENTATION_CONTEXT() REPRESENTATION_CONTEXT('2D SPACE',''
  ) );
#1347 = ADVANCED_FACE('',(#1348),#1363,.F.);
#1348 = FACE_BOUND('',#1349,.T.);
#1349 = EDGE_LOOP('',(#1350,#1385,#1408));
#1350 = ORIENTED_EDGE('',*,*,#1351,.F.);
#1351 = EDGE_CURVE('',#1352,#1354,#1356,.T.);
#1352 = VERTEX_POINT('',#1353);
#1353 = CARTESIAN_POINT('',(16.345001967408,-54.20788439221,
    73.817461269681));
#1354 = VERTEX_POINT('',#1355);
#1355 = CARTESIAN_POINT('',(17.158341940874,-54.20788439221,
    74.630801243147));
#1356 = SURFACE_CURVE('',#1357,(#1362,#1378),.PCURVE_S1.);
#1357 = CIRCLE('',#1358,1.85);
#1358 = AXIS2_PLACEMENT_3D('',#1359,#1360,#1361);
#1359 = CARTESIAN_POINT('',(15.508341940874,-54.20788439221,
    75.467461269681));
#1360 = DIRECTION('',(5.546778314436E-16,-1.,3.86106458461E-15));
#1361 = DIRECTION('',(1.,5.546778314436E-16,-1.64473469566E-16));
#1362 = PCURVE('',#1363,#1368);
#1363 = PLANE('',#1364);
#1364 = AXIS2_PLACEMENT_3D('',#1365,#1366,#1367);
#1365 = CARTESIAN_POINT('',(8.341940873662E-03,-54.20788439221,
    59.967461269681));
#1366 = DIRECTION('',(-5.546778314436E-16,1.,-3.86106458461E-15));
#1367 = DIRECTION('',(1.64473469566E-16,3.86106458461E-15,1.));
#1368 = DEFINITIONAL_REPRESENTATION('',(#1369),#1377);
#1369 = ( BOUNDED_CURVE() B_SPLINE_CURVE(2,(#1370,#1371,#1372,#1373,
#1374,#1375,#1376),.UNSPECIFIED.,.T.,.F.) B_SPLINE_CURVE_WITH_KNOTS((1,2
    ,2,2,2,1),(-2.094395102393,0.,2.094395102393,4.188790204786,
6.28318530718,8.377580409573),.UNSPECIFIED.) CURVE() 
GEOMETRIC_REPRESENTATION_ITEM() RATIONAL_B_SPLINE_CURVE((1.,0.5,1.,0.5,
1.,0.5,1.)) REPRESENTATION_ITEM('') );
#1370 = CARTESIAN_POINT('',(15.5,17.35));
#1371 = CARTESIAN_POINT('',(18.704293994002,17.35));
#1372 = CARTESIAN_POINT('',(17.102146997001,14.575));
#1373 = CARTESIAN_POINT('',(15.5,11.8));
#1374 = CARTESIAN_POINT('',(13.897853002999,14.575));
#1375 = CARTESIAN_POINT('',(12.295706005998,17.35));
#1376 = CARTESIAN_POINT('',(15.5,17.35));
#1377 = ( GEOMETRIC_REPRESENTATION_CONTEXT(2) 
PARAMETRIC_REPRESENTATION_CONTEXT() REPRESENTATION_CONTEXT('2D SPACE',''
  ) );
#1378 = PCURVE('',#1136,#1379);
#1379 = DEFINITIONAL_REPRESENTATION('',(#1380),#1384);
#1380 = LINE('',#1381,#1382);
#1381 = CARTESIAN_POINT('',(6.28318530718,-0.2));
#1382 = VECTOR('',#1383,1.);
#1383 = DIRECTION('',(-1.,0.));
#1384 = ( GEOMETRIC_REPRESENTATION_CONTEXT(2) 
PARAMETRIC_REPRESENTATION_CONTEXT() REPRESENTATION_CONTEXT('2D SPACE',''
  ) );
#1385 = ORIENTED_EDGE('',*,*,#1386,.F.);
#1386 = EDGE_CURVE('',#1387,#1352,#1389,.T.);
#1387 = VERTEX_POINT('',#1388);
#1388 = CARTESIAN_POINT('',(17.158341940874,-54.20788439221,
    73.817461269681));
#1389 = SURFACE_CURVE('',#1390,(#1394,#1401),.PCURVE_S1.);
#1390 = LINE('',#1391,#1392);
#1391 = CARTESIAN_POINT('',(17.158341940874,-54.20788439221,
    73.817461269681));
#1392 = VECTOR('',#1393,1.);
#1393 = DIRECTION('',(-1.,-5.546778314436E-16,1.64473469566E-16));
#1394 = PCURVE('',#1363,#1395);
#1395 = DEFINITIONAL_REPRESENTATION('',(#1396),#1400);
#1396 = LINE('',#1397,#1398);
#1397 = CARTESIAN_POINT('',(13.85,17.15));
#1398 = VECTOR('',#1399,1.);
#1399 = DIRECTION('',(-1.479114197289E-31,-1.));
#1400 = ( GEOMETRIC_REPRESENTATION_CONTEXT(2) 
PARAMETRIC_REPRESENTATION_CONTEXT() REPRESENTATION_CONTEXT('2D SPACE',''
  ) );
#1401 = PCURVE('',#1287,#1402);
#1402 = DEFINITIONAL_REPRESENTATION('',(#1403),#1407);
#1403 = LINE('',#1404,#1405);
#1404 = CARTESIAN_POINT('',(9.152184218819E-16,1.65));
#1405 = VECTOR('',#1406,1.);
#1406 = DIRECTION('',(-3.51033443077E-31,-1.));
#1407 = ( GEOMETRIC_REPRESENTATION_CONTEXT(2) 
PARAMETRIC_REPRESENTATION_CONTEXT() REPRESENTATION_CONTEXT('2D SPACE',''
  ) );
#1408 = ORIENTED_EDGE('',*,*,#1409,.F.);
#1409 = EDGE_CURVE('',#1354,#1387,#1410,.T.);
#1410 = SURFACE_CURVE('',#1411,(#1415,#1422),.PCURVE_S1.);
#1411 = LINE('',#1412,#1413);
#1412 = CARTESIAN_POINT('',(17.158341940874,-54.20788439221,
    73.817461269681));
#1413 = VECTOR('',#1414,1.);
#1414 = DIRECTION('',(-1.64473469566E-16,-3.86106458461E-15,-1.));
#1415 = PCURVE('',#1363,#1416);
#1416 = DEFINITIONAL_REPRESENTATION('',(#1417),#1421);
#1417 = LINE('',#1418,#1419);
#1418 = CARTESIAN_POINT('',(13.85,17.15));
#1419 = VECTOR('',#1420,1.);
#1420 = DIRECTION('',(-1.,0.));
#1421 = ( GEOMETRIC_REPRESENTATION_CONTEXT(2) 
PARAMETRIC_REPRESENTATION_CONTEXT() REPRESENTATION_CONTEXT('2D SPACE',''
  ) );
#1422 = PCURVE('',#1162,#1423);
#1423 = DEFINITIONAL_REPRESENTATION('',(#1424),#1428);
#1424 = LINE('',#1425,#1426);
#1425 = CARTESIAN_POINT('',(0.2,0.775));
#1426 = VECTOR('',#1427,1.);
#1427 = DIRECTION('',(0.,-1.));
#1428 = ( GEOMETRIC_REPRESENTATION_CONTEXT(2) 
PARAMETRIC_REPRESENTATION_CONTEXT() REPRESENTATION_CONTEXT('2D SPACE',''
  ) );
#1429 = ADVANCED_FACE('',(#1430,#1549,#1579,#1609,#1639,#1669),#1444,.T.
  );
#1430 = FACE_BOUND('',#1431,.T.);
#1431 = EDGE_LOOP('',(#1432,#1467,#1495,#1523));
#1432 = ORIENTED_EDGE('',*,*,#1433,.T.);
#1433 = EDGE_CURVE('',#1434,#1436,#1438,.T.);
#1434 = VERTEX_POINT('',#1435);
#1435 = CARTESIAN_POINT('',(21.008341940874,-45.2078843922,
    80.96746126968));
#1436 = VERTEX_POINT('',#1437);
#1437 = CARTESIAN_POINT('',(21.008341940874,-45.2078843922,
    38.967461269681));
#1438 = SURFACE_CURVE('',#1439,(#1443,#1455),.PCURVE_S1.);
#1439 = LINE('',#1440,#1441);
#1440 = CARTESIAN_POINT('',(21.008341940874,-45.2078843922,
    80.96746126968));
#1441 = VECTOR('',#1442,1.);
#1442 = DIRECTION('',(-2.28541557372E-15,-3.861064580915E-15,-1.));
#1443 = PCURVE('',#1444,#1449);
#1444 = PLANE('',#1445);
#1445 = AXIS2_PLACEMENT_3D('',#1446,#1447,#1448);
#1446 = CARTESIAN_POINT('',(-2.184731875007E-02,-45.20788439221,
    59.863573739912));
#1447 = DIRECTION('',(-5.546778314436E-16,1.,-3.86106458461E-15));
#1448 = DIRECTION('',(-1.,-5.546778314436E-16,2.754957720286E-16));
#1449 = DEFINITIONAL_REPRESENTATION('',(#1450),#1454);
#1450 = LINE('',#1451,#1452);
#1451 = CARTESIAN_POINT('',(-21.03018925962,21.103887529768));
#1452 = VECTOR('',#1453,1.);
#1453 = DIRECTION('',(2.009919801691E-15,-1.));
#1454 = ( GEOMETRIC_REPRESENTATION_CONTEXT(2) 
PARAMETRIC_REPRESENTATION_CONTEXT() REPRESENTATION_CONTEXT('2D SPACE',''
  ) );
#1455 = PCURVE('',#1456,#1461);
#1456 = PLANE('',#1457);
#1457 = AXIS2_PLACEMENT_3D('',#1458,#1459,#1460);
#1458 = CARTESIAN_POINT('',(21.008341940874,-50.00788439221,
    80.967461269681));
#1459 = DIRECTION('',(-1.,-5.546778314436E-16,1.64473469566E-16));
#1460 = DIRECTION('',(-1.64473469566E-16,-3.86106458461E-15,-1.));
#1461 = DEFINITIONAL_REPRESENTATION('',(#1462),#1466);
#1462 = LINE('',#1463,#1464);
#1463 = CARTESIAN_POINT('',(8.767507370516E-13,-4.800000000002));
#1464 = VECTOR('',#1465,1.);
#1465 = DIRECTION('',(1.,-3.694110979127E-24));
#1466 = ( GEOMETRIC_REPRESENTATION_CONTEXT(2) 
PARAMETRIC_REPRESENTATION_CONTEXT() REPRESENTATION_CONTEXT('2D SPACE',''
  ) );
#1467 = ORIENTED_EDGE('',*,*,#1468,.T.);
#1468 = EDGE_CURVE('',#1436,#1469,#1471,.T.);
#1469 = VERTEX_POINT('',#1470);
#1470 = CARTESIAN_POINT('',(-20.99165805912,-45.2078843922,
    38.967461269681));
#1471 = SURFACE_CURVE('',#1472,(#1476,#1483),.PCURVE_S1.);
#1472 = LINE('',#1473,#1474);
#1473 = CARTESIAN_POINT('',(21.008341940874,-45.2078843922,
    38.967461269681));
#1474 = VECTOR('',#1475,1.);
#1475 = DIRECTION('',(-1.,-5.066241114119E-16,6.496952446931E-17));
#1476 = PCURVE('',#1444,#1477);
#1477 = DEFINITIONAL_REPRESENTATION('',(#1478),#1482);
#1478 = LINE('',#1479,#1480);
#1479 = CARTESIAN_POINT('',(-21.03018925962,-20.89611247023));
#1480 = VECTOR('',#1481,1.);
#1481 = DIRECTION('',(1.,-2.105262475592E-16));
#1482 = ( GEOMETRIC_REPRESENTATION_CONTEXT(2) 
PARAMETRIC_REPRESENTATION_CONTEXT() REPRESENTATION_CONTEXT('2D SPACE',''
  ) );
#1483 = PCURVE('',#1484,#1489);
#1484 = PLANE('',#1485);
#1485 = AXIS2_PLACEMENT_3D('',#1486,#1487,#1488);
#1486 = CARTESIAN_POINT('',(21.008341940874,-50.00788439221,
    38.967461269681));
#1487 = DIRECTION('',(1.64473469566E-16,3.86106458461E-15,1.));
#1488 = DIRECTION('',(-1.,-5.546778314436E-16,1.64473469566E-16));
#1489 = DEFINITIONAL_REPRESENTATION('',(#1490),#1494);
#1490 = LINE('',#1491,#1492);
#1491 = CARTESIAN_POINT('',(-2.66245359093E-15,-4.800000000002));
#1492 = VECTOR('',#1493,1.);
#1493 = DIRECTION('',(1.,-4.80537200317E-17));
#1494 = ( GEOMETRIC_REPRESENTATION_CONTEXT(2) 
PARAMETRIC_REPRESENTATION_CONTEXT() REPRESENTATION_CONTEXT('2D SPACE',''
  ) );
#1495 = ORIENTED_EDGE('',*,*,#1496,.T.);
#1496 = EDGE_CURVE('',#1469,#1497,#1499,.T.);
#1497 = VERTEX_POINT('',#1498);
#1498 = CARTESIAN_POINT('',(-20.99165805912,-45.2078843922,
    80.96746126968));
#1499 = SURFACE_CURVE('',#1500,(#1504,#1511),.PCURVE_S1.);
#1500 = LINE('',#1501,#1502);
#1501 = CARTESIAN_POINT('',(-20.99165805912,-45.2078843922,
    38.967461269681));
#1502 = VECTOR('',#1503,1.);
#1503 = DIRECTION('',(2.28541557372E-15,3.015180371677E-15,1.));
#1504 = PCURVE('',#1444,#1505);
#1505 = DEFINITIONAL_REPRESENTATION('',(#1506),#1510);
#1506 = LINE('',#1507,#1508);
#1507 = CARTESIAN_POINT('',(20.969810740376,-20.89611247023));
#1508 = VECTOR('',#1509,1.);
#1509 = DIRECTION('',(-2.009919801691E-15,1.));
#1510 = ( GEOMETRIC_REPRESENTATION_CONTEXT(2) 
PARAMETRIC_REPRESENTATION_CONTEXT() REPRESENTATION_CONTEXT('2D SPACE',''
  ) );
#1511 = PCURVE('',#1512,#1517);
#1512 = PLANE('',#1513);
#1513 = AXIS2_PLACEMENT_3D('',#1514,#1515,#1516);
#1514 = CARTESIAN_POINT('',(-20.99165805912,-50.00788439221,
    38.967461269681));
#1515 = DIRECTION('',(1.,5.546778314436E-16,-1.64473469566E-16));
#1516 = DIRECTION('',(1.64473469566E-16,3.86106458461E-15,1.));
#1517 = DEFINITIONAL_REPRESENTATION('',(#1518),#1522);
#1518 = LINE('',#1519,#1520);
#1519 = CARTESIAN_POINT('',(-4.788468050259E-13,-4.800000000002));
#1520 = VECTOR('',#1521,1.);
#1521 = DIRECTION('',(1.,8.458842129323E-16));
#1522 = ( GEOMETRIC_REPRESENTATION_CONTEXT(2) 
PARAMETRIC_REPRESENTATION_CONTEXT() REPRESENTATION_CONTEXT('2D SPACE',''
  ) );
#1523 = ORIENTED_EDGE('',*,*,#1524,.T.);
#1524 = EDGE_CURVE('',#1497,#1434,#1525,.T.);
#1525 = SURFACE_CURVE('',#1526,(#1530,#1537),.PCURVE_S1.);
#1526 = LINE('',#1527,#1528);
#1527 = CARTESIAN_POINT('',(-20.99165805912,-45.2078843922,
    80.96746126968));
#1528 = VECTOR('',#1529,1.);
#1529 = DIRECTION('',(1.,1.35250832065E-15,4.076600168546E-17));
#1530 = PCURVE('',#1444,#1531);
#1531 = DEFINITIONAL_REPRESENTATION('',(#1532),#1536);
#1532 = LINE('',#1533,#1534);
#1533 = CARTESIAN_POINT('',(20.969810740376,21.103887529768));
#1534 = VECTOR('',#1535,1.);
#1535 = DIRECTION('',(-1.,3.16261773714E-16));
#1536 = ( GEOMETRIC_REPRESENTATION_CONTEXT(2) 
PARAMETRIC_REPRESENTATION_CONTEXT() REPRESENTATION_CONTEXT('2D SPACE',''
  ) );
#1537 = PCURVE('',#1538,#1543);
#1538 = PLANE('',#1539);
#1539 = AXIS2_PLACEMENT_3D('',#1540,#1541,#1542);
#1540 = CARTESIAN_POINT('',(-20.99165805912,-50.00788439221,
    80.967461269681));
#1541 = DIRECTION('',(-1.64473469566E-16,-3.86106458461E-15,-1.));
#1542 = DIRECTION('',(1.,5.546778314436E-16,-1.64473469566E-16));
#1543 = DEFINITIONAL_REPRESENTATION('',(#1544),#1548);
#1544 = LINE('',#1545,#1546);
#1545 = CARTESIAN_POINT('',(2.051671332826E-13,-4.800000000002));
#1546 = VECTOR('',#1547,1.);
#1547 = DIRECTION('',(1.,-7.978304892065E-16));
#1548 = ( GEOMETRIC_REPRESENTATION_CONTEXT(2) 
PARAMETRIC_REPRESENTATION_CONTEXT() REPRESENTATION_CONTEXT('2D SPACE',''
  ) );
#1549 = FACE_BOUND('',#1550,.T.);
#1550 = EDGE_LOOP('',(#1551));
#1551 = ORIENTED_EDGE('',*,*,#1552,.T.);
#1552 = EDGE_CURVE('',#1553,#1553,#1555,.T.);
#1553 = VERTEX_POINT('',#1554);
#1554 = CARTESIAN_POINT('',(-17.34165805912,-45.20788439221,
    75.467461269681));
#1555 = SURFACE_CURVE('',#1556,(#1561,#1572),.PCURVE_S1.);
#1556 = CIRCLE('',#1557,1.85);
#1557 = AXIS2_PLACEMENT_3D('',#1558,#1559,#1560);
#1558 = CARTESIAN_POINT('',(-15.49165805912,-45.20788439221,
    75.467461269681));
#1559 = DIRECTION('',(5.546778314436E-16,-1.,3.86106458461E-15));
#1560 = DIRECTION('',(1.,5.546778314436E-16,-1.64473469566E-16));
#1561 = PCURVE('',#1444,#1562);
#1562 = DEFINITIONAL_REPRESENTATION('',(#1563),#1571);
#1563 = ( BOUNDED_CURVE() B_SPLINE_CURVE(2,(#1564,#1565,#1566,#1567,
#1568,#1569,#1570),.UNSPECIFIED.,.T.,.F.) B_SPLINE_CURVE_WITH_KNOTS((1,2
    ,2,2,2,1),(-2.094395102393,0.,2.094395102393,4.188790204786,
6.28318530718,8.377580409573),.UNSPECIFIED.) CURVE() 
GEOMETRIC_REPRESENTATION_ITEM() RATIONAL_B_SPLINE_CURVE((1.,0.5,1.,0.5,
1.,0.5,1.)) REPRESENTATION_ITEM('') );
#1564 = CARTESIAN_POINT('',(13.619810740376,15.603887529769));
#1565 = CARTESIAN_POINT('',(13.619810740376,18.808181523771));
#1566 = CARTESIAN_POINT('',(16.394810740376,17.20603452677));
#1567 = CARTESIAN_POINT('',(19.169810740376,15.603887529769));
#1568 = CARTESIAN_POINT('',(16.394810740376,14.001740532768));
#1569 = CARTESIAN_POINT('',(13.619810740376,12.399593535767));
#1570 = CARTESIAN_POINT('',(13.619810740376,15.603887529769));
#1571 = ( GEOMETRIC_REPRESENTATION_CONTEXT(2) 
PARAMETRIC_REPRESENTATION_CONTEXT() REPRESENTATION_CONTEXT('2D SPACE',''
  ) );
#1572 = PCURVE('',#755,#1573);
#1573 = DEFINITIONAL_REPRESENTATION('',(#1574),#1578);
#1574 = LINE('',#1575,#1576);
#1575 = CARTESIAN_POINT('',(6.28318530718,8.8));
#1576 = VECTOR('',#1577,1.);
#1577 = DIRECTION('',(-1.,0.));
#1578 = ( GEOMETRIC_REPRESENTATION_CONTEXT(2) 
PARAMETRIC_REPRESENTATION_CONTEXT() REPRESENTATION_CONTEXT('2D SPACE',''
  ) );
#1579 = FACE_BOUND('',#1580,.T.);
#1580 = EDGE_LOOP('',(#1581));
#1581 = ORIENTED_EDGE('',*,*,#1582,.T.);
#1582 = EDGE_CURVE('',#1583,#1583,#1585,.T.);
#1583 = VERTEX_POINT('',#1584);
#1584 = CARTESIAN_POINT('',(13.658341940874,-45.20788439221,
    44.467461269681));
#1585 = SURFACE_CURVE('',#1586,(#1591,#1602),.PCURVE_S1.);
#1586 = CIRCLE('',#1587,1.85);
#1587 = AXIS2_PLACEMENT_3D('',#1588,#1589,#1590);
#1588 = CARTESIAN_POINT('',(15.508341940874,-45.20788439221,
    44.467461269681));
#1589 = DIRECTION('',(5.546778314436E-16,-1.,3.86106458461E-15));
#1590 = DIRECTION('',(1.,5.546778314436E-16,-1.64473469566E-16));
#1591 = PCURVE('',#1444,#1592);
#1592 = DEFINITIONAL_REPRESENTATION('',(#1593),#1601);
#1593 = ( BOUNDED_CURVE() B_SPLINE_CURVE(2,(#1594,#1595,#1596,#1597,
#1598,#1599,#1600),.UNSPECIFIED.,.T.,.F.) B_SPLINE_CURVE_WITH_KNOTS((1,2
    ,2,2,2,1),(-2.094395102393,0.,2.094395102393,4.188790204786,
6.28318530718,8.377580409573),.UNSPECIFIED.) CURVE() 
GEOMETRIC_REPRESENTATION_ITEM() RATIONAL_B_SPLINE_CURVE((1.,0.5,1.,0.5,
1.,0.5,1.)) REPRESENTATION_ITEM('') );
#1594 = CARTESIAN_POINT('',(-17.38018925962,-15.39611247023));
#1595 = CARTESIAN_POINT('',(-17.38018925962,-12.19181847622));
#1596 = CARTESIAN_POINT('',(-14.60518925962,-13.79396547323));
#1597 = CARTESIAN_POINT('',(-11.83018925962,-15.39611247023));
#1598 = CARTESIAN_POINT('',(-14.60518925962,-16.99825946723));
#1599 = CARTESIAN_POINT('',(-17.38018925962,-18.60040646423));
#1600 = CARTESIAN_POINT('',(-17.38018925962,-15.39611247023));
#1601 = ( GEOMETRIC_REPRESENTATION_CONTEXT(2) 
PARAMETRIC_REPRESENTATION_CONTEXT() REPRESENTATION_CONTEXT('2D SPACE',''
  ) );
#1602 = PCURVE('',#77,#1603);
#1603 = DEFINITIONAL_REPRESENTATION('',(#1604),#1608);
#1604 = LINE('',#1605,#1606);
#1605 = CARTESIAN_POINT('',(6.28318530718,8.8));
#1606 = VECTOR('',#1607,1.);
#1607 = DIRECTION('',(-1.,0.));
#1608 = ( GEOMETRIC_REPRESENTATION_CONTEXT(2) 
PARAMETRIC_REPRESENTATION_CONTEXT() REPRESENTATION_CONTEXT('2D SPACE',''
  ) );
#1609 = FACE_BOUND('',#1610,.T.);
#1610 = EDGE_LOOP('',(#1611));
#1611 = ORIENTED_EDGE('',*,*,#1612,.T.);
#1612 = EDGE_CURVE('',#1613,#1613,#1615,.T.);
#1613 = VERTEX_POINT('',#1614);
#1614 = CARTESIAN_POINT('',(13.658341940874,-45.20788439221,
    75.467461269681));
#1615 = SURFACE_CURVE('',#1616,(#1621,#1632),.PCURVE_S1.);
#1616 = CIRCLE('',#1617,1.85);
#1617 = AXIS2_PLACEMENT_3D('',#1618,#1619,#1620);
#1618 = CARTESIAN_POINT('',(15.508341940874,-45.20788439221,
    75.467461269681));
#1619 = DIRECTION('',(5.546778314436E-16,-1.,3.86106458461E-15));
#1620 = DIRECTION('',(1.,5.546778314436E-16,-1.64473469566E-16));
#1621 = PCURVE('',#1444,#1622);
#1622 = DEFINITIONAL_REPRESENTATION('',(#1623),#1631);
#1623 = ( BOUNDED_CURVE() B_SPLINE_CURVE(2,(#1624,#1625,#1626,#1627,
#1628,#1629,#1630),.UNSPECIFIED.,.T.,.F.) B_SPLINE_CURVE_WITH_KNOTS((1,2
    ,2,2,2,1),(-2.094395102393,0.,2.094395102393,4.188790204786,
6.28318530718,8.377580409573),.UNSPECIFIED.) CURVE() 
GEOMETRIC_REPRESENTATION_ITEM() RATIONAL_B_SPLINE_CURVE((1.,0.5,1.,0.5,
1.,0.5,1.)) REPRESENTATION_ITEM('') );
#1624 = CARTESIAN_POINT('',(-17.38018925962,15.603887529769));
#1625 = CARTESIAN_POINT('',(-17.38018925962,18.808181523771));
#1626 = CARTESIAN_POINT('',(-14.60518925962,17.20603452677));
#1627 = CARTESIAN_POINT('',(-11.83018925962,15.603887529769));
#1628 = CARTESIAN_POINT('',(-14.60518925962,14.001740532768));
#1629 = CARTESIAN_POINT('',(-17.38018925962,12.399593535767));
#1630 = CARTESIAN_POINT('',(-17.38018925962,15.603887529769));
#1631 = ( GEOMETRIC_REPRESENTATION_CONTEXT(2) 
PARAMETRIC_REPRESENTATION_CONTEXT() REPRESENTATION_CONTEXT('2D SPACE',''
  ) );
#1632 = PCURVE('',#1136,#1633);
#1633 = DEFINITIONAL_REPRESENTATION('',(#1634),#1638);
#1634 = LINE('',#1635,#1636);
#1635 = CARTESIAN_POINT('',(6.28318530718,8.8));
#1636 = VECTOR('',#1637,1.);
#1637 = DIRECTION('',(-1.,0.));
#1638 = ( GEOMETRIC_REPRESENTATION_CONTEXT(2) 
PARAMETRIC_REPRESENTATION_CONTEXT() REPRESENTATION_CONTEXT('2D SPACE',''
  ) );
#1639 = FACE_BOUND('',#1640,.T.);
#1640 = EDGE_LOOP('',(#1641));
#1641 = ORIENTED_EDGE('',*,*,#1642,.T.);
#1642 = EDGE_CURVE('',#1643,#1643,#1645,.T.);
#1643 = VERTEX_POINT('',#1644);
#1644 = CARTESIAN_POINT('',(-17.34165805912,-45.20788439221,
    44.467461269681));
#1645 = SURFACE_CURVE('',#1646,(#1651,#1662),.PCURVE_S1.);
#1646 = CIRCLE('',#1647,1.85);
#1647 = AXIS2_PLACEMENT_3D('',#1648,#1649,#1650);
#1648 = CARTESIAN_POINT('',(-15.49165805912,-45.20788439221,
    44.467461269681));
#1649 = DIRECTION('',(5.546778314436E-16,-1.,3.86106458461E-15));
#1650 = DIRECTION('',(1.,5.546778314436E-16,-1.64473469566E-16));
#1651 = PCURVE('',#1444,#1652);
#1652 = DEFINITIONAL_REPRESENTATION('',(#1653),#1661);
#1653 = ( BOUNDED_CURVE() B_SPLINE_CURVE(2,(#1654,#1655,#1656,#1657,
#1658,#1659,#1660),.UNSPECIFIED.,.T.,.F.) B_SPLINE_CURVE_WITH_KNOTS((1,2
    ,2,2,2,1),(-2.094395102393,0.,2.094395102393,4.188790204786,
6.28318530718,8.377580409573),.UNSPECIFIED.) CURVE() 
GEOMETRIC_REPRESENTATION_ITEM() RATIONAL_B_SPLINE_CURVE((1.,0.5,1.,0.5,
1.,0.5,1.)) REPRESENTATION_ITEM('') );
#1654 = CARTESIAN_POINT('',(13.619810740376,-15.39611247023));
#1655 = CARTESIAN_POINT('',(13.619810740376,-12.19181847622));
#1656 = CARTESIAN_POINT('',(16.394810740376,-13.79396547323));
#1657 = CARTESIAN_POINT('',(19.169810740376,-15.39611247023));
#1658 = CARTESIAN_POINT('',(16.394810740376,-16.99825946723));
#1659 = CARTESIAN_POINT('',(13.619810740376,-18.60040646423));
#1660 = CARTESIAN_POINT('',(13.619810740376,-15.39611247023));
#1661 = ( GEOMETRIC_REPRESENTATION_CONTEXT(2) 
PARAMETRIC_REPRESENTATION_CONTEXT() REPRESENTATION_CONTEXT('2D SPACE',''
  ) );
#1662 = PCURVE('',#430,#1663);
#1663 = DEFINITIONAL_REPRESENTATION('',(#1664),#1668);
#1664 = LINE('',#1665,#1666);
#1665 = CARTESIAN_POINT('',(6.28318530718,8.8));
#1666 = VECTOR('',#1667,1.);
#1667 = DIRECTION('',(-1.,0.));
#1668 = ( GEOMETRIC_REPRESENTATION_CONTEXT(2) 
PARAMETRIC_REPRESENTATION_CONTEXT() REPRESENTATION_CONTEXT('2D SPACE',''
  ) );
#1669 = FACE_BOUND('',#1670,.T.);
#1670 = EDGE_LOOP('',(#1671,#1706,#1735));
#1671 = ORIENTED_EDGE('',*,*,#1672,.T.);
#1672 = EDGE_CURVE('',#1673,#1675,#1677,.T.);
#1673 = VERTEX_POINT('',#1674);
#1674 = CARTESIAN_POINT('',(-10.56966093482,-45.20788439221,
    62.985052223021));
#1675 = VERTEX_POINT('',#1676);
#1676 = CARTESIAN_POINT('',(10.556155556951,-45.20788439221,
    56.845982786576));
#1677 = SURFACE_CURVE('',#1678,(#1683,#1694),.PCURVE_S1.);
#1678 = CIRCLE('',#1679,11.);
#1679 = AXIS2_PLACEMENT_3D('',#1680,#1681,#1682);
#1680 = CARTESIAN_POINT('',(-2.184731875007E-02,-45.20788439221,
    59.863573739912));
#1681 = DIRECTION('',(5.546778314436E-16,-1.,3.86106458461E-15));
#1682 = DIRECTION('',(-1.,-5.546778314436E-16,2.754957720286E-16));
#1683 = PCURVE('',#1444,#1684);
#1684 = DEFINITIONAL_REPRESENTATION('',(#1685),#1693);
#1685 = ( BOUNDED_CURVE() B_SPLINE_CURVE(2,(#1686,#1687,#1688,#1689,
#1690,#1691,#1692),.UNSPECIFIED.,.T.,.F.) B_SPLINE_CURVE_WITH_KNOTS((1,2
    ,2,2,2,1),(-2.094395102393,0.,2.094395102393,4.188790204786,
6.28318530718,8.377580409573),.UNSPECIFIED.) CURVE() 
GEOMETRIC_REPRESENTATION_ITEM() RATIONAL_B_SPLINE_CURVE((1.,0.5,1.,0.5,
1.,0.5,1.)) REPRESENTATION_ITEM('') );
#1686 = CARTESIAN_POINT('',(11.,0.));
#1687 = CARTESIAN_POINT('',(11.,-19.05255888325));
#1688 = CARTESIAN_POINT('',(-5.5,-9.526279441629));
#1689 = CARTESIAN_POINT('',(-22.,-2.694222958124E-15));
#1690 = CARTESIAN_POINT('',(-5.5,9.526279441629));
#1691 = CARTESIAN_POINT('',(11.,19.052558883258));
#1692 = CARTESIAN_POINT('',(11.,0.));
#1693 = ( GEOMETRIC_REPRESENTATION_CONTEXT(2) 
PARAMETRIC_REPRESENTATION_CONTEXT() REPRESENTATION_CONTEXT('2D SPACE',''
  ) );
#1694 = PCURVE('',#1695,#1700);
#1695 = CYLINDRICAL_SURFACE('',#1696,11.);
#1696 = AXIS2_PLACEMENT_3D('',#1697,#1698,#1699);
#1697 = CARTESIAN_POINT('',(-2.184731875006E-02,-50.50788439221,
    59.863573739912));
#1698 = DIRECTION('',(-5.546778314436E-16,1.,-3.86106458461E-15));
#1699 = DIRECTION('',(-1.,-5.546778314436E-16,2.754957720286E-16));
#1700 = DEFINITIONAL_REPRESENTATION('',(#1701),#1705);
#1701 = LINE('',#1702,#1703);
#1702 = CARTESIAN_POINT('',(12.566370614359,5.3));
#1703 = VECTOR('',#1704,1.);
#1704 = DIRECTION('',(-1.,-2.254669322637E-15));
#1705 = ( GEOMETRIC_REPRESENTATION_CONTEXT(2) 
PARAMETRIC_REPRESENTATION_CONTEXT() REPRESENTATION_CONTEXT('2D SPACE',''
  ) );
#1706 = ORIENTED_EDGE('',*,*,#1707,.F.);
#1707 = EDGE_CURVE('',#1708,#1675,#1710,.T.);
#1708 = VERTEX_POINT('',#1709);
#1709 = CARTESIAN_POINT('',(11.008341940874,-45.20788439221,
    59.967461269681));
#1710 = SURFACE_CURVE('',#1711,(#1716,#1723),.PCURVE_S1.);
#1711 = CIRCLE('',#1712,11.);
#1712 = AXIS2_PLACEMENT_3D('',#1713,#1714,#1715);
#1713 = CARTESIAN_POINT('',(8.341940873657E-03,-45.20788439221,
    59.967461269681));
#1714 = DIRECTION('',(-5.546778314436E-16,1.,-3.86106458461E-15));
#1715 = DIRECTION('',(-1.,-5.546778314436E-16,1.64473469566E-16));
#1716 = PCURVE('',#1444,#1717);
#1717 = DEFINITIONAL_REPRESENTATION('',(#1718),#1722);
#1718 = CIRCLE('',#1719,11.);
#1719 = AXIS2_PLACEMENT_2D('',#1720,#1721);
#1720 = CARTESIAN_POINT('',(-3.018925962373E-02,0.103887529769));
#1721 = DIRECTION('',(1.,-1.110223024625E-16));
#1722 = ( GEOMETRIC_REPRESENTATION_CONTEXT(2) 
PARAMETRIC_REPRESENTATION_CONTEXT() REPRESENTATION_CONTEXT('2D SPACE',''
  ) );
#1723 = PCURVE('',#1724,#1729);
#1724 = CYLINDRICAL_SURFACE('',#1725,11.);
#1725 = AXIS2_PLACEMENT_3D('',#1726,#1727,#1728);
#1726 = CARTESIAN_POINT('',(8.34194087366E-03,-50.00788439221,
    59.967461269681));
#1727 = DIRECTION('',(5.546778314436E-16,-1.,3.86106458461E-15));
#1728 = DIRECTION('',(-1.,-5.546778314436E-16,1.64473469566E-16));
#1729 = DEFINITIONAL_REPRESENTATION('',(#1730),#1734);
#1730 = LINE('',#1731,#1732);
#1731 = CARTESIAN_POINT('',(12.566370614359,-4.8));
#1732 = VECTOR('',#1733,1.);
#1733 = DIRECTION('',(-1.,0.));
#1734 = ( GEOMETRIC_REPRESENTATION_CONTEXT(2) 
PARAMETRIC_REPRESENTATION_CONTEXT() REPRESENTATION_CONTEXT('2D SPACE',''
  ) );
#1735 = ORIENTED_EDGE('',*,*,#1736,.F.);
#1736 = EDGE_CURVE('',#1673,#1708,#1737,.T.);
#1737 = SURFACE_CURVE('',#1738,(#1743,#1750),.PCURVE_S1.);
#1738 = CIRCLE('',#1739,11.);
#1739 = AXIS2_PLACEMENT_3D('',#1740,#1741,#1742);
#1740 = CARTESIAN_POINT('',(8.341940873657E-03,-45.20788439221,
    59.967461269681));
#1741 = DIRECTION('',(-5.546778314436E-16,1.,-3.86106458461E-15));
#1742 = DIRECTION('',(-1.,-5.546778314436E-16,1.64473469566E-16));
#1743 = PCURVE('',#1444,#1744);
#1744 = DEFINITIONAL_REPRESENTATION('',(#1745),#1749);
#1745 = CIRCLE('',#1746,11.);
#1746 = AXIS2_PLACEMENT_2D('',#1747,#1748);
#1747 = CARTESIAN_POINT('',(-3.018925962373E-02,0.103887529769));
#1748 = DIRECTION('',(1.,-1.110223024625E-16));
#1749 = ( GEOMETRIC_REPRESENTATION_CONTEXT(2) 
PARAMETRIC_REPRESENTATION_CONTEXT() REPRESENTATION_CONTEXT('2D SPACE',''
  ) );
#1750 = PCURVE('',#1724,#1751);
#1751 = DEFINITIONAL_REPRESENTATION('',(#1752),#1756);
#1752 = LINE('',#1753,#1754);
#1753 = CARTESIAN_POINT('',(6.28318530718,-4.8));
#1754 = VECTOR('',#1755,1.);
#1755 = DIRECTION('',(-1.,2.481202227445E-15));
#1756 = ( GEOMETRIC_REPRESENTATION_CONTEXT(2) 
PARAMETRIC_REPRESENTATION_CONTEXT() REPRESENTATION_CONTEXT('2D SPACE',''
  ) );
#1757 = ADVANCED_FACE('',(#1758),#1695,.F.);
#1758 = FACE_BOUND('',#1759,.F.);
#1759 = EDGE_LOOP('',(#1760,#1783,#1812,#1833));
#1760 = ORIENTED_EDGE('',*,*,#1761,.F.);
#1761 = EDGE_CURVE('',#1762,#1675,#1764,.T.);
#1762 = VERTEX_POINT('',#1763);
#1763 = CARTESIAN_POINT('',(10.556155556951,-50.50788439221,
    56.845982786576));
#1764 = SURFACE_CURVE('',#1765,(#1769,#1776),.PCURVE_S1.);
#1765 = LINE('',#1766,#1767);
#1766 = CARTESIAN_POINT('',(10.556155556951,-50.50788439221,
    56.845982786576));
#1767 = VECTOR('',#1768,1.);
#1768 = DIRECTION('',(-5.546778314436E-16,1.,-3.86106458461E-15));
#1769 = PCURVE('',#1695,#1770);
#1770 = DEFINITIONAL_REPRESENTATION('',(#1771),#1775);
#1771 = LINE('',#1772,#1773);
#1772 = CARTESIAN_POINT('',(3.419481865756,7.105427357601E-15));
#1773 = VECTOR('',#1774,1.);
#1774 = DIRECTION('',(0.,1.));
#1775 = ( GEOMETRIC_REPRESENTATION_CONTEXT(2) 
PARAMETRIC_REPRESENTATION_CONTEXT() REPRESENTATION_CONTEXT('2D SPACE',''
  ) );
#1776 = PCURVE('',#1724,#1777);
#1777 = DEFINITIONAL_REPRESENTATION('',(#1778),#1782);
#1778 = LINE('',#1779,#1780);
#1779 = CARTESIAN_POINT('',(9.137053702236,0.5));
#1780 = VECTOR('',#1781,1.);
#1781 = DIRECTION('',(0.,-1.));
#1782 = ( GEOMETRIC_REPRESENTATION_CONTEXT(2) 
PARAMETRIC_REPRESENTATION_CONTEXT() REPRESENTATION_CONTEXT('2D SPACE',''
  ) );
#1783 = ORIENTED_EDGE('',*,*,#1784,.T.);
#1784 = EDGE_CURVE('',#1762,#1785,#1787,.T.);
#1785 = VERTEX_POINT('',#1786);
#1786 = CARTESIAN_POINT('',(-10.56966093482,-50.50788439221,
    62.985052223021));
#1787 = SURFACE_CURVE('',#1788,(#1793,#1800),.PCURVE_S1.);
#1788 = CIRCLE('',#1789,11.);
#1789 = AXIS2_PLACEMENT_3D('',#1790,#1791,#1792);
#1790 = CARTESIAN_POINT('',(-2.184731875006E-02,-50.50788439221,
    59.863573739912));
#1791 = DIRECTION('',(-5.546778314436E-16,1.,-3.86106458461E-15));
#1792 = DIRECTION('',(-1.,-5.546778314436E-16,2.754957720286E-16));
#1793 = PCURVE('',#1695,#1794);
#1794 = DEFINITIONAL_REPRESENTATION('',(#1795),#1799);
#1795 = LINE('',#1796,#1797);
#1796 = CARTESIAN_POINT('',(0.,-7.709800862035E-15));
#1797 = VECTOR('',#1798,1.);
#1798 = DIRECTION('',(1.,2.254669322637E-15));
#1799 = ( GEOMETRIC_REPRESENTATION_CONTEXT(2) 
PARAMETRIC_REPRESENTATION_CONTEXT() REPRESENTATION_CONTEXT('2D SPACE',''
  ) );
#1800 = PCURVE('',#1801,#1806);
#1801 = PLANE('',#1802);
#1802 = AXIS2_PLACEMENT_3D('',#1803,#1804,#1805);
#1803 = CARTESIAN_POINT('',(8.34194087366E-03,-50.50788439221,
    59.967461269681));
#1804 = DIRECTION('',(-5.546778314436E-16,1.,-3.86106458461E-15));
#1805 = DIRECTION('',(1.,5.546778314436E-16,-1.64473469566E-16));
#1806 = DEFINITIONAL_REPRESENTATION('',(#1807),#1811);
#1807 = CIRCLE('',#1808,11.);
#1808 = AXIS2_PLACEMENT_2D('',#1809,#1810);
#1809 = CARTESIAN_POINT('',(-3.018925962373E-02,0.103887529769));
#1810 = DIRECTION('',(-1.,-1.110223024625E-16));
#1811 = ( GEOMETRIC_REPRESENTATION_CONTEXT(2) 
PARAMETRIC_REPRESENTATION_CONTEXT() REPRESENTATION_CONTEXT('2D SPACE',''
  ) );
#1812 = ORIENTED_EDGE('',*,*,#1813,.T.);
#1813 = EDGE_CURVE('',#1785,#1673,#1814,.T.);
#1814 = SURFACE_CURVE('',#1815,(#1819,#1826),.PCURVE_S1.);
#1815 = LINE('',#1816,#1817);
#1816 = CARTESIAN_POINT('',(-10.56966093482,-50.50788439221,
    62.985052223021));
#1817 = VECTOR('',#1818,1.);
#1818 = DIRECTION('',(-5.546778314436E-16,1.,-3.86106458461E-15));
#1819 = PCURVE('',#1695,#1820);
#1820 = DEFINITIONAL_REPRESENTATION('',(#1821),#1825);
#1821 = LINE('',#1822,#1823);
#1822 = CARTESIAN_POINT('',(6.570909565713,0.));
#1823 = VECTOR('',#1824,1.);
#1824 = DIRECTION('',(0.,1.));
#1825 = ( GEOMETRIC_REPRESENTATION_CONTEXT(2) 
PARAMETRIC_REPRESENTATION_CONTEXT() REPRESENTATION_CONTEXT('2D SPACE',''
  ) );
#1826 = PCURVE('',#1724,#1827);
#1827 = DEFINITIONAL_REPRESENTATION('',(#1828),#1832);
#1828 = LINE('',#1829,#1830);
#1829 = CARTESIAN_POINT('',(6.005296095013,0.5));
#1830 = VECTOR('',#1831,1.);
#1831 = DIRECTION('',(0.,-1.));
#1832 = ( GEOMETRIC_REPRESENTATION_CONTEXT(2) 
PARAMETRIC_REPRESENTATION_CONTEXT() REPRESENTATION_CONTEXT('2D SPACE',''
  ) );
#1833 = ORIENTED_EDGE('',*,*,#1672,.T.);
#1834 = ADVANCED_FACE('',(#1835),#1801,.T.);
#1835 = FACE_BOUND('',#1836,.T.);
#1836 = EDGE_LOOP('',(#1837,#1838));
#1837 = ORIENTED_EDGE('',*,*,#1784,.T.);
#1838 = ORIENTED_EDGE('',*,*,#1839,.T.);
#1839 = EDGE_CURVE('',#1785,#1762,#1840,.T.);
#1840 = SURFACE_CURVE('',#1841,(#1846,#1857),.PCURVE_S1.);
#1841 = CIRCLE('',#1842,11.);
#1842 = AXIS2_PLACEMENT_3D('',#1843,#1844,#1845);
#1843 = CARTESIAN_POINT('',(8.34194087366E-03,-50.50788439221,
    59.967461269681));
#1844 = DIRECTION('',(5.546778314436E-16,-1.,3.86106458461E-15));
#1845 = DIRECTION('',(-1.,-5.546778314436E-16,1.64473469566E-16));
#1846 = PCURVE('',#1801,#1847);
#1847 = DEFINITIONAL_REPRESENTATION('',(#1848),#1856);
#1848 = ( BOUNDED_CURVE() B_SPLINE_CURVE(2,(#1849,#1850,#1851,#1852,
#1853,#1854,#1855),.UNSPECIFIED.,.T.,.F.) B_SPLINE_CURVE_WITH_KNOTS((1,2
    ,2,2,2,1),(-2.094395102393,0.,2.094395102393,4.188790204786,
6.28318530718,8.377580409573),.UNSPECIFIED.) CURVE() 
GEOMETRIC_REPRESENTATION_ITEM() RATIONAL_B_SPLINE_CURVE((1.,0.5,1.,0.5,
1.,0.5,1.)) REPRESENTATION_ITEM('') );
#1849 = CARTESIAN_POINT('',(-11.,0.));
#1850 = CARTESIAN_POINT('',(-11.,19.052558883258));
#1851 = CARTESIAN_POINT('',(5.5,9.526279441629));
#1852 = CARTESIAN_POINT('',(22.,2.694222958124E-15));
#1853 = CARTESIAN_POINT('',(5.5,-9.526279441629));
#1854 = CARTESIAN_POINT('',(-11.,-19.05255888325));
#1855 = CARTESIAN_POINT('',(-11.,0.));
#1856 = ( GEOMETRIC_REPRESENTATION_CONTEXT(2) 
PARAMETRIC_REPRESENTATION_CONTEXT() REPRESENTATION_CONTEXT('2D SPACE',''
  ) );
#1857 = PCURVE('',#1724,#1858);
#1858 = DEFINITIONAL_REPRESENTATION('',(#1859),#1863);
#1859 = LINE('',#1860,#1861);
#1860 = CARTESIAN_POINT('',(0.,0.5));
#1861 = VECTOR('',#1862,1.);
#1862 = DIRECTION('',(1.,2.268830557388E-15));
#1863 = ( GEOMETRIC_REPRESENTATION_CONTEXT(2) 
PARAMETRIC_REPRESENTATION_CONTEXT() REPRESENTATION_CONTEXT('2D SPACE',''
  ) );
#1864 = ADVANCED_FACE('',(#1865),#1512,.F.);
#1865 = FACE_BOUND('',#1866,.T.);
#1866 = EDGE_LOOP('',(#1867,#1890,#1918,#1939));
#1867 = ORIENTED_EDGE('',*,*,#1868,.T.);
#1868 = EDGE_CURVE('',#1469,#1869,#1871,.T.);
#1869 = VERTEX_POINT('',#1870);
#1870 = CARTESIAN_POINT('',(-20.99165805912,-55.00788439221,
    38.967461269681));
#1871 = SURFACE_CURVE('',#1872,(#1876,#1883),.PCURVE_S1.);
#1872 = LINE('',#1873,#1874);
#1873 = CARTESIAN_POINT('',(-20.99165805912,-50.00788439221,
    38.967461269681));
#1874 = VECTOR('',#1875,1.);
#1875 = DIRECTION('',(5.546778314436E-16,-1.,3.86106458461E-15));
#1876 = PCURVE('',#1512,#1877);
#1877 = DEFINITIONAL_REPRESENTATION('',(#1878),#1882);
#1878 = LINE('',#1879,#1880);
#1879 = CARTESIAN_POINT('',(0.,0.));
#1880 = VECTOR('',#1881,1.);
#1881 = DIRECTION('',(0.,1.));
#1882 = ( GEOMETRIC_REPRESENTATION_CONTEXT(2) 
PARAMETRIC_REPRESENTATION_CONTEXT() REPRESENTATION_CONTEXT('2D SPACE',''
  ) );
#1883 = PCURVE('',#1484,#1884);
#1884 = DEFINITIONAL_REPRESENTATION('',(#1885),#1889);
#1885 = LINE('',#1886,#1887);
#1886 = CARTESIAN_POINT('',(42.,7.617951408578E-14));
#1887 = VECTOR('',#1888,1.);
#1888 = DIRECTION('',(-3.51033443077E-31,1.));
#1889 = ( GEOMETRIC_REPRESENTATION_CONTEXT(2) 
PARAMETRIC_REPRESENTATION_CONTEXT() REPRESENTATION_CONTEXT('2D SPACE',''
  ) );
#1890 = ORIENTED_EDGE('',*,*,#1891,.F.);
#1891 = EDGE_CURVE('',#1892,#1869,#1894,.T.);
#1892 = VERTEX_POINT('',#1893);
#1893 = CARTESIAN_POINT('',(-20.99165805912,-55.00788439221,
    80.967461269681));
#1894 = SURFACE_CURVE('',#1895,(#1899,#1906),.PCURVE_S1.);
#1895 = LINE('',#1896,#1897);
#1896 = CARTESIAN_POINT('',(-20.99165805912,-55.00788439221,
    49.467461269681));
#1897 = VECTOR('',#1898,1.);
#1898 = DIRECTION('',(-1.64473469566E-16,-3.86106458461E-15,-1.));
#1899 = PCURVE('',#1512,#1900);
#1900 = DEFINITIONAL_REPRESENTATION('',(#1901),#1905);
#1901 = LINE('',#1902,#1903);
#1902 = CARTESIAN_POINT('',(10.5,5.));
#1903 = VECTOR('',#1904,1.);
#1904 = DIRECTION('',(-1.,0.));
#1905 = ( GEOMETRIC_REPRESENTATION_CONTEXT(2) 
PARAMETRIC_REPRESENTATION_CONTEXT() REPRESENTATION_CONTEXT('2D SPACE',''
  ) );
#1906 = PCURVE('',#1907,#1912);
#1907 = PLANE('',#1908);
#1908 = AXIS2_PLACEMENT_3D('',#1909,#1910,#1911);
#1909 = CARTESIAN_POINT('',(8.341940873663E-03,-55.00788439221,
    59.967461269681));
#1910 = DIRECTION('',(-5.546778314436E-16,1.,-3.86106458461E-15));
#1911 = DIRECTION('',(1.,5.546778314436E-16,-1.64473469566E-16));
#1912 = DEFINITIONAL_REPRESENTATION('',(#1913),#1917);
#1913 = LINE('',#1914,#1915);
#1914 = CARTESIAN_POINT('',(-21.,10.5));
#1915 = VECTOR('',#1916,1.);
#1916 = DIRECTION('',(-1.479114197289E-31,1.));
#1917 = ( GEOMETRIC_REPRESENTATION_CONTEXT(2) 
PARAMETRIC_REPRESENTATION_CONTEXT() REPRESENTATION_CONTEXT('2D SPACE',''
  ) );
#1918 = ORIENTED_EDGE('',*,*,#1919,.F.);
#1919 = EDGE_CURVE('',#1497,#1892,#1920,.T.);
#1920 = SURFACE_CURVE('',#1921,(#1925,#1932),.PCURVE_S1.);
#1921 = LINE('',#1922,#1923);
#1922 = CARTESIAN_POINT('',(-20.99165805912,-50.00788439221,
    80.967461269681));
#1923 = VECTOR('',#1924,1.);
#1924 = DIRECTION('',(5.546778314436E-16,-1.,3.86106458461E-15));
#1925 = PCURVE('',#1512,#1926);
#1926 = DEFINITIONAL_REPRESENTATION('',(#1927),#1931);
#1927 = LINE('',#1928,#1929);
#1928 = CARTESIAN_POINT('',(42.,-3.678725345923E-14));
#1929 = VECTOR('',#1930,1.);
#1930 = DIRECTION('',(0.,1.));
#1931 = ( GEOMETRIC_REPRESENTATION_CONTEXT(2) 
PARAMETRIC_REPRESENTATION_CONTEXT() REPRESENTATION_CONTEXT('2D SPACE',''
  ) );
#1932 = PCURVE('',#1538,#1933);
#1933 = DEFINITIONAL_REPRESENTATION('',(#1934),#1938);
#1934 = LINE('',#1935,#1936);
#1935 = CARTESIAN_POINT('',(0.,0.));
#1936 = VECTOR('',#1937,1.);
#1937 = DIRECTION('',(3.51033443077E-31,1.));
#1938 = ( GEOMETRIC_REPRESENTATION_CONTEXT(2) 
PARAMETRIC_REPRESENTATION_CONTEXT() REPRESENTATION_CONTEXT('2D SPACE',''
  ) );
#1939 = ORIENTED_EDGE('',*,*,#1496,.F.);
#1940 = ADVANCED_FACE('',(#1941),#1484,.F.);
#1941 = FACE_BOUND('',#1942,.T.);
#1942 = EDGE_LOOP('',(#1943,#1966,#1987,#1988));
#1943 = ORIENTED_EDGE('',*,*,#1944,.T.);
#1944 = EDGE_CURVE('',#1436,#1945,#1947,.T.);
#1945 = VERTEX_POINT('',#1946);
#1946 = CARTESIAN_POINT('',(21.008341940874,-55.00788439221,
    38.967461269681));
#1947 = SURFACE_CURVE('',#1948,(#1952,#1959),.PCURVE_S1.);
#1948 = LINE('',#1949,#1950);
#1949 = CARTESIAN_POINT('',(21.008341940874,-50.00788439221,
    38.967461269681));
#1950 = VECTOR('',#1951,1.);
#1951 = DIRECTION('',(5.546778314436E-16,-1.,3.86106458461E-15));
#1952 = PCURVE('',#1484,#1953);
#1953 = DEFINITIONAL_REPRESENTATION('',(#1954),#1958);
#1954 = LINE('',#1955,#1956);
#1955 = CARTESIAN_POINT('',(0.,0.));
#1956 = VECTOR('',#1957,1.);
#1957 = DIRECTION('',(-3.51033443077E-31,1.));
#1958 = ( GEOMETRIC_REPRESENTATION_CONTEXT(2) 
PARAMETRIC_REPRESENTATION_CONTEXT() REPRESENTATION_CONTEXT('2D SPACE',''
  ) );
#1959 = PCURVE('',#1456,#1960);
#1960 = DEFINITIONAL_REPRESENTATION('',(#1961),#1965);
#1961 = LINE('',#1962,#1963);
#1962 = CARTESIAN_POINT('',(42.,-6.268872954719E-14));
#1963 = VECTOR('',#1964,1.);
#1964 = DIRECTION('',(0.,1.));
#1965 = ( GEOMETRIC_REPRESENTATION_CONTEXT(2) 
PARAMETRIC_REPRESENTATION_CONTEXT() REPRESENTATION_CONTEXT('2D SPACE',''
  ) );
#1966 = ORIENTED_EDGE('',*,*,#1967,.F.);
#1967 = EDGE_CURVE('',#1869,#1945,#1968,.T.);
#1968 = SURFACE_CURVE('',#1969,(#1973,#1980),.PCURVE_S1.);
#1969 = LINE('',#1970,#1971);
#1970 = CARTESIAN_POINT('',(10.508341940874,-55.00788439221,
    38.967461269681));
#1971 = VECTOR('',#1972,1.);
#1972 = DIRECTION('',(1.,5.546778314436E-16,-1.64473469566E-16));
#1973 = PCURVE('',#1484,#1974);
#1974 = DEFINITIONAL_REPRESENTATION('',(#1975),#1979);
#1975 = LINE('',#1976,#1977);
#1976 = CARTESIAN_POINT('',(10.5,5.));
#1977 = VECTOR('',#1978,1.);
#1978 = DIRECTION('',(-1.,-4.339700953352E-32));
#1979 = ( GEOMETRIC_REPRESENTATION_CONTEXT(2) 
PARAMETRIC_REPRESENTATION_CONTEXT() REPRESENTATION_CONTEXT('2D SPACE',''
  ) );
#1980 = PCURVE('',#1907,#1981);
#1981 = DEFINITIONAL_REPRESENTATION('',(#1982),#1986);
#1982 = LINE('',#1983,#1984);
#1983 = CARTESIAN_POINT('',(10.5,21.));
#1984 = VECTOR('',#1985,1.);
#1985 = DIRECTION('',(1.,0.));
#1986 = ( GEOMETRIC_REPRESENTATION_CONTEXT(2) 
PARAMETRIC_REPRESENTATION_CONTEXT() REPRESENTATION_CONTEXT('2D SPACE',''
  ) );
#1987 = ORIENTED_EDGE('',*,*,#1868,.F.);
#1988 = ORIENTED_EDGE('',*,*,#1468,.F.);
#1989 = ADVANCED_FACE('',(#1990),#1538,.F.);
#1990 = FACE_BOUND('',#1991,.T.);
#1991 = EDGE_LOOP('',(#1992,#1993,#2016,#2037));
#1992 = ORIENTED_EDGE('',*,*,#1919,.T.);
#1993 = ORIENTED_EDGE('',*,*,#1994,.F.);
#1994 = EDGE_CURVE('',#1995,#1892,#1997,.T.);
#1995 = VERTEX_POINT('',#1996);
#1996 = CARTESIAN_POINT('',(21.008341940874,-55.00788439221,
    80.967461269681));
#1997 = SURFACE_CURVE('',#1998,(#2002,#2009),.PCURVE_S1.);
#1998 = LINE('',#1999,#2000);
#1999 = CARTESIAN_POINT('',(-10.49165805912,-55.00788439221,
    80.967461269681));
#2000 = VECTOR('',#2001,1.);
#2001 = DIRECTION('',(-1.,-5.546778314436E-16,1.64473469566E-16));
#2002 = PCURVE('',#1538,#2003);
#2003 = DEFINITIONAL_REPRESENTATION('',(#2004),#2008);
#2004 = LINE('',#2005,#2006);
#2005 = CARTESIAN_POINT('',(10.5,5.));
#2006 = VECTOR('',#2007,1.);
#2007 = DIRECTION('',(-1.,4.339700953352E-32));
#2008 = ( GEOMETRIC_REPRESENTATION_CONTEXT(2) 
PARAMETRIC_REPRESENTATION_CONTEXT() REPRESENTATION_CONTEXT('2D SPACE',''
  ) );
#2009 = PCURVE('',#1907,#2010);
#2010 = DEFINITIONAL_REPRESENTATION('',(#2011),#2015);
#2011 = LINE('',#2012,#2013);
#2012 = CARTESIAN_POINT('',(-10.5,-21.));
#2013 = VECTOR('',#2014,1.);
#2014 = DIRECTION('',(-1.,0.));
#2015 = ( GEOMETRIC_REPRESENTATION_CONTEXT(2) 
PARAMETRIC_REPRESENTATION_CONTEXT() REPRESENTATION_CONTEXT('2D SPACE',''
  ) );
#2016 = ORIENTED_EDGE('',*,*,#2017,.F.);
#2017 = EDGE_CURVE('',#1434,#1995,#2018,.T.);
#2018 = SURFACE_CURVE('',#2019,(#2023,#2030),.PCURVE_S1.);
#2019 = LINE('',#2020,#2021);
#2020 = CARTESIAN_POINT('',(21.008341940874,-50.00788439221,
    80.967461269681));
#2021 = VECTOR('',#2022,1.);
#2022 = DIRECTION('',(5.546778314436E-16,-1.,3.86106458461E-15));
#2023 = PCURVE('',#1538,#2024);
#2024 = DEFINITIONAL_REPRESENTATION('',(#2025),#2029);
#2025 = LINE('',#2026,#2027);
#2026 = CARTESIAN_POINT('',(42.,2.329646892063E-14));
#2027 = VECTOR('',#2028,1.);
#2028 = DIRECTION('',(3.51033443077E-31,1.));
#2029 = ( GEOMETRIC_REPRESENTATION_CONTEXT(2) 
PARAMETRIC_REPRESENTATION_CONTEXT() REPRESENTATION_CONTEXT('2D SPACE',''
  ) );
#2030 = PCURVE('',#1456,#2031);
#2031 = DEFINITIONAL_REPRESENTATION('',(#2032),#2036);
#2032 = LINE('',#2033,#2034);
#2033 = CARTESIAN_POINT('',(-0.,0.));
#2034 = VECTOR('',#2035,1.);
#2035 = DIRECTION('',(0.,1.));
#2036 = ( GEOMETRIC_REPRESENTATION_CONTEXT(2) 
PARAMETRIC_REPRESENTATION_CONTEXT() REPRESENTATION_CONTEXT('2D SPACE',''
  ) );
#2037 = ORIENTED_EDGE('',*,*,#1524,.F.);
#2038 = ADVANCED_FACE('',(#2039),#1456,.F.);
#2039 = FACE_BOUND('',#2040,.T.);
#2040 = EDGE_LOOP('',(#2041,#2042,#2063,#2064));
#2041 = ORIENTED_EDGE('',*,*,#2017,.T.);
#2042 = ORIENTED_EDGE('',*,*,#2043,.F.);
#2043 = EDGE_CURVE('',#1945,#1995,#2044,.T.);
#2044 = SURFACE_CURVE('',#2045,(#2049,#2056),.PCURVE_S1.);
#2045 = LINE('',#2046,#2047);
#2046 = CARTESIAN_POINT('',(21.008341940874,-55.00788439221,
    70.467461269681));
#2047 = VECTOR('',#2048,1.);
#2048 = DIRECTION('',(1.64473469566E-16,3.86106458461E-15,1.));
#2049 = PCURVE('',#1456,#2050);
#2050 = DEFINITIONAL_REPRESENTATION('',(#2051),#2055);
#2051 = LINE('',#2052,#2053);
#2052 = CARTESIAN_POINT('',(10.5,5.));
#2053 = VECTOR('',#2054,1.);
#2054 = DIRECTION('',(-1.,0.));
#2055 = ( GEOMETRIC_REPRESENTATION_CONTEXT(2) 
PARAMETRIC_REPRESENTATION_CONTEXT() REPRESENTATION_CONTEXT('2D SPACE',''
  ) );
#2056 = PCURVE('',#1907,#2057);
#2057 = DEFINITIONAL_REPRESENTATION('',(#2058),#2062);
#2058 = LINE('',#2059,#2060);
#2059 = CARTESIAN_POINT('',(21.,-10.5));
#2060 = VECTOR('',#2061,1.);
#2061 = DIRECTION('',(1.479114197289E-31,-1.));
#2062 = ( GEOMETRIC_REPRESENTATION_CONTEXT(2) 
PARAMETRIC_REPRESENTATION_CONTEXT() REPRESENTATION_CONTEXT('2D SPACE',''
  ) );
#2063 = ORIENTED_EDGE('',*,*,#1944,.F.);
#2064 = ORIENTED_EDGE('',*,*,#1433,.F.);
#2065 = ADVANCED_FACE('',(#2066,#2072,#2239,#2513,#2680,#2847),#1907,.F.
  );
#2066 = FACE_BOUND('',#2067,.T.);
#2067 = EDGE_LOOP('',(#2068,#2069,#2070,#2071));
#2068 = ORIENTED_EDGE('',*,*,#1967,.T.);
#2069 = ORIENTED_EDGE('',*,*,#2043,.T.);
#2070 = ORIENTED_EDGE('',*,*,#1994,.T.);
#2071 = ORIENTED_EDGE('',*,*,#1891,.T.);
#2072 = FACE_BOUND('',#2073,.T.);
#2073 = EDGE_LOOP('',(#2074));
#2074 = ORIENTED_EDGE('',*,*,#2075,.T.);
#2075 = EDGE_CURVE('',#2076,#2076,#2078,.T.);
#2076 = VERTEX_POINT('',#2077);
#2077 = CARTESIAN_POINT('',(17.158341940874,-55.00788439221,
    75.467461269015));
#2078 = SURFACE_CURVE('',#2079,(#2119,#2162),.PCURVE_S1.);
#2079 = B_SPLINE_CURVE_WITH_KNOTS('',3,(#2080,#2081,#2082,#2083,#2084,
    #2085,#2086,#2087,#2088,#2089,#2090,#2091,#2092,#2093,#2094,#2095,
    #2096,#2097,#2098,#2099,#2100,#2101,#2102,#2103,#2104,#2105,#2106,
    #2107,#2108,#2109,#2110,#2111,#2112,#2113,#2114,#2115,#2116,#2117,
    #2118),.UNSPECIFIED.,.T.,.F.,(1,3,2,2,2,2,2,2,2,2,3,2,2,2,2,2,2,2,2,
    3,1),(0.512677400913,0.517973546027,0.576772646238,0.640885379156,
    0.705016390542,0.769165502642,0.833331681421,0.897513143362,
    0.961707435323,0.998575348964,1.035509438939,1.099665909302,
    1.163776935124,1.227858245955,1.291922668186,1.355980516803,
    1.420039937474,1.484107177649,1.548186839852,1.553482984965,
    1.612282085177),.UNSPECIFIED.);
#2080 = CARTESIAN_POINT('',(17.158341940874,-55.00788439221,
    75.467461269015));
#2081 = CARTESIAN_POINT('',(17.158341940794,-55.00788439221,
    75.270794104524));
#2082 = CARTESIAN_POINT('',(17.123127795802,-55.00788439221,
    75.075414273029));
#2083 = CARTESIAN_POINT('',(16.979305147884,-55.00788439221,
    74.689702141763));
#2084 = CARTESIAN_POINT('',(16.865598169577,-55.00788439221,
    74.504959894164));
#2085 = CARTESIAN_POINT('',(16.574031100148,-55.00788439221,
    74.189582986739));
#2086 = CARTESIAN_POINT('',(16.398690105039,-55.00788439221,
    74.06181017331));
#2087 = CARTESIAN_POINT('',(16.009134117088,-55.00788439221,
    73.880673650346));
#2088 = CARTESIAN_POINT('',(15.798390092853,-55.00788439221,
    73.82902666425));
#2089 = CARTESIAN_POINT('',(15.369133281597,-55.00788439221,
    73.809351619953));
#2090 = CARTESIAN_POINT('',(15.154541229932,-55.00788439221,
    73.841594890337));
#2091 = CARTESIAN_POINT('',(14.749880494784,-55.00788439221,
    73.986428025454));
#2092 = CARTESIAN_POINT('',(14.563593487274,-55.00788439221,
    74.097758080674));
#2093 = CARTESIAN_POINT('',(14.244197215,-55.00788439221,74.385483550426
    ));
#2094 = CARTESIAN_POINT('',(14.114144787326,-55.00788439221,
    74.559237581035));
#2095 = CARTESIAN_POINT('',(13.967587652425,-55.00788439221,
    74.864280336886));
#2096 = CARTESIAN_POINT('',(13.926902839029,-55.00788439221,
    74.98093628762));
#2097 = CARTESIAN_POINT('',(13.872117844997,-55.00788439221,
    75.221440097506));
#2098 = CARTESIAN_POINT('',(13.858342439018,-55.00788439221,
    75.344340981874));
#2099 = CARTESIAN_POINT('',(13.858341940887,-55.00788439221,
    75.467454615122));
#2100 = CARTESIAN_POINT('',(13.858341075607,-55.00788439221,
    75.681309516332));
#2101 = CARTESIAN_POINT('',(13.900043342461,-55.00788439221,
    75.893752046181));
#2102 = CARTESIAN_POINT('',(14.06208321423,-55.00788439221,
    76.290041527524));
#2103 = CARTESIAN_POINT('',(14.181160801509,-55.00788439221,
    76.470935825695));
#2104 = CARTESIAN_POINT('',(14.481324918841,-55.00788439221,
    76.776506652458));
#2105 = CARTESIAN_POINT('',(14.660102567083,-55.00788439221,
    76.898853596307));
#2106 = CARTESIAN_POINT('',(15.053814510769,-55.00788439221,
    77.068030909396));
#2107 = CARTESIAN_POINT('',(15.265676347478,-55.00788439221,
    77.113526472768));
#2108 = CARTESIAN_POINT('',(15.694305313665,-55.00788439221,
    77.120907574788));
#2109 = CARTESIAN_POINT('',(15.90765421575,-55.00788439221,
    77.082698146814));
#2110 = CARTESIAN_POINT('',(16.30724600519,-55.00788439221,
    76.927003260058));
#2111 = CARTESIAN_POINT('',(16.4902191641,-55.00788439221,
    76.810733656033));
#2112 = CARTESIAN_POINT('',(16.80105111507,-55.00788439221,
    76.515054841817));
#2113 = CARTESIAN_POINT('',(16.92628665962,-55.00788439221,
    76.338046863554));
#2114 = CARTESIAN_POINT('',(17.101815435244,-55.00788439221,
    75.9464457062));
#2115 = CARTESIAN_POINT('',(17.150555394694,-55.00788439221,
    75.735125452214));
#2116 = CARTESIAN_POINT('',(17.158055776059,-55.00788439221,
    75.502900072979));
#2117 = CARTESIAN_POINT('',(17.158341940881,-55.00788439221,
    75.485175448968));
#2118 = CARTESIAN_POINT('',(17.158341940874,-55.00788439221,
    75.467461269015));
#2119 = PCURVE('',#1907,#2120);
#2120 = DEFINITIONAL_REPRESENTATION('',(#2121),#2161);
#2121 = B_SPLINE_CURVE_WITH_KNOTS('',3,(#2122,#2123,#2124,#2125,#2126,
    #2127,#2128,#2129,#2130,#2131,#2132,#2133,#2134,#2135,#2136,#2137,
    #2138,#2139,#2140,#2141,#2142,#2143,#2144,#2145,#2146,#2147,#2148,
    #2149,#2150,#2151,#2152,#2153,#2154,#2155,#2156,#2157,#2158,#2159,
    #2160),.UNSPECIFIED.,.T.,.F.,(1,3,2,2,2,2,2,2,2,2,3,2,2,2,2,2,2,2,2,
    3,1),(0.512677400913,0.517973546027,0.576772646238,0.640885379156,
    0.705016390542,0.769165502642,0.833331681421,0.897513143362,
    0.961707435323,0.998575348964,1.035509438939,1.099665909302,
    1.163776935124,1.227858245955,1.291922668186,1.355980516803,
    1.420039937474,1.484107177649,1.548186839852,1.553482984965,
    1.612282085177),.UNSPECIFIED.);
#2122 = CARTESIAN_POINT('',(17.15,-15.49999999933));
#2123 = CARTESIAN_POINT('',(17.14999999992,-15.30333283484));
#2124 = CARTESIAN_POINT('',(17.114785854929,-15.10795300334));
#2125 = CARTESIAN_POINT('',(16.97096320701,-14.72224087208));
#2126 = CARTESIAN_POINT('',(16.857256228704,-14.53749862448));
#2127 = CARTESIAN_POINT('',(16.565689159275,-14.22212171705));
#2128 = CARTESIAN_POINT('',(16.390348164165,-14.09434890362));
#2129 = CARTESIAN_POINT('',(16.000792176215,-13.91321238066));
#2130 = CARTESIAN_POINT('',(15.79004815198,-13.86156539456));
#2131 = CARTESIAN_POINT('',(15.360791340724,-13.84189035027));
#2132 = CARTESIAN_POINT('',(15.146199289058,-13.87413362065));
#2133 = CARTESIAN_POINT('',(14.741538553911,-14.01896675577));
#2134 = CARTESIAN_POINT('',(14.5552515464,-14.13029681099));
#2135 = CARTESIAN_POINT('',(14.235855274126,-14.41802228074));
#2136 = CARTESIAN_POINT('',(14.105802846452,-14.59177631135));
#2137 = CARTESIAN_POINT('',(13.959245711552,-14.8968190672));
#2138 = CARTESIAN_POINT('',(13.918560898156,-15.01347501793));
#2139 = CARTESIAN_POINT('',(13.863775904124,-15.25397882782));
#2140 = CARTESIAN_POINT('',(13.850000498144,-15.37687971219));
#2141 = CARTESIAN_POINT('',(13.850000000013,-15.49999334544));
#2142 = CARTESIAN_POINT('',(13.849999134734,-15.71384824665));
#2143 = CARTESIAN_POINT('',(13.891701401588,-15.92629077649));
#2144 = CARTESIAN_POINT('',(14.053741273357,-16.32258025784));
#2145 = CARTESIAN_POINT('',(14.172818860635,-16.50347455601));
#2146 = CARTESIAN_POINT('',(14.472982977967,-16.80904538277));
#2147 = CARTESIAN_POINT('',(14.651760626209,-16.93139232662));
#2148 = CARTESIAN_POINT('',(15.045472569895,-17.10056963971));
#2149 = CARTESIAN_POINT('',(15.257334406605,-17.14606520308));
#2150 = CARTESIAN_POINT('',(15.685963372791,-17.1534463051));
#2151 = CARTESIAN_POINT('',(15.899312274876,-17.11523687713));
#2152 = CARTESIAN_POINT('',(16.298904064316,-16.95954199037));
#2153 = CARTESIAN_POINT('',(16.481877223226,-16.84327238635));
#2154 = CARTESIAN_POINT('',(16.792709174196,-16.54759357213));
#2155 = CARTESIAN_POINT('',(16.917944718746,-16.37058559387));
#2156 = CARTESIAN_POINT('',(17.09347349437,-15.97898443651));
#2157 = CARTESIAN_POINT('',(17.142213453821,-15.76766418253));
#2158 = CARTESIAN_POINT('',(17.149713835185,-15.53543880329));
#2159 = CARTESIAN_POINT('',(17.150000000007,-15.51771417928));
#2160 = CARTESIAN_POINT('',(17.15,-15.49999999933));
#2161 = ( GEOMETRIC_REPRESENTATION_CONTEXT(2) 
PARAMETRIC_REPRESENTATION_CONTEXT() REPRESENTATION_CONTEXT('2D SPACE',''
  ) );
#2162 = PCURVE('',#2163,#2234);
#2163 = B_SPLINE_SURFACE_WITH_KNOTS('',3,1,(
    (#2164,#2165)
    ,(#2166,#2167)
    ,(#2168,#2169)
    ,(#2170,#2171)
    ,(#2172,#2173)
    ,(#2174,#2175)
    ,(#2176,#2177)
    ,(#2178,#2179)
    ,(#2180,#2181)
    ,(#2182,#2183)
    ,(#2184,#2185)
    ,(#2186,#2187)
    ,(#2188,#2189)
    ,(#2190,#2191)
    ,(#2192,#2193)
    ,(#2194,#2195)
    ,(#2196,#2197)
    ,(#2198,#2199)
    ,(#2200,#2201)
    ,(#2202,#2203)
    ,(#2204,#2205)
    ,(#2206,#2207)
    ,(#2208,#2209)
    ,(#2210,#2211)
    ,(#2212,#2213)
    ,(#2214,#2215)
    ,(#2216,#2217)
    ,(#2218,#2219)
    ,(#2220,#2221)
    ,(#2222,#2223)
    ,(#2224,#2225)
    ,(#2226,#2227)
    ,(#2228,#2229)
    ,(#2230,#2231)
    ,(#2232,#2233
    )),.UNSPECIFIED.,.T.,.F.,.F.,(1,3,1,1,1,1,1,1,1,1,1,1,1,1,1,1,1,1,1,
    1,1,1,1,1,1,1,1,1,1,1,1,1,1,3,1),(2,2),(-3.125E-02,0.,3.125E-02,
    6.25E-02,9.375E-02,0.125,0.15625,0.1875,0.21875,0.25,0.28125,0.3125,
    0.34375,0.375,0.40625,0.4375,0.46875,0.5,0.53125,0.5625,0.59375,
    0.625,0.65625,0.6875,0.71875,0.75,0.78125,0.8125,0.84375,0.875,
    0.90625,0.9375,0.96875,1.,1.03125),(0.,7.2E-02),.UNSPECIFIED.);
#2164 = CARTESIAN_POINT('',(17.158341940874,-54.40788439221,
    75.467461269681));
#2165 = CARTESIAN_POINT('',(17.158341940874,-55.12788439221,
    75.467461269681));
#2166 = CARTESIAN_POINT('',(17.158341940874,-54.40788439221,
    75.359469917681));
#2167 = CARTESIAN_POINT('',(17.158341940874,-55.12788439221,
    75.359469917681));
#2168 = CARTESIAN_POINT('',(17.137069500874,-54.40788439221,
    75.143487214681));
#2169 = CARTESIAN_POINT('',(17.137069500874,-55.12788439221,
    75.143487214681));
#2170 = CARTESIAN_POINT('',(17.042569754874,-54.40788439221,
    74.831963301681));
#2171 = CARTESIAN_POINT('',(17.042569754874,-55.12788439221,
    74.831963301681));
#2172 = CARTESIAN_POINT('',(16.889110494874,-54.40788439221,
    74.544861217681));
#2173 = CARTESIAN_POINT('',(16.889110494874,-55.12788439221,
    74.544861217681));
#2174 = CARTESIAN_POINT('',(16.682589072874,-54.40788439221,
    74.293214137681));
#2175 = CARTESIAN_POINT('',(16.682589072874,-55.12788439221,
    74.293214137681));
#2176 = CARTESIAN_POINT('',(16.430941992874,-54.40788439221,
    74.086692715681));
#2177 = CARTESIAN_POINT('',(16.430941992874,-55.12788439221,
    74.086692715681));
#2178 = CARTESIAN_POINT('',(16.143839908874,-54.40788439221,
    73.933233455681));
#2179 = CARTESIAN_POINT('',(16.143839908874,-55.12788439221,
    73.933233455681));
#2180 = CARTESIAN_POINT('',(15.832315995874,-54.40788439221,
    73.838733709681));
#2181 = CARTESIAN_POINT('',(15.832315995874,-55.12788439221,
    73.838733709681));
#2182 = CARTESIAN_POINT('',(15.508341940874,-54.40788439221,
    73.806825049681));
#2183 = CARTESIAN_POINT('',(15.508341940874,-55.12788439221,
    73.806825049681));
#2184 = CARTESIAN_POINT('',(15.184367885874,-54.40788439221,
    73.838733709681));
#2185 = CARTESIAN_POINT('',(15.184367885874,-55.12788439221,
    73.838733709681));
#2186 = CARTESIAN_POINT('',(14.872843972874,-54.40788439221,
    73.933233455681));
#2187 = CARTESIAN_POINT('',(14.872843972874,-55.12788439221,
    73.933233455681));
#2188 = CARTESIAN_POINT('',(14.585741888874,-54.40788439221,
    74.086692715681));
#2189 = CARTESIAN_POINT('',(14.585741888874,-55.12788439221,
    74.086692715681));
#2190 = CARTESIAN_POINT('',(14.334094808874,-54.40788439221,
    74.293214137681));
#2191 = CARTESIAN_POINT('',(14.334094808874,-55.12788439221,
    74.293214137681));
#2192 = CARTESIAN_POINT('',(14.127573386874,-54.40788439221,
    74.544861217681));
#2193 = CARTESIAN_POINT('',(14.127573386874,-55.12788439221,
    74.544861217681));
#2194 = CARTESIAN_POINT('',(13.974114126874,-54.40788439221,
    74.831963301681));
#2195 = CARTESIAN_POINT('',(13.974114126874,-55.12788439221,
    74.831963301681));
#2196 = CARTESIAN_POINT('',(13.879614380874,-54.40788439221,
    75.143487214681));
#2197 = CARTESIAN_POINT('',(13.879614380874,-55.12788439221,
    75.143487214681));
#2198 = CARTESIAN_POINT('',(13.847705720874,-54.40788439221,
    75.467461269681));
#2199 = CARTESIAN_POINT('',(13.847705720874,-55.12788439221,
    75.467461269681));
#2200 = CARTESIAN_POINT('',(13.879614380874,-54.40788439221,
    75.791435324681));
#2201 = CARTESIAN_POINT('',(13.879614380874,-55.12788439221,
    75.791435324681));
#2202 = CARTESIAN_POINT('',(13.974114126874,-54.40788439221,
    76.102959237681));
#2203 = CARTESIAN_POINT('',(13.974114126874,-55.12788439221,
    76.102959237681));
#2204 = CARTESIAN_POINT('',(14.127573386874,-54.40788439221,
    76.390061321681));
#2205 = CARTESIAN_POINT('',(14.127573386874,-55.12788439221,
    76.390061321681));
#2206 = CARTESIAN_POINT('',(14.334094808874,-54.40788439221,
    76.641708401681));
#2207 = CARTESIAN_POINT('',(14.334094808874,-55.12788439221,
    76.641708401681));
#2208 = CARTESIAN_POINT('',(14.585741888874,-54.40788439221,
    76.848229823681));
#2209 = CARTESIAN_POINT('',(14.585741888874,-55.12788439221,
    76.848229823681));
#2210 = CARTESIAN_POINT('',(14.872843972874,-54.40788439221,
    77.001689083681));
#2211 = CARTESIAN_POINT('',(14.872843972874,-55.12788439221,
    77.001689083681));
#2212 = CARTESIAN_POINT('',(15.184367885874,-54.40788439221,
    77.096188829681));
#2213 = CARTESIAN_POINT('',(15.184367885874,-55.12788439221,
    77.096188829681));
#2214 = CARTESIAN_POINT('',(15.508341940874,-54.40788439221,
    77.128097489681));
#2215 = CARTESIAN_POINT('',(15.508341940874,-55.12788439221,
    77.128097489681));
#2216 = CARTESIAN_POINT('',(15.832315995874,-54.40788439221,
    77.096188829681));
#2217 = CARTESIAN_POINT('',(15.832315995874,-55.12788439221,
    77.096188829681));
#2218 = CARTESIAN_POINT('',(16.143839908874,-54.40788439221,
    77.001689083681));
#2219 = CARTESIAN_POINT('',(16.143839908874,-55.12788439221,
    77.001689083681));
#2220 = CARTESIAN_POINT('',(16.430941992874,-54.40788439221,
    76.848229823681));
#2221 = CARTESIAN_POINT('',(16.430941992874,-55.12788439221,
    76.848229823681));
#2222 = CARTESIAN_POINT('',(16.682589072874,-54.40788439221,
    76.641708401681));
#2223 = CARTESIAN_POINT('',(16.682589072874,-55.12788439221,
    76.641708401681));
#2224 = CARTESIAN_POINT('',(16.889110494874,-54.40788439221,
    76.390061321681));
#2225 = CARTESIAN_POINT('',(16.889110494874,-55.12788439221,
    76.390061321681));
#2226 = CARTESIAN_POINT('',(17.042569754874,-54.40788439221,
    76.102959237681));
#2227 = CARTESIAN_POINT('',(17.042569754874,-55.12788439221,
    76.102959237681));
#2228 = CARTESIAN_POINT('',(17.137069500874,-54.40788439221,
    75.791435324681));
#2229 = CARTESIAN_POINT('',(17.137069500874,-55.12788439221,
    75.791435324681));
#2230 = CARTESIAN_POINT('',(17.158341940874,-54.40788439221,
    75.575452621681));
#2231 = CARTESIAN_POINT('',(17.158341940874,-55.12788439221,
    75.575452621681));
#2232 = CARTESIAN_POINT('',(17.158341940874,-54.40788439221,
    75.467461269681));
#2233 = CARTESIAN_POINT('',(17.158341940874,-55.12788439221,
    75.467461269681));
#2234 = DEFINITIONAL_REPRESENTATION('',(#2235),#2238);
#2235 = B_SPLINE_CURVE_WITH_KNOTS('',1,(#2236,#2237),.UNSPECIFIED.,.F.,
  .F.,(2,2),(0.517973546027,1.553482984965),.PIECEWISE_BEZIER_KNOTS.);
#2236 = CARTESIAN_POINT('',(0.,6.E-02));
#2237 = CARTESIAN_POINT('',(1.,6.E-02));
#2238 = ( GEOMETRIC_REPRESENTATION_CONTEXT(2) 
PARAMETRIC_REPRESENTATION_CONTEXT() REPRESENTATION_CONTEXT('2D SPACE',''
  ) );
#2239 = FACE_BOUND('',#2240,.T.);
#2240 = EDGE_LOOP('',(#2241,#2393,#2431,#2469));
#2241 = ORIENTED_EDGE('',*,*,#2242,.T.);
#2242 = EDGE_CURVE('',#2243,#2245,#2247,.T.);
#2243 = VERTEX_POINT('',#2244);
#2244 = CARTESIAN_POINT('',(-15.75800315812,-55.00788439221,
    73.839100041681));
#2245 = VERTEX_POINT('',#2246);
#2246 = CARTESIAN_POINT('',(-13.86329683112,-55.00788439221,
    75.733806368681));
#2247 = SURFACE_CURVE('',#2248,(#2282,#2319),.PCURVE_S1.);
#2248 = B_SPLINE_CURVE_WITH_KNOTS('',2,(#2249,#2250,#2251,#2252,#2253,
    #2254,#2255,#2256,#2257,#2258,#2259,#2260,#2261,#2262,#2263,#2264,
    #2265,#2266,#2267,#2268,#2269,#2270,#2271,#2272,#2273,#2274,#2275,
    #2276,#2277,#2278,#2279,#2280,#2281),.UNSPECIFIED.,.F.,.F.,(3,2,2,2,
    2,2,2,2,2,2,2,2,2,2,2,2,3),(0.,6.25E-02,0.125,0.1875,0.25,0.3125,
    0.375,0.4375,0.5,0.5625,0.625,0.6875,0.75,0.8125,0.875,0.9375,1.),
  .PIECEWISE_BEZIER_KNOTS.);
#2249 = CARTESIAN_POINT('',(-15.75800315812,-55.00788439221,
    73.839100041681));
#2250 = CARTESIAN_POINT('',(-15.98243205112,-55.00788439221,
    73.875809056681));
#2251 = CARTESIAN_POINT('',(-16.18906239712,-55.00788439221,
    73.972092689681));
#2252 = CARTESIAN_POINT('',(-16.39494937612,-55.00788439221,
    74.068029936681));
#2253 = CARTESIAN_POINT('',(-16.56799265112,-55.00788439221,
    74.216859875681));
#2254 = CARTESIAN_POINT('',(-16.74020195212,-55.00788439221,
    74.364972535681));
#2255 = CARTESIAN_POINT('',(-16.86646996312,-55.00788439221,
    74.555105949681));
#2256 = CARTESIAN_POINT('',(-16.99212943112,-55.00788439221,
    74.744323024681));
#2257 = CARTESIAN_POINT('',(-17.06218400512,-55.00788439221,
    74.961547982681));
#2258 = CARTESIAN_POINT('',(-17.13190095412,-55.00788439221,
    75.177726035681));
#2259 = CARTESIAN_POINT('',(-17.14050571012,-55.00788439221,
    75.405805590681));
#2260 = CARTESIAN_POINT('',(-17.14906899712,-55.00788439221,
    75.632785928681));
#2261 = CARTESIAN_POINT('',(-17.09558075512,-55.00788439221,
    75.854671785681));
#2262 = CARTESIAN_POINT('',(-17.04235029812,-55.00788439221,
    76.075488274681));
#2263 = CARTESIAN_POINT('',(-16.93076715212,-55.00788439221,
    76.274595098681));
#2264 = CARTESIAN_POINT('',(-16.81972177612,-55.00788439221,
    76.472742336681));
#2265 = CARTESIAN_POINT('',(-16.65838424812,-55.00788439221,
    76.634187458681));
#2266 = CARTESIAN_POINT('',(-16.49782427812,-55.00788439221,
    76.794854504681));
#2267 = CARTESIAN_POINT('',(-16.29879188812,-55.00788439221,
    76.906570362681));
#2268 = CARTESIAN_POINT('',(-16.10071872412,-55.00788439221,
    77.017747812681));
#2269 = CARTESIAN_POINT('',(-15.87886857512,-55.00788439221,
    77.071383965681));
#2270 = CARTESIAN_POINT('',(-15.65808762212,-55.00788439221,
    77.124761622681));
#2271 = CARTESIAN_POINT('',(-15.43000238012,-55.00788439221,
    77.116308920681));
#2272 = CARTESIAN_POINT('',(-15.20301638412,-55.00788439221,
    77.107896956681));
#2273 = CARTESIAN_POINT('',(-14.98574477212,-55.00788439221,
    77.037987215681));
#2274 = CARTESIAN_POINT('',(-14.76952028912,-55.00788439221,
    76.968414400681));
#2275 = CARTESIAN_POINT('',(-14.57930273912,-55.00788439221,
    76.842273173681));
#2276 = CARTESIAN_POINT('',(-14.39000193312,-55.00788439221,
    76.716739877681));
#2277 = CARTESIAN_POINT('',(-14.24105666512,-55.00788439221,
    76.543795861681));
#2278 = CARTESIAN_POINT('',(-14.09282923112,-55.00788439221,
    76.371685340681));
#2279 = CARTESIAN_POINT('',(-13.99628947912,-55.00788439221,
    76.164865607681));
#2280 = CARTESIAN_POINT('',(-13.90009631812,-55.00788439221,
    75.958788385681));
#2281 = CARTESIAN_POINT('',(-13.86329683112,-55.00788439221,
    75.733806368681));
#2282 = PCURVE('',#1907,#2283);
#2283 = DEFINITIONAL_REPRESENTATION('',(#2284),#2318);
#2284 = B_SPLINE_CURVE_WITH_KNOTS('',2,(#2285,#2286,#2287,#2288,#2289,
    #2290,#2291,#2292,#2293,#2294,#2295,#2296,#2297,#2298,#2299,#2300,
    #2301,#2302,#2303,#2304,#2305,#2306,#2307,#2308,#2309,#2310,#2311,
    #2312,#2313,#2314,#2315,#2316,#2317),.UNSPECIFIED.,.F.,.F.,(3,2,2,2,
    2,2,2,2,2,2,2,2,2,2,2,2,3),(0.,6.25E-02,0.125,0.1875,0.25,0.3125,
    0.375,0.4375,0.5,0.5625,0.625,0.6875,0.75,0.8125,0.875,0.9375,1.),
  .PIECEWISE_BEZIER_KNOTS.);
#2285 = CARTESIAN_POINT('',(-15.766345099,-13.871638772));
#2286 = CARTESIAN_POINT('',(-15.990773992,-13.908347787));
#2287 = CARTESIAN_POINT('',(-16.197404338,-14.00463142));
#2288 = CARTESIAN_POINT('',(-16.403291317,-14.100568667));
#2289 = CARTESIAN_POINT('',(-16.576334592,-14.249398606));
#2290 = CARTESIAN_POINT('',(-16.748543893,-14.397511266));
#2291 = CARTESIAN_POINT('',(-16.874811904,-14.58764468));
#2292 = CARTESIAN_POINT('',(-17.000471372,-14.776861755));
#2293 = CARTESIAN_POINT('',(-17.070525946,-14.994086713));
#2294 = CARTESIAN_POINT('',(-17.140242895,-15.210264766));
#2295 = CARTESIAN_POINT('',(-17.148847651,-15.438344321));
#2296 = CARTESIAN_POINT('',(-17.157410938,-15.665324659));
#2297 = CARTESIAN_POINT('',(-17.103922696,-15.887210516));
#2298 = CARTESIAN_POINT('',(-17.050692239,-16.108027005));
#2299 = CARTESIAN_POINT('',(-16.939109093,-16.307133829));
#2300 = CARTESIAN_POINT('',(-16.828063717,-16.505281067));
#2301 = CARTESIAN_POINT('',(-16.666726189,-16.666726189));
#2302 = CARTESIAN_POINT('',(-16.506166219,-16.827393235));
#2303 = CARTESIAN_POINT('',(-16.307133829,-16.939109093));
#2304 = CARTESIAN_POINT('',(-16.109060665,-17.050286543));
#2305 = CARTESIAN_POINT('',(-15.887210516,-17.103922696));
#2306 = CARTESIAN_POINT('',(-15.666429563,-17.157300353));
#2307 = CARTESIAN_POINT('',(-15.438344321,-17.148847651));
#2308 = CARTESIAN_POINT('',(-15.211358325,-17.140435687));
#2309 = CARTESIAN_POINT('',(-14.994086713,-17.070525946));
#2310 = CARTESIAN_POINT('',(-14.77786223,-17.000953131));
#2311 = CARTESIAN_POINT('',(-14.58764468,-16.874811904));
#2312 = CARTESIAN_POINT('',(-14.398343874,-16.749278608));
#2313 = CARTESIAN_POINT('',(-14.249398606,-16.576334592));
#2314 = CARTESIAN_POINT('',(-14.101171172,-16.404224071));
#2315 = CARTESIAN_POINT('',(-14.00463142,-16.197404338));
#2316 = CARTESIAN_POINT('',(-13.908438259,-15.991327116));
#2317 = CARTESIAN_POINT('',(-13.871638772,-15.766345099));
#2318 = ( GEOMETRIC_REPRESENTATION_CONTEXT(2) 
PARAMETRIC_REPRESENTATION_CONTEXT() REPRESENTATION_CONTEXT('2D SPACE',''
  ) );
#2319 = PCURVE('',#2320,#2387);
#2320 = B_SPLINE_SURFACE_WITH_KNOTS('',2,1,(
    (#2321,#2322)
    ,(#2323,#2324)
    ,(#2325,#2326)
    ,(#2327,#2328)
    ,(#2329,#2330)
    ,(#2331,#2332)
    ,(#2333,#2334)
    ,(#2335,#2336)
    ,(#2337,#2338)
    ,(#2339,#2340)
    ,(#2341,#2342)
    ,(#2343,#2344)
    ,(#2345,#2346)
    ,(#2347,#2348)
    ,(#2349,#2350)
    ,(#2351,#2352)
    ,(#2353,#2354)
    ,(#2355,#2356)
    ,(#2357,#2358)
    ,(#2359,#2360)
    ,(#2361,#2362)
    ,(#2363,#2364)
    ,(#2365,#2366)
    ,(#2367,#2368)
    ,(#2369,#2370)
    ,(#2371,#2372)
    ,(#2373,#2374)
    ,(#2375,#2376)
    ,(#2377,#2378)
    ,(#2379,#2380)
    ,(#2381,#2382)
    ,(#2383,#2384)
    ,(#2385,#2386
    )),.UNSPECIFIED.,.F.,.F.,.F.,(3,2,2,2,2,2,2,2,2,2,2,2,2,2,2,2,3),(2,
    2),(0.,6.25E-02,0.125,0.1875,0.25,0.3125,0.375,0.4375,0.5,0.5625,
    0.625,0.6875,0.75,0.8125,0.875,0.9375,1.),(0.,7.2E-02),
  .PIECEWISE_BEZIER_KNOTS.);
#2321 = CARTESIAN_POINT('',(-15.75800315812,-54.40788439221,
    73.839100041681));
#2322 = CARTESIAN_POINT('',(-15.75800315812,-55.12788439221,
    73.839100041681));
#2323 = CARTESIAN_POINT('',(-15.98243205112,-54.40788439221,
    73.875809056681));
#2324 = CARTESIAN_POINT('',(-15.98243205112,-55.12788439221,
    73.875809056681));
#2325 = CARTESIAN_POINT('',(-16.18906239712,-54.40788439221,
    73.972092689681));
#2326 = CARTESIAN_POINT('',(-16.18906239712,-55.12788439221,
    73.972092689681));
#2327 = CARTESIAN_POINT('',(-16.39494937612,-54.40788439221,
    74.068029936681));
#2328 = CARTESIAN_POINT('',(-16.39494937612,-55.12788439221,
    74.068029936681));
#2329 = CARTESIAN_POINT('',(-16.56799265112,-54.40788439221,
    74.216859875681));
#2330 = CARTESIAN_POINT('',(-16.56799265112,-55.12788439221,
    74.216859875681));
#2331 = CARTESIAN_POINT('',(-16.74020195212,-54.40788439221,
    74.364972535681));
#2332 = CARTESIAN_POINT('',(-16.74020195212,-55.12788439221,
    74.364972535681));
#2333 = CARTESIAN_POINT('',(-16.86646996312,-54.40788439221,
    74.555105949681));
#2334 = CARTESIAN_POINT('',(-16.86646996312,-55.12788439221,
    74.555105949681));
#2335 = CARTESIAN_POINT('',(-16.99212943112,-54.40788439221,
    74.744323024681));
#2336 = CARTESIAN_POINT('',(-16.99212943112,-55.12788439221,
    74.744323024681));
#2337 = CARTESIAN_POINT('',(-17.06218400512,-54.40788439221,
    74.961547982681));
#2338 = CARTESIAN_POINT('',(-17.06218400512,-55.12788439221,
    74.961547982681));
#2339 = CARTESIAN_POINT('',(-17.13190095412,-54.40788439221,
    75.177726035681));
#2340 = CARTESIAN_POINT('',(-17.13190095412,-55.12788439221,
    75.177726035681));
#2341 = CARTESIAN_POINT('',(-17.14050571012,-54.40788439221,
    75.405805590681));
#2342 = CARTESIAN_POINT('',(-17.14050571012,-55.12788439221,
    75.405805590681));
#2343 = CARTESIAN_POINT('',(-17.14906899712,-54.40788439221,
    75.632785928681));
#2344 = CARTESIAN_POINT('',(-17.14906899712,-55.12788439221,
    75.632785928681));
#2345 = CARTESIAN_POINT('',(-17.09558075512,-54.40788439221,
    75.854671785681));
#2346 = CARTESIAN_POINT('',(-17.09558075512,-55.12788439221,
    75.854671785681));
#2347 = CARTESIAN_POINT('',(-17.04235029812,-54.40788439221,
    76.075488274681));
#2348 = CARTESIAN_POINT('',(-17.04235029812,-55.12788439221,
    76.075488274681));
#2349 = CARTESIAN_POINT('',(-16.93076715212,-54.40788439221,
    76.274595098681));
#2350 = CARTESIAN_POINT('',(-16.93076715212,-55.12788439221,
    76.274595098681));
#2351 = CARTESIAN_POINT('',(-16.81972177612,-54.40788439221,
    76.472742336681));
#2352 = CARTESIAN_POINT('',(-16.81972177612,-55.12788439221,
    76.472742336681));
#2353 = CARTESIAN_POINT('',(-16.65838424812,-54.40788439221,
    76.634187458681));
#2354 = CARTESIAN_POINT('',(-16.65838424812,-55.12788439221,
    76.634187458681));
#2355 = CARTESIAN_POINT('',(-16.49782427812,-54.40788439221,
    76.794854504681));
#2356 = CARTESIAN_POINT('',(-16.49782427812,-55.12788439221,
    76.794854504681));
#2357 = CARTESIAN_POINT('',(-16.29879188812,-54.40788439221,
    76.906570362681));
#2358 = CARTESIAN_POINT('',(-16.29879188812,-55.12788439221,
    76.906570362681));
#2359 = CARTESIAN_POINT('',(-16.10071872412,-54.40788439221,
    77.017747812681));
#2360 = CARTESIAN_POINT('',(-16.10071872412,-55.12788439221,
    77.017747812681));
#2361 = CARTESIAN_POINT('',(-15.87886857512,-54.40788439221,
    77.071383965681));
#2362 = CARTESIAN_POINT('',(-15.87886857512,-55.12788439221,
    77.071383965681));
#2363 = CARTESIAN_POINT('',(-15.65808762212,-54.40788439221,
    77.124761622681));
#2364 = CARTESIAN_POINT('',(-15.65808762212,-55.12788439221,
    77.124761622681));
#2365 = CARTESIAN_POINT('',(-15.43000238012,-54.40788439221,
    77.116308920681));
#2366 = CARTESIAN_POINT('',(-15.43000238012,-55.12788439221,
    77.116308920681));
#2367 = CARTESIAN_POINT('',(-15.20301638412,-54.40788439221,
    77.107896956681));
#2368 = CARTESIAN_POINT('',(-15.20301638412,-55.12788439221,
    77.107896956681));
#2369 = CARTESIAN_POINT('',(-14.98574477212,-54.40788439221,
    77.037987215681));
#2370 = CARTESIAN_POINT('',(-14.98574477212,-55.12788439221,
    77.037987215681));
#2371 = CARTESIAN_POINT('',(-14.76952028912,-54.40788439221,
    76.968414400681));
#2372 = CARTESIAN_POINT('',(-14.76952028912,-55.12788439221,
    76.968414400681));
#2373 = CARTESIAN_POINT('',(-14.57930273912,-54.40788439221,
    76.842273173681));
#2374 = CARTESIAN_POINT('',(-14.57930273912,-55.12788439221,
    76.842273173681));
#2375 = CARTESIAN_POINT('',(-14.39000193312,-54.40788439221,
    76.716739877681));
#2376 = CARTESIAN_POINT('',(-14.39000193312,-55.12788439221,
    76.716739877681));
#2377 = CARTESIAN_POINT('',(-14.24105666512,-54.40788439221,
    76.543795861681));
#2378 = CARTESIAN_POINT('',(-14.24105666512,-55.12788439221,
    76.543795861681));
#2379 = CARTESIAN_POINT('',(-14.09282923112,-54.40788439221,
    76.371685340681));
#2380 = CARTESIAN_POINT('',(-14.09282923112,-55.12788439221,
    76.371685340681));
#2381 = CARTESIAN_POINT('',(-13.99628947912,-54.40788439221,
    76.164865607681));
#2382 = CARTESIAN_POINT('',(-13.99628947912,-55.12788439221,
    76.164865607681));
#2383 = CARTESIAN_POINT('',(-13.90009631812,-54.40788439221,
    75.958788385681));
#2384 = CARTESIAN_POINT('',(-13.90009631812,-55.12788439221,
    75.958788385681));
#2385 = CARTESIAN_POINT('',(-13.86329683112,-54.40788439221,
    75.733806368681));
#2386 = CARTESIAN_POINT('',(-13.86329683112,-55.12788439221,
    75.733806368681));
#2387 = DEFINITIONAL_REPRESENTATION('',(#2388),#2392);
#2388 = LINE('',#2389,#2390);
#2389 = CARTESIAN_POINT('',(-1.027785793199E-16,6.E-02));
#2390 = VECTOR('',#2391,1.);
#2391 = DIRECTION('',(1.,0.));
#2392 = ( GEOMETRIC_REPRESENTATION_CONTEXT(2) 
PARAMETRIC_REPRESENTATION_CONTEXT() REPRESENTATION_CONTEXT('2D SPACE',''
  ) );
#2393 = ORIENTED_EDGE('',*,*,#2394,.T.);
#2394 = EDGE_CURVE('',#2245,#2395,#2397,.T.);
#2395 = VERTEX_POINT('',#2396);
#2396 = CARTESIAN_POINT('',(-13.91236028212,-55.00788439221,
    74.989634386681));
#2397 = SURFACE_CURVE('',#2398,(#2404,#2413),.PCURVE_S1.);
#2398 = B_SPLINE_CURVE_WITH_KNOTS('',2,(#2399,#2400,#2401,#2402,#2403),
  .UNSPECIFIED.,.F.,.F.,(3,2,3),(0.,0.5,1.),.PIECEWISE_BEZIER_KNOTS.);
#2399 = CARTESIAN_POINT('',(-13.86329683112,-55.00788439221,
    75.733806368681));
#2400 = CARTESIAN_POINT('',(-13.83285094412,-55.00788439221,
    75.547668527681));
#2401 = CARTESIAN_POINT('',(-13.84523251912,-55.00788439221,
    75.358912009681));
#2402 = CARTESIAN_POINT('',(-13.85757856612,-55.00788439221,
    75.170697121681));
#2403 = CARTESIAN_POINT('',(-13.91236028212,-55.00788439221,
    74.989634386681));
#2404 = PCURVE('',#1907,#2405);
#2405 = DEFINITIONAL_REPRESENTATION('',(#2406),#2412);
#2406 = B_SPLINE_CURVE_WITH_KNOTS('',2,(#2407,#2408,#2409,#2410,#2411),
  .UNSPECIFIED.,.F.,.F.,(3,2,3),(0.,0.5,1.),.PIECEWISE_BEZIER_KNOTS.);
#2407 = CARTESIAN_POINT('',(-13.871638772,-15.766345099));
#2408 = CARTESIAN_POINT('',(-13.841192885,-15.580207258));
#2409 = CARTESIAN_POINT('',(-13.85357446,-15.39145074));
#2410 = CARTESIAN_POINT('',(-13.865920507,-15.203235852));
#2411 = CARTESIAN_POINT('',(-13.920702223,-15.022173117));
#2412 = ( GEOMETRIC_REPRESENTATION_CONTEXT(2) 
PARAMETRIC_REPRESENTATION_CONTEXT() REPRESENTATION_CONTEXT('2D SPACE',''
  ) );
#2413 = PCURVE('',#2414,#2425);
#2414 = B_SPLINE_SURFACE_WITH_KNOTS('',2,1,(
    (#2415,#2416)
    ,(#2417,#2418)
    ,(#2419,#2420)
    ,(#2421,#2422)
    ,(#2423,#2424
  )),.UNSPECIFIED.,.F.,.F.,.F.,(3,2,3),(2,2),(0.,0.5,1.),(0.,7.2E-02),
  .PIECEWISE_BEZIER_KNOTS.);
#2415 = CARTESIAN_POINT('',(-13.86329683112,-54.40788439221,
    75.733806368681));
#2416 = CARTESIAN_POINT('',(-13.86329683112,-55.12788439221,
    75.733806368681));
#2417 = CARTESIAN_POINT('',(-13.83285094412,-54.40788439221,
    75.547668527681));
#2418 = CARTESIAN_POINT('',(-13.83285094412,-55.12788439221,
    75.547668527681));
#2419 = CARTESIAN_POINT('',(-13.84523251912,-54.40788439221,
    75.358912009681));
#2420 = CARTESIAN_POINT('',(-13.84523251912,-55.12788439221,
    75.358912009681));
#2421 = CARTESIAN_POINT('',(-13.85757856612,-54.40788439221,
    75.170697121681));
#2422 = CARTESIAN_POINT('',(-13.85757856612,-55.12788439221,
    75.170697121681));
#2423 = CARTESIAN_POINT('',(-13.91236028212,-54.40788439221,
    74.989634386681));
#2424 = CARTESIAN_POINT('',(-13.91236028212,-55.12788439221,
    74.989634386681));
#2425 = DEFINITIONAL_REPRESENTATION('',(#2426),#2430);
#2426 = LINE('',#2427,#2428);
#2427 = CARTESIAN_POINT('',(-2.133553297031E-15,6.E-02));
#2428 = VECTOR('',#2429,1.);
#2429 = DIRECTION('',(1.,0.));
#2430 = ( GEOMETRIC_REPRESENTATION_CONTEXT(2) 
PARAMETRIC_REPRESENTATION_CONTEXT() REPRESENTATION_CONTEXT('2D SPACE',''
  ) );
#2431 = ORIENTED_EDGE('',*,*,#2432,.T.);
#2432 = EDGE_CURVE('',#2395,#2433,#2435,.T.);
#2433 = VERTEX_POINT('',#2434);
#2434 = CARTESIAN_POINT('',(-14.60634266612,-55.00788439221,
    74.075083211681));
#2435 = SURFACE_CURVE('',#2436,(#2442,#2451),.PCURVE_S1.);
#2436 = B_SPLINE_CURVE_WITH_KNOTS('',2,(#2437,#2438,#2439,#2440,#2441),
  .UNSPECIFIED.,.F.,.F.,(3,2,3),(0.,0.5,1.),.PIECEWISE_BEZIER_KNOTS.);
#2437 = CARTESIAN_POINT('',(-13.91236028212,-55.00788439221,
    74.989634386681));
#2438 = CARTESIAN_POINT('',(-13.99807410012,-55.00788439221,
    74.706335877681));
#2439 = CARTESIAN_POINT('',(-14.17724545912,-55.00788439221,
    74.470054873681));
#2440 = CARTESIAN_POINT('',(-14.35609520912,-55.00788439221,
    74.234197989681));
#2441 = CARTESIAN_POINT('',(-14.60634266612,-55.00788439221,
    74.075083211681));
#2442 = PCURVE('',#1907,#2443);
#2443 = DEFINITIONAL_REPRESENTATION('',(#2444),#2450);
#2444 = B_SPLINE_CURVE_WITH_KNOTS('',2,(#2445,#2446,#2447,#2448,#2449),
  .UNSPECIFIED.,.F.,.F.,(3,2,3),(0.,0.5,1.),.PIECEWISE_BEZIER_KNOTS.);
#2445 = CARTESIAN_POINT('',(-13.920702223,-15.022173117));
#2446 = CARTESIAN_POINT('',(-14.006416041,-14.738874608));
#2447 = CARTESIAN_POINT('',(-14.1855874,-14.502593604));
#2448 = CARTESIAN_POINT('',(-14.36443715,-14.26673672));
#2449 = CARTESIAN_POINT('',(-14.614684607,-14.107621942));
#2450 = ( GEOMETRIC_REPRESENTATION_CONTEXT(2) 
PARAMETRIC_REPRESENTATION_CONTEXT() REPRESENTATION_CONTEXT('2D SPACE',''
  ) );
#2451 = PCURVE('',#2452,#2463);
#2452 = B_SPLINE_SURFACE_WITH_KNOTS('',2,1,(
    (#2453,#2454)
    ,(#2455,#2456)
    ,(#2457,#2458)
    ,(#2459,#2460)
    ,(#2461,#2462
  )),.UNSPECIFIED.,.F.,.F.,.F.,(3,2,3),(2,2),(0.,0.5,1.),(0.,7.2E-02),
  .PIECEWISE_BEZIER_KNOTS.);
#2453 = CARTESIAN_POINT('',(-13.91236028212,-54.40788439221,
    74.989634386681));
#2454 = CARTESIAN_POINT('',(-13.91236028212,-55.12788439221,
    74.989634386681));
#2455 = CARTESIAN_POINT('',(-13.99807410012,-54.40788439221,
    74.706335877681));
#2456 = CARTESIAN_POINT('',(-13.99807410012,-55.12788439221,
    74.706335877681));
#2457 = CARTESIAN_POINT('',(-14.17724545912,-54.40788439221,
    74.470054873681));
#2458 = CARTESIAN_POINT('',(-14.17724545912,-55.12788439221,
    74.470054873681));
#2459 = CARTESIAN_POINT('',(-14.35609520912,-54.40788439221,
    74.234197989681));
#2460 = CARTESIAN_POINT('',(-14.35609520912,-55.12788439221,
    74.234197989681));
#2461 = CARTESIAN_POINT('',(-14.60634266612,-54.40788439221,
    74.075083211681));
#2462 = CARTESIAN_POINT('',(-14.60634266612,-55.12788439221,
    74.075083211681));
#2463 = DEFINITIONAL_REPRESENTATION('',(#2464),#2468);
#2464 = LINE('',#2465,#2466);
#2465 = CARTESIAN_POINT('',(1.065396583631E-14,6.E-02));
#2466 = VECTOR('',#2467,1.);
#2467 = DIRECTION('',(1.,0.));
#2468 = ( GEOMETRIC_REPRESENTATION_CONTEXT(2) 
PARAMETRIC_REPRESENTATION_CONTEXT() REPRESENTATION_CONTEXT('2D SPACE',''
  ) );
#2469 = ORIENTED_EDGE('',*,*,#2470,.T.);
#2470 = EDGE_CURVE('',#2433,#2243,#2471,.T.);
#2471 = SURFACE_CURVE('',#2472,(#2480,#2491),.PCURVE_S1.);
#2472 = B_SPLINE_CURVE_WITH_KNOTS('',2,(#2473,#2474,#2475,#2476,#2477,
    #2478,#2479),.UNSPECIFIED.,.F.,.F.,(3,2,2,3),(0.,0.5,0.75,1.),
  .UNSPECIFIED.);
#2473 = CARTESIAN_POINT('',(-14.60634266612,-55.00788439221,
    74.075083211681));
#2474 = CARTESIAN_POINT('',(-14.86252358512,-55.00788439221,
    73.912195762681));
#2475 = CARTESIAN_POINT('',(-15.16044352112,-55.00788439221,
    73.851046431681));
#2476 = CARTESIAN_POINT('',(-15.30749352812,-55.00788439221,
    73.820863793681));
#2477 = CARTESIAN_POINT('',(-15.45867791212,-55.00788439221,
    73.817790905681));
#2478 = CARTESIAN_POINT('',(-15.60904026812,-55.00788439221,
    73.814734725681));
#2479 = CARTESIAN_POINT('',(-15.75800315812,-55.00788439221,
    73.839100041681));
#2480 = PCURVE('',#1907,#2481);
#2481 = DEFINITIONAL_REPRESENTATION('',(#2482),#2490);
#2482 = B_SPLINE_CURVE_WITH_KNOTS('',2,(#2483,#2484,#2485,#2486,#2487,
    #2488,#2489),.UNSPECIFIED.,.F.,.F.,(3,2,2,3),(0.,0.5,0.75,1.),
  .UNSPECIFIED.);
#2483 = CARTESIAN_POINT('',(-14.614684607,-14.107621942));
#2484 = CARTESIAN_POINT('',(-14.870865526,-13.944734493));
#2485 = CARTESIAN_POINT('',(-15.168785462,-13.883585162));
#2486 = CARTESIAN_POINT('',(-15.315835469,-13.853402524));
#2487 = CARTESIAN_POINT('',(-15.467019853,-13.850329636));
#2488 = CARTESIAN_POINT('',(-15.617382209,-13.847273456));
#2489 = CARTESIAN_POINT('',(-15.766345099,-13.871638772));
#2490 = ( GEOMETRIC_REPRESENTATION_CONTEXT(2) 
PARAMETRIC_REPRESENTATION_CONTEXT() REPRESENTATION_CONTEXT('2D SPACE',''
  ) );
#2491 = PCURVE('',#2492,#2507);
#2492 = B_SPLINE_SURFACE_WITH_KNOTS('',2,1,(
    (#2493,#2494)
    ,(#2495,#2496)
    ,(#2497,#2498)
    ,(#2499,#2500)
    ,(#2501,#2502)
    ,(#2503,#2504)
    ,(#2505,#2506
    )),.UNSPECIFIED.,.F.,.F.,.F.,(3,2,2,3),(2,2),(0.,0.5,0.75,1.),(0.,
    7.2E-02),.UNSPECIFIED.);
#2493 = CARTESIAN_POINT('',(-14.60634266612,-54.40788439221,
    74.075083211681));
#2494 = CARTESIAN_POINT('',(-14.60634266612,-55.12788439221,
    74.075083211681));
#2495 = CARTESIAN_POINT('',(-14.86252358512,-54.40788439221,
    73.912195762681));
#2496 = CARTESIAN_POINT('',(-14.86252358512,-55.12788439221,
    73.912195762681));
#2497 = CARTESIAN_POINT('',(-15.16044352112,-54.40788439221,
    73.851046431681));
#2498 = CARTESIAN_POINT('',(-15.16044352112,-55.12788439221,
    73.851046431681));
#2499 = CARTESIAN_POINT('',(-15.30749352812,-54.40788439221,
    73.820863793681));
#2500 = CARTESIAN_POINT('',(-15.30749352812,-55.12788439221,
    73.820863793681));
#2501 = CARTESIAN_POINT('',(-15.45867791212,-54.40788439221,
    73.817790905681));
#2502 = CARTESIAN_POINT('',(-15.45867791212,-55.12788439221,
    73.817790905681));
#2503 = CARTESIAN_POINT('',(-15.60904026812,-54.40788439221,
    73.814734725681));
#2504 = CARTESIAN_POINT('',(-15.60904026812,-55.12788439221,
    73.814734725681));
#2505 = CARTESIAN_POINT('',(-15.75800315812,-54.40788439221,
    73.839100041681));
#2506 = CARTESIAN_POINT('',(-15.75800315812,-55.12788439221,
    73.839100041681));
#2507 = DEFINITIONAL_REPRESENTATION('',(#2508),#2512);
#2508 = LINE('',#2509,#2510);
#2509 = CARTESIAN_POINT('',(5.764734779546E-15,6.E-02));
#2510 = VECTOR('',#2511,1.);
#2511 = DIRECTION('',(1.,0.));
#2512 = ( GEOMETRIC_REPRESENTATION_CONTEXT(2) 
PARAMETRIC_REPRESENTATION_CONTEXT() REPRESENTATION_CONTEXT('2D SPACE',''
  ) );
#2513 = FACE_BOUND('',#2514,.T.);
#2514 = EDGE_LOOP('',(#2515));
#2515 = ORIENTED_EDGE('',*,*,#2516,.T.);
#2516 = EDGE_CURVE('',#2517,#2517,#2519,.T.);
#2517 = VERTEX_POINT('',#2518);
#2518 = CARTESIAN_POINT('',(-13.84165805912,-55.00788439221,
    44.467461269015));
#2519 = SURFACE_CURVE('',#2520,(#2560,#2603),.PCURVE_S1.);
#2520 = B_SPLINE_CURVE_WITH_KNOTS('',3,(#2521,#2522,#2523,#2524,#2525,
    #2526,#2527,#2528,#2529,#2530,#2531,#2532,#2533,#2534,#2535,#2536,
    #2537,#2538,#2539,#2540,#2541,#2542,#2543,#2544,#2545,#2546,#2547,
    #2548,#2549,#2550,#2551,#2552,#2553,#2554,#2555,#2556,#2557,#2558,
    #2559),.UNSPECIFIED.,.T.,.F.,(1,3,2,2,2,2,2,2,2,2,3,2,2,2,2,2,2,2,2,
    3,1),(0.512677400913,0.517973546027,0.576772646238,0.640885379156,
    0.705016390543,0.769165502642,0.833331681422,0.897513143362,
    0.961707435324,0.998575348965,1.03550943894,1.099665909303,
    1.163776935125,1.227858245956,1.291922668187,1.355980516804,
    1.420039937475,1.48410717765,1.548186839853,1.553482984967,
    1.612282085178),.UNSPECIFIED.);
#2521 = CARTESIAN_POINT('',(-13.84165805912,-55.00788439221,
    44.467461269015));
#2522 = CARTESIAN_POINT('',(-13.8416580592,-55.00788439221,
    44.270794104524));
#2523 = CARTESIAN_POINT('',(-13.87687220419,-55.00788439221,
    44.07541427303));
#2524 = CARTESIAN_POINT('',(-14.02069485211,-55.00788439221,
    43.689702141763));
#2525 = CARTESIAN_POINT('',(-14.13440183042,-55.00788439221,
    43.504959894165));
#2526 = CARTESIAN_POINT('',(-14.42596889985,-55.00788439221,
    43.18958298674));
#2527 = CARTESIAN_POINT('',(-14.60130989496,-55.00788439221,
    43.06181017331));
#2528 = CARTESIAN_POINT('',(-14.99086588291,-55.00788439221,
    42.880673650347));
#2529 = CARTESIAN_POINT('',(-15.20160990714,-55.00788439221,
    42.829026664251));
#2530 = CARTESIAN_POINT('',(-15.6308667184,-55.00788439221,
    42.809351619953));
#2531 = CARTESIAN_POINT('',(-15.84545877006,-55.00788439221,
    42.841594890337));
#2532 = CARTESIAN_POINT('',(-16.25011950521,-55.00788439221,
    42.986428025454));
#2533 = CARTESIAN_POINT('',(-16.43640651272,-55.00788439221,
    43.097758080674));
#2534 = CARTESIAN_POINT('',(-16.75580278499,-55.00788439221,
    43.385483550424));
#2535 = CARTESIAN_POINT('',(-16.88585521267,-55.00788439221,
    43.559237581033));
#2536 = CARTESIAN_POINT('',(-17.03241234757,-55.00788439221,
    43.864280336885));
#2537 = CARTESIAN_POINT('',(-17.07309716097,-55.00788439221,
    43.980936287618));
#2538 = CARTESIAN_POINT('',(-17.127882155,-55.00788439221,
    44.221440097505));
#2539 = CARTESIAN_POINT('',(-17.14165756098,-55.00788439221,
    44.344340981874));
#2540 = CARTESIAN_POINT('',(-17.14165805911,-55.00788439221,
    44.467454615122));
#2541 = CARTESIAN_POINT('',(-17.14165892439,-55.00788439221,
    44.681309516332));
#2542 = CARTESIAN_POINT('',(-17.09995665753,-55.00788439221,
    44.893752046181));
#2543 = CARTESIAN_POINT('',(-16.93791678577,-55.00788439221,
    45.290041527523));
#2544 = CARTESIAN_POINT('',(-16.81883919849,-55.00788439221,
    45.470935825694));
#2545 = CARTESIAN_POINT('',(-16.51867508116,-55.00788439221,
    45.776506652458));
#2546 = CARTESIAN_POINT('',(-16.33989743291,-55.00788439221,
    45.898853596307));
#2547 = CARTESIAN_POINT('',(-15.94618548923,-55.00788439221,
    46.068030909396));
#2548 = CARTESIAN_POINT('',(-15.73432365252,-55.00788439221,
    46.113526472767));
#2549 = CARTESIAN_POINT('',(-15.30569468633,-55.00788439221,
    46.120907574788));
#2550 = CARTESIAN_POINT('',(-15.09234578425,-55.00788439221,
    46.082698146815));
#2551 = CARTESIAN_POINT('',(-14.69275399481,-55.00788439221,
    45.927003260058));
#2552 = CARTESIAN_POINT('',(-14.5097808359,-55.00788439221,
    45.810733656033));
#2553 = CARTESIAN_POINT('',(-14.19894888493,-55.00788439221,
    45.515054841817));
#2554 = CARTESIAN_POINT('',(-14.07371334038,-55.00788439221,
    45.338046863554));
#2555 = CARTESIAN_POINT('',(-13.89818456475,-55.00788439221,
    44.9464457062));
#2556 = CARTESIAN_POINT('',(-13.8494446053,-55.00788439221,
    44.735125452215));
#2557 = CARTESIAN_POINT('',(-13.84194422394,-55.00788439221,
    44.50290007298));
#2558 = CARTESIAN_POINT('',(-13.84165805911,-55.00788439221,
    44.485175448968));
#2559 = CARTESIAN_POINT('',(-13.84165805912,-55.00788439221,
    44.467461269015));
#2560 = PCURVE('',#1907,#2561);
#2561 = DEFINITIONAL_REPRESENTATION('',(#2562),#2602);
#2562 = B_SPLINE_CURVE_WITH_KNOTS('',3,(#2563,#2564,#2565,#2566,#2567,
    #2568,#2569,#2570,#2571,#2572,#2573,#2574,#2575,#2576,#2577,#2578,
    #2579,#2580,#2581,#2582,#2583,#2584,#2585,#2586,#2587,#2588,#2589,
    #2590,#2591,#2592,#2593,#2594,#2595,#2596,#2597,#2598,#2599,#2600,
    #2601),.UNSPECIFIED.,.T.,.F.,(1,3,2,2,2,2,2,2,2,2,3,2,2,2,2,2,2,2,2,
    3,1),(0.512677400913,0.517973546027,0.576772646238,0.640885379156,
    0.705016390543,0.769165502642,0.833331681422,0.897513143362,
    0.961707435324,0.998575348965,1.03550943894,1.099665909303,
    1.163776935125,1.227858245956,1.291922668187,1.355980516804,
    1.420039937475,1.48410717765,1.548186839853,1.553482984967,
    1.612282085178),.UNSPECIFIED.);
#2563 = CARTESIAN_POINT('',(-13.85,15.500000000667));
#2564 = CARTESIAN_POINT('',(-13.85000000008,15.696667165158));
#2565 = CARTESIAN_POINT('',(-13.88521414507,15.892046996651));
#2566 = CARTESIAN_POINT('',(-14.02903679299,16.277759127918));
#2567 = CARTESIAN_POINT('',(-14.14274377129,16.462501375517));
#2568 = CARTESIAN_POINT('',(-14.43431084072,16.777878282942));
#2569 = CARTESIAN_POINT('',(-14.60965183583,16.905651096371));
#2570 = CARTESIAN_POINT('',(-14.99920782378,17.086787619335));
#2571 = CARTESIAN_POINT('',(-15.20995184801,17.138434605431));
#2572 = CARTESIAN_POINT('',(-15.63920865927,17.158109649728));
#2573 = CARTESIAN_POINT('',(-15.85380071094,17.125866379345));
#2574 = CARTESIAN_POINT('',(-16.25846144608,16.981033244228));
#2575 = CARTESIAN_POINT('',(-16.44474845359,16.869703189008));
#2576 = CARTESIAN_POINT('',(-16.76414472587,16.581977719257));
#2577 = CARTESIAN_POINT('',(-16.89419715354,16.408223688648));
#2578 = CARTESIAN_POINT('',(-17.04075428844,16.103180932797));
#2579 = CARTESIAN_POINT('',(-17.08143910184,15.986524982063));
#2580 = CARTESIAN_POINT('',(-17.13622409587,15.746021172176));
#2581 = CARTESIAN_POINT('',(-17.14999950185,15.623120287808));
#2582 = CARTESIAN_POINT('',(-17.14999999998,15.500006654559));
#2583 = CARTESIAN_POINT('',(-17.15000086526,15.28615175335));
#2584 = CARTESIAN_POINT('',(-17.10829859841,15.073709223501));
#2585 = CARTESIAN_POINT('',(-16.94625872664,14.677419742158));
#2586 = CARTESIAN_POINT('',(-16.82718113936,14.496525443987));
#2587 = CARTESIAN_POINT('',(-16.52701702203,14.190954617224));
#2588 = CARTESIAN_POINT('',(-16.34823937379,14.068607673375));
#2589 = CARTESIAN_POINT('',(-15.9545274301,13.899430360285));
#2590 = CARTESIAN_POINT('',(-15.74266559339,13.853934796914));
#2591 = CARTESIAN_POINT('',(-15.3140366272,13.846553694894));
#2592 = CARTESIAN_POINT('',(-15.10068772512,13.884763122867));
#2593 = CARTESIAN_POINT('',(-14.70109593568,14.040458009624));
#2594 = CARTESIAN_POINT('',(-14.51812277677,14.156727613648));
#2595 = CARTESIAN_POINT('',(-14.2072908258,14.452406427864));
#2596 = CARTESIAN_POINT('',(-14.08205528125,14.629414406127));
#2597 = CARTESIAN_POINT('',(-13.90652650563,15.021015563481));
#2598 = CARTESIAN_POINT('',(-13.85778654617,15.232335817467));
#2599 = CARTESIAN_POINT('',(-13.85028616481,15.464561196702));
#2600 = CARTESIAN_POINT('',(-13.84999999999,15.482285820713));
#2601 = CARTESIAN_POINT('',(-13.85,15.500000000667));
#2602 = ( GEOMETRIC_REPRESENTATION_CONTEXT(2) 
PARAMETRIC_REPRESENTATION_CONTEXT() REPRESENTATION_CONTEXT('2D SPACE',''
  ) );
#2603 = PCURVE('',#2604,#2675);
#2604 = B_SPLINE_SURFACE_WITH_KNOTS('',3,1,(
    (#2605,#2606)
    ,(#2607,#2608)
    ,(#2609,#2610)
    ,(#2611,#2612)
    ,(#2613,#2614)
    ,(#2615,#2616)
    ,(#2617,#2618)
    ,(#2619,#2620)
    ,(#2621,#2622)
    ,(#2623,#2624)
    ,(#2625,#2626)
    ,(#2627,#2628)
    ,(#2629,#2630)
    ,(#2631,#2632)
    ,(#2633,#2634)
    ,(#2635,#2636)
    ,(#2637,#2638)
    ,(#2639,#2640)
    ,(#2641,#2642)
    ,(#2643,#2644)
    ,(#2645,#2646)
    ,(#2647,#2648)
    ,(#2649,#2650)
    ,(#2651,#2652)
    ,(#2653,#2654)
    ,(#2655,#2656)
    ,(#2657,#2658)
    ,(#2659,#2660)
    ,(#2661,#2662)
    ,(#2663,#2664)
    ,(#2665,#2666)
    ,(#2667,#2668)
    ,(#2669,#2670)
    ,(#2671,#2672)
    ,(#2673,#2674
    )),.UNSPECIFIED.,.T.,.F.,.F.,(1,3,1,1,1,1,1,1,1,1,1,1,1,1,1,1,1,1,1,
    1,1,1,1,1,1,1,1,1,1,1,1,1,1,3,1),(2,2),(-3.125E-02,0.,3.125E-02,
    6.25E-02,9.375E-02,0.125,0.15625,0.1875,0.21875,0.25,0.28125,0.3125,
    0.34375,0.375,0.40625,0.4375,0.46875,0.5,0.53125,0.5625,0.59375,
    0.625,0.65625,0.6875,0.71875,0.75,0.78125,0.8125,0.84375,0.875,
    0.90625,0.9375,0.96875,1.,1.03125),(0.,7.2E-02),.UNSPECIFIED.);
#2605 = CARTESIAN_POINT('',(-13.84165805912,-54.40788439221,
    44.467461269681));
#2606 = CARTESIAN_POINT('',(-13.84165805912,-55.12788439221,
    44.467461269681));
#2607 = CARTESIAN_POINT('',(-13.84165805912,-54.40788439221,
    44.359469917681));
#2608 = CARTESIAN_POINT('',(-13.84165805912,-55.12788439221,
    44.359469917681));
#2609 = CARTESIAN_POINT('',(-13.86293049912,-54.40788439221,
    44.143487214681));
#2610 = CARTESIAN_POINT('',(-13.86293049912,-55.12788439221,
    44.143487214681));
#2611 = CARTESIAN_POINT('',(-13.95743024512,-54.40788439221,
    43.831963301681));
#2612 = CARTESIAN_POINT('',(-13.95743024512,-55.12788439221,
    43.831963301681));
#2613 = CARTESIAN_POINT('',(-14.11088950512,-54.40788439221,
    43.544861217681));
#2614 = CARTESIAN_POINT('',(-14.11088950512,-55.12788439221,
    43.544861217681));
#2615 = CARTESIAN_POINT('',(-14.31741092712,-54.40788439221,
    43.293214137681));
#2616 = CARTESIAN_POINT('',(-14.31741092712,-55.12788439221,
    43.293214137681));
#2617 = CARTESIAN_POINT('',(-14.56905800712,-54.40788439221,
    43.086692715681));
#2618 = CARTESIAN_POINT('',(-14.56905800712,-55.12788439221,
    43.086692715681));
#2619 = CARTESIAN_POINT('',(-14.85616009112,-54.40788439221,
    42.933233455681));
#2620 = CARTESIAN_POINT('',(-14.85616009112,-55.12788439221,
    42.933233455681));
#2621 = CARTESIAN_POINT('',(-15.16768400412,-54.40788439221,
    42.838733709681));
#2622 = CARTESIAN_POINT('',(-15.16768400412,-55.12788439221,
    42.838733709681));
#2623 = CARTESIAN_POINT('',(-15.49165805912,-54.40788439221,
    42.806825049681));
#2624 = CARTESIAN_POINT('',(-15.49165805912,-55.12788439221,
    42.806825049681));
#2625 = CARTESIAN_POINT('',(-15.81563211412,-54.40788439221,
    42.838733709681));
#2626 = CARTESIAN_POINT('',(-15.81563211412,-55.12788439221,
    42.838733709681));
#2627 = CARTESIAN_POINT('',(-16.12715602712,-54.40788439221,
    42.933233455681));
#2628 = CARTESIAN_POINT('',(-16.12715602712,-55.12788439221,
    42.933233455681));
#2629 = CARTESIAN_POINT('',(-16.41425811112,-54.40788439221,
    43.086692715681));
#2630 = CARTESIAN_POINT('',(-16.41425811112,-55.12788439221,
    43.086692715681));
#2631 = CARTESIAN_POINT('',(-16.66590519112,-54.40788439221,
    43.293214137681));
#2632 = CARTESIAN_POINT('',(-16.66590519112,-55.12788439221,
    43.293214137681));
#2633 = CARTESIAN_POINT('',(-16.87242661312,-54.40788439221,
    43.544861217681));
#2634 = CARTESIAN_POINT('',(-16.87242661312,-55.12788439221,
    43.544861217681));
#2635 = CARTESIAN_POINT('',(-17.02588587312,-54.40788439221,
    43.831963301681));
#2636 = CARTESIAN_POINT('',(-17.02588587312,-55.12788439221,
    43.831963301681));
#2637 = CARTESIAN_POINT('',(-17.12038561912,-54.40788439221,
    44.143487214681));
#2638 = CARTESIAN_POINT('',(-17.12038561912,-55.12788439221,
    44.143487214681));
#2639 = CARTESIAN_POINT('',(-17.15229427912,-54.40788439221,
    44.467461269681));
#2640 = CARTESIAN_POINT('',(-17.15229427912,-55.12788439221,
    44.467461269681));
#2641 = CARTESIAN_POINT('',(-17.12038561912,-54.40788439221,
    44.791435324681));
#2642 = CARTESIAN_POINT('',(-17.12038561912,-55.12788439221,
    44.791435324681));
#2643 = CARTESIAN_POINT('',(-17.02588587312,-54.40788439221,
    45.102959237681));
#2644 = CARTESIAN_POINT('',(-17.02588587312,-55.12788439221,
    45.102959237681));
#2645 = CARTESIAN_POINT('',(-16.87242661312,-54.40788439221,
    45.390061321681));
#2646 = CARTESIAN_POINT('',(-16.87242661312,-55.12788439221,
    45.390061321681));
#2647 = CARTESIAN_POINT('',(-16.66590519112,-54.40788439221,
    45.641708401681));
#2648 = CARTESIAN_POINT('',(-16.66590519112,-55.12788439221,
    45.641708401681));
#2649 = CARTESIAN_POINT('',(-16.41425811112,-54.40788439221,
    45.848229823681));
#2650 = CARTESIAN_POINT('',(-16.41425811112,-55.12788439221,
    45.848229823681));
#2651 = CARTESIAN_POINT('',(-16.12715602712,-54.40788439221,
    46.001689083681));
#2652 = CARTESIAN_POINT('',(-16.12715602712,-55.12788439221,
    46.001689083681));
#2653 = CARTESIAN_POINT('',(-15.81563211412,-54.40788439221,
    46.096188829681));
#2654 = CARTESIAN_POINT('',(-15.81563211412,-55.12788439221,
    46.096188829681));
#2655 = CARTESIAN_POINT('',(-15.49165805912,-54.40788439221,
    46.128097489681));
#2656 = CARTESIAN_POINT('',(-15.49165805912,-55.12788439221,
    46.128097489681));
#2657 = CARTESIAN_POINT('',(-15.16768400412,-54.40788439221,
    46.096188829681));
#2658 = CARTESIAN_POINT('',(-15.16768400412,-55.12788439221,
    46.096188829681));
#2659 = CARTESIAN_POINT('',(-14.85616009112,-54.40788439221,
    46.001689083681));
#2660 = CARTESIAN_POINT('',(-14.85616009112,-55.12788439221,
    46.001689083681));
#2661 = CARTESIAN_POINT('',(-14.56905800712,-54.40788439221,
    45.848229823681));
#2662 = CARTESIAN_POINT('',(-14.56905800712,-55.12788439221,
    45.848229823681));
#2663 = CARTESIAN_POINT('',(-14.31741092712,-54.40788439221,
    45.641708401681));
#2664 = CARTESIAN_POINT('',(-14.31741092712,-55.12788439221,
    45.641708401681));
#2665 = CARTESIAN_POINT('',(-14.11088950512,-54.40788439221,
    45.390061321681));
#2666 = CARTESIAN_POINT('',(-14.11088950512,-55.12788439221,
    45.390061321681));
#2667 = CARTESIAN_POINT('',(-13.95743024512,-54.40788439221,
    45.102959237681));
#2668 = CARTESIAN_POINT('',(-13.95743024512,-55.12788439221,
    45.102959237681));
#2669 = CARTESIAN_POINT('',(-13.86293049912,-54.40788439221,
    44.791435324681));
#2670 = CARTESIAN_POINT('',(-13.86293049912,-55.12788439221,
    44.791435324681));
#2671 = CARTESIAN_POINT('',(-13.84165805912,-54.40788439221,
    44.575452621681));
#2672 = CARTESIAN_POINT('',(-13.84165805912,-55.12788439221,
    44.575452621681));
#2673 = CARTESIAN_POINT('',(-13.84165805912,-54.40788439221,
    44.467461269681));
#2674 = CARTESIAN_POINT('',(-13.84165805912,-55.12788439221,
    44.467461269681));
#2675 = DEFINITIONAL_REPRESENTATION('',(#2676),#2679);
#2676 = B_SPLINE_CURVE_WITH_KNOTS('',1,(#2677,#2678),.UNSPECIFIED.,.F.,
  .F.,(2,2),(0.517973546027,1.553482984967),.PIECEWISE_BEZIER_KNOTS.);
#2677 = CARTESIAN_POINT('',(0.,6.E-02));
#2678 = CARTESIAN_POINT('',(1.,6.E-02));
#2679 = ( GEOMETRIC_REPRESENTATION_CONTEXT(2) 
PARAMETRIC_REPRESENTATION_CONTEXT() REPRESENTATION_CONTEXT('2D SPACE',''
  ) );
#2680 = FACE_BOUND('',#2681,.T.);
#2681 = EDGE_LOOP('',(#2682));
#2682 = ORIENTED_EDGE('',*,*,#2683,.T.);
#2683 = EDGE_CURVE('',#2684,#2684,#2686,.T.);
#2684 = VERTEX_POINT('',#2685);
#2685 = CARTESIAN_POINT('',(17.158341940874,-55.00788439221,
    44.467461269015));
#2686 = SURFACE_CURVE('',#2687,(#2727,#2770),.PCURVE_S1.);
#2687 = B_SPLINE_CURVE_WITH_KNOTS('',3,(#2688,#2689,#2690,#2691,#2692,
    #2693,#2694,#2695,#2696,#2697,#2698,#2699,#2700,#2701,#2702,#2703,
    #2704,#2705,#2706,#2707,#2708,#2709,#2710,#2711,#2712,#2713,#2714,
    #2715,#2716,#2717,#2718,#2719,#2720,#2721,#2722,#2723,#2724,#2725,
    #2726),.UNSPECIFIED.,.T.,.F.,(1,3,2,2,2,2,2,2,2,2,3,2,2,2,2,2,2,2,2,
    3,1),(0.512677400913,0.517973546027,0.576772646238,0.640885379156,
    0.705016390542,0.769165502642,0.833331681421,0.897513143362,
    0.961707435323,0.998575348964,1.035509438939,1.099665909302,
    1.163776935124,1.227858245955,1.291922668187,1.355980516803,
    1.420039937474,1.484107177649,1.548186839852,1.553482984966,
    1.612282085177),.UNSPECIFIED.);
#2688 = CARTESIAN_POINT('',(17.158341940874,-55.00788439221,
    44.467461269015));
#2689 = CARTESIAN_POINT('',(17.158341940794,-55.00788439221,
    44.270794104524));
#2690 = CARTESIAN_POINT('',(17.123127795802,-55.00788439221,
    44.07541427303));
#2691 = CARTESIAN_POINT('',(16.979305147884,-55.00788439221,
    43.689702141763));
#2692 = CARTESIAN_POINT('',(16.865598169577,-55.00788439221,
    43.504959894164));
#2693 = CARTESIAN_POINT('',(16.574031100148,-55.00788439221,
    43.18958298674));
#2694 = CARTESIAN_POINT('',(16.398690105039,-55.00788439221,
    43.06181017331));
#2695 = CARTESIAN_POINT('',(16.009134117088,-55.00788439221,
    42.880673650346));
#2696 = CARTESIAN_POINT('',(15.798390092853,-55.00788439221,
    42.82902666425));
#2697 = CARTESIAN_POINT('',(15.369133281597,-55.00788439221,
    42.809351619953));
#2698 = CARTESIAN_POINT('',(15.154541229932,-55.00788439221,
    42.841594890337));
#2699 = CARTESIAN_POINT('',(14.749880494785,-55.00788439221,
    42.986428025454));
#2700 = CARTESIAN_POINT('',(14.563593487274,-55.00788439221,
    43.097758080674));
#2701 = CARTESIAN_POINT('',(14.244197215,-55.00788439221,43.385483550425
    ));
#2702 = CARTESIAN_POINT('',(14.114144787326,-55.00788439221,
    43.559237581034));
#2703 = CARTESIAN_POINT('',(13.967587652426,-55.00788439221,
    43.864280336886));
#2704 = CARTESIAN_POINT('',(13.926902839029,-55.00788439221,
    43.980936287619));
#2705 = CARTESIAN_POINT('',(13.872117844997,-55.00788439221,
    44.221440097506));
#2706 = CARTESIAN_POINT('',(13.858342439018,-55.00788439221,
    44.344340981874));
#2707 = CARTESIAN_POINT('',(13.858341940887,-55.00788439221,
    44.467454615122));
#2708 = CARTESIAN_POINT('',(13.858341075607,-55.00788439221,
    44.681309516332));
#2709 = CARTESIAN_POINT('',(13.900043342461,-55.00788439221,
    44.893752046181));
#2710 = CARTESIAN_POINT('',(14.06208321423,-55.00788439221,
    45.290041527524));
#2711 = CARTESIAN_POINT('',(14.181160801509,-55.00788439221,
    45.470935825694));
#2712 = CARTESIAN_POINT('',(14.48132491884,-55.00788439221,
    45.776506652458));
#2713 = CARTESIAN_POINT('',(14.660102567082,-55.00788439221,
    45.898853596307));
#2714 = CARTESIAN_POINT('',(15.053814510768,-55.00788439221,
    46.068030909396));
#2715 = CARTESIAN_POINT('',(15.265676347478,-55.00788439221,
    46.113526472767));
#2716 = CARTESIAN_POINT('',(15.694305313665,-55.00788439221,
    46.120907574788));
#2717 = CARTESIAN_POINT('',(15.90765421575,-55.00788439221,
    46.082698146815));
#2718 = CARTESIAN_POINT('',(16.307246005189,-55.00788439221,
    45.927003260058));
#2719 = CARTESIAN_POINT('',(16.490219164099,-55.00788439221,
    45.810733656033));
#2720 = CARTESIAN_POINT('',(16.80105111507,-55.00788439221,
    45.515054841817));
#2721 = CARTESIAN_POINT('',(16.92628665962,-55.00788439221,
    45.338046863554));
#2722 = CARTESIAN_POINT('',(17.101815435243,-55.00788439221,
    44.9464457062));
#2723 = CARTESIAN_POINT('',(17.150555394694,-55.00788439221,
    44.735125452215));
#2724 = CARTESIAN_POINT('',(17.158055776059,-55.00788439221,
    44.50290007298));
#2725 = CARTESIAN_POINT('',(17.158341940881,-55.00788439221,
    44.485175448968));
#2726 = CARTESIAN_POINT('',(17.158341940874,-55.00788439221,
    44.467461269015));
#2727 = PCURVE('',#1907,#2728);
#2728 = DEFINITIONAL_REPRESENTATION('',(#2729),#2769);
#2729 = B_SPLINE_CURVE_WITH_KNOTS('',3,(#2730,#2731,#2732,#2733,#2734,
    #2735,#2736,#2737,#2738,#2739,#2740,#2741,#2742,#2743,#2744,#2745,
    #2746,#2747,#2748,#2749,#2750,#2751,#2752,#2753,#2754,#2755,#2756,
    #2757,#2758,#2759,#2760,#2761,#2762,#2763,#2764,#2765,#2766,#2767,
    #2768),.UNSPECIFIED.,.T.,.F.,(1,3,2,2,2,2,2,2,2,2,3,2,2,2,2,2,2,2,2,
    3,1),(0.512677400913,0.517973546027,0.576772646238,0.640885379156,
    0.705016390542,0.769165502642,0.833331681421,0.897513143362,
    0.961707435323,0.998575348964,1.035509438939,1.099665909302,
    1.163776935124,1.227858245955,1.291922668187,1.355980516803,
    1.420039937474,1.484107177649,1.548186839852,1.553482984966,
    1.612282085177),.UNSPECIFIED.);
#2730 = CARTESIAN_POINT('',(17.15,15.500000000667));
#2731 = CARTESIAN_POINT('',(17.14999999992,15.696667165158));
#2732 = CARTESIAN_POINT('',(17.114785854929,15.892046996652));
#2733 = CARTESIAN_POINT('',(16.97096320701,16.277759127919));
#2734 = CARTESIAN_POINT('',(16.857256228704,16.462501375517));
#2735 = CARTESIAN_POINT('',(16.565689159275,16.777878282942));
#2736 = CARTESIAN_POINT('',(16.390348164165,16.905651096371));
#2737 = CARTESIAN_POINT('',(16.000792176215,17.086787619335));
#2738 = CARTESIAN_POINT('',(15.79004815198,17.138434605431));
#2739 = CARTESIAN_POINT('',(15.360791340724,17.158109649728));
#2740 = CARTESIAN_POINT('',(15.146199289058,17.125866379345));
#2741 = CARTESIAN_POINT('',(14.741538553911,16.981033244227));
#2742 = CARTESIAN_POINT('',(14.5552515464,16.869703189007));
#2743 = CARTESIAN_POINT('',(14.235855274126,16.581977719256));
#2744 = CARTESIAN_POINT('',(14.105802846452,16.408223688647));
#2745 = CARTESIAN_POINT('',(13.959245711552,16.103180932796));
#2746 = CARTESIAN_POINT('',(13.918560898156,15.986524982062));
#2747 = CARTESIAN_POINT('',(13.863775904124,15.746021172176));
#2748 = CARTESIAN_POINT('',(13.850000498144,15.623120287808));
#2749 = CARTESIAN_POINT('',(13.850000000013,15.500006654559));
#2750 = CARTESIAN_POINT('',(13.849999134734,15.28615175335));
#2751 = CARTESIAN_POINT('',(13.891701401588,15.073709223501));
#2752 = CARTESIAN_POINT('',(14.053741273357,14.677419742158));
#2753 = CARTESIAN_POINT('',(14.172818860635,14.496525443987));
#2754 = CARTESIAN_POINT('',(14.472982977967,14.190954617224));
#2755 = CARTESIAN_POINT('',(14.651760626209,14.068607673375));
#2756 = CARTESIAN_POINT('',(15.045472569895,13.899430360285));
#2757 = CARTESIAN_POINT('',(15.257334406605,13.853934796914));
#2758 = CARTESIAN_POINT('',(15.685963372791,13.846553694894));
#2759 = CARTESIAN_POINT('',(15.899312274876,13.884763122867));
#2760 = CARTESIAN_POINT('',(16.298904064316,14.040458009624));
#2761 = CARTESIAN_POINT('',(16.481877223226,14.156727613649));
#2762 = CARTESIAN_POINT('',(16.792709174196,14.452406427864));
#2763 = CARTESIAN_POINT('',(16.917944718746,14.629414406127));
#2764 = CARTESIAN_POINT('',(17.09347349437,15.021015563481));
#2765 = CARTESIAN_POINT('',(17.142213453821,15.232335817467));
#2766 = CARTESIAN_POINT('',(17.149713835185,15.464561196702));
#2767 = CARTESIAN_POINT('',(17.150000000007,15.482285820713));
#2768 = CARTESIAN_POINT('',(17.15,15.500000000667));
#2769 = ( GEOMETRIC_REPRESENTATION_CONTEXT(2) 
PARAMETRIC_REPRESENTATION_CONTEXT() REPRESENTATION_CONTEXT('2D SPACE',''
  ) );
#2770 = PCURVE('',#2771,#2842);
#2771 = B_SPLINE_SURFACE_WITH_KNOTS('',3,1,(
    (#2772,#2773)
    ,(#2774,#2775)
    ,(#2776,#2777)
    ,(#2778,#2779)
    ,(#2780,#2781)
    ,(#2782,#2783)
    ,(#2784,#2785)
    ,(#2786,#2787)
    ,(#2788,#2789)
    ,(#2790,#2791)
    ,(#2792,#2793)
    ,(#2794,#2795)
    ,(#2796,#2797)
    ,(#2798,#2799)
    ,(#2800,#2801)
    ,(#2802,#2803)
    ,(#2804,#2805)
    ,(#2806,#2807)
    ,(#2808,#2809)
    ,(#2810,#2811)
    ,(#2812,#2813)
    ,(#2814,#2815)
    ,(#2816,#2817)
    ,(#2818,#2819)
    ,(#2820,#2821)
    ,(#2822,#2823)
    ,(#2824,#2825)
    ,(#2826,#2827)
    ,(#2828,#2829)
    ,(#2830,#2831)
    ,(#2832,#2833)
    ,(#2834,#2835)
    ,(#2836,#2837)
    ,(#2838,#2839)
    ,(#2840,#2841
    )),.UNSPECIFIED.,.T.,.F.,.F.,(1,3,1,1,1,1,1,1,1,1,1,1,1,1,1,1,1,1,1,
    1,1,1,1,1,1,1,1,1,1,1,1,1,1,3,1),(2,2),(-3.125E-02,0.,3.125E-02,
    6.25E-02,9.375E-02,0.125,0.15625,0.1875,0.21875,0.25,0.28125,0.3125,
    0.34375,0.375,0.40625,0.4375,0.46875,0.5,0.53125,0.5625,0.59375,
    0.625,0.65625,0.6875,0.71875,0.75,0.78125,0.8125,0.84375,0.875,
    0.90625,0.9375,0.96875,1.,1.03125),(0.,7.2E-02),.UNSPECIFIED.);
#2772 = CARTESIAN_POINT('',(17.158341940874,-54.40788439221,
    44.467461269681));
#2773 = CARTESIAN_POINT('',(17.158341940874,-55.12788439221,
    44.467461269681));
#2774 = CARTESIAN_POINT('',(17.158341940874,-54.40788439221,
    44.359469917681));
#2775 = CARTESIAN_POINT('',(17.158341940874,-55.12788439221,
    44.359469917681));
#2776 = CARTESIAN_POINT('',(17.137069500874,-54.40788439221,
    44.143487214681));
#2777 = CARTESIAN_POINT('',(17.137069500874,-55.12788439221,
    44.143487214681));
#2778 = CARTESIAN_POINT('',(17.042569754874,-54.40788439221,
    43.831963301681));
#2779 = CARTESIAN_POINT('',(17.042569754874,-55.12788439221,
    43.831963301681));
#2780 = CARTESIAN_POINT('',(16.889110494874,-54.40788439221,
    43.544861217681));
#2781 = CARTESIAN_POINT('',(16.889110494874,-55.12788439221,
    43.544861217681));
#2782 = CARTESIAN_POINT('',(16.682589072874,-54.40788439221,
    43.293214137681));
#2783 = CARTESIAN_POINT('',(16.682589072874,-55.12788439221,
    43.293214137681));
#2784 = CARTESIAN_POINT('',(16.430941992874,-54.40788439221,
    43.086692715681));
#2785 = CARTESIAN_POINT('',(16.430941992874,-55.12788439221,
    43.086692715681));
#2786 = CARTESIAN_POINT('',(16.143839908874,-54.40788439221,
    42.933233455681));
#2787 = CARTESIAN_POINT('',(16.143839908874,-55.12788439221,
    42.933233455681));
#2788 = CARTESIAN_POINT('',(15.832315995874,-54.40788439221,
    42.838733709681));
#2789 = CARTESIAN_POINT('',(15.832315995874,-55.12788439221,
    42.838733709681));
#2790 = CARTESIAN_POINT('',(15.508341940874,-54.40788439221,
    42.806825049681));
#2791 = CARTESIAN_POINT('',(15.508341940874,-55.12788439221,
    42.806825049681));
#2792 = CARTESIAN_POINT('',(15.184367885874,-54.40788439221,
    42.838733709681));
#2793 = CARTESIAN_POINT('',(15.184367885874,-55.12788439221,
    42.838733709681));
#2794 = CARTESIAN_POINT('',(14.872843972874,-54.40788439221,
    42.933233455681));
#2795 = CARTESIAN_POINT('',(14.872843972874,-55.12788439221,
    42.933233455681));
#2796 = CARTESIAN_POINT('',(14.585741888874,-54.40788439221,
    43.086692715681));
#2797 = CARTESIAN_POINT('',(14.585741888874,-55.12788439221,
    43.086692715681));
#2798 = CARTESIAN_POINT('',(14.334094808874,-54.40788439221,
    43.293214137681));
#2799 = CARTESIAN_POINT('',(14.334094808874,-55.12788439221,
    43.293214137681));
#2800 = CARTESIAN_POINT('',(14.127573386874,-54.40788439221,
    43.544861217681));
#2801 = CARTESIAN_POINT('',(14.127573386874,-55.12788439221,
    43.544861217681));
#2802 = CARTESIAN_POINT('',(13.974114126874,-54.40788439221,
    43.831963301681));
#2803 = CARTESIAN_POINT('',(13.974114126874,-55.12788439221,
    43.831963301681));
#2804 = CARTESIAN_POINT('',(13.879614380874,-54.40788439221,
    44.143487214681));
#2805 = CARTESIAN_POINT('',(13.879614380874,-55.12788439221,
    44.143487214681));
#2806 = CARTESIAN_POINT('',(13.847705720874,-54.40788439221,
    44.467461269681));
#2807 = CARTESIAN_POINT('',(13.847705720874,-55.12788439221,
    44.467461269681));
#2808 = CARTESIAN_POINT('',(13.879614380874,-54.40788439221,
    44.791435324681));
#2809 = CARTESIAN_POINT('',(13.879614380874,-55.12788439221,
    44.791435324681));
#2810 = CARTESIAN_POINT('',(13.974114126874,-54.40788439221,
    45.102959237681));
#2811 = CARTESIAN_POINT('',(13.974114126874,-55.12788439221,
    45.102959237681));
#2812 = CARTESIAN_POINT('',(14.127573386874,-54.40788439221,
    45.390061321681));
#2813 = CARTESIAN_POINT('',(14.127573386874,-55.12788439221,
    45.390061321681));
#2814 = CARTESIAN_POINT('',(14.334094808874,-54.40788439221,
    45.641708401681));
#2815 = CARTESIAN_POINT('',(14.334094808874,-55.12788439221,
    45.641708401681));
#2816 = CARTESIAN_POINT('',(14.585741888874,-54.40788439221,
    45.848229823681));
#2817 = CARTESIAN_POINT('',(14.585741888874,-55.12788439221,
    45.848229823681));
#2818 = CARTESIAN_POINT('',(14.872843972874,-54.40788439221,
    46.001689083681));
#2819 = CARTESIAN_POINT('',(14.872843972874,-55.12788439221,
    46.001689083681));
#2820 = CARTESIAN_POINT('',(15.184367885874,-54.40788439221,
    46.096188829681));
#2821 = CARTESIAN_POINT('',(15.184367885874,-55.12788439221,
    46.096188829681));
#2822 = CARTESIAN_POINT('',(15.508341940874,-54.40788439221,
    46.128097489681));
#2823 = CARTESIAN_POINT('',(15.508341940874,-55.12788439221,
    46.128097489681));
#2824 = CARTESIAN_POINT('',(15.832315995874,-54.40788439221,
    46.096188829681));
#2825 = CARTESIAN_POINT('',(15.832315995874,-55.12788439221,
    46.096188829681));
#2826 = CARTESIAN_POINT('',(16.143839908874,-54.40788439221,
    46.001689083681));
#2827 = CARTESIAN_POINT('',(16.143839908874,-55.12788439221,
    46.001689083681));
#2828 = CARTESIAN_POINT('',(16.430941992874,-54.40788439221,
    45.848229823681));
#2829 = CARTESIAN_POINT('',(16.430941992874,-55.12788439221,
    45.848229823681));
#2830 = CARTESIAN_POINT('',(16.682589072874,-54.40788439221,
    45.641708401681));
#2831 = CARTESIAN_POINT('',(16.682589072874,-55.12788439221,
    45.641708401681));
#2832 = CARTESIAN_POINT('',(16.889110494874,-54.40788439221,
    45.390061321681));
#2833 = CARTESIAN_POINT('',(16.889110494874,-55.12788439221,
    45.390061321681));
#2834 = CARTESIAN_POINT('',(17.042569754874,-54.40788439221,
    45.102959237681));
#2835 = CARTESIAN_POINT('',(17.042569754874,-55.12788439221,
    45.102959237681));
#2836 = CARTESIAN_POINT('',(17.137069500874,-54.40788439221,
    44.791435324681));
#2837 = CARTESIAN_POINT('',(17.137069500874,-55.12788439221,
    44.791435324681));
#2838 = CARTESIAN_POINT('',(17.158341940874,-54.40788439221,
    44.575452621681));
#2839 = CARTESIAN_POINT('',(17.158341940874,-55.12788439221,
    44.575452621681));
#2840 = CARTESIAN_POINT('',(17.158341940874,-54.40788439221,
    44.467461269681));
#2841 = CARTESIAN_POINT('',(17.158341940874,-55.12788439221,
    44.467461269681));
#2842 = DEFINITIONAL_REPRESENTATION('',(#2843),#2846);
#2843 = B_SPLINE_CURVE_WITH_KNOTS('',1,(#2844,#2845),.UNSPECIFIED.,.F.,
  .F.,(2,2),(0.517973546027,1.553482984966),.PIECEWISE_BEZIER_KNOTS.);
#2844 = CARTESIAN_POINT('',(0.,6.E-02));
#2845 = CARTESIAN_POINT('',(1.,6.E-02));
#2846 = ( GEOMETRIC_REPRESENTATION_CONTEXT(2) 
PARAMETRIC_REPRESENTATION_CONTEXT() REPRESENTATION_CONTEXT('2D SPACE',''
  ) );
#2847 = FACE_BOUND('',#2848,.T.);
#2848 = EDGE_LOOP('',(#2849,#4769));
#2849 = ORIENTED_EDGE('',*,*,#2850,.T.);
#2850 = EDGE_CURVE('',#2851,#2853,#2855,.T.);
#2851 = VERTEX_POINT('',#2852);
#2852 = CARTESIAN_POINT('',(17.758607107247,-55.00788439221,
    59.967405581168));
#2853 = VERTEX_POINT('',#2854);
#2854 = CARTESIAN_POINT('',(-17.74165805912,-55.00788439221,
    59.967461269681));
#2855 = SURFACE_CURVE('',#2856,(#2875,#2897),.PCURVE_S1.);
#2856 = B_SPLINE_CURVE_WITH_KNOTS('',3,(#2857,#2858,#2859,#2860,#2861,
    #2862,#2863,#2864,#2865,#2866,#2867,#2868,#2869,#2870,#2871,#2872,
    #2873,#2874),.UNSPECIFIED.,.F.,.F.,(4,2,2,2,2,2,2,2,4),(
    -3.644323661997,-3.199048785744,-2.75688378059,-2.314257395777,
    -1.871044821539,-1.427425640473,-0.983585085594,-0.539577301315,0.),
  .UNSPECIFIED.);
#2857 = CARTESIAN_POINT('',(17.758607107247,-55.00788439221,
    59.967405581168));
#2858 = CARTESIAN_POINT('',(17.758674343886,-55.00788439221,
    57.614748332644));
#2859 = CARTESIAN_POINT('',(17.296011921693,-55.00788439221,
    55.307214274278));
#2860 = CARTESIAN_POINT('',(15.496072264523,-55.00788439221,
    50.987282174669));
#2861 = CARTESIAN_POINT('',(14.193745281044,-55.00788439221,
    49.046355381042));
#2862 = CARTESIAN_POINT('',(10.893353496167,-55.00788439221,
    45.753689404725));
#2863 = CARTESIAN_POINT('',(8.948641286395,-55.00788439221,
    44.457078324899));
#2864 = CARTESIAN_POINT('',(4.638722238343,-55.00788439221,
    42.673509810798));
#2865 = CARTESIAN_POINT('',(2.345516433248,-55.00788439221,
    42.217776383458));
#2866 = CARTESIAN_POINT('',(-2.32319417985,-55.00788439221,
    42.216616384271));
#2867 = CARTESIAN_POINT('',(-4.616068470174,-55.00788439221,
    42.672045867773));
#2868 = CARTESIAN_POINT('',(-8.93076031773,-55.00788439221,
    44.455579744162));
#2869 = CARTESIAN_POINT('',(-10.87553243539,-55.00788439221,
    45.752772162678));
#2870 = CARTESIAN_POINT('',(-14.18046948186,-55.00788439221,
    49.049541976398));
#2871 = CARTESIAN_POINT('',(-15.48191285656,-55.00788439221,
    50.991514462644));
#2872 = CARTESIAN_POINT('',(-17.46854548948,-55.00788439221,
    55.763582171659));
#2873 = CARTESIAN_POINT('',(-17.74330656539,-55.00788439221,
    58.168871020768));
#2874 = CARTESIAN_POINT('',(-17.74165805912,-55.00788439221,
    59.96746126968));
#2875 = PCURVE('',#1907,#2876);
#2876 = DEFINITIONAL_REPRESENTATION('',(#2877),#2896);
#2877 = B_SPLINE_CURVE_WITH_KNOTS('',3,(#2878,#2879,#2880,#2881,#2882,
    #2883,#2884,#2885,#2886,#2887,#2888,#2889,#2890,#2891,#2892,#2893,
    #2894,#2895),.UNSPECIFIED.,.F.,.F.,(4,2,2,2,2,2,2,2,4),(
    -3.644323661997,-3.199048785744,-2.75688378059,-2.314257395777,
    -1.871044821539,-1.427425640473,-0.983585085594,-0.539577301315,0.),
  .UNSPECIFIED.);
#2878 = CARTESIAN_POINT('',(17.750265166373,5.56885132923E-05));
#2879 = CARTESIAN_POINT('',(17.750332403013,2.352712937038));
#2880 = CARTESIAN_POINT('',(17.28766998082,4.660246995403));
#2881 = CARTESIAN_POINT('',(15.48773032365,8.980179095013));
#2882 = CARTESIAN_POINT('',(14.185403340171,10.921105888639));
#2883 = CARTESIAN_POINT('',(10.885011555294,14.213771864957));
#2884 = CARTESIAN_POINT('',(8.940299345522,15.510382944782));
#2885 = CARTESIAN_POINT('',(4.630380297469,17.293951458883));
#2886 = CARTESIAN_POINT('',(2.337174492374,17.749684886224));
#2887 = CARTESIAN_POINT('',(-2.331536120724,17.750844885411));
#2888 = CARTESIAN_POINT('',(-4.624410411048,17.295415401909));
#2889 = CARTESIAN_POINT('',(-8.939102258604,15.511881525519));
#2890 = CARTESIAN_POINT('',(-10.88387437626,14.214689107003));
#2891 = CARTESIAN_POINT('',(-14.18881142274,10.917919293284));
#2892 = CARTESIAN_POINT('',(-15.49025479743,8.975946807037));
#2893 = CARTESIAN_POINT('',(-17.47688743035,4.203879098023));
#2894 = CARTESIAN_POINT('',(-17.75164850626,1.798590248913));
#2895 = CARTESIAN_POINT('',(-17.75,1.499245172454E-12));
#2896 = ( GEOMETRIC_REPRESENTATION_CONTEXT(2) 
PARAMETRIC_REPRESENTATION_CONTEXT() REPRESENTATION_CONTEXT('2D SPACE',''
  ) );
#2897 = PCURVE('',#2898,#4719);
#2898 = B_SPLINE_SURFACE_WITH_KNOTS('',2,3,(
    (#2899,#2900,#2901,#2902,#2903,#2904,#2905,#2906,#2907,#2908,#2909
      ,#2910,#2911,#2912,#2913,#2914,#2915,#2916,#2917,#2918,#2919,#2920
      ,#2921,#2922,#2923,#2924,#2925,#2926,#2927,#2928,#2929,#2930,#2931
      ,#2932,#2933,#2934,#2935,#2936,#2937,#2938,#2939,#2940,#2941,#2942
      ,#2943,#2944,#2945,#2946,#2947,#2948,#2949,#2950,#2951,#2952,#2953
      ,#2954,#2955,#2956,#2957,#2958,#2959,#2960,#2961,#2962,#2963,#2964
      ,#2965,#2966,#2967,#2968,#2969,#2970,#2971,#2972,#2973,#2974,#2975
      ,#2976,#2977,#2978,#2979,#2980,#2981,#2982,#2983,#2984,#2985,#2986
      ,#2987,#2988,#2989,#2990,#2991,#2992,#2993,#2994,#2995,#2996,#2997
      ,#2998,#2999,#3000,#3001,#3002,#3003,#3004,#3005,#3006,#3007,#3008
      ,#3009,#3010,#3011,#3012,#3013,#3014,#3015,#3016,#3017,#3018,#3019
      ,#3020,#3021,#3022,#3023,#3024,#3025,#3026,#3027,#3028,#3029,#3030
      ,#3031,#3032,#3033,#3034,#3035,#3036,#3037,#3038,#3039,#3040,#3041
      ,#3042,#3043,#3044,#3045,#3046,#3047,#3048,#3049,#3050,#3051,#3052
      ,#3053,#3054,#3055,#3056,#3057,#3058,#3059,#3060,#3061,#3062,#3063
      ,#3064,#3065,#3066,#3067,#3068,#3069,#3070,#3071,#3072,#3073,#3074
      ,#3075,#3076,#3077,#3078,#3079,#3080,#3081,#3082,#3083,#3084,#3085
      ,#3086,#3087,#3088,#3089,#3090,#3091,#3092,#3093,#3094,#3095,#3096
      ,#3097,#3098,#3099,#3100,#3101,#3102,#3103,#3104,#3105,#3106,#3107
      ,#3108,#3109,#3110,#3111,#3112,#3113,#3114,#3115,#3116,#3117,#3118
      ,#3119,#3120,#3121,#3122,#3123,#3124,#3125,#3126,#3127,#3128,#3129
      ,#3130,#3131,#3132,#3133,#3134,#3135,#3136,#3137,#3138,#3139,#3140
      ,#3141,#3142,#3143,#3144,#3145,#3146,#3147,#3148,#3149,#3150,#3151
      ,#3152,#3153,#3154,#3155,#3156,#3157,#3158)
    ,(#3159,#3160,#3161,#3162,#3163,#3164,#3165,#3166,#3167,#3168,#3169
      ,#3170,#3171,#3172,#3173,#3174,#3175,#3176,#3177,#3178,#3179,#3180
      ,#3181,#3182,#3183,#3184,#3185,#3186,#3187,#3188,#3189,#3190,#3191
      ,#3192,#3193,#3194,#3195,#3196,#3197,#3198,#3199,#3200,#3201,#3202
      ,#3203,#3204,#3205,#3206,#3207,#3208,#3209,#3210,#3211,#3212,#3213
      ,#3214,#3215,#3216,#3217,#3218,#3219,#3220,#3221,#3222,#3223,#3224
      ,#3225,#3226,#3227,#3228,#3229,#3230,#3231,#3232,#3233,#3234,#3235
      ,#3236,#3237,#3238,#3239,#3240,#3241,#3242,#3243,#3244,#3245,#3246
      ,#3247,#3248,#3249,#3250,#3251,#3252,#3253,#3254,#3255,#3256,#3257
      ,#3258,#3259,#3260,#3261,#3262,#3263,#3264,#3265,#3266,#3267,#3268
      ,#3269,#3270,#3271,#3272,#3273,#3274,#3275,#3276,#3277,#3278,#3279
      ,#3280,#3281,#3282,#3283,#3284,#3285,#3286,#3287,#3288,#3289,#3290
      ,#3291,#3292,#3293,#3294,#3295,#3296,#3297,#3298,#3299,#3300,#3301
      ,#3302,#3303,#3304,#3305,#3306,#3307,#3308,#3309,#3310,#3311,#3312
      ,#3313,#3314,#3315,#3316,#3317,#3318,#3319,#3320,#3321,#3322,#3323
      ,#3324,#3325,#3326,#3327,#3328,#3329,#3330,#3331,#3332,#3333,#3334
      ,#3335,#3336,#3337,#3338,#3339,#3340,#3341,#3342,#3343,#3344,#3345
      ,#3346,#3347,#3348,#3349,#3350,#3351,#3352,#3353,#3354,#3355,#3356
      ,#3357,#3358,#3359,#3360,#3361,#3362,#3363,#3364,#3365,#3366,#3367
      ,#3368,#3369,#3370,#3371,#3372,#3373,#3374,#3375,#3376,#3377,#3378
      ,#3379,#3380,#3381,#3382,#3383,#3384,#3385,#3386,#3387,#3388,#3389
      ,#3390,#3391,#3392,#3393,#3394,#3395,#3396,#3397,#3398,#3399,#3400
      ,#3401,#3402,#3403,#3404,#3405,#3406,#3407,#3408,#3409,#3410,#3411
      ,#3412,#3413,#3414,#3415,#3416,#3417,#3418)
    ,(#3419,#3420,#3421,#3422,#3423,#3424,#3425,#3426,#3427,#3428,#3429
      ,#3430,#3431,#3432,#3433,#3434,#3435,#3436,#3437,#3438,#3439,#3440
      ,#3441,#3442,#3443,#3444,#3445,#3446,#3447,#3448,#3449,#3450,#3451
      ,#3452,#3453,#3454,#3455,#3456,#3457,#3458,#3459,#3460,#3461,#3462
      ,#3463,#3464,#3465,#3466,#3467,#3468,#3469,#3470,#3471,#3472,#3473
      ,#3474,#3475,#3476,#3477,#3478,#3479,#3480,#3481,#3482,#3483,#3484
      ,#3485,#3486,#3487,#3488,#3489,#3490,#3491,#3492,#3493,#3494,#3495
      ,#3496,#3497,#3498,#3499,#3500,#3501,#3502,#3503,#3504,#3505,#3506
      ,#3507,#3508,#3509,#3510,#3511,#3512,#3513,#3514,#3515,#3516,#3517
      ,#3518,#3519,#3520,#3521,#3522,#3523,#3524,#3525,#3526,#3527,#3528
      ,#3529,#3530,#3531,#3532,#3533,#3534,#3535,#3536,#3537,#3538,#3539
      ,#3540,#3541,#3542,#3543,#3544,#3545,#3546,#3547,#3548,#3549,#3550
      ,#3551,#3552,#3553,#3554,#3555,#3556,#3557,#3558,#3559,#3560,#3561
      ,#3562,#3563,#3564,#3565,#3566,#3567,#3568,#3569,#3570,#3571,#3572
      ,#3573,#3574,#3575,#3576,#3577,#3578,#3579,#3580,#3581,#3582,#3583
      ,#3584,#3585,#3586,#3587,#3588,#3589,#3590,#3591,#3592,#3593,#3594
      ,#3595,#3596,#3597,#3598,#3599,#3600,#3601,#3602,#3603,#3604,#3605
      ,#3606,#3607,#3608,#3609,#3610,#3611,#3612,#3613,#3614,#3615,#3616
      ,#3617,#3618,#3619,#3620,#3621,#3622,#3623,#3624,#3625,#3626,#3627
      ,#3628,#3629,#3630,#3631,#3632,#3633,#3634,#3635,#3636,#3637,#3638
      ,#3639,#3640,#3641,#3642,#3643,#3644,#3645,#3646,#3647,#3648,#3649
      ,#3650,#3651,#3652,#3653,#3654,#3655,#3656,#3657,#3658,#3659,#3660
      ,#3661,#3662,#3663,#3664,#3665,#3666,#3667,#3668,#3669,#3670,#3671
      ,#3672,#3673,#3674,#3675,#3676,#3677,#3678)
    ,(#3679,#3680,#3681,#3682,#3683,#3684,#3685,#3686,#3687,#3688,#3689
      ,#3690,#3691,#3692,#3693,#3694,#3695,#3696,#3697,#3698,#3699,#3700
      ,#3701,#3702,#3703,#3704,#3705,#3706,#3707,#3708,#3709,#3710,#3711
      ,#3712,#3713,#3714,#3715,#3716,#3717,#3718,#3719,#3720,#3721,#3722
      ,#3723,#3724,#3725,#3726,#3727,#3728,#3729,#3730,#3731,#3732,#3733
      ,#3734,#3735,#3736,#3737,#3738,#3739,#3740,#3741,#3742,#3743,#3744
      ,#3745,#3746,#3747,#3748,#3749,#3750,#3751,#3752,#3753,#3754,#3755
      ,#3756,#3757,#3758,#3759,#3760,#3761,#3762,#3763,#3764,#3765,#3766
      ,#3767,#3768,#3769,#3770,#3771,#3772,#3773,#3774,#3775,#3776,#3777
      ,#3778,#3779,#3780,#3781,#3782,#3783,#3784,#3785,#3786,#3787,#3788
      ,#3789,#3790,#3791,#3792,#3793,#3794,#3795,#3796,#3797,#3798,#3799
      ,#3800,#3801,#3802,#3803,#3804,#3805,#3806,#3807,#3808,#3809,#3810
      ,#3811,#3812,#3813,#3814,#3815,#3816,#3817,#3818,#3819,#3820,#3821
      ,#3822,#3823,#3824,#3825,#3826,#3827,#3828,#3829,#3830,#3831,#3832
      ,#3833,#3834,#3835,#3836,#3837,#3838,#3839,#3840,#3841,#3842,#3843
      ,#3844,#3845,#3846,#3847,#3848,#3849,#3850,#3851,#3852,#3853,#3854
      ,#3855,#3856,#3857,#3858,#3859,#3860,#3861,#3862,#3863,#3864,#3865
      ,#3866,#3867,#3868,#3869,#3870,#3871,#3872,#3873,#3874,#3875,#3876
      ,#3877,#3878,#3879,#3880,#3881,#3882,#3883,#3884,#3885,#3886,#3887
      ,#3888,#3889,#3890,#3891,#3892,#3893,#3894,#3895,#3896,#3897,#3898
      ,#3899,#3900,#3901,#3902,#3903,#3904,#3905,#3906,#3907,#3908,#3909
      ,#3910,#3911,#3912,#3913,#3914,#3915,#3916,#3917,#3918,#3919,#3920
      ,#3921,#3922,#3923,#3924,#3925,#3926,#3927,#3928,#3929,#3930,#3931
      ,#3932,#3933,#3934,#3935,#3936,#3937,#3938)
    ,(#3939,#3940,#3941,#3942,#3943,#3944,#3945,#3946,#3947,#3948,#3949
      ,#3950,#3951,#3952,#3953,#3954,#3955,#3956,#3957,#3958,#3959,#3960
      ,#3961,#3962,#3963,#3964,#3965,#3966,#3967,#3968,#3969,#3970,#3971
      ,#3972,#3973,#3974,#3975,#3976,#3977,#3978,#3979,#3980,#3981,#3982
      ,#3983,#3984,#3985,#3986,#3987,#3988,#3989,#3990,#3991,#3992,#3993
      ,#3994,#3995,#3996,#3997,#3998,#3999,#4000,#4001,#4002,#4003,#4004
      ,#4005,#4006,#4007,#4008,#4009,#4010,#4011,#4012,#4013,#4014,#4015
      ,#4016,#4017,#4018,#4019,#4020,#4021,#4022,#4023,#4024,#4025,#4026
      ,#4027,#4028,#4029,#4030,#4031,#4032,#4033,#4034,#4035,#4036,#4037
      ,#4038,#4039,#4040,#4041,#4042,#4043,#4044,#4045,#4046,#4047,#4048
      ,#4049,#4050,#4051,#4052,#4053,#4054,#4055,#4056,#4057,#4058,#4059
      ,#4060,#4061,#4062,#4063,#4064,#4065,#4066,#4067,#4068,#4069,#4070
      ,#4071,#4072,#4073,#4074,#4075,#4076,#4077,#4078,#4079,#4080,#4081
      ,#4082,#4083,#4084,#4085,#4086,#4087,#4088,#4089,#4090,#4091,#4092
      ,#4093,#4094,#4095,#4096,#4097,#4098,#4099,#4100,#4101,#4102,#4103
      ,#4104,#4105,#4106,#4107,#4108,#4109,#4110,#4111,#4112,#4113,#4114
      ,#4115,#4116,#4117,#4118,#4119,#4120,#4121,#4122,#4123,#4124,#4125
      ,#4126,#4127,#4128,#4129,#4130,#4131,#4132,#4133,#4134,#4135,#4136
      ,#4137,#4138,#4139,#4140,#4141,#4142,#4143,#4144,#4145,#4146,#4147
      ,#4148,#4149,#4150,#4151,#4152,#4153,#4154,#4155,#4156,#4157,#4158
      ,#4159,#4160,#4161,#4162,#4163,#4164,#4165,#4166,#4167,#4168,#4169
      ,#4170,#4171,#4172,#4173,#4174,#4175,#4176,#4177,#4178,#4179,#4180
      ,#4181,#4182,#4183,#4184,#4185,#4186,#4187,#4188,#4189,#4190,#4191
      ,#4192,#4193,#4194,#4195,#4196,#4197,#4198)
    ,(#4199,#4200,#4201,#4202,#4203,#4204,#4205,#4206,#4207,#4208,#4209
      ,#4210,#4211,#4212,#4213,#4214,#4215,#4216,#4217,#4218,#4219,#4220
      ,#4221,#4222,#4223,#4224,#4225,#4226,#4227,#4228,#4229,#4230,#4231
      ,#4232,#4233,#4234,#4235,#4236,#4237,#4238,#4239,#4240,#4241,#4242
      ,#4243,#4244,#4245,#4246,#4247,#4248,#4249,#4250,#4251,#4252,#4253
      ,#4254,#4255,#4256,#4257,#4258,#4259,#4260,#4261,#4262,#4263,#4264
      ,#4265,#4266,#4267,#4268,#4269,#4270,#4271,#4272,#4273,#4274,#4275
      ,#4276,#4277,#4278,#4279,#4280,#4281,#4282,#4283,#4284,#4285,#4286
      ,#4287,#4288,#4289,#4290,#4291,#4292,#4293,#4294,#4295,#4296,#4297
      ,#4298,#4299,#4300,#4301,#4302,#4303,#4304,#4305,#4306,#4307,#4308
      ,#4309,#4310,#4311,#4312,#4313,#4314,#4315,#4316,#4317,#4318,#4319
      ,#4320,#4321,#4322,#4323,#4324,#4325,#4326,#4327,#4328,#4329,#4330
      ,#4331,#4332,#4333,#4334,#4335,#4336,#4337,#4338,#4339,#4340,#4341
      ,#4342,#4343,#4344,#4345,#4346,#4347,#4348,#4349,#4350,#4351,#4352
      ,#4353,#4354,#4355,#4356,#4357,#4358,#4359,#4360,#4361,#4362,#4363
      ,#4364,#4365,#4366,#4367,#4368,#4369,#4370,#4371,#4372,#4373,#4374
      ,#4375,#4376,#4377,#4378,#4379,#4380,#4381,#4382,#4383,#4384,#4385
      ,#4386,#4387,#4388,#4389,#4390,#4391,#4392,#4393,#4394,#4395,#4396
      ,#4397,#4398,#4399,#4400,#4401,#4402,#4403,#4404,#4405,#4406,#4407
      ,#4408,#4409,#4410,#4411,#4412,#4413,#4414,#4415,#4416,#4417,#4418
      ,#4419,#4420,#4421,#4422,#4423,#4424,#4425,#4426,#4427,#4428,#4429
      ,#4430,#4431,#4432,#4433,#4434,#4435,#4436,#4437,#4438,#4439,#4440
      ,#4441,#4442,#4443,#4444,#4445,#4446,#4447,#4448,#4449,#4450,#4451
      ,#4452,#4453,#4454,#4455,#4456,#4457,#4458)
    ,(#4459,#4460,#4461,#4462,#4463,#4464,#4465,#4466,#4467,#4468,#4469
      ,#4470,#4471,#4472,#4473,#4474,#4475,#4476,#4477,#4478,#4479,#4480
      ,#4481,#4482,#4483,#4484,#4485,#4486,#4487,#4488,#4489,#4490,#4491
      ,#4492,#4493,#4494,#4495,#4496,#4497,#4498,#4499,#4500,#4501,#4502
      ,#4503,#4504,#4505,#4506,#4507,#4508,#4509,#4510,#4511,#4512,#4513
      ,#4514,#4515,#4516,#4517,#4518,#4519,#4520,#4521,#4522,#4523,#4524
      ,#4525,#4526,#4527,#4528,#4529,#4530,#4531,#4532,#4533,#4534,#4535
      ,#4536,#4537,#4538,#4539,#4540,#4541,#4542,#4543,#4544,#4545,#4546
      ,#4547,#4548,#4549,#4550,#4551,#4552,#4553,#4554,#4555,#4556,#4557
      ,#4558,#4559,#4560,#4561,#4562,#4563,#4564,#4565,#4566,#4567,#4568
      ,#4569,#4570,#4571,#4572,#4573,#4574,#4575,#4576,#4577,#4578,#4579
      ,#4580,#4581,#4582,#4583,#4584,#4585,#4586,#4587,#4588,#4589,#4590
      ,#4591,#4592,#4593,#4594,#4595,#4596,#4597,#4598,#4599,#4600,#4601
      ,#4602,#4603,#4604,#4605,#4606,#4607,#4608,#4609,#4610,#4611,#4612
      ,#4613,#4614,#4615,#4616,#4617,#4618,#4619,#4620,#4621,#4622,#4623
      ,#4624,#4625,#4626,#4627,#4628,#4629,#4630,#4631,#4632,#4633,#4634
      ,#4635,#4636,#4637,#4638,#4639,#4640,#4641,#4642,#4643,#4644,#4645
      ,#4646,#4647,#4648,#4649,#4650,#4651,#4652,#4653,#4654,#4655,#4656
      ,#4657,#4658,#4659,#4660,#4661,#4662,#4663,#4664,#4665,#4666,#4667
      ,#4668,#4669,#4670,#4671,#4672,#4673,#4674,#4675,#4676,#4677,#4678
      ,#4679,#4680,#4681,#4682,#4683,#4684,#4685,#4686,#4687,#4688,#4689
      ,#4690,#4691,#4692,#4693,#4694,#4695,#4696,#4697,#4698,#4699,#4700
      ,#4701,#4702,#4703,#4704,#4705,#4706,#4707,#4708,#4709,#4710,#4711
      ,#4712,#4713,#4714,#4715,#4716,#4717,#4718
  )),.UNSPECIFIED.,.F.,.T.,.F.,(3,2,2,3),(1,3,2,2,2,2,2,2,2,2,2,2,2,2,2,
    2,2,2,2,2,2,2,2,2,2,2,2,2,2,2,2,2,2,2,2,2,2,2,2,2,2,2,2,2,2,2,2,2,2,
    2,2,2,2,2,2,2,2,2,2,2,2,2,2,2,2,2,2,2,2,2,2,2,2,2,2,2,2,2,2,2,2,2,2,
    2,2,2,2,2,2,2,2,2,2,2,2,2,2,2,2,2,2,2,2,2,2,2,2,2,2,2,2,2,2,2,2,2,2,
    2,2,2,2,2,2,2,2,2,2,2,2,2,3,1),(-0.4875,-0.3,0.,1.),(
    -7.776634673575E-03,0.,7.8125E-03,1.562379226083E-02,
    2.343515802154E-02,3.124787627683E-02,3.906004643459E-02,
    4.687087833474E-02,5.468116956446E-02,6.249304578356E-02,
    7.030422203089E-02,7.811406021345E-02,8.592335778285E-02,
    9.373424015384E-02,0.101544422631,0.109353267188,0.117161571163,
    0.124971459748,0.1327806485,0.140588499528,0.148395810035,
    0.156204704905,0.164012900068,0.171819757684,0.179626074874,
    0.187433976276,0.195241178013,0.203047042342,0.210852366335,
    0.218659274314,0.226465482726,0.234270353897,0.242074684801,
    0.249880599509,0.257685814769,0.265489692954,0.273293030914,
    0.281097952483,0.288902174677,0.296705059974,0.30450740515,
    0.312311333704,0.320114562998,0.327916455589,0.335717808116,
    0.343520743833,0.351322980367,0.359123880343,0.366924240287,
    0.374726183228,0.382527427049,0.390327334507,0.398126701994,
    0.405927652231,0.413727903474,0.42152681853,0.429325193711,
    0.437125151491,0.444924410318,0.452722333098,0.460519716092,
    0.468318681459,0.476116947973,0.483913878605,0.491710269519,
    0.499508242628,0.507305516999,0.515101455656,0.522896854637,
    0.530693835616,0.538490117931,0.546285064709,0.554079471917,
    0.561875460891,0.569670751317,0.577464706399,0.585258121968,
    0.593053119115,0.600847417791,0.608640381269,0.616432805264,
    0.624226810645,0.632020117618,0.639812089587,0.647603522135,
    0.655396535822,0.663188851226,0.670979831803,0.678770273054,
    0.686562295295,0.694353619293,0.702143608604,0.709933058677,
    0.717724089514,0.725514422209,0.733303420381,0.741091879384,
    0.748881918971,0.756671260533,0.764459267739,0.772246735818,
    0.780035784286,0.7878241348,0.795611151137,0.803397628452,
    0.811185685924,0.818973045558,0.826759071208,0.834544557892,
    0.842331624546,0.85011799344,0.857903028494,0.865687524614,
    0.873473600511,0.88125897871,0.889043023264,0.896826528945,
    0.904611614158,0.912396001797,0.920179055968,0.927961571361,
    0.935745666135,0.943529063377,0.95131112729,0.959093275073,
    0.962984865599,0.966876056249,0.974652081687,0.982428563286,
    0.990203866677,0.997980501351,1.005793001351),.UNSPECIFIED.);
#2899 = CARTESIAN_POINT('',(-17.74165805912,-52.03288439221,
    59.967461269681));
#2900 = CARTESIAN_POINT('',(-17.74192358512,-52.03288439221,
    60.259026979681));
#2901 = CARTESIAN_POINT('',(-17.73480983312,-52.03288439221,
    60.549791842681));
#2902 = CARTESIAN_POINT('',(-17.70637710312,-52.03288439221,
    61.129699439681));
#2903 = CARTESIAN_POINT('',(-17.68506012412,-52.03288439221,
    61.418891342681));
#2904 = CARTESIAN_POINT('',(-17.62823106912,-52.03288439221,
    61.995824425681));
#2905 = CARTESIAN_POINT('',(-17.59271387412,-52.03288439221,
    62.283614831681));
#2906 = CARTESIAN_POINT('',(-17.50746260012,-52.03288439221,
    62.857914509681));
#2907 = CARTESIAN_POINT('',(-17.45771646912,-52.03288439221,
    63.144471411681));
#2908 = CARTESIAN_POINT('',(-17.34397959712,-52.03288439221,
    63.716350216681));
#2909 = CARTESIAN_POINT('',(-17.28030228512,-52.03288439221,
    64.000077181681));
#2910 = CARTESIAN_POINT('',(-17.13933411612,-52.03288439221,
    64.563156996681));
#2911 = CARTESIAN_POINT('',(-17.06203525212,-52.03288439221,
    64.842561921681));
#2912 = CARTESIAN_POINT('',(-16.89378533912,-52.03288439221,
    65.397208689681));
#2913 = CARTESIAN_POINT('',(-16.80277728312,-52.03288439221,
    65.672606628681));
#2914 = CARTESIAN_POINT('',(-16.60704762512,-52.03288439221,
    66.219427238681));
#2915 = CARTESIAN_POINT('',(-16.50230920812,-52.03288439221,
    66.490879736681));
#2916 = CARTESIAN_POINT('',(-16.27918765312,-52.03288439221,
    67.029586363681));
#2917 = CARTESIAN_POINT('',(-16.16138149712,-52.03288439221,
    67.295438767681));
#2918 = CARTESIAN_POINT('',(-15.91327057012,-52.03288439221,
    67.820197635681));
#2919 = CARTESIAN_POINT('',(-15.78294778512,-52.03288439221,
    68.079153612681));
#2920 = CARTESIAN_POINT('',(-15.50972453012,-52.03288439221,
    68.590319068681));
#2921 = CARTESIAN_POINT('',(-15.36673769612,-52.03288439221,
    68.842670522681));
#2922 = CARTESIAN_POINT('',(-15.06808951912,-52.03288439221,
    69.340799166681));
#2923 = CARTESIAN_POINT('',(-14.91240586612,-52.03288439221,
    69.586602328681));
#2924 = CARTESIAN_POINT('',(-14.58847508012,-52.03288439221,
    70.071429003681));
#2925 = CARTESIAN_POINT('',(-14.42106730612,-52.03288439221,
    70.309190286681));
#2926 = CARTESIAN_POINT('',(-14.07534838412,-52.03288439221,
    70.775462019681));
#2927 = CARTESIAN_POINT('',(-13.89700990912,-52.03288439221,
    71.004017516681));
#2928 = CARTESIAN_POINT('',(-13.52931312912,-52.03288439221,
    71.452057858681));
#2929 = CARTESIAN_POINT('',(-13.33984242012,-52.03288439221,
    71.671665103681));
#2930 = CARTESIAN_POINT('',(-12.94975260712,-52.03288439221,
    72.101958975681));
#2931 = CARTESIAN_POINT('',(-12.74910655412,-52.03288439221,
    72.312666725681));
#2932 = CARTESIAN_POINT('',(-12.33681501512,-52.03288439221,
    72.724981829681));
#2933 = CARTESIAN_POINT('',(-12.12623900912,-52.03288439221,
    72.925514960681));
#2934 = CARTESIAN_POINT('',(-11.69619787712,-52.03288439221,
    73.315380996681));
#2935 = CARTESIAN_POINT('',(-11.47669716112,-52.03288439221,
    73.504752753681));
#2936 = CARTESIAN_POINT('',(-11.02865723612,-52.03288439221,
    73.872450042681));
#2937 = CARTESIAN_POINT('',(-10.79998390612,-52.03288439221,
    74.050873693681));
#2938 = CARTESIAN_POINT('',(-10.33344338912,-52.03288439221,
    74.396796842681));
#2939 = CARTESIAN_POINT('',(-10.09554565112,-52.03288439221,
    74.564311798681));
#2940 = CARTESIAN_POINT('',(-9.610737491126,-52.03288439221,
    74.888270295681));
#2941 = CARTESIAN_POINT('',(-9.365085571126,-52.03288439221,
    75.043868896681));
#2942 = CARTESIAN_POINT('',(-8.867248468126,-52.03288439221,
    75.342346903681));
#2943 = CARTESIAN_POINT('',(-8.615020800126,-52.03288439221,
    75.485257469681));
#2944 = CARTESIAN_POINT('',(-8.103855654126,-52.03288439221,
    75.758481305681));
#2945 = CARTESIAN_POINT('',(-7.844767490126,-52.03288439221,
    75.888864642681));
#2946 = CARTESIAN_POINT('',(-7.319705160126,-52.03288439221,
    76.137123436681));
#2947 = CARTESIAN_POINT('',(-7.053698014126,-52.03288439221,
    76.255008092681));
#2948 = CARTESIAN_POINT('',(-6.515004140126,-52.03288439221,
    76.478160437681));
#2949 = CARTESIAN_POINT('',(-6.243716571126,-52.03288439221,
    76.582844943681));
#2950 = CARTESIAN_POINT('',(-5.697215098126,-52.03288439221,
    76.778464578681));
#2951 = CARTESIAN_POINT('',(-5.421953445126,-52.03288439221,
    76.869421981681));
#2952 = CARTESIAN_POINT('',(-4.867306868126,-52.03288439221,
    77.037672524681));
#2953 = CARTESIAN_POINT('',(-4.587760484126,-52.03288439221,
    77.115004989681));
#2954 = CARTESIAN_POINT('',(-4.024354191126,-52.03288439221,
    77.256058980681));
#2955 = CARTESIAN_POINT('',(-3.740460142126,-52.03288439221,
    77.319783096681));
#2956 = CARTESIAN_POINT('',(-3.168582257126,-52.03288439221,
    77.433553670681));
#2957 = CARTESIAN_POINT('',(-2.882084469126,-52.03288439221,
    77.483301113681));
#2958 = CARTESIAN_POINT('',(-2.307920370126,-52.03288439221,
    77.568544823681));
#2959 = CARTESIAN_POINT('',(-2.020202884126,-52.03288439221,
    77.604053620681));
#2960 = CARTESIAN_POINT('',(-1.443389633126,-52.03288439221,
    77.660865098681));
#2961 = CARTESIAN_POINT('',(-1.154127838126,-52.03288439221,
    77.682174847681));
#2962 = CARTESIAN_POINT('',(-0.574028971126,-52.03288439221,
    77.710603410681));
#2963 = CARTESIAN_POINT('',(-0.283157908126,-52.03288439221,
    77.717718103681));
#2964 = CARTESIAN_POINT('',(0.299927041874,-52.03288439221,
    77.717734767681));
#2965 = CARTESIAN_POINT('',(0.590625099874,-52.03288439221,
    77.710633381681));
#2966 = CARTESIAN_POINT('',(1.170387018874,-52.03288439221,
    77.682225299681));
#2967 = CARTESIAN_POINT('',(1.459503516874,-52.03288439221,
    77.660920907681));
#2968 = CARTESIAN_POINT('',(2.036316832874,-52.03288439221,
    77.604110085681));
#2969 = CARTESIAN_POINT('',(2.324177868874,-52.03288439221,
    77.568578196681));
#2970 = CARTESIAN_POINT('',(2.898676436874,-52.03288439221,
    77.483288837681));
#2971 = CARTESIAN_POINT('',(3.185346501874,-52.03288439221,
    77.433520695681));
#2972 = CARTESIAN_POINT('',(3.757230887874,-52.03288439221,
    77.319782807681));
#2973 = CARTESIAN_POINT('',(4.040957852874,-52.03288439221,
    77.256105495681));
#2974 = CARTESIAN_POINT('',(4.604037667874,-52.03288439221,
    77.115137326681));
#2975 = CARTESIAN_POINT('',(4.883442592874,-52.03288439221,
    77.037838462681));
#2976 = CARTESIAN_POINT('',(5.438089360874,-52.03288439221,
    76.869588549681));
#2977 = CARTESIAN_POINT('',(5.713487299874,-52.03288439221,
    76.778580493681));
#2978 = CARTESIAN_POINT('',(6.260307909874,-52.03288439221,
    76.582850835681));
#2979 = CARTESIAN_POINT('',(6.531760407874,-52.03288439221,
    76.478112418681));
#2980 = CARTESIAN_POINT('',(7.070467034874,-52.03288439221,
    76.254990863681));
#2981 = CARTESIAN_POINT('',(7.336319438874,-52.03288439221,
    76.137184707681));
#2982 = CARTESIAN_POINT('',(7.861078306874,-52.03288439221,
    75.889073780681));
#2983 = CARTESIAN_POINT('',(8.120034283874,-52.03288439221,
    75.758750995681));
#2984 = CARTESIAN_POINT('',(8.631199739874,-52.03288439221,
    75.485527740681));
#2985 = CARTESIAN_POINT('',(8.883551193874,-52.03288439221,
    75.342540906681));
#2986 = CARTESIAN_POINT('',(9.381679837874,-52.03288439221,
    75.043892729681));
#2987 = CARTESIAN_POINT('',(9.627482999874,-52.03288439221,
    74.888209076681));
#2988 = CARTESIAN_POINT('',(10.112309674874,-52.03288439221,
    74.564278290681));
#2989 = CARTESIAN_POINT('',(10.350070957874,-52.03288439221,
    74.396870516681));
#2990 = CARTESIAN_POINT('',(10.816342690874,-52.03288439221,
    74.051151594681));
#2991 = CARTESIAN_POINT('',(11.044898187874,-52.03288439221,
    73.872813119681));
#2992 = CARTESIAN_POINT('',(11.492938529874,-52.03288439221,
    73.505116339681));
#2993 = CARTESIAN_POINT('',(11.712545774874,-52.03288439221,
    73.315645630681));
#2994 = CARTESIAN_POINT('',(12.142839646874,-52.03288439221,
    72.925555817681));
#2995 = CARTESIAN_POINT('',(12.353547396874,-52.03288439221,
    72.724909764681));
#2996 = CARTESIAN_POINT('',(12.765862500874,-52.03288439221,
    72.312618225681));
#2997 = CARTESIAN_POINT('',(12.966395631874,-52.03288439221,
    72.102042219681));
#2998 = CARTESIAN_POINT('',(13.356261667874,-52.03288439221,
    71.672001087681));
#2999 = CARTESIAN_POINT('',(13.545633424874,-52.03288439221,
    71.452500371681));
#3000 = CARTESIAN_POINT('',(13.913330713874,-52.03288439221,
    71.004460446681));
#3001 = CARTESIAN_POINT('',(14.091754364874,-52.03288439221,
    70.775787116681));
#3002 = CARTESIAN_POINT('',(14.437677513874,-52.03288439221,
    70.309246599681));
#3003 = CARTESIAN_POINT('',(14.605192469874,-52.03288439221,
    70.071348861681));
#3004 = CARTESIAN_POINT('',(14.929150966874,-52.03288439221,
    69.586540701681));
#3005 = CARTESIAN_POINT('',(15.084749567874,-52.03288439221,
    69.340888781681));
#3006 = CARTESIAN_POINT('',(15.383227574874,-52.03288439221,
    68.843051678681));
#3007 = CARTESIAN_POINT('',(15.526138140874,-52.03288439221,
    68.590824010681));
#3008 = CARTESIAN_POINT('',(15.799361976874,-52.03288439221,
    68.079658864681));
#3009 = CARTESIAN_POINT('',(15.929745313874,-52.03288439221,
    67.820570700681));
#3010 = CARTESIAN_POINT('',(16.178004107874,-52.03288439221,
    67.295508370681));
#3011 = CARTESIAN_POINT('',(16.295888763874,-52.03288439221,
    67.029501224681));
#3012 = CARTESIAN_POINT('',(16.519041108874,-52.03288439221,
    66.490807350681));
#3013 = CARTESIAN_POINT('',(16.623725614874,-52.03288439221,
    66.219519781681));
#3014 = CARTESIAN_POINT('',(16.819345249874,-52.03288439221,
    65.673018308681));
#3015 = CARTESIAN_POINT('',(16.910302652874,-52.03288439221,
    65.397756655681));
#3016 = CARTESIAN_POINT('',(17.078553195874,-52.03288439221,
    64.843110078681));
#3017 = CARTESIAN_POINT('',(17.155885660874,-52.03288439221,
    64.563563694681));
#3018 = CARTESIAN_POINT('',(17.296939651874,-52.03288439221,
    64.000157401681));
#3019 = CARTESIAN_POINT('',(17.360663767874,-52.03288439221,
    63.716263352681));
#3020 = CARTESIAN_POINT('',(17.474434341874,-52.03288439221,
    63.144385467681));
#3021 = CARTESIAN_POINT('',(17.524181784874,-52.03288439221,
    62.857887679681));
#3022 = CARTESIAN_POINT('',(17.609425494874,-52.03288439221,
    62.283723580681));
#3023 = CARTESIAN_POINT('',(17.644934291874,-52.03288439221,
    61.996006094681));
#3024 = CARTESIAN_POINT('',(17.701745769874,-52.03288439221,
    61.419192843681));
#3025 = CARTESIAN_POINT('',(17.723055518874,-52.03288439221,
    61.129931048681));
#3026 = CARTESIAN_POINT('',(17.751484081874,-52.03288439221,
    60.549832181681));
#3027 = CARTESIAN_POINT('',(17.758598774874,-52.03288439221,
    60.258961118681));
#3028 = CARTESIAN_POINT('',(17.758615438874,-52.03288439221,
    59.675876168681));
#3029 = CARTESIAN_POINT('',(17.751514052874,-52.03288439221,
    59.385178110681));
#3030 = CARTESIAN_POINT('',(17.723105970874,-52.03288439221,
    58.805416191681));
#3031 = CARTESIAN_POINT('',(17.701801578874,-52.03288439221,
    58.516299693681));
#3032 = CARTESIAN_POINT('',(17.644990756874,-52.03288439221,
    57.939486377681));
#3033 = CARTESIAN_POINT('',(17.609458867874,-52.03288439221,
    57.651625341681));
#3034 = CARTESIAN_POINT('',(17.524169508874,-52.03288439221,
    57.077126773681));
#3035 = CARTESIAN_POINT('',(17.474401366874,-52.03288439221,
    56.790456708681));
#3036 = CARTESIAN_POINT('',(17.360663478874,-52.03288439221,
    56.218572322681));
#3037 = CARTESIAN_POINT('',(17.296986166874,-52.03288439221,
    55.934845357681));
#3038 = CARTESIAN_POINT('',(17.156017997874,-52.03288439221,
    55.371765542681));
#3039 = CARTESIAN_POINT('',(17.078719133874,-52.03288439221,
    55.092360617681));
#3040 = CARTESIAN_POINT('',(16.910469220874,-52.03288439221,
    54.537713849681));
#3041 = CARTESIAN_POINT('',(16.819461164874,-52.03288439221,
    54.262315910681));
#3042 = CARTESIAN_POINT('',(16.623731506874,-52.03288439221,
    53.715495300681));
#3043 = CARTESIAN_POINT('',(16.518993089874,-52.03288439221,
    53.444042802681));
#3044 = CARTESIAN_POINT('',(16.295871534874,-52.03288439221,
    52.905336175681));
#3045 = CARTESIAN_POINT('',(16.178065378874,-52.03288439221,
    52.639483771681));
#3046 = CARTESIAN_POINT('',(15.929954451874,-52.03288439221,
    52.114724903681));
#3047 = CARTESIAN_POINT('',(15.799631666874,-52.03288439221,
    51.855768926681));
#3048 = CARTESIAN_POINT('',(15.526408411874,-52.03288439221,
    51.344603470681));
#3049 = CARTESIAN_POINT('',(15.383421577874,-52.03288439221,
    51.092252016681));
#3050 = CARTESIAN_POINT('',(15.084773400874,-52.03288439221,
    50.594123372681));
#3051 = CARTESIAN_POINT('',(14.929089747874,-52.03288439221,
    50.348320210681));
#3052 = CARTESIAN_POINT('',(14.605158961874,-52.03288439221,
    49.863493535681));
#3053 = CARTESIAN_POINT('',(14.437751187874,-52.03288439221,
    49.625732252681));
#3054 = CARTESIAN_POINT('',(14.092032265874,-52.03288439221,
    49.159460519681));
#3055 = CARTESIAN_POINT('',(13.913693790874,-52.03288439221,
    48.930905022681));
#3056 = CARTESIAN_POINT('',(13.545997010874,-52.03288439221,
    48.482864680681));
#3057 = CARTESIAN_POINT('',(13.356526301874,-52.03288439221,
    48.263257435681));
#3058 = CARTESIAN_POINT('',(12.966436488874,-52.03288439221,
    47.832963563681));
#3059 = CARTESIAN_POINT('',(12.765790435874,-52.03288439221,
    47.622255813681));
#3060 = CARTESIAN_POINT('',(12.353498896874,-52.03288439221,
    47.209940709681));
#3061 = CARTESIAN_POINT('',(12.142922890874,-52.03288439221,
    47.009407578681));
#3062 = CARTESIAN_POINT('',(11.712881758874,-52.03288439221,
    46.619541542681));
#3063 = CARTESIAN_POINT('',(11.493381042874,-52.03288439221,
    46.430169785681));
#3064 = CARTESIAN_POINT('',(11.045341117874,-52.03288439221,
    46.062472496681));
#3065 = CARTESIAN_POINT('',(10.816667787874,-52.03288439221,
    45.884048845681));
#3066 = CARTESIAN_POINT('',(10.350127270874,-52.03288439221,
    45.538125696681));
#3067 = CARTESIAN_POINT('',(10.112229532874,-52.03288439221,
    45.370610740681));
#3068 = CARTESIAN_POINT('',(9.627421372874,-52.03288439221,
    45.046652243681));
#3069 = CARTESIAN_POINT('',(9.381769452874,-52.03288439221,
    44.891053642681));
#3070 = CARTESIAN_POINT('',(8.883932349874,-52.03288439221,
    44.592575635681));
#3071 = CARTESIAN_POINT('',(8.631704681874,-52.03288439221,
    44.449665069681));
#3072 = CARTESIAN_POINT('',(8.120539535874,-52.03288439221,
    44.176441233681));
#3073 = CARTESIAN_POINT('',(7.861451371874,-52.03288439221,
    44.046057896681));
#3074 = CARTESIAN_POINT('',(7.336389041874,-52.03288439221,
    43.797799102681));
#3075 = CARTESIAN_POINT('',(7.070381895874,-52.03288439221,
    43.679914446681));
#3076 = CARTESIAN_POINT('',(6.531688021874,-52.03288439221,
    43.456762101681));
#3077 = CARTESIAN_POINT('',(6.260400452874,-52.03288439221,
    43.352077595681));
#3078 = CARTESIAN_POINT('',(5.713898979874,-52.03288439221,
    43.156457960681));
#3079 = CARTESIAN_POINT('',(5.438637326874,-52.03288439221,
    43.065500557681));
#3080 = CARTESIAN_POINT('',(4.883990749874,-52.03288439221,
    42.897250014681));
#3081 = CARTESIAN_POINT('',(4.604444365874,-52.03288439221,
    42.819917549681));
#3082 = CARTESIAN_POINT('',(4.041038072874,-52.03288439221,
    42.678863558681));
#3083 = CARTESIAN_POINT('',(3.757144023874,-52.03288439221,
    42.615139442681));
#3084 = CARTESIAN_POINT('',(3.185266138874,-52.03288439221,
    42.501368868681));
#3085 = CARTESIAN_POINT('',(2.898768350874,-52.03288439221,
    42.451621425681));
#3086 = CARTESIAN_POINT('',(2.324604251874,-52.03288439221,
    42.366377715681));
#3087 = CARTESIAN_POINT('',(2.036886765874,-52.03288439221,
    42.330868918681));
#3088 = CARTESIAN_POINT('',(1.460073514874,-52.03288439221,
    42.274057440681));
#3089 = CARTESIAN_POINT('',(1.170811719874,-52.03288439221,
    42.252747691681));
#3090 = CARTESIAN_POINT('',(0.590712852874,-52.03288439221,
    42.224319128681));
#3091 = CARTESIAN_POINT('',(0.299841789874,-52.03288439221,
    42.217204435681));
#3092 = CARTESIAN_POINT('',(-0.283243160126,-52.03288439221,
    42.217187771681));
#3093 = CARTESIAN_POINT('',(-0.573941218126,-52.03288439221,
    42.224289157681));
#3094 = CARTESIAN_POINT('',(-1.153703137126,-52.03288439221,
    42.252697239681));
#3095 = CARTESIAN_POINT('',(-1.442819635126,-52.03288439221,
    42.274001631681));
#3096 = CARTESIAN_POINT('',(-2.019632951126,-52.03288439221,
    42.330812453681));
#3097 = CARTESIAN_POINT('',(-2.307493987126,-52.03288439221,
    42.366344342681));
#3098 = CARTESIAN_POINT('',(-2.881992555126,-52.03288439221,
    42.451633701681));
#3099 = CARTESIAN_POINT('',(-3.168662620126,-52.03288439221,
    42.501401843681));
#3100 = CARTESIAN_POINT('',(-3.740547006126,-52.03288439221,
    42.615139731681));
#3101 = CARTESIAN_POINT('',(-4.024273971126,-52.03288439221,
    42.678817043681));
#3102 = CARTESIAN_POINT('',(-4.587353786126,-52.03288439221,
    42.819785212681));
#3103 = CARTESIAN_POINT('',(-4.866758711126,-52.03288439221,
    42.897084076681));
#3104 = CARTESIAN_POINT('',(-5.421405479126,-52.03288439221,
    43.065333989681));
#3105 = CARTESIAN_POINT('',(-5.696803418126,-52.03288439221,
    43.156342045681));
#3106 = CARTESIAN_POINT('',(-6.243624028126,-52.03288439221,
    43.352071703681));
#3107 = CARTESIAN_POINT('',(-6.515076526126,-52.03288439221,
    43.456810120681));
#3108 = CARTESIAN_POINT('',(-7.053783153126,-52.03288439221,
    43.679931675681));
#3109 = CARTESIAN_POINT('',(-7.319635557126,-52.03288439221,
    43.797737831681));
#3110 = CARTESIAN_POINT('',(-7.844394425126,-52.03288439221,
    44.045848758681));
#3111 = CARTESIAN_POINT('',(-8.103350402126,-52.03288439221,
    44.176171543681));
#3112 = CARTESIAN_POINT('',(-8.614515858126,-52.03288439221,
    44.449394798681));
#3113 = CARTESIAN_POINT('',(-8.866867312126,-52.03288439221,
    44.592381632681));
#3114 = CARTESIAN_POINT('',(-9.364995956126,-52.03288439221,
    44.891029809681));
#3115 = CARTESIAN_POINT('',(-9.610799118126,-52.03288439221,
    45.046713462681));
#3116 = CARTESIAN_POINT('',(-10.09562579312,-52.03288439221,
    45.370644248681));
#3117 = CARTESIAN_POINT('',(-10.33338707612,-52.03288439221,
    45.538052022681));
#3118 = CARTESIAN_POINT('',(-10.79965880912,-52.03288439221,
    45.883770944681));
#3119 = CARTESIAN_POINT('',(-11.02821430612,-52.03288439221,
    46.062109419681));
#3120 = CARTESIAN_POINT('',(-11.47625464812,-52.03288439221,
    46.429806199681));
#3121 = CARTESIAN_POINT('',(-11.69586189312,-52.03288439221,
    46.619276908681));
#3122 = CARTESIAN_POINT('',(-12.12615576512,-52.03288439221,
    47.009366721681));
#3123 = CARTESIAN_POINT('',(-12.33686351512,-52.03288439221,
    47.210012774681));
#3124 = CARTESIAN_POINT('',(-12.74917861912,-52.03288439221,
    47.622304313681));
#3125 = CARTESIAN_POINT('',(-12.94971175012,-52.03288439221,
    47.832880319681));
#3126 = CARTESIAN_POINT('',(-13.33957778612,-52.03288439221,
    48.262921451681));
#3127 = CARTESIAN_POINT('',(-13.52894954312,-52.03288439221,
    48.482422167681));
#3128 = CARTESIAN_POINT('',(-13.89664683212,-52.03288439221,
    48.930462092681));
#3129 = CARTESIAN_POINT('',(-14.07507048312,-52.03288439221,
    49.159135422681));
#3130 = CARTESIAN_POINT('',(-14.42099363212,-52.03288439221,
    49.625675939681));
#3131 = CARTESIAN_POINT('',(-14.58850858812,-52.03288439221,
    49.863573677681));
#3132 = CARTESIAN_POINT('',(-14.91246708512,-52.03288439221,
    50.348381837681));
#3133 = CARTESIAN_POINT('',(-15.06806568612,-52.03288439221,
    50.594033757681));
#3134 = CARTESIAN_POINT('',(-15.36654369312,-52.03288439221,
    51.091870860681));
#3135 = CARTESIAN_POINT('',(-15.50945425912,-52.03288439221,
    51.344098528681));
#3136 = CARTESIAN_POINT('',(-15.78267809512,-52.03288439221,
    51.855263674681));
#3137 = CARTESIAN_POINT('',(-15.91306143212,-52.03288439221,
    52.114351838681));
#3138 = CARTESIAN_POINT('',(-16.16132022612,-52.03288439221,
    52.639414168681));
#3139 = CARTESIAN_POINT('',(-16.27920488212,-52.03288439221,
    52.905421314681));
#3140 = CARTESIAN_POINT('',(-16.50235722712,-52.03288439221,
    53.444115188681));
#3141 = CARTESIAN_POINT('',(-16.60704173312,-52.03288439221,
    53.715402757681));
#3142 = CARTESIAN_POINT('',(-16.80266136812,-52.03288439221,
    54.261904230681));
#3143 = CARTESIAN_POINT('',(-16.89361877112,-52.03288439221,
    54.537165883681));
#3144 = CARTESIAN_POINT('',(-17.06187568112,-52.03288439221,
    55.091834757681));
#3145 = CARTESIAN_POINT('',(-17.13919028612,-52.03288439221,
    55.371292809681));
#3146 = CARTESIAN_POINT('',(-17.24476231412,-52.03288439221,
    55.793789050681));
#3147 = CARTESIAN_POINT('',(-17.27832111212,-52.03288439221,
    55.935167364681));
#3148 = CARTESIAN_POINT('',(-17.34203613812,-52.03288439221,
    56.219019314681));
#3149 = CARTESIAN_POINT('',(-17.37231090212,-52.03288439221,
    56.362087198681));
#3150 = CARTESIAN_POINT('',(-17.45754764812,-52.03288439221,
    56.789502536681));
#3151 = CARTESIAN_POINT('',(-17.50719532012,-52.03288439221,
    57.075647653681));
#3152 = CARTESIAN_POINT('',(-17.59240106512,-52.03288439221,
    57.650101288681));
#3153 = CARTESIAN_POINT('',(-17.62796112112,-52.03288439221,
    57.938434567681));
#3154 = CARTESIAN_POINT('',(-17.68495140212,-52.03288439221,
    58.516894107681));
#3155 = CARTESIAN_POINT('',(-17.70631686612,-52.03288439221,
    58.806438416681));
#3156 = CARTESIAN_POINT('',(-17.73480420212,-52.03288439221,
    59.386328040681));
#3157 = CARTESIAN_POINT('',(-17.74192520412,-52.03288439221,
    59.675994744681));
#3158 = CARTESIAN_POINT('',(-17.74165805912,-52.03288439221,
    59.967461269681));
#3159 = CARTESIAN_POINT('',(-17.74165805912,-52.22038439221,
    59.967461269681));
#3160 = CARTESIAN_POINT('',(-17.74192358512,-52.22038439221,
    60.259026979681));
#3161 = CARTESIAN_POINT('',(-17.73480983312,-52.22038439221,
    60.549791842681));
#3162 = CARTESIAN_POINT('',(-17.70637710312,-52.22038439221,
    61.129699439681));
#3163 = CARTESIAN_POINT('',(-17.68506012412,-52.22038439221,
    61.418891342681));
#3164 = CARTESIAN_POINT('',(-17.62823106912,-52.22038439221,
    61.995824425681));
#3165 = CARTESIAN_POINT('',(-17.59271387412,-52.22038439221,
    62.283614831681));
#3166 = CARTESIAN_POINT('',(-17.50746260012,-52.22038439221,
    62.857914509681));
#3167 = CARTESIAN_POINT('',(-17.45771646912,-52.22038439221,
    63.144471411681));
#3168 = CARTESIAN_POINT('',(-17.34397959712,-52.22038439221,
    63.716350216681));
#3169 = CARTESIAN_POINT('',(-17.28030228512,-52.22038439221,
    64.000077181681));
#3170 = CARTESIAN_POINT('',(-17.13933411612,-52.22038439221,
    64.563156996681));
#3171 = CARTESIAN_POINT('',(-17.06203525212,-52.22038439221,
    64.842561921681));
#3172 = CARTESIAN_POINT('',(-16.89378533912,-52.22038439221,
    65.397208689681));
#3173 = CARTESIAN_POINT('',(-16.80277728312,-52.22038439221,
    65.672606628681));
#3174 = CARTESIAN_POINT('',(-16.60704762512,-52.22038439221,
    66.219427238681));
#3175 = CARTESIAN_POINT('',(-16.50230920812,-52.22038439221,
    66.490879736681));
#3176 = CARTESIAN_POINT('',(-16.27918765312,-52.22038439221,
    67.029586363681));
#3177 = CARTESIAN_POINT('',(-16.16138149712,-52.22038439221,
    67.295438767681));
#3178 = CARTESIAN_POINT('',(-15.91327057012,-52.22038439221,
    67.820197635681));
#3179 = CARTESIAN_POINT('',(-15.78294778512,-52.22038439221,
    68.079153612681));
#3180 = CARTESIAN_POINT('',(-15.50972453012,-52.22038439221,
    68.590319068681));
#3181 = CARTESIAN_POINT('',(-15.36673769612,-52.22038439221,
    68.842670522681));
#3182 = CARTESIAN_POINT('',(-15.06808951912,-52.22038439221,
    69.340799166681));
#3183 = CARTESIAN_POINT('',(-14.91240586612,-52.22038439221,
    69.586602328681));
#3184 = CARTESIAN_POINT('',(-14.58847508012,-52.22038439221,
    70.071429003681));
#3185 = CARTESIAN_POINT('',(-14.42106730612,-52.22038439221,
    70.309190286681));
#3186 = CARTESIAN_POINT('',(-14.07534838412,-52.22038439221,
    70.775462019681));
#3187 = CARTESIAN_POINT('',(-13.89700990912,-52.22038439221,
    71.004017516681));
#3188 = CARTESIAN_POINT('',(-13.52931312912,-52.22038439221,
    71.452057858681));
#3189 = CARTESIAN_POINT('',(-13.33984242012,-52.22038439221,
    71.671665103681));
#3190 = CARTESIAN_POINT('',(-12.94975260712,-52.22038439221,
    72.101958975681));
#3191 = CARTESIAN_POINT('',(-12.74910655412,-52.22038439221,
    72.312666725681));
#3192 = CARTESIAN_POINT('',(-12.33681501512,-52.22038439221,
    72.724981829681));
#3193 = CARTESIAN_POINT('',(-12.12623900912,-52.22038439221,
    72.925514960681));
#3194 = CARTESIAN_POINT('',(-11.69619787712,-52.22038439221,
    73.315380996681));
#3195 = CARTESIAN_POINT('',(-11.47669716112,-52.22038439221,
    73.504752753681));
#3196 = CARTESIAN_POINT('',(-11.02865723612,-52.22038439221,
    73.872450042681));
#3197 = CARTESIAN_POINT('',(-10.79998390612,-52.22038439221,
    74.050873693681));
#3198 = CARTESIAN_POINT('',(-10.33344338912,-52.22038439221,
    74.396796842681));
#3199 = CARTESIAN_POINT('',(-10.09554565112,-52.22038439221,
    74.564311798681));
#3200 = CARTESIAN_POINT('',(-9.610737491126,-52.22038439221,
    74.888270295681));
#3201 = CARTESIAN_POINT('',(-9.365085571126,-52.22038439221,
    75.043868896681));
#3202 = CARTESIAN_POINT('',(-8.867248468126,-52.22038439221,
    75.342346903681));
#3203 = CARTESIAN_POINT('',(-8.615020800126,-52.22038439221,
    75.485257469681));
#3204 = CARTESIAN_POINT('',(-8.103855654126,-52.22038439221,
    75.758481305681));
#3205 = CARTESIAN_POINT('',(-7.844767490126,-52.22038439221,
    75.888864642681));
#3206 = CARTESIAN_POINT('',(-7.319705160126,-52.22038439221,
    76.137123436681));
#3207 = CARTESIAN_POINT('',(-7.053698014126,-52.22038439221,
    76.255008092681));
#3208 = CARTESIAN_POINT('',(-6.515004140126,-52.22038439221,
    76.478160437681));
#3209 = CARTESIAN_POINT('',(-6.243716571126,-52.22038439221,
    76.582844943681));
#3210 = CARTESIAN_POINT('',(-5.697215098126,-52.22038439221,
    76.778464578681));
#3211 = CARTESIAN_POINT('',(-5.421953445126,-52.22038439221,
    76.869421981681));
#3212 = CARTESIAN_POINT('',(-4.867306868126,-52.22038439221,
    77.037672524681));
#3213 = CARTESIAN_POINT('',(-4.587760484126,-52.22038439221,
    77.115004989681));
#3214 = CARTESIAN_POINT('',(-4.024354191126,-52.22038439221,
    77.256058980681));
#3215 = CARTESIAN_POINT('',(-3.740460142126,-52.22038439221,
    77.319783096681));
#3216 = CARTESIAN_POINT('',(-3.168582257126,-52.22038439221,
    77.433553670681));
#3217 = CARTESIAN_POINT('',(-2.882084469126,-52.22038439221,
    77.483301113681));
#3218 = CARTESIAN_POINT('',(-2.307920370126,-52.22038439221,
    77.568544823681));
#3219 = CARTESIAN_POINT('',(-2.020202884126,-52.22038439221,
    77.604053620681));
#3220 = CARTESIAN_POINT('',(-1.443389633126,-52.22038439221,
    77.660865098681));
#3221 = CARTESIAN_POINT('',(-1.154127838126,-52.22038439221,
    77.682174847681));
#3222 = CARTESIAN_POINT('',(-0.574028971126,-52.22038439221,
    77.710603410681));
#3223 = CARTESIAN_POINT('',(-0.283157908126,-52.22038439221,
    77.717718103681));
#3224 = CARTESIAN_POINT('',(0.299927041874,-52.22038439221,
    77.717734767681));
#3225 = CARTESIAN_POINT('',(0.590625099874,-52.22038439221,
    77.710633381681));
#3226 = CARTESIAN_POINT('',(1.170387018874,-52.22038439221,
    77.682225299681));
#3227 = CARTESIAN_POINT('',(1.459503516874,-52.22038439221,
    77.660920907681));
#3228 = CARTESIAN_POINT('',(2.036316832874,-52.22038439221,
    77.604110085681));
#3229 = CARTESIAN_POINT('',(2.324177868874,-52.22038439221,
    77.568578196681));
#3230 = CARTESIAN_POINT('',(2.898676436874,-52.22038439221,
    77.483288837681));
#3231 = CARTESIAN_POINT('',(3.185346501874,-52.22038439221,
    77.433520695681));
#3232 = CARTESIAN_POINT('',(3.757230887874,-52.22038439221,
    77.319782807681));
#3233 = CARTESIAN_POINT('',(4.040957852874,-52.22038439221,
    77.256105495681));
#3234 = CARTESIAN_POINT('',(4.604037667874,-52.22038439221,
    77.115137326681));
#3235 = CARTESIAN_POINT('',(4.883442592874,-52.22038439221,
    77.037838462681));
#3236 = CARTESIAN_POINT('',(5.438089360874,-52.22038439221,
    76.869588549681));
#3237 = CARTESIAN_POINT('',(5.713487299874,-52.22038439221,
    76.778580493681));
#3238 = CARTESIAN_POINT('',(6.260307909874,-52.22038439221,
    76.582850835681));
#3239 = CARTESIAN_POINT('',(6.531760407874,-52.22038439221,
    76.478112418681));
#3240 = CARTESIAN_POINT('',(7.070467034874,-52.22038439221,
    76.254990863681));
#3241 = CARTESIAN_POINT('',(7.336319438874,-52.22038439221,
    76.137184707681));
#3242 = CARTESIAN_POINT('',(7.861078306874,-52.22038439221,
    75.889073780681));
#3243 = CARTESIAN_POINT('',(8.120034283874,-52.22038439221,
    75.758750995681));
#3244 = CARTESIAN_POINT('',(8.631199739874,-52.22038439221,
    75.485527740681));
#3245 = CARTESIAN_POINT('',(8.883551193874,-52.22038439221,
    75.342540906681));
#3246 = CARTESIAN_POINT('',(9.381679837874,-52.22038439221,
    75.043892729681));
#3247 = CARTESIAN_POINT('',(9.627482999874,-52.22038439221,
    74.888209076681));
#3248 = CARTESIAN_POINT('',(10.112309674874,-52.22038439221,
    74.564278290681));
#3249 = CARTESIAN_POINT('',(10.350070957874,-52.22038439221,
    74.396870516681));
#3250 = CARTESIAN_POINT('',(10.816342690874,-52.22038439221,
    74.051151594681));
#3251 = CARTESIAN_POINT('',(11.044898187874,-52.22038439221,
    73.872813119681));
#3252 = CARTESIAN_POINT('',(11.492938529874,-52.22038439221,
    73.505116339681));
#3253 = CARTESIAN_POINT('',(11.712545774874,-52.22038439221,
    73.315645630681));
#3254 = CARTESIAN_POINT('',(12.142839646874,-52.22038439221,
    72.925555817681));
#3255 = CARTESIAN_POINT('',(12.353547396874,-52.22038439221,
    72.724909764681));
#3256 = CARTESIAN_POINT('',(12.765862500874,-52.22038439221,
    72.312618225681));
#3257 = CARTESIAN_POINT('',(12.966395631874,-52.22038439221,
    72.102042219681));
#3258 = CARTESIAN_POINT('',(13.356261667874,-52.22038439221,
    71.672001087681));
#3259 = CARTESIAN_POINT('',(13.545633424874,-52.22038439221,
    71.452500371681));
#3260 = CARTESIAN_POINT('',(13.913330713874,-52.22038439221,
    71.004460446681));
#3261 = CARTESIAN_POINT('',(14.091754364874,-52.22038439221,
    70.775787116681));
#3262 = CARTESIAN_POINT('',(14.437677513874,-52.22038439221,
    70.309246599681));
#3263 = CARTESIAN_POINT('',(14.605192469874,-52.22038439221,
    70.071348861681));
#3264 = CARTESIAN_POINT('',(14.929150966874,-52.22038439221,
    69.586540701681));
#3265 = CARTESIAN_POINT('',(15.084749567874,-52.22038439221,
    69.340888781681));
#3266 = CARTESIAN_POINT('',(15.383227574874,-52.22038439221,
    68.843051678681));
#3267 = CARTESIAN_POINT('',(15.526138140874,-52.22038439221,
    68.590824010681));
#3268 = CARTESIAN_POINT('',(15.799361976874,-52.22038439221,
    68.079658864681));
#3269 = CARTESIAN_POINT('',(15.929745313874,-52.22038439221,
    67.820570700681));
#3270 = CARTESIAN_POINT('',(16.178004107874,-52.22038439221,
    67.295508370681));
#3271 = CARTESIAN_POINT('',(16.295888763874,-52.22038439221,
    67.029501224681));
#3272 = CARTESIAN_POINT('',(16.519041108874,-52.22038439221,
    66.490807350681));
#3273 = CARTESIAN_POINT('',(16.623725614874,-52.22038439221,
    66.219519781681));
#3274 = CARTESIAN_POINT('',(16.819345249874,-52.22038439221,
    65.673018308681));
#3275 = CARTESIAN_POINT('',(16.910302652874,-52.22038439221,
    65.397756655681));
#3276 = CARTESIAN_POINT('',(17.078553195874,-52.22038439221,
    64.843110078681));
#3277 = CARTESIAN_POINT('',(17.155885660874,-52.22038439221,
    64.563563694681));
#3278 = CARTESIAN_POINT('',(17.296939651874,-52.22038439221,
    64.000157401681));
#3279 = CARTESIAN_POINT('',(17.360663767874,-52.22038439221,
    63.716263352681));
#3280 = CARTESIAN_POINT('',(17.474434341874,-52.22038439221,
    63.144385467681));
#3281 = CARTESIAN_POINT('',(17.524181784874,-52.22038439221,
    62.857887679681));
#3282 = CARTESIAN_POINT('',(17.609425494874,-52.22038439221,
    62.283723580681));
#3283 = CARTESIAN_POINT('',(17.644934291874,-52.22038439221,
    61.996006094681));
#3284 = CARTESIAN_POINT('',(17.701745769874,-52.22038439221,
    61.419192843681));
#3285 = CARTESIAN_POINT('',(17.723055518874,-52.22038439221,
    61.129931048681));
#3286 = CARTESIAN_POINT('',(17.751484081874,-52.22038439221,
    60.549832181681));
#3287 = CARTESIAN_POINT('',(17.758598774874,-52.22038439221,
    60.258961118681));
#3288 = CARTESIAN_POINT('',(17.758615438874,-52.22038439221,
    59.675876168681));
#3289 = CARTESIAN_POINT('',(17.751514052874,-52.22038439221,
    59.385178110681));
#3290 = CARTESIAN_POINT('',(17.723105970874,-52.22038439221,
    58.805416191681));
#3291 = CARTESIAN_POINT('',(17.701801578874,-52.22038439221,
    58.516299693681));
#3292 = CARTESIAN_POINT('',(17.644990756874,-52.22038439221,
    57.939486377681));
#3293 = CARTESIAN_POINT('',(17.609458867874,-52.22038439221,
    57.651625341681));
#3294 = CARTESIAN_POINT('',(17.524169508874,-52.22038439221,
    57.077126773681));
#3295 = CARTESIAN_POINT('',(17.474401366874,-52.22038439221,
    56.790456708681));
#3296 = CARTESIAN_POINT('',(17.360663478874,-52.22038439221,
    56.218572322681));
#3297 = CARTESIAN_POINT('',(17.296986166874,-52.22038439221,
    55.934845357681));
#3298 = CARTESIAN_POINT('',(17.156017997874,-52.22038439221,
    55.371765542681));
#3299 = CARTESIAN_POINT('',(17.078719133874,-52.22038439221,
    55.092360617681));
#3300 = CARTESIAN_POINT('',(16.910469220874,-52.22038439221,
    54.537713849681));
#3301 = CARTESIAN_POINT('',(16.819461164874,-52.22038439221,
    54.262315910681));
#3302 = CARTESIAN_POINT('',(16.623731506874,-52.22038439221,
    53.715495300681));
#3303 = CARTESIAN_POINT('',(16.518993089874,-52.22038439221,
    53.444042802681));
#3304 = CARTESIAN_POINT('',(16.295871534874,-52.22038439221,
    52.905336175681));
#3305 = CARTESIAN_POINT('',(16.178065378874,-52.22038439221,
    52.639483771681));
#3306 = CARTESIAN_POINT('',(15.929954451874,-52.22038439221,
    52.114724903681));
#3307 = CARTESIAN_POINT('',(15.799631666874,-52.22038439221,
    51.855768926681));
#3308 = CARTESIAN_POINT('',(15.526408411874,-52.22038439221,
    51.344603470681));
#3309 = CARTESIAN_POINT('',(15.383421577874,-52.22038439221,
    51.092252016681));
#3310 = CARTESIAN_POINT('',(15.084773400874,-52.22038439221,
    50.594123372681));
#3311 = CARTESIAN_POINT('',(14.929089747874,-52.22038439221,
    50.348320210681));
#3312 = CARTESIAN_POINT('',(14.605158961874,-52.22038439221,
    49.863493535681));
#3313 = CARTESIAN_POINT('',(14.437751187874,-52.22038439221,
    49.625732252681));
#3314 = CARTESIAN_POINT('',(14.092032265874,-52.22038439221,
    49.159460519681));
#3315 = CARTESIAN_POINT('',(13.913693790874,-52.22038439221,
    48.930905022681));
#3316 = CARTESIAN_POINT('',(13.545997010874,-52.22038439221,
    48.482864680681));
#3317 = CARTESIAN_POINT('',(13.356526301874,-52.22038439221,
    48.263257435681));
#3318 = CARTESIAN_POINT('',(12.966436488874,-52.22038439221,
    47.832963563681));
#3319 = CARTESIAN_POINT('',(12.765790435874,-52.22038439221,
    47.622255813681));
#3320 = CARTESIAN_POINT('',(12.353498896874,-52.22038439221,
    47.209940709681));
#3321 = CARTESIAN_POINT('',(12.142922890874,-52.22038439221,
    47.009407578681));
#3322 = CARTESIAN_POINT('',(11.712881758874,-52.22038439221,
    46.619541542681));
#3323 = CARTESIAN_POINT('',(11.493381042874,-52.22038439221,
    46.430169785681));
#3324 = CARTESIAN_POINT('',(11.045341117874,-52.22038439221,
    46.062472496681));
#3325 = CARTESIAN_POINT('',(10.816667787874,-52.22038439221,
    45.884048845681));
#3326 = CARTESIAN_POINT('',(10.350127270874,-52.22038439221,
    45.538125696681));
#3327 = CARTESIAN_POINT('',(10.112229532874,-52.22038439221,
    45.370610740681));
#3328 = CARTESIAN_POINT('',(9.627421372874,-52.22038439221,
    45.046652243681));
#3329 = CARTESIAN_POINT('',(9.381769452874,-52.22038439221,
    44.891053642681));
#3330 = CARTESIAN_POINT('',(8.883932349874,-52.22038439221,
    44.592575635681));
#3331 = CARTESIAN_POINT('',(8.631704681874,-52.22038439221,
    44.449665069681));
#3332 = CARTESIAN_POINT('',(8.120539535874,-52.22038439221,
    44.176441233681));
#3333 = CARTESIAN_POINT('',(7.861451371874,-52.22038439221,
    44.046057896681));
#3334 = CARTESIAN_POINT('',(7.336389041874,-52.22038439221,
    43.797799102681));
#3335 = CARTESIAN_POINT('',(7.070381895874,-52.22038439221,
    43.679914446681));
#3336 = CARTESIAN_POINT('',(6.531688021874,-52.22038439221,
    43.456762101681));
#3337 = CARTESIAN_POINT('',(6.260400452874,-52.22038439221,
    43.352077595681));
#3338 = CARTESIAN_POINT('',(5.713898979874,-52.22038439221,
    43.156457960681));
#3339 = CARTESIAN_POINT('',(5.438637326874,-52.22038439221,
    43.065500557681));
#3340 = CARTESIAN_POINT('',(4.883990749874,-52.22038439221,
    42.897250014681));
#3341 = CARTESIAN_POINT('',(4.604444365874,-52.22038439221,
    42.819917549681));
#3342 = CARTESIAN_POINT('',(4.041038072874,-52.22038439221,
    42.678863558681));
#3343 = CARTESIAN_POINT('',(3.757144023874,-52.22038439221,
    42.615139442681));
#3344 = CARTESIAN_POINT('',(3.185266138874,-52.22038439221,
    42.501368868681));
#3345 = CARTESIAN_POINT('',(2.898768350874,-52.22038439221,
    42.451621425681));
#3346 = CARTESIAN_POINT('',(2.324604251874,-52.22038439221,
    42.366377715681));
#3347 = CARTESIAN_POINT('',(2.036886765874,-52.22038439221,
    42.330868918681));
#3348 = CARTESIAN_POINT('',(1.460073514874,-52.22038439221,
    42.274057440681));
#3349 = CARTESIAN_POINT('',(1.170811719874,-52.22038439221,
    42.252747691681));
#3350 = CARTESIAN_POINT('',(0.590712852874,-52.22038439221,
    42.224319128681));
#3351 = CARTESIAN_POINT('',(0.299841789874,-52.22038439221,
    42.217204435681));
#3352 = CARTESIAN_POINT('',(-0.283243160126,-52.22038439221,
    42.217187771681));
#3353 = CARTESIAN_POINT('',(-0.573941218126,-52.22038439221,
    42.224289157681));
#3354 = CARTESIAN_POINT('',(-1.153703137126,-52.22038439221,
    42.252697239681));
#3355 = CARTESIAN_POINT('',(-1.442819635126,-52.22038439221,
    42.274001631681));
#3356 = CARTESIAN_POINT('',(-2.019632951126,-52.22038439221,
    42.330812453681));
#3357 = CARTESIAN_POINT('',(-2.307493987126,-52.22038439221,
    42.366344342681));
#3358 = CARTESIAN_POINT('',(-2.881992555126,-52.22038439221,
    42.451633701681));
#3359 = CARTESIAN_POINT('',(-3.168662620126,-52.22038439221,
    42.501401843681));
#3360 = CARTESIAN_POINT('',(-3.740547006126,-52.22038439221,
    42.615139731681));
#3361 = CARTESIAN_POINT('',(-4.024273971126,-52.22038439221,
    42.678817043681));
#3362 = CARTESIAN_POINT('',(-4.587353786126,-52.22038439221,
    42.819785212681));
#3363 = CARTESIAN_POINT('',(-4.866758711126,-52.22038439221,
    42.897084076681));
#3364 = CARTESIAN_POINT('',(-5.421405479126,-52.22038439221,
    43.065333989681));
#3365 = CARTESIAN_POINT('',(-5.696803418126,-52.22038439221,
    43.156342045681));
#3366 = CARTESIAN_POINT('',(-6.243624028126,-52.22038439221,
    43.352071703681));
#3367 = CARTESIAN_POINT('',(-6.515076526126,-52.22038439221,
    43.456810120681));
#3368 = CARTESIAN_POINT('',(-7.053783153126,-52.22038439221,
    43.679931675681));
#3369 = CARTESIAN_POINT('',(-7.319635557126,-52.22038439221,
    43.797737831681));
#3370 = CARTESIAN_POINT('',(-7.844394425126,-52.22038439221,
    44.045848758681));
#3371 = CARTESIAN_POINT('',(-8.103350402126,-52.22038439221,
    44.176171543681));
#3372 = CARTESIAN_POINT('',(-8.614515858126,-52.22038439221,
    44.449394798681));
#3373 = CARTESIAN_POINT('',(-8.866867312126,-52.22038439221,
    44.592381632681));
#3374 = CARTESIAN_POINT('',(-9.364995956126,-52.22038439221,
    44.891029809681));
#3375 = CARTESIAN_POINT('',(-9.610799118126,-52.22038439221,
    45.046713462681));
#3376 = CARTESIAN_POINT('',(-10.09562579312,-52.22038439221,
    45.370644248681));
#3377 = CARTESIAN_POINT('',(-10.33338707612,-52.22038439221,
    45.538052022681));
#3378 = CARTESIAN_POINT('',(-10.79965880912,-52.22038439221,
    45.883770944681));
#3379 = CARTESIAN_POINT('',(-11.02821430612,-52.22038439221,
    46.062109419681));
#3380 = CARTESIAN_POINT('',(-11.47625464812,-52.22038439221,
    46.429806199681));
#3381 = CARTESIAN_POINT('',(-11.69586189312,-52.22038439221,
    46.619276908681));
#3382 = CARTESIAN_POINT('',(-12.12615576512,-52.22038439221,
    47.009366721681));
#3383 = CARTESIAN_POINT('',(-12.33686351512,-52.22038439221,
    47.210012774681));
#3384 = CARTESIAN_POINT('',(-12.74917861912,-52.22038439221,
    47.622304313681));
#3385 = CARTESIAN_POINT('',(-12.94971175012,-52.22038439221,
    47.832880319681));
#3386 = CARTESIAN_POINT('',(-13.33957778612,-52.22038439221,
    48.262921451681));
#3387 = CARTESIAN_POINT('',(-13.52894954312,-52.22038439221,
    48.482422167681));
#3388 = CARTESIAN_POINT('',(-13.89664683212,-52.22038439221,
    48.930462092681));
#3389 = CARTESIAN_POINT('',(-14.07507048312,-52.22038439221,
    49.159135422681));
#3390 = CARTESIAN_POINT('',(-14.42099363212,-52.22038439221,
    49.625675939681));
#3391 = CARTESIAN_POINT('',(-14.58850858812,-52.22038439221,
    49.863573677681));
#3392 = CARTESIAN_POINT('',(-14.91246708512,-52.22038439221,
    50.348381837681));
#3393 = CARTESIAN_POINT('',(-15.06806568612,-52.22038439221,
    50.594033757681));
#3394 = CARTESIAN_POINT('',(-15.36654369312,-52.22038439221,
    51.091870860681));
#3395 = CARTESIAN_POINT('',(-15.50945425912,-52.22038439221,
    51.344098528681));
#3396 = CARTESIAN_POINT('',(-15.78267809512,-52.22038439221,
    51.855263674681));
#3397 = CARTESIAN_POINT('',(-15.91306143212,-52.22038439221,
    52.114351838681));
#3398 = CARTESIAN_POINT('',(-16.16132022612,-52.22038439221,
    52.639414168681));
#3399 = CARTESIAN_POINT('',(-16.27920488212,-52.22038439221,
    52.905421314681));
#3400 = CARTESIAN_POINT('',(-16.50235722712,-52.22038439221,
    53.444115188681));
#3401 = CARTESIAN_POINT('',(-16.60704173312,-52.22038439221,
    53.715402757681));
#3402 = CARTESIAN_POINT('',(-16.80266136812,-52.22038439221,
    54.261904230681));
#3403 = CARTESIAN_POINT('',(-16.89361877112,-52.22038439221,
    54.537165883681));
#3404 = CARTESIAN_POINT('',(-17.06187568112,-52.22038439221,
    55.091834757681));
#3405 = CARTESIAN_POINT('',(-17.13919028612,-52.22038439221,
    55.371292809681));
#3406 = CARTESIAN_POINT('',(-17.24476231412,-52.22038439221,
    55.793789050681));
#3407 = CARTESIAN_POINT('',(-17.27832111212,-52.22038439221,
    55.935167364681));
#3408 = CARTESIAN_POINT('',(-17.34203613812,-52.22038439221,
    56.219019314681));
#3409 = CARTESIAN_POINT('',(-17.37231090212,-52.22038439221,
    56.362087198681));
#3410 = CARTESIAN_POINT('',(-17.45754764812,-52.22038439221,
    56.789502536681));
#3411 = CARTESIAN_POINT('',(-17.50719532012,-52.22038439221,
    57.075647653681));
#3412 = CARTESIAN_POINT('',(-17.59240106512,-52.22038439221,
    57.650101288681));
#3413 = CARTESIAN_POINT('',(-17.62796112112,-52.22038439221,
    57.938434567681));
#3414 = CARTESIAN_POINT('',(-17.68495140212,-52.22038439221,
    58.516894107681));
#3415 = CARTESIAN_POINT('',(-17.70631686612,-52.22038439221,
    58.806438416681));
#3416 = CARTESIAN_POINT('',(-17.73480420212,-52.22038439221,
    59.386328040681));
#3417 = CARTESIAN_POINT('',(-17.74192520412,-52.22038439221,
    59.675994744681));
#3418 = CARTESIAN_POINT('',(-17.74165805912,-52.22038439221,
    59.967461269681));
#3419 = CARTESIAN_POINT('',(-17.74165805912,-52.40788439221,
    59.967461269681));
#3420 = CARTESIAN_POINT('',(-17.74192358512,-52.40788439221,
    60.259026979681));
#3421 = CARTESIAN_POINT('',(-17.73480983312,-52.40788439221,
    60.549791842681));
#3422 = CARTESIAN_POINT('',(-17.70637710312,-52.40788439221,
    61.129699439681));
#3423 = CARTESIAN_POINT('',(-17.68506012412,-52.40788439221,
    61.418891342681));
#3424 = CARTESIAN_POINT('',(-17.62823106912,-52.40788439221,
    61.995824425681));
#3425 = CARTESIAN_POINT('',(-17.59271387412,-52.40788439221,
    62.283614831681));
#3426 = CARTESIAN_POINT('',(-17.50746260012,-52.40788439221,
    62.857914509681));
#3427 = CARTESIAN_POINT('',(-17.45771646912,-52.40788439221,
    63.144471411681));
#3428 = CARTESIAN_POINT('',(-17.34397959712,-52.40788439221,
    63.716350216681));
#3429 = CARTESIAN_POINT('',(-17.28030228512,-52.40788439221,
    64.000077181681));
#3430 = CARTESIAN_POINT('',(-17.13933411612,-52.40788439221,
    64.563156996681));
#3431 = CARTESIAN_POINT('',(-17.06203525212,-52.40788439221,
    64.842561921681));
#3432 = CARTESIAN_POINT('',(-16.89378533912,-52.40788439221,
    65.397208689681));
#3433 = CARTESIAN_POINT('',(-16.80277728312,-52.40788439221,
    65.672606628681));
#3434 = CARTESIAN_POINT('',(-16.60704762512,-52.40788439221,
    66.219427238681));
#3435 = CARTESIAN_POINT('',(-16.50230920812,-52.40788439221,
    66.490879736681));
#3436 = CARTESIAN_POINT('',(-16.27918765312,-52.40788439221,
    67.029586363681));
#3437 = CARTESIAN_POINT('',(-16.16138149712,-52.40788439221,
    67.295438767681));
#3438 = CARTESIAN_POINT('',(-15.91327057012,-52.40788439221,
    67.820197635681));
#3439 = CARTESIAN_POINT('',(-15.78294778512,-52.40788439221,
    68.079153612681));
#3440 = CARTESIAN_POINT('',(-15.50972453012,-52.40788439221,
    68.590319068681));
#3441 = CARTESIAN_POINT('',(-15.36673769612,-52.40788439221,
    68.842670522681));
#3442 = CARTESIAN_POINT('',(-15.06808951912,-52.40788439221,
    69.340799166681));
#3443 = CARTESIAN_POINT('',(-14.91240586612,-52.40788439221,
    69.586602328681));
#3444 = CARTESIAN_POINT('',(-14.58847508012,-52.40788439221,
    70.071429003681));
#3445 = CARTESIAN_POINT('',(-14.42106730612,-52.40788439221,
    70.309190286681));
#3446 = CARTESIAN_POINT('',(-14.07534838412,-52.40788439221,
    70.775462019681));
#3447 = CARTESIAN_POINT('',(-13.89700990912,-52.40788439221,
    71.004017516681));
#3448 = CARTESIAN_POINT('',(-13.52931312912,-52.40788439221,
    71.452057858681));
#3449 = CARTESIAN_POINT('',(-13.33984242012,-52.40788439221,
    71.671665103681));
#3450 = CARTESIAN_POINT('',(-12.94975260712,-52.40788439221,
    72.101958975681));
#3451 = CARTESIAN_POINT('',(-12.74910655412,-52.40788439221,
    72.312666725681));
#3452 = CARTESIAN_POINT('',(-12.33681501512,-52.40788439221,
    72.724981829681));
#3453 = CARTESIAN_POINT('',(-12.12623900912,-52.40788439221,
    72.925514960681));
#3454 = CARTESIAN_POINT('',(-11.69619787712,-52.40788439221,
    73.315380996681));
#3455 = CARTESIAN_POINT('',(-11.47669716112,-52.40788439221,
    73.504752753681));
#3456 = CARTESIAN_POINT('',(-11.02865723612,-52.40788439221,
    73.872450042681));
#3457 = CARTESIAN_POINT('',(-10.79998390612,-52.40788439221,
    74.050873693681));
#3458 = CARTESIAN_POINT('',(-10.33344338912,-52.40788439221,
    74.396796842681));
#3459 = CARTESIAN_POINT('',(-10.09554565112,-52.40788439221,
    74.564311798681));
#3460 = CARTESIAN_POINT('',(-9.610737491126,-52.40788439221,
    74.888270295681));
#3461 = CARTESIAN_POINT('',(-9.365085571126,-52.40788439221,
    75.043868896681));
#3462 = CARTESIAN_POINT('',(-8.867248468126,-52.40788439221,
    75.342346903681));
#3463 = CARTESIAN_POINT('',(-8.615020800126,-52.40788439221,
    75.485257469681));
#3464 = CARTESIAN_POINT('',(-8.103855654126,-52.40788439221,
    75.758481305681));
#3465 = CARTESIAN_POINT('',(-7.844767490126,-52.40788439221,
    75.888864642681));
#3466 = CARTESIAN_POINT('',(-7.319705160126,-52.40788439221,
    76.137123436681));
#3467 = CARTESIAN_POINT('',(-7.053698014126,-52.40788439221,
    76.255008092681));
#3468 = CARTESIAN_POINT('',(-6.515004140126,-52.40788439221,
    76.478160437681));
#3469 = CARTESIAN_POINT('',(-6.243716571126,-52.40788439221,
    76.582844943681));
#3470 = CARTESIAN_POINT('',(-5.697215098126,-52.40788439221,
    76.778464578681));
#3471 = CARTESIAN_POINT('',(-5.421953445126,-52.40788439221,
    76.869421981681));
#3472 = CARTESIAN_POINT('',(-4.867306868126,-52.40788439221,
    77.037672524681));
#3473 = CARTESIAN_POINT('',(-4.587760484126,-52.40788439221,
    77.115004989681));
#3474 = CARTESIAN_POINT('',(-4.024354191126,-52.40788439221,
    77.256058980681));
#3475 = CARTESIAN_POINT('',(-3.740460142126,-52.40788439221,
    77.319783096681));
#3476 = CARTESIAN_POINT('',(-3.168582257126,-52.40788439221,
    77.433553670681));
#3477 = CARTESIAN_POINT('',(-2.882084469126,-52.40788439221,
    77.483301113681));
#3478 = CARTESIAN_POINT('',(-2.307920370126,-52.40788439221,
    77.568544823681));
#3479 = CARTESIAN_POINT('',(-2.020202884126,-52.40788439221,
    77.604053620681));
#3480 = CARTESIAN_POINT('',(-1.443389633126,-52.40788439221,
    77.660865098681));
#3481 = CARTESIAN_POINT('',(-1.154127838126,-52.40788439221,
    77.682174847681));
#3482 = CARTESIAN_POINT('',(-0.574028971126,-52.40788439221,
    77.710603410681));
#3483 = CARTESIAN_POINT('',(-0.283157908126,-52.40788439221,
    77.717718103681));
#3484 = CARTESIAN_POINT('',(0.299927041874,-52.40788439221,
    77.717734767681));
#3485 = CARTESIAN_POINT('',(0.590625099874,-52.40788439221,
    77.710633381681));
#3486 = CARTESIAN_POINT('',(1.170387018874,-52.40788439221,
    77.682225299681));
#3487 = CARTESIAN_POINT('',(1.459503516874,-52.40788439221,
    77.660920907681));
#3488 = CARTESIAN_POINT('',(2.036316832874,-52.40788439221,
    77.604110085681));
#3489 = CARTESIAN_POINT('',(2.324177868874,-52.40788439221,
    77.568578196681));
#3490 = CARTESIAN_POINT('',(2.898676436874,-52.40788439221,
    77.483288837681));
#3491 = CARTESIAN_POINT('',(3.185346501874,-52.40788439221,
    77.433520695681));
#3492 = CARTESIAN_POINT('',(3.757230887874,-52.40788439221,
    77.319782807681));
#3493 = CARTESIAN_POINT('',(4.040957852874,-52.40788439221,
    77.256105495681));
#3494 = CARTESIAN_POINT('',(4.604037667874,-52.40788439221,
    77.115137326681));
#3495 = CARTESIAN_POINT('',(4.883442592874,-52.40788439221,
    77.037838462681));
#3496 = CARTESIAN_POINT('',(5.438089360874,-52.40788439221,
    76.869588549681));
#3497 = CARTESIAN_POINT('',(5.713487299874,-52.40788439221,
    76.778580493681));
#3498 = CARTESIAN_POINT('',(6.260307909874,-52.40788439221,
    76.582850835681));
#3499 = CARTESIAN_POINT('',(6.531760407874,-52.40788439221,
    76.478112418681));
#3500 = CARTESIAN_POINT('',(7.070467034874,-52.40788439221,
    76.254990863681));
#3501 = CARTESIAN_POINT('',(7.336319438874,-52.40788439221,
    76.137184707681));
#3502 = CARTESIAN_POINT('',(7.861078306874,-52.40788439221,
    75.889073780681));
#3503 = CARTESIAN_POINT('',(8.120034283874,-52.40788439221,
    75.758750995681));
#3504 = CARTESIAN_POINT('',(8.631199739874,-52.40788439221,
    75.485527740681));
#3505 = CARTESIAN_POINT('',(8.883551193874,-52.40788439221,
    75.342540906681));
#3506 = CARTESIAN_POINT('',(9.381679837874,-52.40788439221,
    75.043892729681));
#3507 = CARTESIAN_POINT('',(9.627482999874,-52.40788439221,
    74.888209076681));
#3508 = CARTESIAN_POINT('',(10.112309674874,-52.40788439221,
    74.564278290681));
#3509 = CARTESIAN_POINT('',(10.350070957874,-52.40788439221,
    74.396870516681));
#3510 = CARTESIAN_POINT('',(10.816342690874,-52.40788439221,
    74.051151594681));
#3511 = CARTESIAN_POINT('',(11.044898187874,-52.40788439221,
    73.872813119681));
#3512 = CARTESIAN_POINT('',(11.492938529874,-52.40788439221,
    73.505116339681));
#3513 = CARTESIAN_POINT('',(11.712545774874,-52.40788439221,
    73.315645630681));
#3514 = CARTESIAN_POINT('',(12.142839646874,-52.40788439221,
    72.925555817681));
#3515 = CARTESIAN_POINT('',(12.353547396874,-52.40788439221,
    72.724909764681));
#3516 = CARTESIAN_POINT('',(12.765862500874,-52.40788439221,
    72.312618225681));
#3517 = CARTESIAN_POINT('',(12.966395631874,-52.40788439221,
    72.102042219681));
#3518 = CARTESIAN_POINT('',(13.356261667874,-52.40788439221,
    71.672001087681));
#3519 = CARTESIAN_POINT('',(13.545633424874,-52.40788439221,
    71.452500371681));
#3520 = CARTESIAN_POINT('',(13.913330713874,-52.40788439221,
    71.004460446681));
#3521 = CARTESIAN_POINT('',(14.091754364874,-52.40788439221,
    70.775787116681));
#3522 = CARTESIAN_POINT('',(14.437677513874,-52.40788439221,
    70.309246599681));
#3523 = CARTESIAN_POINT('',(14.605192469874,-52.40788439221,
    70.071348861681));
#3524 = CARTESIAN_POINT('',(14.929150966874,-52.40788439221,
    69.586540701681));
#3525 = CARTESIAN_POINT('',(15.084749567874,-52.40788439221,
    69.340888781681));
#3526 = CARTESIAN_POINT('',(15.383227574874,-52.40788439221,
    68.843051678681));
#3527 = CARTESIAN_POINT('',(15.526138140874,-52.40788439221,
    68.590824010681));
#3528 = CARTESIAN_POINT('',(15.799361976874,-52.40788439221,
    68.079658864681));
#3529 = CARTESIAN_POINT('',(15.929745313874,-52.40788439221,
    67.820570700681));
#3530 = CARTESIAN_POINT('',(16.178004107874,-52.40788439221,
    67.295508370681));
#3531 = CARTESIAN_POINT('',(16.295888763874,-52.40788439221,
    67.029501224681));
#3532 = CARTESIAN_POINT('',(16.519041108874,-52.40788439221,
    66.490807350681));
#3533 = CARTESIAN_POINT('',(16.623725614874,-52.40788439221,
    66.219519781681));
#3534 = CARTESIAN_POINT('',(16.819345249874,-52.40788439221,
    65.673018308681));
#3535 = CARTESIAN_POINT('',(16.910302652874,-52.40788439221,
    65.397756655681));
#3536 = CARTESIAN_POINT('',(17.078553195874,-52.40788439221,
    64.843110078681));
#3537 = CARTESIAN_POINT('',(17.155885660874,-52.40788439221,
    64.563563694681));
#3538 = CARTESIAN_POINT('',(17.296939651874,-52.40788439221,
    64.000157401681));
#3539 = CARTESIAN_POINT('',(17.360663767874,-52.40788439221,
    63.716263352681));
#3540 = CARTESIAN_POINT('',(17.474434341874,-52.40788439221,
    63.144385467681));
#3541 = CARTESIAN_POINT('',(17.524181784874,-52.40788439221,
    62.857887679681));
#3542 = CARTESIAN_POINT('',(17.609425494874,-52.40788439221,
    62.283723580681));
#3543 = CARTESIAN_POINT('',(17.644934291874,-52.40788439221,
    61.996006094681));
#3544 = CARTESIAN_POINT('',(17.701745769874,-52.40788439221,
    61.419192843681));
#3545 = CARTESIAN_POINT('',(17.723055518874,-52.40788439221,
    61.129931048681));
#3546 = CARTESIAN_POINT('',(17.751484081874,-52.40788439221,
    60.549832181681));
#3547 = CARTESIAN_POINT('',(17.758598774874,-52.40788439221,
    60.258961118681));
#3548 = CARTESIAN_POINT('',(17.758615438874,-52.40788439221,
    59.675876168681));
#3549 = CARTESIAN_POINT('',(17.751514052874,-52.40788439221,
    59.385178110681));
#3550 = CARTESIAN_POINT('',(17.723105970874,-52.40788439221,
    58.805416191681));
#3551 = CARTESIAN_POINT('',(17.701801578874,-52.40788439221,
    58.516299693681));
#3552 = CARTESIAN_POINT('',(17.644990756874,-52.40788439221,
    57.939486377681));
#3553 = CARTESIAN_POINT('',(17.609458867874,-52.40788439221,
    57.651625341681));
#3554 = CARTESIAN_POINT('',(17.524169508874,-52.40788439221,
    57.077126773681));
#3555 = CARTESIAN_POINT('',(17.474401366874,-52.40788439221,
    56.790456708681));
#3556 = CARTESIAN_POINT('',(17.360663478874,-52.40788439221,
    56.218572322681));
#3557 = CARTESIAN_POINT('',(17.296986166874,-52.40788439221,
    55.934845357681));
#3558 = CARTESIAN_POINT('',(17.156017997874,-52.40788439221,
    55.371765542681));
#3559 = CARTESIAN_POINT('',(17.078719133874,-52.40788439221,
    55.092360617681));
#3560 = CARTESIAN_POINT('',(16.910469220874,-52.40788439221,
    54.537713849681));
#3561 = CARTESIAN_POINT('',(16.819461164874,-52.40788439221,
    54.262315910681));
#3562 = CARTESIAN_POINT('',(16.623731506874,-52.40788439221,
    53.715495300681));
#3563 = CARTESIAN_POINT('',(16.518993089874,-52.40788439221,
    53.444042802681));
#3564 = CARTESIAN_POINT('',(16.295871534874,-52.40788439221,
    52.905336175681));
#3565 = CARTESIAN_POINT('',(16.178065378874,-52.40788439221,
    52.639483771681));
#3566 = CARTESIAN_POINT('',(15.929954451874,-52.40788439221,
    52.114724903681));
#3567 = CARTESIAN_POINT('',(15.799631666874,-52.40788439221,
    51.855768926681));
#3568 = CARTESIAN_POINT('',(15.526408411874,-52.40788439221,
    51.344603470681));
#3569 = CARTESIAN_POINT('',(15.383421577874,-52.40788439221,
    51.092252016681));
#3570 = CARTESIAN_POINT('',(15.084773400874,-52.40788439221,
    50.594123372681));
#3571 = CARTESIAN_POINT('',(14.929089747874,-52.40788439221,
    50.348320210681));
#3572 = CARTESIAN_POINT('',(14.605158961874,-52.40788439221,
    49.863493535681));
#3573 = CARTESIAN_POINT('',(14.437751187874,-52.40788439221,
    49.625732252681));
#3574 = CARTESIAN_POINT('',(14.092032265874,-52.40788439221,
    49.159460519681));
#3575 = CARTESIAN_POINT('',(13.913693790874,-52.40788439221,
    48.930905022681));
#3576 = CARTESIAN_POINT('',(13.545997010874,-52.40788439221,
    48.482864680681));
#3577 = CARTESIAN_POINT('',(13.356526301874,-52.40788439221,
    48.263257435681));
#3578 = CARTESIAN_POINT('',(12.966436488874,-52.40788439221,
    47.832963563681));
#3579 = CARTESIAN_POINT('',(12.765790435874,-52.40788439221,
    47.622255813681));
#3580 = CARTESIAN_POINT('',(12.353498896874,-52.40788439221,
    47.209940709681));
#3581 = CARTESIAN_POINT('',(12.142922890874,-52.40788439221,
    47.009407578681));
#3582 = CARTESIAN_POINT('',(11.712881758874,-52.40788439221,
    46.619541542681));
#3583 = CARTESIAN_POINT('',(11.493381042874,-52.40788439221,
    46.430169785681));
#3584 = CARTESIAN_POINT('',(11.045341117874,-52.40788439221,
    46.062472496681));
#3585 = CARTESIAN_POINT('',(10.816667787874,-52.40788439221,
    45.884048845681));
#3586 = CARTESIAN_POINT('',(10.350127270874,-52.40788439221,
    45.538125696681));
#3587 = CARTESIAN_POINT('',(10.112229532874,-52.40788439221,
    45.370610740681));
#3588 = CARTESIAN_POINT('',(9.627421372874,-52.40788439221,
    45.046652243681));
#3589 = CARTESIAN_POINT('',(9.381769452874,-52.40788439221,
    44.891053642681));
#3590 = CARTESIAN_POINT('',(8.883932349874,-52.40788439221,
    44.592575635681));
#3591 = CARTESIAN_POINT('',(8.631704681874,-52.40788439221,
    44.449665069681));
#3592 = CARTESIAN_POINT('',(8.120539535874,-52.40788439221,
    44.176441233681));
#3593 = CARTESIAN_POINT('',(7.861451371874,-52.40788439221,
    44.046057896681));
#3594 = CARTESIAN_POINT('',(7.336389041874,-52.40788439221,
    43.797799102681));
#3595 = CARTESIAN_POINT('',(7.070381895874,-52.40788439221,
    43.679914446681));
#3596 = CARTESIAN_POINT('',(6.531688021874,-52.40788439221,
    43.456762101681));
#3597 = CARTESIAN_POINT('',(6.260400452874,-52.40788439221,
    43.352077595681));
#3598 = CARTESIAN_POINT('',(5.713898979874,-52.40788439221,
    43.156457960681));
#3599 = CARTESIAN_POINT('',(5.438637326874,-52.40788439221,
    43.065500557681));
#3600 = CARTESIAN_POINT('',(4.883990749874,-52.40788439221,
    42.897250014681));
#3601 = CARTESIAN_POINT('',(4.604444365874,-52.40788439221,
    42.819917549681));
#3602 = CARTESIAN_POINT('',(4.041038072874,-52.40788439221,
    42.678863558681));
#3603 = CARTESIAN_POINT('',(3.757144023874,-52.40788439221,
    42.615139442681));
#3604 = CARTESIAN_POINT('',(3.185266138874,-52.40788439221,
    42.501368868681));
#3605 = CARTESIAN_POINT('',(2.898768350874,-52.40788439221,
    42.451621425681));
#3606 = CARTESIAN_POINT('',(2.324604251874,-52.40788439221,
    42.366377715681));
#3607 = CARTESIAN_POINT('',(2.036886765874,-52.40788439221,
    42.330868918681));
#3608 = CARTESIAN_POINT('',(1.460073514874,-52.40788439221,
    42.274057440681));
#3609 = CARTESIAN_POINT('',(1.170811719874,-52.40788439221,
    42.252747691681));
#3610 = CARTESIAN_POINT('',(0.590712852874,-52.40788439221,
    42.224319128681));
#3611 = CARTESIAN_POINT('',(0.299841789874,-52.40788439221,
    42.217204435681));
#3612 = CARTESIAN_POINT('',(-0.283243160126,-52.40788439221,
    42.217187771681));
#3613 = CARTESIAN_POINT('',(-0.573941218126,-52.40788439221,
    42.224289157681));
#3614 = CARTESIAN_POINT('',(-1.153703137126,-52.40788439221,
    42.252697239681));
#3615 = CARTESIAN_POINT('',(-1.442819635126,-52.40788439221,
    42.274001631681));
#3616 = CARTESIAN_POINT('',(-2.019632951126,-52.40788439221,
    42.330812453681));
#3617 = CARTESIAN_POINT('',(-2.307493987126,-52.40788439221,
    42.366344342681));
#3618 = CARTESIAN_POINT('',(-2.881992555126,-52.40788439221,
    42.451633701681));
#3619 = CARTESIAN_POINT('',(-3.168662620126,-52.40788439221,
    42.501401843681));
#3620 = CARTESIAN_POINT('',(-3.740547006126,-52.40788439221,
    42.615139731681));
#3621 = CARTESIAN_POINT('',(-4.024273971126,-52.40788439221,
    42.678817043681));
#3622 = CARTESIAN_POINT('',(-4.587353786126,-52.40788439221,
    42.819785212681));
#3623 = CARTESIAN_POINT('',(-4.866758711126,-52.40788439221,
    42.897084076681));
#3624 = CARTESIAN_POINT('',(-5.421405479126,-52.40788439221,
    43.065333989681));
#3625 = CARTESIAN_POINT('',(-5.696803418126,-52.40788439221,
    43.156342045681));
#3626 = CARTESIAN_POINT('',(-6.243624028126,-52.40788439221,
    43.352071703681));
#3627 = CARTESIAN_POINT('',(-6.515076526126,-52.40788439221,
    43.456810120681));
#3628 = CARTESIAN_POINT('',(-7.053783153126,-52.40788439221,
    43.679931675681));
#3629 = CARTESIAN_POINT('',(-7.319635557126,-52.40788439221,
    43.797737831681));
#3630 = CARTESIAN_POINT('',(-7.844394425126,-52.40788439221,
    44.045848758681));
#3631 = CARTESIAN_POINT('',(-8.103350402126,-52.40788439221,
    44.176171543681));
#3632 = CARTESIAN_POINT('',(-8.614515858126,-52.40788439221,
    44.449394798681));
#3633 = CARTESIAN_POINT('',(-8.866867312126,-52.40788439221,
    44.592381632681));
#3634 = CARTESIAN_POINT('',(-9.364995956126,-52.40788439221,
    44.891029809681));
#3635 = CARTESIAN_POINT('',(-9.610799118126,-52.40788439221,
    45.046713462681));
#3636 = CARTESIAN_POINT('',(-10.09562579312,-52.40788439221,
    45.370644248681));
#3637 = CARTESIAN_POINT('',(-10.33338707612,-52.40788439221,
    45.538052022681));
#3638 = CARTESIAN_POINT('',(-10.79965880912,-52.40788439221,
    45.883770944681));
#3639 = CARTESIAN_POINT('',(-11.02821430612,-52.40788439221,
    46.062109419681));
#3640 = CARTESIAN_POINT('',(-11.47625464812,-52.40788439221,
    46.429806199681));
#3641 = CARTESIAN_POINT('',(-11.69586189312,-52.40788439221,
    46.619276908681));
#3642 = CARTESIAN_POINT('',(-12.12615576512,-52.40788439221,
    47.009366721681));
#3643 = CARTESIAN_POINT('',(-12.33686351512,-52.40788439221,
    47.210012774681));
#3644 = CARTESIAN_POINT('',(-12.74917861912,-52.40788439221,
    47.622304313681));
#3645 = CARTESIAN_POINT('',(-12.94971175012,-52.40788439221,
    47.832880319681));
#3646 = CARTESIAN_POINT('',(-13.33957778612,-52.40788439221,
    48.262921451681));
#3647 = CARTESIAN_POINT('',(-13.52894954312,-52.40788439221,
    48.482422167681));
#3648 = CARTESIAN_POINT('',(-13.89664683212,-52.40788439221,
    48.930462092681));
#3649 = CARTESIAN_POINT('',(-14.07507048312,-52.40788439221,
    49.159135422681));
#3650 = CARTESIAN_POINT('',(-14.42099363212,-52.40788439221,
    49.625675939681));
#3651 = CARTESIAN_POINT('',(-14.58850858812,-52.40788439221,
    49.863573677681));
#3652 = CARTESIAN_POINT('',(-14.91246708512,-52.40788439221,
    50.348381837681));
#3653 = CARTESIAN_POINT('',(-15.06806568612,-52.40788439221,
    50.594033757681));
#3654 = CARTESIAN_POINT('',(-15.36654369312,-52.40788439221,
    51.091870860681));
#3655 = CARTESIAN_POINT('',(-15.50945425912,-52.40788439221,
    51.344098528681));
#3656 = CARTESIAN_POINT('',(-15.78267809512,-52.40788439221,
    51.855263674681));
#3657 = CARTESIAN_POINT('',(-15.91306143212,-52.40788439221,
    52.114351838681));
#3658 = CARTESIAN_POINT('',(-16.16132022612,-52.40788439221,
    52.639414168681));
#3659 = CARTESIAN_POINT('',(-16.27920488212,-52.40788439221,
    52.905421314681));
#3660 = CARTESIAN_POINT('',(-16.50235722712,-52.40788439221,
    53.444115188681));
#3661 = CARTESIAN_POINT('',(-16.60704173312,-52.40788439221,
    53.715402757681));
#3662 = CARTESIAN_POINT('',(-16.80266136812,-52.40788439221,
    54.261904230681));
#3663 = CARTESIAN_POINT('',(-16.89361877112,-52.40788439221,
    54.537165883681));
#3664 = CARTESIAN_POINT('',(-17.06187568112,-52.40788439221,
    55.091834757681));
#3665 = CARTESIAN_POINT('',(-17.13919028612,-52.40788439221,
    55.371292809681));
#3666 = CARTESIAN_POINT('',(-17.24476231412,-52.40788439221,
    55.793789050681));
#3667 = CARTESIAN_POINT('',(-17.27832111212,-52.40788439221,
    55.935167364681));
#3668 = CARTESIAN_POINT('',(-17.34203613812,-52.40788439221,
    56.219019314681));
#3669 = CARTESIAN_POINT('',(-17.37231090212,-52.40788439221,
    56.362087198681));
#3670 = CARTESIAN_POINT('',(-17.45754764812,-52.40788439221,
    56.789502536681));
#3671 = CARTESIAN_POINT('',(-17.50719532012,-52.40788439221,
    57.075647653681));
#3672 = CARTESIAN_POINT('',(-17.59240106512,-52.40788439221,
    57.650101288681));
#3673 = CARTESIAN_POINT('',(-17.62796112112,-52.40788439221,
    57.938434567681));
#3674 = CARTESIAN_POINT('',(-17.68495140212,-52.40788439221,
    58.516894107681));
#3675 = CARTESIAN_POINT('',(-17.70631686612,-52.40788439221,
    58.806438416681));
#3676 = CARTESIAN_POINT('',(-17.73480420212,-52.40788439221,
    59.386328040681));
#3677 = CARTESIAN_POINT('',(-17.74192520412,-52.40788439221,
    59.675994744681));
#3678 = CARTESIAN_POINT('',(-17.74165805912,-52.40788439221,
    59.967461269681));
#3679 = CARTESIAN_POINT('',(-17.74165805912,-52.70788439221,
    59.967461269681));
#3680 = CARTESIAN_POINT('',(-17.74192358512,-52.70788439221,
    60.259026979681));
#3681 = CARTESIAN_POINT('',(-17.73480983312,-52.70788439221,
    60.549791842681));
#3682 = CARTESIAN_POINT('',(-17.70637710312,-52.70788439221,
    61.129699439681));
#3683 = CARTESIAN_POINT('',(-17.68506012412,-52.70788439221,
    61.418891342681));
#3684 = CARTESIAN_POINT('',(-17.62823106912,-52.70788439221,
    61.995824425681));
#3685 = CARTESIAN_POINT('',(-17.59271387412,-52.70788439221,
    62.283614831681));
#3686 = CARTESIAN_POINT('',(-17.50746260012,-52.70788439221,
    62.857914509681));
#3687 = CARTESIAN_POINT('',(-17.45771646912,-52.70788439221,
    63.144471411681));
#3688 = CARTESIAN_POINT('',(-17.34397959712,-52.70788439221,
    63.716350216681));
#3689 = CARTESIAN_POINT('',(-17.28030228512,-52.70788439221,
    64.000077181681));
#3690 = CARTESIAN_POINT('',(-17.13933411612,-52.70788439221,
    64.563156996681));
#3691 = CARTESIAN_POINT('',(-17.06203525212,-52.70788439221,
    64.842561921681));
#3692 = CARTESIAN_POINT('',(-16.89378533912,-52.70788439221,
    65.397208689681));
#3693 = CARTESIAN_POINT('',(-16.80277728312,-52.70788439221,
    65.672606628681));
#3694 = CARTESIAN_POINT('',(-16.60704762512,-52.70788439221,
    66.219427238681));
#3695 = CARTESIAN_POINT('',(-16.50230920812,-52.70788439221,
    66.490879736681));
#3696 = CARTESIAN_POINT('',(-16.27918765312,-52.70788439221,
    67.029586363681));
#3697 = CARTESIAN_POINT('',(-16.16138149712,-52.70788439221,
    67.295438767681));
#3698 = CARTESIAN_POINT('',(-15.91327057012,-52.70788439221,
    67.820197635681));
#3699 = CARTESIAN_POINT('',(-15.78294778512,-52.70788439221,
    68.079153612681));
#3700 = CARTESIAN_POINT('',(-15.50972453012,-52.70788439221,
    68.590319068681));
#3701 = CARTESIAN_POINT('',(-15.36673769612,-52.70788439221,
    68.842670522681));
#3702 = CARTESIAN_POINT('',(-15.06808951912,-52.70788439221,
    69.340799166681));
#3703 = CARTESIAN_POINT('',(-14.91240586612,-52.70788439221,
    69.586602328681));
#3704 = CARTESIAN_POINT('',(-14.58847508012,-52.70788439221,
    70.071429003681));
#3705 = CARTESIAN_POINT('',(-14.42106730612,-52.70788439221,
    70.309190286681));
#3706 = CARTESIAN_POINT('',(-14.07534838412,-52.70788439221,
    70.775462019681));
#3707 = CARTESIAN_POINT('',(-13.89700990912,-52.70788439221,
    71.004017516681));
#3708 = CARTESIAN_POINT('',(-13.52931312912,-52.70788439221,
    71.452057858681));
#3709 = CARTESIAN_POINT('',(-13.33984242012,-52.70788439221,
    71.671665103681));
#3710 = CARTESIAN_POINT('',(-12.94975260712,-52.70788439221,
    72.101958975681));
#3711 = CARTESIAN_POINT('',(-12.74910655412,-52.70788439221,
    72.312666725681));
#3712 = CARTESIAN_POINT('',(-12.33681501512,-52.70788439221,
    72.724981829681));
#3713 = CARTESIAN_POINT('',(-12.12623900912,-52.70788439221,
    72.925514960681));
#3714 = CARTESIAN_POINT('',(-11.69619787712,-52.70788439221,
    73.315380996681));
#3715 = CARTESIAN_POINT('',(-11.47669716112,-52.70788439221,
    73.504752753681));
#3716 = CARTESIAN_POINT('',(-11.02865723612,-52.70788439221,
    73.872450042681));
#3717 = CARTESIAN_POINT('',(-10.79998390612,-52.70788439221,
    74.050873693681));
#3718 = CARTESIAN_POINT('',(-10.33344338912,-52.70788439221,
    74.396796842681));
#3719 = CARTESIAN_POINT('',(-10.09554565112,-52.70788439221,
    74.564311798681));
#3720 = CARTESIAN_POINT('',(-9.610737491126,-52.70788439221,
    74.888270295681));
#3721 = CARTESIAN_POINT('',(-9.365085571126,-52.70788439221,
    75.043868896681));
#3722 = CARTESIAN_POINT('',(-8.867248468126,-52.70788439221,
    75.342346903681));
#3723 = CARTESIAN_POINT('',(-8.615020800126,-52.70788439221,
    75.485257469681));
#3724 = CARTESIAN_POINT('',(-8.103855654126,-52.70788439221,
    75.758481305681));
#3725 = CARTESIAN_POINT('',(-7.844767490126,-52.70788439221,
    75.888864642681));
#3726 = CARTESIAN_POINT('',(-7.319705160126,-52.70788439221,
    76.137123436681));
#3727 = CARTESIAN_POINT('',(-7.053698014126,-52.70788439221,
    76.255008092681));
#3728 = CARTESIAN_POINT('',(-6.515004140126,-52.70788439221,
    76.478160437681));
#3729 = CARTESIAN_POINT('',(-6.243716571126,-52.70788439221,
    76.582844943681));
#3730 = CARTESIAN_POINT('',(-5.697215098126,-52.70788439221,
    76.778464578681));
#3731 = CARTESIAN_POINT('',(-5.421953445126,-52.70788439221,
    76.869421981681));
#3732 = CARTESIAN_POINT('',(-4.867306868126,-52.70788439221,
    77.037672524681));
#3733 = CARTESIAN_POINT('',(-4.587760484126,-52.70788439221,
    77.115004989681));
#3734 = CARTESIAN_POINT('',(-4.024354191126,-52.70788439221,
    77.256058980681));
#3735 = CARTESIAN_POINT('',(-3.740460142126,-52.70788439221,
    77.319783096681));
#3736 = CARTESIAN_POINT('',(-3.168582257126,-52.70788439221,
    77.433553670681));
#3737 = CARTESIAN_POINT('',(-2.882084469126,-52.70788439221,
    77.483301113681));
#3738 = CARTESIAN_POINT('',(-2.307920370126,-52.70788439221,
    77.568544823681));
#3739 = CARTESIAN_POINT('',(-2.020202884126,-52.70788439221,
    77.604053620681));
#3740 = CARTESIAN_POINT('',(-1.443389633126,-52.70788439221,
    77.660865098681));
#3741 = CARTESIAN_POINT('',(-1.154127838126,-52.70788439221,
    77.682174847681));
#3742 = CARTESIAN_POINT('',(-0.574028971126,-52.70788439221,
    77.710603410681));
#3743 = CARTESIAN_POINT('',(-0.283157908126,-52.70788439221,
    77.717718103681));
#3744 = CARTESIAN_POINT('',(0.299927041874,-52.70788439221,
    77.717734767681));
#3745 = CARTESIAN_POINT('',(0.590625099874,-52.70788439221,
    77.710633381681));
#3746 = CARTESIAN_POINT('',(1.170387018874,-52.70788439221,
    77.682225299681));
#3747 = CARTESIAN_POINT('',(1.459503516874,-52.70788439221,
    77.660920907681));
#3748 = CARTESIAN_POINT('',(2.036316832874,-52.70788439221,
    77.604110085681));
#3749 = CARTESIAN_POINT('',(2.324177868874,-52.70788439221,
    77.568578196681));
#3750 = CARTESIAN_POINT('',(2.898676436874,-52.70788439221,
    77.483288837681));
#3751 = CARTESIAN_POINT('',(3.185346501874,-52.70788439221,
    77.433520695681));
#3752 = CARTESIAN_POINT('',(3.757230887874,-52.70788439221,
    77.319782807681));
#3753 = CARTESIAN_POINT('',(4.040957852874,-52.70788439221,
    77.256105495681));
#3754 = CARTESIAN_POINT('',(4.604037667874,-52.70788439221,
    77.115137326681));
#3755 = CARTESIAN_POINT('',(4.883442592874,-52.70788439221,
    77.037838462681));
#3756 = CARTESIAN_POINT('',(5.438089360874,-52.70788439221,
    76.869588549681));
#3757 = CARTESIAN_POINT('',(5.713487299874,-52.70788439221,
    76.778580493681));
#3758 = CARTESIAN_POINT('',(6.260307909874,-52.70788439221,
    76.582850835681));
#3759 = CARTESIAN_POINT('',(6.531760407874,-52.70788439221,
    76.478112418681));
#3760 = CARTESIAN_POINT('',(7.070467034874,-52.70788439221,
    76.254990863681));
#3761 = CARTESIAN_POINT('',(7.336319438874,-52.70788439221,
    76.137184707681));
#3762 = CARTESIAN_POINT('',(7.861078306874,-52.70788439221,
    75.889073780681));
#3763 = CARTESIAN_POINT('',(8.120034283874,-52.70788439221,
    75.758750995681));
#3764 = CARTESIAN_POINT('',(8.631199739874,-52.70788439221,
    75.485527740681));
#3765 = CARTESIAN_POINT('',(8.883551193874,-52.70788439221,
    75.342540906681));
#3766 = CARTESIAN_POINT('',(9.381679837874,-52.70788439221,
    75.043892729681));
#3767 = CARTESIAN_POINT('',(9.627482999874,-52.70788439221,
    74.888209076681));
#3768 = CARTESIAN_POINT('',(10.112309674874,-52.70788439221,
    74.564278290681));
#3769 = CARTESIAN_POINT('',(10.350070957874,-52.70788439221,
    74.396870516681));
#3770 = CARTESIAN_POINT('',(10.816342690874,-52.70788439221,
    74.051151594681));
#3771 = CARTESIAN_POINT('',(11.044898187874,-52.70788439221,
    73.872813119681));
#3772 = CARTESIAN_POINT('',(11.492938529874,-52.70788439221,
    73.505116339681));
#3773 = CARTESIAN_POINT('',(11.712545774874,-52.70788439221,
    73.315645630681));
#3774 = CARTESIAN_POINT('',(12.142839646874,-52.70788439221,
    72.925555817681));
#3775 = CARTESIAN_POINT('',(12.353547396874,-52.70788439221,
    72.724909764681));
#3776 = CARTESIAN_POINT('',(12.765862500874,-52.70788439221,
    72.312618225681));
#3777 = CARTESIAN_POINT('',(12.966395631874,-52.70788439221,
    72.102042219681));
#3778 = CARTESIAN_POINT('',(13.356261667874,-52.70788439221,
    71.672001087681));
#3779 = CARTESIAN_POINT('',(13.545633424874,-52.70788439221,
    71.452500371681));
#3780 = CARTESIAN_POINT('',(13.913330713874,-52.70788439221,
    71.004460446681));
#3781 = CARTESIAN_POINT('',(14.091754364874,-52.70788439221,
    70.775787116681));
#3782 = CARTESIAN_POINT('',(14.437677513874,-52.70788439221,
    70.309246599681));
#3783 = CARTESIAN_POINT('',(14.605192469874,-52.70788439221,
    70.071348861681));
#3784 = CARTESIAN_POINT('',(14.929150966874,-52.70788439221,
    69.586540701681));
#3785 = CARTESIAN_POINT('',(15.084749567874,-52.70788439221,
    69.340888781681));
#3786 = CARTESIAN_POINT('',(15.383227574874,-52.70788439221,
    68.843051678681));
#3787 = CARTESIAN_POINT('',(15.526138140874,-52.70788439221,
    68.590824010681));
#3788 = CARTESIAN_POINT('',(15.799361976874,-52.70788439221,
    68.079658864681));
#3789 = CARTESIAN_POINT('',(15.929745313874,-52.70788439221,
    67.820570700681));
#3790 = CARTESIAN_POINT('',(16.178004107874,-52.70788439221,
    67.295508370681));
#3791 = CARTESIAN_POINT('',(16.295888763874,-52.70788439221,
    67.029501224681));
#3792 = CARTESIAN_POINT('',(16.519041108874,-52.70788439221,
    66.490807350681));
#3793 = CARTESIAN_POINT('',(16.623725614874,-52.70788439221,
    66.219519781681));
#3794 = CARTESIAN_POINT('',(16.819345249874,-52.70788439221,
    65.673018308681));
#3795 = CARTESIAN_POINT('',(16.910302652874,-52.70788439221,
    65.397756655681));
#3796 = CARTESIAN_POINT('',(17.078553195874,-52.70788439221,
    64.843110078681));
#3797 = CARTESIAN_POINT('',(17.155885660874,-52.70788439221,
    64.563563694681));
#3798 = CARTESIAN_POINT('',(17.296939651874,-52.70788439221,
    64.000157401681));
#3799 = CARTESIAN_POINT('',(17.360663767874,-52.70788439221,
    63.716263352681));
#3800 = CARTESIAN_POINT('',(17.474434341874,-52.70788439221,
    63.144385467681));
#3801 = CARTESIAN_POINT('',(17.524181784874,-52.70788439221,
    62.857887679681));
#3802 = CARTESIAN_POINT('',(17.609425494874,-52.70788439221,
    62.283723580681));
#3803 = CARTESIAN_POINT('',(17.644934291874,-52.70788439221,
    61.996006094681));
#3804 = CARTESIAN_POINT('',(17.701745769874,-52.70788439221,
    61.419192843681));
#3805 = CARTESIAN_POINT('',(17.723055518874,-52.70788439221,
    61.129931048681));
#3806 = CARTESIAN_POINT('',(17.751484081874,-52.70788439221,
    60.549832181681));
#3807 = CARTESIAN_POINT('',(17.758598774874,-52.70788439221,
    60.258961118681));
#3808 = CARTESIAN_POINT('',(17.758615438874,-52.70788439221,
    59.675876168681));
#3809 = CARTESIAN_POINT('',(17.751514052874,-52.70788439221,
    59.385178110681));
#3810 = CARTESIAN_POINT('',(17.723105970874,-52.70788439221,
    58.805416191681));
#3811 = CARTESIAN_POINT('',(17.701801578874,-52.70788439221,
    58.516299693681));
#3812 = CARTESIAN_POINT('',(17.644990756874,-52.70788439221,
    57.939486377681));
#3813 = CARTESIAN_POINT('',(17.609458867874,-52.70788439221,
    57.651625341681));
#3814 = CARTESIAN_POINT('',(17.524169508874,-52.70788439221,
    57.077126773681));
#3815 = CARTESIAN_POINT('',(17.474401366874,-52.70788439221,
    56.790456708681));
#3816 = CARTESIAN_POINT('',(17.360663478874,-52.70788439221,
    56.218572322681));
#3817 = CARTESIAN_POINT('',(17.296986166874,-52.70788439221,
    55.934845357681));
#3818 = CARTESIAN_POINT('',(17.156017997874,-52.70788439221,
    55.371765542681));
#3819 = CARTESIAN_POINT('',(17.078719133874,-52.70788439221,
    55.092360617681));
#3820 = CARTESIAN_POINT('',(16.910469220874,-52.70788439221,
    54.537713849681));
#3821 = CARTESIAN_POINT('',(16.819461164874,-52.70788439221,
    54.262315910681));
#3822 = CARTESIAN_POINT('',(16.623731506874,-52.70788439221,
    53.715495300681));
#3823 = CARTESIAN_POINT('',(16.518993089874,-52.70788439221,
    53.444042802681));
#3824 = CARTESIAN_POINT('',(16.295871534874,-52.70788439221,
    52.905336175681));
#3825 = CARTESIAN_POINT('',(16.178065378874,-52.70788439221,
    52.639483771681));
#3826 = CARTESIAN_POINT('',(15.929954451874,-52.70788439221,
    52.114724903681));
#3827 = CARTESIAN_POINT('',(15.799631666874,-52.70788439221,
    51.855768926681));
#3828 = CARTESIAN_POINT('',(15.526408411874,-52.70788439221,
    51.344603470681));
#3829 = CARTESIAN_POINT('',(15.383421577874,-52.70788439221,
    51.092252016681));
#3830 = CARTESIAN_POINT('',(15.084773400874,-52.70788439221,
    50.594123372681));
#3831 = CARTESIAN_POINT('',(14.929089747874,-52.70788439221,
    50.348320210681));
#3832 = CARTESIAN_POINT('',(14.605158961874,-52.70788439221,
    49.863493535681));
#3833 = CARTESIAN_POINT('',(14.437751187874,-52.70788439221,
    49.625732252681));
#3834 = CARTESIAN_POINT('',(14.092032265874,-52.70788439221,
    49.159460519681));
#3835 = CARTESIAN_POINT('',(13.913693790874,-52.70788439221,
    48.930905022681));
#3836 = CARTESIAN_POINT('',(13.545997010874,-52.70788439221,
    48.482864680681));
#3837 = CARTESIAN_POINT('',(13.356526301874,-52.70788439221,
    48.263257435681));
#3838 = CARTESIAN_POINT('',(12.966436488874,-52.70788439221,
    47.832963563681));
#3839 = CARTESIAN_POINT('',(12.765790435874,-52.70788439221,
    47.622255813681));
#3840 = CARTESIAN_POINT('',(12.353498896874,-52.70788439221,
    47.209940709681));
#3841 = CARTESIAN_POINT('',(12.142922890874,-52.70788439221,
    47.009407578681));
#3842 = CARTESIAN_POINT('',(11.712881758874,-52.70788439221,
    46.619541542681));
#3843 = CARTESIAN_POINT('',(11.493381042874,-52.70788439221,
    46.430169785681));
#3844 = CARTESIAN_POINT('',(11.045341117874,-52.70788439221,
    46.062472496681));
#3845 = CARTESIAN_POINT('',(10.816667787874,-52.70788439221,
    45.884048845681));
#3846 = CARTESIAN_POINT('',(10.350127270874,-52.70788439221,
    45.538125696681));
#3847 = CARTESIAN_POINT('',(10.112229532874,-52.70788439221,
    45.370610740681));
#3848 = CARTESIAN_POINT('',(9.627421372874,-52.70788439221,
    45.046652243681));
#3849 = CARTESIAN_POINT('',(9.381769452874,-52.70788439221,
    44.891053642681));
#3850 = CARTESIAN_POINT('',(8.883932349874,-52.70788439221,
    44.592575635681));
#3851 = CARTESIAN_POINT('',(8.631704681874,-52.70788439221,
    44.449665069681));
#3852 = CARTESIAN_POINT('',(8.120539535874,-52.70788439221,
    44.176441233681));
#3853 = CARTESIAN_POINT('',(7.861451371874,-52.70788439221,
    44.046057896681));
#3854 = CARTESIAN_POINT('',(7.336389041874,-52.70788439221,
    43.797799102681));
#3855 = CARTESIAN_POINT('',(7.070381895874,-52.70788439221,
    43.679914446681));
#3856 = CARTESIAN_POINT('',(6.531688021874,-52.70788439221,
    43.456762101681));
#3857 = CARTESIAN_POINT('',(6.260400452874,-52.70788439221,
    43.352077595681));
#3858 = CARTESIAN_POINT('',(5.713898979874,-52.70788439221,
    43.156457960681));
#3859 = CARTESIAN_POINT('',(5.438637326874,-52.70788439221,
    43.065500557681));
#3860 = CARTESIAN_POINT('',(4.883990749874,-52.70788439221,
    42.897250014681));
#3861 = CARTESIAN_POINT('',(4.604444365874,-52.70788439221,
    42.819917549681));
#3862 = CARTESIAN_POINT('',(4.041038072874,-52.70788439221,
    42.678863558681));
#3863 = CARTESIAN_POINT('',(3.757144023874,-52.70788439221,
    42.615139442681));
#3864 = CARTESIAN_POINT('',(3.185266138874,-52.70788439221,
    42.501368868681));
#3865 = CARTESIAN_POINT('',(2.898768350874,-52.70788439221,
    42.451621425681));
#3866 = CARTESIAN_POINT('',(2.324604251874,-52.70788439221,
    42.366377715681));
#3867 = CARTESIAN_POINT('',(2.036886765874,-52.70788439221,
    42.330868918681));
#3868 = CARTESIAN_POINT('',(1.460073514874,-52.70788439221,
    42.274057440681));
#3869 = CARTESIAN_POINT('',(1.170811719874,-52.70788439221,
    42.252747691681));
#3870 = CARTESIAN_POINT('',(0.590712852874,-52.70788439221,
    42.224319128681));
#3871 = CARTESIAN_POINT('',(0.299841789874,-52.70788439221,
    42.217204435681));
#3872 = CARTESIAN_POINT('',(-0.283243160126,-52.70788439221,
    42.217187771681));
#3873 = CARTESIAN_POINT('',(-0.573941218126,-52.70788439221,
    42.224289157681));
#3874 = CARTESIAN_POINT('',(-1.153703137126,-52.70788439221,
    42.252697239681));
#3875 = CARTESIAN_POINT('',(-1.442819635126,-52.70788439221,
    42.274001631681));
#3876 = CARTESIAN_POINT('',(-2.019632951126,-52.70788439221,
    42.330812453681));
#3877 = CARTESIAN_POINT('',(-2.307493987126,-52.70788439221,
    42.366344342681));
#3878 = CARTESIAN_POINT('',(-2.881992555126,-52.70788439221,
    42.451633701681));
#3879 = CARTESIAN_POINT('',(-3.168662620126,-52.70788439221,
    42.501401843681));
#3880 = CARTESIAN_POINT('',(-3.740547006126,-52.70788439221,
    42.615139731681));
#3881 = CARTESIAN_POINT('',(-4.024273971126,-52.70788439221,
    42.678817043681));
#3882 = CARTESIAN_POINT('',(-4.587353786126,-52.70788439221,
    42.819785212681));
#3883 = CARTESIAN_POINT('',(-4.866758711126,-52.70788439221,
    42.897084076681));
#3884 = CARTESIAN_POINT('',(-5.421405479126,-52.70788439221,
    43.065333989681));
#3885 = CARTESIAN_POINT('',(-5.696803418126,-52.70788439221,
    43.156342045681));
#3886 = CARTESIAN_POINT('',(-6.243624028126,-52.70788439221,
    43.352071703681));
#3887 = CARTESIAN_POINT('',(-6.515076526126,-52.70788439221,
    43.456810120681));
#3888 = CARTESIAN_POINT('',(-7.053783153126,-52.70788439221,
    43.679931675681));
#3889 = CARTESIAN_POINT('',(-7.319635557126,-52.70788439221,
    43.797737831681));
#3890 = CARTESIAN_POINT('',(-7.844394425126,-52.70788439221,
    44.045848758681));
#3891 = CARTESIAN_POINT('',(-8.103350402126,-52.70788439221,
    44.176171543681));
#3892 = CARTESIAN_POINT('',(-8.614515858126,-52.70788439221,
    44.449394798681));
#3893 = CARTESIAN_POINT('',(-8.866867312126,-52.70788439221,
    44.592381632681));
#3894 = CARTESIAN_POINT('',(-9.364995956126,-52.70788439221,
    44.891029809681));
#3895 = CARTESIAN_POINT('',(-9.610799118126,-52.70788439221,
    45.046713462681));
#3896 = CARTESIAN_POINT('',(-10.09562579312,-52.70788439221,
    45.370644248681));
#3897 = CARTESIAN_POINT('',(-10.33338707612,-52.70788439221,
    45.538052022681));
#3898 = CARTESIAN_POINT('',(-10.79965880912,-52.70788439221,
    45.883770944681));
#3899 = CARTESIAN_POINT('',(-11.02821430612,-52.70788439221,
    46.062109419681));
#3900 = CARTESIAN_POINT('',(-11.47625464812,-52.70788439221,
    46.429806199681));
#3901 = CARTESIAN_POINT('',(-11.69586189312,-52.70788439221,
    46.619276908681));
#3902 = CARTESIAN_POINT('',(-12.12615576512,-52.70788439221,
    47.009366721681));
#3903 = CARTESIAN_POINT('',(-12.33686351512,-52.70788439221,
    47.210012774681));
#3904 = CARTESIAN_POINT('',(-12.74917861912,-52.70788439221,
    47.622304313681));
#3905 = CARTESIAN_POINT('',(-12.94971175012,-52.70788439221,
    47.832880319681));
#3906 = CARTESIAN_POINT('',(-13.33957778612,-52.70788439221,
    48.262921451681));
#3907 = CARTESIAN_POINT('',(-13.52894954312,-52.70788439221,
    48.482422167681));
#3908 = CARTESIAN_POINT('',(-13.89664683212,-52.70788439221,
    48.930462092681));
#3909 = CARTESIAN_POINT('',(-14.07507048312,-52.70788439221,
    49.159135422681));
#3910 = CARTESIAN_POINT('',(-14.42099363212,-52.70788439221,
    49.625675939681));
#3911 = CARTESIAN_POINT('',(-14.58850858812,-52.70788439221,
    49.863573677681));
#3912 = CARTESIAN_POINT('',(-14.91246708512,-52.70788439221,
    50.348381837681));
#3913 = CARTESIAN_POINT('',(-15.06806568612,-52.70788439221,
    50.594033757681));
#3914 = CARTESIAN_POINT('',(-15.36654369312,-52.70788439221,
    51.091870860681));
#3915 = CARTESIAN_POINT('',(-15.50945425912,-52.70788439221,
    51.344098528681));
#3916 = CARTESIAN_POINT('',(-15.78267809512,-52.70788439221,
    51.855263674681));
#3917 = CARTESIAN_POINT('',(-15.91306143212,-52.70788439221,
    52.114351838681));
#3918 = CARTESIAN_POINT('',(-16.16132022612,-52.70788439221,
    52.639414168681));
#3919 = CARTESIAN_POINT('',(-16.27920488212,-52.70788439221,
    52.905421314681));
#3920 = CARTESIAN_POINT('',(-16.50235722712,-52.70788439221,
    53.444115188681));
#3921 = CARTESIAN_POINT('',(-16.60704173312,-52.70788439221,
    53.715402757681));
#3922 = CARTESIAN_POINT('',(-16.80266136812,-52.70788439221,
    54.261904230681));
#3923 = CARTESIAN_POINT('',(-16.89361877112,-52.70788439221,
    54.537165883681));
#3924 = CARTESIAN_POINT('',(-17.06187568112,-52.70788439221,
    55.091834757681));
#3925 = CARTESIAN_POINT('',(-17.13919028612,-52.70788439221,
    55.371292809681));
#3926 = CARTESIAN_POINT('',(-17.24476231412,-52.70788439221,
    55.793789050681));
#3927 = CARTESIAN_POINT('',(-17.27832111212,-52.70788439221,
    55.935167364681));
#3928 = CARTESIAN_POINT('',(-17.34203613812,-52.70788439221,
    56.219019314681));
#3929 = CARTESIAN_POINT('',(-17.37231090212,-52.70788439221,
    56.362087198681));
#3930 = CARTESIAN_POINT('',(-17.45754764812,-52.70788439221,
    56.789502536681));
#3931 = CARTESIAN_POINT('',(-17.50719532012,-52.70788439221,
    57.075647653681));
#3932 = CARTESIAN_POINT('',(-17.59240106512,-52.70788439221,
    57.650101288681));
#3933 = CARTESIAN_POINT('',(-17.62796112112,-52.70788439221,
    57.938434567681));
#3934 = CARTESIAN_POINT('',(-17.68495140212,-52.70788439221,
    58.516894107681));
#3935 = CARTESIAN_POINT('',(-17.70631686612,-52.70788439221,
    58.806438416681));
#3936 = CARTESIAN_POINT('',(-17.73480420212,-52.70788439221,
    59.386328040681));
#3937 = CARTESIAN_POINT('',(-17.74192520412,-52.70788439221,
    59.675994744681));
#3938 = CARTESIAN_POINT('',(-17.74165805912,-52.70788439221,
    59.967461269681));
#3939 = CARTESIAN_POINT('',(-17.74165805912,-53.00788439221,
    59.967461269681));
#3940 = CARTESIAN_POINT('',(-17.74192358512,-53.00788439221,
    60.259026979681));
#3941 = CARTESIAN_POINT('',(-17.73480983312,-53.00788439221,
    60.549791842681));
#3942 = CARTESIAN_POINT('',(-17.70637710312,-53.00788439221,
    61.129699439681));
#3943 = CARTESIAN_POINT('',(-17.68506012412,-53.00788439221,
    61.418891342681));
#3944 = CARTESIAN_POINT('',(-17.62823106912,-53.00788439221,
    61.995824425681));
#3945 = CARTESIAN_POINT('',(-17.59271387412,-53.00788439221,
    62.283614831681));
#3946 = CARTESIAN_POINT('',(-17.50746260012,-53.00788439221,
    62.857914509681));
#3947 = CARTESIAN_POINT('',(-17.45771646912,-53.00788439221,
    63.144471411681));
#3948 = CARTESIAN_POINT('',(-17.34397959712,-53.00788439221,
    63.716350216681));
#3949 = CARTESIAN_POINT('',(-17.28030228512,-53.00788439221,
    64.000077181681));
#3950 = CARTESIAN_POINT('',(-17.13933411612,-53.00788439221,
    64.563156996681));
#3951 = CARTESIAN_POINT('',(-17.06203525212,-53.00788439221,
    64.842561921681));
#3952 = CARTESIAN_POINT('',(-16.89378533912,-53.00788439221,
    65.397208689681));
#3953 = CARTESIAN_POINT('',(-16.80277728312,-53.00788439221,
    65.672606628681));
#3954 = CARTESIAN_POINT('',(-16.60704762512,-53.00788439221,
    66.219427238681));
#3955 = CARTESIAN_POINT('',(-16.50230920812,-53.00788439221,
    66.490879736681));
#3956 = CARTESIAN_POINT('',(-16.27918765312,-53.00788439221,
    67.029586363681));
#3957 = CARTESIAN_POINT('',(-16.16138149712,-53.00788439221,
    67.295438767681));
#3958 = CARTESIAN_POINT('',(-15.91327057012,-53.00788439221,
    67.820197635681));
#3959 = CARTESIAN_POINT('',(-15.78294778512,-53.00788439221,
    68.079153612681));
#3960 = CARTESIAN_POINT('',(-15.50972453012,-53.00788439221,
    68.590319068681));
#3961 = CARTESIAN_POINT('',(-15.36673769612,-53.00788439221,
    68.842670522681));
#3962 = CARTESIAN_POINT('',(-15.06808951912,-53.00788439221,
    69.340799166681));
#3963 = CARTESIAN_POINT('',(-14.91240586612,-53.00788439221,
    69.586602328681));
#3964 = CARTESIAN_POINT('',(-14.58847508012,-53.00788439221,
    70.071429003681));
#3965 = CARTESIAN_POINT('',(-14.42106730612,-53.00788439221,
    70.309190286681));
#3966 = CARTESIAN_POINT('',(-14.07534838412,-53.00788439221,
    70.775462019681));
#3967 = CARTESIAN_POINT('',(-13.89700990912,-53.00788439221,
    71.004017516681));
#3968 = CARTESIAN_POINT('',(-13.52931312912,-53.00788439221,
    71.452057858681));
#3969 = CARTESIAN_POINT('',(-13.33984242012,-53.00788439221,
    71.671665103681));
#3970 = CARTESIAN_POINT('',(-12.94975260712,-53.00788439221,
    72.101958975681));
#3971 = CARTESIAN_POINT('',(-12.74910655412,-53.00788439221,
    72.312666725681));
#3972 = CARTESIAN_POINT('',(-12.33681501512,-53.00788439221,
    72.724981829681));
#3973 = CARTESIAN_POINT('',(-12.12623900912,-53.00788439221,
    72.925514960681));
#3974 = CARTESIAN_POINT('',(-11.69619787712,-53.00788439221,
    73.315380996681));
#3975 = CARTESIAN_POINT('',(-11.47669716112,-53.00788439221,
    73.504752753681));
#3976 = CARTESIAN_POINT('',(-11.02865723612,-53.00788439221,
    73.872450042681));
#3977 = CARTESIAN_POINT('',(-10.79998390612,-53.00788439221,
    74.050873693681));
#3978 = CARTESIAN_POINT('',(-10.33344338912,-53.00788439221,
    74.396796842681));
#3979 = CARTESIAN_POINT('',(-10.09554565112,-53.00788439221,
    74.564311798681));
#3980 = CARTESIAN_POINT('',(-9.610737491126,-53.00788439221,
    74.888270295681));
#3981 = CARTESIAN_POINT('',(-9.365085571126,-53.00788439221,
    75.043868896681));
#3982 = CARTESIAN_POINT('',(-8.867248468126,-53.00788439221,
    75.342346903681));
#3983 = CARTESIAN_POINT('',(-8.615020800126,-53.00788439221,
    75.485257469681));
#3984 = CARTESIAN_POINT('',(-8.103855654126,-53.00788439221,
    75.758481305681));
#3985 = CARTESIAN_POINT('',(-7.844767490126,-53.00788439221,
    75.888864642681));
#3986 = CARTESIAN_POINT('',(-7.319705160126,-53.00788439221,
    76.137123436681));
#3987 = CARTESIAN_POINT('',(-7.053698014126,-53.00788439221,
    76.255008092681));
#3988 = CARTESIAN_POINT('',(-6.515004140126,-53.00788439221,
    76.478160437681));
#3989 = CARTESIAN_POINT('',(-6.243716571126,-53.00788439221,
    76.582844943681));
#3990 = CARTESIAN_POINT('',(-5.697215098126,-53.00788439221,
    76.778464578681));
#3991 = CARTESIAN_POINT('',(-5.421953445126,-53.00788439221,
    76.869421981681));
#3992 = CARTESIAN_POINT('',(-4.867306868126,-53.00788439221,
    77.037672524681));
#3993 = CARTESIAN_POINT('',(-4.587760484126,-53.00788439221,
    77.115004989681));
#3994 = CARTESIAN_POINT('',(-4.024354191126,-53.00788439221,
    77.256058980681));
#3995 = CARTESIAN_POINT('',(-3.740460142126,-53.00788439221,
    77.319783096681));
#3996 = CARTESIAN_POINT('',(-3.168582257126,-53.00788439221,
    77.433553670681));
#3997 = CARTESIAN_POINT('',(-2.882084469126,-53.00788439221,
    77.483301113681));
#3998 = CARTESIAN_POINT('',(-2.307920370126,-53.00788439221,
    77.568544823681));
#3999 = CARTESIAN_POINT('',(-2.020202884126,-53.00788439221,
    77.604053620681));
#4000 = CARTESIAN_POINT('',(-1.443389633126,-53.00788439221,
    77.660865098681));
#4001 = CARTESIAN_POINT('',(-1.154127838126,-53.00788439221,
    77.682174847681));
#4002 = CARTESIAN_POINT('',(-0.574028971126,-53.00788439221,
    77.710603410681));
#4003 = CARTESIAN_POINT('',(-0.283157908126,-53.00788439221,
    77.717718103681));
#4004 = CARTESIAN_POINT('',(0.299927041874,-53.00788439221,
    77.717734767681));
#4005 = CARTESIAN_POINT('',(0.590625099874,-53.00788439221,
    77.710633381681));
#4006 = CARTESIAN_POINT('',(1.170387018874,-53.00788439221,
    77.682225299681));
#4007 = CARTESIAN_POINT('',(1.459503516874,-53.00788439221,
    77.660920907681));
#4008 = CARTESIAN_POINT('',(2.036316832874,-53.00788439221,
    77.604110085681));
#4009 = CARTESIAN_POINT('',(2.324177868874,-53.00788439221,
    77.568578196681));
#4010 = CARTESIAN_POINT('',(2.898676436874,-53.00788439221,
    77.483288837681));
#4011 = CARTESIAN_POINT('',(3.185346501874,-53.00788439221,
    77.433520695681));
#4012 = CARTESIAN_POINT('',(3.757230887874,-53.00788439221,
    77.319782807681));
#4013 = CARTESIAN_POINT('',(4.040957852874,-53.00788439221,
    77.256105495681));
#4014 = CARTESIAN_POINT('',(4.604037667874,-53.00788439221,
    77.115137326681));
#4015 = CARTESIAN_POINT('',(4.883442592874,-53.00788439221,
    77.037838462681));
#4016 = CARTESIAN_POINT('',(5.438089360874,-53.00788439221,
    76.869588549681));
#4017 = CARTESIAN_POINT('',(5.713487299874,-53.00788439221,
    76.778580493681));
#4018 = CARTESIAN_POINT('',(6.260307909874,-53.00788439221,
    76.582850835681));
#4019 = CARTESIAN_POINT('',(6.531760407874,-53.00788439221,
    76.478112418681));
#4020 = CARTESIAN_POINT('',(7.070467034874,-53.00788439221,
    76.254990863681));
#4021 = CARTESIAN_POINT('',(7.336319438874,-53.00788439221,
    76.137184707681));
#4022 = CARTESIAN_POINT('',(7.861078306874,-53.00788439221,
    75.889073780681));
#4023 = CARTESIAN_POINT('',(8.120034283874,-53.00788439221,
    75.758750995681));
#4024 = CARTESIAN_POINT('',(8.631199739874,-53.00788439221,
    75.485527740681));
#4025 = CARTESIAN_POINT('',(8.883551193874,-53.00788439221,
    75.342540906681));
#4026 = CARTESIAN_POINT('',(9.381679837874,-53.00788439221,
    75.043892729681));
#4027 = CARTESIAN_POINT('',(9.627482999874,-53.00788439221,
    74.888209076681));
#4028 = CARTESIAN_POINT('',(10.112309674874,-53.00788439221,
    74.564278290681));
#4029 = CARTESIAN_POINT('',(10.350070957874,-53.00788439221,
    74.396870516681));
#4030 = CARTESIAN_POINT('',(10.816342690874,-53.00788439221,
    74.051151594681));
#4031 = CARTESIAN_POINT('',(11.044898187874,-53.00788439221,
    73.872813119681));
#4032 = CARTESIAN_POINT('',(11.492938529874,-53.00788439221,
    73.505116339681));
#4033 = CARTESIAN_POINT('',(11.712545774874,-53.00788439221,
    73.315645630681));
#4034 = CARTESIAN_POINT('',(12.142839646874,-53.00788439221,
    72.925555817681));
#4035 = CARTESIAN_POINT('',(12.353547396874,-53.00788439221,
    72.724909764681));
#4036 = CARTESIAN_POINT('',(12.765862500874,-53.00788439221,
    72.312618225681));
#4037 = CARTESIAN_POINT('',(12.966395631874,-53.00788439221,
    72.102042219681));
#4038 = CARTESIAN_POINT('',(13.356261667874,-53.00788439221,
    71.672001087681));
#4039 = CARTESIAN_POINT('',(13.545633424874,-53.00788439221,
    71.452500371681));
#4040 = CARTESIAN_POINT('',(13.913330713874,-53.00788439221,
    71.004460446681));
#4041 = CARTESIAN_POINT('',(14.091754364874,-53.00788439221,
    70.775787116681));
#4042 = CARTESIAN_POINT('',(14.437677513874,-53.00788439221,
    70.309246599681));
#4043 = CARTESIAN_POINT('',(14.605192469874,-53.00788439221,
    70.071348861681));
#4044 = CARTESIAN_POINT('',(14.929150966874,-53.00788439221,
    69.586540701681));
#4045 = CARTESIAN_POINT('',(15.084749567874,-53.00788439221,
    69.340888781681));
#4046 = CARTESIAN_POINT('',(15.383227574874,-53.00788439221,
    68.843051678681));
#4047 = CARTESIAN_POINT('',(15.526138140874,-53.00788439221,
    68.590824010681));
#4048 = CARTESIAN_POINT('',(15.799361976874,-53.00788439221,
    68.079658864681));
#4049 = CARTESIAN_POINT('',(15.929745313874,-53.00788439221,
    67.820570700681));
#4050 = CARTESIAN_POINT('',(16.178004107874,-53.00788439221,
    67.295508370681));
#4051 = CARTESIAN_POINT('',(16.295888763874,-53.00788439221,
    67.029501224681));
#4052 = CARTESIAN_POINT('',(16.519041108874,-53.00788439221,
    66.490807350681));
#4053 = CARTESIAN_POINT('',(16.623725614874,-53.00788439221,
    66.219519781681));
#4054 = CARTESIAN_POINT('',(16.819345249874,-53.00788439221,
    65.673018308681));
#4055 = CARTESIAN_POINT('',(16.910302652874,-53.00788439221,
    65.397756655681));
#4056 = CARTESIAN_POINT('',(17.078553195874,-53.00788439221,
    64.843110078681));
#4057 = CARTESIAN_POINT('',(17.155885660874,-53.00788439221,
    64.563563694681));
#4058 = CARTESIAN_POINT('',(17.296939651874,-53.00788439221,
    64.000157401681));
#4059 = CARTESIAN_POINT('',(17.360663767874,-53.00788439221,
    63.716263352681));
#4060 = CARTESIAN_POINT('',(17.474434341874,-53.00788439221,
    63.144385467681));
#4061 = CARTESIAN_POINT('',(17.524181784874,-53.00788439221,
    62.857887679681));
#4062 = CARTESIAN_POINT('',(17.609425494874,-53.00788439221,
    62.283723580681));
#4063 = CARTESIAN_POINT('',(17.644934291874,-53.00788439221,
    61.996006094681));
#4064 = CARTESIAN_POINT('',(17.701745769874,-53.00788439221,
    61.419192843681));
#4065 = CARTESIAN_POINT('',(17.723055518874,-53.00788439221,
    61.129931048681));
#4066 = CARTESIAN_POINT('',(17.751484081874,-53.00788439221,
    60.549832181681));
#4067 = CARTESIAN_POINT('',(17.758598774874,-53.00788439221,
    60.258961118681));
#4068 = CARTESIAN_POINT('',(17.758615438874,-53.00788439221,
    59.675876168681));
#4069 = CARTESIAN_POINT('',(17.751514052874,-53.00788439221,
    59.385178110681));
#4070 = CARTESIAN_POINT('',(17.723105970874,-53.00788439221,
    58.805416191681));
#4071 = CARTESIAN_POINT('',(17.701801578874,-53.00788439221,
    58.516299693681));
#4072 = CARTESIAN_POINT('',(17.644990756874,-53.00788439221,
    57.939486377681));
#4073 = CARTESIAN_POINT('',(17.609458867874,-53.00788439221,
    57.651625341681));
#4074 = CARTESIAN_POINT('',(17.524169508874,-53.00788439221,
    57.077126773681));
#4075 = CARTESIAN_POINT('',(17.474401366874,-53.00788439221,
    56.790456708681));
#4076 = CARTESIAN_POINT('',(17.360663478874,-53.00788439221,
    56.218572322681));
#4077 = CARTESIAN_POINT('',(17.296986166874,-53.00788439221,
    55.934845357681));
#4078 = CARTESIAN_POINT('',(17.156017997874,-53.00788439221,
    55.371765542681));
#4079 = CARTESIAN_POINT('',(17.078719133874,-53.00788439221,
    55.092360617681));
#4080 = CARTESIAN_POINT('',(16.910469220874,-53.00788439221,
    54.537713849681));
#4081 = CARTESIAN_POINT('',(16.819461164874,-53.00788439221,
    54.262315910681));
#4082 = CARTESIAN_POINT('',(16.623731506874,-53.00788439221,
    53.715495300681));
#4083 = CARTESIAN_POINT('',(16.518993089874,-53.00788439221,
    53.444042802681));
#4084 = CARTESIAN_POINT('',(16.295871534874,-53.00788439221,
    52.905336175681));
#4085 = CARTESIAN_POINT('',(16.178065378874,-53.00788439221,
    52.639483771681));
#4086 = CARTESIAN_POINT('',(15.929954451874,-53.00788439221,
    52.114724903681));
#4087 = CARTESIAN_POINT('',(15.799631666874,-53.00788439221,
    51.855768926681));
#4088 = CARTESIAN_POINT('',(15.526408411874,-53.00788439221,
    51.344603470681));
#4089 = CARTESIAN_POINT('',(15.383421577874,-53.00788439221,
    51.092252016681));
#4090 = CARTESIAN_POINT('',(15.084773400874,-53.00788439221,
    50.594123372681));
#4091 = CARTESIAN_POINT('',(14.929089747874,-53.00788439221,
    50.348320210681));
#4092 = CARTESIAN_POINT('',(14.605158961874,-53.00788439221,
    49.863493535681));
#4093 = CARTESIAN_POINT('',(14.437751187874,-53.00788439221,
    49.625732252681));
#4094 = CARTESIAN_POINT('',(14.092032265874,-53.00788439221,
    49.159460519681));
#4095 = CARTESIAN_POINT('',(13.913693790874,-53.00788439221,
    48.930905022681));
#4096 = CARTESIAN_POINT('',(13.545997010874,-53.00788439221,
    48.482864680681));
#4097 = CARTESIAN_POINT('',(13.356526301874,-53.00788439221,
    48.263257435681));
#4098 = CARTESIAN_POINT('',(12.966436488874,-53.00788439221,
    47.832963563681));
#4099 = CARTESIAN_POINT('',(12.765790435874,-53.00788439221,
    47.622255813681));
#4100 = CARTESIAN_POINT('',(12.353498896874,-53.00788439221,
    47.209940709681));
#4101 = CARTESIAN_POINT('',(12.142922890874,-53.00788439221,
    47.009407578681));
#4102 = CARTESIAN_POINT('',(11.712881758874,-53.00788439221,
    46.619541542681));
#4103 = CARTESIAN_POINT('',(11.493381042874,-53.00788439221,
    46.430169785681));
#4104 = CARTESIAN_POINT('',(11.045341117874,-53.00788439221,
    46.062472496681));
#4105 = CARTESIAN_POINT('',(10.816667787874,-53.00788439221,
    45.884048845681));
#4106 = CARTESIAN_POINT('',(10.350127270874,-53.00788439221,
    45.538125696681));
#4107 = CARTESIAN_POINT('',(10.112229532874,-53.00788439221,
    45.370610740681));
#4108 = CARTESIAN_POINT('',(9.627421372874,-53.00788439221,
    45.046652243681));
#4109 = CARTESIAN_POINT('',(9.381769452874,-53.00788439221,
    44.891053642681));
#4110 = CARTESIAN_POINT('',(8.883932349874,-53.00788439221,
    44.592575635681));
#4111 = CARTESIAN_POINT('',(8.631704681874,-53.00788439221,
    44.449665069681));
#4112 = CARTESIAN_POINT('',(8.120539535874,-53.00788439221,
    44.176441233681));
#4113 = CARTESIAN_POINT('',(7.861451371874,-53.00788439221,
    44.046057896681));
#4114 = CARTESIAN_POINT('',(7.336389041874,-53.00788439221,
    43.797799102681));
#4115 = CARTESIAN_POINT('',(7.070381895874,-53.00788439221,
    43.679914446681));
#4116 = CARTESIAN_POINT('',(6.531688021874,-53.00788439221,
    43.456762101681));
#4117 = CARTESIAN_POINT('',(6.260400452874,-53.00788439221,
    43.352077595681));
#4118 = CARTESIAN_POINT('',(5.713898979874,-53.00788439221,
    43.156457960681));
#4119 = CARTESIAN_POINT('',(5.438637326874,-53.00788439221,
    43.065500557681));
#4120 = CARTESIAN_POINT('',(4.883990749874,-53.00788439221,
    42.897250014681));
#4121 = CARTESIAN_POINT('',(4.604444365874,-53.00788439221,
    42.819917549681));
#4122 = CARTESIAN_POINT('',(4.041038072874,-53.00788439221,
    42.678863558681));
#4123 = CARTESIAN_POINT('',(3.757144023874,-53.00788439221,
    42.615139442681));
#4124 = CARTESIAN_POINT('',(3.185266138874,-53.00788439221,
    42.501368868681));
#4125 = CARTESIAN_POINT('',(2.898768350874,-53.00788439221,
    42.451621425681));
#4126 = CARTESIAN_POINT('',(2.324604251874,-53.00788439221,
    42.366377715681));
#4127 = CARTESIAN_POINT('',(2.036886765874,-53.00788439221,
    42.330868918681));
#4128 = CARTESIAN_POINT('',(1.460073514874,-53.00788439221,
    42.274057440681));
#4129 = CARTESIAN_POINT('',(1.170811719874,-53.00788439221,
    42.252747691681));
#4130 = CARTESIAN_POINT('',(0.590712852874,-53.00788439221,
    42.224319128681));
#4131 = CARTESIAN_POINT('',(0.299841789874,-53.00788439221,
    42.217204435681));
#4132 = CARTESIAN_POINT('',(-0.283243160126,-53.00788439221,
    42.217187771681));
#4133 = CARTESIAN_POINT('',(-0.573941218126,-53.00788439221,
    42.224289157681));
#4134 = CARTESIAN_POINT('',(-1.153703137126,-53.00788439221,
    42.252697239681));
#4135 = CARTESIAN_POINT('',(-1.442819635126,-53.00788439221,
    42.274001631681));
#4136 = CARTESIAN_POINT('',(-2.019632951126,-53.00788439221,
    42.330812453681));
#4137 = CARTESIAN_POINT('',(-2.307493987126,-53.00788439221,
    42.366344342681));
#4138 = CARTESIAN_POINT('',(-2.881992555126,-53.00788439221,
    42.451633701681));
#4139 = CARTESIAN_POINT('',(-3.168662620126,-53.00788439221,
    42.501401843681));
#4140 = CARTESIAN_POINT('',(-3.740547006126,-53.00788439221,
    42.615139731681));
#4141 = CARTESIAN_POINT('',(-4.024273971126,-53.00788439221,
    42.678817043681));
#4142 = CARTESIAN_POINT('',(-4.587353786126,-53.00788439221,
    42.819785212681));
#4143 = CARTESIAN_POINT('',(-4.866758711126,-53.00788439221,
    42.897084076681));
#4144 = CARTESIAN_POINT('',(-5.421405479126,-53.00788439221,
    43.065333989681));
#4145 = CARTESIAN_POINT('',(-5.696803418126,-53.00788439221,
    43.156342045681));
#4146 = CARTESIAN_POINT('',(-6.243624028126,-53.00788439221,
    43.352071703681));
#4147 = CARTESIAN_POINT('',(-6.515076526126,-53.00788439221,
    43.456810120681));
#4148 = CARTESIAN_POINT('',(-7.053783153126,-53.00788439221,
    43.679931675681));
#4149 = CARTESIAN_POINT('',(-7.319635557126,-53.00788439221,
    43.797737831681));
#4150 = CARTESIAN_POINT('',(-7.844394425126,-53.00788439221,
    44.045848758681));
#4151 = CARTESIAN_POINT('',(-8.103350402126,-53.00788439221,
    44.176171543681));
#4152 = CARTESIAN_POINT('',(-8.614515858126,-53.00788439221,
    44.449394798681));
#4153 = CARTESIAN_POINT('',(-8.866867312126,-53.00788439221,
    44.592381632681));
#4154 = CARTESIAN_POINT('',(-9.364995956126,-53.00788439221,
    44.891029809681));
#4155 = CARTESIAN_POINT('',(-9.610799118126,-53.00788439221,
    45.046713462681));
#4156 = CARTESIAN_POINT('',(-10.09562579312,-53.00788439221,
    45.370644248681));
#4157 = CARTESIAN_POINT('',(-10.33338707612,-53.00788439221,
    45.538052022681));
#4158 = CARTESIAN_POINT('',(-10.79965880912,-53.00788439221,
    45.883770944681));
#4159 = CARTESIAN_POINT('',(-11.02821430612,-53.00788439221,
    46.062109419681));
#4160 = CARTESIAN_POINT('',(-11.47625464812,-53.00788439221,
    46.429806199681));
#4161 = CARTESIAN_POINT('',(-11.69586189312,-53.00788439221,
    46.619276908681));
#4162 = CARTESIAN_POINT('',(-12.12615576512,-53.00788439221,
    47.009366721681));
#4163 = CARTESIAN_POINT('',(-12.33686351512,-53.00788439221,
    47.210012774681));
#4164 = CARTESIAN_POINT('',(-12.74917861912,-53.00788439221,
    47.622304313681));
#4165 = CARTESIAN_POINT('',(-12.94971175012,-53.00788439221,
    47.832880319681));
#4166 = CARTESIAN_POINT('',(-13.33957778612,-53.00788439221,
    48.262921451681));
#4167 = CARTESIAN_POINT('',(-13.52894954312,-53.00788439221,
    48.482422167681));
#4168 = CARTESIAN_POINT('',(-13.89664683212,-53.00788439221,
    48.930462092681));
#4169 = CARTESIAN_POINT('',(-14.07507048312,-53.00788439221,
    49.159135422681));
#4170 = CARTESIAN_POINT('',(-14.42099363212,-53.00788439221,
    49.625675939681));
#4171 = CARTESIAN_POINT('',(-14.58850858812,-53.00788439221,
    49.863573677681));
#4172 = CARTESIAN_POINT('',(-14.91246708512,-53.00788439221,
    50.348381837681));
#4173 = CARTESIAN_POINT('',(-15.06806568612,-53.00788439221,
    50.594033757681));
#4174 = CARTESIAN_POINT('',(-15.36654369312,-53.00788439221,
    51.091870860681));
#4175 = CARTESIAN_POINT('',(-15.50945425912,-53.00788439221,
    51.344098528681));
#4176 = CARTESIAN_POINT('',(-15.78267809512,-53.00788439221,
    51.855263674681));
#4177 = CARTESIAN_POINT('',(-15.91306143212,-53.00788439221,
    52.114351838681));
#4178 = CARTESIAN_POINT('',(-16.16132022612,-53.00788439221,
    52.639414168681));
#4179 = CARTESIAN_POINT('',(-16.27920488212,-53.00788439221,
    52.905421314681));
#4180 = CARTESIAN_POINT('',(-16.50235722712,-53.00788439221,
    53.444115188681));
#4181 = CARTESIAN_POINT('',(-16.60704173312,-53.00788439221,
    53.715402757681));
#4182 = CARTESIAN_POINT('',(-16.80266136812,-53.00788439221,
    54.261904230681));
#4183 = CARTESIAN_POINT('',(-16.89361877112,-53.00788439221,
    54.537165883681));
#4184 = CARTESIAN_POINT('',(-17.06187568112,-53.00788439221,
    55.091834757681));
#4185 = CARTESIAN_POINT('',(-17.13919028612,-53.00788439221,
    55.371292809681));
#4186 = CARTESIAN_POINT('',(-17.24476231412,-53.00788439221,
    55.793789050681));
#4187 = CARTESIAN_POINT('',(-17.27832111212,-53.00788439221,
    55.935167364681));
#4188 = CARTESIAN_POINT('',(-17.34203613812,-53.00788439221,
    56.219019314681));
#4189 = CARTESIAN_POINT('',(-17.37231090212,-53.00788439221,
    56.362087198681));
#4190 = CARTESIAN_POINT('',(-17.45754764812,-53.00788439221,
    56.789502536681));
#4191 = CARTESIAN_POINT('',(-17.50719532012,-53.00788439221,
    57.075647653681));
#4192 = CARTESIAN_POINT('',(-17.59240106512,-53.00788439221,
    57.650101288681));
#4193 = CARTESIAN_POINT('',(-17.62796112112,-53.00788439221,
    57.938434567681));
#4194 = CARTESIAN_POINT('',(-17.68495140212,-53.00788439221,
    58.516894107681));
#4195 = CARTESIAN_POINT('',(-17.70631686612,-53.00788439221,
    58.806438416681));
#4196 = CARTESIAN_POINT('',(-17.73480420212,-53.00788439221,
    59.386328040681));
#4197 = CARTESIAN_POINT('',(-17.74192520412,-53.00788439221,
    59.675994744681));
#4198 = CARTESIAN_POINT('',(-17.74165805912,-53.00788439221,
    59.967461269681));
#4199 = CARTESIAN_POINT('',(-17.74165805912,-54.00788439221,
    59.967461269681));
#4200 = CARTESIAN_POINT('',(-17.74192358512,-54.00788439221,
    60.259026979681));
#4201 = CARTESIAN_POINT('',(-17.73480983312,-54.00788439221,
    60.549791842681));
#4202 = CARTESIAN_POINT('',(-17.70637710312,-54.00788439221,
    61.129699439681));
#4203 = CARTESIAN_POINT('',(-17.68506012412,-54.00788439221,
    61.418891342681));
#4204 = CARTESIAN_POINT('',(-17.62823106912,-54.00788439221,
    61.995824425681));
#4205 = CARTESIAN_POINT('',(-17.59271387412,-54.00788439221,
    62.283614831681));
#4206 = CARTESIAN_POINT('',(-17.50746260012,-54.00788439221,
    62.857914509681));
#4207 = CARTESIAN_POINT('',(-17.45771646912,-54.00788439221,
    63.144471411681));
#4208 = CARTESIAN_POINT('',(-17.34397959712,-54.00788439221,
    63.716350216681));
#4209 = CARTESIAN_POINT('',(-17.28030228512,-54.00788439221,
    64.000077181681));
#4210 = CARTESIAN_POINT('',(-17.13933411612,-54.00788439221,
    64.563156996681));
#4211 = CARTESIAN_POINT('',(-17.06203525212,-54.00788439221,
    64.842561921681));
#4212 = CARTESIAN_POINT('',(-16.89378533912,-54.00788439221,
    65.397208689681));
#4213 = CARTESIAN_POINT('',(-16.80277728312,-54.00788439221,
    65.672606628681));
#4214 = CARTESIAN_POINT('',(-16.60704762512,-54.00788439221,
    66.219427238681));
#4215 = CARTESIAN_POINT('',(-16.50230920812,-54.00788439221,
    66.490879736681));
#4216 = CARTESIAN_POINT('',(-16.27918765312,-54.00788439221,
    67.029586363681));
#4217 = CARTESIAN_POINT('',(-16.16138149712,-54.00788439221,
    67.295438767681));
#4218 = CARTESIAN_POINT('',(-15.91327057012,-54.00788439221,
    67.820197635681));
#4219 = CARTESIAN_POINT('',(-15.78294778512,-54.00788439221,
    68.079153612681));
#4220 = CARTESIAN_POINT('',(-15.50972453012,-54.00788439221,
    68.590319068681));
#4221 = CARTESIAN_POINT('',(-15.36673769612,-54.00788439221,
    68.842670522681));
#4222 = CARTESIAN_POINT('',(-15.06808951912,-54.00788439221,
    69.340799166681));
#4223 = CARTESIAN_POINT('',(-14.91240586612,-54.00788439221,
    69.586602328681));
#4224 = CARTESIAN_POINT('',(-14.58847508012,-54.00788439221,
    70.071429003681));
#4225 = CARTESIAN_POINT('',(-14.42106730612,-54.00788439221,
    70.309190286681));
#4226 = CARTESIAN_POINT('',(-14.07534838412,-54.00788439221,
    70.775462019681));
#4227 = CARTESIAN_POINT('',(-13.89700990912,-54.00788439221,
    71.004017516681));
#4228 = CARTESIAN_POINT('',(-13.52931312912,-54.00788439221,
    71.452057858681));
#4229 = CARTESIAN_POINT('',(-13.33984242012,-54.00788439221,
    71.671665103681));
#4230 = CARTESIAN_POINT('',(-12.94975260712,-54.00788439221,
    72.101958975681));
#4231 = CARTESIAN_POINT('',(-12.74910655412,-54.00788439221,
    72.312666725681));
#4232 = CARTESIAN_POINT('',(-12.33681501512,-54.00788439221,
    72.724981829681));
#4233 = CARTESIAN_POINT('',(-12.12623900912,-54.00788439221,
    72.925514960681));
#4234 = CARTESIAN_POINT('',(-11.69619787712,-54.00788439221,
    73.315380996681));
#4235 = CARTESIAN_POINT('',(-11.47669716112,-54.00788439221,
    73.504752753681));
#4236 = CARTESIAN_POINT('',(-11.02865723612,-54.00788439221,
    73.872450042681));
#4237 = CARTESIAN_POINT('',(-10.79998390612,-54.00788439221,
    74.050873693681));
#4238 = CARTESIAN_POINT('',(-10.33344338912,-54.00788439221,
    74.396796842681));
#4239 = CARTESIAN_POINT('',(-10.09554565112,-54.00788439221,
    74.564311798681));
#4240 = CARTESIAN_POINT('',(-9.610737491126,-54.00788439221,
    74.888270295681));
#4241 = CARTESIAN_POINT('',(-9.365085571126,-54.00788439221,
    75.043868896681));
#4242 = CARTESIAN_POINT('',(-8.867248468126,-54.00788439221,
    75.342346903681));
#4243 = CARTESIAN_POINT('',(-8.615020800126,-54.00788439221,
    75.485257469681));
#4244 = CARTESIAN_POINT('',(-8.103855654126,-54.00788439221,
    75.758481305681));
#4245 = CARTESIAN_POINT('',(-7.844767490126,-54.00788439221,
    75.888864642681));
#4246 = CARTESIAN_POINT('',(-7.319705160126,-54.00788439221,
    76.137123436681));
#4247 = CARTESIAN_POINT('',(-7.053698014126,-54.00788439221,
    76.255008092681));
#4248 = CARTESIAN_POINT('',(-6.515004140126,-54.00788439221,
    76.478160437681));
#4249 = CARTESIAN_POINT('',(-6.243716571126,-54.00788439221,
    76.582844943681));
#4250 = CARTESIAN_POINT('',(-5.697215098126,-54.00788439221,
    76.778464578681));
#4251 = CARTESIAN_POINT('',(-5.421953445126,-54.00788439221,
    76.869421981681));
#4252 = CARTESIAN_POINT('',(-4.867306868126,-54.00788439221,
    77.037672524681));
#4253 = CARTESIAN_POINT('',(-4.587760484126,-54.00788439221,
    77.115004989681));
#4254 = CARTESIAN_POINT('',(-4.024354191126,-54.00788439221,
    77.256058980681));
#4255 = CARTESIAN_POINT('',(-3.740460142126,-54.00788439221,
    77.319783096681));
#4256 = CARTESIAN_POINT('',(-3.168582257126,-54.00788439221,
    77.433553670681));
#4257 = CARTESIAN_POINT('',(-2.882084469126,-54.00788439221,
    77.483301113681));
#4258 = CARTESIAN_POINT('',(-2.307920370126,-54.00788439221,
    77.568544823681));
#4259 = CARTESIAN_POINT('',(-2.020202884126,-54.00788439221,
    77.604053620681));
#4260 = CARTESIAN_POINT('',(-1.443389633126,-54.00788439221,
    77.660865098681));
#4261 = CARTESIAN_POINT('',(-1.154127838126,-54.00788439221,
    77.682174847681));
#4262 = CARTESIAN_POINT('',(-0.574028971126,-54.00788439221,
    77.710603410681));
#4263 = CARTESIAN_POINT('',(-0.283157908126,-54.00788439221,
    77.717718103681));
#4264 = CARTESIAN_POINT('',(0.299927041874,-54.00788439221,
    77.717734767681));
#4265 = CARTESIAN_POINT('',(0.590625099874,-54.00788439221,
    77.710633381681));
#4266 = CARTESIAN_POINT('',(1.170387018874,-54.00788439221,
    77.682225299681));
#4267 = CARTESIAN_POINT('',(1.459503516874,-54.00788439221,
    77.660920907681));
#4268 = CARTESIAN_POINT('',(2.036316832874,-54.00788439221,
    77.604110085681));
#4269 = CARTESIAN_POINT('',(2.324177868874,-54.00788439221,
    77.568578196681));
#4270 = CARTESIAN_POINT('',(2.898676436874,-54.00788439221,
    77.483288837681));
#4271 = CARTESIAN_POINT('',(3.185346501874,-54.00788439221,
    77.433520695681));
#4272 = CARTESIAN_POINT('',(3.757230887874,-54.00788439221,
    77.319782807681));
#4273 = CARTESIAN_POINT('',(4.040957852874,-54.00788439221,
    77.256105495681));
#4274 = CARTESIAN_POINT('',(4.604037667874,-54.00788439221,
    77.115137326681));
#4275 = CARTESIAN_POINT('',(4.883442592874,-54.00788439221,
    77.037838462681));
#4276 = CARTESIAN_POINT('',(5.438089360874,-54.00788439221,
    76.869588549681));
#4277 = CARTESIAN_POINT('',(5.713487299874,-54.00788439221,
    76.778580493681));
#4278 = CARTESIAN_POINT('',(6.260307909874,-54.00788439221,
    76.582850835681));
#4279 = CARTESIAN_POINT('',(6.531760407874,-54.00788439221,
    76.478112418681));
#4280 = CARTESIAN_POINT('',(7.070467034874,-54.00788439221,
    76.254990863681));
#4281 = CARTESIAN_POINT('',(7.336319438874,-54.00788439221,
    76.137184707681));
#4282 = CARTESIAN_POINT('',(7.861078306874,-54.00788439221,
    75.889073780681));
#4283 = CARTESIAN_POINT('',(8.120034283874,-54.00788439221,
    75.758750995681));
#4284 = CARTESIAN_POINT('',(8.631199739874,-54.00788439221,
    75.485527740681));
#4285 = CARTESIAN_POINT('',(8.883551193874,-54.00788439221,
    75.342540906681));
#4286 = CARTESIAN_POINT('',(9.381679837874,-54.00788439221,
    75.043892729681));
#4287 = CARTESIAN_POINT('',(9.627482999874,-54.00788439221,
    74.888209076681));
#4288 = CARTESIAN_POINT('',(10.112309674874,-54.00788439221,
    74.564278290681));
#4289 = CARTESIAN_POINT('',(10.350070957874,-54.00788439221,
    74.396870516681));
#4290 = CARTESIAN_POINT('',(10.816342690874,-54.00788439221,
    74.051151594681));
#4291 = CARTESIAN_POINT('',(11.044898187874,-54.00788439221,
    73.872813119681));
#4292 = CARTESIAN_POINT('',(11.492938529874,-54.00788439221,
    73.505116339681));
#4293 = CARTESIAN_POINT('',(11.712545774874,-54.00788439221,
    73.315645630681));
#4294 = CARTESIAN_POINT('',(12.142839646874,-54.00788439221,
    72.925555817681));
#4295 = CARTESIAN_POINT('',(12.353547396874,-54.00788439221,
    72.724909764681));
#4296 = CARTESIAN_POINT('',(12.765862500874,-54.00788439221,
    72.312618225681));
#4297 = CARTESIAN_POINT('',(12.966395631874,-54.00788439221,
    72.102042219681));
#4298 = CARTESIAN_POINT('',(13.356261667874,-54.00788439221,
    71.672001087681));
#4299 = CARTESIAN_POINT('',(13.545633424874,-54.00788439221,
    71.452500371681));
#4300 = CARTESIAN_POINT('',(13.913330713874,-54.00788439221,
    71.004460446681));
#4301 = CARTESIAN_POINT('',(14.091754364874,-54.00788439221,
    70.775787116681));
#4302 = CARTESIAN_POINT('',(14.437677513874,-54.00788439221,
    70.309246599681));
#4303 = CARTESIAN_POINT('',(14.605192469874,-54.00788439221,
    70.071348861681));
#4304 = CARTESIAN_POINT('',(14.929150966874,-54.00788439221,
    69.586540701681));
#4305 = CARTESIAN_POINT('',(15.084749567874,-54.00788439221,
    69.340888781681));
#4306 = CARTESIAN_POINT('',(15.383227574874,-54.00788439221,
    68.843051678681));
#4307 = CARTESIAN_POINT('',(15.526138140874,-54.00788439221,
    68.590824010681));
#4308 = CARTESIAN_POINT('',(15.799361976874,-54.00788439221,
    68.079658864681));
#4309 = CARTESIAN_POINT('',(15.929745313874,-54.00788439221,
    67.820570700681));
#4310 = CARTESIAN_POINT('',(16.178004107874,-54.00788439221,
    67.295508370681));
#4311 = CARTESIAN_POINT('',(16.295888763874,-54.00788439221,
    67.029501224681));
#4312 = CARTESIAN_POINT('',(16.519041108874,-54.00788439221,
    66.490807350681));
#4313 = CARTESIAN_POINT('',(16.623725614874,-54.00788439221,
    66.219519781681));
#4314 = CARTESIAN_POINT('',(16.819345249874,-54.00788439221,
    65.673018308681));
#4315 = CARTESIAN_POINT('',(16.910302652874,-54.00788439221,
    65.397756655681));
#4316 = CARTESIAN_POINT('',(17.078553195874,-54.00788439221,
    64.843110078681));
#4317 = CARTESIAN_POINT('',(17.155885660874,-54.00788439221,
    64.563563694681));
#4318 = CARTESIAN_POINT('',(17.296939651874,-54.00788439221,
    64.000157401681));
#4319 = CARTESIAN_POINT('',(17.360663767874,-54.00788439221,
    63.716263352681));
#4320 = CARTESIAN_POINT('',(17.474434341874,-54.00788439221,
    63.144385467681));
#4321 = CARTESIAN_POINT('',(17.524181784874,-54.00788439221,
    62.857887679681));
#4322 = CARTESIAN_POINT('',(17.609425494874,-54.00788439221,
    62.283723580681));
#4323 = CARTESIAN_POINT('',(17.644934291874,-54.00788439221,
    61.996006094681));
#4324 = CARTESIAN_POINT('',(17.701745769874,-54.00788439221,
    61.419192843681));
#4325 = CARTESIAN_POINT('',(17.723055518874,-54.00788439221,
    61.129931048681));
#4326 = CARTESIAN_POINT('',(17.751484081874,-54.00788439221,
    60.549832181681));
#4327 = CARTESIAN_POINT('',(17.758598774874,-54.00788439221,
    60.258961118681));
#4328 = CARTESIAN_POINT('',(17.758615438874,-54.00788439221,
    59.675876168681));
#4329 = CARTESIAN_POINT('',(17.751514052874,-54.00788439221,
    59.385178110681));
#4330 = CARTESIAN_POINT('',(17.723105970874,-54.00788439221,
    58.805416191681));
#4331 = CARTESIAN_POINT('',(17.701801578874,-54.00788439221,
    58.516299693681));
#4332 = CARTESIAN_POINT('',(17.644990756874,-54.00788439221,
    57.939486377681));
#4333 = CARTESIAN_POINT('',(17.609458867874,-54.00788439221,
    57.651625341681));
#4334 = CARTESIAN_POINT('',(17.524169508874,-54.00788439221,
    57.077126773681));
#4335 = CARTESIAN_POINT('',(17.474401366874,-54.00788439221,
    56.790456708681));
#4336 = CARTESIAN_POINT('',(17.360663478874,-54.00788439221,
    56.218572322681));
#4337 = CARTESIAN_POINT('',(17.296986166874,-54.00788439221,
    55.934845357681));
#4338 = CARTESIAN_POINT('',(17.156017997874,-54.00788439221,
    55.371765542681));
#4339 = CARTESIAN_POINT('',(17.078719133874,-54.00788439221,
    55.092360617681));
#4340 = CARTESIAN_POINT('',(16.910469220874,-54.00788439221,
    54.537713849681));
#4341 = CARTESIAN_POINT('',(16.819461164874,-54.00788439221,
    54.262315910681));
#4342 = CARTESIAN_POINT('',(16.623731506874,-54.00788439221,
    53.715495300681));
#4343 = CARTESIAN_POINT('',(16.518993089874,-54.00788439221,
    53.444042802681));
#4344 = CARTESIAN_POINT('',(16.295871534874,-54.00788439221,
    52.905336175681));
#4345 = CARTESIAN_POINT('',(16.178065378874,-54.00788439221,
    52.639483771681));
#4346 = CARTESIAN_POINT('',(15.929954451874,-54.00788439221,
    52.114724903681));
#4347 = CARTESIAN_POINT('',(15.799631666874,-54.00788439221,
    51.855768926681));
#4348 = CARTESIAN_POINT('',(15.526408411874,-54.00788439221,
    51.344603470681));
#4349 = CARTESIAN_POINT('',(15.383421577874,-54.00788439221,
    51.092252016681));
#4350 = CARTESIAN_POINT('',(15.084773400874,-54.00788439221,
    50.594123372681));
#4351 = CARTESIAN_POINT('',(14.929089747874,-54.00788439221,
    50.348320210681));
#4352 = CARTESIAN_POINT('',(14.605158961874,-54.00788439221,
    49.863493535681));
#4353 = CARTESIAN_POINT('',(14.437751187874,-54.00788439221,
    49.625732252681));
#4354 = CARTESIAN_POINT('',(14.092032265874,-54.00788439221,
    49.159460519681));
#4355 = CARTESIAN_POINT('',(13.913693790874,-54.00788439221,
    48.930905022681));
#4356 = CARTESIAN_POINT('',(13.545997010874,-54.00788439221,
    48.482864680681));
#4357 = CARTESIAN_POINT('',(13.356526301874,-54.00788439221,
    48.263257435681));
#4358 = CARTESIAN_POINT('',(12.966436488874,-54.00788439221,
    47.832963563681));
#4359 = CARTESIAN_POINT('',(12.765790435874,-54.00788439221,
    47.622255813681));
#4360 = CARTESIAN_POINT('',(12.353498896874,-54.00788439221,
    47.209940709681));
#4361 = CARTESIAN_POINT('',(12.142922890874,-54.00788439221,
    47.009407578681));
#4362 = CARTESIAN_POINT('',(11.712881758874,-54.00788439221,
    46.619541542681));
#4363 = CARTESIAN_POINT('',(11.493381042874,-54.00788439221,
    46.430169785681));
#4364 = CARTESIAN_POINT('',(11.045341117874,-54.00788439221,
    46.062472496681));
#4365 = CARTESIAN_POINT('',(10.816667787874,-54.00788439221,
    45.884048845681));
#4366 = CARTESIAN_POINT('',(10.350127270874,-54.00788439221,
    45.538125696681));
#4367 = CARTESIAN_POINT('',(10.112229532874,-54.00788439221,
    45.370610740681));
#4368 = CARTESIAN_POINT('',(9.627421372874,-54.00788439221,
    45.046652243681));
#4369 = CARTESIAN_POINT('',(9.381769452874,-54.00788439221,
    44.891053642681));
#4370 = CARTESIAN_POINT('',(8.883932349874,-54.00788439221,
    44.592575635681));
#4371 = CARTESIAN_POINT('',(8.631704681874,-54.00788439221,
    44.449665069681));
#4372 = CARTESIAN_POINT('',(8.120539535874,-54.00788439221,
    44.176441233681));
#4373 = CARTESIAN_POINT('',(7.861451371874,-54.00788439221,
    44.046057896681));
#4374 = CARTESIAN_POINT('',(7.336389041874,-54.00788439221,
    43.797799102681));
#4375 = CARTESIAN_POINT('',(7.070381895874,-54.00788439221,
    43.679914446681));
#4376 = CARTESIAN_POINT('',(6.531688021874,-54.00788439221,
    43.456762101681));
#4377 = CARTESIAN_POINT('',(6.260400452874,-54.00788439221,
    43.352077595681));
#4378 = CARTESIAN_POINT('',(5.713898979874,-54.00788439221,
    43.156457960681));
#4379 = CARTESIAN_POINT('',(5.438637326874,-54.00788439221,
    43.065500557681));
#4380 = CARTESIAN_POINT('',(4.883990749874,-54.00788439221,
    42.897250014681));
#4381 = CARTESIAN_POINT('',(4.604444365874,-54.00788439221,
    42.819917549681));
#4382 = CARTESIAN_POINT('',(4.041038072874,-54.00788439221,
    42.678863558681));
#4383 = CARTESIAN_POINT('',(3.757144023874,-54.00788439221,
    42.615139442681));
#4384 = CARTESIAN_POINT('',(3.185266138874,-54.00788439221,
    42.501368868681));
#4385 = CARTESIAN_POINT('',(2.898768350874,-54.00788439221,
    42.451621425681));
#4386 = CARTESIAN_POINT('',(2.324604251874,-54.00788439221,
    42.366377715681));
#4387 = CARTESIAN_POINT('',(2.036886765874,-54.00788439221,
    42.330868918681));
#4388 = CARTESIAN_POINT('',(1.460073514874,-54.00788439221,
    42.274057440681));
#4389 = CARTESIAN_POINT('',(1.170811719874,-54.00788439221,
    42.252747691681));
#4390 = CARTESIAN_POINT('',(0.590712852874,-54.00788439221,
    42.224319128681));
#4391 = CARTESIAN_POINT('',(0.299841789874,-54.00788439221,
    42.217204435681));
#4392 = CARTESIAN_POINT('',(-0.283243160126,-54.00788439221,
    42.217187771681));
#4393 = CARTESIAN_POINT('',(-0.573941218126,-54.00788439221,
    42.224289157681));
#4394 = CARTESIAN_POINT('',(-1.153703137126,-54.00788439221,
    42.252697239681));
#4395 = CARTESIAN_POINT('',(-1.442819635126,-54.00788439221,
    42.274001631681));
#4396 = CARTESIAN_POINT('',(-2.019632951126,-54.00788439221,
    42.330812453681));
#4397 = CARTESIAN_POINT('',(-2.307493987126,-54.00788439221,
    42.366344342681));
#4398 = CARTESIAN_POINT('',(-2.881992555126,-54.00788439221,
    42.451633701681));
#4399 = CARTESIAN_POINT('',(-3.168662620126,-54.00788439221,
    42.501401843681));
#4400 = CARTESIAN_POINT('',(-3.740547006126,-54.00788439221,
    42.615139731681));
#4401 = CARTESIAN_POINT('',(-4.024273971126,-54.00788439221,
    42.678817043681));
#4402 = CARTESIAN_POINT('',(-4.587353786126,-54.00788439221,
    42.819785212681));
#4403 = CARTESIAN_POINT('',(-4.866758711126,-54.00788439221,
    42.897084076681));
#4404 = CARTESIAN_POINT('',(-5.421405479126,-54.00788439221,
    43.065333989681));
#4405 = CARTESIAN_POINT('',(-5.696803418126,-54.00788439221,
    43.156342045681));
#4406 = CARTESIAN_POINT('',(-6.243624028126,-54.00788439221,
    43.352071703681));
#4407 = CARTESIAN_POINT('',(-6.515076526126,-54.00788439221,
    43.456810120681));
#4408 = CARTESIAN_POINT('',(-7.053783153126,-54.00788439221,
    43.679931675681));
#4409 = CARTESIAN_POINT('',(-7.319635557126,-54.00788439221,
    43.797737831681));
#4410 = CARTESIAN_POINT('',(-7.844394425126,-54.00788439221,
    44.045848758681));
#4411 = CARTESIAN_POINT('',(-8.103350402126,-54.00788439221,
    44.176171543681));
#4412 = CARTESIAN_POINT('',(-8.614515858126,-54.00788439221,
    44.449394798681));
#4413 = CARTESIAN_POINT('',(-8.866867312126,-54.00788439221,
    44.592381632681));
#4414 = CARTESIAN_POINT('',(-9.364995956126,-54.00788439221,
    44.891029809681));
#4415 = CARTESIAN_POINT('',(-9.610799118126,-54.00788439221,
    45.046713462681));
#4416 = CARTESIAN_POINT('',(-10.09562579312,-54.00788439221,
    45.370644248681));
#4417 = CARTESIAN_POINT('',(-10.33338707612,-54.00788439221,
    45.538052022681));
#4418 = CARTESIAN_POINT('',(-10.79965880912,-54.00788439221,
    45.883770944681));
#4419 = CARTESIAN_POINT('',(-11.02821430612,-54.00788439221,
    46.062109419681));
#4420 = CARTESIAN_POINT('',(-11.47625464812,-54.00788439221,
    46.429806199681));
#4421 = CARTESIAN_POINT('',(-11.69586189312,-54.00788439221,
    46.619276908681));
#4422 = CARTESIAN_POINT('',(-12.12615576512,-54.00788439221,
    47.009366721681));
#4423 = CARTESIAN_POINT('',(-12.33686351512,-54.00788439221,
    47.210012774681));
#4424 = CARTESIAN_POINT('',(-12.74917861912,-54.00788439221,
    47.622304313681));
#4425 = CARTESIAN_POINT('',(-12.94971175012,-54.00788439221,
    47.832880319681));
#4426 = CARTESIAN_POINT('',(-13.33957778612,-54.00788439221,
    48.262921451681));
#4427 = CARTESIAN_POINT('',(-13.52894954312,-54.00788439221,
    48.482422167681));
#4428 = CARTESIAN_POINT('',(-13.89664683212,-54.00788439221,
    48.930462092681));
#4429 = CARTESIAN_POINT('',(-14.07507048312,-54.00788439221,
    49.159135422681));
#4430 = CARTESIAN_POINT('',(-14.42099363212,-54.00788439221,
    49.625675939681));
#4431 = CARTESIAN_POINT('',(-14.58850858812,-54.00788439221,
    49.863573677681));
#4432 = CARTESIAN_POINT('',(-14.91246708512,-54.00788439221,
    50.348381837681));
#4433 = CARTESIAN_POINT('',(-15.06806568612,-54.00788439221,
    50.594033757681));
#4434 = CARTESIAN_POINT('',(-15.36654369312,-54.00788439221,
    51.091870860681));
#4435 = CARTESIAN_POINT('',(-15.50945425912,-54.00788439221,
    51.344098528681));
#4436 = CARTESIAN_POINT('',(-15.78267809512,-54.00788439221,
    51.855263674681));
#4437 = CARTESIAN_POINT('',(-15.91306143212,-54.00788439221,
    52.114351838681));
#4438 = CARTESIAN_POINT('',(-16.16132022612,-54.00788439221,
    52.639414168681));
#4439 = CARTESIAN_POINT('',(-16.27920488212,-54.00788439221,
    52.905421314681));
#4440 = CARTESIAN_POINT('',(-16.50235722712,-54.00788439221,
    53.444115188681));
#4441 = CARTESIAN_POINT('',(-16.60704173312,-54.00788439221,
    53.715402757681));
#4442 = CARTESIAN_POINT('',(-16.80266136812,-54.00788439221,
    54.261904230681));
#4443 = CARTESIAN_POINT('',(-16.89361877112,-54.00788439221,
    54.537165883681));
#4444 = CARTESIAN_POINT('',(-17.06187568112,-54.00788439221,
    55.091834757681));
#4445 = CARTESIAN_POINT('',(-17.13919028612,-54.00788439221,
    55.371292809681));
#4446 = CARTESIAN_POINT('',(-17.24476231412,-54.00788439221,
    55.793789050681));
#4447 = CARTESIAN_POINT('',(-17.27832111212,-54.00788439221,
    55.935167364681));
#4448 = CARTESIAN_POINT('',(-17.34203613812,-54.00788439221,
    56.219019314681));
#4449 = CARTESIAN_POINT('',(-17.37231090212,-54.00788439221,
    56.362087198681));
#4450 = CARTESIAN_POINT('',(-17.45754764812,-54.00788439221,
    56.789502536681));
#4451 = CARTESIAN_POINT('',(-17.50719532012,-54.00788439221,
    57.075647653681));
#4452 = CARTESIAN_POINT('',(-17.59240106512,-54.00788439221,
    57.650101288681));
#4453 = CARTESIAN_POINT('',(-17.62796112112,-54.00788439221,
    57.938434567681));
#4454 = CARTESIAN_POINT('',(-17.68495140212,-54.00788439221,
    58.516894107681));
#4455 = CARTESIAN_POINT('',(-17.70631686612,-54.00788439221,
    58.806438416681));
#4456 = CARTESIAN_POINT('',(-17.73480420212,-54.00788439221,
    59.386328040681));
#4457 = CARTESIAN_POINT('',(-17.74192520412,-54.00788439221,
    59.675994744681));
#4458 = CARTESIAN_POINT('',(-17.74165805912,-54.00788439221,
    59.967461269681));
#4459 = CARTESIAN_POINT('',(-17.74165805912,-55.00788439221,
    59.967461269681));
#4460 = CARTESIAN_POINT('',(-17.74192358512,-55.00788439221,
    60.259026979681));
#4461 = CARTESIAN_POINT('',(-17.73480983312,-55.00788439221,
    60.549791842681));
#4462 = CARTESIAN_POINT('',(-17.70637710312,-55.00788439221,
    61.129699439681));
#4463 = CARTESIAN_POINT('',(-17.68506012412,-55.00788439221,
    61.418891342681));
#4464 = CARTESIAN_POINT('',(-17.62823106912,-55.00788439221,
    61.995824425681));
#4465 = CARTESIAN_POINT('',(-17.59271387412,-55.00788439221,
    62.283614831681));
#4466 = CARTESIAN_POINT('',(-17.50746260012,-55.00788439221,
    62.857914509681));
#4467 = CARTESIAN_POINT('',(-17.45771646912,-55.00788439221,
    63.144471411681));
#4468 = CARTESIAN_POINT('',(-17.34397959712,-55.00788439221,
    63.716350216681));
#4469 = CARTESIAN_POINT('',(-17.28030228512,-55.00788439221,
    64.000077181681));
#4470 = CARTESIAN_POINT('',(-17.13933411612,-55.00788439221,
    64.563156996681));
#4471 = CARTESIAN_POINT('',(-17.06203525212,-55.00788439221,
    64.842561921681));
#4472 = CARTESIAN_POINT('',(-16.89378533912,-55.00788439221,
    65.397208689681));
#4473 = CARTESIAN_POINT('',(-16.80277728312,-55.00788439221,
    65.672606628681));
#4474 = CARTESIAN_POINT('',(-16.60704762512,-55.00788439221,
    66.219427238681));
#4475 = CARTESIAN_POINT('',(-16.50230920812,-55.00788439221,
    66.490879736681));
#4476 = CARTESIAN_POINT('',(-16.27918765312,-55.00788439221,
    67.029586363681));
#4477 = CARTESIAN_POINT('',(-16.16138149712,-55.00788439221,
    67.295438767681));
#4478 = CARTESIAN_POINT('',(-15.91327057012,-55.00788439221,
    67.820197635681));
#4479 = CARTESIAN_POINT('',(-15.78294778512,-55.00788439221,
    68.079153612681));
#4480 = CARTESIAN_POINT('',(-15.50972453012,-55.00788439221,
    68.590319068681));
#4481 = CARTESIAN_POINT('',(-15.36673769612,-55.00788439221,
    68.842670522681));
#4482 = CARTESIAN_POINT('',(-15.06808951912,-55.00788439221,
    69.340799166681));
#4483 = CARTESIAN_POINT('',(-14.91240586612,-55.00788439221,
    69.586602328681));
#4484 = CARTESIAN_POINT('',(-14.58847508012,-55.00788439221,
    70.071429003681));
#4485 = CARTESIAN_POINT('',(-14.42106730612,-55.00788439221,
    70.309190286681));
#4486 = CARTESIAN_POINT('',(-14.07534838412,-55.00788439221,
    70.775462019681));
#4487 = CARTESIAN_POINT('',(-13.89700990912,-55.00788439221,
    71.004017516681));
#4488 = CARTESIAN_POINT('',(-13.52931312912,-55.00788439221,
    71.452057858681));
#4489 = CARTESIAN_POINT('',(-13.33984242012,-55.00788439221,
    71.671665103681));
#4490 = CARTESIAN_POINT('',(-12.94975260712,-55.00788439221,
    72.101958975681));
#4491 = CARTESIAN_POINT('',(-12.74910655412,-55.00788439221,
    72.312666725681));
#4492 = CARTESIAN_POINT('',(-12.33681501512,-55.00788439221,
    72.724981829681));
#4493 = CARTESIAN_POINT('',(-12.12623900912,-55.00788439221,
    72.925514960681));
#4494 = CARTESIAN_POINT('',(-11.69619787712,-55.00788439221,
    73.315380996681));
#4495 = CARTESIAN_POINT('',(-11.47669716112,-55.00788439221,
    73.504752753681));
#4496 = CARTESIAN_POINT('',(-11.02865723612,-55.00788439221,
    73.872450042681));
#4497 = CARTESIAN_POINT('',(-10.79998390612,-55.00788439221,
    74.050873693681));
#4498 = CARTESIAN_POINT('',(-10.33344338912,-55.00788439221,
    74.396796842681));
#4499 = CARTESIAN_POINT('',(-10.09554565112,-55.00788439221,
    74.564311798681));
#4500 = CARTESIAN_POINT('',(-9.610737491126,-55.00788439221,
    74.888270295681));
#4501 = CARTESIAN_POINT('',(-9.365085571126,-55.00788439221,
    75.043868896681));
#4502 = CARTESIAN_POINT('',(-8.867248468126,-55.00788439221,
    75.342346903681));
#4503 = CARTESIAN_POINT('',(-8.615020800126,-55.00788439221,
    75.485257469681));
#4504 = CARTESIAN_POINT('',(-8.103855654126,-55.00788439221,
    75.758481305681));
#4505 = CARTESIAN_POINT('',(-7.844767490126,-55.00788439221,
    75.888864642681));
#4506 = CARTESIAN_POINT('',(-7.319705160126,-55.00788439221,
    76.137123436681));
#4507 = CARTESIAN_POINT('',(-7.053698014126,-55.00788439221,
    76.255008092681));
#4508 = CARTESIAN_POINT('',(-6.515004140126,-55.00788439221,
    76.478160437681));
#4509 = CARTESIAN_POINT('',(-6.243716571126,-55.00788439221,
    76.582844943681));
#4510 = CARTESIAN_POINT('',(-5.697215098126,-55.00788439221,
    76.778464578681));
#4511 = CARTESIAN_POINT('',(-5.421953445126,-55.00788439221,
    76.869421981681));
#4512 = CARTESIAN_POINT('',(-4.867306868126,-55.00788439221,
    77.037672524681));
#4513 = CARTESIAN_POINT('',(-4.587760484126,-55.00788439221,
    77.115004989681));
#4514 = CARTESIAN_POINT('',(-4.024354191126,-55.00788439221,
    77.256058980681));
#4515 = CARTESIAN_POINT('',(-3.740460142126,-55.00788439221,
    77.319783096681));
#4516 = CARTESIAN_POINT('',(-3.168582257126,-55.00788439221,
    77.433553670681));
#4517 = CARTESIAN_POINT('',(-2.882084469126,-55.00788439221,
    77.483301113681));
#4518 = CARTESIAN_POINT('',(-2.307920370126,-55.00788439221,
    77.568544823681));
#4519 = CARTESIAN_POINT('',(-2.020202884126,-55.00788439221,
    77.604053620681));
#4520 = CARTESIAN_POINT('',(-1.443389633126,-55.00788439221,
    77.660865098681));
#4521 = CARTESIAN_POINT('',(-1.154127838126,-55.00788439221,
    77.682174847681));
#4522 = CARTESIAN_POINT('',(-0.574028971126,-55.00788439221,
    77.710603410681));
#4523 = CARTESIAN_POINT('',(-0.283157908126,-55.00788439221,
    77.717718103681));
#4524 = CARTESIAN_POINT('',(0.299927041874,-55.00788439221,
    77.717734767681));
#4525 = CARTESIAN_POINT('',(0.590625099874,-55.00788439221,
    77.710633381681));
#4526 = CARTESIAN_POINT('',(1.170387018874,-55.00788439221,
    77.682225299681));
#4527 = CARTESIAN_POINT('',(1.459503516874,-55.00788439221,
    77.660920907681));
#4528 = CARTESIAN_POINT('',(2.036316832874,-55.00788439221,
    77.604110085681));
#4529 = CARTESIAN_POINT('',(2.324177868874,-55.00788439221,
    77.568578196681));
#4530 = CARTESIAN_POINT('',(2.898676436874,-55.00788439221,
    77.483288837681));
#4531 = CARTESIAN_POINT('',(3.185346501874,-55.00788439221,
    77.433520695681));
#4532 = CARTESIAN_POINT('',(3.757230887874,-55.00788439221,
    77.319782807681));
#4533 = CARTESIAN_POINT('',(4.040957852874,-55.00788439221,
    77.256105495681));
#4534 = CARTESIAN_POINT('',(4.604037667874,-55.00788439221,
    77.115137326681));
#4535 = CARTESIAN_POINT('',(4.883442592874,-55.00788439221,
    77.037838462681));
#4536 = CARTESIAN_POINT('',(5.438089360874,-55.00788439221,
    76.869588549681));
#4537 = CARTESIAN_POINT('',(5.713487299874,-55.00788439221,
    76.778580493681));
#4538 = CARTESIAN_POINT('',(6.260307909874,-55.00788439221,
    76.582850835681));
#4539 = CARTESIAN_POINT('',(6.531760407874,-55.00788439221,
    76.478112418681));
#4540 = CARTESIAN_POINT('',(7.070467034874,-55.00788439221,
    76.254990863681));
#4541 = CARTESIAN_POINT('',(7.336319438874,-55.00788439221,
    76.137184707681));
#4542 = CARTESIAN_POINT('',(7.861078306874,-55.00788439221,
    75.889073780681));
#4543 = CARTESIAN_POINT('',(8.120034283874,-55.00788439221,
    75.758750995681));
#4544 = CARTESIAN_POINT('',(8.631199739874,-55.00788439221,
    75.485527740681));
#4545 = CARTESIAN_POINT('',(8.883551193874,-55.00788439221,
    75.342540906681));
#4546 = CARTESIAN_POINT('',(9.381679837874,-55.00788439221,
    75.043892729681));
#4547 = CARTESIAN_POINT('',(9.627482999874,-55.00788439221,
    74.888209076681));
#4548 = CARTESIAN_POINT('',(10.112309674874,-55.00788439221,
    74.564278290681));
#4549 = CARTESIAN_POINT('',(10.350070957874,-55.00788439221,
    74.396870516681));
#4550 = CARTESIAN_POINT('',(10.816342690874,-55.00788439221,
    74.051151594681));
#4551 = CARTESIAN_POINT('',(11.044898187874,-55.00788439221,
    73.872813119681));
#4552 = CARTESIAN_POINT('',(11.492938529874,-55.00788439221,
    73.505116339681));
#4553 = CARTESIAN_POINT('',(11.712545774874,-55.00788439221,
    73.315645630681));
#4554 = CARTESIAN_POINT('',(12.142839646874,-55.00788439221,
    72.925555817681));
#4555 = CARTESIAN_POINT('',(12.353547396874,-55.00788439221,
    72.724909764681));
#4556 = CARTESIAN_POINT('',(12.765862500874,-55.00788439221,
    72.312618225681));
#4557 = CARTESIAN_POINT('',(12.966395631874,-55.00788439221,
    72.102042219681));
#4558 = CARTESIAN_POINT('',(13.356261667874,-55.00788439221,
    71.672001087681));
#4559 = CARTESIAN_POINT('',(13.545633424874,-55.00788439221,
    71.452500371681));
#4560 = CARTESIAN_POINT('',(13.913330713874,-55.00788439221,
    71.004460446681));
#4561 = CARTESIAN_POINT('',(14.091754364874,-55.00788439221,
    70.775787116681));
#4562 = CARTESIAN_POINT('',(14.437677513874,-55.00788439221,
    70.309246599681));
#4563 = CARTESIAN_POINT('',(14.605192469874,-55.00788439221,
    70.071348861681));
#4564 = CARTESIAN_POINT('',(14.929150966874,-55.00788439221,
    69.586540701681));
#4565 = CARTESIAN_POINT('',(15.084749567874,-55.00788439221,
    69.340888781681));
#4566 = CARTESIAN_POINT('',(15.383227574874,-55.00788439221,
    68.843051678681));
#4567 = CARTESIAN_POINT('',(15.526138140874,-55.00788439221,
    68.590824010681));
#4568 = CARTESIAN_POINT('',(15.799361976874,-55.00788439221,
    68.079658864681));
#4569 = CARTESIAN_POINT('',(15.929745313874,-55.00788439221,
    67.820570700681));
#4570 = CARTESIAN_POINT('',(16.178004107874,-55.00788439221,
    67.295508370681));
#4571 = CARTESIAN_POINT('',(16.295888763874,-55.00788439221,
    67.029501224681));
#4572 = CARTESIAN_POINT('',(16.519041108874,-55.00788439221,
    66.490807350681));
#4573 = CARTESIAN_POINT('',(16.623725614874,-55.00788439221,
    66.219519781681));
#4574 = CARTESIAN_POINT('',(16.819345249874,-55.00788439221,
    65.673018308681));
#4575 = CARTESIAN_POINT('',(16.910302652874,-55.00788439221,
    65.397756655681));
#4576 = CARTESIAN_POINT('',(17.078553195874,-55.00788439221,
    64.843110078681));
#4577 = CARTESIAN_POINT('',(17.155885660874,-55.00788439221,
    64.563563694681));
#4578 = CARTESIAN_POINT('',(17.296939651874,-55.00788439221,
    64.000157401681));
#4579 = CARTESIAN_POINT('',(17.360663767874,-55.00788439221,
    63.716263352681));
#4580 = CARTESIAN_POINT('',(17.474434341874,-55.00788439221,
    63.144385467681));
#4581 = CARTESIAN_POINT('',(17.524181784874,-55.00788439221,
    62.857887679681));
#4582 = CARTESIAN_POINT('',(17.609425494874,-55.00788439221,
    62.283723580681));
#4583 = CARTESIAN_POINT('',(17.644934291874,-55.00788439221,
    61.996006094681));
#4584 = CARTESIAN_POINT('',(17.701745769874,-55.00788439221,
    61.419192843681));
#4585 = CARTESIAN_POINT('',(17.723055518874,-55.00788439221,
    61.129931048681));
#4586 = CARTESIAN_POINT('',(17.751484081874,-55.00788439221,
    60.549832181681));
#4587 = CARTESIAN_POINT('',(17.758598774874,-55.00788439221,
    60.258961118681));
#4588 = CARTESIAN_POINT('',(17.758615438874,-55.00788439221,
    59.675876168681));
#4589 = CARTESIAN_POINT('',(17.751514052874,-55.00788439221,
    59.385178110681));
#4590 = CARTESIAN_POINT('',(17.723105970874,-55.00788439221,
    58.805416191681));
#4591 = CARTESIAN_POINT('',(17.701801578874,-55.00788439221,
    58.516299693681));
#4592 = CARTESIAN_POINT('',(17.644990756874,-55.00788439221,
    57.939486377681));
#4593 = CARTESIAN_POINT('',(17.609458867874,-55.00788439221,
    57.651625341681));
#4594 = CARTESIAN_POINT('',(17.524169508874,-55.00788439221,
    57.077126773681));
#4595 = CARTESIAN_POINT('',(17.474401366874,-55.00788439221,
    56.790456708681));
#4596 = CARTESIAN_POINT('',(17.360663478874,-55.00788439221,
    56.218572322681));
#4597 = CARTESIAN_POINT('',(17.296986166874,-55.00788439221,
    55.934845357681));
#4598 = CARTESIAN_POINT('',(17.156017997874,-55.00788439221,
    55.371765542681));
#4599 = CARTESIAN_POINT('',(17.078719133874,-55.00788439221,
    55.092360617681));
#4600 = CARTESIAN_POINT('',(16.910469220874,-55.00788439221,
    54.537713849681));
#4601 = CARTESIAN_POINT('',(16.819461164874,-55.00788439221,
    54.262315910681));
#4602 = CARTESIAN_POINT('',(16.623731506874,-55.00788439221,
    53.715495300681));
#4603 = CARTESIAN_POINT('',(16.518993089874,-55.00788439221,
    53.444042802681));
#4604 = CARTESIAN_POINT('',(16.295871534874,-55.00788439221,
    52.905336175681));
#4605 = CARTESIAN_POINT('',(16.178065378874,-55.00788439221,
    52.639483771681));
#4606 = CARTESIAN_POINT('',(15.929954451874,-55.00788439221,
    52.114724903681));
#4607 = CARTESIAN_POINT('',(15.799631666874,-55.00788439221,
    51.855768926681));
#4608 = CARTESIAN_POINT('',(15.526408411874,-55.00788439221,
    51.344603470681));
#4609 = CARTESIAN_POINT('',(15.383421577874,-55.00788439221,
    51.092252016681));
#4610 = CARTESIAN_POINT('',(15.084773400874,-55.00788439221,
    50.594123372681));
#4611 = CARTESIAN_POINT('',(14.929089747874,-55.00788439221,
    50.348320210681));
#4612 = CARTESIAN_POINT('',(14.605158961874,-55.00788439221,
    49.863493535681));
#4613 = CARTESIAN_POINT('',(14.437751187874,-55.00788439221,
    49.625732252681));
#4614 = CARTESIAN_POINT('',(14.092032265874,-55.00788439221,
    49.159460519681));
#4615 = CARTESIAN_POINT('',(13.913693790874,-55.00788439221,
    48.930905022681));
#4616 = CARTESIAN_POINT('',(13.545997010874,-55.00788439221,
    48.482864680681));
#4617 = CARTESIAN_POINT('',(13.356526301874,-55.00788439221,
    48.263257435681));
#4618 = CARTESIAN_POINT('',(12.966436488874,-55.00788439221,
    47.832963563681));
#4619 = CARTESIAN_POINT('',(12.765790435874,-55.00788439221,
    47.622255813681));
#4620 = CARTESIAN_POINT('',(12.353498896874,-55.00788439221,
    47.209940709681));
#4621 = CARTESIAN_POINT('',(12.142922890874,-55.00788439221,
    47.009407578681));
#4622 = CARTESIAN_POINT('',(11.712881758874,-55.00788439221,
    46.619541542681));
#4623 = CARTESIAN_POINT('',(11.493381042874,-55.00788439221,
    46.430169785681));
#4624 = CARTESIAN_POINT('',(11.045341117874,-55.00788439221,
    46.062472496681));
#4625 = CARTESIAN_POINT('',(10.816667787874,-55.00788439221,
    45.884048845681));
#4626 = CARTESIAN_POINT('',(10.350127270874,-55.00788439221,
    45.538125696681));
#4627 = CARTESIAN_POINT('',(10.112229532874,-55.00788439221,
    45.370610740681));
#4628 = CARTESIAN_POINT('',(9.627421372874,-55.00788439221,
    45.046652243681));
#4629 = CARTESIAN_POINT('',(9.381769452874,-55.00788439221,
    44.891053642681));
#4630 = CARTESIAN_POINT('',(8.883932349874,-55.00788439221,
    44.592575635681));
#4631 = CARTESIAN_POINT('',(8.631704681874,-55.00788439221,
    44.449665069681));
#4632 = CARTESIAN_POINT('',(8.120539535874,-55.00788439221,
    44.176441233681));
#4633 = CARTESIAN_POINT('',(7.861451371874,-55.00788439221,
    44.046057896681));
#4634 = CARTESIAN_POINT('',(7.336389041874,-55.00788439221,
    43.797799102681));
#4635 = CARTESIAN_POINT('',(7.070381895874,-55.00788439221,
    43.679914446681));
#4636 = CARTESIAN_POINT('',(6.531688021874,-55.00788439221,
    43.456762101681));
#4637 = CARTESIAN_POINT('',(6.260400452874,-55.00788439221,
    43.352077595681));
#4638 = CARTESIAN_POINT('',(5.713898979874,-55.00788439221,
    43.156457960681));
#4639 = CARTESIAN_POINT('',(5.438637326874,-55.00788439221,
    43.065500557681));
#4640 = CARTESIAN_POINT('',(4.883990749874,-55.00788439221,
    42.897250014681));
#4641 = CARTESIAN_POINT('',(4.604444365874,-55.00788439221,
    42.819917549681));
#4642 = CARTESIAN_POINT('',(4.041038072874,-55.00788439221,
    42.678863558681));
#4643 = CARTESIAN_POINT('',(3.757144023874,-55.00788439221,
    42.615139442681));
#4644 = CARTESIAN_POINT('',(3.185266138874,-55.00788439221,
    42.501368868681));
#4645 = CARTESIAN_POINT('',(2.898768350874,-55.00788439221,
    42.451621425681));
#4646 = CARTESIAN_POINT('',(2.324604251874,-55.00788439221,
    42.366377715681));
#4647 = CARTESIAN_POINT('',(2.036886765874,-55.00788439221,
    42.330868918681));
#4648 = CARTESIAN_POINT('',(1.460073514874,-55.00788439221,
    42.274057440681));
#4649 = CARTESIAN_POINT('',(1.170811719874,-55.00788439221,
    42.252747691681));
#4650 = CARTESIAN_POINT('',(0.590712852874,-55.00788439221,
    42.224319128681));
#4651 = CARTESIAN_POINT('',(0.299841789874,-55.00788439221,
    42.217204435681));
#4652 = CARTESIAN_POINT('',(-0.283243160126,-55.00788439221,
    42.217187771681));
#4653 = CARTESIAN_POINT('',(-0.573941218126,-55.00788439221,
    42.224289157681));
#4654 = CARTESIAN_POINT('',(-1.153703137126,-55.00788439221,
    42.252697239681));
#4655 = CARTESIAN_POINT('',(-1.442819635126,-55.00788439221,
    42.274001631681));
#4656 = CARTESIAN_POINT('',(-2.019632951126,-55.00788439221,
    42.330812453681));
#4657 = CARTESIAN_POINT('',(-2.307493987126,-55.00788439221,
    42.366344342681));
#4658 = CARTESIAN_POINT('',(-2.881992555126,-55.00788439221,
    42.451633701681));
#4659 = CARTESIAN_POINT('',(-3.168662620126,-55.00788439221,
    42.501401843681));
#4660 = CARTESIAN_POINT('',(-3.740547006126,-55.00788439221,
    42.615139731681));
#4661 = CARTESIAN_POINT('',(-4.024273971126,-55.00788439221,
    42.678817043681));
#4662 = CARTESIAN_POINT('',(-4.587353786126,-55.00788439221,
    42.819785212681));
#4663 = CARTESIAN_POINT('',(-4.866758711126,-55.00788439221,
    42.897084076681));
#4664 = CARTESIAN_POINT('',(-5.421405479126,-55.00788439221,
    43.065333989681));
#4665 = CARTESIAN_POINT('',(-5.696803418126,-55.00788439221,
    43.156342045681));
#4666 = CARTESIAN_POINT('',(-6.243624028126,-55.00788439221,
    43.352071703681));
#4667 = CARTESIAN_POINT('',(-6.515076526126,-55.00788439221,
    43.456810120681));
#4668 = CARTESIAN_POINT('',(-7.053783153126,-55.00788439221,
    43.679931675681));
#4669 = CARTESIAN_POINT('',(-7.319635557126,-55.00788439221,
    43.797737831681));
#4670 = CARTESIAN_POINT('',(-7.844394425126,-55.00788439221,
    44.045848758681));
#4671 = CARTESIAN_POINT('',(-8.103350402126,-55.00788439221,
    44.176171543681));
#4672 = CARTESIAN_POINT('',(-8.614515858126,-55.00788439221,
    44.449394798681));
#4673 = CARTESIAN_POINT('',(-8.866867312126,-55.00788439221,
    44.592381632681));
#4674 = CARTESIAN_POINT('',(-9.364995956126,-55.00788439221,
    44.891029809681));
#4675 = CARTESIAN_POINT('',(-9.610799118126,-55.00788439221,
    45.046713462681));
#4676 = CARTESIAN_POINT('',(-10.09562579312,-55.00788439221,
    45.370644248681));
#4677 = CARTESIAN_POINT('',(-10.33338707612,-55.00788439221,
    45.538052022681));
#4678 = CARTESIAN_POINT('',(-10.79965880912,-55.00788439221,
    45.883770944681));
#4679 = CARTESIAN_POINT('',(-11.02821430612,-55.00788439221,
    46.062109419681));
#4680 = CARTESIAN_POINT('',(-11.47625464812,-55.00788439221,
    46.429806199681));
#4681 = CARTESIAN_POINT('',(-11.69586189312,-55.00788439221,
    46.619276908681));
#4682 = CARTESIAN_POINT('',(-12.12615576512,-55.00788439221,
    47.009366721681));
#4683 = CARTESIAN_POINT('',(-12.33686351512,-55.00788439221,
    47.210012774681));
#4684 = CARTESIAN_POINT('',(-12.74917861912,-55.00788439221,
    47.622304313681));
#4685 = CARTESIAN_POINT('',(-12.94971175012,-55.00788439221,
    47.832880319681));
#4686 = CARTESIAN_POINT('',(-13.33957778612,-55.00788439221,
    48.262921451681));
#4687 = CARTESIAN_POINT('',(-13.52894954312,-55.00788439221,
    48.482422167681));
#4688 = CARTESIAN_POINT('',(-13.89664683212,-55.00788439221,
    48.930462092681));
#4689 = CARTESIAN_POINT('',(-14.07507048312,-55.00788439221,
    49.159135422681));
#4690 = CARTESIAN_POINT('',(-14.42099363212,-55.00788439221,
    49.625675939681));
#4691 = CARTESIAN_POINT('',(-14.58850858812,-55.00788439221,
    49.863573677681));
#4692 = CARTESIAN_POINT('',(-14.91246708512,-55.00788439221,
    50.348381837681));
#4693 = CARTESIAN_POINT('',(-15.06806568612,-55.00788439221,
    50.594033757681));
#4694 = CARTESIAN_POINT('',(-15.36654369312,-55.00788439221,
    51.091870860681));
#4695 = CARTESIAN_POINT('',(-15.50945425912,-55.00788439221,
    51.344098528681));
#4696 = CARTESIAN_POINT('',(-15.78267809512,-55.00788439221,
    51.855263674681));
#4697 = CARTESIAN_POINT('',(-15.91306143212,-55.00788439221,
    52.114351838681));
#4698 = CARTESIAN_POINT('',(-16.16132022612,-55.00788439221,
    52.639414168681));
#4699 = CARTESIAN_POINT('',(-16.27920488212,-55.00788439221,
    52.905421314681));
#4700 = CARTESIAN_POINT('',(-16.50235722712,-55.00788439221,
    53.444115188681));
#4701 = CARTESIAN_POINT('',(-16.60704173312,-55.00788439221,
    53.715402757681));
#4702 = CARTESIAN_POINT('',(-16.80266136812,-55.00788439221,
    54.261904230681));
#4703 = CARTESIAN_POINT('',(-16.89361877112,-55.00788439221,
    54.537165883681));
#4704 = CARTESIAN_POINT('',(-17.06187568112,-55.00788439221,
    55.091834757681));
#4705 = CARTESIAN_POINT('',(-17.13919028612,-55.00788439221,
    55.371292809681));
#4706 = CARTESIAN_POINT('',(-17.24476231412,-55.00788439221,
    55.793789050681));
#4707 = CARTESIAN_POINT('',(-17.27832111212,-55.00788439221,
    55.935167364681));
#4708 = CARTESIAN_POINT('',(-17.34203613812,-55.00788439221,
    56.219019314681));
#4709 = CARTESIAN_POINT('',(-17.37231090212,-55.00788439221,
    56.362087198681));
#4710 = CARTESIAN_POINT('',(-17.45754764812,-55.00788439221,
    56.789502536681));
#4711 = CARTESIAN_POINT('',(-17.50719532012,-55.00788439221,
    57.075647653681));
#4712 = CARTESIAN_POINT('',(-17.59240106512,-55.00788439221,
    57.650101288681));
#4713 = CARTESIAN_POINT('',(-17.62796112112,-55.00788439221,
    57.938434567681));
#4714 = CARTESIAN_POINT('',(-17.68495140212,-55.00788439221,
    58.516894107681));
#4715 = CARTESIAN_POINT('',(-17.70631686612,-55.00788439221,
    58.806438416681));
#4716 = CARTESIAN_POINT('',(-17.73480420212,-55.00788439221,
    59.386328040681));
#4717 = CARTESIAN_POINT('',(-17.74192520412,-55.00788439221,
    59.675994744681));
#4718 = CARTESIAN_POINT('',(-17.74165805912,-55.00788439221,
    59.967461269681));
#4719 = DEFINITIONAL_REPRESENTATION('',(#4720),#4768);
#4720 = B_SPLINE_CURVE_WITH_KNOTS('',3,(#4721,#4722,#4723,#4724,#4725,
    #4726,#4727,#4728,#4729,#4730,#4731,#4732,#4733,#4734,#4735,#4736,
    #4737,#4738,#4739,#4740,#4741,#4742,#4743,#4744,#4745,#4746,#4747,
    #4748,#4749,#4750,#4751,#4752,#4753,#4754,#4755,#4756,#4757,#4758,
    #4759,#4760,#4761,#4762,#4763,#4764,#4765,#4766,#4767),
  .UNSPECIFIED.,.F.,.F.,(4,1,1,1,1,1,1,1,1,1,1,1,1,1,1,1,1,1,1,1,1,1,1,1
    ,1,1,1,1,1,1,1,1,1,1,1,1,1,1,1,1,1,1,1,1,4),(-3.644323661997,
    -3.561498124224,-3.478672586452,-3.395847048679,-3.313021510906,
    -3.230195973134,-3.147370435361,-3.064544897588,-2.981719359816,
    -2.898893822043,-2.81606828427,-2.733242746498,-2.650417208725,
    -2.567591670952,-2.48476613318,-2.401940595407,-2.319115057634,
    -2.236289519862,-2.153463982089,-2.070638444316,-1.987812906544,
    -1.904987368771,-1.822161830999,-1.739336293226,-1.656510755453,
    -1.573685217681,-1.490859679908,-1.408034142135,-1.325208604363,
    -1.24238306659,-1.159557528817,-1.076731991045,-0.993906453272,
    -0.911080915499,-0.828255377727,-0.745429839954,-0.662604302181,
    -0.579778764409,-0.496953226636,-0.414127688863,-0.331302151091,
    -0.248476613318,-0.165651075545,-8.282553777266E-02,0.),
  .UNSPECIFIED.);
#4721 = CARTESIAN_POINT('',(1.,0.499508242628));
#4722 = CARTESIAN_POINT('',(1.,0.503411988623));
#4723 = CARTESIAN_POINT('',(1.,0.511217206504));
#4724 = CARTESIAN_POINT('',(1.,0.522906260226));
#4725 = CARTESIAN_POINT('',(1.,0.534483300536));
#4726 = CARTESIAN_POINT('',(1.,0.546139600534));
#4727 = CARTESIAN_POINT('',(1.,0.557821622646));
#4728 = CARTESIAN_POINT('',(1.,0.569503201698));
#4729 = CARTESIAN_POINT('',(1.,0.581196996045));
#4730 = CARTESIAN_POINT('',(1.,0.592799232535));
#4731 = CARTESIAN_POINT('',(1.,0.604403608863));
#4732 = CARTESIAN_POINT('',(1.,0.61608350956));
#4733 = CARTESIAN_POINT('',(1.,0.627746627165));
#4734 = CARTESIAN_POINT('',(1.,0.639428898698));
#4735 = CARTESIAN_POINT('',(1.,0.651062471319));
#4736 = CARTESIAN_POINT('',(1.,0.662619089738));
#4737 = CARTESIAN_POINT('',(1.,0.674278319533));
#4738 = CARTESIAN_POINT('',(1.,0.685934579356));
#4739 = CARTESIAN_POINT('',(1.,0.697597815319));
#4740 = CARTESIAN_POINT('',(1.,0.709251488613));
#4741 = CARTESIAN_POINT('',(1.,0.720797938752));
#4742 = CARTESIAN_POINT('',(1.,0.732416649533));
#4743 = CARTESIAN_POINT('',(1.,0.744072771822));
#4744 = CARTESIAN_POINT('',(1.,0.75572340318));
#4745 = CARTESIAN_POINT('',(1.,0.767381755564));
#4746 = CARTESIAN_POINT('',(1.,0.778956398588));
#4747 = CARTESIAN_POINT('',(1.,0.790514429461));
#4748 = CARTESIAN_POINT('',(1.,0.802160385723));
#4749 = CARTESIAN_POINT('',(1.,0.813797547996));
#4750 = CARTESIAN_POINT('',(1.,0.825446858931));
#4751 = CARTESIAN_POINT('',(1.,0.837056174629));
#4752 = CARTESIAN_POINT('',(1.,0.848576845678));
#4753 = CARTESIAN_POINT('',(1.,0.860199197399));
#4754 = CARTESIAN_POINT('',(1.,0.871830868246));
#4755 = CARTESIAN_POINT('',(1.,0.883464254725));
#4756 = CARTESIAN_POINT('',(1.,0.8950942377));
#4757 = CARTESIAN_POINT('',(1.,0.906617401432));
#4758 = CARTESIAN_POINT('',(1.,0.918198179125));
#4759 = CARTESIAN_POINT('',(1.,0.929816995939));
#4760 = CARTESIAN_POINT('',(1.,0.941475143266));
#4761 = CARTESIAN_POINT('',(1.,0.952515484582));
#4762 = CARTESIAN_POINT('',(1.,0.962935852671));
#4763 = CARTESIAN_POINT('',(1.,0.972698445913));
#4764 = CARTESIAN_POINT('',(1.,0.981851800769));
#4765 = CARTESIAN_POINT('',(1.,0.990334943251));
#4766 = CARTESIAN_POINT('',(1.,0.995516202956));
#4767 = CARTESIAN_POINT('',(1.,0.997980501351));
#4768 = ( GEOMETRIC_REPRESENTATION_CONTEXT(2) 
PARAMETRIC_REPRESENTATION_CONTEXT() REPRESENTATION_CONTEXT('2D SPACE',''
  ) );
#4769 = ORIENTED_EDGE('',*,*,#4770,.T.);
#4770 = EDGE_CURVE('',#2853,#2851,#4771,.T.);
#4771 = SURFACE_CURVE('',#4772,(#4791,#4813),.PCURVE_S1.);
#4772 = B_SPLINE_CURVE_WITH_KNOTS('',3,(#4773,#4774,#4775,#4776,#4777,
    #4778,#4779,#4780,#4781,#4782,#4783,#4784,#4785,#4786,#4787,#4788,
    #4789,#4790),.UNSPECIFIED.,.F.,.F.,(4,2,2,2,2,2,2,2,4),(
    -5.827813482542,-4.897361932291,-4.2001680797,-3.501984731857,
    -2.803401335615,-2.104214694409,-1.40475474016,-0.705110975649,
    -2.75085724079E-05),.UNSPECIFIED.);
#4773 = CARTESIAN_POINT('',(-17.74165805912,-55.00788439221,
    59.967461269683));
#4774 = CARTESIAN_POINT('',(-17.74298154232,-55.00788439221,
    61.42073634787));
#4775 = CARTESIAN_POINT('',(-17.57617526988,-55.00788439221,
    63.909355872769));
#4776 = CARTESIAN_POINT('',(-15.48583190442,-55.00788439221,
    68.936579689594));
#4777 = CARTESIAN_POINT('',(-14.18496983507,-55.00788439221,
    70.878458969878));
#4778 = CARTESIAN_POINT('',(-10.88519518307,-55.00788439221,
    74.174937489836));
#4779 = CARTESIAN_POINT('',(-8.940678114229,-55.00788439221,
    75.473240971582));
#4780 = CARTESIAN_POINT('',(-4.62796153438,-55.00788439221,
    77.259953478493));
#4781 = CARTESIAN_POINT('',(-2.336133108079,-55.00788439221,
    77.716157984075));
#4782 = CARTESIAN_POINT('',(2.331907381402,-55.00788439221,
    77.719288186626));
#4783 = CARTESIAN_POINT('',(4.625024813634,-55.00788439221,
    77.264929363617));
#4784 = CARTESIAN_POINT('',(8.939974213979,-55.00788439221,
    75.483568689081));
#4785 = CARTESIAN_POINT('',(10.885422616771,-55.00788439221,
    74.187334276956));
#4786 = CARTESIAN_POINT('',(14.191504001322,-55.00788439221,
    70.892603497561));
#4787 = CARTESIAN_POINT('',(15.494005074087,-55.00788439221,
    68.951301236501));
#4788 = CARTESIAN_POINT('',(17.296659846138,-55.00788439221,
    64.627449442111));
#4789 = CARTESIAN_POINT('',(17.758539938688,-55.00788439221,
    62.317680644028));
#4790 = CARTESIAN_POINT('',(17.758607107247,-55.00788439221,
    59.967405581168));
#4791 = PCURVE('',#1907,#4792);
#4792 = DEFINITIONAL_REPRESENTATION('',(#4793),#4812);
#4793 = B_SPLINE_CURVE_WITH_KNOTS('',3,(#4794,#4795,#4796,#4797,#4798,
    #4799,#4800,#4801,#4802,#4803,#4804,#4805,#4806,#4807,#4808,#4809,
    #4810,#4811),.UNSPECIFIED.,.F.,.F.,(4,2,2,2,2,2,2,2,4),(
    -5.827813482542,-4.897361932291,-4.2001680797,-3.501984731857,
    -2.803401335615,-2.104214694409,-1.40475474016,-0.705110975649,
    -2.75085724079E-05),.UNSPECIFIED.);
#4794 = CARTESIAN_POINT('',(-17.75,-1.499245172454E-12));
#4795 = CARTESIAN_POINT('',(-17.75132348319,-1.453275078189));
#4796 = CARTESIAN_POINT('',(-17.58451721075,-3.941894603087));
#4797 = CARTESIAN_POINT('',(-15.4941738453,-8.969118419912));
#4798 = CARTESIAN_POINT('',(-14.19331177595,-10.91099770019));
#4799 = CARTESIAN_POINT('',(-10.89353712395,-14.20747622015));
#4800 = CARTESIAN_POINT('',(-8.949020055102,-15.5057797019));
#4801 = CARTESIAN_POINT('',(-4.636303475253,-17.29249220881));
#4802 = CARTESIAN_POINT('',(-2.344475048953,-17.74869671439));
#4803 = CARTESIAN_POINT('',(2.323565440529,-17.75182691694));
#4804 = CARTESIAN_POINT('',(4.61668287276,-17.29746809393));
#4805 = CARTESIAN_POINT('',(8.931632273105,-15.5161074194));
#4806 = CARTESIAN_POINT('',(10.877080675898,-14.21987300727));
#4807 = CARTESIAN_POINT('',(14.183162060449,-10.92514222788));
#4808 = CARTESIAN_POINT('',(15.485663133213,-8.98383996682));
#4809 = CARTESIAN_POINT('',(17.288317905264,-4.65998817243));
#4810 = CARTESIAN_POINT('',(17.750197997814,-2.350219374347));
#4811 = CARTESIAN_POINT('',(17.750265166373,5.56885132923E-05));
#4812 = ( GEOMETRIC_REPRESENTATION_CONTEXT(2) 
PARAMETRIC_REPRESENTATION_CONTEXT() REPRESENTATION_CONTEXT('2D SPACE',''
  ) );
#4813 = PCURVE('',#2898,#4814);
#4814 = DEFINITIONAL_REPRESENTATION('',(#4815),#4863);
#4815 = B_SPLINE_CURVE_WITH_KNOTS('',3,(#4816,#4817,#4818,#4819,#4820,
    #4821,#4822,#4823,#4824,#4825,#4826,#4827,#4828,#4829,#4830,#4831,
    #4832,#4833,#4834,#4835,#4836,#4837,#4838,#4839,#4840,#4841,#4842,
    #4843,#4844,#4845,#4846,#4847,#4848,#4849,#4850,#4851,#4852,#4853,
    #4854,#4855,#4856,#4857,#4858,#4859,#4860,#4861,#4862),
  .UNSPECIFIED.,.F.,.F.,(4,1,1,1,1,1,1,1,1,1,1,1,1,1,1,1,1,1,1,1,1,1,1,1
    ,1,1,1,1,1,1,1,1,1,1,1,1,1,1,1,1,1,1,1,1,4),(-5.827813482542,
    -5.695363801316,-5.562914120089,-5.430464438863,-5.298014757636,
    -5.16556507641,-5.033115395183,-4.900665713956,-4.76821603273,
    -4.635766351503,-4.503316670277,-4.37086698905,-4.238417307823,
    -4.105967626597,-3.97351794537,-3.841068264144,-3.708618582917,
    -3.57616890169,-3.443719220464,-3.311269539237,-3.178819858011,
    -3.046370176784,-2.913920495557,-2.781470814331,-2.649021133104,
    -2.516571451878,-2.384121770651,-2.251672089424,-2.119222408198,
    -1.986772726971,-1.854323045745,-1.721873364518,-1.589423683292,
    -1.456974002065,-1.324524320838,-1.192074639612,-1.059624958385,
    -0.927175277159,-0.794725595932,-0.662275914705,-0.529826233479,
    -0.397376552252,-0.264926871026,-0.132477189799,-2.75085724079E-05),
  .UNSPECIFIED.);
#4816 = CARTESIAN_POINT('',(1.,0.));
#4817 = CARTESIAN_POINT('',(1.,1.847610794855E-03));
#4818 = CARTESIAN_POINT('',(1.,5.925327386394E-03));
#4819 = CARTESIAN_POINT('',(1.,1.309835647245E-02));
#4820 = CARTESIAN_POINT('',(1.,2.124384401085E-02));
#4821 = CARTESIAN_POINT('',(1.,3.025317154402E-02));
#4822 = CARTESIAN_POINT('',(1.,4.009943815124E-02));
#4823 = CARTESIAN_POINT('',(1.,5.079796957912E-02));
#4824 = CARTESIAN_POINT('',(1.,6.234991602759E-02));
#4825 = CARTESIAN_POINT('',(1.,7.431695441528E-02));
#4826 = CARTESIAN_POINT('',(1.,8.616013056616E-02));
#4827 = CARTESIAN_POINT('',(1.,9.792304309795E-02));
#4828 = CARTESIAN_POINT('',(1.,0.109765485375));
#4829 = CARTESIAN_POINT('',(1.,0.121631697739));
#4830 = CARTESIAN_POINT('',(1.,0.133493484872));
#4831 = CARTESIAN_POINT('',(1.,0.145362745829));
#4832 = CARTESIAN_POINT('',(1.,0.157128139015));
#4833 = CARTESIAN_POINT('',(1.,0.168926709743));
#4834 = CARTESIAN_POINT('',(1.,0.180789407797));
#4835 = CARTESIAN_POINT('',(1.,0.192642425063));
#4836 = CARTESIAN_POINT('',(1.,0.204507700807));
#4837 = CARTESIAN_POINT('',(1.,0.216300148508));
#4838 = CARTESIAN_POINT('',(1.,0.228048061914));
#4839 = CARTESIAN_POINT('',(1.,0.239896244334));
#4840 = CARTESIAN_POINT('',(1.,0.251736792207));
#4841 = CARTESIAN_POINT('',(1.,0.263589467272));
#4842 = CARTESIAN_POINT('',(1.,0.275405826538));
#4843 = CARTESIAN_POINT('',(1.,0.287126902675));
#4844 = CARTESIAN_POINT('',(1.,0.298951311442));
#4845 = CARTESIAN_POINT('',(1.,0.310786131199));
#4846 = CARTESIAN_POINT('',(1.,0.322623107917));
#4847 = CARTESIAN_POINT('',(1.,0.334454372152));
#4848 = CARTESIAN_POINT('',(1.,0.34617510168));
#4849 = CARTESIAN_POINT('',(1.,0.357962670011));
#4850 = CARTESIAN_POINT('',(1.,0.369794147675));
#4851 = CARTESIAN_POINT('',(1.,0.381617790015));
#4852 = CARTESIAN_POINT('',(1.,0.393452011165));
#4853 = CARTESIAN_POINT('',(1.,0.40519943853));
#4854 = CARTESIAN_POINT('',(1.,0.416939640566));
#4855 = CARTESIAN_POINT('',(1.,0.428766471999));
#4856 = CARTESIAN_POINT('',(1.,0.440581722502));
#4857 = CARTESIAN_POINT('',(1.,0.452409141813));
#4858 = CARTESIAN_POINT('',(1.,0.464186806026));
#4859 = CARTESIAN_POINT('',(1.,0.475890150227));
#4860 = CARTESIAN_POINT('',(1.,0.487698180539));
#4861 = CARTESIAN_POINT('',(1.,0.495573296462));
#4862 = CARTESIAN_POINT('',(1.,0.499508242628));
#4863 = ( GEOMETRIC_REPRESENTATION_CONTEXT(2) 
PARAMETRIC_REPRESENTATION_CONTEXT() REPRESENTATION_CONTEXT('2D SPACE',''
  ) );
#4864 = ADVANCED_FACE('',(#4865),#1724,.F.);
#4865 = FACE_BOUND('',#4866,.F.);
#4866 = EDGE_LOOP('',(#4867,#4868,#4869,#4870,#4871,#4894,#4921,#4922));
#4867 = ORIENTED_EDGE('',*,*,#1813,.F.);
#4868 = ORIENTED_EDGE('',*,*,#1839,.T.);
#4869 = ORIENTED_EDGE('',*,*,#1761,.T.);
#4870 = ORIENTED_EDGE('',*,*,#1707,.F.);
#4871 = ORIENTED_EDGE('',*,*,#4872,.T.);
#4872 = EDGE_CURVE('',#1708,#4873,#4875,.T.);
#4873 = VERTEX_POINT('',#4874);
#4874 = CARTESIAN_POINT('',(11.008341940874,-52.25788439221,
    59.967461269681));
#4875 = SEAM_CURVE('',#4876,(#4880,#4887),.PCURVE_S1.);
#4876 = LINE('',#4877,#4878);
#4877 = CARTESIAN_POINT('',(11.008341940874,-50.00788439221,
    59.967461269681));
#4878 = VECTOR('',#4879,1.);
#4879 = DIRECTION('',(5.546778314436E-16,-1.,3.86106458461E-15));
#4880 = PCURVE('',#1724,#4881);
#4881 = DEFINITIONAL_REPRESENTATION('',(#4882),#4886);
#4882 = LINE('',#4883,#4884);
#4883 = CARTESIAN_POINT('',(9.424777960769,-9.237055564881E-14));
#4884 = VECTOR('',#4885,1.);
#4885 = DIRECTION('',(0.,1.));
#4886 = ( GEOMETRIC_REPRESENTATION_CONTEXT(2) 
PARAMETRIC_REPRESENTATION_CONTEXT() REPRESENTATION_CONTEXT('2D SPACE',''
  ) );
#4887 = PCURVE('',#1724,#4888);
#4888 = DEFINITIONAL_REPRESENTATION('',(#4889),#4893);
#4889 = LINE('',#4890,#4891);
#4890 = CARTESIAN_POINT('',(3.14159265359,-9.237055564881E-14));
#4891 = VECTOR('',#4892,1.);
#4892 = DIRECTION('',(0.,1.));
#4893 = ( GEOMETRIC_REPRESENTATION_CONTEXT(2) 
PARAMETRIC_REPRESENTATION_CONTEXT() REPRESENTATION_CONTEXT('2D SPACE',''
  ) );
#4894 = ORIENTED_EDGE('',*,*,#4895,.T.);
#4895 = EDGE_CURVE('',#4873,#4873,#4896,.T.);
#4896 = SURFACE_CURVE('',#4897,(#4902,#4909),.PCURVE_S1.);
#4897 = CIRCLE('',#4898,11.);
#4898 = AXIS2_PLACEMENT_3D('',#4899,#4900,#4901);
#4899 = CARTESIAN_POINT('',(8.341940873661E-03,-52.25788439221,
    59.967461269681));
#4900 = DIRECTION('',(-5.546778314436E-16,1.,-3.86106458461E-15));
#4901 = DIRECTION('',(-1.,-5.546778314436E-16,1.64473469566E-16));
#4902 = PCURVE('',#1724,#4903);
#4903 = DEFINITIONAL_REPRESENTATION('',(#4904),#4908);
#4904 = LINE('',#4905,#4906);
#4905 = CARTESIAN_POINT('',(12.566370614359,2.25));
#4906 = VECTOR('',#4907,1.);
#4907 = DIRECTION('',(-1.,0.));
#4908 = ( GEOMETRIC_REPRESENTATION_CONTEXT(2) 
PARAMETRIC_REPRESENTATION_CONTEXT() REPRESENTATION_CONTEXT('2D SPACE',''
  ) );
#4909 = PCURVE('',#4910,#4915);
#4910 = PLANE('',#4911);
#4911 = AXIS2_PLACEMENT_3D('',#4912,#4913,#4914);
#4912 = CARTESIAN_POINT('',(8.341940873661E-03,-52.25788439221,
    59.967461269681));
#4913 = DIRECTION('',(-5.546778314436E-16,1.,-3.86106458461E-15));
#4914 = DIRECTION('',(1.,5.546778314436E-16,-1.64473469566E-16));
#4915 = DEFINITIONAL_REPRESENTATION('',(#4916),#4920);
#4916 = CIRCLE('',#4917,11.);
#4917 = AXIS2_PLACEMENT_2D('',#4918,#4919);
#4918 = CARTESIAN_POINT('',(0.,0.));
#4919 = DIRECTION('',(-1.,0.));
#4920 = ( GEOMETRIC_REPRESENTATION_CONTEXT(2) 
PARAMETRIC_REPRESENTATION_CONTEXT() REPRESENTATION_CONTEXT('2D SPACE',''
  ) );
#4921 = ORIENTED_EDGE('',*,*,#4872,.F.);
#4922 = ORIENTED_EDGE('',*,*,#1736,.F.);
#4923 = ADVANCED_FACE('',(#4924),#1136,.F.);
#4924 = FACE_BOUND('',#4925,.F.);
#4925 = EDGE_LOOP('',(#4926,#4949,#4982,#5003,#5004,#5005,#5033,#5054,
    #5055,#5086,#5087,#5110,#5143,#5164,#5165,#5196));
#4926 = ORIENTED_EDGE('',*,*,#4927,.F.);
#4927 = EDGE_CURVE('',#4928,#1300,#4930,.T.);
#4928 = VERTEX_POINT('',#4929);
#4929 = CARTESIAN_POINT('',(13.858341940874,-54.00788439221,
    74.630801243147));
#4930 = SURFACE_CURVE('',#4931,(#4935,#4942),.PCURVE_S1.);
#4931 = LINE('',#4932,#4933);
#4932 = CARTESIAN_POINT('',(13.858341940874,-54.00788439221,
    74.630801243147));
#4933 = VECTOR('',#4934,1.);
#4934 = DIRECTION('',(5.546778314436E-16,-1.,3.86106458461E-15));
#4935 = PCURVE('',#1136,#4936);
#4936 = DEFINITIONAL_REPRESENTATION('',(#4937),#4941);
#4937 = LINE('',#4938,#4939);
#4938 = CARTESIAN_POINT('',(2.672307693227,0.));
#4939 = VECTOR('',#4940,1.);
#4940 = DIRECTION('',(0.,-1.));
#4941 = ( GEOMETRIC_REPRESENTATION_CONTEXT(2) 
PARAMETRIC_REPRESENTATION_CONTEXT() REPRESENTATION_CONTEXT('2D SPACE',''
  ) );
#4942 = PCURVE('',#1249,#4943);
#4943 = DEFINITIONAL_REPRESENTATION('',(#4944),#4948);
#4944 = LINE('',#4945,#4946);
#4945 = CARTESIAN_POINT('',(0.836660026534,3.230398397809E-15));
#4946 = VECTOR('',#4947,1.);
#4947 = DIRECTION('',(0.,-1.));
#4948 = ( GEOMETRIC_REPRESENTATION_CONTEXT(2) 
PARAMETRIC_REPRESENTATION_CONTEXT() REPRESENTATION_CONTEXT('2D SPACE',''
  ) );
#4949 = ORIENTED_EDGE('',*,*,#4950,.F.);
#4950 = EDGE_CURVE('',#4951,#4928,#4953,.T.);
#4951 = VERTEX_POINT('',#4952);
#4952 = CARTESIAN_POINT('',(13.658341940874,-54.00788439221,
    75.467461269681));
#4953 = SURFACE_CURVE('',#4954,(#4959,#4966),.PCURVE_S1.);
#4954 = CIRCLE('',#4955,1.85);
#4955 = AXIS2_PLACEMENT_3D('',#4956,#4957,#4958);
#4956 = CARTESIAN_POINT('',(15.508341940874,-54.00788439221,
    75.467461269681));
#4957 = DIRECTION('',(5.546778314436E-16,-1.,3.86106458461E-15));
#4958 = DIRECTION('',(1.,5.546778314436E-16,-1.64473469566E-16));
#4959 = PCURVE('',#1136,#4960);
#4960 = DEFINITIONAL_REPRESENTATION('',(#4961),#4965);
#4961 = LINE('',#4962,#4963);
#4962 = CARTESIAN_POINT('',(6.28318530718,4.756674573594E-14));
#4963 = VECTOR('',#4964,1.);
#4964 = DIRECTION('',(-1.,-1.514096542134E-14));
#4965 = ( GEOMETRIC_REPRESENTATION_CONTEXT(2) 
PARAMETRIC_REPRESENTATION_CONTEXT() REPRESENTATION_CONTEXT('2D SPACE',''
  ) );
#4966 = PCURVE('',#4967,#4972);
#4967 = PLANE('',#4968);
#4968 = AXIS2_PLACEMENT_3D('',#4969,#4970,#4971);
#4969 = CARTESIAN_POINT('',(8.341940873662E-03,-54.00788439221,
    59.967461269681));
#4970 = DIRECTION('',(-5.546778314436E-16,1.,-3.86106458461E-15));
#4971 = DIRECTION('',(1.64473469566E-16,3.86106458461E-15,1.));
#4972 = DEFINITIONAL_REPRESENTATION('',(#4973),#4981);
#4973 = ( BOUNDED_CURVE() B_SPLINE_CURVE(2,(#4974,#4975,#4976,#4977,
#4978,#4979,#4980),.UNSPECIFIED.,.T.,.F.) B_SPLINE_CURVE_WITH_KNOTS((1,2
    ,2,2,2,1),(-2.094395102393,0.,2.094395102393,4.188790204786,
6.28318530718,8.377580409573),.UNSPECIFIED.) CURVE() 
GEOMETRIC_REPRESENTATION_ITEM() RATIONAL_B_SPLINE_CURVE((1.,0.5,1.,0.5,
1.,0.5,1.)) REPRESENTATION_ITEM('') );
#4974 = CARTESIAN_POINT('',(15.5,17.35));
#4975 = CARTESIAN_POINT('',(18.704293994002,17.35));
#4976 = CARTESIAN_POINT('',(17.102146997001,14.575));
#4977 = CARTESIAN_POINT('',(15.5,11.8));
#4978 = CARTESIAN_POINT('',(13.897853002999,14.575));
#4979 = CARTESIAN_POINT('',(12.295706005998,17.35));
#4980 = CARTESIAN_POINT('',(15.5,17.35));
#4981 = ( GEOMETRIC_REPRESENTATION_CONTEXT(2) 
PARAMETRIC_REPRESENTATION_CONTEXT() REPRESENTATION_CONTEXT('2D SPACE',''
  ) );
#4982 = ORIENTED_EDGE('',*,*,#4983,.T.);
#4983 = EDGE_CURVE('',#4951,#1613,#4984,.T.);
#4984 = SEAM_CURVE('',#4985,(#4989,#4996),.PCURVE_S1.);
#4985 = LINE('',#4986,#4987);
#4986 = CARTESIAN_POINT('',(13.658341940874,-54.00788439221,
    75.467461269681));
#4987 = VECTOR('',#4988,1.);
#4988 = DIRECTION('',(-5.546778314436E-16,1.,-3.86106458461E-15));
#4989 = PCURVE('',#1136,#4990);
#4990 = DEFINITIONAL_REPRESENTATION('',(#4991),#4995);
#4991 = LINE('',#4992,#4993);
#4992 = CARTESIAN_POINT('',(3.14159265359,0.));
#4993 = VECTOR('',#4994,1.);
#4994 = DIRECTION('',(8.578996099376E-16,1.));
#4995 = ( GEOMETRIC_REPRESENTATION_CONTEXT(2) 
PARAMETRIC_REPRESENTATION_CONTEXT() REPRESENTATION_CONTEXT('2D SPACE',''
  ) );
#4996 = PCURVE('',#1136,#4997);
#4997 = DEFINITIONAL_REPRESENTATION('',(#4998),#5002);
#4998 = LINE('',#4999,#5000);
#4999 = CARTESIAN_POINT('',(-3.14159265359,0.));
#5000 = VECTOR('',#5001,1.);
#5001 = DIRECTION('',(8.578996099376E-16,1.));
#5002 = ( GEOMETRIC_REPRESENTATION_CONTEXT(2) 
PARAMETRIC_REPRESENTATION_CONTEXT() REPRESENTATION_CONTEXT('2D SPACE',''
  ) );
#5003 = ORIENTED_EDGE('',*,*,#1612,.T.);
#5004 = ORIENTED_EDGE('',*,*,#4983,.F.);
#5005 = ORIENTED_EDGE('',*,*,#5006,.F.);
#5006 = EDGE_CURVE('',#5007,#4951,#5009,.T.);
#5007 = VERTEX_POINT('',#5008);
#5008 = CARTESIAN_POINT('',(13.858341940874,-54.00788439221,
    76.304121296215));
#5009 = SURFACE_CURVE('',#5010,(#5015,#5022),.PCURVE_S1.);
#5010 = CIRCLE('',#5011,1.85);
#5011 = AXIS2_PLACEMENT_3D('',#5012,#5013,#5014);
#5012 = CARTESIAN_POINT('',(15.508341940874,-54.00788439221,
    75.467461269681));
#5013 = DIRECTION('',(5.546778314436E-16,-1.,3.86106458461E-15));
#5014 = DIRECTION('',(1.,5.546778314436E-16,-1.64473469566E-16));
#5015 = PCURVE('',#1136,#5016);
#5016 = DEFINITIONAL_REPRESENTATION('',(#5017),#5021);
#5017 = LINE('',#5018,#5019);
#5018 = CARTESIAN_POINT('',(-3.552713678801E-15,0.));
#5019 = VECTOR('',#5020,1.);
#5020 = DIRECTION('',(-1.,0.));
#5021 = ( GEOMETRIC_REPRESENTATION_CONTEXT(2) 
PARAMETRIC_REPRESENTATION_CONTEXT() REPRESENTATION_CONTEXT('2D SPACE',''
  ) );
#5022 = PCURVE('',#4967,#5023);
#5023 = DEFINITIONAL_REPRESENTATION('',(#5024),#5032);
#5024 = ( BOUNDED_CURVE() B_SPLINE_CURVE(2,(#5025,#5026,#5027,#5028,
#5029,#5030,#5031),.UNSPECIFIED.,.T.,.F.) B_SPLINE_CURVE_WITH_KNOTS((1,2
    ,2,2,2,1),(-2.094395102393,0.,2.094395102393,4.188790204786,
6.28318530718,8.377580409573),.UNSPECIFIED.) CURVE() 
GEOMETRIC_REPRESENTATION_ITEM() RATIONAL_B_SPLINE_CURVE((1.,0.5,1.,0.5,
1.,0.5,1.)) REPRESENTATION_ITEM('') );
#5025 = CARTESIAN_POINT('',(15.5,17.35));
#5026 = CARTESIAN_POINT('',(18.704293994002,17.35));
#5027 = CARTESIAN_POINT('',(17.102146997001,14.575));
#5028 = CARTESIAN_POINT('',(15.5,11.8));
#5029 = CARTESIAN_POINT('',(13.897853002999,14.575));
#5030 = CARTESIAN_POINT('',(12.295706005998,17.35));
#5031 = CARTESIAN_POINT('',(15.5,17.35));
#5032 = ( GEOMETRIC_REPRESENTATION_CONTEXT(2) 
PARAMETRIC_REPRESENTATION_CONTEXT() REPRESENTATION_CONTEXT('2D SPACE',''
  ) );
#5033 = ORIENTED_EDGE('',*,*,#5034,.F.);
#5034 = EDGE_CURVE('',#1180,#5007,#5035,.T.);
#5035 = SURFACE_CURVE('',#5036,(#5040,#5047),.PCURVE_S1.);
#5036 = LINE('',#5037,#5038);
#5037 = CARTESIAN_POINT('',(13.858341940874,-54.00788439221,
    76.304121296215));
#5038 = VECTOR('',#5039,1.);
#5039 = DIRECTION('',(-5.546778314436E-16,1.,-3.86106458461E-15));
#5040 = PCURVE('',#1136,#5041);
#5041 = DEFINITIONAL_REPRESENTATION('',(#5042),#5046);
#5042 = LINE('',#5043,#5044);
#5043 = CARTESIAN_POINT('',(-2.672307693227,0.));
#5044 = VECTOR('',#5045,1.);
#5045 = DIRECTION('',(0.,1.));
#5046 = ( GEOMETRIC_REPRESENTATION_CONTEXT(2) 
PARAMETRIC_REPRESENTATION_CONTEXT() REPRESENTATION_CONTEXT('2D SPACE',''
  ) );
#5047 = PCURVE('',#1249,#5048);
#5048 = DEFINITIONAL_REPRESENTATION('',(#5049),#5053);
#5049 = LINE('',#5050,#5051);
#5050 = CARTESIAN_POINT('',(-0.836660026534,-3.230398397809E-15));
#5051 = VECTOR('',#5052,1.);
#5052 = DIRECTION('',(0.,1.));
#5053 = ( GEOMETRIC_REPRESENTATION_CONTEXT(2) 
PARAMETRIC_REPRESENTATION_CONTEXT() REPRESENTATION_CONTEXT('2D SPACE',''
  ) );
#5054 = ORIENTED_EDGE('',*,*,#1177,.F.);
#5055 = ORIENTED_EDGE('',*,*,#5056,.F.);
#5056 = EDGE_CURVE('',#1081,#1178,#5057,.T.);
#5057 = SURFACE_CURVE('',#5058,(#5063,#5070),.PCURVE_S1.);
#5058 = CIRCLE('',#5059,1.85);
#5059 = AXIS2_PLACEMENT_3D('',#5060,#5061,#5062);
#5060 = CARTESIAN_POINT('',(15.508341940874,-54.20788439221,
    75.467461269681));
#5061 = DIRECTION('',(5.546778314436E-16,-1.,3.86106458461E-15));
#5062 = DIRECTION('',(1.,5.546778314436E-16,-1.64473469566E-16));
#5063 = PCURVE('',#1136,#5064);
#5064 = DEFINITIONAL_REPRESENTATION('',(#5065),#5069);
#5065 = LINE('',#5066,#5067);
#5066 = CARTESIAN_POINT('',(3.552713678801E-15,-0.2));
#5067 = VECTOR('',#5068,1.);
#5068 = DIRECTION('',(-1.,0.));
#5069 = ( GEOMETRIC_REPRESENTATION_CONTEXT(2) 
PARAMETRIC_REPRESENTATION_CONTEXT() REPRESENTATION_CONTEXT('2D SPACE',''
  ) );
#5070 = PCURVE('',#5071,#5076);
#5071 = PLANE('',#5072);
#5072 = AXIS2_PLACEMENT_3D('',#5073,#5074,#5075);
#5073 = CARTESIAN_POINT('',(8.341940873662E-03,-54.20788439221,
    59.967461269681));
#5074 = DIRECTION('',(-5.546778314436E-16,1.,-3.86106458461E-15));
#5075 = DIRECTION('',(1.64473469566E-16,3.86106458461E-15,1.));
#5076 = DEFINITIONAL_REPRESENTATION('',(#5077),#5085);
#5077 = ( BOUNDED_CURVE() B_SPLINE_CURVE(2,(#5078,#5079,#5080,#5081,
#5082,#5083,#5084),.UNSPECIFIED.,.T.,.F.) B_SPLINE_CURVE_WITH_KNOTS((1,2
    ,2,2,2,1),(-2.094395102393,0.,2.094395102393,4.188790204786,
6.28318530718,8.377580409573),.UNSPECIFIED.) CURVE() 
GEOMETRIC_REPRESENTATION_ITEM() RATIONAL_B_SPLINE_CURVE((1.,0.5,1.,0.5,
1.,0.5,1.)) REPRESENTATION_ITEM('') );
#5078 = CARTESIAN_POINT('',(15.5,17.35));
#5079 = CARTESIAN_POINT('',(18.704293994002,17.35));
#5080 = CARTESIAN_POINT('',(17.102146997001,14.575));
#5081 = CARTESIAN_POINT('',(15.5,11.8));
#5082 = CARTESIAN_POINT('',(13.897853002999,14.575));
#5083 = CARTESIAN_POINT('',(12.295706005998,17.35));
#5084 = CARTESIAN_POINT('',(15.5,17.35));
#5085 = ( GEOMETRIC_REPRESENTATION_CONTEXT(2) 
PARAMETRIC_REPRESENTATION_CONTEXT() REPRESENTATION_CONTEXT('2D SPACE',''
  ) );
#5086 = ORIENTED_EDGE('',*,*,#1115,.F.);
#5087 = ORIENTED_EDGE('',*,*,#5088,.F.);
#5088 = EDGE_CURVE('',#5089,#1116,#5091,.T.);
#5089 = VERTEX_POINT('',#5090);
#5090 = CARTESIAN_POINT('',(17.158341940874,-54.00788439221,
    76.304121296215));
#5091 = SURFACE_CURVE('',#5092,(#5096,#5103),.PCURVE_S1.);
#5092 = LINE('',#5093,#5094);
#5093 = CARTESIAN_POINT('',(17.158341940874,-54.00788439221,
    76.304121296215));
#5094 = VECTOR('',#5095,1.);
#5095 = DIRECTION('',(5.546778314436E-16,-1.,3.86106458461E-15));
#5096 = PCURVE('',#1136,#5097);
#5097 = DEFINITIONAL_REPRESENTATION('',(#5098),#5102);
#5098 = LINE('',#5099,#5100);
#5099 = CARTESIAN_POINT('',(-0.469284960362,0.));
#5100 = VECTOR('',#5101,1.);
#5101 = DIRECTION('',(3.108624468951E-14,-1.));
#5102 = ( GEOMETRIC_REPRESENTATION_CONTEXT(2) 
PARAMETRIC_REPRESENTATION_CONTEXT() REPRESENTATION_CONTEXT('2D SPACE',''
  ) );
#5103 = PCURVE('',#1162,#5104);
#5104 = DEFINITIONAL_REPRESENTATION('',(#5105),#5109);
#5105 = LINE('',#5106,#5107);
#5106 = CARTESIAN_POINT('',(1.259348001549E-14,3.261660026534));
#5107 = VECTOR('',#5108,1.);
#5108 = DIRECTION('',(1.,0.));
#5109 = ( GEOMETRIC_REPRESENTATION_CONTEXT(2) 
PARAMETRIC_REPRESENTATION_CONTEXT() REPRESENTATION_CONTEXT('2D SPACE',''
  ) );
#5110 = ORIENTED_EDGE('',*,*,#5111,.F.);
#5111 = EDGE_CURVE('',#5112,#5089,#5114,.T.);
#5112 = VERTEX_POINT('',#5113);
#5113 = CARTESIAN_POINT('',(17.158341940874,-54.00788439221,
    74.630801243147));
#5114 = SURFACE_CURVE('',#5115,(#5120,#5127),.PCURVE_S1.);
#5115 = CIRCLE('',#5116,1.85);
#5116 = AXIS2_PLACEMENT_3D('',#5117,#5118,#5119);
#5117 = CARTESIAN_POINT('',(15.508341940874,-54.00788439221,
    75.467461269681));
#5118 = DIRECTION('',(5.546778314436E-16,-1.,3.86106458461E-15));
#5119 = DIRECTION('',(1.,5.546778314436E-16,-1.64473469566E-16));
#5120 = PCURVE('',#1136,#5121);
#5121 = DEFINITIONAL_REPRESENTATION('',(#5122),#5126);
#5122 = LINE('',#5123,#5124);
#5123 = CARTESIAN_POINT('',(6.28318530718,-4.401403205714E-14));
#5124 = VECTOR('',#5125,1.);
#5125 = DIRECTION('',(-1.,7.57048271067E-15));
#5126 = ( GEOMETRIC_REPRESENTATION_CONTEXT(2) 
PARAMETRIC_REPRESENTATION_CONTEXT() REPRESENTATION_CONTEXT('2D SPACE',''
  ) );
#5127 = PCURVE('',#5128,#5133);
#5128 = PLANE('',#5129);
#5129 = AXIS2_PLACEMENT_3D('',#5130,#5131,#5132);
#5130 = CARTESIAN_POINT('',(8.341940873662E-03,-54.00788439221,
    59.967461269681));
#5131 = DIRECTION('',(-5.546778314436E-16,1.,-3.86106458461E-15));
#5132 = DIRECTION('',(1.64473469566E-16,3.86106458461E-15,1.));
#5133 = DEFINITIONAL_REPRESENTATION('',(#5134),#5142);
#5134 = ( BOUNDED_CURVE() B_SPLINE_CURVE(2,(#5135,#5136,#5137,#5138,
#5139,#5140,#5141),.UNSPECIFIED.,.T.,.F.) B_SPLINE_CURVE_WITH_KNOTS((1,2
    ,2,2,2,1),(-2.094395102393,0.,2.094395102393,4.188790204786,
6.28318530718,8.377580409573),.UNSPECIFIED.) CURVE() 
GEOMETRIC_REPRESENTATION_ITEM() RATIONAL_B_SPLINE_CURVE((1.,0.5,1.,0.5,
1.,0.5,1.)) REPRESENTATION_ITEM('') );
#5135 = CARTESIAN_POINT('',(15.5,17.35));
#5136 = CARTESIAN_POINT('',(18.704293994002,17.35));
#5137 = CARTESIAN_POINT('',(17.102146997001,14.575));
#5138 = CARTESIAN_POINT('',(15.5,11.8));
#5139 = CARTESIAN_POINT('',(13.897853002999,14.575));
#5140 = CARTESIAN_POINT('',(12.295706005998,17.35));
#5141 = CARTESIAN_POINT('',(15.5,17.35));
#5142 = ( GEOMETRIC_REPRESENTATION_CONTEXT(2) 
PARAMETRIC_REPRESENTATION_CONTEXT() REPRESENTATION_CONTEXT('2D SPACE',''
  ) );
#5143 = ORIENTED_EDGE('',*,*,#5144,.F.);
#5144 = EDGE_CURVE('',#1354,#5112,#5145,.T.);
#5145 = SURFACE_CURVE('',#5146,(#5150,#5157),.PCURVE_S1.);
#5146 = LINE('',#5147,#5148);
#5147 = CARTESIAN_POINT('',(17.158341940874,-54.00788439221,
    74.630801243147));
#5148 = VECTOR('',#5149,1.);
#5149 = DIRECTION('',(-5.546778314436E-16,1.,-3.86106458461E-15));
#5150 = PCURVE('',#1136,#5151);
#5151 = DEFINITIONAL_REPRESENTATION('',(#5152),#5156);
#5152 = LINE('',#5153,#5154);
#5153 = CARTESIAN_POINT('',(0.469284960362,0.));
#5154 = VECTOR('',#5155,1.);
#5155 = DIRECTION('',(-3.108624468951E-14,1.));
#5156 = ( GEOMETRIC_REPRESENTATION_CONTEXT(2) 
PARAMETRIC_REPRESENTATION_CONTEXT() REPRESENTATION_CONTEXT('2D SPACE',''
  ) );
#5157 = PCURVE('',#1162,#5158);
#5158 = DEFINITIONAL_REPRESENTATION('',(#5159),#5163);
#5159 = LINE('',#5160,#5161);
#5160 = CARTESIAN_POINT('',(6.132683219869E-15,1.588339973466));
#5161 = VECTOR('',#5162,1.);
#5162 = DIRECTION('',(-1.,0.));
#5163 = ( GEOMETRIC_REPRESENTATION_CONTEXT(2) 
PARAMETRIC_REPRESENTATION_CONTEXT() REPRESENTATION_CONTEXT('2D SPACE',''
  ) );
#5164 = ORIENTED_EDGE('',*,*,#1351,.F.);
#5165 = ORIENTED_EDGE('',*,*,#5166,.F.);
#5166 = EDGE_CURVE('',#1265,#1352,#5167,.T.);
#5167 = SURFACE_CURVE('',#5168,(#5173,#5180),.PCURVE_S1.);
#5168 = CIRCLE('',#5169,1.85);
#5169 = AXIS2_PLACEMENT_3D('',#5170,#5171,#5172);
#5170 = CARTESIAN_POINT('',(15.508341940874,-54.20788439221,
    75.467461269681));
#5171 = DIRECTION('',(5.546778314436E-16,-1.,3.86106458461E-15));
#5172 = DIRECTION('',(1.,5.546778314436E-16,-1.64473469566E-16));
#5173 = PCURVE('',#1136,#5174);
#5174 = DEFINITIONAL_REPRESENTATION('',(#5175),#5179);
#5175 = LINE('',#5176,#5177);
#5176 = CARTESIAN_POINT('',(6.28318530718,-0.2));
#5177 = VECTOR('',#5178,1.);
#5178 = DIRECTION('',(-1.,0.));
#5179 = ( GEOMETRIC_REPRESENTATION_CONTEXT(2) 
PARAMETRIC_REPRESENTATION_CONTEXT() REPRESENTATION_CONTEXT('2D SPACE',''
  ) );
#5180 = PCURVE('',#5181,#5186);
#5181 = PLANE('',#5182);
#5182 = AXIS2_PLACEMENT_3D('',#5183,#5184,#5185);
#5183 = CARTESIAN_POINT('',(8.341940873662E-03,-54.20788439221,
    59.967461269681));
#5184 = DIRECTION('',(-5.546778314436E-16,1.,-3.86106458461E-15));
#5185 = DIRECTION('',(1.64473469566E-16,3.86106458461E-15,1.));
#5186 = DEFINITIONAL_REPRESENTATION('',(#5187),#5195);
#5187 = ( BOUNDED_CURVE() B_SPLINE_CURVE(2,(#5188,#5189,#5190,#5191,
#5192,#5193,#5194),.UNSPECIFIED.,.T.,.F.) B_SPLINE_CURVE_WITH_KNOTS((1,2
    ,2,2,2,1),(-2.094395102393,0.,2.094395102393,4.188790204786,
6.28318530718,8.377580409573),.UNSPECIFIED.) CURVE() 
GEOMETRIC_REPRESENTATION_ITEM() RATIONAL_B_SPLINE_CURVE((1.,0.5,1.,0.5,
1.,0.5,1.)) REPRESENTATION_ITEM('') );
#5188 = CARTESIAN_POINT('',(15.5,17.35));
#5189 = CARTESIAN_POINT('',(18.704293994002,17.35));
#5190 = CARTESIAN_POINT('',(17.102146997001,14.575));
#5191 = CARTESIAN_POINT('',(15.5,11.8));
#5192 = CARTESIAN_POINT('',(13.897853002999,14.575));
#5193 = CARTESIAN_POINT('',(12.295706005998,17.35));
#5194 = CARTESIAN_POINT('',(15.5,17.35));
#5195 = ( GEOMETRIC_REPRESENTATION_CONTEXT(2) 
PARAMETRIC_REPRESENTATION_CONTEXT() REPRESENTATION_CONTEXT('2D SPACE',''
  ) );
#5196 = ORIENTED_EDGE('',*,*,#1299,.F.);
#5197 = ADVANCED_FACE('',(#5198),#755,.F.);
#5198 = FACE_BOUND('',#5199,.F.);
#5199 = EDGE_LOOP('',(#5200,#5223,#5256,#5277,#5278,#5311,#5332,#5333,
    #5334,#5360,#5361,#5384,#5417,#5438,#5439,#5470));
#5200 = ORIENTED_EDGE('',*,*,#5201,.F.);
#5201 = EDGE_CURVE('',#5202,#947,#5204,.T.);
#5202 = VERTEX_POINT('',#5203);
#5203 = CARTESIAN_POINT('',(-14.65499803259,-54.00788439221,
    73.817461269681));
#5204 = SURFACE_CURVE('',#5205,(#5209,#5216),.PCURVE_S1.);
#5205 = LINE('',#5206,#5207);
#5206 = CARTESIAN_POINT('',(-14.65499803259,-54.00788439221,
    73.817461269681));
#5207 = VECTOR('',#5208,1.);
#5208 = DIRECTION('',(5.546778314436E-16,-1.,3.86106458461E-15));
#5209 = PCURVE('',#755,#5210);
#5210 = DEFINITIONAL_REPRESENTATION('',(#5211),#5215);
#5211 = LINE('',#5212,#5213);
#5212 = CARTESIAN_POINT('',(1.101511366433,7.105427357601E-15));
#5213 = VECTOR('',#5214,1.);
#5214 = DIRECTION('',(0.,-1.));
#5215 = ( GEOMETRIC_REPRESENTATION_CONTEXT(2) 
PARAMETRIC_REPRESENTATION_CONTEXT() REPRESENTATION_CONTEXT('2D SPACE',''
  ) );
#5216 = PCURVE('',#809,#5217);
#5217 = DEFINITIONAL_REPRESENTATION('',(#5218),#5222);
#5218 = LINE('',#5219,#5220);
#5219 = CARTESIAN_POINT('',(0.836660026534,-4.640767691734E-16));
#5220 = VECTOR('',#5221,1.);
#5221 = DIRECTION('',(3.51033443077E-31,-1.));
#5222 = ( GEOMETRIC_REPRESENTATION_CONTEXT(2) 
PARAMETRIC_REPRESENTATION_CONTEXT() REPRESENTATION_CONTEXT('2D SPACE',''
  ) );
#5223 = ORIENTED_EDGE('',*,*,#5224,.F.);
#5224 = EDGE_CURVE('',#5225,#5202,#5227,.T.);
#5225 = VERTEX_POINT('',#5226);
#5226 = CARTESIAN_POINT('',(-16.32831808566,-54.00788439221,
    73.817461269681));
#5227 = SURFACE_CURVE('',#5228,(#5233,#5240),.PCURVE_S1.);
#5228 = CIRCLE('',#5229,1.85);
#5229 = AXIS2_PLACEMENT_3D('',#5230,#5231,#5232);
#5230 = CARTESIAN_POINT('',(-15.49165805912,-54.00788439221,
    75.467461269681));
#5231 = DIRECTION('',(5.546778314436E-16,-1.,3.86106458461E-15));
#5232 = DIRECTION('',(1.,5.546778314436E-16,-1.64473469566E-16));
#5233 = PCURVE('',#755,#5234);
#5234 = DEFINITIONAL_REPRESENTATION('',(#5235),#5239);
#5235 = LINE('',#5236,#5237);
#5236 = CARTESIAN_POINT('',(6.28318530718,0.));
#5237 = VECTOR('',#5238,1.);
#5238 = DIRECTION('',(-1.,0.));
#5239 = ( GEOMETRIC_REPRESENTATION_CONTEXT(2) 
PARAMETRIC_REPRESENTATION_CONTEXT() REPRESENTATION_CONTEXT('2D SPACE',''
  ) );
#5240 = PCURVE('',#5241,#5246);
#5241 = PLANE('',#5242);
#5242 = AXIS2_PLACEMENT_3D('',#5243,#5244,#5245);
#5243 = CARTESIAN_POINT('',(8.341940873662E-03,-54.00788439221,
    59.967461269681));
#5244 = DIRECTION('',(-5.546778314436E-16,1.,-3.86106458461E-15));
#5245 = DIRECTION('',(-1.,-5.546778314436E-16,1.64473469566E-16));
#5246 = DEFINITIONAL_REPRESENTATION('',(#5247),#5255);
#5247 = ( BOUNDED_CURVE() B_SPLINE_CURVE(2,(#5248,#5249,#5250,#5251,
#5252,#5253,#5254),.UNSPECIFIED.,.T.,.F.) B_SPLINE_CURVE_WITH_KNOTS((1,2
    ,2,2,2,1),(-2.094395102393,0.,2.094395102393,4.188790204786,
6.28318530718,8.377580409573),.UNSPECIFIED.) CURVE() 
GEOMETRIC_REPRESENTATION_ITEM() RATIONAL_B_SPLINE_CURVE((1.,0.5,1.,0.5,
1.,0.5,1.)) REPRESENTATION_ITEM('') );
#5248 = CARTESIAN_POINT('',(13.65,15.5));
#5249 = CARTESIAN_POINT('',(13.65,18.704293994002));
#5250 = CARTESIAN_POINT('',(16.425,17.102146997001));
#5251 = CARTESIAN_POINT('',(19.2,15.5));
#5252 = CARTESIAN_POINT('',(16.425,13.897853002999));
#5253 = CARTESIAN_POINT('',(13.65,12.295706005998));
#5254 = CARTESIAN_POINT('',(13.65,15.5));
#5255 = ( GEOMETRIC_REPRESENTATION_CONTEXT(2) 
PARAMETRIC_REPRESENTATION_CONTEXT() REPRESENTATION_CONTEXT('2D SPACE',''
  ) );
#5256 = ORIENTED_EDGE('',*,*,#5257,.F.);
#5257 = EDGE_CURVE('',#730,#5225,#5258,.T.);
#5258 = SURFACE_CURVE('',#5259,(#5263,#5270),.PCURVE_S1.);
#5259 = LINE('',#5260,#5261);
#5260 = CARTESIAN_POINT('',(-16.32831808566,-54.00788439221,
    73.817461269681));
#5261 = VECTOR('',#5262,1.);
#5262 = DIRECTION('',(-5.546778314436E-16,1.,-3.86106458461E-15));
#5263 = PCURVE('',#755,#5264);
#5264 = DEFINITIONAL_REPRESENTATION('',(#5265),#5269);
#5265 = LINE('',#5266,#5267);
#5266 = CARTESIAN_POINT('',(2.040081287157,7.105427357601E-15));
#5267 = VECTOR('',#5268,1.);
#5268 = DIRECTION('',(0.,1.));
#5269 = ( GEOMETRIC_REPRESENTATION_CONTEXT(2) 
PARAMETRIC_REPRESENTATION_CONTEXT() REPRESENTATION_CONTEXT('2D SPACE',''
  ) );
#5270 = PCURVE('',#809,#5271);
#5271 = DEFINITIONAL_REPRESENTATION('',(#5272),#5276);
#5272 = LINE('',#5273,#5274);
#5273 = CARTESIAN_POINT('',(-0.836660026534,4.640767691735E-16));
#5274 = VECTOR('',#5275,1.);
#5275 = DIRECTION('',(-3.51033443077E-31,1.));
#5276 = ( GEOMETRIC_REPRESENTATION_CONTEXT(2) 
PARAMETRIC_REPRESENTATION_CONTEXT() REPRESENTATION_CONTEXT('2D SPACE',''
  ) );
#5277 = ORIENTED_EDGE('',*,*,#727,.F.);
#5278 = ORIENTED_EDGE('',*,*,#5279,.F.);
#5279 = EDGE_CURVE('',#5280,#728,#5282,.T.);
#5280 = VERTEX_POINT('',#5281);
#5281 = CARTESIAN_POINT('',(-17.34165805912,-54.20788439221,
    75.467461269681));
#5282 = SURFACE_CURVE('',#5283,(#5288,#5295),.PCURVE_S1.);
#5283 = CIRCLE('',#5284,1.85);
#5284 = AXIS2_PLACEMENT_3D('',#5285,#5286,#5287);
#5285 = CARTESIAN_POINT('',(-15.49165805912,-54.20788439221,
    75.467461269681));
#5286 = DIRECTION('',(5.546778314436E-16,-1.,3.86106458461E-15));
#5287 = DIRECTION('',(1.,5.546778314436E-16,-1.64473469566E-16));
#5288 = PCURVE('',#755,#5289);
#5289 = DEFINITIONAL_REPRESENTATION('',(#5290),#5294);
#5290 = LINE('',#5291,#5292);
#5291 = CARTESIAN_POINT('',(6.28318530718,-0.2));
#5292 = VECTOR('',#5293,1.);
#5293 = DIRECTION('',(-1.,-1.514096542134E-14));
#5294 = ( GEOMETRIC_REPRESENTATION_CONTEXT(2) 
PARAMETRIC_REPRESENTATION_CONTEXT() REPRESENTATION_CONTEXT('2D SPACE',''
  ) );
#5295 = PCURVE('',#5296,#5301);
#5296 = PLANE('',#5297);
#5297 = AXIS2_PLACEMENT_3D('',#5298,#5299,#5300);
#5298 = CARTESIAN_POINT('',(8.341940873662E-03,-54.20788439221,
    59.967461269681));
#5299 = DIRECTION('',(-5.546778314436E-16,1.,-3.86106458461E-15));
#5300 = DIRECTION('',(-1.,-5.546778314436E-16,1.64473469566E-16));
#5301 = DEFINITIONAL_REPRESENTATION('',(#5302),#5310);
#5302 = ( BOUNDED_CURVE() B_SPLINE_CURVE(2,(#5303,#5304,#5305,#5306,
#5307,#5308,#5309),.UNSPECIFIED.,.T.,.F.) B_SPLINE_CURVE_WITH_KNOTS((1,2
    ,2,2,2,1),(-2.094395102393,0.,2.094395102393,4.188790204786,
6.28318530718,8.377580409573),.UNSPECIFIED.) CURVE() 
GEOMETRIC_REPRESENTATION_ITEM() RATIONAL_B_SPLINE_CURVE((1.,0.5,1.,0.5,
1.,0.5,1.)) REPRESENTATION_ITEM('') );
#5303 = CARTESIAN_POINT('',(13.65,15.5));
#5304 = CARTESIAN_POINT('',(13.65,18.704293994002));
#5305 = CARTESIAN_POINT('',(16.425,17.102146997001));
#5306 = CARTESIAN_POINT('',(19.2,15.5));
#5307 = CARTESIAN_POINT('',(16.425,13.897853002999));
#5308 = CARTESIAN_POINT('',(13.65,12.295706005998));
#5309 = CARTESIAN_POINT('',(13.65,15.5));
#5310 = ( GEOMETRIC_REPRESENTATION_CONTEXT(2) 
PARAMETRIC_REPRESENTATION_CONTEXT() REPRESENTATION_CONTEXT('2D SPACE',''
  ) );
#5311 = ORIENTED_EDGE('',*,*,#5312,.T.);
#5312 = EDGE_CURVE('',#5280,#1553,#5313,.T.);
#5313 = SEAM_CURVE('',#5314,(#5318,#5325),.PCURVE_S1.);
#5314 = LINE('',#5315,#5316);
#5315 = CARTESIAN_POINT('',(-17.34165805912,-54.00788439221,
    75.467461269681));
#5316 = VECTOR('',#5317,1.);
#5317 = DIRECTION('',(-5.546778314436E-16,1.,-3.86106458461E-15));
#5318 = PCURVE('',#755,#5319);
#5319 = DEFINITIONAL_REPRESENTATION('',(#5320),#5324);
#5320 = LINE('',#5321,#5322);
#5321 = CARTESIAN_POINT('',(3.14159265359,0.));
#5322 = VECTOR('',#5323,1.);
#5323 = DIRECTION('',(8.388351741612E-16,1.));
#5324 = ( GEOMETRIC_REPRESENTATION_CONTEXT(2) 
PARAMETRIC_REPRESENTATION_CONTEXT() REPRESENTATION_CONTEXT('2D SPACE',''
  ) );
#5325 = PCURVE('',#755,#5326);
#5326 = DEFINITIONAL_REPRESENTATION('',(#5327),#5331);
#5327 = LINE('',#5328,#5329);
#5328 = CARTESIAN_POINT('',(-3.14159265359,0.));
#5329 = VECTOR('',#5330,1.);
#5330 = DIRECTION('',(8.388351741612E-16,1.));
#5331 = ( GEOMETRIC_REPRESENTATION_CONTEXT(2) 
PARAMETRIC_REPRESENTATION_CONTEXT() REPRESENTATION_CONTEXT('2D SPACE',''
  ) );
#5332 = ORIENTED_EDGE('',*,*,#1552,.T.);
#5333 = ORIENTED_EDGE('',*,*,#5312,.F.);
#5334 = ORIENTED_EDGE('',*,*,#5335,.F.);
#5335 = EDGE_CURVE('',#825,#5280,#5336,.T.);
#5336 = SURFACE_CURVE('',#5337,(#5342,#5349),.PCURVE_S1.);
#5337 = CIRCLE('',#5338,1.85);
#5338 = AXIS2_PLACEMENT_3D('',#5339,#5340,#5341);
#5339 = CARTESIAN_POINT('',(-15.49165805912,-54.20788439221,
    75.467461269681));
#5340 = DIRECTION('',(5.546778314436E-16,-1.,3.86106458461E-15));
#5341 = DIRECTION('',(1.,5.546778314436E-16,-1.64473469566E-16));
#5342 = PCURVE('',#755,#5343);
#5343 = DEFINITIONAL_REPRESENTATION('',(#5344),#5348);
#5344 = LINE('',#5345,#5346);
#5345 = CARTESIAN_POINT('',(2.6645352591E-15,-0.2));
#5346 = VECTOR('',#5347,1.);
#5347 = DIRECTION('',(-1.,0.));
#5348 = ( GEOMETRIC_REPRESENTATION_CONTEXT(2) 
PARAMETRIC_REPRESENTATION_CONTEXT() REPRESENTATION_CONTEXT('2D SPACE',''
  ) );
#5349 = PCURVE('',#5296,#5350);
#5350 = DEFINITIONAL_REPRESENTATION('',(#5351),#5359);
#5351 = ( BOUNDED_CURVE() B_SPLINE_CURVE(2,(#5352,#5353,#5354,#5355,
#5356,#5357,#5358),.UNSPECIFIED.,.T.,.F.) B_SPLINE_CURVE_WITH_KNOTS((1,2
    ,2,2,2,1),(-2.094395102393,0.,2.094395102393,4.188790204786,
6.28318530718,8.377580409573),.UNSPECIFIED.) CURVE() 
GEOMETRIC_REPRESENTATION_ITEM() RATIONAL_B_SPLINE_CURVE((1.,0.5,1.,0.5,
1.,0.5,1.)) REPRESENTATION_ITEM('') );
#5352 = CARTESIAN_POINT('',(13.65,15.5));
#5353 = CARTESIAN_POINT('',(13.65,18.704293994002));
#5354 = CARTESIAN_POINT('',(16.425,17.102146997001));
#5355 = CARTESIAN_POINT('',(19.2,15.5));
#5356 = CARTESIAN_POINT('',(16.425,13.897853002999));
#5357 = CARTESIAN_POINT('',(13.65,12.295706005998));
#5358 = CARTESIAN_POINT('',(13.65,15.5));
#5359 = ( GEOMETRIC_REPRESENTATION_CONTEXT(2) 
PARAMETRIC_REPRESENTATION_CONTEXT() REPRESENTATION_CONTEXT('2D SPACE',''
  ) );
#5360 = ORIENTED_EDGE('',*,*,#854,.F.);
#5361 = ORIENTED_EDGE('',*,*,#5362,.F.);
#5362 = EDGE_CURVE('',#5363,#855,#5365,.T.);
#5363 = VERTEX_POINT('',#5364);
#5364 = CARTESIAN_POINT('',(-16.32831808566,-54.00788439221,
    77.117461269681));
#5365 = SURFACE_CURVE('',#5366,(#5370,#5377),.PCURVE_S1.);
#5366 = LINE('',#5367,#5368);
#5367 = CARTESIAN_POINT('',(-16.32831808566,-54.00788439221,
    77.117461269681));
#5368 = VECTOR('',#5369,1.);
#5369 = DIRECTION('',(5.546778314436E-16,-1.,3.86106458461E-15));
#5370 = PCURVE('',#755,#5371);
#5371 = DEFINITIONAL_REPRESENTATION('',(#5372),#5376);
#5372 = LINE('',#5373,#5374);
#5373 = CARTESIAN_POINT('',(-2.040081287157,-7.105427357601E-15));
#5374 = VECTOR('',#5375,1.);
#5375 = DIRECTION('',(0.,-1.));
#5376 = ( GEOMETRIC_REPRESENTATION_CONTEXT(2) 
PARAMETRIC_REPRESENTATION_CONTEXT() REPRESENTATION_CONTEXT('2D SPACE',''
  ) );
#5377 = PCURVE('',#896,#5378);
#5378 = DEFINITIONAL_REPRESENTATION('',(#5379),#5383);
#5379 = LINE('',#5380,#5381);
#5380 = CARTESIAN_POINT('',(-1.809170510424E-15,3.261660026534));
#5381 = VECTOR('',#5382,1.);
#5382 = DIRECTION('',(1.,4.339700953352E-32));
#5383 = ( GEOMETRIC_REPRESENTATION_CONTEXT(2) 
PARAMETRIC_REPRESENTATION_CONTEXT() REPRESENTATION_CONTEXT('2D SPACE',''
  ) );
#5384 = ORIENTED_EDGE('',*,*,#5385,.F.);
#5385 = EDGE_CURVE('',#5386,#5363,#5388,.T.);
#5386 = VERTEX_POINT('',#5387);
#5387 = CARTESIAN_POINT('',(-14.65499803259,-54.00788439221,
    77.117461269681));
#5388 = SURFACE_CURVE('',#5389,(#5394,#5401),.PCURVE_S1.);
#5389 = CIRCLE('',#5390,1.85);
#5390 = AXIS2_PLACEMENT_3D('',#5391,#5392,#5393);
#5391 = CARTESIAN_POINT('',(-15.49165805912,-54.00788439221,
    75.467461269681));
#5392 = DIRECTION('',(5.546778314436E-16,-1.,3.86106458461E-15));
#5393 = DIRECTION('',(1.,5.546778314436E-16,-1.64473469566E-16));
#5394 = PCURVE('',#755,#5395);
#5395 = DEFINITIONAL_REPRESENTATION('',(#5396),#5400);
#5396 = LINE('',#5397,#5398);
#5397 = CARTESIAN_POINT('',(0.,0.));
#5398 = VECTOR('',#5399,1.);
#5399 = DIRECTION('',(-1.,0.));
#5400 = ( GEOMETRIC_REPRESENTATION_CONTEXT(2) 
PARAMETRIC_REPRESENTATION_CONTEXT() REPRESENTATION_CONTEXT('2D SPACE',''
  ) );
#5401 = PCURVE('',#5402,#5407);
#5402 = PLANE('',#5403);
#5403 = AXIS2_PLACEMENT_3D('',#5404,#5405,#5406);
#5404 = CARTESIAN_POINT('',(8.341940873662E-03,-54.00788439221,
    59.967461269681));
#5405 = DIRECTION('',(-5.546778314436E-16,1.,-3.86106458461E-15));
#5406 = DIRECTION('',(-1.,-5.546778314436E-16,1.64473469566E-16));
#5407 = DEFINITIONAL_REPRESENTATION('',(#5408),#5416);
#5408 = ( BOUNDED_CURVE() B_SPLINE_CURVE(2,(#5409,#5410,#5411,#5412,
#5413,#5414,#5415),.UNSPECIFIED.,.T.,.F.) B_SPLINE_CURVE_WITH_KNOTS((1,2
    ,2,2,2,1),(-2.094395102393,0.,2.094395102393,4.188790204786,
6.28318530718,8.377580409573),.UNSPECIFIED.) CURVE() 
GEOMETRIC_REPRESENTATION_ITEM() RATIONAL_B_SPLINE_CURVE((1.,0.5,1.,0.5,
1.,0.5,1.)) REPRESENTATION_ITEM('') );
#5409 = CARTESIAN_POINT('',(13.65,15.5));
#5410 = CARTESIAN_POINT('',(13.65,18.704293994002));
#5411 = CARTESIAN_POINT('',(16.425,17.102146997001));
#5412 = CARTESIAN_POINT('',(19.2,15.5));
#5413 = CARTESIAN_POINT('',(16.425,13.897853002999));
#5414 = CARTESIAN_POINT('',(13.65,12.295706005998));
#5415 = CARTESIAN_POINT('',(13.65,15.5));
#5416 = ( GEOMETRIC_REPRESENTATION_CONTEXT(2) 
PARAMETRIC_REPRESENTATION_CONTEXT() REPRESENTATION_CONTEXT('2D SPACE',''
  ) );
#5417 = ORIENTED_EDGE('',*,*,#5418,.F.);
#5418 = EDGE_CURVE('',#1001,#5386,#5419,.T.);
#5419 = SURFACE_CURVE('',#5420,(#5424,#5431),.PCURVE_S1.);
#5420 = LINE('',#5421,#5422);
#5421 = CARTESIAN_POINT('',(-14.65499803259,-54.00788439221,
    77.117461269681));
#5422 = VECTOR('',#5423,1.);
#5423 = DIRECTION('',(-5.546778314436E-16,1.,-3.86106458461E-15));
#5424 = PCURVE('',#755,#5425);
#5425 = DEFINITIONAL_REPRESENTATION('',(#5426),#5430);
#5426 = LINE('',#5427,#5428);
#5427 = CARTESIAN_POINT('',(-1.101511366433,-7.105427357601E-15));
#5428 = VECTOR('',#5429,1.);
#5429 = DIRECTION('',(0.,1.));
#5430 = ( GEOMETRIC_REPRESENTATION_CONTEXT(2) 
PARAMETRIC_REPRESENTATION_CONTEXT() REPRESENTATION_CONTEXT('2D SPACE',''
  ) );
#5431 = PCURVE('',#896,#5432);
#5432 = DEFINITIONAL_REPRESENTATION('',(#5433),#5437);
#5433 = LINE('',#5434,#5435);
#5434 = CARTESIAN_POINT('',(-8.810169720773E-16,1.588339973466));
#5435 = VECTOR('',#5436,1.);
#5436 = DIRECTION('',(-1.,-4.339700953352E-32));
#5437 = ( GEOMETRIC_REPRESENTATION_CONTEXT(2) 
PARAMETRIC_REPRESENTATION_CONTEXT() REPRESENTATION_CONTEXT('2D SPACE',''
  ) );
#5438 = ORIENTED_EDGE('',*,*,#998,.F.);
#5439 = ORIENTED_EDGE('',*,*,#5440,.F.);
#5440 = EDGE_CURVE('',#912,#999,#5441,.T.);
#5441 = SURFACE_CURVE('',#5442,(#5447,#5454),.PCURVE_S1.);
#5442 = CIRCLE('',#5443,1.85);
#5443 = AXIS2_PLACEMENT_3D('',#5444,#5445,#5446);
#5444 = CARTESIAN_POINT('',(-15.49165805912,-54.20788439221,
    75.467461269681));
#5445 = DIRECTION('',(5.546778314436E-16,-1.,3.86106458461E-15));
#5446 = DIRECTION('',(1.,5.546778314436E-16,-1.64473469566E-16));
#5447 = PCURVE('',#755,#5448);
#5448 = DEFINITIONAL_REPRESENTATION('',(#5449),#5453);
#5449 = LINE('',#5450,#5451);
#5450 = CARTESIAN_POINT('',(6.28318530718,-0.2));
#5451 = VECTOR('',#5452,1.);
#5452 = DIRECTION('',(-1.,7.57048271067E-15));
#5453 = ( GEOMETRIC_REPRESENTATION_CONTEXT(2) 
PARAMETRIC_REPRESENTATION_CONTEXT() REPRESENTATION_CONTEXT('2D SPACE',''
  ) );
#5454 = PCURVE('',#5455,#5460);
#5455 = PLANE('',#5456);
#5456 = AXIS2_PLACEMENT_3D('',#5457,#5458,#5459);
#5457 = CARTESIAN_POINT('',(8.341940873662E-03,-54.20788439221,
    59.967461269681));
#5458 = DIRECTION('',(-5.546778314436E-16,1.,-3.86106458461E-15));
#5459 = DIRECTION('',(-1.,-5.546778314436E-16,1.64473469566E-16));
#5460 = DEFINITIONAL_REPRESENTATION('',(#5461),#5469);
#5461 = ( BOUNDED_CURVE() B_SPLINE_CURVE(2,(#5462,#5463,#5464,#5465,
#5466,#5467,#5468),.UNSPECIFIED.,.T.,.F.) B_SPLINE_CURVE_WITH_KNOTS((1,2
    ,2,2,2,1),(-2.094395102393,0.,2.094395102393,4.188790204786,
6.28318530718,8.377580409573),.UNSPECIFIED.) CURVE() 
GEOMETRIC_REPRESENTATION_ITEM() RATIONAL_B_SPLINE_CURVE((1.,0.5,1.,0.5,
1.,0.5,1.)) REPRESENTATION_ITEM('') );
#5462 = CARTESIAN_POINT('',(13.65,15.5));
#5463 = CARTESIAN_POINT('',(13.65,18.704293994002));
#5464 = CARTESIAN_POINT('',(16.425,17.102146997001));
#5465 = CARTESIAN_POINT('',(19.2,15.5));
#5466 = CARTESIAN_POINT('',(16.425,13.897853002999));
#5467 = CARTESIAN_POINT('',(13.65,12.295706005998));
#5468 = CARTESIAN_POINT('',(13.65,15.5));
#5469 = ( GEOMETRIC_REPRESENTATION_CONTEXT(2) 
PARAMETRIC_REPRESENTATION_CONTEXT() REPRESENTATION_CONTEXT('2D SPACE',''
  ) );
#5470 = ORIENTED_EDGE('',*,*,#946,.F.);
#5471 = ADVANCED_FACE('',(#5472),#430,.F.);
#5472 = FACE_BOUND('',#5473,.F.);
#5473 = EDGE_LOOP('',(#5474,#5497,#5498,#5529,#5530,#5553,#5586,#5607,
    #5608,#5609,#5637,#5658,#5659,#5690,#5691,#5714));
#5474 = ORIENTED_EDGE('',*,*,#5475,.F.);
#5475 = EDGE_CURVE('',#474,#5476,#5478,.T.);
#5476 = VERTEX_POINT('',#5477);
#5477 = CARTESIAN_POINT('',(-13.84165805912,-54.00788439221,
    43.630801243147));
#5478 = SURFACE_CURVE('',#5479,(#5483,#5490),.PCURVE_S1.);
#5479 = LINE('',#5480,#5481);
#5480 = CARTESIAN_POINT('',(-13.84165805912,-54.00788439221,
    43.630801243147));
#5481 = VECTOR('',#5482,1.);
#5482 = DIRECTION('',(-5.546778314436E-16,1.,-3.86106458461E-15));
#5483 = PCURVE('',#430,#5484);
#5484 = DEFINITIONAL_REPRESENTATION('',(#5485),#5489);
#5485 = LINE('',#5486,#5487);
#5486 = CARTESIAN_POINT('',(0.469284960362,0.));
#5487 = VECTOR('',#5488,1.);
#5488 = DIRECTION('',(0.,1.));
#5489 = ( GEOMETRIC_REPRESENTATION_CONTEXT(2) 
PARAMETRIC_REPRESENTATION_CONTEXT() REPRESENTATION_CONTEXT('2D SPACE',''
  ) );
#5490 = PCURVE('',#543,#5491);
#5491 = DEFINITIONAL_REPRESENTATION('',(#5492),#5496);
#5492 = LINE('',#5493,#5494);
#5493 = CARTESIAN_POINT('',(-0.836660026534,3.230398397809E-15));
#5494 = VECTOR('',#5495,1.);
#5495 = DIRECTION('',(0.,1.));
#5496 = ( GEOMETRIC_REPRESENTATION_CONTEXT(2) 
PARAMETRIC_REPRESENTATION_CONTEXT() REPRESENTATION_CONTEXT('2D SPACE',''
  ) );
#5497 = ORIENTED_EDGE('',*,*,#471,.F.);
#5498 = ORIENTED_EDGE('',*,*,#5499,.F.);
#5499 = EDGE_CURVE('',#375,#472,#5500,.T.);
#5500 = SURFACE_CURVE('',#5501,(#5506,#5513),.PCURVE_S1.);
#5501 = CIRCLE('',#5502,1.85);
#5502 = AXIS2_PLACEMENT_3D('',#5503,#5504,#5505);
#5503 = CARTESIAN_POINT('',(-15.49165805912,-54.20788439221,
    44.467461269681));
#5504 = DIRECTION('',(5.546778314436E-16,-1.,3.86106458461E-15));
#5505 = DIRECTION('',(1.,5.546778314436E-16,-1.64473469566E-16));
#5506 = PCURVE('',#430,#5507);
#5507 = DEFINITIONAL_REPRESENTATION('',(#5508),#5512);
#5508 = LINE('',#5509,#5510);
#5509 = CARTESIAN_POINT('',(6.28318530718,-0.2));
#5510 = VECTOR('',#5511,1.);
#5511 = DIRECTION('',(-1.,0.));
#5512 = ( GEOMETRIC_REPRESENTATION_CONTEXT(2) 
PARAMETRIC_REPRESENTATION_CONTEXT() REPRESENTATION_CONTEXT('2D SPACE',''
  ) );
#5513 = PCURVE('',#5514,#5519);
#5514 = PLANE('',#5515);
#5515 = AXIS2_PLACEMENT_3D('',#5516,#5517,#5518);
#5516 = CARTESIAN_POINT('',(8.341940873662E-03,-54.20788439221,
    59.967461269681));
#5517 = DIRECTION('',(-5.546778314436E-16,1.,-3.86106458461E-15));
#5518 = DIRECTION('',(-1.64473469566E-16,-3.86106458461E-15,-1.));
#5519 = DEFINITIONAL_REPRESENTATION('',(#5520),#5528);
#5520 = ( BOUNDED_CURVE() B_SPLINE_CURVE(2,(#5521,#5522,#5523,#5524,
#5525,#5526,#5527),.UNSPECIFIED.,.T.,.F.) B_SPLINE_CURVE_WITH_KNOTS((1,2
    ,2,2,2,1),(-2.094395102393,0.,2.094395102393,4.188790204786,
6.28318530718,8.377580409573),.UNSPECIFIED.) CURVE() 
GEOMETRIC_REPRESENTATION_ITEM() RATIONAL_B_SPLINE_CURVE((1.,0.5,1.,0.5,
1.,0.5,1.)) REPRESENTATION_ITEM('') );
#5521 = CARTESIAN_POINT('',(15.5,13.65));
#5522 = CARTESIAN_POINT('',(12.295706005998,13.65));
#5523 = CARTESIAN_POINT('',(13.897853002999,16.425));
#5524 = CARTESIAN_POINT('',(15.5,19.2));
#5525 = CARTESIAN_POINT('',(17.102146997001,16.425));
#5526 = CARTESIAN_POINT('',(18.704293994002,13.65));
#5527 = CARTESIAN_POINT('',(15.5,13.65));
#5528 = ( GEOMETRIC_REPRESENTATION_CONTEXT(2) 
PARAMETRIC_REPRESENTATION_CONTEXT() REPRESENTATION_CONTEXT('2D SPACE',''
  ) );
#5529 = ORIENTED_EDGE('',*,*,#409,.F.);
#5530 = ORIENTED_EDGE('',*,*,#5531,.F.);
#5531 = EDGE_CURVE('',#5532,#410,#5534,.T.);
#5532 = VERTEX_POINT('',#5533);
#5533 = CARTESIAN_POINT('',(-17.14165805912,-54.00788439221,
    43.630801243147));
#5534 = SURFACE_CURVE('',#5535,(#5539,#5546),.PCURVE_S1.);
#5535 = LINE('',#5536,#5537);
#5536 = CARTESIAN_POINT('',(-17.14165805912,-54.00788439221,
    43.630801243147));
#5537 = VECTOR('',#5538,1.);
#5538 = DIRECTION('',(5.546778314436E-16,-1.,3.86106458461E-15));
#5539 = PCURVE('',#430,#5540);
#5540 = DEFINITIONAL_REPRESENTATION('',(#5541),#5545);
#5541 = LINE('',#5542,#5543);
#5542 = CARTESIAN_POINT('',(2.672307693227,0.));
#5543 = VECTOR('',#5544,1.);
#5544 = DIRECTION('',(0.,-1.));
#5545 = ( GEOMETRIC_REPRESENTATION_CONTEXT(2) 
PARAMETRIC_REPRESENTATION_CONTEXT() REPRESENTATION_CONTEXT('2D SPACE',''
  ) );
#5546 = PCURVE('',#456,#5547);
#5547 = DEFINITIONAL_REPRESENTATION('',(#5548),#5552);
#5548 = LINE('',#5549,#5550);
#5549 = CARTESIAN_POINT('',(-1.259348001549E-14,3.261660026534));
#5550 = VECTOR('',#5551,1.);
#5551 = DIRECTION('',(1.,0.));
#5552 = ( GEOMETRIC_REPRESENTATION_CONTEXT(2) 
PARAMETRIC_REPRESENTATION_CONTEXT() REPRESENTATION_CONTEXT('2D SPACE',''
  ) );
#5553 = ORIENTED_EDGE('',*,*,#5554,.F.);
#5554 = EDGE_CURVE('',#5555,#5532,#5557,.T.);
#5555 = VERTEX_POINT('',#5556);
#5556 = CARTESIAN_POINT('',(-17.34165805912,-54.00788439221,
    44.467461269681));
#5557 = SURFACE_CURVE('',#5558,(#5563,#5570),.PCURVE_S1.);
#5558 = CIRCLE('',#5559,1.85);
#5559 = AXIS2_PLACEMENT_3D('',#5560,#5561,#5562);
#5560 = CARTESIAN_POINT('',(-15.49165805912,-54.00788439221,
    44.467461269681));
#5561 = DIRECTION('',(5.546778314436E-16,-1.,3.86106458461E-15));
#5562 = DIRECTION('',(1.,5.546778314436E-16,-1.64473469566E-16));
#5563 = PCURVE('',#430,#5564);
#5564 = DEFINITIONAL_REPRESENTATION('',(#5565),#5569);
#5565 = LINE('',#5566,#5567);
#5566 = CARTESIAN_POINT('',(6.28318530718,4.756674573594E-14));
#5567 = VECTOR('',#5568,1.);
#5568 = DIRECTION('',(-1.,-1.514096542134E-14));
#5569 = ( GEOMETRIC_REPRESENTATION_CONTEXT(2) 
PARAMETRIC_REPRESENTATION_CONTEXT() REPRESENTATION_CONTEXT('2D SPACE',''
  ) );
#5570 = PCURVE('',#5571,#5576);
#5571 = PLANE('',#5572);
#5572 = AXIS2_PLACEMENT_3D('',#5573,#5574,#5575);
#5573 = CARTESIAN_POINT('',(8.341940873662E-03,-54.00788439221,
    59.967461269681));
#5574 = DIRECTION('',(-5.546778314436E-16,1.,-3.86106458461E-15));
#5575 = DIRECTION('',(-1.64473469566E-16,-3.86106458461E-15,-1.));
#5576 = DEFINITIONAL_REPRESENTATION('',(#5577),#5585);
#5577 = ( BOUNDED_CURVE() B_SPLINE_CURVE(2,(#5578,#5579,#5580,#5581,
#5582,#5583,#5584),.UNSPECIFIED.,.T.,.F.) B_SPLINE_CURVE_WITH_KNOTS((1,2
    ,2,2,2,1),(-2.094395102393,0.,2.094395102393,4.188790204786,
6.28318530718,8.377580409573),.UNSPECIFIED.) CURVE() 
GEOMETRIC_REPRESENTATION_ITEM() RATIONAL_B_SPLINE_CURVE((1.,0.5,1.,0.5,
1.,0.5,1.)) REPRESENTATION_ITEM('') );
#5578 = CARTESIAN_POINT('',(15.5,13.65));
#5579 = CARTESIAN_POINT('',(12.295706005998,13.65));
#5580 = CARTESIAN_POINT('',(13.897853002999,16.425));
#5581 = CARTESIAN_POINT('',(15.5,19.2));
#5582 = CARTESIAN_POINT('',(17.102146997001,16.425));
#5583 = CARTESIAN_POINT('',(18.704293994002,13.65));
#5584 = CARTESIAN_POINT('',(15.5,13.65));
#5585 = ( GEOMETRIC_REPRESENTATION_CONTEXT(2) 
PARAMETRIC_REPRESENTATION_CONTEXT() REPRESENTATION_CONTEXT('2D SPACE',''
  ) );
#5586 = ORIENTED_EDGE('',*,*,#5587,.T.);
#5587 = EDGE_CURVE('',#5555,#1643,#5588,.T.);
#5588 = SEAM_CURVE('',#5589,(#5593,#5600),.PCURVE_S1.);
#5589 = LINE('',#5590,#5591);
#5590 = CARTESIAN_POINT('',(-17.34165805912,-54.00788439221,
    44.467461269681));
#5591 = VECTOR('',#5592,1.);
#5592 = DIRECTION('',(-5.546778314436E-16,1.,-3.86106458461E-15));
#5593 = PCURVE('',#430,#5594);
#5594 = DEFINITIONAL_REPRESENTATION('',(#5595),#5599);
#5595 = LINE('',#5596,#5597);
#5596 = CARTESIAN_POINT('',(3.14159265359,0.));
#5597 = VECTOR('',#5598,1.);
#5598 = DIRECTION('',(0.,1.));
#5599 = ( GEOMETRIC_REPRESENTATION_CONTEXT(2) 
PARAMETRIC_REPRESENTATION_CONTEXT() REPRESENTATION_CONTEXT('2D SPACE',''
  ) );
#5600 = PCURVE('',#430,#5601);
#5601 = DEFINITIONAL_REPRESENTATION('',(#5602),#5606);
#5602 = LINE('',#5603,#5604);
#5603 = CARTESIAN_POINT('',(-3.14159265359,0.));
#5604 = VECTOR('',#5605,1.);
#5605 = DIRECTION('',(0.,1.));
#5606 = ( GEOMETRIC_REPRESENTATION_CONTEXT(2) 
PARAMETRIC_REPRESENTATION_CONTEXT() REPRESENTATION_CONTEXT('2D SPACE',''
  ) );
#5607 = ORIENTED_EDGE('',*,*,#1642,.T.);
#5608 = ORIENTED_EDGE('',*,*,#5587,.F.);
#5609 = ORIENTED_EDGE('',*,*,#5610,.F.);
#5610 = EDGE_CURVE('',#5611,#5555,#5613,.T.);
#5611 = VERTEX_POINT('',#5612);
#5612 = CARTESIAN_POINT('',(-17.14165805912,-54.00788439221,
    45.304121296215));
#5613 = SURFACE_CURVE('',#5614,(#5619,#5626),.PCURVE_S1.);
#5614 = CIRCLE('',#5615,1.85);
#5615 = AXIS2_PLACEMENT_3D('',#5616,#5617,#5618);
#5616 = CARTESIAN_POINT('',(-15.49165805912,-54.00788439221,
    44.467461269681));
#5617 = DIRECTION('',(5.546778314436E-16,-1.,3.86106458461E-15));
#5618 = DIRECTION('',(1.,5.546778314436E-16,-1.64473469566E-16));
#5619 = PCURVE('',#430,#5620);
#5620 = DEFINITIONAL_REPRESENTATION('',(#5621),#5625);
#5621 = LINE('',#5622,#5623);
#5622 = CARTESIAN_POINT('',(0.,-4.756674573594E-14));
#5623 = VECTOR('',#5624,1.);
#5624 = DIRECTION('',(-1.,1.514096542134E-14));
#5625 = ( GEOMETRIC_REPRESENTATION_CONTEXT(2) 
PARAMETRIC_REPRESENTATION_CONTEXT() REPRESENTATION_CONTEXT('2D SPACE',''
  ) );
#5626 = PCURVE('',#5571,#5627);
#5627 = DEFINITIONAL_REPRESENTATION('',(#5628),#5636);
#5628 = ( BOUNDED_CURVE() B_SPLINE_CURVE(2,(#5629,#5630,#5631,#5632,
#5633,#5634,#5635),.UNSPECIFIED.,.T.,.F.) B_SPLINE_CURVE_WITH_KNOTS((1,2
    ,2,2,2,1),(-2.094395102393,0.,2.094395102393,4.188790204786,
6.28318530718,8.377580409573),.UNSPECIFIED.) CURVE() 
GEOMETRIC_REPRESENTATION_ITEM() RATIONAL_B_SPLINE_CURVE((1.,0.5,1.,0.5,
1.,0.5,1.)) REPRESENTATION_ITEM('') );
#5629 = CARTESIAN_POINT('',(15.5,13.65));
#5630 = CARTESIAN_POINT('',(12.295706005998,13.65));
#5631 = CARTESIAN_POINT('',(13.897853002999,16.425));
#5632 = CARTESIAN_POINT('',(15.5,19.2));
#5633 = CARTESIAN_POINT('',(17.102146997001,16.425));
#5634 = CARTESIAN_POINT('',(18.704293994002,13.65));
#5635 = CARTESIAN_POINT('',(15.5,13.65));
#5636 = ( GEOMETRIC_REPRESENTATION_CONTEXT(2) 
PARAMETRIC_REPRESENTATION_CONTEXT() REPRESENTATION_CONTEXT('2D SPACE',''
  ) );
#5637 = ORIENTED_EDGE('',*,*,#5638,.F.);
#5638 = EDGE_CURVE('',#648,#5611,#5639,.T.);
#5639 = SURFACE_CURVE('',#5640,(#5644,#5651),.PCURVE_S1.);
#5640 = LINE('',#5641,#5642);
#5641 = CARTESIAN_POINT('',(-17.14165805912,-54.00788439221,
    45.304121296215));
#5642 = VECTOR('',#5643,1.);
#5643 = DIRECTION('',(-5.546778314436E-16,1.,-3.86106458461E-15));
#5644 = PCURVE('',#430,#5645);
#5645 = DEFINITIONAL_REPRESENTATION('',(#5646),#5650);
#5646 = LINE('',#5647,#5648);
#5647 = CARTESIAN_POINT('',(-2.672307693227,-7.105427357601E-15));
#5648 = VECTOR('',#5649,1.);
#5649 = DIRECTION('',(0.,1.));
#5650 = ( GEOMETRIC_REPRESENTATION_CONTEXT(2) 
PARAMETRIC_REPRESENTATION_CONTEXT() REPRESENTATION_CONTEXT('2D SPACE',''
  ) );
#5651 = PCURVE('',#456,#5652);
#5652 = DEFINITIONAL_REPRESENTATION('',(#5653),#5657);
#5653 = LINE('',#5654,#5655);
#5654 = CARTESIAN_POINT('',(-6.132683219869E-15,1.588339973466));
#5655 = VECTOR('',#5656,1.);
#5656 = DIRECTION('',(-1.,0.));
#5657 = ( GEOMETRIC_REPRESENTATION_CONTEXT(2) 
PARAMETRIC_REPRESENTATION_CONTEXT() REPRESENTATION_CONTEXT('2D SPACE',''
  ) );
#5658 = ORIENTED_EDGE('',*,*,#645,.F.);
#5659 = ORIENTED_EDGE('',*,*,#5660,.F.);
#5660 = EDGE_CURVE('',#559,#646,#5661,.T.);
#5661 = SURFACE_CURVE('',#5662,(#5667,#5674),.PCURVE_S1.);
#5662 = CIRCLE('',#5663,1.85);
#5663 = AXIS2_PLACEMENT_3D('',#5664,#5665,#5666);
#5664 = CARTESIAN_POINT('',(-15.49165805912,-54.20788439221,
    44.467461269681));
#5665 = DIRECTION('',(5.546778314436E-16,-1.,3.86106458461E-15));
#5666 = DIRECTION('',(1.,5.546778314436E-16,-1.64473469566E-16));
#5667 = PCURVE('',#430,#5668);
#5668 = DEFINITIONAL_REPRESENTATION('',(#5669),#5673);
#5669 = LINE('',#5670,#5671);
#5670 = CARTESIAN_POINT('',(8.881784197001E-16,-0.2));
#5671 = VECTOR('',#5672,1.);
#5672 = DIRECTION('',(-1.,0.));
#5673 = ( GEOMETRIC_REPRESENTATION_CONTEXT(2) 
PARAMETRIC_REPRESENTATION_CONTEXT() REPRESENTATION_CONTEXT('2D SPACE',''
  ) );
#5674 = PCURVE('',#5675,#5680);
#5675 = PLANE('',#5676);
#5676 = AXIS2_PLACEMENT_3D('',#5677,#5678,#5679);
#5677 = CARTESIAN_POINT('',(8.341940873662E-03,-54.20788439221,
    59.967461269681));
#5678 = DIRECTION('',(-5.546778314436E-16,1.,-3.86106458461E-15));
#5679 = DIRECTION('',(-1.64473469566E-16,-3.86106458461E-15,-1.));
#5680 = DEFINITIONAL_REPRESENTATION('',(#5681),#5689);
#5681 = ( BOUNDED_CURVE() B_SPLINE_CURVE(2,(#5682,#5683,#5684,#5685,
#5686,#5687,#5688),.UNSPECIFIED.,.T.,.F.) B_SPLINE_CURVE_WITH_KNOTS((1,2
    ,2,2,2,1),(-2.094395102393,0.,2.094395102393,4.188790204786,
6.28318530718,8.377580409573),.UNSPECIFIED.) CURVE() 
GEOMETRIC_REPRESENTATION_ITEM() RATIONAL_B_SPLINE_CURVE((1.,0.5,1.,0.5,
1.,0.5,1.)) REPRESENTATION_ITEM('') );
#5682 = CARTESIAN_POINT('',(15.5,13.65));
#5683 = CARTESIAN_POINT('',(12.295706005998,13.65));
#5684 = CARTESIAN_POINT('',(13.897853002999,16.425));
#5685 = CARTESIAN_POINT('',(15.5,19.2));
#5686 = CARTESIAN_POINT('',(17.102146997001,16.425));
#5687 = CARTESIAN_POINT('',(18.704293994002,13.65));
#5688 = CARTESIAN_POINT('',(15.5,13.65));
#5689 = ( GEOMETRIC_REPRESENTATION_CONTEXT(2) 
PARAMETRIC_REPRESENTATION_CONTEXT() REPRESENTATION_CONTEXT('2D SPACE',''
  ) );
#5690 = ORIENTED_EDGE('',*,*,#593,.F.);
#5691 = ORIENTED_EDGE('',*,*,#5692,.F.);
#5692 = EDGE_CURVE('',#5693,#594,#5695,.T.);
#5693 = VERTEX_POINT('',#5694);
#5694 = CARTESIAN_POINT('',(-13.84165805912,-54.00788439221,
    45.304121296215));
#5695 = SURFACE_CURVE('',#5696,(#5700,#5707),.PCURVE_S1.);
#5696 = LINE('',#5697,#5698);
#5697 = CARTESIAN_POINT('',(-13.84165805912,-54.00788439221,
    45.304121296215));
#5698 = VECTOR('',#5699,1.);
#5699 = DIRECTION('',(5.546778314436E-16,-1.,3.86106458461E-15));
#5700 = PCURVE('',#430,#5701);
#5701 = DEFINITIONAL_REPRESENTATION('',(#5702),#5706);
#5702 = LINE('',#5703,#5704);
#5703 = CARTESIAN_POINT('',(-0.469284960362,-7.105427357601E-15));
#5704 = VECTOR('',#5705,1.);
#5705 = DIRECTION('',(0.,-1.));
#5706 = ( GEOMETRIC_REPRESENTATION_CONTEXT(2) 
PARAMETRIC_REPRESENTATION_CONTEXT() REPRESENTATION_CONTEXT('2D SPACE',''
  ) );
#5707 = PCURVE('',#543,#5708);
#5708 = DEFINITIONAL_REPRESENTATION('',(#5709),#5713);
#5709 = LINE('',#5710,#5711);
#5710 = CARTESIAN_POINT('',(0.836660026534,-3.230398397809E-15));
#5711 = VECTOR('',#5712,1.);
#5712 = DIRECTION('',(0.,-1.));
#5713 = ( GEOMETRIC_REPRESENTATION_CONTEXT(2) 
PARAMETRIC_REPRESENTATION_CONTEXT() REPRESENTATION_CONTEXT('2D SPACE',''
  ) );
#5714 = ORIENTED_EDGE('',*,*,#5715,.F.);
#5715 = EDGE_CURVE('',#5476,#5693,#5716,.T.);
#5716 = SURFACE_CURVE('',#5717,(#5722,#5729),.PCURVE_S1.);
#5717 = CIRCLE('',#5718,1.85);
#5718 = AXIS2_PLACEMENT_3D('',#5719,#5720,#5721);
#5719 = CARTESIAN_POINT('',(-15.49165805912,-54.00788439221,
    44.467461269681));
#5720 = DIRECTION('',(5.546778314436E-16,-1.,3.86106458461E-15));
#5721 = DIRECTION('',(1.,5.546778314436E-16,-1.64473469566E-16));
#5722 = PCURVE('',#430,#5723);
#5723 = DEFINITIONAL_REPRESENTATION('',(#5724),#5728);
#5724 = LINE('',#5725,#5726);
#5725 = CARTESIAN_POINT('',(6.28318530718,0.));
#5726 = VECTOR('',#5727,1.);
#5727 = DIRECTION('',(-1.,0.));
#5728 = ( GEOMETRIC_REPRESENTATION_CONTEXT(2) 
PARAMETRIC_REPRESENTATION_CONTEXT() REPRESENTATION_CONTEXT('2D SPACE',''
  ) );
#5729 = PCURVE('',#5730,#5735);
#5730 = PLANE('',#5731);
#5731 = AXIS2_PLACEMENT_3D('',#5732,#5733,#5734);
#5732 = CARTESIAN_POINT('',(8.341940873662E-03,-54.00788439221,
    59.967461269681));
#5733 = DIRECTION('',(-5.546778314436E-16,1.,-3.86106458461E-15));
#5734 = DIRECTION('',(-1.64473469566E-16,-3.86106458461E-15,-1.));
#5735 = DEFINITIONAL_REPRESENTATION('',(#5736),#5744);
#5736 = ( BOUNDED_CURVE() B_SPLINE_CURVE(2,(#5737,#5738,#5739,#5740,
#5741,#5742,#5743),.UNSPECIFIED.,.T.,.F.) B_SPLINE_CURVE_WITH_KNOTS((1,2
    ,2,2,2,1),(-2.094395102393,0.,2.094395102393,4.188790204786,
6.28318530718,8.377580409573),.UNSPECIFIED.) CURVE() 
GEOMETRIC_REPRESENTATION_ITEM() RATIONAL_B_SPLINE_CURVE((1.,0.5,1.,0.5,
1.,0.5,1.)) REPRESENTATION_ITEM('') );
#5737 = CARTESIAN_POINT('',(15.5,13.65));
#5738 = CARTESIAN_POINT('',(12.295706005998,13.65));
#5739 = CARTESIAN_POINT('',(13.897853002999,16.425));
#5740 = CARTESIAN_POINT('',(15.5,19.2));
#5741 = CARTESIAN_POINT('',(17.102146997001,16.425));
#5742 = CARTESIAN_POINT('',(18.704293994002,13.65));
#5743 = CARTESIAN_POINT('',(15.5,13.65));
#5744 = ( GEOMETRIC_REPRESENTATION_CONTEXT(2) 
PARAMETRIC_REPRESENTATION_CONTEXT() REPRESENTATION_CONTEXT('2D SPACE',''
  ) );
#5745 = ADVANCED_FACE('',(#5746),#5782,.T.);
#5746 = FACE_BOUND('',#5747,.T.);
#5747 = EDGE_LOOP('',(#5748,#5821,#5844));
#5748 = ORIENTED_EDGE('',*,*,#5749,.T.);
#5749 = EDGE_CURVE('',#5750,#5752,#5754,.T.);
#5750 = VERTEX_POINT('',#5751);
#5751 = CARTESIAN_POINT('',(-17.14165805912,-54.40788439221,
    44.467461269681));
#5752 = VERTEX_POINT('',#5753);
#5753 = CARTESIAN_POINT('',(-15.49165805912,-54.40788439221,
    42.817461269681));
#5754 = SURFACE_CURVE('',#5755,(#5781,#5815),.PCURVE_S1.);
#5755 = B_SPLINE_CURVE_WITH_KNOTS('',3,(#5756,#5757,#5758,#5759,#5760,
    #5761,#5762,#5763,#5764,#5765,#5766,#5767,#5768,#5769,#5770,#5771,
    #5772,#5773,#5774,#5775,#5776,#5777,#5778,#5779,#5780),
  .UNSPECIFIED.,.F.,.F.,(4,3,3,3,3,3,3,3,4),(-0.259747603063,
    -0.22727927768,-0.194810952297,-0.162342626914,-0.129874301531,
    -9.74059761485E-02,-6.49376507657E-02,-3.246932538291E-02,
    -1.000000127982E-06),.UNSPECIFIED.);
#5756 = CARTESIAN_POINT('',(-17.14165805912,-54.40788439221,
    44.467461269683));
#5757 = CARTESIAN_POINT('',(-17.14165805912,-54.40788439221,
    44.359469918015));
#5758 = CARTESIAN_POINT('',(-17.13102183912,-54.40788439221,
    44.251478566348));
#5759 = CARTESIAN_POINT('',(-17.10995377146,-54.40788439221,
    44.145562238348));
#5760 = CARTESIAN_POINT('',(-17.08888570379,-54.40788439221,
    44.039645910348));
#5761 = CARTESIAN_POINT('',(-17.05738578846,-54.40788439221,
    43.935804606015));
#5762 = CARTESIAN_POINT('',(-17.01605928746,-54.40788439221,
    43.836033606515));
#5763 = CARTESIAN_POINT('',(-16.97473278646,-54.40788439221,
    43.736262607015));
#5764 = CARTESIAN_POINT('',(-16.92357969979,-54.40788439221,
    43.640561912348));
#5765 = CARTESIAN_POINT('',(-16.86358291946,-54.40788439221,
    43.550770385015));
#5766 = CARTESIAN_POINT('',(-16.80358613912,-54.40788439221,
    43.460978857681));
#5767 = CARTESIAN_POINT('',(-16.73474566512,-54.40788439221,
    43.377096497681));
#5768 = CARTESIAN_POINT('',(-16.65838424812,-54.40788439221,
    43.300735080681));
#5769 = CARTESIAN_POINT('',(-16.58202283112,-54.40788439221,
    43.224373663681));
#5770 = CARTESIAN_POINT('',(-16.49814047112,-54.40788439221,
    43.155533189681));
#5771 = CARTESIAN_POINT('',(-16.40834894379,-54.40788439221,
    43.095536409348));
#5772 = CARTESIAN_POINT('',(-16.31855741646,-54.40788439221,
    43.035539629015));
#5773 = CARTESIAN_POINT('',(-16.22285672179,-54.40788439221,
    42.984386542348));
#5774 = CARTESIAN_POINT('',(-16.12308572229,-54.40788439221,
    42.943060041348));
#5775 = CARTESIAN_POINT('',(-16.02331472279,-54.40788439221,
    42.901733540348));
#5776 = CARTESIAN_POINT('',(-15.91947341846,-54.40788439221,
    42.870233625015));
#5777 = CARTESIAN_POINT('',(-15.81355709046,-54.40788439221,
    42.849165557348));
#5778 = CARTESIAN_POINT('',(-15.70764076246,-54.40788439221,
    42.828097489681));
#5779 = CARTESIAN_POINT('',(-15.59964941079,-54.40788439221,
    42.817461269681));
#5780 = CARTESIAN_POINT('',(-15.49165805912,-54.40788439221,
    42.817461269681));
#5781 = PCURVE('',#5782,#5787);
#5782 = PLANE('',#5783);
#5783 = AXIS2_PLACEMENT_3D('',#5784,#5785,#5786);
#5784 = CARTESIAN_POINT('',(8.341940873663E-03,-54.40788439221,
    59.967461269681));
#5785 = DIRECTION('',(-5.546778314436E-16,1.,-3.86106458461E-15));
#5786 = DIRECTION('',(1.,5.546778314436E-16,-1.64473469566E-16));
#5787 = DEFINITIONAL_REPRESENTATION('',(#5788),#5814);
#5788 = B_SPLINE_CURVE_WITH_KNOTS('',3,(#5789,#5790,#5791,#5792,#5793,
    #5794,#5795,#5796,#5797,#5798,#5799,#5800,#5801,#5802,#5803,#5804,
    #5805,#5806,#5807,#5808,#5809,#5810,#5811,#5812,#5813),
  .UNSPECIFIED.,.F.,.F.,(4,3,3,3,3,3,3,3,4),(-0.259747603063,
    -0.22727927768,-0.194810952297,-0.162342626914,-0.129874301531,
    -9.74059761485E-02,-6.49376507657E-02,-3.246932538291E-02,
    -1.000000127982E-06),.UNSPECIFIED.);
#5789 = CARTESIAN_POINT('',(-17.15,15.499999999999));
#5790 = CARTESIAN_POINT('',(-17.15,15.607991351666));
#5791 = CARTESIAN_POINT('',(-17.13936378,15.715982703333));
#5792 = CARTESIAN_POINT('',(-17.11829571233,15.821899031333));
#5793 = CARTESIAN_POINT('',(-17.09722764466,15.927815359333));
#5794 = CARTESIAN_POINT('',(-17.06572772933,16.031656663667));
#5795 = CARTESIAN_POINT('',(-17.02440122833,16.131427663167));
#5796 = CARTESIAN_POINT('',(-16.98307472733,16.231198662667));
#5797 = CARTESIAN_POINT('',(-16.93192164066,16.326899357333));
#5798 = CARTESIAN_POINT('',(-16.87192486033,16.416690884667));
#5799 = CARTESIAN_POINT('',(-16.81192808,16.506482412));
#5800 = CARTESIAN_POINT('',(-16.743087606,16.590364772));
#5801 = CARTESIAN_POINT('',(-16.666726189,16.666726189));
#5802 = CARTESIAN_POINT('',(-16.590364772,16.743087606));
#5803 = CARTESIAN_POINT('',(-16.506482412,16.81192808));
#5804 = CARTESIAN_POINT('',(-16.41669088466,16.871924860333));
#5805 = CARTESIAN_POINT('',(-16.32689935733,16.931921640667));
#5806 = CARTESIAN_POINT('',(-16.23119866266,16.983074727333));
#5807 = CARTESIAN_POINT('',(-16.13142766316,17.024401228333));
#5808 = CARTESIAN_POINT('',(-16.03165666366,17.065727729333));
#5809 = CARTESIAN_POINT('',(-15.92781535933,17.097227644667));
#5810 = CARTESIAN_POINT('',(-15.82189903133,17.118295712333));
#5811 = CARTESIAN_POINT('',(-15.71598270333,17.13936378));
#5812 = CARTESIAN_POINT('',(-15.60799135166,17.15));
#5813 = CARTESIAN_POINT('',(-15.5,17.15));
#5814 = ( GEOMETRIC_REPRESENTATION_CONTEXT(2) 
PARAMETRIC_REPRESENTATION_CONTEXT() REPRESENTATION_CONTEXT('2D SPACE',''
  ) );
#5815 = PCURVE('',#2604,#5816);
#5816 = DEFINITIONAL_REPRESENTATION('',(#5817),#5820);
#5817 = B_SPLINE_CURVE_WITH_KNOTS('',1,(#5818,#5819),.UNSPECIFIED.,.F.,
  .F.,(2,2),(-0.259747603063,-1.000000127982E-06),
  .PIECEWISE_BEZIER_KNOTS.);
#5818 = CARTESIAN_POINT('',(0.5,-1.268516541808E-17));
#5819 = CARTESIAN_POINT('',(0.25,-1.268516541808E-17));
#5820 = ( GEOMETRIC_REPRESENTATION_CONTEXT(2) 
PARAMETRIC_REPRESENTATION_CONTEXT() REPRESENTATION_CONTEXT('2D SPACE',''
  ) );
#5821 = ORIENTED_EDGE('',*,*,#5822,.T.);
#5822 = EDGE_CURVE('',#5752,#5823,#5825,.T.);
#5823 = VERTEX_POINT('',#5824);
#5824 = CARTESIAN_POINT('',(-17.14165805912,-54.40788439221,
    42.817461269681));
#5825 = SURFACE_CURVE('',#5826,(#5830,#5837),.PCURVE_S1.);
#5826 = LINE('',#5827,#5828);
#5827 = CARTESIAN_POINT('',(-15.49165805912,-54.40788439221,
    42.817461269681));
#5828 = VECTOR('',#5829,1.);
#5829 = DIRECTION('',(-1.,-5.546778314436E-16,1.64473469566E-16));
#5830 = PCURVE('',#5782,#5831);
#5831 = DEFINITIONAL_REPRESENTATION('',(#5832),#5836);
#5832 = LINE('',#5833,#5834);
#5833 = CARTESIAN_POINT('',(-15.5,17.15));
#5834 = VECTOR('',#5835,1.);
#5835 = DIRECTION('',(-1.,0.));
#5836 = ( GEOMETRIC_REPRESENTATION_CONTEXT(2) 
PARAMETRIC_REPRESENTATION_CONTEXT() REPRESENTATION_CONTEXT('2D SPACE',''
  ) );
#5837 = PCURVE('',#397,#5838);
#5838 = DEFINITIONAL_REPRESENTATION('',(#5839),#5843);
#5839 = LINE('',#5840,#5841);
#5840 = CARTESIAN_POINT('',(-0.2,1.109355662887E-16));
#5841 = VECTOR('',#5842,1.);
#5842 = DIRECTION('',(3.51033443077E-31,1.));
#5843 = ( GEOMETRIC_REPRESENTATION_CONTEXT(2) 
PARAMETRIC_REPRESENTATION_CONTEXT() REPRESENTATION_CONTEXT('2D SPACE',''
  ) );
#5844 = ORIENTED_EDGE('',*,*,#5845,.T.);
#5845 = EDGE_CURVE('',#5823,#5750,#5846,.T.);
#5846 = SURFACE_CURVE('',#5847,(#5851,#5858),.PCURVE_S1.);
#5847 = LINE('',#5848,#5849);
#5848 = CARTESIAN_POINT('',(-17.14165805912,-54.40788439221,
    42.817461269681));
#5849 = VECTOR('',#5850,1.);
#5850 = DIRECTION('',(1.64473469566E-16,3.86106458461E-15,1.));
#5851 = PCURVE('',#5782,#5852);
#5852 = DEFINITIONAL_REPRESENTATION('',(#5853),#5857);
#5853 = LINE('',#5854,#5855);
#5854 = CARTESIAN_POINT('',(-17.15,17.15));
#5855 = VECTOR('',#5856,1.);
#5856 = DIRECTION('',(1.479114197289E-31,-1.));
#5857 = ( GEOMETRIC_REPRESENTATION_CONTEXT(2) 
PARAMETRIC_REPRESENTATION_CONTEXT() REPRESENTATION_CONTEXT('2D SPACE',''
  ) );
#5858 = PCURVE('',#456,#5859);
#5859 = DEFINITIONAL_REPRESENTATION('',(#5860),#5864);
#5860 = LINE('',#5861,#5862);
#5861 = CARTESIAN_POINT('',(0.4,4.075));
#5862 = VECTOR('',#5863,1.);
#5863 = DIRECTION('',(0.,-1.));
#5864 = ( GEOMETRIC_REPRESENTATION_CONTEXT(2) 
PARAMETRIC_REPRESENTATION_CONTEXT() REPRESENTATION_CONTEXT('2D SPACE',''
  ) );
#5865 = ADVANCED_FACE('',(#5866),#5900,.T.);
#5866 = FACE_BOUND('',#5867,.T.);
#5867 = EDGE_LOOP('',(#5868,#5939,#5962));
#5868 = ORIENTED_EDGE('',*,*,#5869,.T.);
#5869 = EDGE_CURVE('',#5870,#5750,#5872,.T.);
#5870 = VERTEX_POINT('',#5871);
#5871 = CARTESIAN_POINT('',(-15.49165805912,-54.40788439221,
    46.117461269681));
#5872 = SURFACE_CURVE('',#5873,(#5899,#5933),.PCURVE_S1.);
#5873 = B_SPLINE_CURVE_WITH_KNOTS('',3,(#5874,#5875,#5876,#5877,#5878,
    #5879,#5880,#5881,#5882,#5883,#5884,#5885,#5886,#5887,#5888,#5889,
    #5890,#5891,#5892,#5893,#5894,#5895,#5896,#5897,#5898),
  .UNSPECIFIED.,.F.,.F.,(4,3,3,3,3,3,3,3,4),(-0.259747603062,
    -0.22727927768,-0.194810952297,-0.162342626914,-0.129874301531,
    -9.740597614846E-02,-6.493765076568E-02,-3.24693253829E-02,
    -1.000000117379E-06),.UNSPECIFIED.);
#5874 = CARTESIAN_POINT('',(-15.49165805912,-54.40788439221,
    46.117461269681));
#5875 = CARTESIAN_POINT('',(-15.59964941079,-54.40788439221,
    46.117461269681));
#5876 = CARTESIAN_POINT('',(-15.70764076246,-54.40788439221,
    46.106825049681));
#5877 = CARTESIAN_POINT('',(-15.81355709046,-54.40788439221,
    46.085756982015));
#5878 = CARTESIAN_POINT('',(-15.91947341846,-54.40788439221,
    46.064688914348));
#5879 = CARTESIAN_POINT('',(-16.02331472279,-54.40788439221,
    46.033188999015));
#5880 = CARTESIAN_POINT('',(-16.12308572229,-54.40788439221,
    45.991862498015));
#5881 = CARTESIAN_POINT('',(-16.22285672179,-54.40788439221,
    45.950535997015));
#5882 = CARTESIAN_POINT('',(-16.31855741646,-54.40788439221,
    45.899382910348));
#5883 = CARTESIAN_POINT('',(-16.40834894379,-54.40788439221,
    45.839386130015));
#5884 = CARTESIAN_POINT('',(-16.49814047112,-54.40788439221,
    45.779389349681));
#5885 = CARTESIAN_POINT('',(-16.58202283112,-54.40788439221,
    45.710548875681));
#5886 = CARTESIAN_POINT('',(-16.65838424812,-54.40788439221,
    45.634187458681));
#5887 = CARTESIAN_POINT('',(-16.73474566512,-54.40788439221,
    45.557826041681));
#5888 = CARTESIAN_POINT('',(-16.80358613912,-54.40788439221,
    45.473943681681));
#5889 = CARTESIAN_POINT('',(-16.86358291946,-54.40788439221,
    45.384152154348));
#5890 = CARTESIAN_POINT('',(-16.92357969979,-54.40788439221,
    45.294360627015));
#5891 = CARTESIAN_POINT('',(-16.97473278646,-54.40788439221,
    45.198659932348));
#5892 = CARTESIAN_POINT('',(-17.01605928746,-54.40788439221,
    45.098888932848));
#5893 = CARTESIAN_POINT('',(-17.05738578846,-54.40788439221,
    44.999117933348));
#5894 = CARTESIAN_POINT('',(-17.08888570379,-54.40788439221,
    44.895276629015));
#5895 = CARTESIAN_POINT('',(-17.10995377146,-54.40788439221,
    44.789360301015));
#5896 = CARTESIAN_POINT('',(-17.13102183912,-54.40788439221,
    44.683443973015));
#5897 = CARTESIAN_POINT('',(-17.14165805912,-54.40788439221,
    44.575452621348));
#5898 = CARTESIAN_POINT('',(-17.14165805912,-54.40788439221,
    44.467461269681));
#5899 = PCURVE('',#5900,#5905);
#5900 = PLANE('',#5901);
#5901 = AXIS2_PLACEMENT_3D('',#5902,#5903,#5904);
#5902 = CARTESIAN_POINT('',(8.341940873663E-03,-54.40788439221,
    59.967461269681));
#5903 = DIRECTION('',(-5.546778314436E-16,1.,-3.86106458461E-15));
#5904 = DIRECTION('',(1.,5.546778314436E-16,-1.64473469566E-16));
#5905 = DEFINITIONAL_REPRESENTATION('',(#5906),#5932);
#5906 = B_SPLINE_CURVE_WITH_KNOTS('',3,(#5907,#5908,#5909,#5910,#5911,
    #5912,#5913,#5914,#5915,#5916,#5917,#5918,#5919,#5920,#5921,#5922,
    #5923,#5924,#5925,#5926,#5927,#5928,#5929,#5930,#5931),
  .UNSPECIFIED.,.F.,.F.,(4,3,3,3,3,3,3,3,4),(-0.259747603062,
    -0.22727927768,-0.194810952297,-0.162342626914,-0.129874301531,
    -9.740597614846E-02,-6.493765076568E-02,-3.24693253829E-02,
    -1.000000117379E-06),.UNSPECIFIED.);
#5907 = CARTESIAN_POINT('',(-15.5,13.85));
#5908 = CARTESIAN_POINT('',(-15.60799135166,13.85));
#5909 = CARTESIAN_POINT('',(-15.71598270333,13.86063622));
#5910 = CARTESIAN_POINT('',(-15.82189903133,13.881704287667));
#5911 = CARTESIAN_POINT('',(-15.92781535933,13.902772355333));
#5912 = CARTESIAN_POINT('',(-16.03165666366,13.934272270667));
#5913 = CARTESIAN_POINT('',(-16.13142766316,13.975598771667));
#5914 = CARTESIAN_POINT('',(-16.23119866266,14.016925272667));
#5915 = CARTESIAN_POINT('',(-16.32689935733,14.068078359333));
#5916 = CARTESIAN_POINT('',(-16.41669088466,14.128075139667));
#5917 = CARTESIAN_POINT('',(-16.506482412,14.18807192));
#5918 = CARTESIAN_POINT('',(-16.590364772,14.256912394));
#5919 = CARTESIAN_POINT('',(-16.666726189,14.333273811));
#5920 = CARTESIAN_POINT('',(-16.743087606,14.409635228));
#5921 = CARTESIAN_POINT('',(-16.81192808,14.493517588));
#5922 = CARTESIAN_POINT('',(-16.87192486033,14.583309115333));
#5923 = CARTESIAN_POINT('',(-16.93192164066,14.673100642667));
#5924 = CARTESIAN_POINT('',(-16.98307472733,14.768801337333));
#5925 = CARTESIAN_POINT('',(-17.02440122833,14.868572336833));
#5926 = CARTESIAN_POINT('',(-17.06572772933,14.968343336333));
#5927 = CARTESIAN_POINT('',(-17.09722764466,15.072184640667));
#5928 = CARTESIAN_POINT('',(-17.11829571233,15.178100968667));
#5929 = CARTESIAN_POINT('',(-17.13936378,15.284017296667));
#5930 = CARTESIAN_POINT('',(-17.15,15.392008648333));
#5931 = CARTESIAN_POINT('',(-17.15,15.5));
#5932 = ( GEOMETRIC_REPRESENTATION_CONTEXT(2) 
PARAMETRIC_REPRESENTATION_CONTEXT() REPRESENTATION_CONTEXT('2D SPACE',''
  ) );
#5933 = PCURVE('',#2604,#5934);
#5934 = DEFINITIONAL_REPRESENTATION('',(#5935),#5938);
#5935 = B_SPLINE_CURVE_WITH_KNOTS('',1,(#5936,#5937),.UNSPECIFIED.,.F.,
  .F.,(2,2),(-0.259747603062,-1.000000117379E-06),
  .PIECEWISE_BEZIER_KNOTS.);
#5936 = CARTESIAN_POINT('',(0.75,-1.268516541808E-17));
#5937 = CARTESIAN_POINT('',(0.5,-1.268516541808E-17));
#5938 = ( GEOMETRIC_REPRESENTATION_CONTEXT(2) 
PARAMETRIC_REPRESENTATION_CONTEXT() REPRESENTATION_CONTEXT('2D SPACE',''
  ) );
#5939 = ORIENTED_EDGE('',*,*,#5940,.T.);
#5940 = EDGE_CURVE('',#5750,#5941,#5943,.T.);
#5941 = VERTEX_POINT('',#5942);
#5942 = CARTESIAN_POINT('',(-17.14165805912,-54.40788439221,
    46.117461269681));
#5943 = SURFACE_CURVE('',#5944,(#5948,#5955),.PCURVE_S1.);
#5944 = LINE('',#5945,#5946);
#5945 = CARTESIAN_POINT('',(-17.14165805912,-54.40788439221,
    44.467461269681));
#5946 = VECTOR('',#5947,1.);
#5947 = DIRECTION('',(1.64473469566E-16,3.86106458461E-15,1.));
#5948 = PCURVE('',#5900,#5949);
#5949 = DEFINITIONAL_REPRESENTATION('',(#5950),#5954);
#5950 = LINE('',#5951,#5952);
#5951 = CARTESIAN_POINT('',(-17.15,15.5));
#5952 = VECTOR('',#5953,1.);
#5953 = DIRECTION('',(1.479114197289E-31,-1.));
#5954 = ( GEOMETRIC_REPRESENTATION_CONTEXT(2) 
PARAMETRIC_REPRESENTATION_CONTEXT() REPRESENTATION_CONTEXT('2D SPACE',''
  ) );
#5955 = PCURVE('',#456,#5956);
#5956 = DEFINITIONAL_REPRESENTATION('',(#5957),#5961);
#5957 = LINE('',#5958,#5959);
#5958 = CARTESIAN_POINT('',(0.4,2.425));
#5959 = VECTOR('',#5960,1.);
#5960 = DIRECTION('',(0.,-1.));
#5961 = ( GEOMETRIC_REPRESENTATION_CONTEXT(2) 
PARAMETRIC_REPRESENTATION_CONTEXT() REPRESENTATION_CONTEXT('2D SPACE',''
  ) );
#5962 = ORIENTED_EDGE('',*,*,#5963,.T.);
#5963 = EDGE_CURVE('',#5941,#5870,#5964,.T.);
#5964 = SURFACE_CURVE('',#5965,(#5969,#5976),.PCURVE_S1.);
#5965 = LINE('',#5966,#5967);
#5966 = CARTESIAN_POINT('',(-17.14165805912,-54.40788439221,
    46.117461269681));
#5967 = VECTOR('',#5968,1.);
#5968 = DIRECTION('',(1.,5.546778314436E-16,-1.64473469566E-16));
#5969 = PCURVE('',#5900,#5970);
#5970 = DEFINITIONAL_REPRESENTATION('',(#5971),#5975);
#5971 = LINE('',#5972,#5973);
#5972 = CARTESIAN_POINT('',(-17.15,13.85));
#5973 = VECTOR('',#5974,1.);
#5974 = DIRECTION('',(1.,0.));
#5975 = ( GEOMETRIC_REPRESENTATION_CONTEXT(2) 
PARAMETRIC_REPRESENTATION_CONTEXT() REPRESENTATION_CONTEXT('2D SPACE',''
  ) );
#5976 = PCURVE('',#581,#5977);
#5977 = DEFINITIONAL_REPRESENTATION('',(#5978),#5982);
#5978 = LINE('',#5979,#5980);
#5979 = CARTESIAN_POINT('',(0.2,1.65));
#5980 = VECTOR('',#5981,1.);
#5981 = DIRECTION('',(3.51033443077E-31,-1.));
#5982 = ( GEOMETRIC_REPRESENTATION_CONTEXT(2) 
PARAMETRIC_REPRESENTATION_CONTEXT() REPRESENTATION_CONTEXT('2D SPACE',''
  ) );
#5983 = ADVANCED_FACE('',(#5984),#6018,.T.);
#5984 = FACE_BOUND('',#5985,.T.);
#5985 = EDGE_LOOP('',(#5986,#6057,#6080));
#5986 = ORIENTED_EDGE('',*,*,#5987,.T.);
#5987 = EDGE_CURVE('',#5988,#5870,#5990,.T.);
#5988 = VERTEX_POINT('',#5989);
#5989 = CARTESIAN_POINT('',(-13.84165805912,-54.40788439221,
    44.467461269681));
#5990 = SURFACE_CURVE('',#5991,(#6017,#6051),.PCURVE_S1.);
#5991 = B_SPLINE_CURVE_WITH_KNOTS('',3,(#5992,#5993,#5994,#5995,#5996,
    #5997,#5998,#5999,#6000,#6001,#6002,#6003,#6004,#6005,#6006,#6007,
    #6008,#6009,#6010,#6011,#6012,#6013,#6014,#6015,#6016),
  .UNSPECIFIED.,.F.,.F.,(4,3,3,3,3,3,3,3,4),(-0.259747602915,
    -0.22727927755,-0.194810952186,-0.162342626822,-0.129874301457,
    -9.740597609311E-02,-6.493765072878E-02,-3.246932536445E-02,
    -9.999999994736E-07),.UNSPECIFIED.);
#5992 = CARTESIAN_POINT('',(-13.84165805912,-54.40788439221,
    44.467461269681));
#5993 = CARTESIAN_POINT('',(-13.84165805912,-54.40788439221,
    44.575452621681));
#5994 = CARTESIAN_POINT('',(-13.85229427912,-54.40788439221,
    44.683443973181));
#5995 = CARTESIAN_POINT('',(-13.87336234679,-54.40788439221,
    44.789360301098));
#5996 = CARTESIAN_POINT('',(-13.89443041446,-54.40788439221,
    44.895276629015));
#5997 = CARTESIAN_POINT('',(-13.92593032979,-54.40788439221,
    44.999117933348));
#5998 = CARTESIAN_POINT('',(-13.96725683079,-54.40788439221,
    45.098888932848));
#5999 = CARTESIAN_POINT('',(-14.00858333179,-54.40788439221,
    45.198659932348));
#6000 = CARTESIAN_POINT('',(-14.05973641846,-54.40788439221,
    45.294360627015));
#6001 = CARTESIAN_POINT('',(-14.11973319879,-54.40788439221,
    45.384152154348));
#6002 = CARTESIAN_POINT('',(-14.17972997912,-54.40788439221,
    45.473943681681));
#6003 = CARTESIAN_POINT('',(-14.24857045312,-54.40788439221,
    45.557826041681));
#6004 = CARTESIAN_POINT('',(-14.32493187012,-54.40788439221,
    45.634187458681));
#6005 = CARTESIAN_POINT('',(-14.40129328712,-54.40788439221,
    45.710548875681));
#6006 = CARTESIAN_POINT('',(-14.48517564712,-54.40788439221,
    45.779389349681));
#6007 = CARTESIAN_POINT('',(-14.57496717446,-54.40788439221,
    45.839386130015));
#6008 = CARTESIAN_POINT('',(-14.66475870179,-54.40788439221,
    45.899382910348));
#6009 = CARTESIAN_POINT('',(-14.76045939646,-54.40788439221,
    45.950535997015));
#6010 = CARTESIAN_POINT('',(-14.86023039596,-54.40788439221,
    45.991862498015));
#6011 = CARTESIAN_POINT('',(-14.96000139546,-54.40788439221,
    46.033188999015));
#6012 = CARTESIAN_POINT('',(-15.06384269979,-54.40788439221,
    46.064688914348));
#6013 = CARTESIAN_POINT('',(-15.16975902779,-54.40788439221,
    46.085756982015));
#6014 = CARTESIAN_POINT('',(-15.27567535579,-54.40788439221,
    46.106825049681));
#6015 = CARTESIAN_POINT('',(-15.38366670746,-54.40788439221,
    46.117461269681));
#6016 = CARTESIAN_POINT('',(-15.49165805912,-54.40788439221,
    46.117461269681));
#6017 = PCURVE('',#6018,#6023);
#6018 = PLANE('',#6019);
#6019 = AXIS2_PLACEMENT_3D('',#6020,#6021,#6022);
#6020 = CARTESIAN_POINT('',(8.341940873663E-03,-54.40788439221,
    59.967461269681));
#6021 = DIRECTION('',(-5.546778314436E-16,1.,-3.86106458461E-15));
#6022 = DIRECTION('',(1.,5.546778314436E-16,-1.64473469566E-16));
#6023 = DEFINITIONAL_REPRESENTATION('',(#6024),#6050);
#6024 = B_SPLINE_CURVE_WITH_KNOTS('',3,(#6025,#6026,#6027,#6028,#6029,
    #6030,#6031,#6032,#6033,#6034,#6035,#6036,#6037,#6038,#6039,#6040,
    #6041,#6042,#6043,#6044,#6045,#6046,#6047,#6048,#6049),
  .UNSPECIFIED.,.F.,.F.,(4,3,3,3,3,3,3,3,4),(-0.259747602915,
    -0.22727927755,-0.194810952186,-0.162342626822,-0.129874301457,
    -9.740597609311E-02,-6.493765072878E-02,-3.246932536445E-02,
    -9.999999994736E-07),.UNSPECIFIED.);
#6025 = CARTESIAN_POINT('',(-13.85,15.5));
#6026 = CARTESIAN_POINT('',(-13.85,15.392008648));
#6027 = CARTESIAN_POINT('',(-13.86063622,15.2840172965));
#6028 = CARTESIAN_POINT('',(-13.88170428766,15.178100968583));
#6029 = CARTESIAN_POINT('',(-13.90277235533,15.072184640667));
#6030 = CARTESIAN_POINT('',(-13.93427227066,14.968343336333));
#6031 = CARTESIAN_POINT('',(-13.97559877166,14.868572336833));
#6032 = CARTESIAN_POINT('',(-14.01692527266,14.768801337333));
#6033 = CARTESIAN_POINT('',(-14.06807835933,14.673100642667));
#6034 = CARTESIAN_POINT('',(-14.12807513966,14.583309115333));
#6035 = CARTESIAN_POINT('',(-14.18807192,14.493517588));
#6036 = CARTESIAN_POINT('',(-14.256912394,14.409635228));
#6037 = CARTESIAN_POINT('',(-14.333273811,14.333273811));
#6038 = CARTESIAN_POINT('',(-14.409635228,14.256912394));
#6039 = CARTESIAN_POINT('',(-14.493517588,14.18807192));
#6040 = CARTESIAN_POINT('',(-14.58330911533,14.128075139667));
#6041 = CARTESIAN_POINT('',(-14.67310064266,14.068078359333));
#6042 = CARTESIAN_POINT('',(-14.76880133733,14.016925272667));
#6043 = CARTESIAN_POINT('',(-14.86857233683,13.975598771667));
#6044 = CARTESIAN_POINT('',(-14.96834333633,13.934272270667));
#6045 = CARTESIAN_POINT('',(-15.07218464066,13.902772355333));
#6046 = CARTESIAN_POINT('',(-15.17810096866,13.881704287667));
#6047 = CARTESIAN_POINT('',(-15.28401729666,13.86063622));
#6048 = CARTESIAN_POINT('',(-15.39200864833,13.85));
#6049 = CARTESIAN_POINT('',(-15.5,13.85));
#6050 = ( GEOMETRIC_REPRESENTATION_CONTEXT(2) 
PARAMETRIC_REPRESENTATION_CONTEXT() REPRESENTATION_CONTEXT('2D SPACE',''
  ) );
#6051 = PCURVE('',#2604,#6052);
#6052 = DEFINITIONAL_REPRESENTATION('',(#6053),#6056);
#6053 = B_SPLINE_CURVE_WITH_KNOTS('',1,(#6054,#6055),.UNSPECIFIED.,.F.,
  .F.,(2,2),(-0.259747602915,-9.999999994736E-07),
  .PIECEWISE_BEZIER_KNOTS.);
#6054 = CARTESIAN_POINT('',(1.,-1.268516541808E-17));
#6055 = CARTESIAN_POINT('',(0.75,-1.268516541808E-17));
#6056 = ( GEOMETRIC_REPRESENTATION_CONTEXT(2) 
PARAMETRIC_REPRESENTATION_CONTEXT() REPRESENTATION_CONTEXT('2D SPACE',''
  ) );
#6057 = ORIENTED_EDGE('',*,*,#6058,.T.);
#6058 = EDGE_CURVE('',#5870,#6059,#6061,.T.);
#6059 = VERTEX_POINT('',#6060);
#6060 = CARTESIAN_POINT('',(-13.84165805912,-54.40788439221,
    46.117461269681));
#6061 = SURFACE_CURVE('',#6062,(#6066,#6073),.PCURVE_S1.);
#6062 = LINE('',#6063,#6064);
#6063 = CARTESIAN_POINT('',(-15.49165805912,-54.40788439221,
    46.117461269681));
#6064 = VECTOR('',#6065,1.);
#6065 = DIRECTION('',(1.,5.546778314436E-16,-1.64473469566E-16));
#6066 = PCURVE('',#6018,#6067);
#6067 = DEFINITIONAL_REPRESENTATION('',(#6068),#6072);
#6068 = LINE('',#6069,#6070);
#6069 = CARTESIAN_POINT('',(-15.5,13.85));
#6070 = VECTOR('',#6071,1.);
#6071 = DIRECTION('',(1.,0.));
#6072 = ( GEOMETRIC_REPRESENTATION_CONTEXT(2) 
PARAMETRIC_REPRESENTATION_CONTEXT() REPRESENTATION_CONTEXT('2D SPACE',''
  ) );
#6073 = PCURVE('',#581,#6074);
#6074 = DEFINITIONAL_REPRESENTATION('',(#6075),#6079);
#6075 = LINE('',#6076,#6077);
#6076 = CARTESIAN_POINT('',(0.2,1.109355662887E-16));
#6077 = VECTOR('',#6078,1.);
#6078 = DIRECTION('',(3.51033443077E-31,-1.));
#6079 = ( GEOMETRIC_REPRESENTATION_CONTEXT(2) 
PARAMETRIC_REPRESENTATION_CONTEXT() REPRESENTATION_CONTEXT('2D SPACE',''
  ) );
#6080 = ORIENTED_EDGE('',*,*,#6081,.T.);
#6081 = EDGE_CURVE('',#6059,#5988,#6082,.T.);
#6082 = SURFACE_CURVE('',#6083,(#6087,#6094),.PCURVE_S1.);
#6083 = LINE('',#6084,#6085);
#6084 = CARTESIAN_POINT('',(-13.84165805912,-54.40788439221,
    46.117461269681));
#6085 = VECTOR('',#6086,1.);
#6086 = DIRECTION('',(-1.64473469566E-16,-3.86106458461E-15,-1.));
#6087 = PCURVE('',#6018,#6088);
#6088 = DEFINITIONAL_REPRESENTATION('',(#6089),#6093);
#6089 = LINE('',#6090,#6091);
#6090 = CARTESIAN_POINT('',(-13.85,13.85));
#6091 = VECTOR('',#6092,1.);
#6092 = DIRECTION('',(-1.479114197289E-31,1.));
#6093 = ( GEOMETRIC_REPRESENTATION_CONTEXT(2) 
PARAMETRIC_REPRESENTATION_CONTEXT() REPRESENTATION_CONTEXT('2D SPACE',''
  ) );
#6094 = PCURVE('',#543,#6095);
#6095 = DEFINITIONAL_REPRESENTATION('',(#6096),#6100);
#6096 = LINE('',#6097,#6098);
#6097 = CARTESIAN_POINT('',(1.65,-0.4));
#6098 = VECTOR('',#6099,1.);
#6099 = DIRECTION('',(-1.,0.));
#6100 = ( GEOMETRIC_REPRESENTATION_CONTEXT(2) 
PARAMETRIC_REPRESENTATION_CONTEXT() REPRESENTATION_CONTEXT('2D SPACE',''
  ) );
#6101 = ADVANCED_FACE('',(#6102),#6134,.T.);
#6102 = FACE_BOUND('',#6103,.T.);
#6103 = EDGE_LOOP('',(#6104,#6173,#6196));
#6104 = ORIENTED_EDGE('',*,*,#6105,.T.);
#6105 = EDGE_CURVE('',#5752,#5988,#6106,.T.);
#6106 = SURFACE_CURVE('',#6107,(#6133,#6167),.PCURVE_S1.);
#6107 = B_SPLINE_CURVE_WITH_KNOTS('',3,(#6108,#6109,#6110,#6111,#6112,
    #6113,#6114,#6115,#6116,#6117,#6118,#6119,#6120,#6121,#6122,#6123,
    #6124,#6125,#6126,#6127,#6128,#6129,#6130,#6131,#6132),
  .UNSPECIFIED.,.F.,.F.,(4,3,3,3,3,3,3,3,4),(-0.259747604104,
    -0.227279278591,-0.194810953078,-0.162342627565,-0.129874302052,
    -9.7405976539E-02,-6.493765102604E-02,-3.246932551308E-02,
    -1.00000012776E-06),.UNSPECIFIED.);
#6108 = CARTESIAN_POINT('',(-15.49165805912,-54.40788439221,
    42.817461269681));
#6109 = CARTESIAN_POINT('',(-15.38366670746,-54.40788439221,
    42.817461269681));
#6110 = CARTESIAN_POINT('',(-15.27567535579,-54.40788439221,
    42.828097489681));
#6111 = CARTESIAN_POINT('',(-15.16975902779,-54.40788439221,
    42.849165557348));
#6112 = CARTESIAN_POINT('',(-15.06384269979,-54.40788439221,
    42.870233625015));
#6113 = CARTESIAN_POINT('',(-14.96000139546,-54.40788439221,
    42.901733540348));
#6114 = CARTESIAN_POINT('',(-14.86023039596,-54.40788439221,
    42.943060041348));
#6115 = CARTESIAN_POINT('',(-14.76045939646,-54.40788439221,
    42.984386542348));
#6116 = CARTESIAN_POINT('',(-14.66475870179,-54.40788439221,
    43.035539629015));
#6117 = CARTESIAN_POINT('',(-14.57496717446,-54.40788439221,
    43.095536409348));
#6118 = CARTESIAN_POINT('',(-14.48517564712,-54.40788439221,
    43.155533189681));
#6119 = CARTESIAN_POINT('',(-14.40129328712,-54.40788439221,
    43.224373663681));
#6120 = CARTESIAN_POINT('',(-14.32493187012,-54.40788439221,
    43.300735080681));
#6121 = CARTESIAN_POINT('',(-14.24857045312,-54.40788439221,
    43.377096497681));
#6122 = CARTESIAN_POINT('',(-14.17972997912,-54.40788439221,
    43.460978857681));
#6123 = CARTESIAN_POINT('',(-14.11973319879,-54.40788439221,
    43.550770385015));
#6124 = CARTESIAN_POINT('',(-14.05973641846,-54.40788439221,
    43.640561912348));
#6125 = CARTESIAN_POINT('',(-14.00858333179,-54.40788439221,
    43.736262607015));
#6126 = CARTESIAN_POINT('',(-13.96725683079,-54.40788439221,
    43.836033606515));
#6127 = CARTESIAN_POINT('',(-13.92593032979,-54.40788439221,
    43.935804606015));
#6128 = CARTESIAN_POINT('',(-13.89443041446,-54.40788439221,
    44.039645910348));
#6129 = CARTESIAN_POINT('',(-13.87336234679,-54.40788439221,
    44.145562238265));
#6130 = CARTESIAN_POINT('',(-13.85229427912,-54.40788439221,
    44.251478566181));
#6131 = CARTESIAN_POINT('',(-13.84165805912,-54.40788439221,
    44.359469917681));
#6132 = CARTESIAN_POINT('',(-13.84165805912,-54.40788439221,
    44.467461269681));
#6133 = PCURVE('',#6134,#6139);
#6134 = PLANE('',#6135);
#6135 = AXIS2_PLACEMENT_3D('',#6136,#6137,#6138);
#6136 = CARTESIAN_POINT('',(8.341940873663E-03,-54.40788439221,
    59.967461269681));
#6137 = DIRECTION('',(-5.546778314436E-16,1.,-3.86106458461E-15));
#6138 = DIRECTION('',(1.,5.546778314436E-16,-1.64473469566E-16));
#6139 = DEFINITIONAL_REPRESENTATION('',(#6140),#6166);
#6140 = B_SPLINE_CURVE_WITH_KNOTS('',3,(#6141,#6142,#6143,#6144,#6145,
    #6146,#6147,#6148,#6149,#6150,#6151,#6152,#6153,#6154,#6155,#6156,
    #6157,#6158,#6159,#6160,#6161,#6162,#6163,#6164,#6165),
  .UNSPECIFIED.,.F.,.F.,(4,3,3,3,3,3,3,3,4),(-0.259747604104,
    -0.227279278591,-0.194810953078,-0.162342627565,-0.129874302052,
    -9.7405976539E-02,-6.493765102604E-02,-3.246932551308E-02,
    -1.00000012776E-06),.UNSPECIFIED.);
#6141 = CARTESIAN_POINT('',(-15.5,17.15));
#6142 = CARTESIAN_POINT('',(-15.39200864833,17.15));
#6143 = CARTESIAN_POINT('',(-15.28401729666,17.13936378));
#6144 = CARTESIAN_POINT('',(-15.17810096866,17.118295712333));
#6145 = CARTESIAN_POINT('',(-15.07218464066,17.097227644667));
#6146 = CARTESIAN_POINT('',(-14.96834333633,17.065727729333));
#6147 = CARTESIAN_POINT('',(-14.86857233683,17.024401228333));
#6148 = CARTESIAN_POINT('',(-14.76880133733,16.983074727333));
#6149 = CARTESIAN_POINT('',(-14.67310064266,16.931921640667));
#6150 = CARTESIAN_POINT('',(-14.58330911533,16.871924860333));
#6151 = CARTESIAN_POINT('',(-14.493517588,16.81192808));
#6152 = CARTESIAN_POINT('',(-14.409635228,16.743087606));
#6153 = CARTESIAN_POINT('',(-14.333273811,16.666726189));
#6154 = CARTESIAN_POINT('',(-14.256912394,16.590364772));
#6155 = CARTESIAN_POINT('',(-14.18807192,16.506482412));
#6156 = CARTESIAN_POINT('',(-14.12807513966,16.416690884667));
#6157 = CARTESIAN_POINT('',(-14.06807835933,16.326899357333));
#6158 = CARTESIAN_POINT('',(-14.01692527266,16.231198662667));
#6159 = CARTESIAN_POINT('',(-13.97559877166,16.131427663167));
#6160 = CARTESIAN_POINT('',(-13.93427227066,16.031656663667));
#6161 = CARTESIAN_POINT('',(-13.90277235533,15.927815359333));
#6162 = CARTESIAN_POINT('',(-13.88170428766,15.821899031417));
#6163 = CARTESIAN_POINT('',(-13.86063622,15.7159827035));
#6164 = CARTESIAN_POINT('',(-13.85,15.607991352));
#6165 = CARTESIAN_POINT('',(-13.85,15.5));
#6166 = ( GEOMETRIC_REPRESENTATION_CONTEXT(2) 
PARAMETRIC_REPRESENTATION_CONTEXT() REPRESENTATION_CONTEXT('2D SPACE',''
  ) );
#6167 = PCURVE('',#2604,#6168);
#6168 = DEFINITIONAL_REPRESENTATION('',(#6169),#6172);
#6169 = B_SPLINE_CURVE_WITH_KNOTS('',1,(#6170,#6171),.UNSPECIFIED.,.F.,
  .F.,(2,2),(-0.259747604104,-1.00000012776E-06),
  .PIECEWISE_BEZIER_KNOTS.);
#6170 = CARTESIAN_POINT('',(0.25,-1.268516541808E-17));
#6171 = CARTESIAN_POINT('',(0.,-1.268516541808E-17));
#6172 = ( GEOMETRIC_REPRESENTATION_CONTEXT(2) 
PARAMETRIC_REPRESENTATION_CONTEXT() REPRESENTATION_CONTEXT('2D SPACE',''
  ) );
#6173 = ORIENTED_EDGE('',*,*,#6174,.T.);
#6174 = EDGE_CURVE('',#5988,#6175,#6177,.T.);
#6175 = VERTEX_POINT('',#6176);
#6176 = CARTESIAN_POINT('',(-13.84165805912,-54.40788439221,
    42.817461269681));
#6177 = SURFACE_CURVE('',#6178,(#6182,#6189),.PCURVE_S1.);
#6178 = LINE('',#6179,#6180);
#6179 = CARTESIAN_POINT('',(-13.84165805912,-54.40788439221,
    44.467461269681));
#6180 = VECTOR('',#6181,1.);
#6181 = DIRECTION('',(-1.64473469566E-16,-3.86106458461E-15,-1.));
#6182 = PCURVE('',#6134,#6183);
#6183 = DEFINITIONAL_REPRESENTATION('',(#6184),#6188);
#6184 = LINE('',#6185,#6186);
#6185 = CARTESIAN_POINT('',(-13.85,15.5));
#6186 = VECTOR('',#6187,1.);
#6187 = DIRECTION('',(-1.479114197289E-31,1.));
#6188 = ( GEOMETRIC_REPRESENTATION_CONTEXT(2) 
PARAMETRIC_REPRESENTATION_CONTEXT() REPRESENTATION_CONTEXT('2D SPACE',''
  ) );
#6189 = PCURVE('',#543,#6190);
#6190 = DEFINITIONAL_REPRESENTATION('',(#6191),#6195);
#6191 = LINE('',#6192,#6193);
#6192 = CARTESIAN_POINT('',(-1.544425833844E-15,-0.4));
#6193 = VECTOR('',#6194,1.);
#6194 = DIRECTION('',(-1.,0.));
#6195 = ( GEOMETRIC_REPRESENTATION_CONTEXT(2) 
PARAMETRIC_REPRESENTATION_CONTEXT() REPRESENTATION_CONTEXT('2D SPACE',''
  ) );
#6196 = ORIENTED_EDGE('',*,*,#6197,.T.);
#6197 = EDGE_CURVE('',#6175,#5752,#6198,.T.);
#6198 = SURFACE_CURVE('',#6199,(#6203,#6210),.PCURVE_S1.);
#6199 = LINE('',#6200,#6201);
#6200 = CARTESIAN_POINT('',(-13.84165805912,-54.40788439221,
    42.817461269681));
#6201 = VECTOR('',#6202,1.);
#6202 = DIRECTION('',(-1.,-5.546778314436E-16,1.64473469566E-16));
#6203 = PCURVE('',#6134,#6204);
#6204 = DEFINITIONAL_REPRESENTATION('',(#6205),#6209);
#6205 = LINE('',#6206,#6207);
#6206 = CARTESIAN_POINT('',(-13.85,17.15));
#6207 = VECTOR('',#6208,1.);
#6208 = DIRECTION('',(-1.,0.));
#6209 = ( GEOMETRIC_REPRESENTATION_CONTEXT(2) 
PARAMETRIC_REPRESENTATION_CONTEXT() REPRESENTATION_CONTEXT('2D SPACE',''
  ) );
#6210 = PCURVE('',#397,#6211);
#6211 = DEFINITIONAL_REPRESENTATION('',(#6212),#6216);
#6212 = LINE('',#6213,#6214);
#6213 = CARTESIAN_POINT('',(-0.2,-1.65));
#6214 = VECTOR('',#6215,1.);
#6215 = DIRECTION('',(3.51033443077E-31,1.));
#6216 = ( GEOMETRIC_REPRESENTATION_CONTEXT(2) 
PARAMETRIC_REPRESENTATION_CONTEXT() REPRESENTATION_CONTEXT('2D SPACE',''
  ) );
#6217 = ADVANCED_FACE('',(#6218),#6242,.T.);
#6218 = FACE_BOUND('',#6219,.T.);
#6219 = EDGE_LOOP('',(#6220,#6270,#6293));
#6220 = ORIENTED_EDGE('',*,*,#6221,.T.);
#6221 = EDGE_CURVE('',#6222,#6224,#6226,.T.);
#6222 = VERTEX_POINT('',#6223);
#6223 = CARTESIAN_POINT('',(-15.49194302412,-54.40788439221,
    77.117462858817));
#6224 = VERTEX_POINT('',#6225);
#6225 = CARTESIAN_POINT('',(-17.1416580589,-54.40788439221,
    75.478206207451));
#6226 = SURFACE_CURVE('',#6227,(#6241,#6263),.PCURVE_S1.);
#6227 = B_SPLINE_CURVE_WITH_KNOTS('',2,(#6228,#6229,#6230,#6231,#6232,
    #6233,#6234,#6235,#6236,#6237,#6238,#6239,#6240),.UNSPECIFIED.,.F.,
  .F.,(3,2,2,2,2,2,3),(-0.678994968397,-0.625,-0.5625,-0.5,-0.4375,
    -0.375,-0.322485813412),.UNSPECIFIED.);
#6228 = CARTESIAN_POINT('',(-15.49194303012,-54.40788439221,
    77.117464447953));
#6229 = CARTESIAN_POINT('',(-15.68813160584,-54.40788439221,
    77.117497964127));
#6230 = CARTESIAN_POINT('',(-15.87886857512,-54.40788439221,
    77.071383965681));
#6231 = CARTESIAN_POINT('',(-16.10071872412,-54.40788439221,
    77.017747812681));
#6232 = CARTESIAN_POINT('',(-16.29879188812,-54.40788439221,
    76.906570362681));
#6233 = CARTESIAN_POINT('',(-16.49782427812,-54.40788439221,
    76.794854504681));
#6234 = CARTESIAN_POINT('',(-16.65838424812,-54.40788439221,
    76.634187458681));
#6235 = CARTESIAN_POINT('',(-16.81972177612,-54.40788439221,
    76.472742336681));
#6236 = CARTESIAN_POINT('',(-16.93076715212,-54.40788439221,
    76.274595098681));
#6237 = CARTESIAN_POINT('',(-17.04235029812,-54.40788439221,
    76.075488274681));
#6238 = CARTESIAN_POINT('',(-17.09558075512,-54.40788439221,
    75.854671785681));
#6239 = CARTESIAN_POINT('',(-17.14052301945,-54.40788439221,
    75.668237300948));
#6240 = CARTESIAN_POINT('',(-17.14165805927,-54.40788439221,
    75.478206207453));
#6241 = PCURVE('',#6242,#6247);
#6242 = PLANE('',#6243);
#6243 = AXIS2_PLACEMENT_3D('',#6244,#6245,#6246);
#6244 = CARTESIAN_POINT('',(8.341940873663E-03,-54.40788439221,
    59.967461269681));
#6245 = DIRECTION('',(-5.546778314436E-16,1.,-3.86106458461E-15));
#6246 = DIRECTION('',(1.,5.546778314436E-16,-1.64473469566E-16));
#6247 = DEFINITIONAL_REPRESENTATION('',(#6248),#6262);
#6248 = B_SPLINE_CURVE_WITH_KNOTS('',2,(#6249,#6250,#6251,#6252,#6253,
    #6254,#6255,#6256,#6257,#6258,#6259,#6260,#6261),.UNSPECIFIED.,.F.,
  .F.,(3,2,2,2,2,2,3),(-0.678994968397,-0.625,-0.5625,-0.5,-0.4375,
    -0.375,-0.322485813412),.UNSPECIFIED.);
#6249 = CARTESIAN_POINT('',(-15.500284971,-17.15000317827));
#6250 = CARTESIAN_POINT('',(-15.69647354672,-17.15003669444));
#6251 = CARTESIAN_POINT('',(-15.887210516,-17.103922696));
#6252 = CARTESIAN_POINT('',(-16.109060665,-17.050286543));
#6253 = CARTESIAN_POINT('',(-16.307133829,-16.939109093));
#6254 = CARTESIAN_POINT('',(-16.506166219,-16.827393235));
#6255 = CARTESIAN_POINT('',(-16.666726189,-16.666726189));
#6256 = CARTESIAN_POINT('',(-16.828063717,-16.505281067));
#6257 = CARTESIAN_POINT('',(-16.939109093,-16.307133829));
#6258 = CARTESIAN_POINT('',(-17.050692239,-16.108027005));
#6259 = CARTESIAN_POINT('',(-17.103922696,-15.887210516));
#6260 = CARTESIAN_POINT('',(-17.14886496033,-15.70077603126));
#6261 = CARTESIAN_POINT('',(-17.15000000015,-15.51074493777));
#6262 = ( GEOMETRIC_REPRESENTATION_CONTEXT(2) 
PARAMETRIC_REPRESENTATION_CONTEXT() REPRESENTATION_CONTEXT('2D SPACE',''
  ) );
#6263 = PCURVE('',#2320,#6264);
#6264 = DEFINITIONAL_REPRESENTATION('',(#6265),#6269);
#6265 = LINE('',#6266,#6267);
#6266 = CARTESIAN_POINT('',(-1.021405182655E-14,-2.168404344971E-18));
#6267 = VECTOR('',#6268,1.);
#6268 = DIRECTION('',(-1.,0.));
#6269 = ( GEOMETRIC_REPRESENTATION_CONTEXT(2) 
PARAMETRIC_REPRESENTATION_CONTEXT() REPRESENTATION_CONTEXT('2D SPACE',''
  ) );
#6270 = ORIENTED_EDGE('',*,*,#6271,.T.);
#6271 = EDGE_CURVE('',#6224,#6272,#6274,.T.);
#6272 = VERTEX_POINT('',#6273);
#6273 = CARTESIAN_POINT('',(-17.14165805912,-54.40788439221,
    77.117461269681));
#6274 = SURFACE_CURVE('',#6275,(#6279,#6286),.PCURVE_S1.);
#6275 = LINE('',#6276,#6277);
#6276 = CARTESIAN_POINT('',(-17.14165805912,-54.40788439221,
    75.478206263681));
#6277 = VECTOR('',#6278,1.);
#6278 = DIRECTION('',(1.64473469566E-16,3.86106458461E-15,1.));
#6279 = PCURVE('',#6242,#6280);
#6280 = DEFINITIONAL_REPRESENTATION('',(#6281),#6285);
#6281 = LINE('',#6282,#6283);
#6282 = CARTESIAN_POINT('',(-17.15,-15.510744994));
#6283 = VECTOR('',#6284,1.);
#6284 = DIRECTION('',(1.479114197289E-31,-1.));
#6285 = ( GEOMETRIC_REPRESENTATION_CONTEXT(2) 
PARAMETRIC_REPRESENTATION_CONTEXT() REPRESENTATION_CONTEXT('2D SPACE',''
  ) );
#6286 = PCURVE('',#783,#6287);
#6287 = DEFINITIONAL_REPRESENTATION('',(#6288),#6292);
#6288 = LINE('',#6289,#6290);
#6289 = CARTESIAN_POINT('',(-0.2,1.074499400001E-02));
#6290 = VECTOR('',#6291,1.);
#6291 = DIRECTION('',(0.,1.));
#6292 = ( GEOMETRIC_REPRESENTATION_CONTEXT(2) 
PARAMETRIC_REPRESENTATION_CONTEXT() REPRESENTATION_CONTEXT('2D SPACE',''
  ) );
#6293 = ORIENTED_EDGE('',*,*,#6294,.T.);
#6294 = EDGE_CURVE('',#6272,#6222,#6295,.T.);
#6295 = SURFACE_CURVE('',#6296,(#6300,#6307),.PCURVE_S1.);
#6296 = LINE('',#6297,#6298);
#6297 = CARTESIAN_POINT('',(-17.14165805912,-54.40788439221,
    77.117461269681));
#6298 = VECTOR('',#6299,1.);
#6299 = DIRECTION('',(1.,5.546778314436E-16,-1.64473469566E-16));
#6300 = PCURVE('',#6242,#6301);
#6301 = DEFINITIONAL_REPRESENTATION('',(#6302),#6306);
#6302 = LINE('',#6303,#6304);
#6303 = CARTESIAN_POINT('',(-17.15,-17.15));
#6304 = VECTOR('',#6305,1.);
#6305 = DIRECTION('',(1.,0.));
#6306 = ( GEOMETRIC_REPRESENTATION_CONTEXT(2) 
PARAMETRIC_REPRESENTATION_CONTEXT() REPRESENTATION_CONTEXT('2D SPACE',''
  ) );
#6307 = PCURVE('',#896,#6308);
#6308 = DEFINITIONAL_REPRESENTATION('',(#6309),#6313);
#6309 = LINE('',#6310,#6311);
#6310 = CARTESIAN_POINT('',(0.4,4.075));
#6311 = VECTOR('',#6312,1.);
#6312 = DIRECTION('',(3.51033443077E-31,-1.));
#6313 = ( GEOMETRIC_REPRESENTATION_CONTEXT(2) 
PARAMETRIC_REPRESENTATION_CONTEXT() REPRESENTATION_CONTEXT('2D SPACE',''
  ) );
#6314 = ADVANCED_FACE('',(#6315),#6337,.T.);
#6315 = FACE_BOUND('',#6316,.T.);
#6316 = EDGE_LOOP('',(#6317,#6365,#6388,#6411));
#6317 = ORIENTED_EDGE('',*,*,#6318,.T.);
#6318 = EDGE_CURVE('',#6319,#6222,#6321,.T.);
#6319 = VERTEX_POINT('',#6320);
#6320 = CARTESIAN_POINT('',(-13.86329683112,-54.40788439221,
    75.733806368681));
#6321 = SURFACE_CURVE('',#6322,(#6336,#6358),.PCURVE_S1.);
#6322 = B_SPLINE_CURVE_WITH_KNOTS('',2,(#6323,#6324,#6325,#6326,#6327,
    #6328,#6329,#6330,#6331,#6332,#6333,#6334,#6335),.UNSPECIFIED.,.F.,
  .F.,(3,2,2,2,2,2,3),(-1.,-0.9375,-0.875,-0.8125,-0.75,-0.6875,
    -0.678994969498),.UNSPECIFIED.);
#6323 = CARTESIAN_POINT('',(-13.86329683112,-54.40788439221,
    75.733806368681));
#6324 = CARTESIAN_POINT('',(-13.90009631812,-54.40788439221,
    75.958788385681));
#6325 = CARTESIAN_POINT('',(-13.99628947912,-54.40788439221,
    76.164865607681));
#6326 = CARTESIAN_POINT('',(-14.09282923112,-54.40788439221,
    76.371685340681));
#6327 = CARTESIAN_POINT('',(-14.24105666512,-54.40788439221,
    76.543795861681));
#6328 = CARTESIAN_POINT('',(-14.39000193312,-54.40788439221,
    76.716739877681));
#6329 = CARTESIAN_POINT('',(-14.57930273912,-54.40788439221,
    76.842273173681));
#6330 = CARTESIAN_POINT('',(-14.76952028912,-54.40788439221,
    76.968414400681));
#6331 = CARTESIAN_POINT('',(-14.98574477212,-54.40788439221,
    77.037987215681));
#6332 = CARTESIAN_POINT('',(-15.20301638412,-54.40788439221,
    77.107896956681));
#6333 = CARTESIAN_POINT('',(-15.43000238012,-54.40788439221,
    77.116308920681));
#6334 = CARTESIAN_POINT('',(-15.46104033117,-54.40788439221,
    77.117459168495));
#6335 = CARTESIAN_POINT('',(-15.49194302212,-54.40788439221,
    77.117464447951));
#6336 = PCURVE('',#6337,#6342);
#6337 = PLANE('',#6338);
#6338 = AXIS2_PLACEMENT_3D('',#6339,#6340,#6341);
#6339 = CARTESIAN_POINT('',(8.341940873663E-03,-54.40788439221,
    59.967461269681));
#6340 = DIRECTION('',(-5.546778314436E-16,1.,-3.86106458461E-15));
#6341 = DIRECTION('',(1.,5.546778314436E-16,-1.64473469566E-16));
#6342 = DEFINITIONAL_REPRESENTATION('',(#6343),#6357);
#6343 = B_SPLINE_CURVE_WITH_KNOTS('',2,(#6344,#6345,#6346,#6347,#6348,
    #6349,#6350,#6351,#6352,#6353,#6354,#6355,#6356),.UNSPECIFIED.,.F.,
  .F.,(3,2,2,2,2,2,3),(-1.,-0.9375,-0.875,-0.8125,-0.75,-0.6875,
    -0.678994969498),.UNSPECIFIED.);
#6344 = CARTESIAN_POINT('',(-13.871638772,-15.766345099));
#6345 = CARTESIAN_POINT('',(-13.908438259,-15.991327116));
#6346 = CARTESIAN_POINT('',(-14.00463142,-16.197404338));
#6347 = CARTESIAN_POINT('',(-14.101171172,-16.404224071));
#6348 = CARTESIAN_POINT('',(-14.249398606,-16.576334592));
#6349 = CARTESIAN_POINT('',(-14.398343874,-16.749278608));
#6350 = CARTESIAN_POINT('',(-14.58764468,-16.874811904));
#6351 = CARTESIAN_POINT('',(-14.77786223,-17.000953131));
#6352 = CARTESIAN_POINT('',(-14.994086713,-17.070525946));
#6353 = CARTESIAN_POINT('',(-15.211358325,-17.140435687));
#6354 = CARTESIAN_POINT('',(-15.438344321,-17.148847651));
#6355 = CARTESIAN_POINT('',(-15.46938227204,-17.14999789881));
#6356 = CARTESIAN_POINT('',(-15.500284963,-17.15000317827));
#6357 = ( GEOMETRIC_REPRESENTATION_CONTEXT(2) 
PARAMETRIC_REPRESENTATION_CONTEXT() REPRESENTATION_CONTEXT('2D SPACE',''
  ) );
#6358 = PCURVE('',#2320,#6359);
#6359 = DEFINITIONAL_REPRESENTATION('',(#6360),#6364);
#6360 = LINE('',#6361,#6362);
#6361 = CARTESIAN_POINT('',(-1.110223024625E-16,-2.168404344971E-18));
#6362 = VECTOR('',#6363,1.);
#6363 = DIRECTION('',(-1.,0.));
#6364 = ( GEOMETRIC_REPRESENTATION_CONTEXT(2) 
PARAMETRIC_REPRESENTATION_CONTEXT() REPRESENTATION_CONTEXT('2D SPACE',''
  ) );
#6365 = ORIENTED_EDGE('',*,*,#6366,.T.);
#6366 = EDGE_CURVE('',#6222,#6367,#6369,.T.);
#6367 = VERTEX_POINT('',#6368);
#6368 = CARTESIAN_POINT('',(-13.84165805912,-54.40788439221,
    77.117461269681));
#6369 = SURFACE_CURVE('',#6370,(#6374,#6381),.PCURVE_S1.);
#6370 = LINE('',#6371,#6372);
#6371 = CARTESIAN_POINT('',(-15.49165805912,-54.40788439221,
    77.117461269681));
#6372 = VECTOR('',#6373,1.);
#6373 = DIRECTION('',(1.,5.546778314436E-16,-1.64473469566E-16));
#6374 = PCURVE('',#6337,#6375);
#6375 = DEFINITIONAL_REPRESENTATION('',(#6376),#6380);
#6376 = LINE('',#6377,#6378);
#6377 = CARTESIAN_POINT('',(-15.5,-17.15));
#6378 = VECTOR('',#6379,1.);
#6379 = DIRECTION('',(1.,0.));
#6380 = ( GEOMETRIC_REPRESENTATION_CONTEXT(2) 
PARAMETRIC_REPRESENTATION_CONTEXT() REPRESENTATION_CONTEXT('2D SPACE',''
  ) );
#6381 = PCURVE('',#896,#6382);
#6382 = DEFINITIONAL_REPRESENTATION('',(#6383),#6387);
#6383 = LINE('',#6384,#6385);
#6384 = CARTESIAN_POINT('',(0.4,2.425));
#6385 = VECTOR('',#6386,1.);
#6386 = DIRECTION('',(3.51033443077E-31,-1.));
#6387 = ( GEOMETRIC_REPRESENTATION_CONTEXT(2) 
PARAMETRIC_REPRESENTATION_CONTEXT() REPRESENTATION_CONTEXT('2D SPACE',''
  ) );
#6388 = ORIENTED_EDGE('',*,*,#6389,.T.);
#6389 = EDGE_CURVE('',#6367,#6390,#6392,.T.);
#6390 = VERTEX_POINT('',#6391);
#6391 = CARTESIAN_POINT('',(-13.84165551519,-54.40788439221,
    75.467647489542));
#6392 = SURFACE_CURVE('',#6393,(#6397,#6404),.PCURVE_S1.);
#6393 = LINE('',#6394,#6395);
#6394 = CARTESIAN_POINT('',(-13.84165805912,-54.40788439221,
    77.117461269681));
#6395 = VECTOR('',#6396,1.);
#6396 = DIRECTION('',(-1.64473469566E-16,-3.86106458461E-15,-1.));
#6397 = PCURVE('',#6337,#6398);
#6398 = DEFINITIONAL_REPRESENTATION('',(#6399),#6403);
#6399 = LINE('',#6400,#6401);
#6400 = CARTESIAN_POINT('',(-13.85,-17.15));
#6401 = VECTOR('',#6402,1.);
#6402 = DIRECTION('',(-1.479114197289E-31,1.));
#6403 = ( GEOMETRIC_REPRESENTATION_CONTEXT(2) 
PARAMETRIC_REPRESENTATION_CONTEXT() REPRESENTATION_CONTEXT('2D SPACE',''
  ) );
#6404 = PCURVE('',#934,#6405);
#6405 = DEFINITIONAL_REPRESENTATION('',(#6406),#6410);
#6406 = LINE('',#6407,#6408);
#6407 = CARTESIAN_POINT('',(0.2,1.65));
#6408 = VECTOR('',#6409,1.);
#6409 = DIRECTION('',(0.,-1.));
#6410 = ( GEOMETRIC_REPRESENTATION_CONTEXT(2) 
PARAMETRIC_REPRESENTATION_CONTEXT() REPRESENTATION_CONTEXT('2D SPACE',''
  ) );
#6411 = ORIENTED_EDGE('',*,*,#6412,.T.);
#6412 = EDGE_CURVE('',#6390,#6319,#6413,.T.);
#6413 = SURFACE_CURVE('',#6414,(#6421,#6431),.PCURVE_S1.);
#6414 = B_SPLINE_CURVE_WITH_KNOTS('',3,(#6415,#6416,#6417,#6418,#6419,
    #6420),.UNSPECIFIED.,.F.,.F.,(4,2,4),(-2.674768868588E-02,
    -1.337374416109E-02,0.),.UNSPECIFIED.);
#6415 = CARTESIAN_POINT('',(-13.84165297125,-54.40788439221,
    75.467647489399));
#6416 = CARTESIAN_POINT('',(-13.84164794644,-54.40788439221,
    75.512227290928));
#6417 = CARTESIAN_POINT('',(-13.84344901298,-54.40788439221,
    75.556733943808));
#6418 = CARTESIAN_POINT('',(-13.85068140114,-54.40788439221,
    75.645599084858));
#6419 = CARTESIAN_POINT('',(-13.85610080843,-54.40788439221,
    75.689811850581));
#6420 = CARTESIAN_POINT('',(-13.86329683112,-54.40788439221,
    75.733806368681));
#6421 = PCURVE('',#6337,#6422);
#6422 = DEFINITIONAL_REPRESENTATION('',(#6423),#6430);
#6423 = B_SPLINE_CURVE_WITH_KNOTS('',3,(#6424,#6425,#6426,#6427,#6428,
    #6429),.UNSPECIFIED.,.F.,.F.,(4,2,4),(-2.674768868588E-02,
    -1.337374416109E-02,0.),.UNSPECIFIED.);
#6424 = CARTESIAN_POINT('',(-13.84999491212,-15.50018621971));
#6425 = CARTESIAN_POINT('',(-13.84998988731,-15.54476602124));
#6426 = CARTESIAN_POINT('',(-13.85179095385,-15.58927267412));
#6427 = CARTESIAN_POINT('',(-13.85902334201,-15.67813781517));
#6428 = CARTESIAN_POINT('',(-13.86444274931,-15.72235058089));
#6429 = CARTESIAN_POINT('',(-13.871638772,-15.766345099));
#6430 = ( GEOMETRIC_REPRESENTATION_CONTEXT(2) 
PARAMETRIC_REPRESENTATION_CONTEXT() REPRESENTATION_CONTEXT('2D SPACE',''
  ) );
#6431 = PCURVE('',#2414,#6432);
#6432 = DEFINITIONAL_REPRESENTATION('',(#6433),#6436);
#6433 = B_SPLINE_CURVE_WITH_KNOTS('',1,(#6434,#6435),.UNSPECIFIED.,.F.,
  .F.,(2,2),(-2.674768868588E-02,0.),.PIECEWISE_BEZIER_KNOTS.);
#6434 = CARTESIAN_POINT('',(0.355695575775,-1.268516541808E-17));
#6435 = CARTESIAN_POINT('',(-2.133553297031E-15,-1.268516541808E-17));
#6436 = ( GEOMETRIC_REPRESENTATION_CONTEXT(2) 
PARAMETRIC_REPRESENTATION_CONTEXT() REPRESENTATION_CONTEXT('2D SPACE',''
  ) );
#6437 = ADVANCED_FACE('',(#6438),#6454,.T.);
#6438 = FACE_BOUND('',#6439,.T.);
#6439 = EDGE_LOOP('',(#6440,#6475,#6498,#6521,#6552));
#6440 = ORIENTED_EDGE('',*,*,#6441,.T.);
#6441 = EDGE_CURVE('',#6442,#6390,#6444,.T.);
#6442 = VERTEX_POINT('',#6443);
#6443 = CARTESIAN_POINT('',(-13.91236028212,-54.40788439221,
    74.989634386681));
#6444 = SURFACE_CURVE('',#6445,(#6453,#6469),.PCURVE_S1.);
#6445 = B_SPLINE_CURVE_WITH_KNOTS('',3,(#6446,#6447,#6448,#6449,#6450,
    #6451,#6452),.UNSPECIFIED.,.F.,.F.,(4,3,4),(-4.826691318533E-02,
    -1.081128127759E-02,-1.25449895471E-06),.UNSPECIFIED.);
#6446 = CARTESIAN_POINT('',(-13.91236028212,-54.40788439221,
    74.989634386681));
#6447 = CARTESIAN_POINT('',(-13.87583913812,-54.40788439221,
    75.110342876681));
#6448 = CARTESIAN_POINT('',(-13.85346321712,-54.40788439221,
    75.233435417681));
#6449 = CARTESIAN_POINT('',(-13.84523251912,-54.40788439221,
    75.358912009681));
#6450 = CARTESIAN_POINT('',(-13.84285023106,-54.40788439221,
    75.395229877165));
#6451 = CARTESIAN_POINT('',(-13.84165704843,-54.40788439221,
    75.431475037024));
#6452 = CARTESIAN_POINT('',(-13.84165297125,-54.40788439221,
    75.467647489256));
#6453 = PCURVE('',#6454,#6459);
#6454 = PLANE('',#6455);
#6455 = AXIS2_PLACEMENT_3D('',#6456,#6457,#6458);
#6456 = CARTESIAN_POINT('',(8.341940873663E-03,-54.40788439221,
    59.967461269681));
#6457 = DIRECTION('',(-5.546778314436E-16,1.,-3.86106458461E-15));
#6458 = DIRECTION('',(1.,5.546778314436E-16,-1.64473469566E-16));
#6459 = DEFINITIONAL_REPRESENTATION('',(#6460),#6468);
#6460 = B_SPLINE_CURVE_WITH_KNOTS('',3,(#6461,#6462,#6463,#6464,#6465,
    #6466,#6467),.UNSPECIFIED.,.F.,.F.,(4,3,4),(-4.826691318533E-02,
    -1.081128127759E-02,-1.25449895471E-06),.UNSPECIFIED.);
#6461 = CARTESIAN_POINT('',(-13.920702223,-15.022173117));
#6462 = CARTESIAN_POINT('',(-13.884181079,-15.142881607));
#6463 = CARTESIAN_POINT('',(-13.861805158,-15.265974148));
#6464 = CARTESIAN_POINT('',(-13.85357446,-15.39145074));
#6465 = CARTESIAN_POINT('',(-13.85119217193,-15.42776860748));
#6466 = CARTESIAN_POINT('',(-13.84999898931,-15.46401376734));
#6467 = CARTESIAN_POINT('',(-13.84999491212,-15.50018621957));
#6468 = ( GEOMETRIC_REPRESENTATION_CONTEXT(2) 
PARAMETRIC_REPRESENTATION_CONTEXT() REPRESENTATION_CONTEXT('2D SPACE',''
  ) );
#6469 = PCURVE('',#2414,#6470);
#6470 = DEFINITIONAL_REPRESENTATION('',(#6471),#6474);
#6471 = B_SPLINE_CURVE_WITH_KNOTS('',1,(#6472,#6473),.UNSPECIFIED.,.F.,
  .F.,(2,2),(-4.826691318533E-02,-1.254499047733E-06),
  .PIECEWISE_BEZIER_KNOTS.);
#6472 = CARTESIAN_POINT('',(1.,-1.268516541808E-17));
#6473 = CARTESIAN_POINT('',(0.355695575966,-1.268516541808E-17));
#6474 = ( GEOMETRIC_REPRESENTATION_CONTEXT(2) 
PARAMETRIC_REPRESENTATION_CONTEXT() REPRESENTATION_CONTEXT('2D SPACE',''
  ) );
#6475 = ORIENTED_EDGE('',*,*,#6476,.T.);
#6476 = EDGE_CURVE('',#6390,#6477,#6479,.T.);
#6477 = VERTEX_POINT('',#6478);
#6478 = CARTESIAN_POINT('',(-13.84165805912,-54.40788439221,
    73.817461269681));
#6479 = SURFACE_CURVE('',#6480,(#6484,#6491),.PCURVE_S1.);
#6480 = LINE('',#6481,#6482);
#6481 = CARTESIAN_POINT('',(-13.84165805912,-54.40788439221,
    75.467461269681));
#6482 = VECTOR('',#6483,1.);
#6483 = DIRECTION('',(-1.64473469566E-16,-3.86106458461E-15,-1.));
#6484 = PCURVE('',#6454,#6485);
#6485 = DEFINITIONAL_REPRESENTATION('',(#6486),#6490);
#6486 = LINE('',#6487,#6488);
#6487 = CARTESIAN_POINT('',(-13.85,-15.5));
#6488 = VECTOR('',#6489,1.);
#6489 = DIRECTION('',(-1.479114197289E-31,1.));
#6490 = ( GEOMETRIC_REPRESENTATION_CONTEXT(2) 
PARAMETRIC_REPRESENTATION_CONTEXT() REPRESENTATION_CONTEXT('2D SPACE',''
  ) );
#6491 = PCURVE('',#934,#6492);
#6492 = DEFINITIONAL_REPRESENTATION('',(#6493),#6497);
#6493 = LINE('',#6494,#6495);
#6494 = CARTESIAN_POINT('',(0.2,-7.722129169219E-16));
#6495 = VECTOR('',#6496,1.);
#6496 = DIRECTION('',(0.,-1.));
#6497 = ( GEOMETRIC_REPRESENTATION_CONTEXT(2) 
PARAMETRIC_REPRESENTATION_CONTEXT() REPRESENTATION_CONTEXT('2D SPACE',''
  ) );
#6498 = ORIENTED_EDGE('',*,*,#6499,.T.);
#6499 = EDGE_CURVE('',#6477,#6500,#6502,.T.);
#6500 = VERTEX_POINT('',#6501);
#6501 = CARTESIAN_POINT('',(-15.48616461012,-54.40788439221,
    73.817461269681));
#6502 = SURFACE_CURVE('',#6503,(#6507,#6514),.PCURVE_S1.);
#6503 = LINE('',#6504,#6505);
#6504 = CARTESIAN_POINT('',(-13.84165805912,-54.40788439221,
    73.817461269681));
#6505 = VECTOR('',#6506,1.);
#6506 = DIRECTION('',(-1.,-5.546778314436E-16,1.64473469566E-16));
#6507 = PCURVE('',#6454,#6508);
#6508 = DEFINITIONAL_REPRESENTATION('',(#6509),#6513);
#6509 = LINE('',#6510,#6511);
#6510 = CARTESIAN_POINT('',(-13.85,-13.85));
#6511 = VECTOR('',#6512,1.);
#6512 = DIRECTION('',(-1.,0.));
#6513 = ( GEOMETRIC_REPRESENTATION_CONTEXT(2) 
PARAMETRIC_REPRESENTATION_CONTEXT() REPRESENTATION_CONTEXT('2D SPACE',''
  ) );
#6514 = PCURVE('',#809,#6515);
#6515 = DEFINITIONAL_REPRESENTATION('',(#6516),#6520);
#6516 = LINE('',#6517,#6518);
#6517 = CARTESIAN_POINT('',(1.65,-0.4));
#6518 = VECTOR('',#6519,1.);
#6519 = DIRECTION('',(-1.,-4.339700953352E-32));
#6520 = ( GEOMETRIC_REPRESENTATION_CONTEXT(2) 
PARAMETRIC_REPRESENTATION_CONTEXT() REPRESENTATION_CONTEXT('2D SPACE',''
  ) );
#6521 = ORIENTED_EDGE('',*,*,#6522,.T.);
#6522 = EDGE_CURVE('',#6500,#6523,#6525,.T.);
#6523 = VERTEX_POINT('',#6524);
#6524 = CARTESIAN_POINT('',(-14.60634266612,-54.40788439221,
    74.075083211681));
#6525 = SURFACE_CURVE('',#6526,(#6534,#6545),.PCURVE_S1.);
#6526 = B_SPLINE_CURVE_WITH_KNOTS('',2,(#6527,#6528,#6529,#6530,#6531,
    #6532,#6533),.UNSPECIFIED.,.F.,.F.,(3,2,2,3),(-0.772860109539,-0.75,
    -0.5,0.),.UNSPECIFIED.);
#6527 = CARTESIAN_POINT('',(-15.48616461012,-54.40788439221,
    73.817461269633));
#6528 = CARTESIAN_POINT('',(-15.47242711184,-54.40788439221,
    73.817511447243));
#6529 = CARTESIAN_POINT('',(-15.45867791212,-54.40788439221,
    73.817790905681));
#6530 = CARTESIAN_POINT('',(-15.30749352812,-54.40788439221,
    73.820863793681));
#6531 = CARTESIAN_POINT('',(-15.16044352112,-54.40788439221,
    73.851046431681));
#6532 = CARTESIAN_POINT('',(-14.86252358512,-54.40788439221,
    73.912195762681));
#6533 = CARTESIAN_POINT('',(-14.60634266612,-54.40788439221,
    74.075083211681));
#6534 = PCURVE('',#6454,#6535);
#6535 = DEFINITIONAL_REPRESENTATION('',(#6536),#6544);
#6536 = B_SPLINE_CURVE_WITH_KNOTS('',2,(#6537,#6538,#6539,#6540,#6541,
    #6542,#6543),.UNSPECIFIED.,.F.,.F.,(3,2,2,3),(-0.772860109539,-0.75,
    -0.5,0.),.UNSPECIFIED.);
#6537 = CARTESIAN_POINT('',(-15.494506551,-13.84999999995));
#6538 = CARTESIAN_POINT('',(-15.48076905271,-13.85005017756));
#6539 = CARTESIAN_POINT('',(-15.467019853,-13.850329636));
#6540 = CARTESIAN_POINT('',(-15.315835469,-13.853402524));
#6541 = CARTESIAN_POINT('',(-15.168785462,-13.883585162));
#6542 = CARTESIAN_POINT('',(-14.870865526,-13.944734493));
#6543 = CARTESIAN_POINT('',(-14.614684607,-14.107621942));
#6544 = ( GEOMETRIC_REPRESENTATION_CONTEXT(2) 
PARAMETRIC_REPRESENTATION_CONTEXT() REPRESENTATION_CONTEXT('2D SPACE',''
  ) );
#6545 = PCURVE('',#2492,#6546);
#6546 = DEFINITIONAL_REPRESENTATION('',(#6547),#6551);
#6547 = LINE('',#6548,#6549);
#6548 = CARTESIAN_POINT('',(6.494804694057E-14,3.377289767292E-17));
#6549 = VECTOR('',#6550,1.);
#6550 = DIRECTION('',(-1.,0.));
#6551 = ( GEOMETRIC_REPRESENTATION_CONTEXT(2) 
PARAMETRIC_REPRESENTATION_CONTEXT() REPRESENTATION_CONTEXT('2D SPACE',''
  ) );
#6552 = ORIENTED_EDGE('',*,*,#6553,.T.);
#6553 = EDGE_CURVE('',#6523,#6442,#6554,.T.);
#6554 = SURFACE_CURVE('',#6555,(#6561,#6570),.PCURVE_S1.);
#6555 = B_SPLINE_CURVE_WITH_KNOTS('',2,(#6556,#6557,#6558,#6559,#6560),
  .UNSPECIFIED.,.F.,.F.,(3,2,3),(-1.,-0.5,0.),.PIECEWISE_BEZIER_KNOTS.);
#6556 = CARTESIAN_POINT('',(-14.60634266612,-54.40788439221,
    74.075083211681));
#6557 = CARTESIAN_POINT('',(-14.35609520912,-54.40788439221,
    74.234197989681));
#6558 = CARTESIAN_POINT('',(-14.17724545912,-54.40788439221,
    74.470054873681));
#6559 = CARTESIAN_POINT('',(-13.99807410012,-54.40788439221,
    74.706335877681));
#6560 = CARTESIAN_POINT('',(-13.91236028212,-54.40788439221,
    74.989634386681));
#6561 = PCURVE('',#6454,#6562);
#6562 = DEFINITIONAL_REPRESENTATION('',(#6563),#6569);
#6563 = B_SPLINE_CURVE_WITH_KNOTS('',2,(#6564,#6565,#6566,#6567,#6568),
  .UNSPECIFIED.,.F.,.F.,(3,2,3),(-1.,-0.5,0.),.PIECEWISE_BEZIER_KNOTS.);
#6564 = CARTESIAN_POINT('',(-14.614684607,-14.107621942));
#6565 = CARTESIAN_POINT('',(-14.36443715,-14.26673672));
#6566 = CARTESIAN_POINT('',(-14.1855874,-14.502593604));
#6567 = CARTESIAN_POINT('',(-14.006416041,-14.738874608));
#6568 = CARTESIAN_POINT('',(-13.920702223,-15.022173117));
#6569 = ( GEOMETRIC_REPRESENTATION_CONTEXT(2) 
PARAMETRIC_REPRESENTATION_CONTEXT() REPRESENTATION_CONTEXT('2D SPACE',''
  ) );
#6570 = PCURVE('',#2452,#6571);
#6571 = DEFINITIONAL_REPRESENTATION('',(#6572),#6576);
#6572 = LINE('',#6573,#6574);
#6573 = CARTESIAN_POINT('',(1.110223024625E-15,-1.268516541808E-17));
#6574 = VECTOR('',#6575,1.);
#6575 = DIRECTION('',(-1.,0.));
#6576 = ( GEOMETRIC_REPRESENTATION_CONTEXT(2) 
PARAMETRIC_REPRESENTATION_CONTEXT() REPRESENTATION_CONTEXT('2D SPACE',''
  ) );
#6577 = ADVANCED_FACE('',(#6578),#6595,.T.);
#6578 = FACE_BOUND('',#6579,.T.);
#6579 = EDGE_LOOP('',(#6580,#6615,#6638,#6661));
#6580 = ORIENTED_EDGE('',*,*,#6581,.T.);
#6581 = EDGE_CURVE('',#6582,#6584,#6586,.T.);
#6582 = VERTEX_POINT('',#6583);
#6583 = CARTESIAN_POINT('',(-15.75800315812,-54.40788439221,
    73.839100041681));
#6584 = VERTEX_POINT('',#6585);
#6585 = CARTESIAN_POINT('',(-15.49818804619,-54.40788439221,
    73.817461269972));
#6586 = SURFACE_CURVE('',#6587,(#6594,#6609),.PCURVE_S1.);
#6587 = B_SPLINE_CURVE_WITH_KNOTS('',3,(#6588,#6589,#6590,#6591,#6592,
    #6593),.UNSPECIFIED.,.F.,.F.,(4,2,4),(-2.611336583263E-02,
    -1.305732682157E-02,-1.000706782429E-06),.UNSPECIFIED.);
#6588 = CARTESIAN_POINT('',(-15.75800315812,-54.40788439221,
    73.839100041681));
#6589 = CARTESIAN_POINT('',(-15.71505376954,-54.40788439221,
    73.832074967014));
#6590 = CARTESIAN_POINT('',(-15.67189475726,-54.40788439221,
    73.826739538424));
#6591 = CARTESIAN_POINT('',(-15.58515458845,-54.40788439221,
    73.819506517804));
#6592 = CARTESIAN_POINT('',(-15.54170883217,-54.40788439221,
    73.817620292759));
#6593 = CARTESIAN_POINT('',(-15.49818804619,-54.40788439221,
    73.817461269601));
#6594 = PCURVE('',#6595,#6600);
#6595 = PLANE('',#6596);
#6596 = AXIS2_PLACEMENT_3D('',#6597,#6598,#6599);
#6597 = CARTESIAN_POINT('',(8.341940873663E-03,-54.40788439221,
    59.967461269681));
#6598 = DIRECTION('',(-5.546778314436E-16,1.,-3.86106458461E-15));
#6599 = DIRECTION('',(1.,5.546778314436E-16,-1.64473469566E-16));
#6600 = DEFINITIONAL_REPRESENTATION('',(#6601),#6608);
#6601 = B_SPLINE_CURVE_WITH_KNOTS('',3,(#6602,#6603,#6604,#6605,#6606,
    #6607),.UNSPECIFIED.,.F.,.F.,(4,2,4),(-2.611336583263E-02,
    -1.305732682157E-02,-1.000706782429E-06),.UNSPECIFIED.);
#6602 = CARTESIAN_POINT('',(-15.766345099,-13.871638772));
#6603 = CARTESIAN_POINT('',(-15.72339571041,-13.86461369733));
#6604 = CARTESIAN_POINT('',(-15.68023669813,-13.85927826874));
#6605 = CARTESIAN_POINT('',(-15.59349652932,-13.85204524812));
#6606 = CARTESIAN_POINT('',(-15.55005077305,-13.85015902307));
#6607 = CARTESIAN_POINT('',(-15.50652998706,-13.84999999992));
#6608 = ( GEOMETRIC_REPRESENTATION_CONTEXT(2) 
PARAMETRIC_REPRESENTATION_CONTEXT() REPRESENTATION_CONTEXT('2D SPACE',''
  ) );
#6609 = PCURVE('',#2492,#6610);
#6610 = DEFINITIONAL_REPRESENTATION('',(#6611),#6614);
#6611 = B_SPLINE_CURVE_WITH_KNOTS('',1,(#6612,#6613),.UNSPECIFIED.,.F.,
  .F.,(2,2),(-2.611336583263E-02,-1.000706782429E-06),
  .PIECEWISE_BEZIER_KNOTS.);
#6612 = CARTESIAN_POINT('',(1.,3.377289767292E-17));
#6613 = CARTESIAN_POINT('',(0.782865872815,3.377289767292E-17));
#6614 = ( GEOMETRIC_REPRESENTATION_CONTEXT(2) 
PARAMETRIC_REPRESENTATION_CONTEXT() REPRESENTATION_CONTEXT('2D SPACE',''
  ) );
#6615 = ORIENTED_EDGE('',*,*,#6616,.T.);
#6616 = EDGE_CURVE('',#6584,#6617,#6619,.T.);
#6617 = VERTEX_POINT('',#6618);
#6618 = CARTESIAN_POINT('',(-17.14165805912,-54.40788439221,
    73.817461269681));
#6619 = SURFACE_CURVE('',#6620,(#6624,#6631),.PCURVE_S1.);
#6620 = LINE('',#6621,#6622);
#6621 = CARTESIAN_POINT('',(-15.49818804912,-54.40788439221,
    73.817461269681));
#6622 = VECTOR('',#6623,1.);
#6623 = DIRECTION('',(-1.,-5.546778314436E-16,1.64473469566E-16));
#6624 = PCURVE('',#6595,#6625);
#6625 = DEFINITIONAL_REPRESENTATION('',(#6626),#6630);
#6626 = LINE('',#6627,#6628);
#6627 = CARTESIAN_POINT('',(-15.50652999,-13.85));
#6628 = VECTOR('',#6629,1.);
#6629 = DIRECTION('',(-1.,0.));
#6630 = ( GEOMETRIC_REPRESENTATION_CONTEXT(2) 
PARAMETRIC_REPRESENTATION_CONTEXT() REPRESENTATION_CONTEXT('2D SPACE',''
  ) );
#6631 = PCURVE('',#809,#6632);
#6632 = DEFINITIONAL_REPRESENTATION('',(#6633),#6637);
#6633 = LINE('',#6634,#6635);
#6634 = CARTESIAN_POINT('',(-6.529990000001E-03,-0.4));
#6635 = VECTOR('',#6636,1.);
#6636 = DIRECTION('',(-1.,-4.339700953352E-32));
#6637 = ( GEOMETRIC_REPRESENTATION_CONTEXT(2) 
PARAMETRIC_REPRESENTATION_CONTEXT() REPRESENTATION_CONTEXT('2D SPACE',''
  ) );
#6638 = ORIENTED_EDGE('',*,*,#6639,.T.);
#6639 = EDGE_CURVE('',#6617,#6640,#6642,.T.);
#6640 = VERTEX_POINT('',#6641);
#6641 = CARTESIAN_POINT('',(-17.14165805886,-54.40788439221,
    75.458501776785));
#6642 = SURFACE_CURVE('',#6643,(#6647,#6654),.PCURVE_S1.);
#6643 = LINE('',#6644,#6645);
#6644 = CARTESIAN_POINT('',(-17.14165805912,-54.40788439221,
    73.817461269681));
#6645 = VECTOR('',#6646,1.);
#6646 = DIRECTION('',(1.64473469566E-16,3.86106458461E-15,1.));
#6647 = PCURVE('',#6595,#6648);
#6648 = DEFINITIONAL_REPRESENTATION('',(#6649),#6653);
#6649 = LINE('',#6650,#6651);
#6650 = CARTESIAN_POINT('',(-17.15,-13.85));
#6651 = VECTOR('',#6652,1.);
#6652 = DIRECTION('',(1.479114197289E-31,-1.));
#6653 = ( GEOMETRIC_REPRESENTATION_CONTEXT(2) 
PARAMETRIC_REPRESENTATION_CONTEXT() REPRESENTATION_CONTEXT('2D SPACE',''
  ) );
#6654 = PCURVE('',#783,#6655);
#6655 = DEFINITIONAL_REPRESENTATION('',(#6656),#6660);
#6656 = LINE('',#6657,#6658);
#6657 = CARTESIAN_POINT('',(-0.2,-1.65));
#6658 = VECTOR('',#6659,1.);
#6659 = DIRECTION('',(0.,1.));
#6660 = ( GEOMETRIC_REPRESENTATION_CONTEXT(2) 
PARAMETRIC_REPRESENTATION_CONTEXT() REPRESENTATION_CONTEXT('2D SPACE',''
  ) );
#6661 = ORIENTED_EDGE('',*,*,#6662,.T.);
#6662 = EDGE_CURVE('',#6640,#6582,#6663,.T.);
#6663 = SURFACE_CURVE('',#6664,(#6678,#6695),.PCURVE_S1.);
#6664 = B_SPLINE_CURVE_WITH_KNOTS('',2,(#6665,#6666,#6667,#6668,#6669,
    #6670,#6671,#6672,#6673,#6674,#6675,#6676,#6677),.UNSPECIFIED.,.F.,
  .F.,(3,2,2,2,2,2,3),(-0.319764535148,-0.3125,-0.25,-0.1875,-0.125,
    -6.25E-02,0.),.UNSPECIFIED.);
#6665 = CARTESIAN_POINT('',(-17.14165805901,-54.40788439221,
    75.458501776784));
#6666 = CARTESIAN_POINT('',(-17.14150104291,-54.40788439221,
    75.432188096974));
#6667 = CARTESIAN_POINT('',(-17.14050571012,-54.40788439221,
    75.405805590681));
#6668 = CARTESIAN_POINT('',(-17.13190095412,-54.40788439221,
    75.177726035681));
#6669 = CARTESIAN_POINT('',(-17.06218400512,-54.40788439221,
    74.961547982681));
#6670 = CARTESIAN_POINT('',(-16.99212943112,-54.40788439221,
    74.744323024681));
#6671 = CARTESIAN_POINT('',(-16.86646996312,-54.40788439221,
    74.555105949681));
#6672 = CARTESIAN_POINT('',(-16.74020195212,-54.40788439221,
    74.364972535681));
#6673 = CARTESIAN_POINT('',(-16.56799265112,-54.40788439221,
    74.216859875681));
#6674 = CARTESIAN_POINT('',(-16.39494937612,-54.40788439221,
    74.068029936681));
#6675 = CARTESIAN_POINT('',(-16.18906239712,-54.40788439221,
    73.972092689681));
#6676 = CARTESIAN_POINT('',(-15.98243205112,-54.40788439221,
    73.875809056681));
#6677 = CARTESIAN_POINT('',(-15.75800315812,-54.40788439221,
    73.839100041681));
#6678 = PCURVE('',#6595,#6679);
#6679 = DEFINITIONAL_REPRESENTATION('',(#6680),#6694);
#6680 = B_SPLINE_CURVE_WITH_KNOTS('',2,(#6681,#6682,#6683,#6684,#6685,
    #6686,#6687,#6688,#6689,#6690,#6691,#6692,#6693),.UNSPECIFIED.,.F.,
  .F.,(3,2,2,2,2,2,3),(-0.319764535148,-0.3125,-0.25,-0.1875,-0.125,
    -6.25E-02,0.),.UNSPECIFIED.);
#6681 = CARTESIAN_POINT('',(-17.14999999989,-15.4910405071));
#6682 = CARTESIAN_POINT('',(-17.14984298379,-15.46472682729));
#6683 = CARTESIAN_POINT('',(-17.148847651,-15.438344321));
#6684 = CARTESIAN_POINT('',(-17.140242895,-15.210264766));
#6685 = CARTESIAN_POINT('',(-17.070525946,-14.994086713));
#6686 = CARTESIAN_POINT('',(-17.000471372,-14.776861755));
#6687 = CARTESIAN_POINT('',(-16.874811904,-14.58764468));
#6688 = CARTESIAN_POINT('',(-16.748543893,-14.397511266));
#6689 = CARTESIAN_POINT('',(-16.576334592,-14.249398606));
#6690 = CARTESIAN_POINT('',(-16.403291317,-14.100568667));
#6691 = CARTESIAN_POINT('',(-16.197404338,-14.00463142));
#6692 = CARTESIAN_POINT('',(-15.990773992,-13.908347787));
#6693 = CARTESIAN_POINT('',(-15.766345099,-13.871638772));
#6694 = ( GEOMETRIC_REPRESENTATION_CONTEXT(2) 
PARAMETRIC_REPRESENTATION_CONTEXT() REPRESENTATION_CONTEXT('2D SPACE',''
  ) );
#6695 = PCURVE('',#2320,#6696);
#6696 = DEFINITIONAL_REPRESENTATION('',(#6697),#6701);
#6697 = LINE('',#6698,#6699);
#6698 = CARTESIAN_POINT('',(3.774758283726E-15,-2.168404344971E-18));
#6699 = VECTOR('',#6700,1.);
#6700 = DIRECTION('',(-1.,0.));
#6701 = ( GEOMETRIC_REPRESENTATION_CONTEXT(2) 
PARAMETRIC_REPRESENTATION_CONTEXT() REPRESENTATION_CONTEXT('2D SPACE',''
  ) );
#6702 = ADVANCED_FACE('',(#6703),#6739,.T.);
#6703 = FACE_BOUND('',#6704,.T.);
#6704 = EDGE_LOOP('',(#6705,#6778,#6801));
#6705 = ORIENTED_EDGE('',*,*,#6706,.T.);
#6706 = EDGE_CURVE('',#6707,#6709,#6711,.T.);
#6707 = VERTEX_POINT('',#6708);
#6708 = CARTESIAN_POINT('',(17.158341940874,-54.40788439221,
    75.467461269681));
#6709 = VERTEX_POINT('',#6710);
#6710 = CARTESIAN_POINT('',(15.508341940874,-54.40788439221,
    77.117461269681));
#6711 = SURFACE_CURVE('',#6712,(#6738,#6772),.PCURVE_S1.);
#6712 = B_SPLINE_CURVE_WITH_KNOTS('',3,(#6713,#6714,#6715,#6716,#6717,
    #6718,#6719,#6720,#6721,#6722,#6723,#6724,#6725,#6726,#6727,#6728,
    #6729,#6730,#6731,#6732,#6733,#6734,#6735,#6736,#6737),
  .UNSPECIFIED.,.F.,.F.,(4,3,3,3,3,3,3,3,4),(-0.259747602915,
    -0.22727927755,-0.194810952186,-0.162342626822,-0.129874301457,
    -9.740597609303E-02,-6.493765072872E-02,-3.246932536442E-02,
    -9.999999999177E-07),.UNSPECIFIED.);
#6713 = CARTESIAN_POINT('',(17.158341940874,-54.40788439221,
    75.467461269681));
#6714 = CARTESIAN_POINT('',(17.158341940874,-54.40788439221,
    75.575452621681));
#6715 = CARTESIAN_POINT('',(17.147705720874,-54.40788439221,
    75.683443973181));
#6716 = CARTESIAN_POINT('',(17.126637653207,-54.40788439221,
    75.789360301098));
#6717 = CARTESIAN_POINT('',(17.10556958554,-54.40788439221,
    75.895276629015));
#6718 = CARTESIAN_POINT('',(17.074069670207,-54.40788439221,
    75.999117933348));
#6719 = CARTESIAN_POINT('',(17.032743169207,-54.40788439221,
    76.098888932848));
#6720 = CARTESIAN_POINT('',(16.991416668207,-54.40788439221,
    76.198659932348));
#6721 = CARTESIAN_POINT('',(16.94026358154,-54.40788439221,
    76.294360627015));
#6722 = CARTESIAN_POINT('',(16.880266801207,-54.40788439221,
    76.384152154348));
#6723 = CARTESIAN_POINT('',(16.820270020874,-54.40788439221,
    76.473943681681));
#6724 = CARTESIAN_POINT('',(16.751429546874,-54.40788439221,
    76.557826041681));
#6725 = CARTESIAN_POINT('',(16.675068129874,-54.40788439221,
    76.634187458681));
#6726 = CARTESIAN_POINT('',(16.598706712874,-54.40788439221,
    76.710548875681));
#6727 = CARTESIAN_POINT('',(16.514824352874,-54.40788439221,
    76.779389349681));
#6728 = CARTESIAN_POINT('',(16.42503282554,-54.40788439221,
    76.839386130015));
#6729 = CARTESIAN_POINT('',(16.335241298207,-54.40788439221,
    76.899382910348));
#6730 = CARTESIAN_POINT('',(16.23954060354,-54.40788439221,
    76.950535997015));
#6731 = CARTESIAN_POINT('',(16.13976960404,-54.40788439221,
    76.991862498015));
#6732 = CARTESIAN_POINT('',(16.03999860454,-54.40788439221,
    77.033188999015));
#6733 = CARTESIAN_POINT('',(15.936157300207,-54.40788439221,
    77.064688914348));
#6734 = CARTESIAN_POINT('',(15.830240972207,-54.40788439221,
    77.085756982015));
#6735 = CARTESIAN_POINT('',(15.724324644207,-54.40788439221,
    77.106825049682));
#6736 = CARTESIAN_POINT('',(15.61633329254,-54.40788439221,
    77.117461269681));
#6737 = CARTESIAN_POINT('',(15.508341940872,-54.40788439221,
    77.117461269681));
#6738 = PCURVE('',#6739,#6744);
#6739 = PLANE('',#6740);
#6740 = AXIS2_PLACEMENT_3D('',#6741,#6742,#6743);
#6741 = CARTESIAN_POINT('',(8.341940873663E-03,-54.40788439221,
    59.967461269681));
#6742 = DIRECTION('',(-5.546778314436E-16,1.,-3.86106458461E-15));
#6743 = DIRECTION('',(1.,5.546778314436E-16,-1.64473469566E-16));
#6744 = DEFINITIONAL_REPRESENTATION('',(#6745),#6771);
#6745 = B_SPLINE_CURVE_WITH_KNOTS('',3,(#6746,#6747,#6748,#6749,#6750,
    #6751,#6752,#6753,#6754,#6755,#6756,#6757,#6758,#6759,#6760,#6761,
    #6762,#6763,#6764,#6765,#6766,#6767,#6768,#6769,#6770),
  .UNSPECIFIED.,.F.,.F.,(4,3,3,3,3,3,3,3,4),(-0.259747602915,
    -0.22727927755,-0.194810952186,-0.162342626822,-0.129874301457,
    -9.740597609303E-02,-6.493765072872E-02,-3.246932536442E-02,
    -9.999999999177E-07),.UNSPECIFIED.);
#6746 = CARTESIAN_POINT('',(17.15,-15.5));
#6747 = CARTESIAN_POINT('',(17.15,-15.607991352));
#6748 = CARTESIAN_POINT('',(17.13936378,-15.7159827035));
#6749 = CARTESIAN_POINT('',(17.118295712333,-15.82189903141));
#6750 = CARTESIAN_POINT('',(17.097227644667,-15.92781535933));
#6751 = CARTESIAN_POINT('',(17.065727729333,-16.03165666366));
#6752 = CARTESIAN_POINT('',(17.024401228333,-16.13142766316));
#6753 = CARTESIAN_POINT('',(16.983074727333,-16.23119866266));
#6754 = CARTESIAN_POINT('',(16.931921640667,-16.32689935733));
#6755 = CARTESIAN_POINT('',(16.871924860333,-16.41669088466));
#6756 = CARTESIAN_POINT('',(16.81192808,-16.506482412));
#6757 = CARTESIAN_POINT('',(16.743087606,-16.590364772));
#6758 = CARTESIAN_POINT('',(16.666726189,-16.666726189));
#6759 = CARTESIAN_POINT('',(16.590364772,-16.743087606));
#6760 = CARTESIAN_POINT('',(16.506482412,-16.81192808));
#6761 = CARTESIAN_POINT('',(16.416690884667,-16.87192486033));
#6762 = CARTESIAN_POINT('',(16.326899357333,-16.93192164066));
#6763 = CARTESIAN_POINT('',(16.231198662667,-16.98307472733));
#6764 = CARTESIAN_POINT('',(16.131427663167,-17.02440122833));
#6765 = CARTESIAN_POINT('',(16.031656663667,-17.06572772933));
#6766 = CARTESIAN_POINT('',(15.927815359333,-17.09722764466));
#6767 = CARTESIAN_POINT('',(15.821899031333,-17.11829571233));
#6768 = CARTESIAN_POINT('',(15.715982703333,-17.13936378));
#6769 = CARTESIAN_POINT('',(15.607991351666,-17.15));
#6770 = CARTESIAN_POINT('',(15.499999999999,-17.15));
#6771 = ( GEOMETRIC_REPRESENTATION_CONTEXT(2) 
PARAMETRIC_REPRESENTATION_CONTEXT() REPRESENTATION_CONTEXT('2D SPACE',''
  ) );
#6772 = PCURVE('',#2163,#6773);
#6773 = DEFINITIONAL_REPRESENTATION('',(#6774),#6777);
#6774 = B_SPLINE_CURVE_WITH_KNOTS('',1,(#6775,#6776),.UNSPECIFIED.,.F.,
  .F.,(2,2),(-0.259747602915,-9.999999999177E-07),
  .PIECEWISE_BEZIER_KNOTS.);
#6775 = CARTESIAN_POINT('',(1.,-1.268516541808E-17));
#6776 = CARTESIAN_POINT('',(0.75,-1.268516541808E-17));
#6777 = ( GEOMETRIC_REPRESENTATION_CONTEXT(2) 
PARAMETRIC_REPRESENTATION_CONTEXT() REPRESENTATION_CONTEXT('2D SPACE',''
  ) );
#6778 = ORIENTED_EDGE('',*,*,#6779,.T.);
#6779 = EDGE_CURVE('',#6709,#6780,#6782,.T.);
#6780 = VERTEX_POINT('',#6781);
#6781 = CARTESIAN_POINT('',(17.158341940874,-54.40788439221,
    77.117461269681));
#6782 = SURFACE_CURVE('',#6783,(#6787,#6794),.PCURVE_S1.);
#6783 = LINE('',#6784,#6785);
#6784 = CARTESIAN_POINT('',(15.508341940874,-54.40788439221,
    77.117461269681));
#6785 = VECTOR('',#6786,1.);
#6786 = DIRECTION('',(1.,5.546778314436E-16,-1.64473469566E-16));
#6787 = PCURVE('',#6739,#6788);
#6788 = DEFINITIONAL_REPRESENTATION('',(#6789),#6793);
#6789 = LINE('',#6790,#6791);
#6790 = CARTESIAN_POINT('',(15.5,-17.15));
#6791 = VECTOR('',#6792,1.);
#6792 = DIRECTION('',(1.,0.));
#6793 = ( GEOMETRIC_REPRESENTATION_CONTEXT(2) 
PARAMETRIC_REPRESENTATION_CONTEXT() REPRESENTATION_CONTEXT('2D SPACE',''
  ) );
#6794 = PCURVE('',#1103,#6795);
#6795 = DEFINITIONAL_REPRESENTATION('',(#6796),#6800);
#6796 = LINE('',#6797,#6798);
#6797 = CARTESIAN_POINT('',(-0.2,-1.109355662887E-16));
#6798 = VECTOR('',#6799,1.);
#6799 = DIRECTION('',(-3.51033443077E-31,1.));
#6800 = ( GEOMETRIC_REPRESENTATION_CONTEXT(2) 
PARAMETRIC_REPRESENTATION_CONTEXT() REPRESENTATION_CONTEXT('2D SPACE',''
  ) );
#6801 = ORIENTED_EDGE('',*,*,#6802,.T.);
#6802 = EDGE_CURVE('',#6780,#6707,#6803,.T.);
#6803 = SURFACE_CURVE('',#6804,(#6808,#6815),.PCURVE_S1.);
#6804 = LINE('',#6805,#6806);
#6805 = CARTESIAN_POINT('',(17.158341940874,-54.40788439221,
    77.117461269681));
#6806 = VECTOR('',#6807,1.);
#6807 = DIRECTION('',(-1.64473469566E-16,-3.86106458461E-15,-1.));
#6808 = PCURVE('',#6739,#6809);
#6809 = DEFINITIONAL_REPRESENTATION('',(#6810),#6814);
#6810 = LINE('',#6811,#6812);
#6811 = CARTESIAN_POINT('',(17.15,-17.15));
#6812 = VECTOR('',#6813,1.);
#6813 = DIRECTION('',(-1.479114197289E-31,1.));
#6814 = ( GEOMETRIC_REPRESENTATION_CONTEXT(2) 
PARAMETRIC_REPRESENTATION_CONTEXT() REPRESENTATION_CONTEXT('2D SPACE',''
  ) );
#6815 = PCURVE('',#1162,#6816);
#6816 = DEFINITIONAL_REPRESENTATION('',(#6817),#6821);
#6817 = LINE('',#6818,#6819);
#6818 = CARTESIAN_POINT('',(0.4,4.075));
#6819 = VECTOR('',#6820,1.);
#6820 = DIRECTION('',(0.,-1.));
#6821 = ( GEOMETRIC_REPRESENTATION_CONTEXT(2) 
PARAMETRIC_REPRESENTATION_CONTEXT() REPRESENTATION_CONTEXT('2D SPACE',''
  ) );
#6822 = ADVANCED_FACE('',(#6823),#6857,.T.);
#6823 = FACE_BOUND('',#6824,.T.);
#6824 = EDGE_LOOP('',(#6825,#6896,#6919));
#6825 = ORIENTED_EDGE('',*,*,#6826,.T.);
#6826 = EDGE_CURVE('',#6827,#6707,#6829,.T.);
#6827 = VERTEX_POINT('',#6828);
#6828 = CARTESIAN_POINT('',(15.508341940874,-54.40788439221,
    73.817461269681));
#6829 = SURFACE_CURVE('',#6830,(#6856,#6890),.PCURVE_S1.);
#6830 = B_SPLINE_CURVE_WITH_KNOTS('',3,(#6831,#6832,#6833,#6834,#6835,
    #6836,#6837,#6838,#6839,#6840,#6841,#6842,#6843,#6844,#6845,#6846,
    #6847,#6848,#6849,#6850,#6851,#6852,#6853,#6854,#6855),
  .UNSPECIFIED.,.F.,.F.,(4,3,3,3,3,3,3,3,4),(-0.259747604104,
    -0.227279278591,-0.194810953078,-0.162342627565,-0.129874302052,
    -9.740597653905E-02,-6.493765102607E-02,-3.246932551309E-02,
    -1.00000012776E-06),.UNSPECIFIED.);
#6831 = CARTESIAN_POINT('',(15.508341940874,-54.40788439221,
    73.817461269681));
#6832 = CARTESIAN_POINT('',(15.61633329254,-54.40788439221,
    73.817461269681));
#6833 = CARTESIAN_POINT('',(15.724324644207,-54.40788439221,
    73.828097489681));
#6834 = CARTESIAN_POINT('',(15.830240972207,-54.40788439221,
    73.849165557348));
#6835 = CARTESIAN_POINT('',(15.936157300207,-54.40788439221,
    73.870233625015));
#6836 = CARTESIAN_POINT('',(16.03999860454,-54.40788439221,
    73.901733540348));
#6837 = CARTESIAN_POINT('',(16.13976960404,-54.40788439221,
    73.943060041348));
#6838 = CARTESIAN_POINT('',(16.23954060354,-54.40788439221,
    73.984386542348));
#6839 = CARTESIAN_POINT('',(16.335241298207,-54.40788439221,
    74.035539629015));
#6840 = CARTESIAN_POINT('',(16.42503282554,-54.40788439221,
    74.095536409348));
#6841 = CARTESIAN_POINT('',(16.514824352874,-54.40788439221,
    74.155533189681));
#6842 = CARTESIAN_POINT('',(16.598706712874,-54.40788439221,
    74.224373663681));
#6843 = CARTESIAN_POINT('',(16.675068129874,-54.40788439221,
    74.300735080681));
#6844 = CARTESIAN_POINT('',(16.751429546874,-54.40788439221,
    74.377096497681));
#6845 = CARTESIAN_POINT('',(16.820270020874,-54.40788439221,
    74.460978857681));
#6846 = CARTESIAN_POINT('',(16.880266801207,-54.40788439221,
    74.550770385015));
#6847 = CARTESIAN_POINT('',(16.94026358154,-54.40788439221,
    74.640561912348));
#6848 = CARTESIAN_POINT('',(16.991416668207,-54.40788439221,
    74.736262607015));
#6849 = CARTESIAN_POINT('',(17.032743169207,-54.40788439221,
    74.836033606515));
#6850 = CARTESIAN_POINT('',(17.074069670207,-54.40788439221,
    74.935804606015));
#6851 = CARTESIAN_POINT('',(17.10556958554,-54.40788439221,
    75.039645910348));
#6852 = CARTESIAN_POINT('',(17.126637653207,-54.40788439221,
    75.145562238265));
#6853 = CARTESIAN_POINT('',(17.147705720874,-54.40788439221,
    75.251478566181));
#6854 = CARTESIAN_POINT('',(17.158341940874,-54.40788439221,
    75.359469917681));
#6855 = CARTESIAN_POINT('',(17.158341940874,-54.40788439221,
    75.467461269681));
#6856 = PCURVE('',#6857,#6862);
#6857 = PLANE('',#6858);
#6858 = AXIS2_PLACEMENT_3D('',#6859,#6860,#6861);
#6859 = CARTESIAN_POINT('',(8.341940873663E-03,-54.40788439221,
    59.967461269681));
#6860 = DIRECTION('',(-5.546778314436E-16,1.,-3.86106458461E-15));
#6861 = DIRECTION('',(1.,5.546778314436E-16,-1.64473469566E-16));
#6862 = DEFINITIONAL_REPRESENTATION('',(#6863),#6889);
#6863 = B_SPLINE_CURVE_WITH_KNOTS('',3,(#6864,#6865,#6866,#6867,#6868,
    #6869,#6870,#6871,#6872,#6873,#6874,#6875,#6876,#6877,#6878,#6879,
    #6880,#6881,#6882,#6883,#6884,#6885,#6886,#6887,#6888),
  .UNSPECIFIED.,.F.,.F.,(4,3,3,3,3,3,3,3,4),(-0.259747604104,
    -0.227279278591,-0.194810953078,-0.162342627565,-0.129874302052,
    -9.740597653905E-02,-6.493765102607E-02,-3.246932551309E-02,
    -1.00000012776E-06),.UNSPECIFIED.);
#6864 = CARTESIAN_POINT('',(15.5,-13.85));
#6865 = CARTESIAN_POINT('',(15.607991351667,-13.85));
#6866 = CARTESIAN_POINT('',(15.715982703333,-13.86063622));
#6867 = CARTESIAN_POINT('',(15.821899031333,-13.88170428766));
#6868 = CARTESIAN_POINT('',(15.927815359333,-13.90277235533));
#6869 = CARTESIAN_POINT('',(16.031656663667,-13.93427227066));
#6870 = CARTESIAN_POINT('',(16.131427663167,-13.97559877166));
#6871 = CARTESIAN_POINT('',(16.231198662667,-14.01692527266));
#6872 = CARTESIAN_POINT('',(16.326899357333,-14.06807835933));
#6873 = CARTESIAN_POINT('',(16.416690884667,-14.12807513966));
#6874 = CARTESIAN_POINT('',(16.506482412,-14.18807192));
#6875 = CARTESIAN_POINT('',(16.590364772,-14.256912394));
#6876 = CARTESIAN_POINT('',(16.666726189,-14.333273811));
#6877 = CARTESIAN_POINT('',(16.743087606,-14.409635228));
#6878 = CARTESIAN_POINT('',(16.81192808,-14.493517588));
#6879 = CARTESIAN_POINT('',(16.871924860333,-14.58330911533));
#6880 = CARTESIAN_POINT('',(16.931921640667,-14.67310064266));
#6881 = CARTESIAN_POINT('',(16.983074727333,-14.76880133733));
#6882 = CARTESIAN_POINT('',(17.024401228333,-14.86857233683));
#6883 = CARTESIAN_POINT('',(17.065727729333,-14.96834333633));
#6884 = CARTESIAN_POINT('',(17.097227644667,-15.07218464066));
#6885 = CARTESIAN_POINT('',(17.118295712333,-15.17810096858));
#6886 = CARTESIAN_POINT('',(17.13936378,-15.2840172965));
#6887 = CARTESIAN_POINT('',(17.15,-15.392008648));
#6888 = CARTESIAN_POINT('',(17.15,-15.5));
#6889 = ( GEOMETRIC_REPRESENTATION_CONTEXT(2) 
PARAMETRIC_REPRESENTATION_CONTEXT() REPRESENTATION_CONTEXT('2D SPACE',''
  ) );
#6890 = PCURVE('',#2163,#6891);
#6891 = DEFINITIONAL_REPRESENTATION('',(#6892),#6895);
#6892 = B_SPLINE_CURVE_WITH_KNOTS('',1,(#6893,#6894),.UNSPECIFIED.,.F.,
  .F.,(2,2),(-0.259747604104,-1.00000012776E-06),
  .PIECEWISE_BEZIER_KNOTS.);
#6893 = CARTESIAN_POINT('',(0.25,-1.268516541808E-17));
#6894 = CARTESIAN_POINT('',(0.,-1.268516541808E-17));
#6895 = ( GEOMETRIC_REPRESENTATION_CONTEXT(2) 
PARAMETRIC_REPRESENTATION_CONTEXT() REPRESENTATION_CONTEXT('2D SPACE',''
  ) );
#6896 = ORIENTED_EDGE('',*,*,#6897,.T.);
#6897 = EDGE_CURVE('',#6707,#6898,#6900,.T.);
#6898 = VERTEX_POINT('',#6899);
#6899 = CARTESIAN_POINT('',(17.158341940874,-54.40788439221,
    73.817461269681));
#6900 = SURFACE_CURVE('',#6901,(#6905,#6912),.PCURVE_S1.);
#6901 = LINE('',#6902,#6903);
#6902 = CARTESIAN_POINT('',(17.158341940874,-54.40788439221,
    75.467461269681));
#6903 = VECTOR('',#6904,1.);
#6904 = DIRECTION('',(-1.64473469566E-16,-3.86106458461E-15,-1.));
#6905 = PCURVE('',#6857,#6906);
#6906 = DEFINITIONAL_REPRESENTATION('',(#6907),#6911);
#6907 = LINE('',#6908,#6909);
#6908 = CARTESIAN_POINT('',(17.15,-15.5));
#6909 = VECTOR('',#6910,1.);
#6910 = DIRECTION('',(-1.479114197289E-31,1.));
#6911 = ( GEOMETRIC_REPRESENTATION_CONTEXT(2) 
PARAMETRIC_REPRESENTATION_CONTEXT() REPRESENTATION_CONTEXT('2D SPACE',''
  ) );
#6912 = PCURVE('',#1162,#6913);
#6913 = DEFINITIONAL_REPRESENTATION('',(#6914),#6918);
#6914 = LINE('',#6915,#6916);
#6915 = CARTESIAN_POINT('',(0.4,2.425));
#6916 = VECTOR('',#6917,1.);
#6917 = DIRECTION('',(0.,-1.));
#6918 = ( GEOMETRIC_REPRESENTATION_CONTEXT(2) 
PARAMETRIC_REPRESENTATION_CONTEXT() REPRESENTATION_CONTEXT('2D SPACE',''
  ) );
#6919 = ORIENTED_EDGE('',*,*,#6920,.T.);
#6920 = EDGE_CURVE('',#6898,#6827,#6921,.T.);
#6921 = SURFACE_CURVE('',#6922,(#6926,#6933),.PCURVE_S1.);
#6922 = LINE('',#6923,#6924);
#6923 = CARTESIAN_POINT('',(17.158341940874,-54.40788439221,
    73.817461269681));
#6924 = VECTOR('',#6925,1.);
#6925 = DIRECTION('',(-1.,-5.546778314436E-16,1.64473469566E-16));
#6926 = PCURVE('',#6857,#6927);
#6927 = DEFINITIONAL_REPRESENTATION('',(#6928),#6932);
#6928 = LINE('',#6929,#6930);
#6929 = CARTESIAN_POINT('',(17.15,-13.85));
#6930 = VECTOR('',#6931,1.);
#6931 = DIRECTION('',(-1.,0.));
#6932 = ( GEOMETRIC_REPRESENTATION_CONTEXT(2) 
PARAMETRIC_REPRESENTATION_CONTEXT() REPRESENTATION_CONTEXT('2D SPACE',''
  ) );
#6933 = PCURVE('',#1287,#6934);
#6934 = DEFINITIONAL_REPRESENTATION('',(#6935),#6939);
#6935 = LINE('',#6936,#6937);
#6936 = CARTESIAN_POINT('',(0.2,1.65));
#6937 = VECTOR('',#6938,1.);
#6938 = DIRECTION('',(-3.51033443077E-31,-1.));
#6939 = ( GEOMETRIC_REPRESENTATION_CONTEXT(2) 
PARAMETRIC_REPRESENTATION_CONTEXT() REPRESENTATION_CONTEXT('2D SPACE',''
  ) );
#6940 = ADVANCED_FACE('',(#6941),#6975,.T.);
#6941 = FACE_BOUND('',#6942,.T.);
#6942 = EDGE_LOOP('',(#6943,#7014,#7037));
#6943 = ORIENTED_EDGE('',*,*,#6944,.T.);
#6944 = EDGE_CURVE('',#6945,#6827,#6947,.T.);
#6945 = VERTEX_POINT('',#6946);
#6946 = CARTESIAN_POINT('',(13.858341940874,-54.40788439221,
    75.467461269681));
#6947 = SURFACE_CURVE('',#6948,(#6974,#7008),.PCURVE_S1.);
#6948 = B_SPLINE_CURVE_WITH_KNOTS('',3,(#6949,#6950,#6951,#6952,#6953,
    #6954,#6955,#6956,#6957,#6958,#6959,#6960,#6961,#6962,#6963,#6964,
    #6965,#6966,#6967,#6968,#6969,#6970,#6971,#6972,#6973),
  .UNSPECIFIED.,.F.,.F.,(4,3,3,3,3,3,3,3,4),(-0.259747603062,
    -0.22727927768,-0.194810952297,-0.162342626914,-0.129874301531,
    -9.740597614851E-02,-6.493765076571E-02,-3.246932538291E-02,
    -1.000000117379E-06),.UNSPECIFIED.);
#6949 = CARTESIAN_POINT('',(13.858341940874,-54.40788439221,
    75.467461269681));
#6950 = CARTESIAN_POINT('',(13.858341940874,-54.40788439221,
    75.359469918015));
#6951 = CARTESIAN_POINT('',(13.868978160874,-54.40788439221,
    75.251478566348));
#6952 = CARTESIAN_POINT('',(13.89004622854,-54.40788439221,
    75.145562238348));
#6953 = CARTESIAN_POINT('',(13.911114296207,-54.40788439221,
    75.039645910348));
#6954 = CARTESIAN_POINT('',(13.94261421154,-54.40788439221,
    74.935804606015));
#6955 = CARTESIAN_POINT('',(13.98394071254,-54.40788439221,
    74.836033606515));
#6956 = CARTESIAN_POINT('',(14.02526721354,-54.40788439221,
    74.736262607015));
#6957 = CARTESIAN_POINT('',(14.076420300207,-54.40788439221,
    74.640561912348));
#6958 = CARTESIAN_POINT('',(14.13641708054,-54.40788439221,
    74.550770385015));
#6959 = CARTESIAN_POINT('',(14.196413860874,-54.40788439221,
    74.460978857681));
#6960 = CARTESIAN_POINT('',(14.265254334874,-54.40788439221,
    74.377096497681));
#6961 = CARTESIAN_POINT('',(14.341615751874,-54.40788439221,
    74.300735080681));
#6962 = CARTESIAN_POINT('',(14.417977168874,-54.40788439221,
    74.224373663681));
#6963 = CARTESIAN_POINT('',(14.501859528874,-54.40788439221,
    74.155533189681));
#6964 = CARTESIAN_POINT('',(14.591651056207,-54.40788439221,
    74.095536409348));
#6965 = CARTESIAN_POINT('',(14.68144258354,-54.40788439221,
    74.035539629015));
#6966 = CARTESIAN_POINT('',(14.777143278207,-54.40788439221,
    73.984386542348));
#6967 = CARTESIAN_POINT('',(14.876914277707,-54.40788439221,
    73.943060041348));
#6968 = CARTESIAN_POINT('',(14.976685277207,-54.40788439221,
    73.901733540348));
#6969 = CARTESIAN_POINT('',(15.08052658154,-54.40788439221,
    73.870233625015));
#6970 = CARTESIAN_POINT('',(15.18644290954,-54.40788439221,
    73.849165557348));
#6971 = CARTESIAN_POINT('',(15.29235923754,-54.40788439221,
    73.828097489681));
#6972 = CARTESIAN_POINT('',(15.400350589207,-54.40788439221,
    73.817461269681));
#6973 = CARTESIAN_POINT('',(15.508341940874,-54.40788439221,
    73.817461269681));
#6974 = PCURVE('',#6975,#6980);
#6975 = PLANE('',#6976);
#6976 = AXIS2_PLACEMENT_3D('',#6977,#6978,#6979);
#6977 = CARTESIAN_POINT('',(8.341940873663E-03,-54.40788439221,
    59.967461269681));
#6978 = DIRECTION('',(-5.546778314436E-16,1.,-3.86106458461E-15));
#6979 = DIRECTION('',(1.,5.546778314436E-16,-1.64473469566E-16));
#6980 = DEFINITIONAL_REPRESENTATION('',(#6981),#7007);
#6981 = B_SPLINE_CURVE_WITH_KNOTS('',3,(#6982,#6983,#6984,#6985,#6986,
    #6987,#6988,#6989,#6990,#6991,#6992,#6993,#6994,#6995,#6996,#6997,
    #6998,#6999,#7000,#7001,#7002,#7003,#7004,#7005,#7006),
  .UNSPECIFIED.,.F.,.F.,(4,3,3,3,3,3,3,3,4),(-0.259747603062,
    -0.22727927768,-0.194810952297,-0.162342626914,-0.129874301531,
    -9.740597614851E-02,-6.493765076571E-02,-3.246932538291E-02,
    -1.000000117379E-06),.UNSPECIFIED.);
#6982 = CARTESIAN_POINT('',(13.85,-15.5));
#6983 = CARTESIAN_POINT('',(13.85,-15.39200864833));
#6984 = CARTESIAN_POINT('',(13.86063622,-15.28401729666));
#6985 = CARTESIAN_POINT('',(13.881704287667,-15.17810096866));
#6986 = CARTESIAN_POINT('',(13.902772355333,-15.07218464066));
#6987 = CARTESIAN_POINT('',(13.934272270667,-14.96834333633));
#6988 = CARTESIAN_POINT('',(13.975598771667,-14.86857233683));
#6989 = CARTESIAN_POINT('',(14.016925272667,-14.76880133733));
#6990 = CARTESIAN_POINT('',(14.068078359333,-14.67310064266));
#6991 = CARTESIAN_POINT('',(14.128075139667,-14.58330911533));
#6992 = CARTESIAN_POINT('',(14.18807192,-14.493517588));
#6993 = CARTESIAN_POINT('',(14.256912394,-14.409635228));
#6994 = CARTESIAN_POINT('',(14.333273811,-14.333273811));
#6995 = CARTESIAN_POINT('',(14.409635228,-14.256912394));
#6996 = CARTESIAN_POINT('',(14.493517588,-14.18807192));
#6997 = CARTESIAN_POINT('',(14.583309115333,-14.12807513966));
#6998 = CARTESIAN_POINT('',(14.673100642667,-14.06807835933));
#6999 = CARTESIAN_POINT('',(14.768801337333,-14.01692527266));
#7000 = CARTESIAN_POINT('',(14.868572336833,-13.97559877166));
#7001 = CARTESIAN_POINT('',(14.968343336333,-13.93427227066));
#7002 = CARTESIAN_POINT('',(15.072184640667,-13.90277235533));
#7003 = CARTESIAN_POINT('',(15.178100968667,-13.88170428766));
#7004 = CARTESIAN_POINT('',(15.284017296667,-13.86063622));
#7005 = CARTESIAN_POINT('',(15.392008648333,-13.85));
#7006 = CARTESIAN_POINT('',(15.5,-13.85));
#7007 = ( GEOMETRIC_REPRESENTATION_CONTEXT(2) 
PARAMETRIC_REPRESENTATION_CONTEXT() REPRESENTATION_CONTEXT('2D SPACE',''
  ) );
#7008 = PCURVE('',#2163,#7009);
#7009 = DEFINITIONAL_REPRESENTATION('',(#7010),#7013);
#7010 = B_SPLINE_CURVE_WITH_KNOTS('',1,(#7011,#7012),.UNSPECIFIED.,.F.,
  .F.,(2,2),(-0.259747603062,-1.000000117379E-06),
  .PIECEWISE_BEZIER_KNOTS.);
#7011 = CARTESIAN_POINT('',(0.5,-1.268516541808E-17));
#7012 = CARTESIAN_POINT('',(0.25,-1.268516541808E-17));
#7013 = ( GEOMETRIC_REPRESENTATION_CONTEXT(2) 
PARAMETRIC_REPRESENTATION_CONTEXT() REPRESENTATION_CONTEXT('2D SPACE',''
  ) );
#7014 = ORIENTED_EDGE('',*,*,#7015,.T.);
#7015 = EDGE_CURVE('',#6827,#7016,#7018,.T.);
#7016 = VERTEX_POINT('',#7017);
#7017 = CARTESIAN_POINT('',(13.858341940874,-54.40788439221,
    73.817461269681));
#7018 = SURFACE_CURVE('',#7019,(#7023,#7030),.PCURVE_S1.);
#7019 = LINE('',#7020,#7021);
#7020 = CARTESIAN_POINT('',(15.508341940874,-54.40788439221,
    73.817461269681));
#7021 = VECTOR('',#7022,1.);
#7022 = DIRECTION('',(-1.,-5.546778314436E-16,1.64473469566E-16));
#7023 = PCURVE('',#6975,#7024);
#7024 = DEFINITIONAL_REPRESENTATION('',(#7025),#7029);
#7025 = LINE('',#7026,#7027);
#7026 = CARTESIAN_POINT('',(15.5,-13.85));
#7027 = VECTOR('',#7028,1.);
#7028 = DIRECTION('',(-1.,0.));
#7029 = ( GEOMETRIC_REPRESENTATION_CONTEXT(2) 
PARAMETRIC_REPRESENTATION_CONTEXT() REPRESENTATION_CONTEXT('2D SPACE',''
  ) );
#7030 = PCURVE('',#1287,#7031);
#7031 = DEFINITIONAL_REPRESENTATION('',(#7032),#7036);
#7032 = LINE('',#7033,#7034);
#7033 = CARTESIAN_POINT('',(0.2,-1.109355662887E-16));
#7034 = VECTOR('',#7035,1.);
#7035 = DIRECTION('',(-3.51033443077E-31,-1.));
#7036 = ( GEOMETRIC_REPRESENTATION_CONTEXT(2) 
PARAMETRIC_REPRESENTATION_CONTEXT() REPRESENTATION_CONTEXT('2D SPACE',''
  ) );
#7037 = ORIENTED_EDGE('',*,*,#7038,.T.);
#7038 = EDGE_CURVE('',#7016,#6945,#7039,.T.);
#7039 = SURFACE_CURVE('',#7040,(#7044,#7051),.PCURVE_S1.);
#7040 = LINE('',#7041,#7042);
#7041 = CARTESIAN_POINT('',(13.858341940874,-54.40788439221,
    73.817461269681));
#7042 = VECTOR('',#7043,1.);
#7043 = DIRECTION('',(1.64473469566E-16,3.86106458461E-15,1.));
#7044 = PCURVE('',#6975,#7045);
#7045 = DEFINITIONAL_REPRESENTATION('',(#7046),#7050);
#7046 = LINE('',#7047,#7048);
#7047 = CARTESIAN_POINT('',(13.85,-13.85));
#7048 = VECTOR('',#7049,1.);
#7049 = DIRECTION('',(1.479114197289E-31,-1.));
#7050 = ( GEOMETRIC_REPRESENTATION_CONTEXT(2) 
PARAMETRIC_REPRESENTATION_CONTEXT() REPRESENTATION_CONTEXT('2D SPACE',''
  ) );
#7051 = PCURVE('',#1249,#7052);
#7052 = DEFINITIONAL_REPRESENTATION('',(#7053),#7057);
#7053 = LINE('',#7054,#7055);
#7054 = CARTESIAN_POINT('',(1.65,-0.4));
#7055 = VECTOR('',#7056,1.);
#7056 = DIRECTION('',(-1.,0.));
#7057 = ( GEOMETRIC_REPRESENTATION_CONTEXT(2) 
PARAMETRIC_REPRESENTATION_CONTEXT() REPRESENTATION_CONTEXT('2D SPACE',''
  ) );
#7058 = ADVANCED_FACE('',(#7059),#7091,.T.);
#7059 = FACE_BOUND('',#7060,.T.);
#7060 = EDGE_LOOP('',(#7061,#7130,#7153));
#7061 = ORIENTED_EDGE('',*,*,#7062,.T.);
#7062 = EDGE_CURVE('',#6709,#6945,#7063,.T.);
#7063 = SURFACE_CURVE('',#7064,(#7090,#7124),.PCURVE_S1.);
#7064 = B_SPLINE_CURVE_WITH_KNOTS('',3,(#7065,#7066,#7067,#7068,#7069,
    #7070,#7071,#7072,#7073,#7074,#7075,#7076,#7077,#7078,#7079,#7080,
    #7081,#7082,#7083,#7084,#7085,#7086,#7087,#7088,#7089),
  .UNSPECIFIED.,.F.,.F.,(4,3,3,3,3,3,3,3,4),(-0.259747603063,
    -0.22727927768,-0.194810952297,-0.162342626914,-0.129874301531,
    -9.740597614856E-02,-6.493765076575E-02,-3.246932538293E-02,
    -1.000000116935E-06),.UNSPECIFIED.);
#7065 = CARTESIAN_POINT('',(15.508341940874,-54.40788439221,
    77.117461269681));
#7066 = CARTESIAN_POINT('',(15.400350589207,-54.40788439221,
    77.117461269681));
#7067 = CARTESIAN_POINT('',(15.29235923754,-54.40788439221,
    77.106825049681));
#7068 = CARTESIAN_POINT('',(15.18644290954,-54.40788439221,
    77.085756982015));
#7069 = CARTESIAN_POINT('',(15.08052658154,-54.40788439221,
    77.064688914348));
#7070 = CARTESIAN_POINT('',(14.976685277207,-54.40788439221,
    77.033188999015));
#7071 = CARTESIAN_POINT('',(14.876914277707,-54.40788439221,
    76.991862498015));
#7072 = CARTESIAN_POINT('',(14.777143278207,-54.40788439221,
    76.950535997015));
#7073 = CARTESIAN_POINT('',(14.68144258354,-54.40788439221,
    76.899382910348));
#7074 = CARTESIAN_POINT('',(14.591651056207,-54.40788439221,
    76.839386130015));
#7075 = CARTESIAN_POINT('',(14.501859528874,-54.40788439221,
    76.779389349681));
#7076 = CARTESIAN_POINT('',(14.417977168874,-54.40788439221,
    76.710548875681));
#7077 = CARTESIAN_POINT('',(14.341615751874,-54.40788439221,
    76.634187458681));
#7078 = CARTESIAN_POINT('',(14.265254334874,-54.40788439221,
    76.557826041681));
#7079 = CARTESIAN_POINT('',(14.196413860874,-54.40788439221,
    76.473943681681));
#7080 = CARTESIAN_POINT('',(14.13641708054,-54.40788439221,
    76.384152154348));
#7081 = CARTESIAN_POINT('',(14.076420300207,-54.40788439221,
    76.294360627015));
#7082 = CARTESIAN_POINT('',(14.02526721354,-54.40788439221,
    76.198659932348));
#7083 = CARTESIAN_POINT('',(13.98394071254,-54.40788439221,
    76.098888932848));
#7084 = CARTESIAN_POINT('',(13.94261421154,-54.40788439221,
    75.999117933348));
#7085 = CARTESIAN_POINT('',(13.911114296207,-54.40788439221,
    75.895276629015));
#7086 = CARTESIAN_POINT('',(13.89004622854,-54.40788439221,
    75.789360301015));
#7087 = CARTESIAN_POINT('',(13.868978160874,-54.40788439221,
    75.683443973015));
#7088 = CARTESIAN_POINT('',(13.858341940874,-54.40788439221,
    75.575452621348));
#7089 = CARTESIAN_POINT('',(13.858341940874,-54.40788439221,
    75.467461269681));
#7090 = PCURVE('',#7091,#7096);
#7091 = PLANE('',#7092);
#7092 = AXIS2_PLACEMENT_3D('',#7093,#7094,#7095);
#7093 = CARTESIAN_POINT('',(8.341940873663E-03,-54.40788439221,
    59.967461269681));
#7094 = DIRECTION('',(-5.546778314436E-16,1.,-3.86106458461E-15));
#7095 = DIRECTION('',(1.,5.546778314436E-16,-1.64473469566E-16));
#7096 = DEFINITIONAL_REPRESENTATION('',(#7097),#7123);
#7097 = B_SPLINE_CURVE_WITH_KNOTS('',3,(#7098,#7099,#7100,#7101,#7102,
    #7103,#7104,#7105,#7106,#7107,#7108,#7109,#7110,#7111,#7112,#7113,
    #7114,#7115,#7116,#7117,#7118,#7119,#7120,#7121,#7122),
  .UNSPECIFIED.,.F.,.F.,(4,3,3,3,3,3,3,3,4),(-0.259747603063,
    -0.22727927768,-0.194810952297,-0.162342626914,-0.129874301531,
    -9.740597614856E-02,-6.493765076575E-02,-3.246932538293E-02,
    -1.000000116935E-06),.UNSPECIFIED.);
#7098 = CARTESIAN_POINT('',(15.5,-17.15));
#7099 = CARTESIAN_POINT('',(15.392008648333,-17.15));
#7100 = CARTESIAN_POINT('',(15.284017296667,-17.13936378));
#7101 = CARTESIAN_POINT('',(15.178100968667,-17.11829571233));
#7102 = CARTESIAN_POINT('',(15.072184640667,-17.09722764466));
#7103 = CARTESIAN_POINT('',(14.968343336333,-17.06572772933));
#7104 = CARTESIAN_POINT('',(14.868572336833,-17.02440122833));
#7105 = CARTESIAN_POINT('',(14.768801337333,-16.98307472733));
#7106 = CARTESIAN_POINT('',(14.673100642667,-16.93192164066));
#7107 = CARTESIAN_POINT('',(14.583309115333,-16.87192486033));
#7108 = CARTESIAN_POINT('',(14.493517588,-16.81192808));
#7109 = CARTESIAN_POINT('',(14.409635228,-16.743087606));
#7110 = CARTESIAN_POINT('',(14.333273811,-16.666726189));
#7111 = CARTESIAN_POINT('',(14.256912394,-16.590364772));
#7112 = CARTESIAN_POINT('',(14.18807192,-16.506482412));
#7113 = CARTESIAN_POINT('',(14.128075139667,-16.41669088466));
#7114 = CARTESIAN_POINT('',(14.068078359333,-16.32689935733));
#7115 = CARTESIAN_POINT('',(14.016925272667,-16.23119866266));
#7116 = CARTESIAN_POINT('',(13.975598771667,-16.13142766316));
#7117 = CARTESIAN_POINT('',(13.934272270667,-16.03165666366));
#7118 = CARTESIAN_POINT('',(13.902772355333,-15.92781535933));
#7119 = CARTESIAN_POINT('',(13.881704287667,-15.82189903133));
#7120 = CARTESIAN_POINT('',(13.86063622,-15.71598270333));
#7121 = CARTESIAN_POINT('',(13.85,-15.60799135166));
#7122 = CARTESIAN_POINT('',(13.85,-15.5));
#7123 = ( GEOMETRIC_REPRESENTATION_CONTEXT(2) 
PARAMETRIC_REPRESENTATION_CONTEXT() REPRESENTATION_CONTEXT('2D SPACE',''
  ) );
#7124 = PCURVE('',#2163,#7125);
#7125 = DEFINITIONAL_REPRESENTATION('',(#7126),#7129);
#7126 = B_SPLINE_CURVE_WITH_KNOTS('',1,(#7127,#7128),.UNSPECIFIED.,.F.,
  .F.,(2,2),(-0.259747603063,-1.000000116935E-06),
  .PIECEWISE_BEZIER_KNOTS.);
#7127 = CARTESIAN_POINT('',(0.75,-1.268516541808E-17));
#7128 = CARTESIAN_POINT('',(0.5,-1.268516541808E-17));
#7129 = ( GEOMETRIC_REPRESENTATION_CONTEXT(2) 
PARAMETRIC_REPRESENTATION_CONTEXT() REPRESENTATION_CONTEXT('2D SPACE',''
  ) );
#7130 = ORIENTED_EDGE('',*,*,#7131,.T.);
#7131 = EDGE_CURVE('',#6945,#7132,#7134,.T.);
#7132 = VERTEX_POINT('',#7133);
#7133 = CARTESIAN_POINT('',(13.858341940874,-54.40788439221,
    77.117461269681));
#7134 = SURFACE_CURVE('',#7135,(#7139,#7146),.PCURVE_S1.);
#7135 = LINE('',#7136,#7137);
#7136 = CARTESIAN_POINT('',(13.858341940874,-54.40788439221,
    75.467461269681));
#7137 = VECTOR('',#7138,1.);
#7138 = DIRECTION('',(1.64473469566E-16,3.86106458461E-15,1.));
#7139 = PCURVE('',#7091,#7140);
#7140 = DEFINITIONAL_REPRESENTATION('',(#7141),#7145);
#7141 = LINE('',#7142,#7143);
#7142 = CARTESIAN_POINT('',(13.85,-15.5));
#7143 = VECTOR('',#7144,1.);
#7144 = DIRECTION('',(1.479114197289E-31,-1.));
#7145 = ( GEOMETRIC_REPRESENTATION_CONTEXT(2) 
PARAMETRIC_REPRESENTATION_CONTEXT() REPRESENTATION_CONTEXT('2D SPACE',''
  ) );
#7146 = PCURVE('',#1249,#7147);
#7147 = DEFINITIONAL_REPRESENTATION('',(#7148),#7152);
#7148 = LINE('',#7149,#7150);
#7149 = CARTESIAN_POINT('',(1.544425833844E-15,-0.4));
#7150 = VECTOR('',#7151,1.);
#7151 = DIRECTION('',(-1.,0.));
#7152 = ( GEOMETRIC_REPRESENTATION_CONTEXT(2) 
PARAMETRIC_REPRESENTATION_CONTEXT() REPRESENTATION_CONTEXT('2D SPACE',''
  ) );
#7153 = ORIENTED_EDGE('',*,*,#7154,.T.);
#7154 = EDGE_CURVE('',#7132,#6709,#7155,.T.);
#7155 = SURFACE_CURVE('',#7156,(#7160,#7167),.PCURVE_S1.);
#7156 = LINE('',#7157,#7158);
#7157 = CARTESIAN_POINT('',(13.858341940874,-54.40788439221,
    77.117461269681));
#7158 = VECTOR('',#7159,1.);
#7159 = DIRECTION('',(1.,5.546778314436E-16,-1.64473469566E-16));
#7160 = PCURVE('',#7091,#7161);
#7161 = DEFINITIONAL_REPRESENTATION('',(#7162),#7166);
#7162 = LINE('',#7163,#7164);
#7163 = CARTESIAN_POINT('',(13.85,-17.15));
#7164 = VECTOR('',#7165,1.);
#7165 = DIRECTION('',(1.,0.));
#7166 = ( GEOMETRIC_REPRESENTATION_CONTEXT(2) 
PARAMETRIC_REPRESENTATION_CONTEXT() REPRESENTATION_CONTEXT('2D SPACE',''
  ) );
#7167 = PCURVE('',#1103,#7168);
#7168 = DEFINITIONAL_REPRESENTATION('',(#7169),#7173);
#7169 = LINE('',#7170,#7171);
#7170 = CARTESIAN_POINT('',(-0.2,-1.65));
#7171 = VECTOR('',#7172,1.);
#7172 = DIRECTION('',(-3.51033443077E-31,1.));
#7173 = ( GEOMETRIC_REPRESENTATION_CONTEXT(2) 
PARAMETRIC_REPRESENTATION_CONTEXT() REPRESENTATION_CONTEXT('2D SPACE',''
  ) );
#7174 = ADVANCED_FACE('',(#7175),#77,.F.);
#7175 = FACE_BOUND('',#7176,.F.);
#7176 = EDGE_LOOP('',(#7177,#7200,#7201,#7232,#7233,#7256,#7289,#7310,
    #7311,#7344,#7365,#7366,#7367,#7393,#7394,#7417));
#7177 = ORIENTED_EDGE('',*,*,#7178,.F.);
#7178 = EDGE_CURVE('',#121,#7179,#7181,.T.);
#7179 = VERTEX_POINT('',#7180);
#7180 = CARTESIAN_POINT('',(16.345001967408,-54.00788439221,
    46.117461269681));
#7181 = SURFACE_CURVE('',#7182,(#7186,#7193),.PCURVE_S1.);
#7182 = LINE('',#7183,#7184);
#7183 = CARTESIAN_POINT('',(16.345001967408,-54.00788439221,
    46.117461269681));
#7184 = VECTOR('',#7185,1.);
#7185 = DIRECTION('',(-5.546778314436E-16,1.,-3.86106458461E-15));
#7186 = PCURVE('',#77,#7187);
#7187 = DEFINITIONAL_REPRESENTATION('',(#7188),#7192);
#7188 = LINE('',#7189,#7190);
#7189 = CARTESIAN_POINT('',(-1.101511366433,-7.105427357601E-15));
#7190 = VECTOR('',#7191,1.);
#7191 = DIRECTION('',(0.,1.));
#7192 = ( GEOMETRIC_REPRESENTATION_CONTEXT(2) 
PARAMETRIC_REPRESENTATION_CONTEXT() REPRESENTATION_CONTEXT('2D SPACE',''
  ) );
#7193 = PCURVE('',#190,#7194);
#7194 = DEFINITIONAL_REPRESENTATION('',(#7195),#7199);
#7195 = LINE('',#7196,#7197);
#7196 = CARTESIAN_POINT('',(-0.836660026534,-4.640767691734E-16));
#7197 = VECTOR('',#7198,1.);
#7198 = DIRECTION('',(3.51033443077E-31,1.));
#7199 = ( GEOMETRIC_REPRESENTATION_CONTEXT(2) 
PARAMETRIC_REPRESENTATION_CONTEXT() REPRESENTATION_CONTEXT('2D SPACE',''
  ) );
#7200 = ORIENTED_EDGE('',*,*,#118,.F.);
#7201 = ORIENTED_EDGE('',*,*,#7202,.F.);
#7202 = EDGE_CURVE('',#22,#119,#7203,.T.);
#7203 = SURFACE_CURVE('',#7204,(#7209,#7216),.PCURVE_S1.);
#7204 = CIRCLE('',#7205,1.85);
#7205 = AXIS2_PLACEMENT_3D('',#7206,#7207,#7208);
#7206 = CARTESIAN_POINT('',(15.508341940874,-54.20788439221,
    44.467461269681));
#7207 = DIRECTION('',(5.546778314436E-16,-1.,3.86106458461E-15));
#7208 = DIRECTION('',(1.,5.546778314436E-16,-1.64473469566E-16));
#7209 = PCURVE('',#77,#7210);
#7210 = DEFINITIONAL_REPRESENTATION('',(#7211),#7215);
#7211 = LINE('',#7212,#7213);
#7212 = CARTESIAN_POINT('',(6.28318530718,-0.2));
#7213 = VECTOR('',#7214,1.);
#7214 = DIRECTION('',(-1.,0.));
#7215 = ( GEOMETRIC_REPRESENTATION_CONTEXT(2) 
PARAMETRIC_REPRESENTATION_CONTEXT() REPRESENTATION_CONTEXT('2D SPACE',''
  ) );
#7216 = PCURVE('',#7217,#7222);
#7217 = PLANE('',#7218);
#7218 = AXIS2_PLACEMENT_3D('',#7219,#7220,#7221);
#7219 = CARTESIAN_POINT('',(8.341940873662E-03,-54.20788439221,
    59.967461269681));
#7220 = DIRECTION('',(-5.546778314436E-16,1.,-3.86106458461E-15));
#7221 = DIRECTION('',(1.,5.546778314436E-16,-1.64473469566E-16));
#7222 = DEFINITIONAL_REPRESENTATION('',(#7223),#7231);
#7223 = ( BOUNDED_CURVE() B_SPLINE_CURVE(2,(#7224,#7225,#7226,#7227,
#7228,#7229,#7230),.UNSPECIFIED.,.T.,.F.) B_SPLINE_CURVE_WITH_KNOTS((1,2
    ,2,2,2,1),(-2.094395102393,0.,2.094395102393,4.188790204786,
6.28318530718,8.377580409573),.UNSPECIFIED.) CURVE() 
GEOMETRIC_REPRESENTATION_ITEM() RATIONAL_B_SPLINE_CURVE((1.,0.5,1.,0.5,
1.,0.5,1.)) REPRESENTATION_ITEM('') );
#7224 = CARTESIAN_POINT('',(17.35,15.5));
#7225 = CARTESIAN_POINT('',(17.35,12.295706005998));
#7226 = CARTESIAN_POINT('',(14.575,13.897853002999));
#7227 = CARTESIAN_POINT('',(11.8,15.5));
#7228 = CARTESIAN_POINT('',(14.575,17.102146997001));
#7229 = CARTESIAN_POINT('',(17.35,18.704293994002));
#7230 = CARTESIAN_POINT('',(17.35,15.5));
#7231 = ( GEOMETRIC_REPRESENTATION_CONTEXT(2) 
PARAMETRIC_REPRESENTATION_CONTEXT() REPRESENTATION_CONTEXT('2D SPACE',''
  ) );
#7232 = ORIENTED_EDGE('',*,*,#56,.F.);
#7233 = ORIENTED_EDGE('',*,*,#7234,.F.);
#7234 = EDGE_CURVE('',#7235,#57,#7237,.T.);
#7235 = VERTEX_POINT('',#7236);
#7236 = CARTESIAN_POINT('',(16.345001967408,-54.00788439221,
    42.817461269681));
#7237 = SURFACE_CURVE('',#7238,(#7242,#7249),.PCURVE_S1.);
#7238 = LINE('',#7239,#7240);
#7239 = CARTESIAN_POINT('',(16.345001967408,-54.00788439221,
    42.817461269681));
#7240 = VECTOR('',#7241,1.);
#7241 = DIRECTION('',(5.546778314436E-16,-1.,3.86106458461E-15));
#7242 = PCURVE('',#77,#7243);
#7243 = DEFINITIONAL_REPRESENTATION('',(#7244),#7248);
#7244 = LINE('',#7245,#7246);
#7245 = CARTESIAN_POINT('',(1.101511366433,7.105427357601E-15));
#7246 = VECTOR('',#7247,1.);
#7247 = DIRECTION('',(0.,-1.));
#7248 = ( GEOMETRIC_REPRESENTATION_CONTEXT(2) 
PARAMETRIC_REPRESENTATION_CONTEXT() REPRESENTATION_CONTEXT('2D SPACE',''
  ) );
#7249 = PCURVE('',#103,#7250);
#7250 = DEFINITIONAL_REPRESENTATION('',(#7251),#7255);
#7251 = LINE('',#7252,#7253);
#7252 = CARTESIAN_POINT('',(1.809170510424E-15,3.261660026534));
#7253 = VECTOR('',#7254,1.);
#7254 = DIRECTION('',(1.,-4.339700953352E-32));
#7255 = ( GEOMETRIC_REPRESENTATION_CONTEXT(2) 
PARAMETRIC_REPRESENTATION_CONTEXT() REPRESENTATION_CONTEXT('2D SPACE',''
  ) );
#7256 = ORIENTED_EDGE('',*,*,#7257,.F.);
#7257 = EDGE_CURVE('',#7258,#7235,#7260,.T.);
#7258 = VERTEX_POINT('',#7259);
#7259 = CARTESIAN_POINT('',(14.67168191434,-54.00788439221,
    42.817461269681));
#7260 = SURFACE_CURVE('',#7261,(#7266,#7273),.PCURVE_S1.);
#7261 = CIRCLE('',#7262,1.85);
#7262 = AXIS2_PLACEMENT_3D('',#7263,#7264,#7265);
#7263 = CARTESIAN_POINT('',(15.508341940874,-54.00788439221,
    44.467461269681));
#7264 = DIRECTION('',(5.546778314436E-16,-1.,3.86106458461E-15));
#7265 = DIRECTION('',(1.,5.546778314436E-16,-1.64473469566E-16));
#7266 = PCURVE('',#77,#7267);
#7267 = DEFINITIONAL_REPRESENTATION('',(#7268),#7272);
#7268 = LINE('',#7269,#7270);
#7269 = CARTESIAN_POINT('',(6.28318530718,0.));
#7270 = VECTOR('',#7271,1.);
#7271 = DIRECTION('',(-1.,0.));
#7272 = ( GEOMETRIC_REPRESENTATION_CONTEXT(2) 
PARAMETRIC_REPRESENTATION_CONTEXT() REPRESENTATION_CONTEXT('2D SPACE',''
  ) );
#7273 = PCURVE('',#7274,#7279);
#7274 = PLANE('',#7275);
#7275 = AXIS2_PLACEMENT_3D('',#7276,#7277,#7278);
#7276 = CARTESIAN_POINT('',(8.341940873662E-03,-54.00788439221,
    59.967461269681));
#7277 = DIRECTION('',(-5.546778314436E-16,1.,-3.86106458461E-15));
#7278 = DIRECTION('',(1.,5.546778314436E-16,-1.64473469566E-16));
#7279 = DEFINITIONAL_REPRESENTATION('',(#7280),#7288);
#7280 = ( BOUNDED_CURVE() B_SPLINE_CURVE(2,(#7281,#7282,#7283,#7284,
#7285,#7286,#7287),.UNSPECIFIED.,.T.,.F.) B_SPLINE_CURVE_WITH_KNOTS((1,2
    ,2,2,2,1),(-2.094395102393,0.,2.094395102393,4.188790204786,
6.28318530718,8.377580409573),.UNSPECIFIED.) CURVE() 
GEOMETRIC_REPRESENTATION_ITEM() RATIONAL_B_SPLINE_CURVE((1.,0.5,1.,0.5,
1.,0.5,1.)) REPRESENTATION_ITEM('') );
#7281 = CARTESIAN_POINT('',(17.35,15.5));
#7282 = CARTESIAN_POINT('',(17.35,12.295706005998));
#7283 = CARTESIAN_POINT('',(14.575,13.897853002999));
#7284 = CARTESIAN_POINT('',(11.8,15.5));
#7285 = CARTESIAN_POINT('',(14.575,17.102146997001));
#7286 = CARTESIAN_POINT('',(17.35,18.704293994002));
#7287 = CARTESIAN_POINT('',(17.35,15.5));
#7288 = ( GEOMETRIC_REPRESENTATION_CONTEXT(2) 
PARAMETRIC_REPRESENTATION_CONTEXT() REPRESENTATION_CONTEXT('2D SPACE',''
  ) );
#7289 = ORIENTED_EDGE('',*,*,#7290,.F.);
#7290 = EDGE_CURVE('',#208,#7258,#7291,.T.);
#7291 = SURFACE_CURVE('',#7292,(#7296,#7303),.PCURVE_S1.);
#7292 = LINE('',#7293,#7294);
#7293 = CARTESIAN_POINT('',(14.67168191434,-54.00788439221,
    42.817461269681));
#7294 = VECTOR('',#7295,1.);
#7295 = DIRECTION('',(-5.546778314436E-16,1.,-3.86106458461E-15));
#7296 = PCURVE('',#77,#7297);
#7297 = DEFINITIONAL_REPRESENTATION('',(#7298),#7302);
#7298 = LINE('',#7299,#7300);
#7299 = CARTESIAN_POINT('',(2.040081287157,7.105427357601E-15));
#7300 = VECTOR('',#7301,1.);
#7301 = DIRECTION('',(0.,1.));
#7302 = ( GEOMETRIC_REPRESENTATION_CONTEXT(2) 
PARAMETRIC_REPRESENTATION_CONTEXT() REPRESENTATION_CONTEXT('2D SPACE',''
  ) );
#7303 = PCURVE('',#103,#7304);
#7304 = DEFINITIONAL_REPRESENTATION('',(#7305),#7309);
#7305 = LINE('',#7306,#7307);
#7306 = CARTESIAN_POINT('',(8.810169720772E-16,1.588339973466));
#7307 = VECTOR('',#7308,1.);
#7308 = DIRECTION('',(-1.,4.339700953352E-32));
#7309 = ( GEOMETRIC_REPRESENTATION_CONTEXT(2) 
PARAMETRIC_REPRESENTATION_CONTEXT() REPRESENTATION_CONTEXT('2D SPACE',''
  ) );
#7310 = ORIENTED_EDGE('',*,*,#205,.F.);
#7311 = ORIENTED_EDGE('',*,*,#7312,.F.);
#7312 = EDGE_CURVE('',#7313,#206,#7315,.T.);
#7313 = VERTEX_POINT('',#7314);
#7314 = CARTESIAN_POINT('',(13.658341940874,-54.20788439221,
    44.467461269681));
#7315 = SURFACE_CURVE('',#7316,(#7321,#7328),.PCURVE_S1.);
#7316 = CIRCLE('',#7317,1.85);
#7317 = AXIS2_PLACEMENT_3D('',#7318,#7319,#7320);
#7318 = CARTESIAN_POINT('',(15.508341940874,-54.20788439221,
    44.467461269681));
#7319 = DIRECTION('',(5.546778314436E-16,-1.,3.86106458461E-15));
#7320 = DIRECTION('',(1.,5.546778314436E-16,-1.64473469566E-16));
#7321 = PCURVE('',#77,#7322);
#7322 = DEFINITIONAL_REPRESENTATION('',(#7323),#7327);
#7323 = LINE('',#7324,#7325);
#7324 = CARTESIAN_POINT('',(6.28318530718,-0.2));
#7325 = VECTOR('',#7326,1.);
#7326 = DIRECTION('',(-1.,-1.514096542134E-14));
#7327 = ( GEOMETRIC_REPRESENTATION_CONTEXT(2) 
PARAMETRIC_REPRESENTATION_CONTEXT() REPRESENTATION_CONTEXT('2D SPACE',''
  ) );
#7328 = PCURVE('',#7329,#7334);
#7329 = PLANE('',#7330);
#7330 = AXIS2_PLACEMENT_3D('',#7331,#7332,#7333);
#7331 = CARTESIAN_POINT('',(8.341940873662E-03,-54.20788439221,
    59.967461269681));
#7332 = DIRECTION('',(-5.546778314436E-16,1.,-3.86106458461E-15));
#7333 = DIRECTION('',(1.,5.546778314436E-16,-1.64473469566E-16));
#7334 = DEFINITIONAL_REPRESENTATION('',(#7335),#7343);
#7335 = ( BOUNDED_CURVE() B_SPLINE_CURVE(2,(#7336,#7337,#7338,#7339,
#7340,#7341,#7342),.UNSPECIFIED.,.T.,.F.) B_SPLINE_CURVE_WITH_KNOTS((1,2
    ,2,2,2,1),(-2.094395102393,0.,2.094395102393,4.188790204786,
6.28318530718,8.377580409573),.UNSPECIFIED.) CURVE() 
GEOMETRIC_REPRESENTATION_ITEM() RATIONAL_B_SPLINE_CURVE((1.,0.5,1.,0.5,
1.,0.5,1.)) REPRESENTATION_ITEM('') );
#7336 = CARTESIAN_POINT('',(17.35,15.5));
#7337 = CARTESIAN_POINT('',(17.35,12.295706005998));
#7338 = CARTESIAN_POINT('',(14.575,13.897853002999));
#7339 = CARTESIAN_POINT('',(11.8,15.5));
#7340 = CARTESIAN_POINT('',(14.575,17.102146997001));
#7341 = CARTESIAN_POINT('',(17.35,18.704293994002));
#7342 = CARTESIAN_POINT('',(17.35,15.5));
#7343 = ( GEOMETRIC_REPRESENTATION_CONTEXT(2) 
PARAMETRIC_REPRESENTATION_CONTEXT() REPRESENTATION_CONTEXT('2D SPACE',''
  ) );
#7344 = ORIENTED_EDGE('',*,*,#7345,.T.);
#7345 = EDGE_CURVE('',#7313,#1583,#7346,.T.);
#7346 = SEAM_CURVE('',#7347,(#7351,#7358),.PCURVE_S1.);
#7347 = LINE('',#7348,#7349);
#7348 = CARTESIAN_POINT('',(13.658341940874,-54.00788439221,
    44.467461269681));
#7349 = VECTOR('',#7350,1.);
#7350 = DIRECTION('',(-5.546778314436E-16,1.,-3.86106458461E-15));
#7351 = PCURVE('',#77,#7352);
#7352 = DEFINITIONAL_REPRESENTATION('',(#7353),#7357);
#7353 = LINE('',#7354,#7355);
#7354 = CARTESIAN_POINT('',(3.14159265359,0.));
#7355 = VECTOR('',#7356,1.);
#7356 = DIRECTION('',(0.,1.));
#7357 = ( GEOMETRIC_REPRESENTATION_CONTEXT(2) 
PARAMETRIC_REPRESENTATION_CONTEXT() REPRESENTATION_CONTEXT('2D SPACE',''
  ) );
#7358 = PCURVE('',#77,#7359);
#7359 = DEFINITIONAL_REPRESENTATION('',(#7360),#7364);
#7360 = LINE('',#7361,#7362);
#7361 = CARTESIAN_POINT('',(-3.14159265359,0.));
#7362 = VECTOR('',#7363,1.);
#7363 = DIRECTION('',(0.,1.));
#7364 = ( GEOMETRIC_REPRESENTATION_CONTEXT(2) 
PARAMETRIC_REPRESENTATION_CONTEXT() REPRESENTATION_CONTEXT('2D SPACE',''
  ) );
#7365 = ORIENTED_EDGE('',*,*,#1582,.T.);
#7366 = ORIENTED_EDGE('',*,*,#7345,.F.);
#7367 = ORIENTED_EDGE('',*,*,#7368,.F.);
#7368 = EDGE_CURVE('',#293,#7313,#7369,.T.);
#7369 = SURFACE_CURVE('',#7370,(#7375,#7382),.PCURVE_S1.);
#7370 = CIRCLE('',#7371,1.85);
#7371 = AXIS2_PLACEMENT_3D('',#7372,#7373,#7374);
#7372 = CARTESIAN_POINT('',(15.508341940874,-54.20788439221,
    44.467461269681));
#7373 = DIRECTION('',(5.546778314436E-16,-1.,3.86106458461E-15));
#7374 = DIRECTION('',(1.,5.546778314436E-16,-1.64473469566E-16));
#7375 = PCURVE('',#77,#7376);
#7376 = DEFINITIONAL_REPRESENTATION('',(#7377),#7381);
#7377 = LINE('',#7378,#7379);
#7378 = CARTESIAN_POINT('',(-1.7763568394E-15,-0.2));
#7379 = VECTOR('',#7380,1.);
#7380 = DIRECTION('',(-1.,1.514096542134E-14));
#7381 = ( GEOMETRIC_REPRESENTATION_CONTEXT(2) 
PARAMETRIC_REPRESENTATION_CONTEXT() REPRESENTATION_CONTEXT('2D SPACE',''
  ) );
#7382 = PCURVE('',#7329,#7383);
#7383 = DEFINITIONAL_REPRESENTATION('',(#7384),#7392);
#7384 = ( BOUNDED_CURVE() B_SPLINE_CURVE(2,(#7385,#7386,#7387,#7388,
#7389,#7390,#7391),.UNSPECIFIED.,.T.,.F.) B_SPLINE_CURVE_WITH_KNOTS((1,2
    ,2,2,2,1),(-2.094395102393,0.,2.094395102393,4.188790204786,
6.28318530718,8.377580409573),.UNSPECIFIED.) CURVE() 
GEOMETRIC_REPRESENTATION_ITEM() RATIONAL_B_SPLINE_CURVE((1.,0.5,1.,0.5,
1.,0.5,1.)) REPRESENTATION_ITEM('') );
#7385 = CARTESIAN_POINT('',(17.35,15.5));
#7386 = CARTESIAN_POINT('',(17.35,12.295706005998));
#7387 = CARTESIAN_POINT('',(14.575,13.897853002999));
#7388 = CARTESIAN_POINT('',(11.8,15.5));
#7389 = CARTESIAN_POINT('',(14.575,17.102146997001));
#7390 = CARTESIAN_POINT('',(17.35,18.704293994002));
#7391 = CARTESIAN_POINT('',(17.35,15.5));
#7392 = ( GEOMETRIC_REPRESENTATION_CONTEXT(2) 
PARAMETRIC_REPRESENTATION_CONTEXT() REPRESENTATION_CONTEXT('2D SPACE',''
  ) );
#7393 = ORIENTED_EDGE('',*,*,#322,.F.);
#7394 = ORIENTED_EDGE('',*,*,#7395,.F.);
#7395 = EDGE_CURVE('',#7396,#323,#7398,.T.);
#7396 = VERTEX_POINT('',#7397);
#7397 = CARTESIAN_POINT('',(14.67168191434,-54.00788439221,
    46.117461269681));
#7398 = SURFACE_CURVE('',#7399,(#7403,#7410),.PCURVE_S1.);
#7399 = LINE('',#7400,#7401);
#7400 = CARTESIAN_POINT('',(14.67168191434,-54.00788439221,
    46.117461269681));
#7401 = VECTOR('',#7402,1.);
#7402 = DIRECTION('',(5.546778314436E-16,-1.,3.86106458461E-15));
#7403 = PCURVE('',#77,#7404);
#7404 = DEFINITIONAL_REPRESENTATION('',(#7405),#7409);
#7405 = LINE('',#7406,#7407);
#7406 = CARTESIAN_POINT('',(-2.040081287157,-7.105427357601E-15));
#7407 = VECTOR('',#7408,1.);
#7408 = DIRECTION('',(0.,-1.));
#7409 = ( GEOMETRIC_REPRESENTATION_CONTEXT(2) 
PARAMETRIC_REPRESENTATION_CONTEXT() REPRESENTATION_CONTEXT('2D SPACE',''
  ) );
#7410 = PCURVE('',#190,#7411);
#7411 = DEFINITIONAL_REPRESENTATION('',(#7412),#7416);
#7412 = LINE('',#7413,#7414);
#7413 = CARTESIAN_POINT('',(0.836660026534,4.640767691735E-16));
#7414 = VECTOR('',#7415,1.);
#7415 = DIRECTION('',(-3.51033443077E-31,-1.));
#7416 = ( GEOMETRIC_REPRESENTATION_CONTEXT(2) 
PARAMETRIC_REPRESENTATION_CONTEXT() REPRESENTATION_CONTEXT('2D SPACE',''
  ) );
#7417 = ORIENTED_EDGE('',*,*,#7418,.F.);
#7418 = EDGE_CURVE('',#7179,#7396,#7419,.T.);
#7419 = SURFACE_CURVE('',#7420,(#7425,#7432),.PCURVE_S1.);
#7420 = CIRCLE('',#7421,1.85);
#7421 = AXIS2_PLACEMENT_3D('',#7422,#7423,#7424);
#7422 = CARTESIAN_POINT('',(15.508341940874,-54.00788439221,
    44.467461269681));
#7423 = DIRECTION('',(5.546778314436E-16,-1.,3.86106458461E-15));
#7424 = DIRECTION('',(1.,5.546778314436E-16,-1.64473469566E-16));
#7425 = PCURVE('',#77,#7426);
#7426 = DEFINITIONAL_REPRESENTATION('',(#7427),#7431);
#7427 = LINE('',#7428,#7429);
#7428 = CARTESIAN_POINT('',(2.6645352591E-15,0.));
#7429 = VECTOR('',#7430,1.);
#7430 = DIRECTION('',(-1.,0.));
#7431 = ( GEOMETRIC_REPRESENTATION_CONTEXT(2) 
PARAMETRIC_REPRESENTATION_CONTEXT() REPRESENTATION_CONTEXT('2D SPACE',''
  ) );
#7432 = PCURVE('',#7433,#7438);
#7433 = PLANE('',#7434);
#7434 = AXIS2_PLACEMENT_3D('',#7435,#7436,#7437);
#7435 = CARTESIAN_POINT('',(8.341940873662E-03,-54.00788439221,
    59.967461269681));
#7436 = DIRECTION('',(-5.546778314436E-16,1.,-3.86106458461E-15));
#7437 = DIRECTION('',(1.,5.546778314436E-16,-1.64473469566E-16));
#7438 = DEFINITIONAL_REPRESENTATION('',(#7439),#7447);
#7439 = ( BOUNDED_CURVE() B_SPLINE_CURVE(2,(#7440,#7441,#7442,#7443,
#7444,#7445,#7446),.UNSPECIFIED.,.T.,.F.) B_SPLINE_CURVE_WITH_KNOTS((1,2
    ,2,2,2,1),(-2.094395102393,0.,2.094395102393,4.188790204786,
6.28318530718,8.377580409573),.UNSPECIFIED.) CURVE() 
GEOMETRIC_REPRESENTATION_ITEM() RATIONAL_B_SPLINE_CURVE((1.,0.5,1.,0.5,
1.,0.5,1.)) REPRESENTATION_ITEM('') );
#7440 = CARTESIAN_POINT('',(17.35,15.5));
#7441 = CARTESIAN_POINT('',(17.35,12.295706005998));
#7442 = CARTESIAN_POINT('',(14.575,13.897853002999));
#7443 = CARTESIAN_POINT('',(11.8,15.5));
#7444 = CARTESIAN_POINT('',(14.575,17.102146997001));
#7445 = CARTESIAN_POINT('',(17.35,18.704293994002));
#7446 = CARTESIAN_POINT('',(17.35,15.5));
#7447 = ( GEOMETRIC_REPRESENTATION_CONTEXT(2) 
PARAMETRIC_REPRESENTATION_CONTEXT() REPRESENTATION_CONTEXT('2D SPACE',''
  ) );
#7448 = ADVANCED_FACE('',(#7449),#2414,.T.);
#7449 = FACE_BOUND('',#7450,.T.);
#7450 = EDGE_LOOP('',(#7451,#7470,#7471,#7472,#7491));
#7451 = ORIENTED_EDGE('',*,*,#7452,.F.);
#7452 = EDGE_CURVE('',#6319,#2245,#7453,.T.);
#7453 = SURFACE_CURVE('',#7454,(#7458,#7464),.PCURVE_S1.);
#7454 = LINE('',#7455,#7456);
#7455 = CARTESIAN_POINT('',(-13.86329683112,-54.40788439221,
    75.733806368681));
#7456 = VECTOR('',#7457,1.);
#7457 = DIRECTION('',(5.546778314436E-16,-1.,3.86106458461E-15));
#7458 = PCURVE('',#2414,#7459);
#7459 = DEFINITIONAL_REPRESENTATION('',(#7460),#7463);
#7460 = B_SPLINE_CURVE_WITH_KNOTS('',1,(#7461,#7462),.UNSPECIFIED.,.F.,
  .F.,(2,2),(0.,0.6),.PIECEWISE_BEZIER_KNOTS.);
#7461 = CARTESIAN_POINT('',(-2.133553297031E-15,-1.268516541808E-17));
#7462 = CARTESIAN_POINT('',(-2.133553297031E-15,6.E-02));
#7463 = ( GEOMETRIC_REPRESENTATION_CONTEXT(2) 
PARAMETRIC_REPRESENTATION_CONTEXT() REPRESENTATION_CONTEXT('2D SPACE',''
  ) );
#7464 = PCURVE('',#2320,#7465);
#7465 = DEFINITIONAL_REPRESENTATION('',(#7466),#7469);
#7466 = B_SPLINE_CURVE_WITH_KNOTS('',1,(#7467,#7468),.UNSPECIFIED.,.F.,
  .F.,(2,2),(0.,0.6),.PIECEWISE_BEZIER_KNOTS.);
#7467 = CARTESIAN_POINT('',(1.,-2.168404344971E-18));
#7468 = CARTESIAN_POINT('',(1.,6.E-02));
#7469 = ( GEOMETRIC_REPRESENTATION_CONTEXT(2) 
PARAMETRIC_REPRESENTATION_CONTEXT() REPRESENTATION_CONTEXT('2D SPACE',''
  ) );
#7470 = ORIENTED_EDGE('',*,*,#6412,.F.);
#7471 = ORIENTED_EDGE('',*,*,#6441,.F.);
#7472 = ORIENTED_EDGE('',*,*,#7473,.T.);
#7473 = EDGE_CURVE('',#6442,#2395,#7474,.T.);
#7474 = SURFACE_CURVE('',#7475,(#7479,#7485),.PCURVE_S1.);
#7475 = LINE('',#7476,#7477);
#7476 = CARTESIAN_POINT('',(-13.91236028212,-54.40788439221,
    74.989634386681));
#7477 = VECTOR('',#7478,1.);
#7478 = DIRECTION('',(5.546778314436E-16,-1.,3.86106458461E-15));
#7479 = PCURVE('',#2414,#7480);
#7480 = DEFINITIONAL_REPRESENTATION('',(#7481),#7484);
#7481 = B_SPLINE_CURVE_WITH_KNOTS('',1,(#7482,#7483),.UNSPECIFIED.,.F.,
  .F.,(2,2),(0.,0.6),.PIECEWISE_BEZIER_KNOTS.);
#7482 = CARTESIAN_POINT('',(1.,-1.268516541808E-17));
#7483 = CARTESIAN_POINT('',(1.,6.E-02));
#7484 = ( GEOMETRIC_REPRESENTATION_CONTEXT(2) 
PARAMETRIC_REPRESENTATION_CONTEXT() REPRESENTATION_CONTEXT('2D SPACE',''
  ) );
#7485 = PCURVE('',#2452,#7486);
#7486 = DEFINITIONAL_REPRESENTATION('',(#7487),#7490);
#7487 = B_SPLINE_CURVE_WITH_KNOTS('',1,(#7488,#7489),.UNSPECIFIED.,.F.,
  .F.,(2,2),(0.,0.6),.PIECEWISE_BEZIER_KNOTS.);
#7488 = CARTESIAN_POINT('',(1.065396583631E-14,-1.268516541808E-17));
#7489 = CARTESIAN_POINT('',(1.065396583631E-14,6.E-02));
#7490 = ( GEOMETRIC_REPRESENTATION_CONTEXT(2) 
PARAMETRIC_REPRESENTATION_CONTEXT() REPRESENTATION_CONTEXT('2D SPACE',''
  ) );
#7491 = ORIENTED_EDGE('',*,*,#2394,.F.);
#7492 = ADVANCED_FACE('',(#7493),#2320,.T.);
#7493 = FACE_BOUND('',#7494,.T.);
#7494 = EDGE_LOOP('',(#7495,#7514,#7515,#7535,#7536,#7537,#7538));
#7495 = ORIENTED_EDGE('',*,*,#7496,.F.);
#7496 = EDGE_CURVE('',#6582,#2243,#7497,.T.);
#7497 = SURFACE_CURVE('',#7498,(#7502,#7508),.PCURVE_S1.);
#7498 = LINE('',#7499,#7500);
#7499 = CARTESIAN_POINT('',(-15.75800315812,-54.40788439221,
    73.839100041681));
#7500 = VECTOR('',#7501,1.);
#7501 = DIRECTION('',(5.546778314436E-16,-1.,3.86106458461E-15));
#7502 = PCURVE('',#2320,#7503);
#7503 = DEFINITIONAL_REPRESENTATION('',(#7504),#7507);
#7504 = B_SPLINE_CURVE_WITH_KNOTS('',1,(#7505,#7506),.UNSPECIFIED.,.F.,
  .F.,(2,2),(0.,0.6),.PIECEWISE_BEZIER_KNOTS.);
#7505 = CARTESIAN_POINT('',(-1.027785793199E-16,-2.168404344971E-18));
#7506 = CARTESIAN_POINT('',(-1.027785793199E-16,6.E-02));
#7507 = ( GEOMETRIC_REPRESENTATION_CONTEXT(2) 
PARAMETRIC_REPRESENTATION_CONTEXT() REPRESENTATION_CONTEXT('2D SPACE',''
  ) );
#7508 = PCURVE('',#2492,#7509);
#7509 = DEFINITIONAL_REPRESENTATION('',(#7510),#7513);
#7510 = B_SPLINE_CURVE_WITH_KNOTS('',1,(#7511,#7512),.UNSPECIFIED.,.F.,
  .F.,(2,2),(0.,0.6),.PIECEWISE_BEZIER_KNOTS.);
#7511 = CARTESIAN_POINT('',(1.,3.377289767292E-17));
#7512 = CARTESIAN_POINT('',(1.,6.E-02));
#7513 = ( GEOMETRIC_REPRESENTATION_CONTEXT(2) 
PARAMETRIC_REPRESENTATION_CONTEXT() REPRESENTATION_CONTEXT('2D SPACE',''
  ) );
#7514 = ORIENTED_EDGE('',*,*,#6662,.F.);
#7515 = ORIENTED_EDGE('',*,*,#7516,.T.);
#7516 = EDGE_CURVE('',#6640,#6224,#7517,.T.);
#7517 = SURFACE_CURVE('',#7518,(#7522,#7528),.PCURVE_S1.);
#7518 = LINE('',#7519,#7520);
#7519 = CARTESIAN_POINT('',(-17.14165805912,-54.40788439221,
    75.458501776785));
#7520 = VECTOR('',#7521,1.);
#7521 = DIRECTION('',(1.64473469566E-16,3.86106458461E-15,1.));
#7522 = PCURVE('',#2320,#7523);
#7523 = DEFINITIONAL_REPRESENTATION('',(#7524),#7527);
#7524 = B_SPLINE_CURVE_WITH_KNOTS('',1,(#7525,#7526),.UNSPECIFIED.,.F.,
  .F.,(2,2),(4.307542848447E-26,1.97044306659E-02),
  .PIECEWISE_BEZIER_KNOTS.);
#7525 = CARTESIAN_POINT('',(0.319764535148,-2.168404344971E-18));
#7526 = CARTESIAN_POINT('',(0.322485813411,-2.168404344971E-18));
#7527 = ( GEOMETRIC_REPRESENTATION_CONTEXT(2) 
PARAMETRIC_REPRESENTATION_CONTEXT() REPRESENTATION_CONTEXT('2D SPACE',''
  ) );
#7528 = PCURVE('',#783,#7529);
#7529 = DEFINITIONAL_REPRESENTATION('',(#7530),#7534);
#7530 = LINE('',#7531,#7532);
#7531 = CARTESIAN_POINT('',(-0.2,-8.959492896594E-03));
#7532 = VECTOR('',#7533,1.);
#7533 = DIRECTION('',(0.,1.));
#7534 = ( GEOMETRIC_REPRESENTATION_CONTEXT(2) 
PARAMETRIC_REPRESENTATION_CONTEXT() REPRESENTATION_CONTEXT('2D SPACE',''
  ) );
#7535 = ORIENTED_EDGE('',*,*,#6221,.F.);
#7536 = ORIENTED_EDGE('',*,*,#6318,.F.);
#7537 = ORIENTED_EDGE('',*,*,#7452,.T.);
#7538 = ORIENTED_EDGE('',*,*,#2242,.F.);
#7539 = ADVANCED_FACE('',(#7540),#2492,.T.);
#7540 = FACE_BOUND('',#7541,.T.);
#7541 = EDGE_LOOP('',(#7542,#7561,#7562,#7582,#7583,#7584));
#7542 = ORIENTED_EDGE('',*,*,#7543,.F.);
#7543 = EDGE_CURVE('',#6523,#2433,#7544,.T.);
#7544 = SURFACE_CURVE('',#7545,(#7549,#7555),.PCURVE_S1.);
#7545 = LINE('',#7546,#7547);
#7546 = CARTESIAN_POINT('',(-14.60634266612,-54.40788439221,
    74.075083211681));
#7547 = VECTOR('',#7548,1.);
#7548 = DIRECTION('',(5.546778314436E-16,-1.,3.86106458461E-15));
#7549 = PCURVE('',#2492,#7550);
#7550 = DEFINITIONAL_REPRESENTATION('',(#7551),#7554);
#7551 = B_SPLINE_CURVE_WITH_KNOTS('',1,(#7552,#7553),.UNSPECIFIED.,.F.,
  .F.,(2,2),(0.,0.6),.PIECEWISE_BEZIER_KNOTS.);
#7552 = CARTESIAN_POINT('',(5.764734779546E-15,3.377289767292E-17));
#7553 = CARTESIAN_POINT('',(5.764734779546E-15,6.E-02));
#7554 = ( GEOMETRIC_REPRESENTATION_CONTEXT(2) 
PARAMETRIC_REPRESENTATION_CONTEXT() REPRESENTATION_CONTEXT('2D SPACE',''
  ) );
#7555 = PCURVE('',#2452,#7556);
#7556 = DEFINITIONAL_REPRESENTATION('',(#7557),#7560);
#7557 = B_SPLINE_CURVE_WITH_KNOTS('',1,(#7558,#7559),.UNSPECIFIED.,.F.,
  .F.,(2,2),(0.,0.6),.PIECEWISE_BEZIER_KNOTS.);
#7558 = CARTESIAN_POINT('',(1.,-1.268516541808E-17));
#7559 = CARTESIAN_POINT('',(1.,6.E-02));
#7560 = ( GEOMETRIC_REPRESENTATION_CONTEXT(2) 
PARAMETRIC_REPRESENTATION_CONTEXT() REPRESENTATION_CONTEXT('2D SPACE',''
  ) );
#7561 = ORIENTED_EDGE('',*,*,#6522,.F.);
#7562 = ORIENTED_EDGE('',*,*,#7563,.T.);
#7563 = EDGE_CURVE('',#6500,#6584,#7564,.T.);
#7564 = SURFACE_CURVE('',#7565,(#7569,#7575),.PCURVE_S1.);
#7565 = LINE('',#7566,#7567);
#7566 = CARTESIAN_POINT('',(-15.48616461012,-54.40788439221,
    73.817461269681));
#7567 = VECTOR('',#7568,1.);
#7568 = DIRECTION('',(-1.,-5.546778314436E-16,1.64473469566E-16));
#7569 = PCURVE('',#2492,#7570);
#7570 = DEFINITIONAL_REPRESENTATION('',(#7571),#7574);
#7571 = B_SPLINE_CURVE_WITH_KNOTS('',1,(#7572,#7573),.UNSPECIFIED.,.F.,
  .F.,(2,2),(0.,1.20234360656E-02),.PIECEWISE_BEZIER_KNOTS.);
#7572 = CARTESIAN_POINT('',(0.772860109539,3.377289767292E-17));
#7573 = CARTESIAN_POINT('',(0.782865872814,3.377289767292E-17));
#7574 = ( GEOMETRIC_REPRESENTATION_CONTEXT(2) 
PARAMETRIC_REPRESENTATION_CONTEXT() REPRESENTATION_CONTEXT('2D SPACE',''
  ) );
#7575 = PCURVE('',#809,#7576);
#7576 = DEFINITIONAL_REPRESENTATION('',(#7577),#7581);
#7577 = LINE('',#7578,#7579);
#7578 = CARTESIAN_POINT('',(5.493448999999E-03,-0.4));
#7579 = VECTOR('',#7580,1.);
#7580 = DIRECTION('',(-1.,-4.339700953352E-32));
#7581 = ( GEOMETRIC_REPRESENTATION_CONTEXT(2) 
PARAMETRIC_REPRESENTATION_CONTEXT() REPRESENTATION_CONTEXT('2D SPACE',''
  ) );
#7582 = ORIENTED_EDGE('',*,*,#6581,.F.);
#7583 = ORIENTED_EDGE('',*,*,#7496,.T.);
#7584 = ORIENTED_EDGE('',*,*,#2470,.F.);
#7585 = ADVANCED_FACE('',(#7586),#2452,.T.);
#7586 = FACE_BOUND('',#7587,.T.);
#7587 = EDGE_LOOP('',(#7588,#7589,#7590,#7591));
#7588 = ORIENTED_EDGE('',*,*,#7473,.F.);
#7589 = ORIENTED_EDGE('',*,*,#6553,.F.);
#7590 = ORIENTED_EDGE('',*,*,#7543,.T.);
#7591 = ORIENTED_EDGE('',*,*,#2432,.F.);
#7592 = ADVANCED_FACE('',(#7593),#2898,.F.);
#7593 = FACE_BOUND('',#7594,.F.);
#7594 = EDGE_LOOP('',(#7595,#7772,#7791,#7792,#7793));
#7595 = ORIENTED_EDGE('',*,*,#7596,.F.);
#7596 = EDGE_CURVE('',#7597,#7597,#7599,.T.);
#7597 = VERTEX_POINT('',#7598);
#7598 = CARTESIAN_POINT('',(-17.74165805912,-52.25788439221,
    59.967461269681));
#7599 = SURFACE_CURVE('',#7600,(#7637,#7732),.PCURVE_S1.);
#7600 = B_SPLINE_CURVE_WITH_KNOTS('',3,(#7601,#7602,#7603,#7604,#7605,
    #7606,#7607,#7608,#7609,#7610,#7611,#7612,#7613,#7614,#7615,#7616,
    #7617,#7618,#7619,#7620,#7621,#7622,#7623,#7624,#7625,#7626,#7627,
    #7628,#7629,#7630,#7631,#7632,#7633,#7634,#7635,#7636),
  .UNSPECIFIED.,.T.,.F.,(1,3,2,2,2,2,2,2,2,2,2,2,2,2,2,2,2,2,3,1),(
    -5.916473342973,-5.296744164173,-5.242007131237,-5.177451997576,
    -5.017543920701,-4.8432898442,-4.651989381515,-4.440976651537,
    -4.208152175177,-3.950544134588,-3.66502917884,-3.348379694412,
    -2.997328023162,-2.60864542954,-2.179233562455,-1.706224958401,
    -1.187087858128,-0.619729178801,0.,5.473703293607E-02),
  .UNSPECIFIED.);
#7601 = CARTESIAN_POINT('',(-17.74165805912,-52.25788439221,
    59.967461269681));
#7602 = CARTESIAN_POINT('',(-17.74279122399,-52.25788439221,
    61.211753808538));
#7603 = CARTESIAN_POINT('',(-17.60963115393,-52.25788439221,
    62.551792905914));
#7604 = CARTESIAN_POINT('',(-16.92042274081,-52.25788439221,
    65.561674898516));
#7605 = CARTESIAN_POINT('',(-16.39254779031,-52.25788439221,
    66.82470664617));
#7606 = CARTESIAN_POINT('',(-14.92584004565,-52.25788439221,
    69.858103636083));
#7607 = CARTESIAN_POINT('',(-13.49222358684,-52.25788439221,
    71.701186918313));
#7608 = CARTESIAN_POINT('',(-10.05638579107,-52.25788439221,
    74.786119424816));
#7609 = CARTESIAN_POINT('',(-8.029261848618,-52.25788439221,
    75.946112941506));
#7610 = CARTESIAN_POINT('',(-3.674157246749,-52.25788439221,
    77.49995802422));
#7611 = CARTESIAN_POINT('',(-1.357717850643,-52.25788439221,
    77.800064015863));
#7612 = CARTESIAN_POINT('',(3.24816374597,-52.25788439221,
    77.586936512796));
#7613 = CARTESIAN_POINT('',(5.505871163494,-52.25788439221,
    76.986908820562));
#7614 = CARTESIAN_POINT('',(9.694822477443,-52.25788439221,
    75.038595293572));
#7615 = CARTESIAN_POINT('',(11.555449870972,-52.25788439221,
    73.625304653395));
#7616 = CARTESIAN_POINT('',(14.692473352628,-52.25788439221,
    70.232054942811));
#7617 = CARTESIAN_POINT('',(15.876685443825,-52.25788439221,
    68.217428618349));
#7618 = CARTESIAN_POINT('',(17.491016652664,-52.25788439221,
    63.885925374186));
#7619 = CARTESIAN_POINT('',(17.821003993605,-52.25788439221,
    61.572136994279));
#7620 = CARTESIAN_POINT('',(17.669133600795,-52.25788439221,
    56.950574788136));
#7621 = CARTESIAN_POINT('',(17.095273009097,-52.25788439221,
    54.684677002249));
#7622 = CARTESIAN_POINT('',(15.198083084501,-52.25788439221,
    50.465972083837));
#7623 = CARTESIAN_POINT('',(13.80634882421,-52.25788439221,
    48.587817792667));
#7624 = CARTESIAN_POINT('',(10.446714540446,-52.25788439221,
    45.40576122091));
#7625 = CARTESIAN_POINT('',(8.445752980354,-52.25788439221,
    44.197034018081));
#7626 = CARTESIAN_POINT('',(4.126793480498,-52.25788439221,
    42.530932064836));
#7627 = CARTESIAN_POINT('',(1.816617639638,-52.25788439221,
    42.172919966468));
#7628 = CARTESIAN_POINT('',(-2.813313397508,-52.25788439221,
    42.275099697911));
#7629 = CARTESIAN_POINT('',(-5.086306953776,-52.25788439221,
    42.821523428008));
#7630 = CARTESIAN_POINT('',(-9.330778070638,-52.25788439221,
    44.678717081683));
#7631 = CARTESIAN_POINT('',(-11.22573340134,-52.25788439221,
    46.047672485594));
#7632 = CARTESIAN_POINT('',(-14.44499003482,-52.25788439221,
    49.382268263301));
#7633 = CARTESIAN_POINT('',(-15.67768854342,-52.25788439221,
    51.368478989253));
#7634 = CARTESIAN_POINT('',(-17.38898978346,-52.25788439221,
    55.689063188331));
#7635 = CARTESIAN_POINT('',(-17.74355144387,-52.25788439221,
    57.901698208041));
#7636 = CARTESIAN_POINT('',(-17.74165805912,-52.25788439221,
    59.967461269681));
#7637 = PCURVE('',#2898,#7638);
#7638 = DEFINITIONAL_REPRESENTATION('',(#7639),#7731);
#7639 = B_SPLINE_CURVE_WITH_KNOTS('',3,(#7640,#7641,#7642,#7643,#7644,
    #7645,#7646,#7647,#7648,#7649,#7650,#7651,#7652,#7653,#7654,#7655,
    #7656,#7657,#7658,#7659,#7660,#7661,#7662,#7663,#7664,#7665,#7666,
    #7667,#7668,#7669,#7670,#7671,#7672,#7673,#7674,#7675,#7676,#7677,
    #7678,#7679,#7680,#7681,#7682,#7683,#7684,#7685,#7686,#7687,#7688,
    #7689,#7690,#7691,#7692,#7693,#7694,#7695,#7696,#7697,#7698,#7699,
    #7700,#7701,#7702,#7703,#7704,#7705,#7706,#7707,#7708,#7709,#7710,
    #7711,#7712,#7713,#7714,#7715,#7716,#7717,#7718,#7719,#7720,#7721,
    #7722,#7723,#7724,#7725,#7726,#7727,#7728,#7729,#7730),
  .UNSPECIFIED.,.F.,.F.,(4,1,1,1,1,1,1,1,1,1,1,1,1,1,1,1,1,1,1,1,1,1,1,1
    ,1,1,1,1,1,1,1,1,1,1,1,1,1,1,1,1,1,1,1,1,1,1,1,1,1,1,1,1,1,1,1,1,1,1
    ,1,1,1,1,1,1,1,1,1,1,1,1,1,1,1,1,1,1,1,1,1,1,1,1,1,1,1,1,1,1,4),(
    -5.296744164173,-5.23655388958,-5.176363614987,-5.116173340394,
    -5.055983065801,-4.995792791208,-4.935602516615,-4.875412242023,
    -4.81522196743,-4.755031692837,-4.694841418244,-4.634651143651,
    -4.574460869058,-4.514270594465,-4.454080319873,-4.39389004528,
    -4.333699770687,-4.273509496094,-4.213319221501,-4.153128946908,
    -4.092938672315,-4.032748397722,-3.97255812313,-3.912367848537,
    -3.852177573944,-3.791987299351,-3.731797024758,-3.671606750165,
    -3.611416475572,-3.551226200979,-3.491035926387,-3.430845651794,
    -3.370655377201,-3.310465102608,-3.250274828015,-3.190084553422,
    -3.129894278829,-3.069704004236,-3.009513729644,-2.949323455051,
    -2.889133180458,-2.828942905865,-2.768752631272,-2.708562356679,
    -2.648372082086,-2.588181807493,-2.527991532901,-2.467801258308,
    -2.407610983715,-2.347420709122,-2.287230434529,-2.227040159936,
    -2.166849885343,-2.106659610751,-2.046469336158,-1.986279061565,
    -1.926088786972,-1.865898512379,-1.805708237786,-1.745517963193,
    -1.6853276886,-1.625137414008,-1.564947139415,-1.504756864822,
    -1.444566590229,-1.384376315636,-1.324186041043,-1.26399576645,
    -1.203805491857,-1.143615217265,-1.083424942672,-1.023234668079,
    -0.963044393486,-0.902854118893,-0.8426638443,-0.782473569707,
    -0.722283295114,-0.662093020522,-0.601902745929,-0.541712471336,
    -0.481522196743,-0.42133192215,-0.361141647557,-0.300951372964,
    -0.240761098371,-0.180570823779,-0.120380549186,-6.019027459287E-02,
    0.),.UNSPECIFIED.);
#7640 = CARTESIAN_POINT('',(-0.375,0.));
#7641 = CARTESIAN_POINT('',(-0.375,1.418152258129E-02));
#7642 = CARTESIAN_POINT('',(-0.375,4.058910555757E-02));
#7643 = CARTESIAN_POINT('',(-0.375,7.414338707596E-02));
#7644 = CARTESIAN_POINT('',(-0.375,9.561145987421E-02));
#7645 = CARTESIAN_POINT('',(-0.375,0.119398641033));
#7646 = CARTESIAN_POINT('',(-0.375,0.141679425854));
#7647 = CARTESIAN_POINT('',(-0.375,0.163407692776));
#7648 = CARTESIAN_POINT('',(-0.375,0.184519184736));
#7649 = CARTESIAN_POINT('',(-0.375,0.205008216405));
#7650 = CARTESIAN_POINT('',(-0.375,0.224768132815));
#7651 = CARTESIAN_POINT('',(-0.375,0.244044942904));
#7652 = CARTESIAN_POINT('',(-0.375,0.262662287102));
#7653 = CARTESIAN_POINT('',(-0.375,0.280764151173));
#7654 = CARTESIAN_POINT('',(-0.375,0.298381566538));
#7655 = CARTESIAN_POINT('',(-0.375,0.315501984554));
#7656 = CARTESIAN_POINT('',(-0.375,0.332246265391));
#7657 = CARTESIAN_POINT('',(-0.375,0.3484209528));
#7658 = CARTESIAN_POINT('',(-0.375,0.364320027224));
#7659 = CARTESIAN_POINT('',(-0.375,0.379717560028));
#7660 = CARTESIAN_POINT('',(-0.375,0.394839057341));
#7661 = CARTESIAN_POINT('',(-0.375,0.409466021585));
#7662 = CARTESIAN_POINT('',(-0.375,0.423858585437));
#7663 = CARTESIAN_POINT('',(-0.375,0.437862892295));
#7664 = CARTESIAN_POINT('',(-0.375,0.451577531389));
#7665 = CARTESIAN_POINT('',(-0.375,0.464980342005));
#7666 = CARTESIAN_POINT('',(-0.375,0.478027905417));
#7667 = CARTESIAN_POINT('',(-0.375,0.490908088505));
#7668 = CARTESIAN_POINT('',(-0.375,0.503422040826));
#7669 = CARTESIAN_POINT('',(-0.375,0.515751512528));
#7670 = CARTESIAN_POINT('',(-0.375,0.527794346739));
#7671 = CARTESIAN_POINT('',(-0.375,0.539555965786));
#7672 = CARTESIAN_POINT('',(-0.375,0.551186325959));
#7673 = CARTESIAN_POINT('',(-0.375,0.562530030702));
#7674 = CARTESIAN_POINT('',(-0.375,0.573686227126));
#7675 = CARTESIAN_POINT('',(-0.375,0.584661716708));
#7676 = CARTESIAN_POINT('',(-0.375,0.595363499805));
#7677 = CARTESIAN_POINT('',(-0.375,0.605931451618));
#7678 = CARTESIAN_POINT('',(-0.375,0.616349220536));
#7679 = CARTESIAN_POINT('',(-0.375,0.626531818274));
#7680 = CARTESIAN_POINT('',(-0.375,0.63658656617));
#7681 = CARTESIAN_POINT('',(-0.375,0.646484297103));
#7682 = CARTESIAN_POINT('',(-0.375,0.656166419246));
#7683 = CARTESIAN_POINT('',(-0.375,0.665721795661));
#7684 = CARTESIAN_POINT('',(-0.375,0.675174018344));
#7685 = CARTESIAN_POINT('',(-0.375,0.684457861872));
#7686 = CARTESIAN_POINT('',(-0.375,0.693586736874));
#7687 = CARTESIAN_POINT('',(-0.375,0.702621789553));
#7688 = CARTESIAN_POINT('',(-0.375,0.711511919646));
#7689 = CARTESIAN_POINT('',(-0.375,0.720227465593));
#7690 = CARTESIAN_POINT('',(-0.375,0.728866185681));
#7691 = CARTESIAN_POINT('',(-0.375,0.737412553018));
#7692 = CARTESIAN_POINT('',(-0.375,0.745830441383));
#7693 = CARTESIAN_POINT('',(-0.375,0.754114240863));
#7694 = CARTESIAN_POINT('',(-0.375,0.762328941446));
#7695 = CARTESIAN_POINT('',(-0.375,0.77043225259));
#7696 = CARTESIAN_POINT('',(-0.375,0.778407084676));
#7697 = CARTESIAN_POINT('',(-0.375,0.786267918877));
#7698 = CARTESIAN_POINT('',(-0.375,0.794082948653));
#7699 = CARTESIAN_POINT('',(-0.375,0.80181074401));
#7700 = CARTESIAN_POINT('',(-0.375,0.809432067573));
#7701 = CARTESIAN_POINT('',(-0.375,0.816955924622));
#7702 = CARTESIAN_POINT('',(-0.375,0.824423692981));
#7703 = CARTESIAN_POINT('',(-0.375,0.831801702416));
#7704 = CARTESIAN_POINT('',(-0.375,0.839081517636));
#7705 = CARTESIAN_POINT('',(-0.375,0.846253763304));
#7706 = CARTESIAN_POINT('',(-0.375,0.853391730803));
#7707 = CARTESIAN_POINT('',(-0.375,0.860468751024));
#7708 = CARTESIAN_POINT('',(-0.375,0.86747245615));
#7709 = CARTESIAN_POINT('',(-0.375,0.87438084127));
#7710 = CARTESIAN_POINT('',(-0.375,0.881239273517));
#7711 = CARTESIAN_POINT('',(-0.375,0.888039823985));
#7712 = CARTESIAN_POINT('',(-0.375,0.894768157812));
#7713 = CARTESIAN_POINT('',(-0.375,0.901416592331));
#7714 = CARTESIAN_POINT('',(-0.375,0.907976770643));
#7715 = CARTESIAN_POINT('',(-0.375,0.914510942294));
#7716 = CARTESIAN_POINT('',(-0.375,0.921000403961));
#7717 = CARTESIAN_POINT('',(-0.375,0.927434021468));
#7718 = CARTESIAN_POINT('',(-0.375,0.933797885143));
#7719 = CARTESIAN_POINT('',(-0.375,0.940107478158));
#7720 = CARTESIAN_POINT('',(-0.375,0.946335641656));
#7721 = CARTESIAN_POINT('',(-0.375,0.952456985217));
#7722 = CARTESIAN_POINT('',(-0.375,0.958473962145));
#7723 = CARTESIAN_POINT('',(-0.375,0.964372595288));
#7724 = CARTESIAN_POINT('',(-0.375,0.970173579321));
#7725 = CARTESIAN_POINT('',(-0.375,0.975901569338));
#7726 = CARTESIAN_POINT('',(-0.375,0.981540279303));
#7727 = CARTESIAN_POINT('',(-0.375,0.987098216358));
#7728 = CARTESIAN_POINT('',(-0.375,0.992588237022));
#7729 = CARTESIAN_POINT('',(-0.375,0.996193052513));
#7730 = CARTESIAN_POINT('',(-0.375,0.997980501351));
#7731 = ( GEOMETRIC_REPRESENTATION_CONTEXT(2) 
PARAMETRIC_REPRESENTATION_CONTEXT() REPRESENTATION_CONTEXT('2D SPACE',''
  ) );
#7732 = PCURVE('',#4910,#7733);
#7733 = DEFINITIONAL_REPRESENTATION('',(#7734),#7771);
#7734 = B_SPLINE_CURVE_WITH_KNOTS('',3,(#7735,#7736,#7737,#7738,#7739,
    #7740,#7741,#7742,#7743,#7744,#7745,#7746,#7747,#7748,#7749,#7750,
    #7751,#7752,#7753,#7754,#7755,#7756,#7757,#7758,#7759,#7760,#7761,
    #7762,#7763,#7764,#7765,#7766,#7767,#7768,#7769,#7770),
  .UNSPECIFIED.,.T.,.F.,(1,3,2,2,2,2,2,2,2,2,2,2,2,2,2,2,2,2,3,1),(
    -5.916473342973,-5.296744164173,-5.242007131237,-5.177451997576,
    -5.017543920701,-4.8432898442,-4.651989381515,-4.440976651537,
    -4.208152175177,-3.950544134588,-3.66502917884,-3.348379694412,
    -2.997328023162,-2.60864542954,-2.179233562455,-1.706224958401,
    -1.187087858128,-0.619729178801,0.,5.473703293607E-02),
  .UNSPECIFIED.);
#7735 = CARTESIAN_POINT('',(-17.75,7.105427357601E-15));
#7736 = CARTESIAN_POINT('',(-17.75113316487,-1.244292538856));
#7737 = CARTESIAN_POINT('',(-17.61797309481,-2.584331636233));
#7738 = CARTESIAN_POINT('',(-16.92876468168,-5.594213628834));
#7739 = CARTESIAN_POINT('',(-16.40088973118,-6.857245376488));
#7740 = CARTESIAN_POINT('',(-14.93418198653,-9.890642366402));
#7741 = CARTESIAN_POINT('',(-13.50056552772,-11.73372564863));
#7742 = CARTESIAN_POINT('',(-10.06472773195,-14.81865815513));
#7743 = CARTESIAN_POINT('',(-8.037603789492,-15.97865167182));
#7744 = CARTESIAN_POINT('',(-3.682499187623,-17.53249675453));
#7745 = CARTESIAN_POINT('',(-1.366059791516,-17.83260274618));
#7746 = CARTESIAN_POINT('',(3.239821805096,-17.61947524311));
#7747 = CARTESIAN_POINT('',(5.49752922262,-17.01944755088));
#7748 = CARTESIAN_POINT('',(9.686480536569,-15.07113402389));
#7749 = CARTESIAN_POINT('',(11.547107930098,-13.65784338371));
#7750 = CARTESIAN_POINT('',(14.684131411754,-10.26459367313));
#7751 = CARTESIAN_POINT('',(15.868343502952,-8.249967348668));
#7752 = CARTESIAN_POINT('',(17.482674711791,-3.918464104505));
#7753 = CARTESIAN_POINT('',(17.812662052731,-1.604675724597));
#7754 = CARTESIAN_POINT('',(17.660791659921,3.016886481546));
#7755 = CARTESIAN_POINT('',(17.086931068224,5.282784267432));
#7756 = CARTESIAN_POINT('',(15.189741143627,9.501489185845));
#7757 = CARTESIAN_POINT('',(13.798006883337,11.379643477015));
#7758 = CARTESIAN_POINT('',(10.438372599572,14.561700048772));
#7759 = CARTESIAN_POINT('',(8.43741103948,15.7704272516));
#7760 = CARTESIAN_POINT('',(4.118451539624,17.436529204846));
#7761 = CARTESIAN_POINT('',(1.808275698765,17.794541303213));
#7762 = CARTESIAN_POINT('',(-2.821655338382,17.692361571771));
#7763 = CARTESIAN_POINT('',(-5.09464889465,17.145937841673));
#7764 = CARTESIAN_POINT('',(-9.339120011511,15.288744187998));
#7765 = CARTESIAN_POINT('',(-11.23407534222,13.919788784088));
#7766 = CARTESIAN_POINT('',(-14.45333197569,10.58519300638));
#7767 = CARTESIAN_POINT('',(-15.6860304843,8.598982280429));
#7768 = CARTESIAN_POINT('',(-17.39733172433,4.278398081351));
#7769 = CARTESIAN_POINT('',(-17.75189338474,2.06576306164));
#7770 = CARTESIAN_POINT('',(-17.75,7.105427357601E-15));
#7771 = ( GEOMETRIC_REPRESENTATION_CONTEXT(2) 
PARAMETRIC_REPRESENTATION_CONTEXT() REPRESENTATION_CONTEXT('2D SPACE',''
  ) );
#7772 = ORIENTED_EDGE('',*,*,#7773,.F.);
#7773 = EDGE_CURVE('',#2853,#7597,#7774,.T.);
#7774 = SEAM_CURVE('',#7775,(#7779,#7785),.PCURVE_S1.);
#7775 = LINE('',#7776,#7777);
#7776 = CARTESIAN_POINT('',(-17.74165805912,-55.00788439221,
    59.967461269681));
#7777 = VECTOR('',#7778,1.);
#7778 = DIRECTION('',(-5.546778314436E-16,1.,-3.86106458461E-15));
#7779 = PCURVE('',#2898,#7780);
#7780 = DEFINITIONAL_REPRESENTATION('',(#7781),#7784);
#7781 = B_SPLINE_CURVE_WITH_KNOTS('',1,(#7782,#7783),.UNSPECIFIED.,.F.,
  .F.,(2,2),(0.,2.75),.PIECEWISE_BEZIER_KNOTS.);
#7782 = CARTESIAN_POINT('',(1.,2.22044604925E-16));
#7783 = CARTESIAN_POINT('',(-0.375,2.22044604925E-16));
#7784 = ( GEOMETRIC_REPRESENTATION_CONTEXT(2) 
PARAMETRIC_REPRESENTATION_CONTEXT() REPRESENTATION_CONTEXT('2D SPACE',''
  ) );
#7785 = PCURVE('',#2898,#7786);
#7786 = DEFINITIONAL_REPRESENTATION('',(#7787),#7790);
#7787 = B_SPLINE_CURVE_WITH_KNOTS('',1,(#7788,#7789),.UNSPECIFIED.,.F.,
  .F.,(2,2),(0.,2.75),.PIECEWISE_BEZIER_KNOTS.);
#7788 = CARTESIAN_POINT('',(1.,0.997980501351));
#7789 = CARTESIAN_POINT('',(-0.375,0.997980501351));
#7790 = ( GEOMETRIC_REPRESENTATION_CONTEXT(2) 
PARAMETRIC_REPRESENTATION_CONTEXT() REPRESENTATION_CONTEXT('2D SPACE',''
  ) );
#7791 = ORIENTED_EDGE('',*,*,#4770,.T.);
#7792 = ORIENTED_EDGE('',*,*,#2850,.T.);
#7793 = ORIENTED_EDGE('',*,*,#7773,.T.);
#7794 = ADVANCED_FACE('',(#7795,#7798),#4910,.F.);
#7795 = FACE_BOUND('',#7796,.T.);
#7796 = EDGE_LOOP('',(#7797));
#7797 = ORIENTED_EDGE('',*,*,#7596,.F.);
#7798 = FACE_BOUND('',#7799,.T.);
#7799 = EDGE_LOOP('',(#7800));
#7800 = ORIENTED_EDGE('',*,*,#4895,.T.);
#7801 = ADVANCED_FACE('',(#7802),#2163,.T.);
#7802 = FACE_BOUND('',#7803,.T.);
#7803 = EDGE_LOOP('',(#7804,#7823,#7824,#7825,#7826,#7827,#7828));
#7804 = ORIENTED_EDGE('',*,*,#7805,.T.);
#7805 = EDGE_CURVE('',#2076,#6707,#7806,.T.);
#7806 = SEAM_CURVE('',#7807,(#7811,#7817),.PCURVE_S1.);
#7807 = LINE('',#7808,#7809);
#7808 = CARTESIAN_POINT('',(17.158341940874,-55.00788439221,
    75.467461269681));
#7809 = VECTOR('',#7810,1.);
#7810 = DIRECTION('',(-5.546778314436E-16,1.,-3.86106458461E-15));
#7811 = PCURVE('',#2163,#7812);
#7812 = DEFINITIONAL_REPRESENTATION('',(#7813),#7816);
#7813 = B_SPLINE_CURVE_WITH_KNOTS('',1,(#7814,#7815),.UNSPECIFIED.,.F.,
  .F.,(2,2),(2.574125572925E-24,0.6),.PIECEWISE_BEZIER_KNOTS.);
#7814 = CARTESIAN_POINT('',(0.,6.E-02));
#7815 = CARTESIAN_POINT('',(0.,-1.268516541808E-17));
#7816 = ( GEOMETRIC_REPRESENTATION_CONTEXT(2) 
PARAMETRIC_REPRESENTATION_CONTEXT() REPRESENTATION_CONTEXT('2D SPACE',''
  ) );
#7817 = PCURVE('',#2163,#7818);
#7818 = DEFINITIONAL_REPRESENTATION('',(#7819),#7822);
#7819 = B_SPLINE_CURVE_WITH_KNOTS('',1,(#7820,#7821),.UNSPECIFIED.,.F.,
  .F.,(2,2),(2.574125572925E-24,0.6),.PIECEWISE_BEZIER_KNOTS.);
#7820 = CARTESIAN_POINT('',(1.,6.E-02));
#7821 = CARTESIAN_POINT('',(1.,-1.268516541808E-17));
#7822 = ( GEOMETRIC_REPRESENTATION_CONTEXT(2) 
PARAMETRIC_REPRESENTATION_CONTEXT() REPRESENTATION_CONTEXT('2D SPACE',''
  ) );
#7823 = ORIENTED_EDGE('',*,*,#6826,.F.);
#7824 = ORIENTED_EDGE('',*,*,#6944,.F.);
#7825 = ORIENTED_EDGE('',*,*,#7062,.F.);
#7826 = ORIENTED_EDGE('',*,*,#6706,.F.);
#7827 = ORIENTED_EDGE('',*,*,#7805,.F.);
#7828 = ORIENTED_EDGE('',*,*,#2075,.F.);
#7829 = ADVANCED_FACE('',(#7830),#2604,.T.);
#7830 = FACE_BOUND('',#7831,.T.);
#7831 = EDGE_LOOP('',(#7832,#7851,#7852,#7853,#7854,#7855,#7856));
#7832 = ORIENTED_EDGE('',*,*,#7833,.T.);
#7833 = EDGE_CURVE('',#2517,#5988,#7834,.T.);
#7834 = SEAM_CURVE('',#7835,(#7839,#7845),.PCURVE_S1.);
#7835 = LINE('',#7836,#7837);
#7836 = CARTESIAN_POINT('',(-13.84165805912,-55.00788439221,
    44.467461269681));
#7837 = VECTOR('',#7838,1.);
#7838 = DIRECTION('',(-5.546778314436E-16,1.,-3.86106458461E-15));
#7839 = PCURVE('',#2604,#7840);
#7840 = DEFINITIONAL_REPRESENTATION('',(#7841),#7844);
#7841 = B_SPLINE_CURVE_WITH_KNOTS('',1,(#7842,#7843),.UNSPECIFIED.,.F.,
  .F.,(2,2),(2.574180441953E-24,0.6),.PIECEWISE_BEZIER_KNOTS.);
#7842 = CARTESIAN_POINT('',(0.,6.E-02));
#7843 = CARTESIAN_POINT('',(0.,-1.268516541808E-17));
#7844 = ( GEOMETRIC_REPRESENTATION_CONTEXT(2) 
PARAMETRIC_REPRESENTATION_CONTEXT() REPRESENTATION_CONTEXT('2D SPACE',''
  ) );
#7845 = PCURVE('',#2604,#7846);
#7846 = DEFINITIONAL_REPRESENTATION('',(#7847),#7850);
#7847 = B_SPLINE_CURVE_WITH_KNOTS('',1,(#7848,#7849),.UNSPECIFIED.,.F.,
  .F.,(2,2),(2.574180441953E-24,0.6),.PIECEWISE_BEZIER_KNOTS.);
#7848 = CARTESIAN_POINT('',(1.,6.E-02));
#7849 = CARTESIAN_POINT('',(1.,-1.268516541808E-17));
#7850 = ( GEOMETRIC_REPRESENTATION_CONTEXT(2) 
PARAMETRIC_REPRESENTATION_CONTEXT() REPRESENTATION_CONTEXT('2D SPACE',''
  ) );
#7851 = ORIENTED_EDGE('',*,*,#6105,.F.);
#7852 = ORIENTED_EDGE('',*,*,#5749,.F.);
#7853 = ORIENTED_EDGE('',*,*,#5869,.F.);
#7854 = ORIENTED_EDGE('',*,*,#5987,.F.);
#7855 = ORIENTED_EDGE('',*,*,#7833,.F.);
#7856 = ORIENTED_EDGE('',*,*,#2516,.F.);
#7857 = ADVANCED_FACE('',(#7858),#1103,.T.);
#7858 = FACE_BOUND('',#7859,.T.);
#7859 = EDGE_LOOP('',(#7860,#7861,#7882,#7883,#7904,#7905,#7926));
#7860 = ORIENTED_EDGE('',*,*,#7154,.F.);
#7861 = ORIENTED_EDGE('',*,*,#7862,.F.);
#7862 = EDGE_CURVE('',#1213,#7132,#7863,.T.);
#7863 = SURFACE_CURVE('',#7864,(#7868,#7875),.PCURVE_S1.);
#7864 = LINE('',#7865,#7866);
#7865 = CARTESIAN_POINT('',(13.858341940874,-54.20788439221,
    77.117461269681));
#7866 = VECTOR('',#7867,1.);
#7867 = DIRECTION('',(5.546778314436E-16,-1.,3.86106458461E-15));
#7868 = PCURVE('',#1103,#7869);
#7869 = DEFINITIONAL_REPRESENTATION('',(#7870),#7874);
#7870 = LINE('',#7871,#7872);
#7871 = CARTESIAN_POINT('',(9.152184218819E-16,-1.65));
#7872 = VECTOR('',#7873,1.);
#7873 = DIRECTION('',(-1.,-1.02947314106E-30));
#7874 = ( GEOMETRIC_REPRESENTATION_CONTEXT(2) 
PARAMETRIC_REPRESENTATION_CONTEXT() REPRESENTATION_CONTEXT('2D SPACE',''
  ) );
#7875 = PCURVE('',#1249,#7876);
#7876 = DEFINITIONAL_REPRESENTATION('',(#7877),#7881);
#7877 = LINE('',#7878,#7879);
#7878 = CARTESIAN_POINT('',(-1.65,-0.2));
#7879 = VECTOR('',#7880,1.);
#7880 = DIRECTION('',(0.,-1.));
#7881 = ( GEOMETRIC_REPRESENTATION_CONTEXT(2) 
PARAMETRIC_REPRESENTATION_CONTEXT() REPRESENTATION_CONTEXT('2D SPACE',''
  ) );
#7882 = ORIENTED_EDGE('',*,*,#1212,.T.);
#7883 = ORIENTED_EDGE('',*,*,#7884,.T.);
#7884 = EDGE_CURVE('',#1178,#1081,#7885,.T.);
#7885 = SURFACE_CURVE('',#7886,(#7890,#7897),.PCURVE_S1.);
#7886 = LINE('',#7887,#7888);
#7887 = CARTESIAN_POINT('',(13.858341940874,-54.20788439221,
    77.117461269681));
#7888 = VECTOR('',#7889,1.);
#7889 = DIRECTION('',(1.,5.546778314436E-16,-1.64473469566E-16));
#7890 = PCURVE('',#1103,#7891);
#7891 = DEFINITIONAL_REPRESENTATION('',(#7892),#7896);
#7892 = LINE('',#7893,#7894);
#7893 = CARTESIAN_POINT('',(9.152184218819E-16,-1.65));
#7894 = VECTOR('',#7895,1.);
#7895 = DIRECTION('',(-3.51033443077E-31,1.));
#7896 = ( GEOMETRIC_REPRESENTATION_CONTEXT(2) 
PARAMETRIC_REPRESENTATION_CONTEXT() REPRESENTATION_CONTEXT('2D SPACE',''
  ) );
#7897 = PCURVE('',#5071,#7898);
#7898 = DEFINITIONAL_REPRESENTATION('',(#7899),#7903);
#7899 = LINE('',#7900,#7901);
#7900 = CARTESIAN_POINT('',(17.15,13.85));
#7901 = VECTOR('',#7902,1.);
#7902 = DIRECTION('',(1.479114197289E-31,1.));
#7903 = ( GEOMETRIC_REPRESENTATION_CONTEXT(2) 
PARAMETRIC_REPRESENTATION_CONTEXT() REPRESENTATION_CONTEXT('2D SPACE',''
  ) );
#7904 = ORIENTED_EDGE('',*,*,#1080,.T.);
#7905 = ORIENTED_EDGE('',*,*,#7906,.T.);
#7906 = EDGE_CURVE('',#1083,#6780,#7907,.T.);
#7907 = SURFACE_CURVE('',#7908,(#7912,#7919),.PCURVE_S1.);
#7908 = LINE('',#7909,#7910);
#7909 = CARTESIAN_POINT('',(17.158341940874,-54.20788439221,
    77.117461269681));
#7910 = VECTOR('',#7911,1.);
#7911 = DIRECTION('',(5.546778314436E-16,-1.,3.86106458461E-15));
#7912 = PCURVE('',#1103,#7913);
#7913 = DEFINITIONAL_REPRESENTATION('',(#7914),#7918);
#7914 = LINE('',#7915,#7916);
#7915 = CARTESIAN_POINT('',(-9.152184218819E-16,1.65));
#7916 = VECTOR('',#7917,1.);
#7917 = DIRECTION('',(-1.,-1.02947314106E-30));
#7918 = ( GEOMETRIC_REPRESENTATION_CONTEXT(2) 
PARAMETRIC_REPRESENTATION_CONTEXT() REPRESENTATION_CONTEXT('2D SPACE',''
  ) );
#7919 = PCURVE('',#1162,#7920);
#7920 = DEFINITIONAL_REPRESENTATION('',(#7921),#7925);
#7921 = LINE('',#7922,#7923);
#7922 = CARTESIAN_POINT('',(0.2,4.075));
#7923 = VECTOR('',#7924,1.);
#7924 = DIRECTION('',(1.,0.));
#7925 = ( GEOMETRIC_REPRESENTATION_CONTEXT(2) 
PARAMETRIC_REPRESENTATION_CONTEXT() REPRESENTATION_CONTEXT('2D SPACE',''
  ) );
#7926 = ORIENTED_EDGE('',*,*,#6779,.F.);
#7927 = ADVANCED_FACE('',(#7928),#1287,.T.);
#7928 = FACE_BOUND('',#7929,.T.);
#7929 = EDGE_LOOP('',(#7930,#7931,#7952,#7953,#7974,#7975,#7996));
#7930 = ORIENTED_EDGE('',*,*,#6920,.F.);
#7931 = ORIENTED_EDGE('',*,*,#7932,.F.);
#7932 = EDGE_CURVE('',#1387,#6898,#7933,.T.);
#7933 = SURFACE_CURVE('',#7934,(#7938,#7945),.PCURVE_S1.);
#7934 = LINE('',#7935,#7936);
#7935 = CARTESIAN_POINT('',(17.158341940874,-54.20788439221,
    73.817461269681));
#7936 = VECTOR('',#7937,1.);
#7937 = DIRECTION('',(5.546778314436E-16,-1.,3.86106458461E-15));
#7938 = PCURVE('',#1287,#7939);
#7939 = DEFINITIONAL_REPRESENTATION('',(#7940),#7944);
#7940 = LINE('',#7941,#7942);
#7941 = CARTESIAN_POINT('',(9.152184218819E-16,1.65));
#7942 = VECTOR('',#7943,1.);
#7943 = DIRECTION('',(1.,-1.02947314106E-30));
#7944 = ( GEOMETRIC_REPRESENTATION_CONTEXT(2) 
PARAMETRIC_REPRESENTATION_CONTEXT() REPRESENTATION_CONTEXT('2D SPACE',''
  ) );
#7945 = PCURVE('',#1162,#7946);
#7946 = DEFINITIONAL_REPRESENTATION('',(#7947),#7951);
#7947 = LINE('',#7948,#7949);
#7948 = CARTESIAN_POINT('',(0.2,0.775));
#7949 = VECTOR('',#7950,1.);
#7950 = DIRECTION('',(1.,0.));
#7951 = ( GEOMETRIC_REPRESENTATION_CONTEXT(2) 
PARAMETRIC_REPRESENTATION_CONTEXT() REPRESENTATION_CONTEXT('2D SPACE',''
  ) );
#7952 = ORIENTED_EDGE('',*,*,#1386,.T.);
#7953 = ORIENTED_EDGE('',*,*,#7954,.T.);
#7954 = EDGE_CURVE('',#1352,#1265,#7955,.T.);
#7955 = SURFACE_CURVE('',#7956,(#7960,#7967),.PCURVE_S1.);
#7956 = LINE('',#7957,#7958);
#7957 = CARTESIAN_POINT('',(17.158341940874,-54.20788439221,
    73.817461269681));
#7958 = VECTOR('',#7959,1.);
#7959 = DIRECTION('',(-1.,-5.546778314436E-16,1.64473469566E-16));
#7960 = PCURVE('',#1287,#7961);
#7961 = DEFINITIONAL_REPRESENTATION('',(#7962),#7966);
#7962 = LINE('',#7963,#7964);
#7963 = CARTESIAN_POINT('',(9.152184218819E-16,1.65));
#7964 = VECTOR('',#7965,1.);
#7965 = DIRECTION('',(-3.51033443077E-31,-1.));
#7966 = ( GEOMETRIC_REPRESENTATION_CONTEXT(2) 
PARAMETRIC_REPRESENTATION_CONTEXT() REPRESENTATION_CONTEXT('2D SPACE',''
  ) );
#7967 = PCURVE('',#5181,#7968);
#7968 = DEFINITIONAL_REPRESENTATION('',(#7969),#7973);
#7969 = LINE('',#7970,#7971);
#7970 = CARTESIAN_POINT('',(13.85,17.15));
#7971 = VECTOR('',#7972,1.);
#7972 = DIRECTION('',(-1.479114197289E-31,-1.));
#7973 = ( GEOMETRIC_REPRESENTATION_CONTEXT(2) 
PARAMETRIC_REPRESENTATION_CONTEXT() REPRESENTATION_CONTEXT('2D SPACE',''
  ) );
#7974 = ORIENTED_EDGE('',*,*,#1264,.T.);
#7975 = ORIENTED_EDGE('',*,*,#7976,.T.);
#7976 = EDGE_CURVE('',#1267,#7016,#7977,.T.);
#7977 = SURFACE_CURVE('',#7978,(#7982,#7989),.PCURVE_S1.);
#7978 = LINE('',#7979,#7980);
#7979 = CARTESIAN_POINT('',(13.858341940874,-54.20788439221,
    73.817461269681));
#7980 = VECTOR('',#7981,1.);
#7981 = DIRECTION('',(5.546778314436E-16,-1.,3.86106458461E-15));
#7982 = PCURVE('',#1287,#7983);
#7983 = DEFINITIONAL_REPRESENTATION('',(#7984),#7988);
#7984 = LINE('',#7985,#7986);
#7985 = CARTESIAN_POINT('',(-9.152184218819E-16,-1.65));
#7986 = VECTOR('',#7987,1.);
#7987 = DIRECTION('',(1.,-1.02947314106E-30));
#7988 = ( GEOMETRIC_REPRESENTATION_CONTEXT(2) 
PARAMETRIC_REPRESENTATION_CONTEXT() REPRESENTATION_CONTEXT('2D SPACE',''
  ) );
#7989 = PCURVE('',#1249,#7990);
#7990 = DEFINITIONAL_REPRESENTATION('',(#7991),#7995);
#7991 = LINE('',#7992,#7993);
#7992 = CARTESIAN_POINT('',(1.65,-0.2));
#7993 = VECTOR('',#7994,1.);
#7994 = DIRECTION('',(0.,-1.));
#7995 = ( GEOMETRIC_REPRESENTATION_CONTEXT(2) 
PARAMETRIC_REPRESENTATION_CONTEXT() REPRESENTATION_CONTEXT('2D SPACE',''
  ) );
#7996 = ORIENTED_EDGE('',*,*,#7015,.F.);
#7997 = ADVANCED_FACE('',(#7998),#5128,.T.);
#7998 = FACE_BOUND('',#7999,.T.);
#7999 = EDGE_LOOP('',(#8000,#8021));
#8000 = ORIENTED_EDGE('',*,*,#8001,.F.);
#8001 = EDGE_CURVE('',#5089,#5112,#8002,.T.);
#8002 = SURFACE_CURVE('',#8003,(#8007,#8014),.PCURVE_S1.);
#8003 = LINE('',#8004,#8005);
#8004 = CARTESIAN_POINT('',(17.158341940874,-54.00788439221,
    77.791251277681));
#8005 = VECTOR('',#8006,1.);
#8006 = DIRECTION('',(-1.64473469566E-16,-3.86106458461E-15,-1.));
#8007 = PCURVE('',#5128,#8008);
#8008 = DEFINITIONAL_REPRESENTATION('',(#8009),#8013);
#8009 = LINE('',#8010,#8011);
#8010 = CARTESIAN_POINT('',(17.823790008,17.15));
#8011 = VECTOR('',#8012,1.);
#8012 = DIRECTION('',(-1.,0.));
#8013 = ( GEOMETRIC_REPRESENTATION_CONTEXT(2) 
PARAMETRIC_REPRESENTATION_CONTEXT() REPRESENTATION_CONTEXT('2D SPACE',''
  ) );
#8014 = PCURVE('',#1162,#8015);
#8015 = DEFINITIONAL_REPRESENTATION('',(#8016),#8020);
#8016 = LINE('',#8017,#8018);
#8017 = CARTESIAN_POINT('',(1.833538491964E-14,4.748790008));
#8018 = VECTOR('',#8019,1.);
#8019 = DIRECTION('',(0.,-1.));
#8020 = ( GEOMETRIC_REPRESENTATION_CONTEXT(2) 
PARAMETRIC_REPRESENTATION_CONTEXT() REPRESENTATION_CONTEXT('2D SPACE',''
  ) );
#8021 = ORIENTED_EDGE('',*,*,#5111,.F.);
#8022 = ADVANCED_FACE('',(#8023),#5071,.T.);
#8023 = FACE_BOUND('',#8024,.T.);
#8024 = EDGE_LOOP('',(#8025,#8026));
#8025 = ORIENTED_EDGE('',*,*,#7884,.F.);
#8026 = ORIENTED_EDGE('',*,*,#5056,.F.);
#8027 = ADVANCED_FACE('',(#8028),#4967,.T.);
#8028 = FACE_BOUND('',#8029,.T.);
#8029 = EDGE_LOOP('',(#8030,#8051,#8052));
#8030 = ORIENTED_EDGE('',*,*,#8031,.F.);
#8031 = EDGE_CURVE('',#4928,#5007,#8032,.T.);
#8032 = SURFACE_CURVE('',#8033,(#8037,#8044),.PCURVE_S1.);
#8033 = LINE('',#8034,#8035);
#8034 = CARTESIAN_POINT('',(13.858341940874,-54.00788439221,
    73.143671261681));
#8035 = VECTOR('',#8036,1.);
#8036 = DIRECTION('',(1.64473469566E-16,3.86106458461E-15,1.));
#8037 = PCURVE('',#4967,#8038);
#8038 = DEFINITIONAL_REPRESENTATION('',(#8039),#8043);
#8039 = LINE('',#8040,#8041);
#8040 = CARTESIAN_POINT('',(13.176209992,13.85));
#8041 = VECTOR('',#8042,1.);
#8042 = DIRECTION('',(1.,0.));
#8043 = ( GEOMETRIC_REPRESENTATION_CONTEXT(2) 
PARAMETRIC_REPRESENTATION_CONTEXT() REPRESENTATION_CONTEXT('2D SPACE',''
  ) );
#8044 = PCURVE('',#1249,#8045);
#8045 = DEFINITIONAL_REPRESENTATION('',(#8046),#8050);
#8046 = LINE('',#8047,#8048);
#8047 = CARTESIAN_POINT('',(2.323790008,8.972303301958E-15));
#8048 = VECTOR('',#8049,1.);
#8049 = DIRECTION('',(-1.,0.));
#8050 = ( GEOMETRIC_REPRESENTATION_CONTEXT(2) 
PARAMETRIC_REPRESENTATION_CONTEXT() REPRESENTATION_CONTEXT('2D SPACE',''
  ) );
#8051 = ORIENTED_EDGE('',*,*,#4950,.F.);
#8052 = ORIENTED_EDGE('',*,*,#5006,.F.);
#8053 = ADVANCED_FACE('',(#8054),#5181,.T.);
#8054 = FACE_BOUND('',#8055,.T.);
#8055 = EDGE_LOOP('',(#8056,#8057));
#8056 = ORIENTED_EDGE('',*,*,#7954,.F.);
#8057 = ORIENTED_EDGE('',*,*,#5166,.F.);
#8058 = ADVANCED_FACE('',(#8059),#1249,.T.);
#8059 = FACE_BOUND('',#8060,.T.);
#8060 = EDGE_LOOP('',(#8061,#8062,#8063,#8064,#8065,#8066,#8067,#8068,
    #8069));
#8061 = ORIENTED_EDGE('',*,*,#7976,.F.);
#8062 = ORIENTED_EDGE('',*,*,#1327,.T.);
#8063 = ORIENTED_EDGE('',*,*,#4927,.F.);
#8064 = ORIENTED_EDGE('',*,*,#8031,.T.);
#8065 = ORIENTED_EDGE('',*,*,#5034,.F.);
#8066 = ORIENTED_EDGE('',*,*,#1235,.T.);
#8067 = ORIENTED_EDGE('',*,*,#7862,.T.);
#8068 = ORIENTED_EDGE('',*,*,#7131,.F.);
#8069 = ORIENTED_EDGE('',*,*,#7038,.F.);
#8070 = ADVANCED_FACE('',(#8071),#1162,.T.);
#8071 = FACE_BOUND('',#8072,.T.);
#8072 = EDGE_LOOP('',(#8073,#8074,#8075,#8076,#8077,#8078,#8079,#8080,
    #8081));
#8073 = ORIENTED_EDGE('',*,*,#1409,.T.);
#8074 = ORIENTED_EDGE('',*,*,#7932,.T.);
#8075 = ORIENTED_EDGE('',*,*,#6897,.F.);
#8076 = ORIENTED_EDGE('',*,*,#6802,.F.);
#8077 = ORIENTED_EDGE('',*,*,#7906,.F.);
#8078 = ORIENTED_EDGE('',*,*,#1148,.T.);
#8079 = ORIENTED_EDGE('',*,*,#5088,.F.);
#8080 = ORIENTED_EDGE('',*,*,#8001,.T.);
#8081 = ORIENTED_EDGE('',*,*,#5144,.F.);
#8082 = ADVANCED_FACE('',(#8083),#783,.T.);
#8083 = FACE_BOUND('',#8084,.T.);
#8084 = EDGE_LOOP('',(#8085,#8086,#8107,#8108,#8129,#8130,#8151,#8152));
#8085 = ORIENTED_EDGE('',*,*,#6639,.F.);
#8086 = ORIENTED_EDGE('',*,*,#8087,.F.);
#8087 = EDGE_CURVE('',#768,#6617,#8088,.T.);
#8088 = SURFACE_CURVE('',#8089,(#8093,#8100),.PCURVE_S1.);
#8089 = LINE('',#8090,#8091);
#8090 = CARTESIAN_POINT('',(-17.14165805912,-54.20788439221,
    73.817461269681));
#8091 = VECTOR('',#8092,1.);
#8092 = DIRECTION('',(5.546778314436E-16,-1.,3.86106458461E-15));
#8093 = PCURVE('',#783,#8094);
#8094 = DEFINITIONAL_REPRESENTATION('',(#8095),#8099);
#8095 = LINE('',#8096,#8097);
#8096 = CARTESIAN_POINT('',(6.370756564606E-15,-1.65));
#8097 = VECTOR('',#8098,1.);
#8098 = DIRECTION('',(-1.,0.));
#8099 = ( GEOMETRIC_REPRESENTATION_CONTEXT(2) 
PARAMETRIC_REPRESENTATION_CONTEXT() REPRESENTATION_CONTEXT('2D SPACE',''
  ) );
#8100 = PCURVE('',#809,#8101);
#8101 = DEFINITIONAL_REPRESENTATION('',(#8102),#8106);
#8102 = LINE('',#8103,#8104);
#8103 = CARTESIAN_POINT('',(-1.65,-0.2));
#8104 = VECTOR('',#8105,1.);
#8105 = DIRECTION('',(-6.350426884493E-31,-1.));
#8106 = ( GEOMETRIC_REPRESENTATION_CONTEXT(2) 
PARAMETRIC_REPRESENTATION_CONTEXT() REPRESENTATION_CONTEXT('2D SPACE',''
  ) );
#8107 = ORIENTED_EDGE('',*,*,#767,.T.);
#8108 = ORIENTED_EDGE('',*,*,#8109,.T.);
#8109 = EDGE_CURVE('',#728,#825,#8110,.T.);
#8110 = SURFACE_CURVE('',#8111,(#8115,#8122),.PCURVE_S1.);
#8111 = LINE('',#8112,#8113);
#8112 = CARTESIAN_POINT('',(-17.14165805912,-54.20788439221,
    73.817461269681));
#8113 = VECTOR('',#8114,1.);
#8114 = DIRECTION('',(1.64473469566E-16,3.86106458461E-15,1.));
#8115 = PCURVE('',#783,#8116);
#8116 = DEFINITIONAL_REPRESENTATION('',(#8117),#8121);
#8117 = LINE('',#8118,#8119);
#8118 = CARTESIAN_POINT('',(6.370756564606E-15,-1.65));
#8119 = VECTOR('',#8120,1.);
#8120 = DIRECTION('',(0.,1.));
#8121 = ( GEOMETRIC_REPRESENTATION_CONTEXT(2) 
PARAMETRIC_REPRESENTATION_CONTEXT() REPRESENTATION_CONTEXT('2D SPACE',''
  ) );
#8122 = PCURVE('',#5296,#8123);
#8123 = DEFINITIONAL_REPRESENTATION('',(#8124),#8128);
#8124 = LINE('',#8125,#8126);
#8125 = CARTESIAN_POINT('',(17.15,13.85));
#8126 = VECTOR('',#8127,1.);
#8127 = DIRECTION('',(-1.479114197289E-31,1.));
#8128 = ( GEOMETRIC_REPRESENTATION_CONTEXT(2) 
PARAMETRIC_REPRESENTATION_CONTEXT() REPRESENTATION_CONTEXT('2D SPACE',''
  ) );
#8129 = ORIENTED_EDGE('',*,*,#824,.T.);
#8130 = ORIENTED_EDGE('',*,*,#8131,.T.);
#8131 = EDGE_CURVE('',#827,#6272,#8132,.T.);
#8132 = SURFACE_CURVE('',#8133,(#8137,#8144),.PCURVE_S1.);
#8133 = LINE('',#8134,#8135);
#8134 = CARTESIAN_POINT('',(-17.14165805912,-54.20788439221,
    77.117461269681));
#8135 = VECTOR('',#8136,1.);
#8136 = DIRECTION('',(5.546778314436E-16,-1.,3.86106458461E-15));
#8137 = PCURVE('',#783,#8138);
#8138 = DEFINITIONAL_REPRESENTATION('',(#8139),#8143);
#8139 = LINE('',#8140,#8141);
#8140 = CARTESIAN_POINT('',(-6.370756564606E-15,1.65));
#8141 = VECTOR('',#8142,1.);
#8142 = DIRECTION('',(-1.,0.));
#8143 = ( GEOMETRIC_REPRESENTATION_CONTEXT(2) 
PARAMETRIC_REPRESENTATION_CONTEXT() REPRESENTATION_CONTEXT('2D SPACE',''
  ) );
#8144 = PCURVE('',#896,#8145);
#8145 = DEFINITIONAL_REPRESENTATION('',(#8146),#8150);
#8146 = LINE('',#8147,#8148);
#8147 = CARTESIAN_POINT('',(0.2,4.075));
#8148 = VECTOR('',#8149,1.);
#8149 = DIRECTION('',(1.,1.02947314106E-30));
#8150 = ( GEOMETRIC_REPRESENTATION_CONTEXT(2) 
PARAMETRIC_REPRESENTATION_CONTEXT() REPRESENTATION_CONTEXT('2D SPACE',''
  ) );
#8151 = ORIENTED_EDGE('',*,*,#6271,.F.);
#8152 = ORIENTED_EDGE('',*,*,#7516,.F.);
#8153 = ADVANCED_FACE('',(#8154),#934,.T.);
#8154 = FACE_BOUND('',#8155,.T.);
#8155 = EDGE_LOOP('',(#8156,#8157,#8178,#8179,#8200,#8201,#8222));
#8156 = ORIENTED_EDGE('',*,*,#6389,.F.);
#8157 = ORIENTED_EDGE('',*,*,#8158,.F.);
#8158 = EDGE_CURVE('',#1034,#6367,#8159,.T.);
#8159 = SURFACE_CURVE('',#8160,(#8164,#8171),.PCURVE_S1.);
#8160 = LINE('',#8161,#8162);
#8161 = CARTESIAN_POINT('',(-13.84165805912,-54.20788439221,
    77.117461269681));
#8162 = VECTOR('',#8163,1.);
#8163 = DIRECTION('',(5.546778314436E-16,-1.,3.86106458461E-15));
#8164 = PCURVE('',#934,#8165);
#8165 = DEFINITIONAL_REPRESENTATION('',(#8166),#8170);
#8166 = LINE('',#8167,#8168);
#8167 = CARTESIAN_POINT('',(6.370756564606E-15,1.65));
#8168 = VECTOR('',#8169,1.);
#8169 = DIRECTION('',(1.,0.));
#8170 = ( GEOMETRIC_REPRESENTATION_CONTEXT(2) 
PARAMETRIC_REPRESENTATION_CONTEXT() REPRESENTATION_CONTEXT('2D SPACE',''
  ) );
#8171 = PCURVE('',#896,#8172);
#8172 = DEFINITIONAL_REPRESENTATION('',(#8173),#8177);
#8173 = LINE('',#8174,#8175);
#8174 = CARTESIAN_POINT('',(0.2,0.775));
#8175 = VECTOR('',#8176,1.);
#8176 = DIRECTION('',(1.,1.02947314106E-30));
#8177 = ( GEOMETRIC_REPRESENTATION_CONTEXT(2) 
PARAMETRIC_REPRESENTATION_CONTEXT() REPRESENTATION_CONTEXT('2D SPACE',''
  ) );
#8178 = ORIENTED_EDGE('',*,*,#1033,.T.);
#8179 = ORIENTED_EDGE('',*,*,#8180,.T.);
#8180 = EDGE_CURVE('',#999,#912,#8181,.T.);
#8181 = SURFACE_CURVE('',#8182,(#8186,#8193),.PCURVE_S1.);
#8182 = LINE('',#8183,#8184);
#8183 = CARTESIAN_POINT('',(-13.84165805912,-54.20788439221,
    77.117461269681));
#8184 = VECTOR('',#8185,1.);
#8185 = DIRECTION('',(-1.64473469566E-16,-3.86106458461E-15,-1.));
#8186 = PCURVE('',#934,#8187);
#8187 = DEFINITIONAL_REPRESENTATION('',(#8188),#8192);
#8188 = LINE('',#8189,#8190);
#8189 = CARTESIAN_POINT('',(6.370756564606E-15,1.65));
#8190 = VECTOR('',#8191,1.);
#8191 = DIRECTION('',(0.,-1.));
#8192 = ( GEOMETRIC_REPRESENTATION_CONTEXT(2) 
PARAMETRIC_REPRESENTATION_CONTEXT() REPRESENTATION_CONTEXT('2D SPACE',''
  ) );
#8193 = PCURVE('',#5455,#8194);
#8194 = DEFINITIONAL_REPRESENTATION('',(#8195),#8199);
#8195 = LINE('',#8196,#8197);
#8196 = CARTESIAN_POINT('',(13.85,17.15));
#8197 = VECTOR('',#8198,1.);
#8198 = DIRECTION('',(1.479114197289E-31,-1.));
#8199 = ( GEOMETRIC_REPRESENTATION_CONTEXT(2) 
PARAMETRIC_REPRESENTATION_CONTEXT() REPRESENTATION_CONTEXT('2D SPACE',''
  ) );
#8200 = ORIENTED_EDGE('',*,*,#911,.T.);
#8201 = ORIENTED_EDGE('',*,*,#8202,.T.);
#8202 = EDGE_CURVE('',#914,#6477,#8203,.T.);
#8203 = SURFACE_CURVE('',#8204,(#8208,#8215),.PCURVE_S1.);
#8204 = LINE('',#8205,#8206);
#8205 = CARTESIAN_POINT('',(-13.84165805912,-54.20788439221,
    73.817461269681));
#8206 = VECTOR('',#8207,1.);
#8207 = DIRECTION('',(5.546778314436E-16,-1.,3.86106458461E-15));
#8208 = PCURVE('',#934,#8209);
#8209 = DEFINITIONAL_REPRESENTATION('',(#8210),#8214);
#8210 = LINE('',#8211,#8212);
#8211 = CARTESIAN_POINT('',(-6.370756564606E-15,-1.65));
#8212 = VECTOR('',#8213,1.);
#8213 = DIRECTION('',(1.,0.));
#8214 = ( GEOMETRIC_REPRESENTATION_CONTEXT(2) 
PARAMETRIC_REPRESENTATION_CONTEXT() REPRESENTATION_CONTEXT('2D SPACE',''
  ) );
#8215 = PCURVE('',#809,#8216);
#8216 = DEFINITIONAL_REPRESENTATION('',(#8217),#8221);
#8217 = LINE('',#8218,#8219);
#8218 = CARTESIAN_POINT('',(1.65,-0.2));
#8219 = VECTOR('',#8220,1.);
#8220 = DIRECTION('',(-6.350426884493E-31,-1.));
#8221 = ( GEOMETRIC_REPRESENTATION_CONTEXT(2) 
PARAMETRIC_REPRESENTATION_CONTEXT() REPRESENTATION_CONTEXT('2D SPACE',''
  ) );
#8222 = ORIENTED_EDGE('',*,*,#6476,.F.);
#8223 = ADVANCED_FACE('',(#8224),#5402,.T.);
#8224 = FACE_BOUND('',#8225,.T.);
#8225 = EDGE_LOOP('',(#8226,#8247));
#8226 = ORIENTED_EDGE('',*,*,#8227,.F.);
#8227 = EDGE_CURVE('',#5363,#5386,#8228,.T.);
#8228 = SURFACE_CURVE('',#8229,(#8233,#8240),.PCURVE_S1.);
#8229 = LINE('',#8230,#8231);
#8230 = CARTESIAN_POINT('',(-17.81544806712,-54.00788439221,
    77.117461269681));
#8231 = VECTOR('',#8232,1.);
#8232 = DIRECTION('',(1.,5.546778314436E-16,-1.64473469566E-16));
#8233 = PCURVE('',#5402,#8234);
#8234 = DEFINITIONAL_REPRESENTATION('',(#8235),#8239);
#8235 = LINE('',#8236,#8237);
#8236 = CARTESIAN_POINT('',(17.823790008,17.15));
#8237 = VECTOR('',#8238,1.);
#8238 = DIRECTION('',(-1.,0.));
#8239 = ( GEOMETRIC_REPRESENTATION_CONTEXT(2) 
PARAMETRIC_REPRESENTATION_CONTEXT() REPRESENTATION_CONTEXT('2D SPACE',''
  ) );
#8240 = PCURVE('',#896,#8241);
#8241 = DEFINITIONAL_REPRESENTATION('',(#8242),#8246);
#8242 = LINE('',#8243,#8244);
#8243 = CARTESIAN_POINT('',(-2.634048543618E-15,4.748790008));
#8244 = VECTOR('',#8245,1.);
#8245 = DIRECTION('',(3.51033443077E-31,-1.));
#8246 = ( GEOMETRIC_REPRESENTATION_CONTEXT(2) 
PARAMETRIC_REPRESENTATION_CONTEXT() REPRESENTATION_CONTEXT('2D SPACE',''
  ) );
#8247 = ORIENTED_EDGE('',*,*,#5385,.F.);
#8248 = ADVANCED_FACE('',(#8249),#5296,.T.);
#8249 = FACE_BOUND('',#8250,.T.);
#8250 = EDGE_LOOP('',(#8251,#8252,#8253));
#8251 = ORIENTED_EDGE('',*,*,#5279,.F.);
#8252 = ORIENTED_EDGE('',*,*,#5335,.F.);
#8253 = ORIENTED_EDGE('',*,*,#8109,.F.);
#8254 = ADVANCED_FACE('',(#8255),#5241,.T.);
#8255 = FACE_BOUND('',#8256,.T.);
#8256 = EDGE_LOOP('',(#8257,#8278));
#8257 = ORIENTED_EDGE('',*,*,#8258,.F.);
#8258 = EDGE_CURVE('',#5202,#5225,#8259,.T.);
#8259 = SURFACE_CURVE('',#8260,(#8264,#8271),.PCURVE_S1.);
#8260 = LINE('',#8261,#8262);
#8261 = CARTESIAN_POINT('',(-13.16786805112,-54.00788439221,
    73.817461269681));
#8262 = VECTOR('',#8263,1.);
#8263 = DIRECTION('',(-1.,-5.546778314436E-16,1.64473469566E-16));
#8264 = PCURVE('',#5241,#8265);
#8265 = DEFINITIONAL_REPRESENTATION('',(#8266),#8270);
#8266 = LINE('',#8267,#8268);
#8267 = CARTESIAN_POINT('',(13.176209992,13.85));
#8268 = VECTOR('',#8269,1.);
#8269 = DIRECTION('',(1.,0.));
#8270 = ( GEOMETRIC_REPRESENTATION_CONTEXT(2) 
PARAMETRIC_REPRESENTATION_CONTEXT() REPRESENTATION_CONTEXT('2D SPACE',''
  ) );
#8271 = PCURVE('',#809,#8272);
#8272 = DEFINITIONAL_REPRESENTATION('',(#8273),#8277);
#8273 = LINE('',#8274,#8275);
#8274 = CARTESIAN_POINT('',(2.323790008,-1.288954802368E-15));
#8275 = VECTOR('',#8276,1.);
#8276 = DIRECTION('',(-1.,-4.339700953352E-32));
#8277 = ( GEOMETRIC_REPRESENTATION_CONTEXT(2) 
PARAMETRIC_REPRESENTATION_CONTEXT() REPRESENTATION_CONTEXT('2D SPACE',''
  ) );
#8278 = ORIENTED_EDGE('',*,*,#5224,.F.);
#8279 = ADVANCED_FACE('',(#8280),#5455,.T.);
#8280 = FACE_BOUND('',#8281,.T.);
#8281 = EDGE_LOOP('',(#8282,#8283));
#8282 = ORIENTED_EDGE('',*,*,#8180,.F.);
#8283 = ORIENTED_EDGE('',*,*,#5440,.F.);
#8284 = ADVANCED_FACE('',(#8285),#809,.T.);
#8285 = FACE_BOUND('',#8286,.T.);
#8286 = EDGE_LOOP('',(#8287,#8288,#8289,#8290,#8291,#8292,#8293,#8294,
    #8295,#8296));
#8287 = ORIENTED_EDGE('',*,*,#8202,.F.);
#8288 = ORIENTED_EDGE('',*,*,#974,.T.);
#8289 = ORIENTED_EDGE('',*,*,#5201,.F.);
#8290 = ORIENTED_EDGE('',*,*,#8258,.T.);
#8291 = ORIENTED_EDGE('',*,*,#5257,.F.);
#8292 = ORIENTED_EDGE('',*,*,#795,.T.);
#8293 = ORIENTED_EDGE('',*,*,#8087,.T.);
#8294 = ORIENTED_EDGE('',*,*,#6616,.F.);
#8295 = ORIENTED_EDGE('',*,*,#7563,.F.);
#8296 = ORIENTED_EDGE('',*,*,#6499,.F.);
#8297 = ADVANCED_FACE('',(#8298),#896,.T.);
#8298 = FACE_BOUND('',#8299,.T.);
#8299 = EDGE_LOOP('',(#8300,#8301,#8302,#8303,#8304,#8305,#8306,#8307,
    #8308));
#8300 = ORIENTED_EDGE('',*,*,#1056,.T.);
#8301 = ORIENTED_EDGE('',*,*,#8158,.T.);
#8302 = ORIENTED_EDGE('',*,*,#6366,.F.);
#8303 = ORIENTED_EDGE('',*,*,#6294,.F.);
#8304 = ORIENTED_EDGE('',*,*,#8131,.F.);
#8305 = ORIENTED_EDGE('',*,*,#882,.T.);
#8306 = ORIENTED_EDGE('',*,*,#5362,.F.);
#8307 = ORIENTED_EDGE('',*,*,#8227,.T.);
#8308 = ORIENTED_EDGE('',*,*,#5418,.F.);
#8309 = ADVANCED_FACE('',(#8310),#397,.T.);
#8310 = FACE_BOUND('',#8311,.T.);
#8311 = EDGE_LOOP('',(#8312,#8313,#8334,#8335,#8356,#8357,#8378));
#8312 = ORIENTED_EDGE('',*,*,#6197,.F.);
#8313 = ORIENTED_EDGE('',*,*,#8314,.F.);
#8314 = EDGE_CURVE('',#507,#6175,#8315,.T.);
#8315 = SURFACE_CURVE('',#8316,(#8320,#8327),.PCURVE_S1.);
#8316 = LINE('',#8317,#8318);
#8317 = CARTESIAN_POINT('',(-13.84165805912,-54.20788439221,
    42.817461269681));
#8318 = VECTOR('',#8319,1.);
#8319 = DIRECTION('',(5.546778314436E-16,-1.,3.86106458461E-15));
#8320 = PCURVE('',#397,#8321);
#8321 = DEFINITIONAL_REPRESENTATION('',(#8322),#8326);
#8322 = LINE('',#8323,#8324);
#8323 = CARTESIAN_POINT('',(-9.152184218819E-16,-1.65));
#8324 = VECTOR('',#8325,1.);
#8325 = DIRECTION('',(-1.,1.02947314106E-30));
#8326 = ( GEOMETRIC_REPRESENTATION_CONTEXT(2) 
PARAMETRIC_REPRESENTATION_CONTEXT() REPRESENTATION_CONTEXT('2D SPACE',''
  ) );
#8327 = PCURVE('',#543,#8328);
#8328 = DEFINITIONAL_REPRESENTATION('',(#8329),#8333);
#8329 = LINE('',#8330,#8331);
#8330 = CARTESIAN_POINT('',(-1.65,-0.2));
#8331 = VECTOR('',#8332,1.);
#8332 = DIRECTION('',(0.,-1.));
#8333 = ( GEOMETRIC_REPRESENTATION_CONTEXT(2) 
PARAMETRIC_REPRESENTATION_CONTEXT() REPRESENTATION_CONTEXT('2D SPACE',''
  ) );
#8334 = ORIENTED_EDGE('',*,*,#506,.T.);
#8335 = ORIENTED_EDGE('',*,*,#8336,.T.);
#8336 = EDGE_CURVE('',#472,#375,#8337,.T.);
#8337 = SURFACE_CURVE('',#8338,(#8342,#8349),.PCURVE_S1.);
#8338 = LINE('',#8339,#8340);
#8339 = CARTESIAN_POINT('',(-13.84165805912,-54.20788439221,
    42.817461269681));
#8340 = VECTOR('',#8341,1.);
#8341 = DIRECTION('',(-1.,-5.546778314436E-16,1.64473469566E-16));
#8342 = PCURVE('',#397,#8343);
#8343 = DEFINITIONAL_REPRESENTATION('',(#8344),#8348);
#8344 = LINE('',#8345,#8346);
#8345 = CARTESIAN_POINT('',(-9.152184218819E-16,-1.65));
#8346 = VECTOR('',#8347,1.);
#8347 = DIRECTION('',(3.51033443077E-31,1.));
#8348 = ( GEOMETRIC_REPRESENTATION_CONTEXT(2) 
PARAMETRIC_REPRESENTATION_CONTEXT() REPRESENTATION_CONTEXT('2D SPACE',''
  ) );
#8349 = PCURVE('',#5514,#8350);
#8350 = DEFINITIONAL_REPRESENTATION('',(#8351),#8355);
#8351 = LINE('',#8352,#8353);
#8352 = CARTESIAN_POINT('',(17.15,13.85));
#8353 = VECTOR('',#8354,1.);
#8354 = DIRECTION('',(1.479114197289E-31,1.));
#8355 = ( GEOMETRIC_REPRESENTATION_CONTEXT(2) 
PARAMETRIC_REPRESENTATION_CONTEXT() REPRESENTATION_CONTEXT('2D SPACE',''
  ) );
#8356 = ORIENTED_EDGE('',*,*,#374,.T.);
#8357 = ORIENTED_EDGE('',*,*,#8358,.T.);
#8358 = EDGE_CURVE('',#377,#5823,#8359,.T.);
#8359 = SURFACE_CURVE('',#8360,(#8364,#8371),.PCURVE_S1.);
#8360 = LINE('',#8361,#8362);
#8361 = CARTESIAN_POINT('',(-17.14165805912,-54.20788439221,
    42.817461269681));
#8362 = VECTOR('',#8363,1.);
#8363 = DIRECTION('',(5.546778314436E-16,-1.,3.86106458461E-15));
#8364 = PCURVE('',#397,#8365);
#8365 = DEFINITIONAL_REPRESENTATION('',(#8366),#8370);
#8366 = LINE('',#8367,#8368);
#8367 = CARTESIAN_POINT('',(9.152184218819E-16,1.65));
#8368 = VECTOR('',#8369,1.);
#8369 = DIRECTION('',(-1.,1.02947314106E-30));
#8370 = ( GEOMETRIC_REPRESENTATION_CONTEXT(2) 
PARAMETRIC_REPRESENTATION_CONTEXT() REPRESENTATION_CONTEXT('2D SPACE',''
  ) );
#8371 = PCURVE('',#456,#8372);
#8372 = DEFINITIONAL_REPRESENTATION('',(#8373),#8377);
#8373 = LINE('',#8374,#8375);
#8374 = CARTESIAN_POINT('',(0.2,4.075));
#8375 = VECTOR('',#8376,1.);
#8376 = DIRECTION('',(1.,0.));
#8377 = ( GEOMETRIC_REPRESENTATION_CONTEXT(2) 
PARAMETRIC_REPRESENTATION_CONTEXT() REPRESENTATION_CONTEXT('2D SPACE',''
  ) );
#8378 = ORIENTED_EDGE('',*,*,#5822,.F.);
#8379 = ADVANCED_FACE('',(#8380),#581,.T.);
#8380 = FACE_BOUND('',#8381,.T.);
#8381 = EDGE_LOOP('',(#8382,#8383,#8404,#8405,#8426,#8427,#8448));
#8382 = ORIENTED_EDGE('',*,*,#5963,.F.);
#8383 = ORIENTED_EDGE('',*,*,#8384,.F.);
#8384 = EDGE_CURVE('',#681,#5941,#8385,.T.);
#8385 = SURFACE_CURVE('',#8386,(#8390,#8397),.PCURVE_S1.);
#8386 = LINE('',#8387,#8388);
#8387 = CARTESIAN_POINT('',(-17.14165805912,-54.20788439221,
    46.117461269681));
#8388 = VECTOR('',#8389,1.);
#8389 = DIRECTION('',(5.546778314436E-16,-1.,3.86106458461E-15));
#8390 = PCURVE('',#581,#8391);
#8391 = DEFINITIONAL_REPRESENTATION('',(#8392),#8396);
#8392 = LINE('',#8393,#8394);
#8393 = CARTESIAN_POINT('',(-9.152184218819E-16,1.65));
#8394 = VECTOR('',#8395,1.);
#8395 = DIRECTION('',(1.,1.02947314106E-30));
#8396 = ( GEOMETRIC_REPRESENTATION_CONTEXT(2) 
PARAMETRIC_REPRESENTATION_CONTEXT() REPRESENTATION_CONTEXT('2D SPACE',''
  ) );
#8397 = PCURVE('',#456,#8398);
#8398 = DEFINITIONAL_REPRESENTATION('',(#8399),#8403);
#8399 = LINE('',#8400,#8401);
#8400 = CARTESIAN_POINT('',(0.2,0.775));
#8401 = VECTOR('',#8402,1.);
#8402 = DIRECTION('',(1.,0.));
#8403 = ( GEOMETRIC_REPRESENTATION_CONTEXT(2) 
PARAMETRIC_REPRESENTATION_CONTEXT() REPRESENTATION_CONTEXT('2D SPACE',''
  ) );
#8404 = ORIENTED_EDGE('',*,*,#680,.T.);
#8405 = ORIENTED_EDGE('',*,*,#8406,.T.);
#8406 = EDGE_CURVE('',#646,#559,#8407,.T.);
#8407 = SURFACE_CURVE('',#8408,(#8412,#8419),.PCURVE_S1.);
#8408 = LINE('',#8409,#8410);
#8409 = CARTESIAN_POINT('',(-17.14165805912,-54.20788439221,
    46.117461269681));
#8410 = VECTOR('',#8411,1.);
#8411 = DIRECTION('',(1.,5.546778314436E-16,-1.64473469566E-16));
#8412 = PCURVE('',#581,#8413);
#8413 = DEFINITIONAL_REPRESENTATION('',(#8414),#8418);
#8414 = LINE('',#8415,#8416);
#8415 = CARTESIAN_POINT('',(-9.152184218819E-16,1.65));
#8416 = VECTOR('',#8417,1.);
#8417 = DIRECTION('',(3.51033443077E-31,-1.));
#8418 = ( GEOMETRIC_REPRESENTATION_CONTEXT(2) 
PARAMETRIC_REPRESENTATION_CONTEXT() REPRESENTATION_CONTEXT('2D SPACE',''
  ) );
#8419 = PCURVE('',#5675,#8420);
#8420 = DEFINITIONAL_REPRESENTATION('',(#8421),#8425);
#8421 = LINE('',#8422,#8423);
#8422 = CARTESIAN_POINT('',(13.85,17.15));
#8423 = VECTOR('',#8424,1.);
#8424 = DIRECTION('',(-1.479114197289E-31,-1.));
#8425 = ( GEOMETRIC_REPRESENTATION_CONTEXT(2) 
PARAMETRIC_REPRESENTATION_CONTEXT() REPRESENTATION_CONTEXT('2D SPACE',''
  ) );
#8426 = ORIENTED_EDGE('',*,*,#558,.T.);
#8427 = ORIENTED_EDGE('',*,*,#8428,.T.);
#8428 = EDGE_CURVE('',#561,#6059,#8429,.T.);
#8429 = SURFACE_CURVE('',#8430,(#8434,#8441),.PCURVE_S1.);
#8430 = LINE('',#8431,#8432);
#8431 = CARTESIAN_POINT('',(-13.84165805912,-54.20788439221,
    46.117461269681));
#8432 = VECTOR('',#8433,1.);
#8433 = DIRECTION('',(5.546778314436E-16,-1.,3.86106458461E-15));
#8434 = PCURVE('',#581,#8435);
#8435 = DEFINITIONAL_REPRESENTATION('',(#8436),#8440);
#8436 = LINE('',#8437,#8438);
#8437 = CARTESIAN_POINT('',(9.152184218819E-16,-1.65));
#8438 = VECTOR('',#8439,1.);
#8439 = DIRECTION('',(1.,1.02947314106E-30));
#8440 = ( GEOMETRIC_REPRESENTATION_CONTEXT(2) 
PARAMETRIC_REPRESENTATION_CONTEXT() REPRESENTATION_CONTEXT('2D SPACE',''
  ) );
#8441 = PCURVE('',#543,#8442);
#8442 = DEFINITIONAL_REPRESENTATION('',(#8443),#8447);
#8443 = LINE('',#8444,#8445);
#8444 = CARTESIAN_POINT('',(1.65,-0.2));
#8445 = VECTOR('',#8446,1.);
#8446 = DIRECTION('',(0.,-1.));
#8447 = ( GEOMETRIC_REPRESENTATION_CONTEXT(2) 
PARAMETRIC_REPRESENTATION_CONTEXT() REPRESENTATION_CONTEXT('2D SPACE',''
  ) );
#8448 = ORIENTED_EDGE('',*,*,#6058,.F.);
#8449 = ADVANCED_FACE('',(#8450),#5571,.T.);
#8450 = FACE_BOUND('',#8451,.T.);
#8451 = EDGE_LOOP('',(#8452,#8473,#8474));
#8452 = ORIENTED_EDGE('',*,*,#8453,.F.);
#8453 = EDGE_CURVE('',#5532,#5611,#8454,.T.);
#8454 = SURFACE_CURVE('',#8455,(#8459,#8466),.PCURVE_S1.);
#8455 = LINE('',#8456,#8457);
#8456 = CARTESIAN_POINT('',(-17.14165805912,-54.00788439221,
    42.143671261681));
#8457 = VECTOR('',#8458,1.);
#8458 = DIRECTION('',(1.64473469566E-16,3.86106458461E-15,1.));
#8459 = PCURVE('',#5571,#8460);
#8460 = DEFINITIONAL_REPRESENTATION('',(#8461),#8465);
#8461 = LINE('',#8462,#8463);
#8462 = CARTESIAN_POINT('',(17.823790008,17.15));
#8463 = VECTOR('',#8464,1.);
#8464 = DIRECTION('',(-1.,0.));
#8465 = ( GEOMETRIC_REPRESENTATION_CONTEXT(2) 
PARAMETRIC_REPRESENTATION_CONTEXT() REPRESENTATION_CONTEXT('2D SPACE',''
  ) );
#8466 = PCURVE('',#456,#8467);
#8467 = DEFINITIONAL_REPRESENTATION('',(#8468),#8472);
#8468 = LINE('',#8469,#8470);
#8469 = CARTESIAN_POINT('',(-1.833538491964E-14,4.748790008));
#8470 = VECTOR('',#8471,1.);
#8471 = DIRECTION('',(0.,-1.));
#8472 = ( GEOMETRIC_REPRESENTATION_CONTEXT(2) 
PARAMETRIC_REPRESENTATION_CONTEXT() REPRESENTATION_CONTEXT('2D SPACE',''
  ) );
#8473 = ORIENTED_EDGE('',*,*,#5554,.F.);
#8474 = ORIENTED_EDGE('',*,*,#5610,.F.);
#8475 = ADVANCED_FACE('',(#8476),#5514,.T.);
#8476 = FACE_BOUND('',#8477,.T.);
#8477 = EDGE_LOOP('',(#8478,#8479));
#8478 = ORIENTED_EDGE('',*,*,#8336,.F.);
#8479 = ORIENTED_EDGE('',*,*,#5499,.F.);
#8480 = ADVANCED_FACE('',(#8481),#5730,.T.);
#8481 = FACE_BOUND('',#8482,.T.);
#8482 = EDGE_LOOP('',(#8483,#8504));
#8483 = ORIENTED_EDGE('',*,*,#8484,.F.);
#8484 = EDGE_CURVE('',#5693,#5476,#8485,.T.);
#8485 = SURFACE_CURVE('',#8486,(#8490,#8497),.PCURVE_S1.);
#8486 = LINE('',#8487,#8488);
#8487 = CARTESIAN_POINT('',(-13.84165805912,-54.00788439221,
    46.791251277681));
#8488 = VECTOR('',#8489,1.);
#8489 = DIRECTION('',(-1.64473469566E-16,-3.86106458461E-15,-1.));
#8490 = PCURVE('',#5730,#8491);
#8491 = DEFINITIONAL_REPRESENTATION('',(#8492),#8496);
#8492 = LINE('',#8493,#8494);
#8493 = CARTESIAN_POINT('',(13.176209992,13.85));
#8494 = VECTOR('',#8495,1.);
#8495 = DIRECTION('',(1.,0.));
#8496 = ( GEOMETRIC_REPRESENTATION_CONTEXT(2) 
PARAMETRIC_REPRESENTATION_CONTEXT() REPRESENTATION_CONTEXT('2D SPACE',''
  ) );
#8497 = PCURVE('',#543,#8498);
#8498 = DEFINITIONAL_REPRESENTATION('',(#8499),#8503);
#8499 = LINE('',#8500,#8501);
#8500 = CARTESIAN_POINT('',(2.323790008,-8.972303301958E-15));
#8501 = VECTOR('',#8502,1.);
#8502 = DIRECTION('',(-1.,0.));
#8503 = ( GEOMETRIC_REPRESENTATION_CONTEXT(2) 
PARAMETRIC_REPRESENTATION_CONTEXT() REPRESENTATION_CONTEXT('2D SPACE',''
  ) );
#8504 = ORIENTED_EDGE('',*,*,#5715,.F.);
#8505 = ADVANCED_FACE('',(#8506),#5675,.T.);
#8506 = FACE_BOUND('',#8507,.T.);
#8507 = EDGE_LOOP('',(#8508,#8509));
#8508 = ORIENTED_EDGE('',*,*,#8406,.F.);
#8509 = ORIENTED_EDGE('',*,*,#5660,.F.);
#8510 = ADVANCED_FACE('',(#8511),#543,.T.);
#8511 = FACE_BOUND('',#8512,.T.);
#8512 = EDGE_LOOP('',(#8513,#8514,#8515,#8516,#8517,#8518,#8519,#8520,
    #8521));
#8513 = ORIENTED_EDGE('',*,*,#8428,.F.);
#8514 = ORIENTED_EDGE('',*,*,#621,.T.);
#8515 = ORIENTED_EDGE('',*,*,#5692,.F.);
#8516 = ORIENTED_EDGE('',*,*,#8484,.T.);
#8517 = ORIENTED_EDGE('',*,*,#5475,.F.);
#8518 = ORIENTED_EDGE('',*,*,#529,.T.);
#8519 = ORIENTED_EDGE('',*,*,#8314,.T.);
#8520 = ORIENTED_EDGE('',*,*,#6174,.F.);
#8521 = ORIENTED_EDGE('',*,*,#6081,.F.);
#8522 = ADVANCED_FACE('',(#8523),#456,.T.);
#8523 = FACE_BOUND('',#8524,.T.);
#8524 = EDGE_LOOP('',(#8525,#8526,#8527,#8528,#8529,#8530,#8531,#8532,
    #8533));
#8525 = ORIENTED_EDGE('',*,*,#703,.T.);
#8526 = ORIENTED_EDGE('',*,*,#8384,.T.);
#8527 = ORIENTED_EDGE('',*,*,#5940,.F.);
#8528 = ORIENTED_EDGE('',*,*,#5845,.F.);
#8529 = ORIENTED_EDGE('',*,*,#8358,.F.);
#8530 = ORIENTED_EDGE('',*,*,#442,.T.);
#8531 = ORIENTED_EDGE('',*,*,#5531,.F.);
#8532 = ORIENTED_EDGE('',*,*,#8453,.T.);
#8533 = ORIENTED_EDGE('',*,*,#5638,.F.);
#8534 = ADVANCED_FACE('',(#8535),#8571,.T.);
#8535 = FACE_BOUND('',#8536,.T.);
#8536 = EDGE_LOOP('',(#8537,#8610,#8633));
#8537 = ORIENTED_EDGE('',*,*,#8538,.T.);
#8538 = EDGE_CURVE('',#8539,#8541,#8543,.T.);
#8539 = VERTEX_POINT('',#8540);
#8540 = CARTESIAN_POINT('',(15.508341940874,-54.40788439221,
    42.817461269681));
#8541 = VERTEX_POINT('',#8542);
#8542 = CARTESIAN_POINT('',(17.158341940874,-54.40788439221,
    44.467461269681));
#8543 = SURFACE_CURVE('',#8544,(#8570,#8604),.PCURVE_S1.);
#8544 = B_SPLINE_CURVE_WITH_KNOTS('',3,(#8545,#8546,#8547,#8548,#8549,
    #8550,#8551,#8552,#8553,#8554,#8555,#8556,#8557,#8558,#8559,#8560,
    #8561,#8562,#8563,#8564,#8565,#8566,#8567,#8568,#8569),
  .UNSPECIFIED.,.F.,.F.,(4,3,3,3,3,3,3,3,4),(-0.259747604104,
    -0.227279278591,-0.194810953078,-0.162342627565,-0.129874302052,
    -9.740597653903E-02,-6.493765102606E-02,-3.246932551309E-02,
    -1.00000012776E-06),.UNSPECIFIED.);
#8545 = CARTESIAN_POINT('',(15.508341940874,-54.40788439221,
    42.817461269681));
#8546 = CARTESIAN_POINT('',(15.61633329254,-54.40788439221,
    42.817461269681));
#8547 = CARTESIAN_POINT('',(15.724324644207,-54.40788439221,
    42.828097489681));
#8548 = CARTESIAN_POINT('',(15.830240972207,-54.40788439221,
    42.849165557348));
#8549 = CARTESIAN_POINT('',(15.936157300207,-54.40788439221,
    42.870233625015));
#8550 = CARTESIAN_POINT('',(16.03999860454,-54.40788439221,
    42.901733540348));
#8551 = CARTESIAN_POINT('',(16.13976960404,-54.40788439221,
    42.943060041348));
#8552 = CARTESIAN_POINT('',(16.23954060354,-54.40788439221,
    42.984386542348));
#8553 = CARTESIAN_POINT('',(16.335241298207,-54.40788439221,
    43.035539629015));
#8554 = CARTESIAN_POINT('',(16.42503282554,-54.40788439221,
    43.095536409348));
#8555 = CARTESIAN_POINT('',(16.514824352874,-54.40788439221,
    43.155533189681));
#8556 = CARTESIAN_POINT('',(16.598706712874,-54.40788439221,
    43.224373663681));
#8557 = CARTESIAN_POINT('',(16.675068129874,-54.40788439221,
    43.300735080681));
#8558 = CARTESIAN_POINT('',(16.751429546874,-54.40788439221,
    43.377096497681));
#8559 = CARTESIAN_POINT('',(16.820270020874,-54.40788439221,
    43.460978857681));
#8560 = CARTESIAN_POINT('',(16.880266801207,-54.40788439221,
    43.550770385015));
#8561 = CARTESIAN_POINT('',(16.94026358154,-54.40788439221,
    43.640561912348));
#8562 = CARTESIAN_POINT('',(16.991416668207,-54.40788439221,
    43.736262607015));
#8563 = CARTESIAN_POINT('',(17.032743169207,-54.40788439221,
    43.836033606515));
#8564 = CARTESIAN_POINT('',(17.074069670207,-54.40788439221,
    43.935804606015));
#8565 = CARTESIAN_POINT('',(17.10556958554,-54.40788439221,
    44.039645910348));
#8566 = CARTESIAN_POINT('',(17.126637653207,-54.40788439221,
    44.145562238265));
#8567 = CARTESIAN_POINT('',(17.147705720874,-54.40788439221,
    44.251478566181));
#8568 = CARTESIAN_POINT('',(17.158341940874,-54.40788439221,
    44.359469917681));
#8569 = CARTESIAN_POINT('',(17.158341940874,-54.40788439221,
    44.467461269681));
#8570 = PCURVE('',#8571,#8576);
#8571 = PLANE('',#8572);
#8572 = AXIS2_PLACEMENT_3D('',#8573,#8574,#8575);
#8573 = CARTESIAN_POINT('',(8.341940873663E-03,-54.40788439221,
    59.967461269681));
#8574 = DIRECTION('',(-5.546778314436E-16,1.,-3.86106458461E-15));
#8575 = DIRECTION('',(1.,5.546778314436E-16,-1.64473469566E-16));
#8576 = DEFINITIONAL_REPRESENTATION('',(#8577),#8603);
#8577 = B_SPLINE_CURVE_WITH_KNOTS('',3,(#8578,#8579,#8580,#8581,#8582,
    #8583,#8584,#8585,#8586,#8587,#8588,#8589,#8590,#8591,#8592,#8593,
    #8594,#8595,#8596,#8597,#8598,#8599,#8600,#8601,#8602),
  .UNSPECIFIED.,.F.,.F.,(4,3,3,3,3,3,3,3,4),(-0.259747604104,
    -0.227279278591,-0.194810953078,-0.162342627565,-0.129874302052,
    -9.740597653903E-02,-6.493765102606E-02,-3.246932551309E-02,
    -1.00000012776E-06),.UNSPECIFIED.);
#8578 = CARTESIAN_POINT('',(15.5,17.15));
#8579 = CARTESIAN_POINT('',(15.607991351667,17.15));
#8580 = CARTESIAN_POINT('',(15.715982703333,17.13936378));
#8581 = CARTESIAN_POINT('',(15.821899031333,17.118295712333));
#8582 = CARTESIAN_POINT('',(15.927815359333,17.097227644667));
#8583 = CARTESIAN_POINT('',(16.031656663667,17.065727729333));
#8584 = CARTESIAN_POINT('',(16.131427663167,17.024401228333));
#8585 = CARTESIAN_POINT('',(16.231198662667,16.983074727333));
#8586 = CARTESIAN_POINT('',(16.326899357333,16.931921640667));
#8587 = CARTESIAN_POINT('',(16.416690884667,16.871924860333));
#8588 = CARTESIAN_POINT('',(16.506482412,16.81192808));
#8589 = CARTESIAN_POINT('',(16.590364772,16.743087606));
#8590 = CARTESIAN_POINT('',(16.666726189,16.666726189));
#8591 = CARTESIAN_POINT('',(16.743087606,16.590364772));
#8592 = CARTESIAN_POINT('',(16.81192808,16.506482412));
#8593 = CARTESIAN_POINT('',(16.871924860333,16.416690884667));
#8594 = CARTESIAN_POINT('',(16.931921640667,16.326899357333));
#8595 = CARTESIAN_POINT('',(16.983074727333,16.231198662667));
#8596 = CARTESIAN_POINT('',(17.024401228333,16.131427663167));
#8597 = CARTESIAN_POINT('',(17.065727729333,16.031656663667));
#8598 = CARTESIAN_POINT('',(17.097227644667,15.927815359333));
#8599 = CARTESIAN_POINT('',(17.118295712333,15.821899031417));
#8600 = CARTESIAN_POINT('',(17.13936378,15.7159827035));
#8601 = CARTESIAN_POINT('',(17.15,15.607991352));
#8602 = CARTESIAN_POINT('',(17.15,15.5));
#8603 = ( GEOMETRIC_REPRESENTATION_CONTEXT(2) 
PARAMETRIC_REPRESENTATION_CONTEXT() REPRESENTATION_CONTEXT('2D SPACE',''
  ) );
#8604 = PCURVE('',#2771,#8605);
#8605 = DEFINITIONAL_REPRESENTATION('',(#8606),#8609);
#8606 = B_SPLINE_CURVE_WITH_KNOTS('',1,(#8607,#8608),.UNSPECIFIED.,.F.,
  .F.,(2,2),(-0.259747604104,-1.00000012776E-06),
  .PIECEWISE_BEZIER_KNOTS.);
#8607 = CARTESIAN_POINT('',(0.25,-1.268516541808E-17));
#8608 = CARTESIAN_POINT('',(0.,-1.268516541808E-17));
#8609 = ( GEOMETRIC_REPRESENTATION_CONTEXT(2) 
PARAMETRIC_REPRESENTATION_CONTEXT() REPRESENTATION_CONTEXT('2D SPACE',''
  ) );
#8610 = ORIENTED_EDGE('',*,*,#8611,.T.);
#8611 = EDGE_CURVE('',#8541,#8612,#8614,.T.);
#8612 = VERTEX_POINT('',#8613);
#8613 = CARTESIAN_POINT('',(17.158341940874,-54.40788439221,
    42.817461269681));
#8614 = SURFACE_CURVE('',#8615,(#8619,#8626),.PCURVE_S1.);
#8615 = LINE('',#8616,#8617);
#8616 = CARTESIAN_POINT('',(17.158341940874,-54.40788439221,
    44.467461269681));
#8617 = VECTOR('',#8618,1.);
#8618 = DIRECTION('',(-1.64473469566E-16,-3.86106458461E-15,-1.));
#8619 = PCURVE('',#8571,#8620);
#8620 = DEFINITIONAL_REPRESENTATION('',(#8621),#8625);
#8621 = LINE('',#8622,#8623);
#8622 = CARTESIAN_POINT('',(17.15,15.5));
#8623 = VECTOR('',#8624,1.);
#8624 = DIRECTION('',(-1.479114197289E-31,1.));
#8625 = ( GEOMETRIC_REPRESENTATION_CONTEXT(2) 
PARAMETRIC_REPRESENTATION_CONTEXT() REPRESENTATION_CONTEXT('2D SPACE',''
  ) );
#8626 = PCURVE('',#44,#8627);
#8627 = DEFINITIONAL_REPRESENTATION('',(#8628),#8632);
#8628 = LINE('',#8629,#8630);
#8629 = CARTESIAN_POINT('',(-0.2,7.722129169219E-16));
#8630 = VECTOR('',#8631,1.);
#8631 = DIRECTION('',(0.,1.));
#8632 = ( GEOMETRIC_REPRESENTATION_CONTEXT(2) 
PARAMETRIC_REPRESENTATION_CONTEXT() REPRESENTATION_CONTEXT('2D SPACE',''
  ) );
#8633 = ORIENTED_EDGE('',*,*,#8634,.T.);
#8634 = EDGE_CURVE('',#8612,#8539,#8635,.T.);
#8635 = SURFACE_CURVE('',#8636,(#8640,#8647),.PCURVE_S1.);
#8636 = LINE('',#8637,#8638);
#8637 = CARTESIAN_POINT('',(17.158341940874,-54.40788439221,
    42.817461269681));
#8638 = VECTOR('',#8639,1.);
#8639 = DIRECTION('',(-1.,-5.546778314436E-16,1.64473469566E-16));
#8640 = PCURVE('',#8571,#8641);
#8641 = DEFINITIONAL_REPRESENTATION('',(#8642),#8646);
#8642 = LINE('',#8643,#8644);
#8643 = CARTESIAN_POINT('',(17.15,17.15));
#8644 = VECTOR('',#8645,1.);
#8645 = DIRECTION('',(-1.,0.));
#8646 = ( GEOMETRIC_REPRESENTATION_CONTEXT(2) 
PARAMETRIC_REPRESENTATION_CONTEXT() REPRESENTATION_CONTEXT('2D SPACE',''
  ) );
#8647 = PCURVE('',#103,#8648);
#8648 = DEFINITIONAL_REPRESENTATION('',(#8649),#8653);
#8649 = LINE('',#8650,#8651);
#8650 = CARTESIAN_POINT('',(0.4,4.075));
#8651 = VECTOR('',#8652,1.);
#8652 = DIRECTION('',(-3.51033443077E-31,-1.));
#8653 = ( GEOMETRIC_REPRESENTATION_CONTEXT(2) 
PARAMETRIC_REPRESENTATION_CONTEXT() REPRESENTATION_CONTEXT('2D SPACE',''
  ) );
#8654 = ADVANCED_FACE('',(#8655),#8667,.T.);
#8655 = FACE_BOUND('',#8656,.T.);
#8656 = EDGE_LOOP('',(#8657,#8685,#8708));
#8657 = ORIENTED_EDGE('',*,*,#8658,.T.);
#8658 = EDGE_CURVE('',#8539,#8659,#8661,.T.);
#8659 = VERTEX_POINT('',#8660);
#8660 = CARTESIAN_POINT('',(13.858341940874,-54.40788439221,
    42.817461269681));
#8661 = SURFACE_CURVE('',#8662,(#8666,#8678),.PCURVE_S1.);
#8662 = LINE('',#8663,#8664);
#8663 = CARTESIAN_POINT('',(15.508341940874,-54.40788439221,
    42.817461269681));
#8664 = VECTOR('',#8665,1.);
#8665 = DIRECTION('',(-1.,-5.546778314436E-16,1.64473469566E-16));
#8666 = PCURVE('',#8667,#8672);
#8667 = PLANE('',#8668);
#8668 = AXIS2_PLACEMENT_3D('',#8669,#8670,#8671);
#8669 = CARTESIAN_POINT('',(8.341940873663E-03,-54.40788439221,
    59.967461269681));
#8670 = DIRECTION('',(-5.546778314436E-16,1.,-3.86106458461E-15));
#8671 = DIRECTION('',(1.,5.546778314436E-16,-1.64473469566E-16));
#8672 = DEFINITIONAL_REPRESENTATION('',(#8673),#8677);
#8673 = LINE('',#8674,#8675);
#8674 = CARTESIAN_POINT('',(15.5,17.15));
#8675 = VECTOR('',#8676,1.);
#8676 = DIRECTION('',(-1.,0.));
#8677 = ( GEOMETRIC_REPRESENTATION_CONTEXT(2) 
PARAMETRIC_REPRESENTATION_CONTEXT() REPRESENTATION_CONTEXT('2D SPACE',''
  ) );
#8678 = PCURVE('',#103,#8679);
#8679 = DEFINITIONAL_REPRESENTATION('',(#8680),#8684);
#8680 = LINE('',#8681,#8682);
#8681 = CARTESIAN_POINT('',(0.4,2.425));
#8682 = VECTOR('',#8683,1.);
#8683 = DIRECTION('',(-3.51033443077E-31,-1.));
#8684 = ( GEOMETRIC_REPRESENTATION_CONTEXT(2) 
PARAMETRIC_REPRESENTATION_CONTEXT() REPRESENTATION_CONTEXT('2D SPACE',''
  ) );
#8685 = ORIENTED_EDGE('',*,*,#8686,.T.);
#8686 = EDGE_CURVE('',#8659,#8687,#8689,.T.);
#8687 = VERTEX_POINT('',#8688);
#8688 = CARTESIAN_POINT('',(13.858341940874,-54.40788439221,
    44.467461269681));
#8689 = SURFACE_CURVE('',#8690,(#8694,#8701),.PCURVE_S1.);
#8690 = LINE('',#8691,#8692);
#8691 = CARTESIAN_POINT('',(13.858341940874,-54.40788439221,
    42.817461269681));
#8692 = VECTOR('',#8693,1.);
#8693 = DIRECTION('',(1.64473469566E-16,3.86106458461E-15,1.));
#8694 = PCURVE('',#8667,#8695);
#8695 = DEFINITIONAL_REPRESENTATION('',(#8696),#8700);
#8696 = LINE('',#8697,#8698);
#8697 = CARTESIAN_POINT('',(13.85,17.15));
#8698 = VECTOR('',#8699,1.);
#8699 = DIRECTION('',(1.479114197289E-31,-1.));
#8700 = ( GEOMETRIC_REPRESENTATION_CONTEXT(2) 
PARAMETRIC_REPRESENTATION_CONTEXT() REPRESENTATION_CONTEXT('2D SPACE',''
  ) );
#8701 = PCURVE('',#256,#8702);
#8702 = DEFINITIONAL_REPRESENTATION('',(#8703),#8707);
#8703 = LINE('',#8704,#8705);
#8704 = CARTESIAN_POINT('',(0.2,1.65));
#8705 = VECTOR('',#8706,1.);
#8706 = DIRECTION('',(0.,-1.));
#8707 = ( GEOMETRIC_REPRESENTATION_CONTEXT(2) 
PARAMETRIC_REPRESENTATION_CONTEXT() REPRESENTATION_CONTEXT('2D SPACE',''
  ) );
#8708 = ORIENTED_EDGE('',*,*,#8709,.T.);
#8709 = EDGE_CURVE('',#8687,#8539,#8710,.T.);
#8710 = SURFACE_CURVE('',#8711,(#8737,#8766),.PCURVE_S1.);
#8711 = B_SPLINE_CURVE_WITH_KNOTS('',3,(#8712,#8713,#8714,#8715,#8716,
    #8717,#8718,#8719,#8720,#8721,#8722,#8723,#8724,#8725,#8726,#8727,
    #8728,#8729,#8730,#8731,#8732,#8733,#8734,#8735,#8736),
  .UNSPECIFIED.,.F.,.F.,(4,3,3,3,3,3,3,3,4),(-0.259747603062,
    -0.22727927768,-0.194810952297,-0.162342626914,-0.129874301531,
    -9.740597614849E-02,-6.49376507657E-02,-3.246932538291E-02,
    -1.00000012776E-06),.UNSPECIFIED.);
#8712 = CARTESIAN_POINT('',(13.858341940874,-54.40788439221,
    44.467461269681));
#8713 = CARTESIAN_POINT('',(13.858341940874,-54.40788439221,
    44.359469918015));
#8714 = CARTESIAN_POINT('',(13.868978160874,-54.40788439221,
    44.251478566348));
#8715 = CARTESIAN_POINT('',(13.89004622854,-54.40788439221,
    44.145562238348));
#8716 = CARTESIAN_POINT('',(13.911114296207,-54.40788439221,
    44.039645910348));
#8717 = CARTESIAN_POINT('',(13.94261421154,-54.40788439221,
    43.935804606015));
#8718 = CARTESIAN_POINT('',(13.98394071254,-54.40788439221,
    43.836033606515));
#8719 = CARTESIAN_POINT('',(14.02526721354,-54.40788439221,
    43.736262607015));
#8720 = CARTESIAN_POINT('',(14.076420300207,-54.40788439221,
    43.640561912348));
#8721 = CARTESIAN_POINT('',(14.13641708054,-54.40788439221,
    43.550770385015));
#8722 = CARTESIAN_POINT('',(14.196413860874,-54.40788439221,
    43.460978857681));
#8723 = CARTESIAN_POINT('',(14.265254334874,-54.40788439221,
    43.377096497681));
#8724 = CARTESIAN_POINT('',(14.341615751874,-54.40788439221,
    43.300735080681));
#8725 = CARTESIAN_POINT('',(14.417977168874,-54.40788439221,
    43.224373663681));
#8726 = CARTESIAN_POINT('',(14.501859528874,-54.40788439221,
    43.155533189681));
#8727 = CARTESIAN_POINT('',(14.591651056207,-54.40788439221,
    43.095536409348));
#8728 = CARTESIAN_POINT('',(14.68144258354,-54.40788439221,
    43.035539629015));
#8729 = CARTESIAN_POINT('',(14.777143278207,-54.40788439221,
    42.984386542348));
#8730 = CARTESIAN_POINT('',(14.876914277707,-54.40788439221,
    42.943060041348));
#8731 = CARTESIAN_POINT('',(14.976685277207,-54.40788439221,
    42.901733540348));
#8732 = CARTESIAN_POINT('',(15.08052658154,-54.40788439221,
    42.870233625015));
#8733 = CARTESIAN_POINT('',(15.18644290954,-54.40788439221,
    42.849165557348));
#8734 = CARTESIAN_POINT('',(15.29235923754,-54.40788439221,
    42.828097489681));
#8735 = CARTESIAN_POINT('',(15.400350589207,-54.40788439221,
    42.817461269681));
#8736 = CARTESIAN_POINT('',(15.508341940873,-54.40788439221,
    42.817461269681));
#8737 = PCURVE('',#8667,#8738);
#8738 = DEFINITIONAL_REPRESENTATION('',(#8739),#8765);
#8739 = B_SPLINE_CURVE_WITH_KNOTS('',3,(#8740,#8741,#8742,#8743,#8744,
    #8745,#8746,#8747,#8748,#8749,#8750,#8751,#8752,#8753,#8754,#8755,
    #8756,#8757,#8758,#8759,#8760,#8761,#8762,#8763,#8764),
  .UNSPECIFIED.,.F.,.F.,(4,3,3,3,3,3,3,3,4),(-0.259747603062,
    -0.22727927768,-0.194810952297,-0.162342626914,-0.129874301531,
    -9.740597614849E-02,-6.49376507657E-02,-3.246932538291E-02,
    -1.00000012776E-06),.UNSPECIFIED.);
#8740 = CARTESIAN_POINT('',(13.85,15.5));
#8741 = CARTESIAN_POINT('',(13.85,15.607991351667));
#8742 = CARTESIAN_POINT('',(13.86063622,15.715982703333));
#8743 = CARTESIAN_POINT('',(13.881704287667,15.821899031333));
#8744 = CARTESIAN_POINT('',(13.902772355333,15.927815359333));
#8745 = CARTESIAN_POINT('',(13.934272270667,16.031656663667));
#8746 = CARTESIAN_POINT('',(13.975598771667,16.131427663167));
#8747 = CARTESIAN_POINT('',(14.016925272667,16.231198662667));
#8748 = CARTESIAN_POINT('',(14.068078359333,16.326899357333));
#8749 = CARTESIAN_POINT('',(14.128075139667,16.416690884667));
#8750 = CARTESIAN_POINT('',(14.18807192,16.506482412));
#8751 = CARTESIAN_POINT('',(14.256912394,16.590364772));
#8752 = CARTESIAN_POINT('',(14.333273811,16.666726189));
#8753 = CARTESIAN_POINT('',(14.409635228,16.743087606));
#8754 = CARTESIAN_POINT('',(14.493517588,16.81192808));
#8755 = CARTESIAN_POINT('',(14.583309115333,16.871924860333));
#8756 = CARTESIAN_POINT('',(14.673100642667,16.931921640667));
#8757 = CARTESIAN_POINT('',(14.768801337333,16.983074727333));
#8758 = CARTESIAN_POINT('',(14.868572336833,17.024401228333));
#8759 = CARTESIAN_POINT('',(14.968343336333,17.065727729333));
#8760 = CARTESIAN_POINT('',(15.072184640667,17.097227644667));
#8761 = CARTESIAN_POINT('',(15.178100968667,17.118295712333));
#8762 = CARTESIAN_POINT('',(15.284017296667,17.13936378));
#8763 = CARTESIAN_POINT('',(15.392008648333,17.15));
#8764 = CARTESIAN_POINT('',(15.5,17.15));
#8765 = ( GEOMETRIC_REPRESENTATION_CONTEXT(2) 
PARAMETRIC_REPRESENTATION_CONTEXT() REPRESENTATION_CONTEXT('2D SPACE',''
  ) );
#8766 = PCURVE('',#2771,#8767);
#8767 = DEFINITIONAL_REPRESENTATION('',(#8768),#8771);
#8768 = B_SPLINE_CURVE_WITH_KNOTS('',1,(#8769,#8770),.UNSPECIFIED.,.F.,
  .F.,(2,2),(-0.259747603062,-1.00000012776E-06),
  .PIECEWISE_BEZIER_KNOTS.);
#8769 = CARTESIAN_POINT('',(0.5,-1.268516541808E-17));
#8770 = CARTESIAN_POINT('',(0.25,-1.268516541808E-17));
#8771 = ( GEOMETRIC_REPRESENTATION_CONTEXT(2) 
PARAMETRIC_REPRESENTATION_CONTEXT() REPRESENTATION_CONTEXT('2D SPACE',''
  ) );
#8772 = ADVANCED_FACE('',(#8773),#8807,.T.);
#8773 = FACE_BOUND('',#8774,.T.);
#8774 = EDGE_LOOP('',(#8775,#8846,#8869));
#8775 = ORIENTED_EDGE('',*,*,#8776,.T.);
#8776 = EDGE_CURVE('',#8777,#8687,#8779,.T.);
#8777 = VERTEX_POINT('',#8778);
#8778 = CARTESIAN_POINT('',(15.508341940874,-54.40788439221,
    46.117461269681));
#8779 = SURFACE_CURVE('',#8780,(#8806,#8840),.PCURVE_S1.);
#8780 = B_SPLINE_CURVE_WITH_KNOTS('',3,(#8781,#8782,#8783,#8784,#8785,
    #8786,#8787,#8788,#8789,#8790,#8791,#8792,#8793,#8794,#8795,#8796,
    #8797,#8798,#8799,#8800,#8801,#8802,#8803,#8804,#8805),
  .UNSPECIFIED.,.F.,.F.,(4,3,3,3,3,3,3,3,4),(-0.259747603063,
    -0.22727927768,-0.194810952297,-0.162342626914,-0.129874301531,
    -9.740597614859E-02,-6.493765076577E-02,-3.246932538294E-02,
    -1.000000116269E-06),.UNSPECIFIED.);
#8781 = CARTESIAN_POINT('',(15.508341940874,-54.40788439221,
    46.117461269681));
#8782 = CARTESIAN_POINT('',(15.400350589207,-54.40788439221,
    46.117461269681));
#8783 = CARTESIAN_POINT('',(15.29235923754,-54.40788439221,
    46.106825049681));
#8784 = CARTESIAN_POINT('',(15.18644290954,-54.40788439221,
    46.085756982015));
#8785 = CARTESIAN_POINT('',(15.08052658154,-54.40788439221,
    46.064688914348));
#8786 = CARTESIAN_POINT('',(14.976685277207,-54.40788439221,
    46.033188999015));
#8787 = CARTESIAN_POINT('',(14.876914277707,-54.40788439221,
    45.991862498015));
#8788 = CARTESIAN_POINT('',(14.777143278207,-54.40788439221,
    45.950535997015));
#8789 = CARTESIAN_POINT('',(14.68144258354,-54.40788439221,
    45.899382910348));
#8790 = CARTESIAN_POINT('',(14.591651056207,-54.40788439221,
    45.839386130015));
#8791 = CARTESIAN_POINT('',(14.501859528874,-54.40788439221,
    45.779389349681));
#8792 = CARTESIAN_POINT('',(14.417977168874,-54.40788439221,
    45.710548875681));
#8793 = CARTESIAN_POINT('',(14.341615751874,-54.40788439221,
    45.634187458681));
#8794 = CARTESIAN_POINT('',(14.265254334874,-54.40788439221,
    45.557826041681));
#8795 = CARTESIAN_POINT('',(14.196413860874,-54.40788439221,
    45.473943681681));
#8796 = CARTESIAN_POINT('',(14.13641708054,-54.40788439221,
    45.384152154348));
#8797 = CARTESIAN_POINT('',(14.076420300207,-54.40788439221,
    45.294360627015));
#8798 = CARTESIAN_POINT('',(14.02526721354,-54.40788439221,
    45.198659932348));
#8799 = CARTESIAN_POINT('',(13.98394071254,-54.40788439221,
    45.098888932848));
#8800 = CARTESIAN_POINT('',(13.94261421154,-54.40788439221,
    44.999117933348));
#8801 = CARTESIAN_POINT('',(13.911114296207,-54.40788439221,
    44.895276629015));
#8802 = CARTESIAN_POINT('',(13.89004622854,-54.40788439221,
    44.789360301015));
#8803 = CARTESIAN_POINT('',(13.868978160874,-54.40788439221,
    44.683443973015));
#8804 = CARTESIAN_POINT('',(13.858341940874,-54.40788439221,
    44.575452621348));
#8805 = CARTESIAN_POINT('',(13.858341940874,-54.40788439221,
    44.467461269681));
#8806 = PCURVE('',#8807,#8812);
#8807 = PLANE('',#8808);
#8808 = AXIS2_PLACEMENT_3D('',#8809,#8810,#8811);
#8809 = CARTESIAN_POINT('',(8.341940873663E-03,-54.40788439221,
    59.967461269681));
#8810 = DIRECTION('',(-5.546778314436E-16,1.,-3.86106458461E-15));
#8811 = DIRECTION('',(1.,5.546778314436E-16,-1.64473469566E-16));
#8812 = DEFINITIONAL_REPRESENTATION('',(#8813),#8839);
#8813 = B_SPLINE_CURVE_WITH_KNOTS('',3,(#8814,#8815,#8816,#8817,#8818,
    #8819,#8820,#8821,#8822,#8823,#8824,#8825,#8826,#8827,#8828,#8829,
    #8830,#8831,#8832,#8833,#8834,#8835,#8836,#8837,#8838),
  .UNSPECIFIED.,.F.,.F.,(4,3,3,3,3,3,3,3,4),(-0.259747603063,
    -0.22727927768,-0.194810952297,-0.162342626914,-0.129874301531,
    -9.740597614859E-02,-6.493765076577E-02,-3.246932538294E-02,
    -1.000000116269E-06),.UNSPECIFIED.);
#8814 = CARTESIAN_POINT('',(15.5,13.85));
#8815 = CARTESIAN_POINT('',(15.392008648333,13.85));
#8816 = CARTESIAN_POINT('',(15.284017296667,13.86063622));
#8817 = CARTESIAN_POINT('',(15.178100968667,13.881704287667));
#8818 = CARTESIAN_POINT('',(15.072184640667,13.902772355333));
#8819 = CARTESIAN_POINT('',(14.968343336333,13.934272270667));
#8820 = CARTESIAN_POINT('',(14.868572336833,13.975598771667));
#8821 = CARTESIAN_POINT('',(14.768801337333,14.016925272667));
#8822 = CARTESIAN_POINT('',(14.673100642667,14.068078359333));
#8823 = CARTESIAN_POINT('',(14.583309115333,14.128075139667));
#8824 = CARTESIAN_POINT('',(14.493517588,14.18807192));
#8825 = CARTESIAN_POINT('',(14.409635228,14.256912394));
#8826 = CARTESIAN_POINT('',(14.333273811,14.333273811));
#8827 = CARTESIAN_POINT('',(14.256912394,14.409635228));
#8828 = CARTESIAN_POINT('',(14.18807192,14.493517588));
#8829 = CARTESIAN_POINT('',(14.128075139667,14.583309115333));
#8830 = CARTESIAN_POINT('',(14.068078359333,14.673100642667));
#8831 = CARTESIAN_POINT('',(14.016925272667,14.768801337333));
#8832 = CARTESIAN_POINT('',(13.975598771667,14.868572336833));
#8833 = CARTESIAN_POINT('',(13.934272270667,14.968343336333));
#8834 = CARTESIAN_POINT('',(13.902772355333,15.072184640667));
#8835 = CARTESIAN_POINT('',(13.881704287667,15.178100968667));
#8836 = CARTESIAN_POINT('',(13.86063622,15.284017296667));
#8837 = CARTESIAN_POINT('',(13.85,15.392008648333));
#8838 = CARTESIAN_POINT('',(13.85,15.5));
#8839 = ( GEOMETRIC_REPRESENTATION_CONTEXT(2) 
PARAMETRIC_REPRESENTATION_CONTEXT() REPRESENTATION_CONTEXT('2D SPACE',''
  ) );
#8840 = PCURVE('',#2771,#8841);
#8841 = DEFINITIONAL_REPRESENTATION('',(#8842),#8845);
#8842 = B_SPLINE_CURVE_WITH_KNOTS('',1,(#8843,#8844),.UNSPECIFIED.,.F.,
  .F.,(2,2),(-0.259747603063,-1.000000116269E-06),
  .PIECEWISE_BEZIER_KNOTS.);
#8843 = CARTESIAN_POINT('',(0.75,-1.268516541808E-17));
#8844 = CARTESIAN_POINT('',(0.5,-1.268516541808E-17));
#8845 = ( GEOMETRIC_REPRESENTATION_CONTEXT(2) 
PARAMETRIC_REPRESENTATION_CONTEXT() REPRESENTATION_CONTEXT('2D SPACE',''
  ) );
#8846 = ORIENTED_EDGE('',*,*,#8847,.T.);
#8847 = EDGE_CURVE('',#8687,#8848,#8850,.T.);
#8848 = VERTEX_POINT('',#8849);
#8849 = CARTESIAN_POINT('',(13.858341940874,-54.40788439221,
    46.117461269681));
#8850 = SURFACE_CURVE('',#8851,(#8855,#8862),.PCURVE_S1.);
#8851 = LINE('',#8852,#8853);
#8852 = CARTESIAN_POINT('',(13.858341940874,-54.40788439221,
    44.467461269681));
#8853 = VECTOR('',#8854,1.);
#8854 = DIRECTION('',(1.64473469566E-16,3.86106458461E-15,1.));
#8855 = PCURVE('',#8807,#8856);
#8856 = DEFINITIONAL_REPRESENTATION('',(#8857),#8861);
#8857 = LINE('',#8858,#8859);
#8858 = CARTESIAN_POINT('',(13.85,15.5));
#8859 = VECTOR('',#8860,1.);
#8860 = DIRECTION('',(1.479114197289E-31,-1.));
#8861 = ( GEOMETRIC_REPRESENTATION_CONTEXT(2) 
PARAMETRIC_REPRESENTATION_CONTEXT() REPRESENTATION_CONTEXT('2D SPACE',''
  ) );
#8862 = PCURVE('',#256,#8863);
#8863 = DEFINITIONAL_REPRESENTATION('',(#8864),#8868);
#8864 = LINE('',#8865,#8866);
#8865 = CARTESIAN_POINT('',(0.2,7.722129169219E-16));
#8866 = VECTOR('',#8867,1.);
#8867 = DIRECTION('',(0.,-1.));
#8868 = ( GEOMETRIC_REPRESENTATION_CONTEXT(2) 
PARAMETRIC_REPRESENTATION_CONTEXT() REPRESENTATION_CONTEXT('2D SPACE',''
  ) );
#8869 = ORIENTED_EDGE('',*,*,#8870,.T.);
#8870 = EDGE_CURVE('',#8848,#8777,#8871,.T.);
#8871 = SURFACE_CURVE('',#8872,(#8876,#8883),.PCURVE_S1.);
#8872 = LINE('',#8873,#8874);
#8873 = CARTESIAN_POINT('',(13.858341940874,-54.40788439221,
    46.117461269681));
#8874 = VECTOR('',#8875,1.);
#8875 = DIRECTION('',(1.,5.546778314436E-16,-1.64473469566E-16));
#8876 = PCURVE('',#8807,#8877);
#8877 = DEFINITIONAL_REPRESENTATION('',(#8878),#8882);
#8878 = LINE('',#8879,#8880);
#8879 = CARTESIAN_POINT('',(13.85,13.85));
#8880 = VECTOR('',#8881,1.);
#8881 = DIRECTION('',(1.,0.));
#8882 = ( GEOMETRIC_REPRESENTATION_CONTEXT(2) 
PARAMETRIC_REPRESENTATION_CONTEXT() REPRESENTATION_CONTEXT('2D SPACE',''
  ) );
#8883 = PCURVE('',#190,#8884);
#8884 = DEFINITIONAL_REPRESENTATION('',(#8885),#8889);
#8885 = LINE('',#8886,#8887);
#8886 = CARTESIAN_POINT('',(1.65,-0.4));
#8887 = VECTOR('',#8888,1.);
#8888 = DIRECTION('',(-1.,4.339700953352E-32));
#8889 = ( GEOMETRIC_REPRESENTATION_CONTEXT(2) 
PARAMETRIC_REPRESENTATION_CONTEXT() REPRESENTATION_CONTEXT('2D SPACE',''
  ) );
#8890 = ADVANCED_FACE('',(#8891),#8903,.T.);
#8891 = FACE_BOUND('',#8892,.T.);
#8892 = EDGE_LOOP('',(#8893,#8921,#8942));
#8893 = ORIENTED_EDGE('',*,*,#8894,.T.);
#8894 = EDGE_CURVE('',#8777,#8895,#8897,.T.);
#8895 = VERTEX_POINT('',#8896);
#8896 = CARTESIAN_POINT('',(17.158341940874,-54.40788439221,
    46.117461269681));
#8897 = SURFACE_CURVE('',#8898,(#8902,#8914),.PCURVE_S1.);
#8898 = LINE('',#8899,#8900);
#8899 = CARTESIAN_POINT('',(15.508341940874,-54.40788439221,
    46.117461269681));
#8900 = VECTOR('',#8901,1.);
#8901 = DIRECTION('',(1.,5.546778314436E-16,-1.64473469566E-16));
#8902 = PCURVE('',#8903,#8908);
#8903 = PLANE('',#8904);
#8904 = AXIS2_PLACEMENT_3D('',#8905,#8906,#8907);
#8905 = CARTESIAN_POINT('',(8.341940873663E-03,-54.40788439221,
    59.967461269681));
#8906 = DIRECTION('',(-5.546778314436E-16,1.,-3.86106458461E-15));
#8907 = DIRECTION('',(1.,5.546778314436E-16,-1.64473469566E-16));
#8908 = DEFINITIONAL_REPRESENTATION('',(#8909),#8913);
#8909 = LINE('',#8910,#8911);
#8910 = CARTESIAN_POINT('',(15.5,13.85));
#8911 = VECTOR('',#8912,1.);
#8912 = DIRECTION('',(1.,0.));
#8913 = ( GEOMETRIC_REPRESENTATION_CONTEXT(2) 
PARAMETRIC_REPRESENTATION_CONTEXT() REPRESENTATION_CONTEXT('2D SPACE',''
  ) );
#8914 = PCURVE('',#190,#8915);
#8915 = DEFINITIONAL_REPRESENTATION('',(#8916),#8920);
#8916 = LINE('',#8917,#8918);
#8917 = CARTESIAN_POINT('',(2.218711325774E-16,-0.4));
#8918 = VECTOR('',#8919,1.);
#8919 = DIRECTION('',(-1.,4.339700953352E-32));
#8920 = ( GEOMETRIC_REPRESENTATION_CONTEXT(2) 
PARAMETRIC_REPRESENTATION_CONTEXT() REPRESENTATION_CONTEXT('2D SPACE',''
  ) );
#8921 = ORIENTED_EDGE('',*,*,#8922,.T.);
#8922 = EDGE_CURVE('',#8895,#8541,#8923,.T.);
#8923 = SURFACE_CURVE('',#8924,(#8928,#8935),.PCURVE_S1.);
#8924 = LINE('',#8925,#8926);
#8925 = CARTESIAN_POINT('',(17.158341940874,-54.40788439221,
    46.117461269681));
#8926 = VECTOR('',#8927,1.);
#8927 = DIRECTION('',(-1.64473469566E-16,-3.86106458461E-15,-1.));
#8928 = PCURVE('',#8903,#8929);
#8929 = DEFINITIONAL_REPRESENTATION('',(#8930),#8934);
#8930 = LINE('',#8931,#8932);
#8931 = CARTESIAN_POINT('',(17.15,13.85));
#8932 = VECTOR('',#8933,1.);
#8933 = DIRECTION('',(-1.479114197289E-31,1.));
#8934 = ( GEOMETRIC_REPRESENTATION_CONTEXT(2) 
PARAMETRIC_REPRESENTATION_CONTEXT() REPRESENTATION_CONTEXT('2D SPACE',''
  ) );
#8935 = PCURVE('',#44,#8936);
#8936 = DEFINITIONAL_REPRESENTATION('',(#8937),#8941);
#8937 = LINE('',#8938,#8939);
#8938 = CARTESIAN_POINT('',(-0.2,-1.65));
#8939 = VECTOR('',#8940,1.);
#8940 = DIRECTION('',(0.,1.));
#8941 = ( GEOMETRIC_REPRESENTATION_CONTEXT(2) 
PARAMETRIC_REPRESENTATION_CONTEXT() REPRESENTATION_CONTEXT('2D SPACE',''
  ) );
#8942 = ORIENTED_EDGE('',*,*,#8943,.T.);
#8943 = EDGE_CURVE('',#8541,#8777,#8944,.T.);
#8944 = SURFACE_CURVE('',#8945,(#8971,#9000),.PCURVE_S1.);
#8945 = B_SPLINE_CURVE_WITH_KNOTS('',3,(#8946,#8947,#8948,#8949,#8950,
    #8951,#8952,#8953,#8954,#8955,#8956,#8957,#8958,#8959,#8960,#8961,
    #8962,#8963,#8964,#8965,#8966,#8967,#8968,#8969,#8970),
  .UNSPECIFIED.,.F.,.F.,(4,3,3,3,3,3,3,3,4),(-0.259747602915,
    -0.22727927755,-0.194810952186,-0.162342626822,-0.129874301457,
    -9.740597609303E-02,-6.493765072873E-02,-3.246932536442E-02,
    -9.999999999177E-07),.UNSPECIFIED.);
#8946 = CARTESIAN_POINT('',(17.158341940874,-54.40788439221,
    44.467461269681));
#8947 = CARTESIAN_POINT('',(17.158341940874,-54.40788439221,
    44.575452621681));
#8948 = CARTESIAN_POINT('',(17.147705720874,-54.40788439221,
    44.683443973181));
#8949 = CARTESIAN_POINT('',(17.126637653207,-54.40788439221,
    44.789360301098));
#8950 = CARTESIAN_POINT('',(17.10556958554,-54.40788439221,
    44.895276629015));
#8951 = CARTESIAN_POINT('',(17.074069670207,-54.40788439221,
    44.999117933348));
#8952 = CARTESIAN_POINT('',(17.032743169207,-54.40788439221,
    45.098888932848));
#8953 = CARTESIAN_POINT('',(16.991416668207,-54.40788439221,
    45.198659932348));
#8954 = CARTESIAN_POINT('',(16.94026358154,-54.40788439221,
    45.294360627015));
#8955 = CARTESIAN_POINT('',(16.880266801207,-54.40788439221,
    45.384152154348));
#8956 = CARTESIAN_POINT('',(16.820270020874,-54.40788439221,
    45.473943681681));
#8957 = CARTESIAN_POINT('',(16.751429546874,-54.40788439221,
    45.557826041681));
#8958 = CARTESIAN_POINT('',(16.675068129874,-54.40788439221,
    45.634187458681));
#8959 = CARTESIAN_POINT('',(16.598706712874,-54.40788439221,
    45.710548875681));
#8960 = CARTESIAN_POINT('',(16.514824352874,-54.40788439221,
    45.779389349681));
#8961 = CARTESIAN_POINT('',(16.42503282554,-54.40788439221,
    45.839386130015));
#8962 = CARTESIAN_POINT('',(16.335241298207,-54.40788439221,
    45.899382910348));
#8963 = CARTESIAN_POINT('',(16.23954060354,-54.40788439221,
    45.950535997015));
#8964 = CARTESIAN_POINT('',(16.13976960404,-54.40788439221,
    45.991862498015));
#8965 = CARTESIAN_POINT('',(16.03999860454,-54.40788439221,
    46.033188999015));
#8966 = CARTESIAN_POINT('',(15.936157300207,-54.40788439221,
    46.064688914348));
#8967 = CARTESIAN_POINT('',(15.830240972207,-54.40788439221,
    46.085756982015));
#8968 = CARTESIAN_POINT('',(15.724324644207,-54.40788439221,
    46.106825049681));
#8969 = CARTESIAN_POINT('',(15.61633329254,-54.40788439221,
    46.117461269681));
#8970 = CARTESIAN_POINT('',(15.508341940872,-54.40788439221,
    46.117461269681));
#8971 = PCURVE('',#8903,#8972);
#8972 = DEFINITIONAL_REPRESENTATION('',(#8973),#8999);
#8973 = B_SPLINE_CURVE_WITH_KNOTS('',3,(#8974,#8975,#8976,#8977,#8978,
    #8979,#8980,#8981,#8982,#8983,#8984,#8985,#8986,#8987,#8988,#8989,
    #8990,#8991,#8992,#8993,#8994,#8995,#8996,#8997,#8998),
  .UNSPECIFIED.,.F.,.F.,(4,3,3,3,3,3,3,3,4),(-0.259747602915,
    -0.22727927755,-0.194810952186,-0.162342626822,-0.129874301457,
    -9.740597609303E-02,-6.493765072873E-02,-3.246932536442E-02,
    -9.999999999177E-07),.UNSPECIFIED.);
#8974 = CARTESIAN_POINT('',(17.15,15.5));
#8975 = CARTESIAN_POINT('',(17.15,15.392008648));
#8976 = CARTESIAN_POINT('',(17.13936378,15.2840172965));
#8977 = CARTESIAN_POINT('',(17.118295712333,15.178100968583));
#8978 = CARTESIAN_POINT('',(17.097227644667,15.072184640667));
#8979 = CARTESIAN_POINT('',(17.065727729333,14.968343336333));
#8980 = CARTESIAN_POINT('',(17.024401228333,14.868572336833));
#8981 = CARTESIAN_POINT('',(16.983074727333,14.768801337333));
#8982 = CARTESIAN_POINT('',(16.931921640667,14.673100642667));
#8983 = CARTESIAN_POINT('',(16.871924860333,14.583309115333));
#8984 = CARTESIAN_POINT('',(16.81192808,14.493517588));
#8985 = CARTESIAN_POINT('',(16.743087606,14.409635228));
#8986 = CARTESIAN_POINT('',(16.666726189,14.333273811));
#8987 = CARTESIAN_POINT('',(16.590364772,14.256912394));
#8988 = CARTESIAN_POINT('',(16.506482412,14.18807192));
#8989 = CARTESIAN_POINT('',(16.416690884667,14.128075139667));
#8990 = CARTESIAN_POINT('',(16.326899357333,14.068078359333));
#8991 = CARTESIAN_POINT('',(16.231198662667,14.016925272667));
#8992 = CARTESIAN_POINT('',(16.131427663167,13.975598771667));
#8993 = CARTESIAN_POINT('',(16.031656663667,13.934272270667));
#8994 = CARTESIAN_POINT('',(15.927815359333,13.902772355333));
#8995 = CARTESIAN_POINT('',(15.821899031333,13.881704287667));
#8996 = CARTESIAN_POINT('',(15.715982703333,13.86063622));
#8997 = CARTESIAN_POINT('',(15.607991351666,13.85));
#8998 = CARTESIAN_POINT('',(15.499999999999,13.85));
#8999 = ( GEOMETRIC_REPRESENTATION_CONTEXT(2) 
PARAMETRIC_REPRESENTATION_CONTEXT() REPRESENTATION_CONTEXT('2D SPACE',''
  ) );
#9000 = PCURVE('',#2771,#9001);
#9001 = DEFINITIONAL_REPRESENTATION('',(#9002),#9005);
#9002 = B_SPLINE_CURVE_WITH_KNOTS('',1,(#9003,#9004),.UNSPECIFIED.,.F.,
  .F.,(2,2),(-0.259747602915,-9.999999999177E-07),
  .PIECEWISE_BEZIER_KNOTS.);
#9003 = CARTESIAN_POINT('',(1.,-1.268516541808E-17));
#9004 = CARTESIAN_POINT('',(0.75,-1.268516541808E-17));
#9005 = ( GEOMETRIC_REPRESENTATION_CONTEXT(2) 
PARAMETRIC_REPRESENTATION_CONTEXT() REPRESENTATION_CONTEXT('2D SPACE',''
  ) );
#9006 = ADVANCED_FACE('',(#9007),#44,.T.);
#9007 = FACE_BOUND('',#9008,.T.);
#9008 = EDGE_LOOP('',(#9009,#9010,#9031,#9032,#9053,#9054,#9075));
#9009 = ORIENTED_EDGE('',*,*,#8922,.F.);
#9010 = ORIENTED_EDGE('',*,*,#9011,.F.);
#9011 = EDGE_CURVE('',#154,#8895,#9012,.T.);
#9012 = SURFACE_CURVE('',#9013,(#9017,#9024),.PCURVE_S1.);
#9013 = LINE('',#9014,#9015);
#9014 = CARTESIAN_POINT('',(17.158341940874,-54.20788439221,
    46.117461269681));
#9015 = VECTOR('',#9016,1.);
#9016 = DIRECTION('',(5.546778314436E-16,-1.,3.86106458461E-15));
#9017 = PCURVE('',#44,#9018);
#9018 = DEFINITIONAL_REPRESENTATION('',(#9019),#9023);
#9019 = LINE('',#9020,#9021);
#9020 = CARTESIAN_POINT('',(-6.370756564606E-15,-1.65));
#9021 = VECTOR('',#9022,1.);
#9022 = DIRECTION('',(-1.,0.));
#9023 = ( GEOMETRIC_REPRESENTATION_CONTEXT(2) 
PARAMETRIC_REPRESENTATION_CONTEXT() REPRESENTATION_CONTEXT('2D SPACE',''
  ) );
#9024 = PCURVE('',#190,#9025);
#9025 = DEFINITIONAL_REPRESENTATION('',(#9026),#9030);
#9026 = LINE('',#9027,#9028);
#9027 = CARTESIAN_POINT('',(-1.65,-0.2));
#9028 = VECTOR('',#9029,1.);
#9029 = DIRECTION('',(6.350426884493E-31,-1.));
#9030 = ( GEOMETRIC_REPRESENTATION_CONTEXT(2) 
PARAMETRIC_REPRESENTATION_CONTEXT() REPRESENTATION_CONTEXT('2D SPACE',''
  ) );
#9031 = ORIENTED_EDGE('',*,*,#153,.T.);
#9032 = ORIENTED_EDGE('',*,*,#9033,.T.);
#9033 = EDGE_CURVE('',#119,#22,#9034,.T.);
#9034 = SURFACE_CURVE('',#9035,(#9039,#9046),.PCURVE_S1.);
#9035 = LINE('',#9036,#9037);
#9036 = CARTESIAN_POINT('',(17.158341940874,-54.20788439221,
    46.117461269681));
#9037 = VECTOR('',#9038,1.);
#9038 = DIRECTION('',(-1.64473469566E-16,-3.86106458461E-15,-1.));
#9039 = PCURVE('',#44,#9040);
#9040 = DEFINITIONAL_REPRESENTATION('',(#9041),#9045);
#9041 = LINE('',#9042,#9043);
#9042 = CARTESIAN_POINT('',(-6.370756564606E-15,-1.65));
#9043 = VECTOR('',#9044,1.);
#9044 = DIRECTION('',(0.,1.));
#9045 = ( GEOMETRIC_REPRESENTATION_CONTEXT(2) 
PARAMETRIC_REPRESENTATION_CONTEXT() REPRESENTATION_CONTEXT('2D SPACE',''
  ) );
#9046 = PCURVE('',#7217,#9047);
#9047 = DEFINITIONAL_REPRESENTATION('',(#9048),#9052);
#9048 = LINE('',#9049,#9050);
#9049 = CARTESIAN_POINT('',(17.15,13.85));
#9050 = VECTOR('',#9051,1.);
#9051 = DIRECTION('',(-1.479114197289E-31,1.));
#9052 = ( GEOMETRIC_REPRESENTATION_CONTEXT(2) 
PARAMETRIC_REPRESENTATION_CONTEXT() REPRESENTATION_CONTEXT('2D SPACE',''
  ) );
#9053 = ORIENTED_EDGE('',*,*,#21,.T.);
#9054 = ORIENTED_EDGE('',*,*,#9055,.T.);
#9055 = EDGE_CURVE('',#24,#8612,#9056,.T.);
#9056 = SURFACE_CURVE('',#9057,(#9061,#9068),.PCURVE_S1.);
#9057 = LINE('',#9058,#9059);
#9058 = CARTESIAN_POINT('',(17.158341940874,-54.20788439221,
    42.817461269681));
#9059 = VECTOR('',#9060,1.);
#9060 = DIRECTION('',(5.546778314436E-16,-1.,3.86106458461E-15));
#9061 = PCURVE('',#44,#9062);
#9062 = DEFINITIONAL_REPRESENTATION('',(#9063),#9067);
#9063 = LINE('',#9064,#9065);
#9064 = CARTESIAN_POINT('',(6.370756564606E-15,1.65));
#9065 = VECTOR('',#9066,1.);
#9066 = DIRECTION('',(-1.,0.));
#9067 = ( GEOMETRIC_REPRESENTATION_CONTEXT(2) 
PARAMETRIC_REPRESENTATION_CONTEXT() REPRESENTATION_CONTEXT('2D SPACE',''
  ) );
#9068 = PCURVE('',#103,#9069);
#9069 = DEFINITIONAL_REPRESENTATION('',(#9070),#9074);
#9070 = LINE('',#9071,#9072);
#9071 = CARTESIAN_POINT('',(0.2,4.075));
#9072 = VECTOR('',#9073,1.);
#9073 = DIRECTION('',(1.,-1.02947314106E-30));
#9074 = ( GEOMETRIC_REPRESENTATION_CONTEXT(2) 
PARAMETRIC_REPRESENTATION_CONTEXT() REPRESENTATION_CONTEXT('2D SPACE',''
  ) );
#9075 = ORIENTED_EDGE('',*,*,#8611,.F.);
#9076 = ADVANCED_FACE('',(#9077),#256,.T.);
#9077 = FACE_BOUND('',#9078,.T.);
#9078 = EDGE_LOOP('',(#9079,#9080,#9101,#9102,#9123,#9124,#9145));
#9079 = ORIENTED_EDGE('',*,*,#8686,.F.);
#9080 = ORIENTED_EDGE('',*,*,#9081,.F.);
#9081 = EDGE_CURVE('',#241,#8659,#9082,.T.);
#9082 = SURFACE_CURVE('',#9083,(#9087,#9094),.PCURVE_S1.);
#9083 = LINE('',#9084,#9085);
#9084 = CARTESIAN_POINT('',(13.858341940874,-54.20788439221,
    42.817461269681));
#9085 = VECTOR('',#9086,1.);
#9086 = DIRECTION('',(5.546778314436E-16,-1.,3.86106458461E-15));
#9087 = PCURVE('',#256,#9088);
#9088 = DEFINITIONAL_REPRESENTATION('',(#9089),#9093);
#9089 = LINE('',#9090,#9091);
#9090 = CARTESIAN_POINT('',(-6.370756564606E-15,1.65));
#9091 = VECTOR('',#9092,1.);
#9092 = DIRECTION('',(1.,0.));
#9093 = ( GEOMETRIC_REPRESENTATION_CONTEXT(2) 
PARAMETRIC_REPRESENTATION_CONTEXT() REPRESENTATION_CONTEXT('2D SPACE',''
  ) );
#9094 = PCURVE('',#103,#9095);
#9095 = DEFINITIONAL_REPRESENTATION('',(#9096),#9100);
#9096 = LINE('',#9097,#9098);
#9097 = CARTESIAN_POINT('',(0.2,0.775));
#9098 = VECTOR('',#9099,1.);
#9099 = DIRECTION('',(1.,-1.02947314106E-30));
#9100 = ( GEOMETRIC_REPRESENTATION_CONTEXT(2) 
PARAMETRIC_REPRESENTATION_CONTEXT() REPRESENTATION_CONTEXT('2D SPACE',''
  ) );
#9101 = ORIENTED_EDGE('',*,*,#240,.T.);
#9102 = ORIENTED_EDGE('',*,*,#9103,.T.);
#9103 = EDGE_CURVE('',#206,#293,#9104,.T.);
#9104 = SURFACE_CURVE('',#9105,(#9109,#9116),.PCURVE_S1.);
#9105 = LINE('',#9106,#9107);
#9106 = CARTESIAN_POINT('',(13.858341940874,-54.20788439221,
    42.817461269681));
#9107 = VECTOR('',#9108,1.);
#9108 = DIRECTION('',(1.64473469566E-16,3.86106458461E-15,1.));
#9109 = PCURVE('',#256,#9110);
#9110 = DEFINITIONAL_REPRESENTATION('',(#9111),#9115);
#9111 = LINE('',#9112,#9113);
#9112 = CARTESIAN_POINT('',(-6.370756564606E-15,1.65));
#9113 = VECTOR('',#9114,1.);
#9114 = DIRECTION('',(0.,-1.));
#9115 = ( GEOMETRIC_REPRESENTATION_CONTEXT(2) 
PARAMETRIC_REPRESENTATION_CONTEXT() REPRESENTATION_CONTEXT('2D SPACE',''
  ) );
#9116 = PCURVE('',#7329,#9117);
#9117 = DEFINITIONAL_REPRESENTATION('',(#9118),#9122);
#9118 = LINE('',#9119,#9120);
#9119 = CARTESIAN_POINT('',(13.85,17.15));
#9120 = VECTOR('',#9121,1.);
#9121 = DIRECTION('',(1.479114197289E-31,-1.));
#9122 = ( GEOMETRIC_REPRESENTATION_CONTEXT(2) 
PARAMETRIC_REPRESENTATION_CONTEXT() REPRESENTATION_CONTEXT('2D SPACE',''
  ) );
#9123 = ORIENTED_EDGE('',*,*,#292,.T.);
#9124 = ORIENTED_EDGE('',*,*,#9125,.T.);
#9125 = EDGE_CURVE('',#295,#8848,#9126,.T.);
#9126 = SURFACE_CURVE('',#9127,(#9131,#9138),.PCURVE_S1.);
#9127 = LINE('',#9128,#9129);
#9128 = CARTESIAN_POINT('',(13.858341940874,-54.20788439221,
    46.117461269681));
#9129 = VECTOR('',#9130,1.);
#9130 = DIRECTION('',(5.546778314436E-16,-1.,3.86106458461E-15));
#9131 = PCURVE('',#256,#9132);
#9132 = DEFINITIONAL_REPRESENTATION('',(#9133),#9137);
#9133 = LINE('',#9134,#9135);
#9134 = CARTESIAN_POINT('',(6.370756564606E-15,-1.65));
#9135 = VECTOR('',#9136,1.);
#9136 = DIRECTION('',(1.,0.));
#9137 = ( GEOMETRIC_REPRESENTATION_CONTEXT(2) 
PARAMETRIC_REPRESENTATION_CONTEXT() REPRESENTATION_CONTEXT('2D SPACE',''
  ) );
#9138 = PCURVE('',#190,#9139);
#9139 = DEFINITIONAL_REPRESENTATION('',(#9140),#9144);
#9140 = LINE('',#9141,#9142);
#9141 = CARTESIAN_POINT('',(1.65,-0.2));
#9142 = VECTOR('',#9143,1.);
#9143 = DIRECTION('',(6.350426884493E-31,-1.));
#9144 = ( GEOMETRIC_REPRESENTATION_CONTEXT(2) 
PARAMETRIC_REPRESENTATION_CONTEXT() REPRESENTATION_CONTEXT('2D SPACE',''
  ) );
#9145 = ORIENTED_EDGE('',*,*,#8847,.F.);
#9146 = ADVANCED_FACE('',(#9147),#7274,.T.);
#9147 = FACE_BOUND('',#9148,.T.);
#9148 = EDGE_LOOP('',(#9149,#9170));
#9149 = ORIENTED_EDGE('',*,*,#9150,.F.);
#9150 = EDGE_CURVE('',#7235,#7258,#9151,.T.);
#9151 = SURFACE_CURVE('',#9152,(#9156,#9163),.PCURVE_S1.);
#9152 = LINE('',#9153,#9154);
#9153 = CARTESIAN_POINT('',(17.832131948874,-54.00788439221,
    42.817461269681));
#9154 = VECTOR('',#9155,1.);
#9155 = DIRECTION('',(-1.,-5.546778314436E-16,1.64473469566E-16));
#9156 = PCURVE('',#7274,#9157);
#9157 = DEFINITIONAL_REPRESENTATION('',(#9158),#9162);
#9158 = LINE('',#9159,#9160);
#9159 = CARTESIAN_POINT('',(17.823790008,17.15));
#9160 = VECTOR('',#9161,1.);
#9161 = DIRECTION('',(-1.,0.));
#9162 = ( GEOMETRIC_REPRESENTATION_CONTEXT(2) 
PARAMETRIC_REPRESENTATION_CONTEXT() REPRESENTATION_CONTEXT('2D SPACE',''
  ) );
#9163 = PCURVE('',#103,#9164);
#9164 = DEFINITIONAL_REPRESENTATION('',(#9165),#9169);
#9165 = LINE('',#9166,#9167);
#9166 = CARTESIAN_POINT('',(2.634048543618E-15,4.748790008));
#9167 = VECTOR('',#9168,1.);
#9168 = DIRECTION('',(-3.51033443077E-31,-1.));
#9169 = ( GEOMETRIC_REPRESENTATION_CONTEXT(2) 
PARAMETRIC_REPRESENTATION_CONTEXT() REPRESENTATION_CONTEXT('2D SPACE',''
  ) );
#9170 = ORIENTED_EDGE('',*,*,#7257,.F.);
#9171 = ADVANCED_FACE('',(#9172),#7217,.T.);
#9172 = FACE_BOUND('',#9173,.T.);
#9173 = EDGE_LOOP('',(#9174,#9175));
#9174 = ORIENTED_EDGE('',*,*,#9033,.F.);
#9175 = ORIENTED_EDGE('',*,*,#7202,.F.);
#9176 = ADVANCED_FACE('',(#9177),#7433,.T.);
#9177 = FACE_BOUND('',#9178,.T.);
#9178 = EDGE_LOOP('',(#9179,#9200));
#9179 = ORIENTED_EDGE('',*,*,#9180,.F.);
#9180 = EDGE_CURVE('',#7396,#7179,#9181,.T.);
#9181 = SURFACE_CURVE('',#9182,(#9186,#9193),.PCURVE_S1.);
#9182 = LINE('',#9183,#9184);
#9183 = CARTESIAN_POINT('',(13.184551932874,-54.00788439221,
    46.117461269681));
#9184 = VECTOR('',#9185,1.);
#9185 = DIRECTION('',(1.,5.546778314436E-16,-1.64473469566E-16));
#9186 = PCURVE('',#7433,#9187);
#9187 = DEFINITIONAL_REPRESENTATION('',(#9188),#9192);
#9188 = LINE('',#9189,#9190);
#9189 = CARTESIAN_POINT('',(13.176209992,13.85));
#9190 = VECTOR('',#9191,1.);
#9191 = DIRECTION('',(1.,0.));
#9192 = ( GEOMETRIC_REPRESENTATION_CONTEXT(2) 
PARAMETRIC_REPRESENTATION_CONTEXT() REPRESENTATION_CONTEXT('2D SPACE',''
  ) );
#9193 = PCURVE('',#190,#9194);
#9194 = DEFINITIONAL_REPRESENTATION('',(#9195),#9199);
#9195 = LINE('',#9196,#9197);
#9196 = CARTESIAN_POINT('',(2.323790008,1.288954802368E-15));
#9197 = VECTOR('',#9198,1.);
#9198 = DIRECTION('',(-1.,4.339700953352E-32));
#9199 = ( GEOMETRIC_REPRESENTATION_CONTEXT(2) 
PARAMETRIC_REPRESENTATION_CONTEXT() REPRESENTATION_CONTEXT('2D SPACE',''
  ) );
#9200 = ORIENTED_EDGE('',*,*,#7418,.F.);
#9201 = ADVANCED_FACE('',(#9202),#7329,.T.);
#9202 = FACE_BOUND('',#9203,.T.);
#9203 = EDGE_LOOP('',(#9204,#9205,#9206));
#9204 = ORIENTED_EDGE('',*,*,#7312,.F.);
#9205 = ORIENTED_EDGE('',*,*,#7368,.F.);
#9206 = ORIENTED_EDGE('',*,*,#9103,.F.);
#9207 = ADVANCED_FACE('',(#9208),#190,.T.);
#9208 = FACE_BOUND('',#9209,.T.);
#9209 = EDGE_LOOP('',(#9210,#9211,#9212,#9213,#9214,#9215,#9216,#9217,
    #9218));
#9210 = ORIENTED_EDGE('',*,*,#9125,.F.);
#9211 = ORIENTED_EDGE('',*,*,#350,.T.);
#9212 = ORIENTED_EDGE('',*,*,#7395,.F.);
#9213 = ORIENTED_EDGE('',*,*,#9180,.T.);
#9214 = ORIENTED_EDGE('',*,*,#7178,.F.);
#9215 = ORIENTED_EDGE('',*,*,#176,.T.);
#9216 = ORIENTED_EDGE('',*,*,#9011,.T.);
#9217 = ORIENTED_EDGE('',*,*,#8894,.F.);
#9218 = ORIENTED_EDGE('',*,*,#8870,.F.);
#9219 = ADVANCED_FACE('',(#9220),#103,.T.);
#9220 = FACE_BOUND('',#9221,.T.);
#9221 = EDGE_LOOP('',(#9222,#9223,#9224,#9225,#9226,#9227,#9228,#9229,
    #9230));
#9222 = ORIENTED_EDGE('',*,*,#268,.T.);
#9223 = ORIENTED_EDGE('',*,*,#9081,.T.);
#9224 = ORIENTED_EDGE('',*,*,#8658,.F.);
#9225 = ORIENTED_EDGE('',*,*,#8634,.F.);
#9226 = ORIENTED_EDGE('',*,*,#9055,.F.);
#9227 = ORIENTED_EDGE('',*,*,#89,.T.);
#9228 = ORIENTED_EDGE('',*,*,#7234,.F.);
#9229 = ORIENTED_EDGE('',*,*,#9150,.T.);
#9230 = ORIENTED_EDGE('',*,*,#7290,.F.);
#9231 = ADVANCED_FACE('',(#9232),#2771,.T.);
#9232 = FACE_BOUND('',#9233,.T.);
#9233 = EDGE_LOOP('',(#9234,#9253,#9254,#9255,#9256,#9257,#9258));
#9234 = ORIENTED_EDGE('',*,*,#9235,.T.);
#9235 = EDGE_CURVE('',#2684,#8541,#9236,.T.);
#9236 = SEAM_CURVE('',#9237,(#9241,#9247),.PCURVE_S1.);
#9237 = LINE('',#9238,#9239);
#9238 = CARTESIAN_POINT('',(17.158341940874,-55.00788439221,
    44.467461269681));
#9239 = VECTOR('',#9240,1.);
#9240 = DIRECTION('',(-5.546778314436E-16,1.,-3.86106458461E-15));
#9241 = PCURVE('',#2771,#9242);
#9242 = DEFINITIONAL_REPRESENTATION('',(#9243),#9246);
#9243 = B_SPLINE_CURVE_WITH_KNOTS('',1,(#9244,#9245),.UNSPECIFIED.,.F.,
  .F.,(2,2),(2.574180441953E-24,0.6),.PIECEWISE_BEZIER_KNOTS.);
#9244 = CARTESIAN_POINT('',(0.,6.E-02));
#9245 = CARTESIAN_POINT('',(0.,-1.268516541808E-17));
#9246 = ( GEOMETRIC_REPRESENTATION_CONTEXT(2) 
PARAMETRIC_REPRESENTATION_CONTEXT() REPRESENTATION_CONTEXT('2D SPACE',''
  ) );
#9247 = PCURVE('',#2771,#9248);
#9248 = DEFINITIONAL_REPRESENTATION('',(#9249),#9252);
#9249 = B_SPLINE_CURVE_WITH_KNOTS('',1,(#9250,#9251),.UNSPECIFIED.,.F.,
  .F.,(2,2),(2.574180441953E-24,0.6),.PIECEWISE_BEZIER_KNOTS.);
#9250 = CARTESIAN_POINT('',(1.,6.E-02));
#9251 = CARTESIAN_POINT('',(1.,-1.268516541808E-17));
#9252 = ( GEOMETRIC_REPRESENTATION_CONTEXT(2) 
PARAMETRIC_REPRESENTATION_CONTEXT() REPRESENTATION_CONTEXT('2D SPACE',''
  ) );
#9253 = ORIENTED_EDGE('',*,*,#8538,.F.);
#9254 = ORIENTED_EDGE('',*,*,#8709,.F.);
#9255 = ORIENTED_EDGE('',*,*,#8776,.F.);
#9256 = ORIENTED_EDGE('',*,*,#8943,.F.);
#9257 = ORIENTED_EDGE('',*,*,#9235,.F.);
#9258 = ORIENTED_EDGE('',*,*,#2683,.F.);
#9259 = ( GEOMETRIC_REPRESENTATION_CONTEXT(3) 
GLOBAL_UNCERTAINTY_ASSIGNED_CONTEXT((#9263)) 
GLOBAL_UNIT_ASSIGNED_CONTEXT((#9260,#9261,#9262)) REPRESENTATION_CONTEXT
('Context #1','3D Context with UNIT and UNCERTAINTY') );
#9260 = ( LENGTH_UNIT() NAMED_UNIT(*) SI_UNIT(.MILLI.,.METRE.) );
#9261 = ( NAMED_UNIT(*) PLANE_ANGLE_UNIT() SI_UNIT($,.RADIAN.) );
#9262 = ( NAMED_UNIT(*) SI_UNIT($,.STERADIAN.) SOLID_ANGLE_UNIT() );
#9263 = UNCERTAINTY_MEASURE_WITH_UNIT(LENGTH_MEASURE(1.E-04),#9260,
  'distance_accuracy_value','confusion accuracy');
#9264 = PRODUCT_RELATED_PRODUCT_CATEGORY('part',$,(#7));
ENDSEC;
END-ISO-10303-21;
