ISO-10303-21;
HEADER;
FILE_DESCRIPTION(('Open CASCADE Model'),'2;1');
FILE_NAME('Open CASCADE Shape Model','2026-08-13T22:17:03',('Author'),(
    'Open CASCADE'),'Open CASCADE STEP processor 7.9','Open CASCADE 7.9'
  ,'Unknown');
FILE_SCHEMA(('AUTOMOTIVE_DESIGN { 1 0 10303 214 1 1 1 1 }'));
ENDSEC;
DATA;
#1 = APPLICATION_PROTOCOL_DEFINITION('international standard',
  'automotive_design',2000,#2);
#2 = APPLICATION_CONTEXT(
  'core data for automotive mechanical design processes');
#3 = SHAPE_DEFINITION_REPRESENTATION(#4,#10);
#4 = PRODUCT_DEFINITION_SHAPE('','',#5);
#5 = PRODUCT_DEFINITION('design','',#6,#9);
#6 = PRODUCT_DEFINITION_FORMATION('','',#7);
#7 = PRODUCT('Open CASCADE STEP translator 7.9 305',
  'Open CASCADE STEP translator 7.9 305','',(#8));
#8 = PRODUCT_CONTEXT('',#2,'mechanical');
#9 = PRODUCT_DEFINITION_CONTEXT('part definition',#2,'design');
#10 = ADVANCED_BREP_SHAPE_REPRESENTATION('',(#11,#15),#12072);
#11 = AXIS2_PLACEMENT_3D('',#12,#13,#14);
#12 = CARTESIAN_POINT('',(0.,0.,0.));
#13 = DIRECTION('',(0.,0.,1.));
#14 = DIRECTION('',(1.,0.,-0.));
#15 = MANIFOLD_SOLID_BREP('',#16);
#16 = CLOSED_SHELL('',(#17,#109,#6040,#6115,#6199,#6254,#6390,#6465,
    #6610,#6666,#6749,#6824,#6955,#7011,#7147,#7222,#7353,#7409,#7545,
    #7620,#7704,#7759,#7895,#7969,#8100,#8156,#8292,#8365,#8496,#8551,
    #8687,#8762,#8846,#8901,#9037,#9113,#9243,#9298,#9381,#9456,#9587,
    #9642,#9778,#9853,#9937,#9992,#10128,#10204,#10349,#10404,#10487,
    #10538,#10595,#10674,#10700,#10757,#10783,#10840,#10866,#10923,
    #10949,#11006,#11032,#11089,#11115,#11172,#11198,#11255,#11281,
    #11338,#11364,#11421,#11447,#11504,#11530,#11587,#11638,#11770,
    #11826,#11962,#11988));
#17 = ADVANCED_FACE('',(#18),#32,.F.);
#18 = FACE_BOUND('',#19,.F.);
#19 = EDGE_LOOP('',(#20,#50,#77,#78));
#20 = ORIENTED_EDGE('',*,*,#21,.T.);
#21 = EDGE_CURVE('',#22,#24,#26,.T.);
#22 = VERTEX_POINT('',#23);
#23 = CARTESIAN_POINT('',(-1.489691604068,38.821266878093,-4.4));
#24 = VERTEX_POINT('',#25);
#25 = CARTESIAN_POINT('',(-1.489691604068,38.821266878093,-9.4));
#26 = SEAM_CURVE('',#27,(#31,#43),.PCURVE_S1.);
#27 = LINE('',#28,#29);
#28 = CARTESIAN_POINT('',(-1.489691604068,38.821266878093,-1.4));
#29 = VECTOR('',#30,1.);
#30 = DIRECTION('',(0.,0.,-1.));
#31 = PCURVE('',#32,#37);
#32 = CYLINDRICAL_SURFACE('',#33,1.7);
#33 = AXIS2_PLACEMENT_3D('',#34,#35,#36);
#34 = CARTESIAN_POINT('',(1.5587882E-02,38.031245569,-1.4));
#35 = DIRECTION('',(0.,0.,-1.));
#36 = DIRECTION('',(0.885458521217,-0.464718417114,0.));
#37 = DEFINITIONAL_REPRESENTATION('',(#38),#42);
#38 = LINE('',#39,#40);
#39 = CARTESIAN_POINT('',(3.14159265359,0.));
#40 = VECTOR('',#41,1.);
#41 = DIRECTION('',(0.,1.));
#42 = ( GEOMETRIC_REPRESENTATION_CONTEXT(2) 
PARAMETRIC_REPRESENTATION_CONTEXT() REPRESENTATION_CONTEXT('2D SPACE',''
  ) );
#43 = PCURVE('',#32,#44);
#44 = DEFINITIONAL_REPRESENTATION('',(#45),#49);
#45 = LINE('',#46,#47);
#46 = CARTESIAN_POINT('',(-3.14159265359,0.));
#47 = VECTOR('',#48,1.);
#48 = DIRECTION('',(0.,1.));
#49 = ( GEOMETRIC_REPRESENTATION_CONTEXT(2) 
PARAMETRIC_REPRESENTATION_CONTEXT() REPRESENTATION_CONTEXT('2D SPACE',''
  ) );
#50 = ORIENTED_EDGE('',*,*,#51,.T.);
#51 = EDGE_CURVE('',#24,#24,#52,.T.);
#52 = SURFACE_CURVE('',#53,(#58,#65),.PCURVE_S1.);
#53 = CIRCLE('',#54,1.7);
#54 = AXIS2_PLACEMENT_3D('',#55,#56,#57);
#55 = CARTESIAN_POINT('',(1.5587882E-02,38.031245569,-9.4));
#56 = DIRECTION('',(0.,0.,1.));
#57 = DIRECTION('',(1.,0.,-0.));
#58 = PCURVE('',#32,#59);
#59 = DEFINITIONAL_REPRESENTATION('',(#60),#64);
#60 = LINE('',#61,#62);
#61 = CARTESIAN_POINT('',(5.799868730501,8.));
#62 = VECTOR('',#63,1.);
#63 = DIRECTION('',(-1.,0.));
#64 = ( GEOMETRIC_REPRESENTATION_CONTEXT(2) 
PARAMETRIC_REPRESENTATION_CONTEXT() REPRESENTATION_CONTEXT('2D SPACE',''
  ) );
#65 = PCURVE('',#66,#71);
#66 = PLANE('',#67);
#67 = AXIS2_PLACEMENT_3D('',#68,#69,#70);
#68 = CARTESIAN_POINT('',(1.5587882E-02,38.031245569,-9.4));
#69 = DIRECTION('',(0.,0.,1.));
#70 = DIRECTION('',(-0.885458521217,0.464718417114,0.));
#71 = DEFINITIONAL_REPRESENTATION('',(#72),#76);
#72 = CIRCLE('',#73,1.7);
#73 = AXIS2_PLACEMENT_2D('',#74,#75);
#74 = CARTESIAN_POINT('',(0.,0.));
#75 = DIRECTION('',(-0.885458521217,-0.464718417114));
#76 = ( GEOMETRIC_REPRESENTATION_CONTEXT(2) 
PARAMETRIC_REPRESENTATION_CONTEXT() REPRESENTATION_CONTEXT('2D SPACE',''
  ) );
#77 = ORIENTED_EDGE('',*,*,#21,.F.);
#78 = ORIENTED_EDGE('',*,*,#79,.T.);
#79 = EDGE_CURVE('',#22,#22,#80,.T.);
#80 = SURFACE_CURVE('',#81,(#86,#93),.PCURVE_S1.);
#81 = CIRCLE('',#82,1.7);
#82 = AXIS2_PLACEMENT_3D('',#83,#84,#85);
#83 = CARTESIAN_POINT('',(1.5587882E-02,38.031245569,-4.4));
#84 = DIRECTION('',(0.,0.,-1.));
#85 = DIRECTION('',(1.,0.,0.));
#86 = PCURVE('',#32,#87);
#87 = DEFINITIONAL_REPRESENTATION('',(#88),#92);
#88 = LINE('',#89,#90);
#89 = CARTESIAN_POINT('',(-6.766501883858,3.));
#90 = VECTOR('',#91,1.);
#91 = DIRECTION('',(1.,0.));
#92 = ( GEOMETRIC_REPRESENTATION_CONTEXT(2) 
PARAMETRIC_REPRESENTATION_CONTEXT() REPRESENTATION_CONTEXT('2D SPACE',''
  ) );
#93 = PCURVE('',#94,#99);
#94 = PLANE('',#95);
#95 = AXIS2_PLACEMENT_3D('',#96,#97,#98);
#96 = CARTESIAN_POINT('',(1.162E-06,50.000000031,-4.4));
#97 = DIRECTION('',(0.,0.,1.));
#98 = DIRECTION('',(-1.,0.,0.));
#99 = DEFINITIONAL_REPRESENTATION('',(#100),#108);
#100 = ( BOUNDED_CURVE() B_SPLINE_CURVE(2,(#101,#102,#103,#104,#105,#106
,#107),.UNSPECIFIED.,.T.,.F.) B_SPLINE_CURVE_WITH_KNOTS((1,2,2,2,2,1),(
    -2.094395102393,0.,2.094395102393,4.188790204786,6.28318530718,
8.377580409573),.UNSPECIFIED.) CURVE() GEOMETRIC_REPRESENTATION_ITEM() 
RATIONAL_B_SPLINE_CURVE((1.,0.5,1.,0.5,1.,0.5,1.)) REPRESENTATION_ITEM(
  '') );
#101 = CARTESIAN_POINT('',(-1.71558672,11.968754462));
#102 = CARTESIAN_POINT('',(-1.71558672,14.913240834867));
#103 = CARTESIAN_POINT('',(0.83441328,13.440997648434));
#104 = CARTESIAN_POINT('',(3.38441328,11.968754462));
#105 = CARTESIAN_POINT('',(0.83441328,10.496511275566));
#106 = CARTESIAN_POINT('',(-1.71558672,9.024268089133));
#107 = CARTESIAN_POINT('',(-1.71558672,11.968754462));
#108 = ( GEOMETRIC_REPRESENTATION_CONTEXT(2) 
PARAMETRIC_REPRESENTATION_CONTEXT() REPRESENTATION_CONTEXT('2D SPACE',''
  ) );
#109 = ADVANCED_FACE('',(#110,#6037),#66,.F.);
#110 = FACE_BOUND('',#111,.T.);
#111 = EDGE_LOOP('',(#112,#173,#330,#390,#535,#582,#611,#670,#735,#795,
    #940,#999,#1028,#1087,#1232,#1292,#1358,#1417,#1446,#1505,#1662,
    #1722,#1867,#1926,#1955,#2014,#2080,#2134,#2279,#2338,#2367,#2426,
    #2571,#2631,#2697,#2756,#2785,#2844,#2989,#3049,#3194,#3253,#3282,
    #3341,#3498,#3558,#3703,#3762,#3791,#3850,#3995,#4055,#4121,#4180,
    #4209,#4268,#4413,#4473,#4618,#4677,#4706,#4765,#4910,#4970,#5115,
    #5174,#5203,#5262,#5328,#5388,#5533,#5592,#5621,#5680,#5825,#5885,
    #5951,#6010));
#112 = ORIENTED_EDGE('',*,*,#113,.F.);
#113 = EDGE_CURVE('',#114,#116,#118,.T.);
#114 = VERTEX_POINT('',#115);
#115 = CARTESIAN_POINT('',(-5.5453007,39.9755723,-9.4));
#116 = VERTEX_POINT('',#117);
#117 = CARTESIAN_POINT('',(-4.940219622,39.764009832,-9.4));
#118 = SURFACE_CURVE('',#119,(#123,#130),.PCURVE_S1.);
#119 = LINE('',#120,#121);
#120 = CARTESIAN_POINT('',(-5.5453007,39.9755723,-9.4));
#121 = VECTOR('',#122,1.);
#122 = DIRECTION('',(0.943963333891,-0.330050335962,0.));
#123 = PCURVE('',#66,#124);
#124 = DEFINITIONAL_REPRESENTATION('',(#125),#129);
#125 = LINE('',#126,#127);
#126 = CARTESIAN_POINT('',(5.827500621251,0.86262666758));
#127 = VECTOR('',#128,1.);
#128 = DIRECTION('',(-0.989220847406,-0.146431263931));
#129 = ( GEOMETRIC_REPRESENTATION_CONTEXT(2) 
PARAMETRIC_REPRESENTATION_CONTEXT() REPRESENTATION_CONTEXT('2D SPACE',''
  ) );
#130 = PCURVE('',#131,#168);
#131 = B_SPLINE_SURFACE_WITH_KNOTS('',3,3,(
    (#132,#133,#134,#135,#136,#137)
    ,(#138,#139,#140,#141,#142,#143)
    ,(#144,#145,#146,#147,#148,#149)
    ,(#150,#151,#152,#153,#154,#155)
    ,(#156,#157,#158,#159,#160,#161)
    ,(#162,#163,#164,#165,#166,#167
  )),.UNSPECIFIED.,.F.,.F.,.F.,(4,2,4),(4,2,4),(0.,0.865047346,
    0.86521622964),(0.,0.5,0.625000001),.UNSPECIFIED.);
#132 = CARTESIAN_POINT('',(-5.5453007,39.9755723,-9.4));
#133 = CARTESIAN_POINT('',(-5.775810636,39.316980388,-8.066666667));
#134 = CARTESIAN_POINT('',(-5.88763881,38.617287516,-6.733333333));
#135 = CARTESIAN_POINT('',(-5.871125343,37.745304869,-5.066666663));
#136 = CARTESIAN_POINT('',(-5.860008334,37.57107265,-4.733333326));
#137 = CARTESIAN_POINT('',(-5.841201829,37.397675619,-4.399999989));
#138 = CARTESIAN_POINT('',(-5.343607007,39.905051478,-9.4));
#139 = CARTESIAN_POINT('',(-5.565756337,39.270346725,-8.066666667));
#140 = CARTESIAN_POINT('',(-5.673531115,38.596033187,-6.733333333));
#141 = CARTESIAN_POINT('',(-5.657616558,37.755675531,-5.066666663));
#142 = CARTESIAN_POINT('',(-5.646902598,37.58776254,-4.733333326));
#143 = CARTESIAN_POINT('',(-5.628777962,37.420654562,-4.399999989));
#144 = CARTESIAN_POINT('',(-5.141913314,39.834530655,-9.4));
#145 = CARTESIAN_POINT('',(-5.355713208,39.223714278,-8.066666667));
#146 = CARTESIAN_POINT('',(-5.459416573,38.574775103,-6.733333333));
#147 = CARTESIAN_POINT('',(-5.444101016,37.766047291,-5.066666663));
#148 = CARTESIAN_POINT('',(-5.433791232,37.604453903,-4.733333326));
#149 = CARTESIAN_POINT('',(-5.416349972,37.44363502,-4.399999989));
#150 = CARTESIAN_POINT('',(-4.940180245269,39.763996064224,-9.4));
#151 = CARTESIAN_POINT('',(-5.145606737246,39.177070295291,-8.066666667)
  );
#152 = CARTESIAN_POINT('',(-5.245265298158,38.553515632875,-6.733333333)
  );
#153 = CARTESIAN_POINT('',(-5.23054879239,37.776420267177,-5.066666663)
  );
#154 = CARTESIAN_POINT('',(-5.220641554266,37.621147568139,-4.733333326)
  );
#155 = CARTESIAN_POINT('',(-5.203881593903,37.466619139584,-4.399999989)
  );
#156 = CARTESIAN_POINT('',(-4.940140867343,39.763982296455,-9.4));
#157 = CARTESIAN_POINT('',(-5.145565726579,39.17706119175,-8.066666667)
  );
#158 = CARTESIAN_POINT('',(-5.245223497288,38.553511483862,-6.733333333)
  );
#159 = CARTESIAN_POINT('',(-5.230507108813,37.776422291244,-5.066666663)
  );
#160 = CARTESIAN_POINT('',(-5.220599948424,37.621150826209,-4.733333326)
  );
#161 = CARTESIAN_POINT('',(-5.203840121829,37.466623626219,-4.399999989)
  );
#162 = CARTESIAN_POINT('',(-4.940101490845,39.763968528682,-9.4));
#163 = CARTESIAN_POINT('',(-5.145524715862,39.177052086797,-8.066666667)
  );
#164 = CARTESIAN_POINT('',(-5.24518169775,38.553507333469,-6.733333333)
  );
#165 = CARTESIAN_POINT('',(-5.230465423901,37.77642431669,-5.066666663)
  );
#166 = CARTESIAN_POINT('',(-5.22055834396,37.621154085635,-4.733333326)
  );
#167 = CARTESIAN_POINT('',(-5.203798649742,37.466628111509,-4.399999989)
  );
#168 = DEFINITIONAL_REPRESENTATION('',(#169),#172);
#169 = B_SPLINE_CURVE_WITH_KNOTS('',1,(#170,#171),.UNSPECIFIED.,.F.,.F.,
  (2,2),(0.,0.641000615304),.PIECEWISE_BEZIER_KNOTS.);
#170 = CARTESIAN_POINT('',(-8.951895445787E-16,-1.767700864953E-16));
#171 = CARTESIAN_POINT('',(0.865047346059,2.326606370685E-11));
#172 = ( GEOMETRIC_REPRESENTATION_CONTEXT(2) 
PARAMETRIC_REPRESENTATION_CONTEXT() REPRESENTATION_CONTEXT('2D SPACE',''
  ) );
#173 = ORIENTED_EDGE('',*,*,#174,.F.);
#174 = EDGE_CURVE('',#175,#114,#177,.T.);
#175 = VERTEX_POINT('',#176);
#176 = CARTESIAN_POINT('',(-6.714914826,41.340374353,-9.4));
#177 = SURFACE_CURVE('',#178,(#231,#287),.PCURVE_S1.);
#178 = B_SPLINE_CURVE_WITH_KNOTS('',3,(#179,#180,#181,#182,#183,#184,
    #185,#186,#187,#188,#189,#190,#191,#192,#193,#194,#195,#196,#197,
    #198,#199,#200,#201,#202,#203,#204,#205,#206,#207,#208,#209,#210,
    #211,#212,#213,#214,#215,#216,#217,#218,#219,#220,#221,#222,#223,
    #224,#225,#226,#227,#228,#229,#230),.UNSPECIFIED.,.F.,.F.,(4,3,3,3,3
    ,3,3,3,3,3,3,3,3,3,3,3,3,4),(0.,2.28581E-04,4.57162E-04,
    6.046494643109E-04,7.472377191058E-04,8.654451862178E-04,9.14323E-04
    ,1.021576735673E-03,1.145708493705E-03,1.277599557301E-03,
    1.33478570509E-03,1.37064964261E-03,1.405214386374E-03,
    1.511072539781E-03,1.605348515581E-03,1.69484113659E-03,
    1.778306977728E-03,1.828647E-03),.UNSPECIFIED.);
#179 = CARTESIAN_POINT('',(-6.714914826,41.340374353,-9.4));
#180 = CARTESIAN_POINT('',(-6.681907106885,41.271450797555,
    -9.399999999933));
#181 = CARTESIAN_POINT('',(-6.647299759153,41.203459350727,
    -9.399999999885));
#182 = CARTESIAN_POINT('',(-6.610958859832,41.136460203384,
    -9.399999999865));
#183 = CARTESIAN_POINT('',(-6.574617960511,41.069461056041,
    -9.399999999845));
#184 = CARTESIAN_POINT('',(-6.536543526299,41.003453527606,
    -9.399999999855));
#185 = CARTESIAN_POINT('',(-6.496574550709,40.938548652376,
    -9.399999999903));
#186 = CARTESIAN_POINT('',(-6.470785343116,40.896670038366,
    -9.399999999934));
#187 = CARTESIAN_POINT('',(-6.444016507794,40.85495168219,
    -9.399999999956));
#188 = CARTESIAN_POINT('',(-6.416419600328,40.813784032007,
    -9.39999999997));
#189 = CARTESIAN_POINT('',(-6.389739401495,40.773983880712,
    -9.399999999984));
#190 = CARTESIAN_POINT('',(-6.362285374719,40.734698738311,
    -9.399999999991));
#191 = CARTESIAN_POINT('',(-6.334225035998,40.696244238117,
    -9.399999999995));
#192 = CARTESIAN_POINT('',(-6.310962660206,40.664364970967,
    -9.399999999999));
#193 = CARTESIAN_POINT('',(-6.287284145027,40.633056016132,-9.4));
#194 = CARTESIAN_POINT('',(-6.263300573698,40.602474870048,-9.4));
#195 = CARTESIAN_POINT('',(-6.253383564545,40.589829818089,-9.4));
#196 = CARTESIAN_POINT('',(-6.243305713389,40.577145275539,-9.4));
#197 = CARTESIAN_POINT('',(-6.233082319158,40.564454405743,-9.4));
#198 = CARTESIAN_POINT('',(-6.210648884893,40.536606531847,-9.4));
#199 = CARTESIAN_POINT('',(-6.187741733109,40.509009210909,-9.4));
#200 = CARTESIAN_POINT('',(-6.164386589504,40.481787535703,-9.4));
#201 = CARTESIAN_POINT('',(-6.137356155397,40.450282111872,-9.4));
#202 = CARTESIAN_POINT('',(-6.109726156206,40.419278703815,-9.4));
#203 = CARTESIAN_POINT('',(-6.081483019455,40.388924428355,-9.4));
#204 = CARTESIAN_POINT('',(-6.051474443049,40.35667274886,-9.4));
#205 = CARTESIAN_POINT('',(-6.020773357483,40.325150997575,-9.4));
#206 = CARTESIAN_POINT('',(-5.989306680056,40.294520414917,-9.4));
#207 = CARTESIAN_POINT('',(-5.975663162317,40.28123941635,-9.4));
#208 = CARTESIAN_POINT('',(-5.961875052818,40.268126038515,-9.4));
#209 = CARTESIAN_POINT('',(-5.94793361727,40.255194823769,-9.4));
#210 = CARTESIAN_POINT('',(-5.939190332527,40.247085092731,-9.4));
#211 = CARTESIAN_POINT('',(-5.930386712037,40.239047033234,-9.4));
#212 = CARTESIAN_POINT('',(-5.921520312195,40.231084590536,-9.4));
#213 = CARTESIAN_POINT('',(-5.91297510328,40.223410592346,-9.4));
#214 = CARTESIAN_POINT('',(-5.90437874565,40.215813265395,-9.4));
#215 = CARTESIAN_POINT('',(-5.895728666412,40.208295655173,-9.4));
#216 = CARTESIAN_POINT('',(-5.869236891406,40.185272185318,-9.4));
#217 = CARTESIAN_POINT('',(-5.842239243016,40.162989702581,-9.4));
#218 = CARTESIAN_POINT('',(-5.814615801502,40.141535099462,-9.4));
#219 = CARTESIAN_POINT('',(-5.79001470258,40.122427892512,-9.4));
#220 = CARTESIAN_POINT('',(-5.764916797299,40.103977029886,-9.4));
#221 = CARTESIAN_POINT('',(-5.739226009923,40.086284665629,-9.4));
#222 = CARTESIAN_POINT('',(-5.714838716357,40.069489972858,-9.4));
#223 = CARTESIAN_POINT('',(-5.68991695901,40.053378266444,-9.4));
#224 = CARTESIAN_POINT('',(-5.664372062467,40.038081724218,-9.4));
#225 = CARTESIAN_POINT('',(-5.640547458241,40.023815310417,-9.4));
#226 = CARTESIAN_POINT('',(-5.616180654074,40.010257744119,-9.4));
#227 = CARTESIAN_POINT('',(-5.591196550876,39.997560916963,-9.4));
#228 = CARTESIAN_POINT('',(-5.576128107375,39.989903190723,-9.4));
#229 = CARTESIAN_POINT('',(-5.560835066741,39.982559437348,-9.4));
#230 = CARTESIAN_POINT('',(-5.5453007,39.9755723,-9.4));
#231 = PCURVE('',#66,#232);
#232 = DEFINITIONAL_REPRESENTATION('',(#233),#286);
#233 = B_SPLINE_CURVE_WITH_KNOTS('',3,(#234,#235,#236,#237,#238,#239,
    #240,#241,#242,#243,#244,#245,#246,#247,#248,#249,#250,#251,#252,
    #253,#254,#255,#256,#257,#258,#259,#260,#261,#262,#263,#264,#265,
    #266,#267,#268,#269,#270,#271,#272,#273,#274,#275,#276,#277,#278,
    #279,#280,#281,#282,#283,#284,#285),.UNSPECIFIED.,.F.,.F.,(4,3,3,3,3
    ,3,3,3,3,3,3,3,3,3,3,3,3,4),(0.,2.28581E-04,4.57162E-04,
    6.046494643109E-04,7.472377191058E-04,8.654451862178E-04,9.14323E-04
    ,1.021576735673E-03,1.145708493705E-03,1.277599557301E-03,
    1.33478570509E-03,1.37064964261E-03,1.405214386374E-03,
    1.511072539781E-03,1.605348515581E-03,1.69484113659E-03,
    1.778306977728E-03,1.828647E-03),.UNSPECIFIED.);
#234 = CARTESIAN_POINT('',(7.497394065397,0.197692285245));
#235 = CARTESIAN_POINT('',(7.436137053652,0.243381939746));
#236 = CARTESIAN_POINT('',(7.373896805159,0.287502873852));
#237 = CARTESIAN_POINT('',(7.310582708485,0.329939554572));
#238 = CARTESIAN_POINT('',(7.247268611811,0.372376235293));
#239 = CARTESIAN_POINT('',(7.182880365466,0.41312927301));
#240 = CARTESIAN_POINT('',(7.117327004566,0.452025528781));
#241 = CARTESIAN_POINT('',(7.075029967733,0.477122584681));
#242 = CARTESIAN_POINT('',(7.031939985948,0.501622487871));
#243 = CARTESIAN_POINT('',(6.988372703844,0.525249943369));
#244 = CARTESIAN_POINT('',(6.946252631128,0.548092546708));
#245 = CARTESIAN_POINT('',(6.903686699986,0.570119518938));
#246 = CARTESIAN_POINT('',(6.860969919495,0.59112922762));
#247 = CARTESIAN_POINT('',(6.825557168058,0.608546541911));
#248 = CARTESIAN_POINT('',(6.790040977091,0.625265480667));
#249 = CARTESIAN_POINT('',(6.754592897687,0.641198209751));
#250 = CARTESIAN_POINT('',(6.739935408897,0.647786261963));
#251 = CARTESIAN_POINT('',(6.725117149179,0.654334535214));
#252 = CARTESIAN_POINT('',(6.710167076719,0.660820774432));
#253 = CARTESIAN_POINT('',(6.677361781311,0.675053681609));
#254 = CARTESIAN_POINT('',(6.644253465264,0.688844589278));
#255 = CARTESIAN_POINT('',(6.610923040532,0.702094688184));
#256 = CARTESIAN_POINT('',(6.572347561627,0.717429893629));
#257 = CARTESIAN_POINT('',(6.533474488684,0.73204195599));
#258 = CARTESIAN_POINT('',(6.494360171738,0.745794302046));
#259 = CARTESIAN_POINT('',(6.452800872606,0.760406288351));
#260 = CARTESIAN_POINT('',(6.410967596419,0.774050131742));
#261 = CARTESIAN_POINT('',(6.368870562869,0.786549097641));
#262 = CARTESIAN_POINT('',(6.350617869195,0.791968477025));
#263 = CARTESIAN_POINT('',(6.332315041958,0.797172240749));
#264 = CARTESIAN_POINT('',(6.313961105405,0.802143453175));
#265 = CARTESIAN_POINT('',(6.302450548055,0.805261118182));
#266 = CARTESIAN_POINT('',(6.290919872988,0.808287281879));
#267 = CARTESIAN_POINT('',(6.279368749929,0.811217315316));
#268 = CARTESIAN_POINT('',(6.268236073587,0.814041206443));
#269 = CARTESIAN_POINT('',(6.257093737718,0.81677343862));
#270 = CARTESIAN_POINT('',(6.245940879424,0.819410119519));
#271 = CARTESIAN_POINT('',(6.211784081035,0.827485231343));
#272 = CARTESIAN_POINT('',(6.177523703109,0.83466914113));
#273 = CARTESIAN_POINT('',(6.143093942234,0.840829180266));
#274 = CARTESIAN_POINT('',(6.112431218593,0.846315235726));
#275 = CARTESIAN_POINT('',(6.081633608823,0.850989250446));
#276 = CARTESIAN_POINT('',(6.050663514712,0.854716123095));
#277 = CARTESIAN_POINT('',(6.021264774774,0.858253902456));
#278 = CARTESIAN_POINT('',(5.991710185665,0.860938550566));
#279 = CARTESIAN_POINT('',(5.961982654457,0.862611820339));
#280 = CARTESIAN_POINT('',(5.934257090392,0.864172405641));
#281 = CARTESIAN_POINT('',(5.906380845257,0.864853365585));
#282 = CARTESIAN_POINT('',(5.878358008767,0.864485306491));
#283 = CARTESIAN_POINT('',(5.861456840651,0.864263322231));
#284 = CARTESIAN_POINT('',(5.844502710062,0.863658953599));
#285 = CARTESIAN_POINT('',(5.827500621251,0.86262666758));
#286 = ( GEOMETRIC_REPRESENTATION_CONTEXT(2) 
PARAMETRIC_REPRESENTATION_CONTEXT() REPRESENTATION_CONTEXT('2D SPACE',''
  ) );
#287 = PCURVE('',#288,#325);
#288 = B_SPLINE_SURFACE_WITH_KNOTS('',3,3,(
    (#289,#290,#291,#292,#293,#294)
    ,(#295,#296,#297,#298,#299,#300)
    ,(#301,#302,#303,#304,#305,#306)
    ,(#307,#308,#309,#310,#311,#312)
    ,(#313,#314,#315,#316,#317,#318)
    ,(#319,#320,#321,#322,#323,#324
  )),.UNSPECIFIED.,.F.,.F.,.F.,(4,2,4),(4,2,4),(0.,0.475892875,1.),(0.,
    0.5,0.625),.UNSPECIFIED.);
#289 = CARTESIAN_POINT('',(-6.714914826,41.340374353,-9.4));
#290 = CARTESIAN_POINT('',(-7.107124908,40.543298118,-8.066666667));
#291 = CARTESIAN_POINT('',(-7.355629275,39.676097052,-6.733333333));
#292 = CARTESIAN_POINT('',(-7.468314889,38.571485197,-5.066666667));
#293 = CARTESIAN_POINT('',(-7.480950555,38.349573612,-4.733333333));
#294 = CARTESIAN_POINT('',(-7.48373973,38.127539841,-4.4));
#295 = CARTESIAN_POINT('',(-6.585304863,41.069735251,-9.4));
#296 = CARTESIAN_POINT('',(-6.945078855,40.288565289,-8.066666667));
#297 = CARTESIAN_POINT('',(-7.164664952,39.441885308,-6.733333333));
#298 = CARTESIAN_POINT('',(-7.246491282,38.369257401,-5.066666667));
#299 = CARTESIAN_POINT('',(-7.253233232,38.154053597,-4.733333333));
#300 = CARTESIAN_POINT('',(-7.25043167,37.93898138,-4.4));
#301 = CARTESIAN_POINT('',(-6.434410293,40.820654692,-9.4));
#302 = CARTESIAN_POINT('',(-6.765402085,40.05670279,-8.066666667));
#303 = CARTESIAN_POINT('',(-6.957940045,39.233888483,-6.733333333));
#304 = CARTESIAN_POINT('',(-7.013001297,38.194914231,-5.066666667));
#305 = CARTESIAN_POINT('',(-7.014706883,37.986641508,-4.733333333));
#306 = CARTESIAN_POINT('',(-7.007190752,37.778705648,-4.4));
#307 = CARTESIAN_POINT('',(-6.074855174,40.362190543,-9.4));
#308 = CARTESIAN_POINT('',(-6.350723534,39.640968953,-8.066666667));
#309 = CARTESIAN_POINT('',(-6.497634055,38.870217843,-6.733333333));
#310 = CARTESIAN_POINT('',(-6.507358289,37.904911073,-5.066666667));
#311 = CARTESIAN_POINT('',(-6.500657339,37.711779882,-4.733333333));
#312 = CARTESIAN_POINT('',(-6.485428059,37.519321273,-4.4));
#313 = CARTESIAN_POINT('',(-5.822602031,40.100298497,-9.4));
#314 = CARTESIAN_POINT('',(-6.067313898,39.410715681,-8.066666667));
#315 = CARTESIAN_POINT('',(-6.188495087,38.673700354,-6.733333333));
#316 = CARTESIAN_POINT('',(-6.175142077,37.75686741,-5.066666667));
#317 = CARTESIAN_POINT('',(-6.16426124,37.573748345,-4.733333333));
#318 = CARTESIAN_POINT('',(-6.145288417,37.391497314,-4.4));
#319 = CARTESIAN_POINT('',(-5.5453007,39.9755723,-9.4));
#320 = CARTESIAN_POINT('',(-5.775810636,39.316980388,-8.066666667));
#321 = CARTESIAN_POINT('',(-5.887637823,38.617287424,-6.733333333));
#322 = CARTESIAN_POINT('',(-5.871124359,37.745304917,-5.066666667));
#323 = CARTESIAN_POINT('',(-5.860007412,37.571072713,-4.733333333));
#324 = CARTESIAN_POINT('',(-5.841201,37.397675687,-4.4));
#325 = DEFINITIONAL_REPRESENTATION('',(#326),#329);
#326 = B_SPLINE_CURVE_WITH_KNOTS('',1,(#327,#328),.UNSPECIFIED.,.F.,.F.,
  (2,2),(0.,1.828647E-03),.PIECEWISE_BEZIER_KNOTS.);
#327 = CARTESIAN_POINT('',(-1.046962684613E-15,-1.189204987979E-16));
#328 = CARTESIAN_POINT('',(1.,-4.489088093969E-16));
#329 = ( GEOMETRIC_REPRESENTATION_CONTEXT(2) 
PARAMETRIC_REPRESENTATION_CONTEXT() REPRESENTATION_CONTEXT('2D SPACE',''
  ) );
#330 = ORIENTED_EDGE('',*,*,#331,.F.);
#331 = EDGE_CURVE('',#332,#175,#334,.T.);
#332 = VERTEX_POINT('',#333);
#333 = CARTESIAN_POINT('',(-6.531172335,41.690470987,-9.4));
#334 = SURFACE_CURVE('',#335,(#340,#347),.PCURVE_S1.);
#335 = CIRCLE('',#336,7.499994120215);
#336 = AXIS2_PLACEMENT_3D('',#337,#338,#339);
#337 = CARTESIAN_POINT('',(1.558266602688E-02,38.031248288149,-9.4));
#338 = DIRECTION('',(0.,0.,1.));
#339 = DIRECTION('',(-0.89740036914,0.441217154548,0.));
#340 = PCURVE('',#66,#341);
#341 = DEFINITIONAL_REPRESENTATION('',(#342),#346);
#342 = CIRCLE('',#343,7.499994120215);
#343 = AXIS2_PLACEMENT_2D('',#344,#345);
#344 = CARTESIAN_POINT('',(5.882166646735E-06,1.626476346361E-08));
#345 = DIRECTION('',(0.999652541463,2.635898986209E-02));
#346 = ( GEOMETRIC_REPRESENTATION_CONTEXT(2) 
PARAMETRIC_REPRESENTATION_CONTEXT() REPRESENTATION_CONTEXT('2D SPACE',''
  ) );
#347 = PCURVE('',#348,#385);
#348 = B_SPLINE_SURFACE_WITH_KNOTS('',3,3,(
    (#349,#350,#351,#352,#353,#354)
    ,(#355,#356,#357,#358,#359,#360)
    ,(#361,#362,#363,#364,#365,#366)
    ,(#367,#368,#369,#370,#371,#372)
    ,(#373,#374,#375,#376,#377,#378)
    ,(#379,#380,#381,#382,#383,#384
  )),.UNSPECIFIED.,.F.,.F.,.F.,(4,2,4),(4,2,4),(0.,0.5,1.),(0.,0.5,
    0.625000001),.UNSPECIFIED.);
#349 = CARTESIAN_POINT('',(-6.531172335,41.690470987,-9.4));
#350 = CARTESIAN_POINT('',(-6.964843025,40.915171686,-8.066666667));
#351 = CARTESIAN_POINT('',(-7.258703244,40.062271762,-6.733333333));
#352 = CARTESIAN_POINT('',(-7.429444902,38.965133353,-5.066666665));
#353 = CARTESIAN_POINT('',(-7.453757667,38.744196029,-4.73333333));
#354 = CARTESIAN_POINT('',(-7.468244062,38.522617782,-4.399999995));
#355 = CARTESIAN_POINT('',(-6.563327199,41.63294237,-9.4));
#356 = CARTESIAN_POINT('',(-6.990168138,40.853825454,-8.066666667));
#357 = CARTESIAN_POINT('',(-7.276550304,39.998348661,-6.733333333));
#358 = CARTESIAN_POINT('',(-7.437651207,38.899712636,-5.066666665));
#359 = CARTESIAN_POINT('',(-7.46002141,38.678561996,-4.73333333));
#360 = CARTESIAN_POINT('',(-7.47255932,38.456856612,-4.399999995));
#361 = CARTESIAN_POINT('',(-6.594723734,41.574989895,-9.4));
#362 = CARTESIAN_POINT('',(-7.014718609,40.792158624,-8.066666667));
#363 = CARTESIAN_POINT('',(-7.29355586,39.934192422,-6.733333333));
#364 = CARTESIAN_POINT('',(-7.444995289,38.834180292,-5.066666665));
#365 = CARTESIAN_POINT('',(-7.465422268,38.612841301,-4.73333333));
#366 = CARTESIAN_POINT('',(-7.476012785,38.391034184,-4.399999995));
#367 = CARTESIAN_POINT('',(-6.655978326,41.458277499,-9.4));
#368 = CARTESIAN_POINT('',(-7.062151283,40.668186709,-8.066666667));
#369 = CARTESIAN_POINT('',(-7.325867132,39.805454049,-6.733333333));
#370 = CARTESIAN_POINT('',(-7.457953488,38.702950633,-5.066666665));
#371 = CARTESIAN_POINT('',(-7.474487782,38.481286788,-4.73333333));
#372 = CARTESIAN_POINT('',(-7.48117884,38.259327696,-4.399999995));
#373 = CARTESIAN_POINT('',(-6.685836381,41.399517579,-9.4));
#374 = CARTESIAN_POINT('',(-7.085033485,40.605881625,-8.066666667));
#375 = CARTESIAN_POINT('',(-7.341176177,39.740867579,-6.733333333));
#376 = CARTESIAN_POINT('',(-7.463567526,38.637248544,-5.066666665));
#377 = CARTESIAN_POINT('',(-7.478151982,38.415448446,-4.73333333));
#378 = CARTESIAN_POINT('',(-7.482890789,38.193439534,-4.399999995));
#379 = CARTESIAN_POINT('',(-6.714914826,41.340374353,-9.4));
#380 = CARTESIAN_POINT('',(-7.107124908,40.543298118,-8.066666667));
#381 = CARTESIAN_POINT('',(-7.355629275,39.676097052,-6.733333333));
#382 = CARTESIAN_POINT('',(-7.468314889,38.571485196,-5.066666665));
#383 = CARTESIAN_POINT('',(-7.480950555,38.34957361,-4.73333333));
#384 = CARTESIAN_POINT('',(-7.48373973,38.127539838,-4.399999995));
#385 = DEFINITIONAL_REPRESENTATION('',(#386),#389);
#386 = B_SPLINE_CURVE_WITH_KNOTS('',1,(#387,#388),.UNSPECIFIED.,.F.,.F.,
  (2,2),(6.23046121691,6.28318530718),.PIECEWISE_BEZIER_KNOTS.);
#387 = CARTESIAN_POINT('',(1.409503981959E-14,-1.806636615345E-16));
#388 = CARTESIAN_POINT('',(1.,-1.596473751726E-16));
#389 = ( GEOMETRIC_REPRESENTATION_CONTEXT(2) 
PARAMETRIC_REPRESENTATION_CONTEXT() REPRESENTATION_CONTEXT('2D SPACE',''
  ) );
#390 = ORIENTED_EDGE('',*,*,#391,.F.);
#391 = EDGE_CURVE('',#392,#332,#394,.T.);
#392 = VERTEX_POINT('',#393);
#393 = CARTESIAN_POINT('',(-4.743543703,41.503212565,-9.4));
#394 = SURFACE_CURVE('',#395,(#442,#492),.PCURVE_S1.);
#395 = B_SPLINE_CURVE_WITH_KNOTS('',3,(#396,#397,#398,#399,#400,#401,
    #402,#403,#404,#405,#406,#407,#408,#409,#410,#411,#412,#413,#414,
    #415,#416,#417,#418,#419,#420,#421,#422,#423,#424,#425,#426,#427,
    #428,#429,#430,#431,#432,#433,#434,#435,#436,#437,#438,#439,#440,
    #441),.UNSPECIFIED.,.F.,.F.,(4,3,3,3,3,3,3,3,3,3,3,3,3,3,3,4),(0.,
    8.233575309174E-05,1.688505154768E-04,2.62722978022E-04,
    3.66311324364E-04,4.53646E-04,5.833634533862E-04,7.103065821309E-04,
    8.20646190269E-04,9.07292E-04,9.556726383597E-04,1.096538450331E-03,
    1.24196051662E-03,1.360938E-03,1.587761E-03,1.814584E-03),
  .UNSPECIFIED.);
#396 = CARTESIAN_POINT('',(-4.743543703,41.503212565,-9.4));
#397 = CARTESIAN_POINT('',(-4.767564666807,41.517740967002,
    -9.399999999974));
#398 = CARTESIAN_POINT('',(-4.792008807027,41.531181721831,
    -9.399999999954));
#399 = CARTESIAN_POINT('',(-4.816770323367,41.543698493223,
    -9.39999999994));
#400 = CARTESIAN_POINT('',(-4.842788627956,41.556850562188,
    -9.399999999925));
#401 = CARTESIAN_POINT('',(-4.869157766582,41.56898237338,
    -9.399999999916));
#402 = CARTESIAN_POINT('',(-4.895801159212,41.580249157066,
    -9.39999999991));
#403 = CARTESIAN_POINT('',(-4.924710455242,41.592474131167,
    -9.399999999905));
#404 = CARTESIAN_POINT('',(-4.953942993358,41.603680755944,
    -9.399999999903));
#405 = CARTESIAN_POINT('',(-4.983448022761,41.614027552557,
    -9.399999999905));
#406 = CARTESIAN_POINT('',(-5.016006849085,41.62544525187,
    -9.399999999906));
#407 = CARTESIAN_POINT('',(-5.048898094102,41.635816090216,
    -9.39999999991));
#408 = CARTESIAN_POINT('',(-5.082101085244,41.645304449537,
    -9.399999999914));
#409 = CARTESIAN_POINT('',(-5.110094315796,41.653304024904,
    -9.399999999917));
#410 = CARTESIAN_POINT('',(-5.138310425247,41.660675281501,
    -9.39999999992));
#411 = CARTESIAN_POINT('',(-5.166753252965,41.667493397646,
    -9.399999999921));
#412 = CARTESIAN_POINT('',(-5.208999143865,41.677620287759,
    -9.399999999923));
#413 = CARTESIAN_POINT('',(-5.251595109479,41.686492290496,
    -9.399999991708));
#414 = CARTESIAN_POINT('',(-5.294459072539,41.694295053915,
    -9.399999981151));
#415 = CARTESIAN_POINT('',(-5.336406285032,41.701930936177,
    -9.399999970819));
#416 = CARTESIAN_POINT('',(-5.378612909116,41.7085416568,-9.399999958245
    ));
#417 = CARTESIAN_POINT('',(-5.42099117688,41.714255043554,
    -9.399999948933));
#418 = CARTESIAN_POINT('',(-5.457826581087,41.719221148154,
    -9.399999940839));
#419 = CARTESIAN_POINT('',(-5.494792676983,41.723508222756,
    -9.399999935209));
#420 = CARTESIAN_POINT('',(-5.531800329641,41.727180713728,
    -9.39999993566));
#421 = CARTESIAN_POINT('',(-5.560861136408,41.730064591598,
    -9.399999936014));
#422 = CARTESIAN_POINT('',(-5.589947264681,41.732569055038,
    -9.399999940117));
#423 = CARTESIAN_POINT('',(-5.618993141462,41.734720563288,
    -9.399999949721));
#424 = CARTESIAN_POINT('',(-5.635211560619,41.735921906353,
    -9.399999955083));
#425 = CARTESIAN_POINT('',(-5.651341589015,41.737007493611,
    -9.399999959873));
#426 = CARTESIAN_POINT('',(-5.667347516483,41.737983569128,
    -9.39999996414));
#427 = CARTESIAN_POINT('',(-5.713950621478,41.740825525639,
    -9.399999976564));
#428 = CARTESIAN_POINT('',(-5.761162162969,41.742706781399,
    -9.399999984552));
#429 = CARTESIAN_POINT('',(-5.808646229311,41.74362886411,
    -9.399999989304));
#430 = CARTESIAN_POINT('',(-5.8576661508,41.744580771256,-9.39999999421)
  );
#431 = CARTESIAN_POINT('',(-5.906976223567,41.744510409376,
    -9.399999995667));
#432 = CARTESIAN_POINT('',(-5.956187652515,41.743472883406,
    -9.399999994994));
#433 = CARTESIAN_POINT('',(-5.996450125187,41.742624028539,
    -9.399999994444));
#434 = CARTESIAN_POINT('',(-6.036646102166,41.741128878118,
    -9.399999992469));
#435 = CARTESIAN_POINT('',(-6.076555863395,41.739042552157,
    -9.399999989792));
#436 = CARTESIAN_POINT('',(-6.152641283207,41.735065104491,
    -9.399999984688));
#437 = CARTESIAN_POINT('',(-6.228566765627,41.728903731619,
    -9.39999998724));
#438 = CARTESIAN_POINT('',(-6.304331734853,41.720752450613,
    -9.399999991068));
#439 = CARTESIAN_POINT('',(-6.380096704078,41.712601169606,
    -9.399999994896));
#440 = CARTESIAN_POINT('',(-6.455701705501,41.702459584917,-9.4));
#441 = CARTESIAN_POINT('',(-6.531172335,41.690470987,-9.4));
#442 = PCURVE('',#66,#443);
#443 = DEFINITIONAL_REPRESENTATION('',(#444),#491);
#444 = B_SPLINE_CURVE_WITH_KNOTS('',3,(#445,#446,#447,#448,#449,#450,
    #451,#452,#453,#454,#455,#456,#457,#458,#459,#460,#461,#462,#463,
    #464,#465,#466,#467,#468,#469,#470,#471,#472,#473,#474,#475,#476,
    #477,#478,#479,#480,#481,#482,#483,#484,#485,#486,#487,#488,#489,
    #490),.UNSPECIFIED.,.F.,.F.,(4,3,3,3,3,3,3,3,3,3,3,3,3,3,3,4),(0.,
    8.233575309174E-05,1.688505154768E-04,2.62722978022E-04,
    3.66311324364E-04,4.53646E-04,5.833634533862E-04,7.103065821309E-04,
    8.20646190269E-04,9.07292E-04,9.556726383597E-04,1.096538450331E-03,
    1.24196051662E-03,1.360938E-03,1.587761E-03,1.814584E-03),
  .UNSPECIFIED.);
#445 = CARTESIAN_POINT('',(5.827500622182,-0.862626664974));
#446 = CARTESIAN_POINT('',(5.855521805255,-0.864327978048));
#447 = CARTESIAN_POINT('',(5.883412243814,-0.864869566793));
#448 = CARTESIAN_POINT('',(5.911154313645,-0.864445516001));
#449 = CARTESIAN_POINT('',(5.940304451822,-0.863999942213));
#450 = CARTESIAN_POINT('',(5.96929110641,-0.862487933448));
#451 = CARTESIAN_POINT('',(5.998118607328,-0.86008252782));
#452 = CARTESIAN_POINT('',(6.029397760454,-0.857472553019));
#453 = CARTESIAN_POINT('',(6.060489885354,-0.853810655579));
#454 = CARTESIAN_POINT('',(6.091423712001,-0.849260784247));
#455 = CARTESIAN_POINT('',(6.125559217362,-0.844239997164));
#456 = CARTESIAN_POINT('',(6.159502570116,-0.838137777028));
#457 = CARTESIAN_POINT('',(6.193311856878,-0.831109284155));
#458 = CARTESIAN_POINT('',(6.221816251408,-0.825183606537));
#459 = CARTESIAN_POINT('',(6.250226004655,-0.818598002782));
#460 = CARTESIAN_POINT('',(6.278579452968,-0.811417255946));
#461 = CARTESIAN_POINT('',(6.320692589396,-0.800751753541));
#462 = CARTESIAN_POINT('',(6.362532533187,-0.788812414249));
#463 = CARTESIAN_POINT('',(6.404112882397,-0.775801764544));
#464 = CARTESIAN_POINT('',(6.444803934258,-0.763069379368));
#465 = CARTESIAN_POINT('',(6.485248272829,-0.749308702738));
#466 = CARTESIAN_POINT('',(6.525427587183,-0.734673708209));
#467 = CARTESIAN_POINT('',(6.56035164999,-0.721952897108));
#468 = CARTESIAN_POINT('',(6.59507587712,-0.708570098273));
#469 = CARTESIAN_POINT('',(6.629551292708,-0.694623798935));
#470 = CARTESIAN_POINT('',(6.656623622852,-0.683672261048));
#471 = CARTESIAN_POINT('',(6.683542053266,-0.672373000051));
#472 = CARTESIAN_POINT('',(6.710260817877,-0.660779917483));
#473 = CARTESIAN_POINT('',(6.725179841567,-0.654306658858));
#474 = CARTESIAN_POINT('',(6.73996680505,-0.647771980082));
#475 = CARTESIAN_POINT('',(6.754592990186,-0.641198005188));
#476 = CARTESIAN_POINT('',(6.79717881615,-0.622057118612));
#477 = CARTESIAN_POINT('',(6.839856932062,-0.601782819725));
#478 = CARTESIAN_POINT('',(6.882330612044,-0.58053256557));
#479 = CARTESIAN_POINT('',(6.926178088018,-0.558594979542));
#480 = CARTESIAN_POINT('',(6.96980741367,-0.535617378052));
#481 = CARTESIAN_POINT('',(7.012899935348,-0.511829234476));
#482 = CARTESIAN_POINT('',(7.048156206369,-0.492366896131));
#483 = CARTESIAN_POINT('',(7.083053252767,-0.472363191655));
#484 = CARTESIAN_POINT('',(7.117422136829,-0.451969035488));
#485 = CARTESIAN_POINT('',(7.182944226958,-0.413088874699));
#486 = CARTESIAN_POINT('',(7.247309788897,-0.372349264579));
#487 = CARTESIAN_POINT('',(7.3106084761,-0.329922266782));
#488 = CARTESIAN_POINT('',(7.373907163303,-0.287495268985));
#489 = CARTESIAN_POINT('',(7.436139274877,-0.243380279816));
#490 = CARTESIAN_POINT('',(7.497394064621,-0.197692282153));
#491 = ( GEOMETRIC_REPRESENTATION_CONTEXT(2) 
PARAMETRIC_REPRESENTATION_CONTEXT() REPRESENTATION_CONTEXT('2D SPACE',''
  ) );
#492 = PCURVE('',#493,#530);
#493 = B_SPLINE_SURFACE_WITH_KNOTS('',3,3,(
    (#494,#495,#496,#497,#498,#499)
    ,(#500,#501,#502,#503,#504,#505)
    ,(#506,#507,#508,#509,#510,#511)
    ,(#512,#513,#514,#515,#516,#517)
    ,(#518,#519,#520,#521,#522,#523)
    ,(#524,#525,#526,#527,#528,#529
  )),.UNSPECIFIED.,.F.,.F.,.F.,(4,2,4),(4,2,4),(0.,0.524107125,1.),(0.,
    0.5,0.625),.UNSPECIFIED.);
#494 = CARTESIAN_POINT('',(-4.743543703,41.503212565,-9.4));
#495 = CARTESIAN_POINT('',(-5.15496624,40.939643906,-8.066666667));
#496 = CARTESIAN_POINT('',(-5.464702871,40.302353718,-6.733333333));
#497 = CARTESIAN_POINT('',(-5.701515894,39.462981463,-5.066666667));
#498 = CARTESIAN_POINT('',(-5.741351753,39.293000428,-4.733333333));
#499 = CARTESIAN_POINT('',(-5.773585948,39.121591075,-4.4));
#500 = CARTESIAN_POINT('',(-5.003718151,41.660571737,-9.4));
#501 = CARTESIAN_POINT('',(-5.434586965,41.064425097,-8.066666667));
#502 = CARTESIAN_POINT('',(-5.756756594,40.394676785,-6.733333333));
#503 = CARTESIAN_POINT('',(-6.001870996,39.511115871,-5.066666667));
#504 = CARTESIAN_POINT('',(-6.042977262,39.332101876,-4.733333333));
#505 = CARTESIAN_POINT('',(-6.07609113,39.15158966,-4.4));
#506 = CARTESIAN_POINT('',(-5.36254809,41.719396312,-9.4));
#507 = CARTESIAN_POINT('',(-5.799506137,41.082325142,-8.066666667));
#508 = CARTESIAN_POINT('',(-6.121664737,40.367239083,-6.733333333));
#509 = CARTESIAN_POINT('',(-6.35673069,39.430940123,-5.066666667));
#510 = CARTESIAN_POINT('',(-6.395308021,39.24156841,-4.733333333));
#511 = CARTESIAN_POINT('',(-6.425413187,39.050851116,-4.4));
#512 = CARTESIAN_POINT('',(-5.94410747,41.754860961,-9.4));
#513 = CARTESIAN_POINT('',(-6.385510414,41.049320411,-8.066666667));
#514 = CARTESIAN_POINT('',(-6.699390077,40.264398332,-6.733333333));
#515 = CARTESIAN_POINT('',(-6.90925409,39.245351548,-5.066666667));
#516 = CARTESIAN_POINT('',(-6.942116483,39.039697574,-4.733333333));
#517 = CARTESIAN_POINT('',(-6.965820328,38.83300199,-4.4));
#518 = CARTESIAN_POINT('',(-6.234814376,41.737547796,-9.4));
#519 = CARTESIAN_POINT('',(-6.674146282,40.996681718,-8.066666667));
#520 = CARTESIAN_POINT('',(-6.979843555,40.178473679,-6.733333333));
#521 = CARTESIAN_POINT('',(-7.17233819,39.120091895,-5.066666667));
#522 = CARTESIAN_POINT('',(-7.201337546,38.906666558,-4.733333333));
#523 = CARTESIAN_POINT('',(-7.220833965,38.692364961,-4.4));
#524 = CARTESIAN_POINT('',(-6.531172335,41.690470987,-9.4));
#525 = CARTESIAN_POINT('',(-6.964843025,40.915171686,-8.066666667));
#526 = CARTESIAN_POINT('',(-7.258703263,40.062271767,-6.733333333));
#527 = CARTESIAN_POINT('',(-7.429444921,38.965133357,-5.066666667));
#528 = CARTESIAN_POINT('',(-7.453757685,38.744196033,-4.733333333));
#529 = CARTESIAN_POINT('',(-7.468244078,38.522617787,-4.4));
#530 = DEFINITIONAL_REPRESENTATION('',(#531),#534);
#531 = B_SPLINE_CURVE_WITH_KNOTS('',1,(#532,#533),.UNSPECIFIED.,.F.,.F.,
  (2,2),(0.,1.814584E-03),.PIECEWISE_BEZIER_KNOTS.);
#532 = CARTESIAN_POINT('',(-3.885895476467E-15,3.858729018738E-16));
#533 = CARTESIAN_POINT('',(1.,-1.811603838014E-17));
#534 = ( GEOMETRIC_REPRESENTATION_CONTEXT(2) 
PARAMETRIC_REPRESENTATION_CONTEXT() REPRESENTATION_CONTEXT('2D SPACE',''
  ) );
#535 = ORIENTED_EDGE('',*,*,#536,.F.);
#536 = EDGE_CURVE('',#537,#392,#539,.T.);
#537 = VERTEX_POINT('',#538);
#538 = CARTESIAN_POINT('',(-4.225701917,41.125427342,-9.4));
#539 = SURFACE_CURVE('',#540,(#544,#551),.PCURVE_S1.);
#540 = LINE('',#541,#542);
#541 = CARTESIAN_POINT('',(-4.225701917,41.125427342,-9.4));
#542 = VECTOR('',#543,1.);
#543 = DIRECTION('',(-0.807864723587,0.589367956699,0.));
#544 = PCURVE('',#66,#545);
#545 = DEFINITIONAL_REPRESENTATION('',(#546),#550);
#546 = LINE('',#547,#548);
#547 = CARTESIAN_POINT('',(5.193409449285,-0.768764135184));
#548 = VECTOR('',#549,1.);
#549 = DIRECTION('',(0.989220847425,-0.146431263804));
#550 = ( GEOMETRIC_REPRESENTATION_CONTEXT(2) 
PARAMETRIC_REPRESENTATION_CONTEXT() REPRESENTATION_CONTEXT('2D SPACE',''
  ) );
#551 = PCURVE('',#552,#577);
#552 = B_SPLINE_SURFACE_WITH_KNOTS('',3,3,(
    (#553,#554,#555,#556,#557,#558)
    ,(#559,#560,#561,#562,#563,#564)
    ,(#565,#566,#567,#568,#569,#570)
    ,(#571,#572,#573,#574,#575,#576
    )),.UNSPECIFIED.,.F.,.F.,.F.,(4,4),(4,2,4),(0.134934869957,1.),(0.,
    0.5,0.625017784043),.UNSPECIFIED.);
#553 = CARTESIAN_POINT('',(-4.225691270969,41.125419575317,-9.4));
#554 = CARTESIAN_POINT('',(-4.592345952992,40.623174166731,-8.066666667)
  );
#555 = CARTESIAN_POINT('',(-4.868379614798,40.055228745642,-6.733333333)
  );
#556 = CARTESIAN_POINT('',(-5.079430338229,39.30716970624,
    -5.066619242884));
#557 = CARTESIAN_POINT('',(-5.114935640452,39.155662932211,
    -4.733238484768));
#558 = CARTESIAN_POINT('',(-5.143664499377,39.002882955171,
    -4.399857727652));
#559 = CARTESIAN_POINT('',(-4.398308748646,41.251350572211,-9.4));
#560 = CARTESIAN_POINT('',(-4.779896382511,40.728668476849,-8.066666667)
  );
#561 = CARTESIAN_POINT('',(-5.067153466032,40.137602979925,-6.733333333)
  );
#562 = CARTESIAN_POINT('',(-5.286793674404,39.359098931521,
    -5.066619242884));
#563 = CARTESIAN_POINT('',(-5.323744747341,39.201426094777,
    -4.733238484768));
#564 = CARTESIAN_POINT('',(-5.353643788476,39.042428234701,
    -4.399857727652));
#565 = CARTESIAN_POINT('',(-4.570926225323,41.377281568106,-9.4));
#566 = CARTESIAN_POINT('',(-4.967426141543,40.834153991334,-8.066666667)
  );
#567 = CARTESIAN_POINT('',(-5.265931374628,40.219981329577,-6.733333333)
  );
#568 = CARTESIAN_POINT('',(-5.494162037055,39.411028831765,
    -5.066619242884));
#569 = CARTESIAN_POINT('',(-5.532557287109,39.247189296169,
    -4.733238484768));
#570 = CARTESIAN_POINT('',(-5.563624356825,39.081973038977,
    -4.399857727652));
#571 = CARTESIAN_POINT('',(-4.743543703,41.503212565,-9.4));
#572 = CARTESIAN_POINT('',(-5.15496624,40.939643906,-8.066666667));
#573 = CARTESIAN_POINT('',(-5.464703811,40.3023541,-6.733333333));
#574 = CARTESIAN_POINT('',(-5.70152360939,39.462957825104,
    -5.066619242884));
#575 = CARTESIAN_POINT('',(-5.741364008914,39.292952276747,
    -4.733238484768));
#576 = CARTESIAN_POINT('',(-5.773600536604,39.121518099467,
    -4.399857727652));
#577 = DEFINITIONAL_REPRESENTATION('',(#578),#581);
#578 = B_SPLINE_CURVE_WITH_KNOTS('',1,(#579,#580),.UNSPECIFIED.,.F.,.F.,
  (2,2),(0.,0.641000616259),.PIECEWISE_BEZIER_KNOTS.);
#579 = CARTESIAN_POINT('',(0.134952654,-1.44651391776E-15));
#580 = CARTESIAN_POINT('',(1.,-2.844360360494E-11));
#581 = ( GEOMETRIC_REPRESENTATION_CONTEXT(2) 
PARAMETRIC_REPRESENTATION_CONTEXT() REPRESENTATION_CONTEXT('2D SPACE',''
  ) );
#582 = ORIENTED_EDGE('',*,*,#583,.F.);
#583 = EDGE_CURVE('',#584,#537,#586,.T.);
#584 = VERTEX_POINT('',#585);
#585 = CARTESIAN_POINT('',(-3.567306029468,41.868610709627,
    -9.399999999945));
#586 = SURFACE_CURVE('',#587,(#592,#599),.PCURVE_S1.);
#587 = CIRCLE('',#588,5.25);
#588 = AXIS2_PLACEMENT_3D('',#589,#590,#591);
#589 = CARTESIAN_POINT('',(1.5587882E-02,38.031245569,-9.4));
#590 = DIRECTION('',(0.,0.,1.));
#591 = DIRECTION('',(-0.885458521217,0.464718417114,0.));
#592 = PCURVE('',#66,#593);
#593 = DEFINITIONAL_REPRESENTATION('',(#594),#598);
#594 = CIRCLE('',#595,5.25);
#595 = AXIS2_PLACEMENT_2D('',#596,#597);
#596 = CARTESIAN_POINT('',(0.,0.));
#597 = DIRECTION('',(1.,0.));
#598 = ( GEOMETRIC_REPRESENTATION_CONTEXT(2) 
PARAMETRIC_REPRESENTATION_CONTEXT() REPRESENTATION_CONTEXT('2D SPACE',''
  ) );
#599 = PCURVE('',#600,#605);
#600 = CYLINDRICAL_SURFACE('',#601,5.25);
#601 = AXIS2_PLACEMENT_3D('',#602,#603,#604);
#602 = CARTESIAN_POINT('',(1.5587882E-02,38.031245569,-9.4));
#603 = DIRECTION('',(0.,0.,1.));
#604 = DIRECTION('',(-0.885458521217,0.464718417114,0.));
#605 = DEFINITIONAL_REPRESENTATION('',(#606),#610);
#606 = LINE('',#607,#608);
#607 = CARTESIAN_POINT('',(0.,0.));
#608 = VECTOR('',#609,1.);
#609 = DIRECTION('',(1.,0.));
#610 = ( GEOMETRIC_REPRESENTATION_CONTEXT(2) 
PARAMETRIC_REPRESENTATION_CONTEXT() REPRESENTATION_CONTEXT('2D SPACE',''
  ) );
#611 = ORIENTED_EDGE('',*,*,#612,.F.);
#612 = EDGE_CURVE('',#613,#584,#615,.T.);
#613 = VERTEX_POINT('',#614);
#614 = CARTESIAN_POINT('',(-4.004760735,42.33713517,-9.4));
#615 = SURFACE_CURVE('',#616,(#620,#627),.PCURVE_S1.);
#616 = LINE('',#617,#618);
#617 = CARTESIAN_POINT('',(-4.004760735,42.33713517,-9.4));
#618 = VECTOR('',#619,1.);
#619 = DIRECTION('',(0.682455983248,-0.730926693266,0.));
#620 = PCURVE('',#66,#621);
#621 = DEFINITIONAL_REPRESENTATION('',(#622),#626);
#622 = LINE('',#623,#624);
#623 = CARTESIAN_POINT('',(5.560878140828,-1.944356593086));
#624 = VECTOR('',#625,1.);
#625 = DIRECTION('',(-0.943961561643,0.330055404652));
#626 = ( GEOMETRIC_REPRESENTATION_CONTEXT(2) 
PARAMETRIC_REPRESENTATION_CONTEXT() REPRESENTATION_CONTEXT('2D SPACE',''
  ) );
#627 = PCURVE('',#628,#665);
#628 = B_SPLINE_SURFACE_WITH_KNOTS('',3,3,(
    (#629,#630,#631,#632,#633,#634)
    ,(#635,#636,#637,#638,#639,#640)
    ,(#641,#642,#643,#644,#645,#646)
    ,(#647,#648,#649,#650,#651,#652)
    ,(#653,#654,#655,#656,#657,#658)
    ,(#659,#660,#661,#662,#663,#664
  )),.UNSPECIFIED.,.F.,.F.,.F.,(4,2,4),(4,2,4),(0.,0.865047346,
    0.865194065797),(-9.812337655239E-06,0.5,0.625001409775),
  .UNSPECIFIED.);
#629 = CARTESIAN_POINT('',(-4.004730699178,42.337163195748,
    -9.400078498701));
#630 = CARTESIAN_POINT('',(-4.514913420063,41.861126578045,
    -8.066718999468));
#631 = CARTESIAN_POINT('',(-4.939106592546,41.293538570289,
    -6.733359499234));
#632 = CARTESIAN_POINT('',(-5.329722216072,40.513748057105,-5.0666629076
    ));
#633 = CARTESIAN_POINT('',(-5.400849051348,40.354304909578,
    -4.733325814201));
#634 = CARTESIAN_POINT('',(-5.464778873018,40.19202773948,
    -4.399988721801));
#635 = CARTESIAN_POINT('',(-3.858913553579,42.180987359253,
    -9.400078498701));
#636 = CARTESIAN_POINT('',(-4.350591922856,41.722216611958,
    -8.066718999468));
#637 = CARTESIAN_POINT('',(-4.759401246958,41.175217545287,
    -6.733359499234));
#638 = CARTESIAN_POINT('',(-5.135850057118,40.423708404897,-5.0666629076
    ));
#639 = CARTESIAN_POINT('',(-5.204397057157,40.270048029015,
    -4.733325814201));
#640 = CARTESIAN_POINT('',(-5.266007953559,40.113656488616,
    -4.399988721801));
#641 = CARTESIAN_POINT('',(-3.71309640743,42.024811522388,
    -9.400078498701));
#642 = CARTESIAN_POINT('',(-4.186279752185,41.583312914372,
    -8.066718999468));
#643 = CARTESIAN_POINT('',(-4.579691553403,41.056889995216,
    -6.733359499234));
#644 = CARTESIAN_POINT('',(-4.941971375158,40.333666572698,-5.0666629076
    ));
#645 = CARTESIAN_POINT('',(-5.007939363984,40.185789825471,
    -4.733325814201));
#646 = CARTESIAN_POINT('',(-5.067232654144,40.035284652777,
    -4.399988721801));
#647 = CARTESIAN_POINT('',(-3.567254529564,41.86860919709,
    -9.400078498701));
#648 = CARTESIAN_POINT('',(-4.021921065758,41.444373124969,
    -8.066718999468));
#649 = CARTESIAN_POINT('',(-4.399954611861,40.938547198121,
    -6.733359499234));
#650 = CARTESIAN_POINT('',(-4.748064644197,40.243611090503,-5.0666629076
    ));
#651 = CARTESIAN_POINT('',(-4.811451739769,40.101518026929,
    -4.733325814201));
#652 = CARTESIAN_POINT('',(-4.868425010648,39.95689930794,
    -4.399988721801));
#653 = CARTESIAN_POINT('',(-3.567229797749,41.868582707917,
    -9.400078498701));
#654 = CARTESIAN_POINT('',(-4.021893192861,41.444349562832,
    -8.066718999468));
#655 = CARTESIAN_POINT('',(-4.399924131899,40.938527129045,
    -6.733359499234));
#656 = CARTESIAN_POINT('',(-4.748031761191,40.243595818513,-5.0666629076
    ));
#657 = CARTESIAN_POINT('',(-4.811418418759,40.101503735951,
    -4.733325814201));
#658 = CARTESIAN_POINT('',(-4.868391296635,39.956886014974,
    -4.399988721801));
#659 = CARTESIAN_POINT('',(-3.567205065934,41.868556218745,
    -9.400078498701));
#660 = CARTESIAN_POINT('',(-4.021865320963,41.444326001695,
    -8.066718999468));
#661 = CARTESIAN_POINT('',(-4.399893651936,40.93850706097,
    -6.733359499234));
#662 = CARTESIAN_POINT('',(-4.747998878186,40.243580546524,-5.0666629076
    ));
#663 = CARTESIAN_POINT('',(-4.811385098749,40.101489444973,
    -4.733325814201));
#664 = CARTESIAN_POINT('',(-4.868357582622,39.956872722008,
    -4.399988721801));
#665 = DEFINITIONAL_REPRESENTATION('',(#666),#669);
#666 = B_SPLINE_CURVE_WITH_KNOTS('',1,(#667,#668),.UNSPECIFIED.,.F.,.F.,
  (2,2),(0.,0.641000615725),.PIECEWISE_BEZIER_KNOTS.);
#667 = CARTESIAN_POINT('',(3.157125201192E-14,1.266939539143E-15));
#668 = CARTESIAN_POINT('',(0.865047345669,1.85479498288E-11));
#669 = ( GEOMETRIC_REPRESENTATION_CONTEXT(2) 
PARAMETRIC_REPRESENTATION_CONTEXT() REPRESENTATION_CONTEXT('2D SPACE',''
  ) );
#670 = ORIENTED_EDGE('',*,*,#671,.F.);
#671 = EDGE_CURVE('',#672,#613,#674,.T.);
#672 = VERTEX_POINT('',#673);
#673 = CARTESIAN_POINT('',(-4.406147435321,44.089154359975,
    -9.399999984565));
#674 = SURFACE_CURVE('',#675,(#682,#692),.PCURVE_S1.);
#675 = B_SPLINE_CURVE_WITH_KNOTS('',3,(#676,#677,#678,#679,#680,#681),
  .UNSPECIFIED.,.F.,.F.,(4,2,4),(-1.040550804586E-07,0.475892875,1.),
  .UNSPECIFIED.);
#676 = CARTESIAN_POINT('',(-4.406147463478,44.089154354765,-9.4));
#677 = CARTESIAN_POINT('',(-4.417155818809,43.789282508112,-9.4));
#678 = CARTESIAN_POINT('',(-4.399297599959,43.498611229627,-9.4));
#679 = CARTESIAN_POINT('',(-4.293981335,42.925575319,-9.4));
#680 = CARTESIAN_POINT('',(-4.192335716,42.576443087,-9.4));
#681 = CARTESIAN_POINT('',(-4.004760735,42.33713517,-9.4));
#682 = PCURVE('',#66,#683);
#683 = DEFINITIONAL_REPRESENTATION('',(#684),#691);
#684 = B_SPLINE_CURVE_WITH_KNOTS('',3,(#685,#686,#687,#688,#689,#690),
  .UNSPECIFIED.,.F.,.F.,(4,2,4),(-1.040550804586E-07,0.475892875,1.),
  .UNSPECIFIED.);
#685 = CARTESIAN_POINT('',(6.730485022159,-3.309165104462));
#686 = CARTESIAN_POINT('',(6.600876494278,-3.038525237106));
#687 = CARTESIAN_POINT('',(6.449983485785,-2.789446919896));
#688 = CARTESIAN_POINT('',(6.090429960219,-2.330989797816));
#689 = CARTESIAN_POINT('',(5.838178802512,-2.069084279128));
#690 = CARTESIAN_POINT('',(5.560878140828,-1.944356593086));
#691 = ( GEOMETRIC_REPRESENTATION_CONTEXT(2) 
PARAMETRIC_REPRESENTATION_CONTEXT() REPRESENTATION_CONTEXT('2D SPACE',''
  ) );
#692 = PCURVE('',#693,#730);
#693 = B_SPLINE_SURFACE_WITH_KNOTS('',3,3,(
    (#694,#695,#696,#697,#698,#699)
    ,(#700,#701,#702,#703,#704,#705)
    ,(#706,#707,#708,#709,#710,#711)
    ,(#712,#713,#714,#715,#716,#717)
    ,(#718,#719,#720,#721,#722,#723)
    ,(#724,#725,#726,#727,#728,#729
  )),.UNSPECIFIED.,.F.,.F.,.F.,(4,2,4),(4,2,4),(-1.83E-07,0.475892875,1.
    ),(0.,0.5,0.625000012),.UNSPECIFIED.);
#694 = CARTESIAN_POINT('',(-4.406147458,44.089154504,-9.4));
#695 = CARTESIAN_POINT('',(-5.123852078,43.565647663,-8.066666667));
#696 = CARTESIAN_POINT('',(-5.746902722,42.913267069,-6.733333333));
#697 = CARTESIAN_POINT('',(-6.360019914,41.987549048,-5.066666636));
#698 = CARTESIAN_POINT('',(-6.474335573,41.796928014,-4.733333271));
#699 = CARTESIAN_POINT('',(-6.579989278,41.601622864,-4.399999907));
#700 = CARTESIAN_POINT('',(-4.417155824734,43.78928260455,-9.4));
#701 = CARTESIAN_POINT('',(-5.098747682489,43.264786264111,-8.066666667)
  );
#702 = CARTESIAN_POINT('',(-5.686655538437,42.617136533526,-6.733333333)
  );
#703 = CARTESIAN_POINT('',(-6.257584960692,41.705397934174,-5.066666636)
  );
#704 = CARTESIAN_POINT('',(-6.363564769599,41.517977444254,-4.733333271)
  );
#705 = CARTESIAN_POINT('',(-6.46103293336,41.32623836108,-4.399999907));
#706 = CARTESIAN_POINT('',(-4.399297608273,43.498611274866,-9.4));
#707 = CARTESIAN_POINT('',(-5.047402448839,42.975985013629,-8.066666667)
  );
#708 = CARTESIAN_POINT('',(-5.60027054566,42.336898070074,-6.733333333)
  );
#709 = CARTESIAN_POINT('',(-6.131860625271,41.442519897992,-5.066666636)
  );
#710 = CARTESIAN_POINT('',(-6.230159962921,41.258896024254,-4.733333271)
  );
#711 = CARTESIAN_POINT('',(-6.320137261487,41.071284851402,-4.399999907)
  );
#712 = CARTESIAN_POINT('',(-4.293981335,42.925575319,-9.4));
#713 = CARTESIAN_POINT('',(-4.873419021,42.415167735,-8.066666667));
#714 = CARTESIAN_POINT('',(-5.361693173,41.80097665,-6.733333333));
#715 = CARTESIAN_POINT('',(-5.818905483,40.950758864,-5.066666636));
#716 = CARTESIAN_POINT('',(-5.902724887,40.776635518,-4.733333271));
#717 = CARTESIAN_POINT('',(-5.978680223,40.599144386,-4.399999907));
#718 = CARTESIAN_POINT('',(-4.192335716,42.576443087,-9.4));
#719 = CARTESIAN_POINT('',(-4.729482427,42.079571103,-8.066666667));
#720 = CARTESIAN_POINT('',(-5.179292749,41.483291945,-6.733333333));
#721 = CARTESIAN_POINT('',(-5.593543994,40.665271151,-5.066666636));
#722 = CARTESIAN_POINT('',(-5.66900913,40.498070688,-4.733333271));
#723 = CARTESIAN_POINT('',(-5.736905616,40.327878309,-4.399999907));
#724 = CARTESIAN_POINT('',(-4.004760735,42.33713517,-9.4));
#725 = CARTESIAN_POINT('',(-4.514930069,41.861104301,-8.066666667));
#726 = CARTESIAN_POINT('',(-4.939113794,41.293527025,-6.733333333));
#727 = CARTESIAN_POINT('',(-5.329722492,40.513750336,-5.066666636));
#728 = CARTESIAN_POINT('',(-5.400848547,40.35430896,-4.733333271));
#729 = CARTESIAN_POINT('',(-5.464777711,40.192033609,-4.399999907));
#730 = DEFINITIONAL_REPRESENTATION('',(#731),#734);
#731 = B_SPLINE_CURVE_WITH_KNOTS('',1,(#732,#733),.UNSPECIFIED.,.F.,.F.,
  (2,2),(-1.040550804586E-07,1.),.PIECEWISE_BEZIER_KNOTS.);
#732 = CARTESIAN_POINT('',(-1.43527555767E-07,2.894034877451E-09));
#733 = CARTESIAN_POINT('',(1.,-3.905530331676E-16));
#734 = ( GEOMETRIC_REPRESENTATION_CONTEXT(2) 
PARAMETRIC_REPRESENTATION_CONTEXT() REPRESENTATION_CONTEXT('2D SPACE',''
  ) );
#735 = ORIENTED_EDGE('',*,*,#736,.F.);
#736 = EDGE_CURVE('',#737,#672,#739,.T.);
#737 = VERTEX_POINT('',#738);
#738 = CARTESIAN_POINT('',(-4.080753558,44.31375994,-9.4));
#739 = SURFACE_CURVE('',#740,(#745,#752),.PCURVE_S1.);
#740 = CIRCLE('',#741,7.499994302356);
#741 = AXIS2_PLACEMENT_3D('',#742,#743,#744);
#742 = CARTESIAN_POINT('',(1.558465449878E-02,38.031250267569,-9.4));
#743 = DIRECTION('',(0.,0.,1.));
#744 = DIRECTION('',(-0.589564731284,0.807721132339,0.));
#745 = PCURVE('',#66,#746);
#746 = DEFINITIONAL_REPRESENTATION('',(#747),#751);
#747 = CIRCLE('',#748,7.499994302356);
#748 = AXIS2_PLACEMENT_2D('',#749,#750);
#749 = CARTESIAN_POINT('',(5.041329913395E-06,-2.660508524836E-06));
#750 = DIRECTION('',(0.897398001214,-0.441221970688));
#751 = ( GEOMETRIC_REPRESENTATION_CONTEXT(2) 
PARAMETRIC_REPRESENTATION_CONTEXT() REPRESENTATION_CONTEXT('2D SPACE',''
  ) );
#752 = PCURVE('',#753,#790);
#753 = B_SPLINE_SURFACE_WITH_KNOTS('',3,3,(
    (#754,#755,#756,#757,#758,#759)
    ,(#760,#761,#762,#763,#764,#765)
    ,(#766,#767,#768,#769,#770,#771)
    ,(#772,#773,#774,#775,#776,#777)
    ,(#778,#779,#780,#781,#782,#783)
    ,(#784,#785,#786,#787,#788,#789
  )),.UNSPECIFIED.,.F.,.F.,.F.,(4,2,4),(4,2,4),(0.,0.5,1.),(0.,0.5,
    0.625000001),.UNSPECIFIED.);
#754 = CARTESIAN_POINT('',(-4.080753557163,44.313759940096,-9.4));
#755 = CARTESIAN_POINT('',(-4.825049433935,43.828803320254,-8.066666667)
  );
#756 = CARTESIAN_POINT('',(-5.481614796759,43.210164117463,-6.733333333)
  );
#757 = CARTESIAN_POINT('',(-6.14266497809,42.318043488987,-5.066666665)
  );
#758 = CARTESIAN_POINT('',(-6.266867402624,42.133711730857,-4.73333333)
  );
#759 = CARTESIAN_POINT('',(-6.382666749531,41.944245879746,-4.399999995)
  );
#760 = CARTESIAN_POINT('',(-4.135960157,44.277763989,-9.4));
#761 = CARTESIAN_POINT('',(-4.875982723,43.786253096,-8.066666667));
#762 = CARTESIAN_POINT('',(-5.527124129,43.161856965,-6.733333333));
#763 = CARTESIAN_POINT('',(-6.180333823,42.263929981,-5.066666665));
#764 = CARTESIAN_POINT('',(-6.302915327,42.078506588,-4.73333333));
#765 = CARTESIAN_POINT('',(-6.41704846,41.888022656,-4.399999995));
#766 = CARTESIAN_POINT('',(-4.190692266,44.241040319,-9.4));
#767 = CARTESIAN_POINT('',(-4.92637909,43.743059003,-8.066666667));
#768 = CARTESIAN_POINT('',(-5.571996758,43.112952241,-6.733333333));
#769 = CARTESIAN_POINT('',(-6.217291138,42.209316857,-5.066666665));
#770 = CARTESIAN_POINT('',(-6.33823953,42.02282363,-4.73333333));
#771 = CARTESIAN_POINT('',(-6.450695603,41.831344627,-4.399999995));
#772 = CARTESIAN_POINT('',(-4.299169468,44.166163052,-9.4));
#773 = CARTESIAN_POINT('',(-5.025991259,43.655330386,-8.066666667));
#774 = CARTESIAN_POINT('',(-5.660434674,43.013975869,-6.733333333));
#775 = CARTESIAN_POINT('',(-6.289750517,42.09914074,-5.066666665));
#776 = CARTESIAN_POINT('',(-6.407403075,41.910550849,-4.73333333));
#777 = CARTESIAN_POINT('',(-6.516476975,41.717125109,-4.399999995));
#778 = CARTESIAN_POINT('',(-4.35291456,44.128009457,-9.4));
#779 = CARTESIAN_POINT('',(-5.075207059,43.610795863,-8.066666667));
#780 = CARTESIAN_POINT('',(-5.704005053,42.963901784,-6.733333333));
#781 = CARTESIAN_POINT('',(-6.325254837,42.043573322,-5.066666665));
#782 = CARTESIAN_POINT('',(-6.441244214,41.853956653,-4.73333333));
#783 = CARTESIAN_POINT('',(-6.548612628,41.659579551,-4.399999995));
#784 = CARTESIAN_POINT('',(-4.406147471,44.089154158,-9.4));
#785 = CARTESIAN_POINT('',(-5.123852049,43.565647316,-8.066666667));
#786 = CARTESIAN_POINT('',(-5.746903001,42.913267021,-6.733333333));
#787 = CARTESIAN_POINT('',(-6.36002017,41.987548978,-5.066666665));
#788 = CARTESIAN_POINT('',(-6.47433579,41.796927944,-4.73333333));
#789 = CARTESIAN_POINT('',(-6.579989443,41.601622791,-4.399999995));
#790 = DEFINITIONAL_REPRESENTATION('',(#791),#794);
#791 = B_SPLINE_CURVE_WITH_KNOTS('',1,(#792,#793),.UNSPECIFIED.,.F.,.F.,
  (2,2),(6.230461218226,6.28318528746),.PIECEWISE_BEZIER_KNOTS.);
#792 = CARTESIAN_POINT('',(1.904685916714E-09,9.877325761931E-15));
#793 = CARTESIAN_POINT('',(0.999999625988,-1.303544205591E-16));
#794 = ( GEOMETRIC_REPRESENTATION_CONTEXT(2) 
PARAMETRIC_REPRESENTATION_CONTEXT() REPRESENTATION_CONTEXT('2D SPACE',''
  ) );
#795 = ORIENTED_EDGE('',*,*,#796,.F.);
#796 = EDGE_CURVE('',#797,#737,#799,.T.);
#797 = VERTEX_POINT('',#798);
#798 = CARTESIAN_POINT('',(-2.584910341,43.317198393,-9.4));
#799 = SURFACE_CURVE('',#800,(#847,#897),.PCURVE_S1.);
#800 = B_SPLINE_CURVE_WITH_KNOTS('',3,(#801,#802,#803,#804,#805,#806,
    #807,#808,#809,#810,#811,#812,#813,#814,#815,#816,#817,#818,#819,
    #820,#821,#822,#823,#824,#825,#826,#827,#828,#829,#830,#831,#832,
    #833,#834,#835,#836,#837,#838,#839,#840,#841,#842,#843,#844,#845,
    #846),.UNSPECIFIED.,.F.,.F.,(4,3,3,3,3,3,3,3,3,3,3,3,3,3,3,4),(0.,
    8.23303209929E-05,1.688394627741E-04,2.627063382478E-04,
    3.662899734457E-04,4.53646E-04,5.833536387128E-04,7.102858916722E-04
    ,8.206122076386E-04,9.07292E-04,9.556782384135E-04,
    1.096528765219E-03,1.241934158065E-03,1.360938E-03,1.587761E-03,
    1.814584E-03),.UNSPECIFIED.);
#801 = CARTESIAN_POINT('',(-2.584910341,43.317198393,-9.4));
#802 = CARTESIAN_POINT('',(-2.599427190058,43.341224142188,-9.4));
#803 = CARTESIAN_POINT('',(-2.614824173892,43.364483524762,-9.4));
#804 = CARTESIAN_POINT('',(-2.630931546724,43.387072290617,
    -9.399999999996));
#805 = CARTESIAN_POINT('',(-2.647856477701,43.410807589162,
    -9.399999999992));
#806 = CARTESIAN_POINT('',(-2.665566162555,43.433802575384,
    -9.399999999983));
#807 = CARTESIAN_POINT('',(-2.683920647112,43.456159111219,
    -9.399999999965));
#808 = CARTESIAN_POINT('',(-2.703836208414,43.480417104329,
    -9.399999999945));
#809 = CARTESIAN_POINT('',(-2.724511199833,43.503923652296,
    -9.399999999914));
#810 = CARTESIAN_POINT('',(-2.745827005373,43.526795537037,
    -9.399999999867));
#811 = CARTESIAN_POINT('',(-2.769349346068,43.552035036629,
    -9.399999999814));
#812 = CARTESIAN_POINT('',(-2.793652494042,43.576502101124,
    -9.39999999974));
#813 = CARTESIAN_POINT('',(-2.818641737312,43.600332688214,
    -9.399999999638));
#814 = CARTESIAN_POINT('',(-2.839716118361,43.620429930358,
    -9.399999999552));
#815 = CARTESIAN_POINT('',(-2.861280090305,43.640074169633,
    -9.399999999445));
#816 = CARTESIAN_POINT('',(-2.88330208329,43.659333822875,
    -9.399999999313));
#817 = CARTESIAN_POINT('',(-2.916000694051,43.687930866982,
    -9.399999999116));
#818 = CARTESIAN_POINT('',(-2.949592215226,43.715579570299,
    -9.399999990892));
#819 = CARTESIAN_POINT('',(-2.98391774448,43.74240623014,-9.399999980419
    ));
#820 = CARTESIAN_POINT('',(-3.017508802072,43.768658873445,
    -9.39999997017));
#821 = CARTESIAN_POINT('',(-3.051805775944,43.794124520169,
    -9.399999957767));
#822 = CARTESIAN_POINT('',(-3.086671596471,43.818875620081,
    -9.399999948625));
#823 = CARTESIAN_POINT('',(-3.116976089161,43.840388652472,
    -9.399999940679));
#824 = CARTESIAN_POINT('',(-3.147711722638,43.861361384864,
    -9.399999935197));
#825 = CARTESIAN_POINT('',(-3.178769662694,43.881809493718,
    -9.399999935734));
#826 = CARTESIAN_POINT('',(-3.203170874422,43.897874906707,
    -9.399999936156));
#827 = CARTESIAN_POINT('',(-3.22777097295,43.913615956,-9.399999940294)
  );
#828 = CARTESIAN_POINT('',(-3.252499505867,43.929025602833,
    -9.399999949872));
#829 = CARTESIAN_POINT('',(-3.266303423213,43.937627548282,
    -9.399999955219));
#830 = CARTESIAN_POINT('',(-3.280082833535,43.946085905251,
    -9.399999959995));
#831 = CARTESIAN_POINT('',(-3.293803193199,43.954389600822,
    -9.39999996425));
#832 = CARTESIAN_POINT('',(-3.333742646027,43.978561347459,
    -9.399999976635));
#833 = CARTESIAN_POINT('',(-3.374667246368,44.002165340608,
    -9.399999984597));
#834 = CARTESIAN_POINT('',(-3.416278876573,44.025046817382,
    -9.399999989333));
#835 = CARTESIAN_POINT('',(-3.459236155997,44.048668242127,
    -9.399999994221));
#836 = CARTESIAN_POINT('',(-3.502925384138,44.071519491966,
    -9.39999999567));
#837 = CARTESIAN_POINT('',(-3.546976726421,44.093468668542,
    -9.399999994993));
#838 = CARTESIAN_POINT('',(-3.583029577498,44.111432488789,
    -9.399999994439));
#839 = CARTESIAN_POINT('',(-3.619324058171,44.128792834539,
    -9.399999992462));
#840 = CARTESIAN_POINT('',(-3.655639793185,44.145496345966,
    -9.399999989781));
#841 = CARTESIAN_POINT('',(-3.724858095964,44.177333474169,
    -9.399999984671));
#842 = CARTESIAN_POINT('',(-3.794949790981,44.207162390622,
    -9.399999987226));
#843 = CARTESIAN_POINT('',(-3.865824189863,44.235154646386,
    -9.399999991058));
#844 = CARTESIAN_POINT('',(-3.936698588745,44.263146902151,
    -9.39999999489));
#845 = CARTESIAN_POINT('',(-4.008356358062,44.289302400386,-9.4));
#846 = CARTESIAN_POINT('',(-4.080753558,44.31375994,-9.4));
#847 = PCURVE('',#66,#848);
#848 = DEFINITIONAL_REPRESENTATION('',(#849),#896);
#849 = B_SPLINE_CURVE_WITH_KNOTS('',3,(#850,#851,#852,#853,#854,#855,
    #856,#857,#858,#859,#860,#861,#862,#863,#864,#865,#866,#867,#868,
    #869,#870,#871,#872,#873,#874,#875,#876,#877,#878,#879,#880,#881,
    #882,#883,#884,#885,#886,#887,#888,#889,#890,#891,#892,#893,#894,
    #895),.UNSPECIFIED.,.F.,.F.,(4,3,3,3,3,3,3,3,3,3,3,3,3,3,3,4),(0.,
    8.23303209929E-05,1.688394627741E-04,2.627063382478E-04,
    3.662899734457E-04,4.53646E-04,5.833536387128E-04,7.102858916722E-04
    ,8.206122076386E-04,9.07292E-04,9.556782384135E-04,
    1.096528765219E-03,1.241934158065E-03,1.360938E-03,1.587761E-03,
    1.814584E-03),.UNSPECIFIED.);
#850 = CARTESIAN_POINT('',(4.759112940271,-3.471992552861));
#851 = CARTESIAN_POINT('',(4.783132216104,-3.486520110092));
#852 = CARTESIAN_POINT('',(4.807574670094,-3.499960066635));
#853 = CARTESIAN_POINT('',(4.832334496135,-3.512476089039));
#854 = CARTESIAN_POINT('',(4.858351050858,-3.525627384255));
#855 = CARTESIAN_POINT('',(4.88471843582,-3.537758474038));
#856 = CARTESIAN_POINT('',(4.911360064519,-3.549024592188));
#857 = CARTESIAN_POINT('',(4.940267604139,-3.56124891077));
#858 = CARTESIAN_POINT('',(4.96949837723,-3.572454934686));
#859 = CARTESIAN_POINT('',(4.999001624954,-3.582801192516));
#860 = CARTESIAN_POINT('',(5.031558942262,-3.594218457567));
#861 = CARTESIAN_POINT('',(5.064448667211,-3.604588907856));
#862 = CARTESIAN_POINT('',(5.097650118314,-3.614076942683));
#863 = CARTESIAN_POINT('',(5.125650167151,-3.622078563989));
#864 = CARTESIAN_POINT('',(5.153873209641,-3.62945154814));
#865 = CARTESIAN_POINT('',(5.182323086553,-3.636271146497));
#866 = CARTESIAN_POINT('',(5.224565923154,-3.646396996249));
#867 = CARTESIAN_POINT('',(5.267158683461,-3.655268177652));
#868 = CARTESIAN_POINT('',(5.310019358731,-3.663070366583));
#869 = CARTESIAN_POINT('',(5.351962933755,-3.670705610188));
#870 = CARTESIAN_POINT('',(5.394165836558,-3.677315948669));
#871 = CARTESIAN_POINT('',(5.436540366416,-3.683029232068));
#872 = CARTESIAN_POINT('',(5.47337124006,-3.687995074042));
#873 = CARTESIAN_POINT('',(5.510332783627,-3.692282143713));
#874 = CARTESIAN_POINT('',(5.547335914079,-3.695954899199));
#875 = CARTESIAN_POINT('',(5.576408068228,-3.698840463537));
#876 = CARTESIAN_POINT('',(5.605505590603,-3.701346390918));
#877 = CARTESIAN_POINT('',(5.634562827475,-3.70349918934));
#878 = CARTESIAN_POINT('',(5.650783106189,-3.704700920619));
#879 = CARTESIAN_POINT('',(5.666914956738,-3.705786899118));
#880 = CARTESIAN_POINT('',(5.682922646379,-3.706763373294));
#881 = CARTESIAN_POINT('',(5.729520431054,-3.709605853027));
#882 = CARTESIAN_POINT('',(5.776726677487,-3.711487794405));
#883 = CARTESIAN_POINT('',(5.824205493702,-3.71241070207));
#884 = CARTESIAN_POINT('',(5.873219693933,-3.713363454996));
#885 = CARTESIAN_POINT('',(5.92252408993,-3.71329409994));
#886 = CARTESIAN_POINT('',(5.971729912921,-3.712257715316));
#887 = CARTESIAN_POINT('',(6.012001335232,-3.711409509141));
#888 = CARTESIAN_POINT('',(6.052206264815,-3.709914661609));
#889 = CARTESIAN_POINT('',(6.092124771227,-3.707828337244));
#890 = CARTESIAN_POINT('',(6.168210007071,-3.7038517736));
#891 = CARTESIAN_POINT('',(6.244135342528,-3.697691140291));
#892 = CARTESIAN_POINT('',(6.319900199745,-3.689540483223));
#893 = CARTESIAN_POINT('',(6.395665056962,-3.681389826156));
#894 = CARTESIAN_POINT('',(6.471269981153,-3.671248749814));
#895 = CARTESIAN_POINT('',(6.546740567847,-3.659260574514));
#896 = ( GEOMETRIC_REPRESENTATION_CONTEXT(2) 
PARAMETRIC_REPRESENTATION_CONTEXT() REPRESENTATION_CONTEXT('2D SPACE',''
  ) );
#897 = PCURVE('',#898,#935);
#898 = B_SPLINE_SURFACE_WITH_KNOTS('',3,3,(
    (#899,#900,#901,#902,#903,#904)
    ,(#905,#906,#907,#908,#909,#910)
    ,(#911,#912,#913,#914,#915,#916)
    ,(#917,#918,#919,#920,#921,#922)
    ,(#923,#924,#925,#926,#927,#928)
    ,(#929,#930,#931,#932,#933,#934
  )),.UNSPECIFIED.,.F.,.F.,.F.,(4,2,4),(4,2,4),(0.,0.524107125,1.),(0.,
    0.5,0.624999985),.UNSPECIFIED.);
#899 = CARTESIAN_POINT('',(-2.584910341,43.317198393,-9.4));
#900 = CARTESIAN_POINT('',(-3.211110321,43.009380714,-8.066666667));
#901 = CARTESIAN_POINT('',(-3.78153438,42.589032892,-6.733333333));
#902 = CARTESIAN_POINT('',(-4.38129798,41.955857806,-5.066666706));
#903 = CARTESIAN_POINT('',(-4.495564863,41.823859542,-4.733333413));
#904 = CARTESIAN_POINT('',(-4.603764477,41.687063842,-4.400000119));
#905 = CARTESIAN_POINT('',(-2.74215492,43.577442114,-9.4));
#906 = CARTESIAN_POINT('',(-3.400713466,43.249815202,-8.066666667));
#907 = CARTESIAN_POINT('',(-3.997229405,42.806507243,-6.733333333));
#908 = CARTESIAN_POINT('',(-4.62487813,42.138061549,-5.066666706));
#909 = CARTESIAN_POINT('',(-4.74446775,41.99865518,-4.733333413));
#910 = CARTESIAN_POINT('',(-4.857676715,41.854207944,-4.400000119));
#911 = CARTESIAN_POINT('',(-3.032560175,43.796282847,-9.4));
#912 = CARTESIAN_POINT('',(-3.715529045,43.435248871,-8.066666667));
#913 = CARTESIAN_POINT('',(-4.333104437,42.951785967,-6.733333333));
#914 = CARTESIAN_POINT('',(-4.976364427,42.231973164,-5.066666706));
#915 = CARTESIAN_POINT('',(-5.098527967,42.082220014,-4.733333413));
#916 = CARTESIAN_POINT('',(-5.213814944,41.927338097,-4.400000119));
#917 = CARTESIAN_POINT('',(-3.531013615,44.097951641,-9.4));
#918 = CARTESIAN_POINT('',(-4.249737553,43.678356686,-8.066666667));
#919 = CARTESIAN_POINT('',(-4.892438461,43.129211654,-6.733333333));
#920 = CARTESIAN_POINT('',(-5.551838837,42.324418668,-5.066666706));
#921 = CARTESIAN_POINT('',(-5.676508977,42.157592764,-4.733333413));
#922 = CARTESIAN_POINT('',(-5.793553536,41.985588291,-4.400000119));
#923 = CARTESIAN_POINT('',(-3.796463933,44.217719972,-9.4));
#924 = CARTESIAN_POINT('',(-4.52977065,43.765883357,-8.066666667));
#925 = CARTESIAN_POINT('',(-5.180695273,43.183464836,-6.733333333));
#926 = CARTESIAN_POINT('',(-5.842995407,42.335769898,-5.066666706));
#927 = CARTESIAN_POINT('',(-5.96785657,42.160267527,-4.733333413));
#928 = CARTESIAN_POINT('',(-6.084710424,41.979573004,-4.400000119));
#929 = CARTESIAN_POINT('',(-4.080753558,44.31375994,-9.4));
#930 = CARTESIAN_POINT('',(-4.825049434,43.82880332,-8.066666667));
#931 = CARTESIAN_POINT('',(-5.481615542,43.210164817,-6.733333333));
#932 = CARTESIAN_POINT('',(-6.142665794,42.318044092,-5.066666706));
#933 = CARTESIAN_POINT('',(-6.266868163,42.133712307,-4.733333413));
#934 = CARTESIAN_POINT('',(-6.382667424,41.94424642,-4.400000119));
#935 = DEFINITIONAL_REPRESENTATION('',(#936),#939);
#936 = B_SPLINE_CURVE_WITH_KNOTS('',1,(#937,#938),.UNSPECIFIED.,.F.,.F.,
  (2,2),(0.,1.814584E-03),.PIECEWISE_BEZIER_KNOTS.);
#937 = CARTESIAN_POINT('',(-1.232905137836E-15,-1.351190499896E-17));
#938 = CARTESIAN_POINT('',(1.,3.562834279303E-16));
#939 = ( GEOMETRIC_REPRESENTATION_CONTEXT(2) 
PARAMETRIC_REPRESENTATION_CONTEXT() REPRESENTATION_CONTEXT('2D SPACE',''
  ) );
#940 = ORIENTED_EDGE('',*,*,#941,.F.);
#941 = EDGE_CURVE('',#942,#797,#944,.T.);
#942 = VERTEX_POINT('',#943);
#943 = CARTESIAN_POINT('',(-2.301949759,42.742033113,-9.4));
#944 = SURFACE_CURVE('',#945,(#949,#956),.PCURVE_S1.);
#945 = LINE('',#946,#947);
#946 = CARTESIAN_POINT('',(-2.301949759,42.742033113,-9.4));
#947 = VECTOR('',#948,1.);
#948 = DIRECTION('',(-0.441435741218,0.897292865443,0.));
#949 = PCURVE('',#66,#950);
#950 = DEFINITIONAL_REPRESENTATION('',(#951),#955);
#951 = LINE('',#952,#953);
#952 = CARTESIAN_POINT('',(4.241273183271,-3.094204548349));
#953 = VECTOR('',#954,1.);
#954 = DIRECTION('',(0.807861558747,-0.589372294817));
#955 = ( GEOMETRIC_REPRESENTATION_CONTEXT(2) 
PARAMETRIC_REPRESENTATION_CONTEXT() REPRESENTATION_CONTEXT('2D SPACE',''
  ) );
#956 = PCURVE('',#957,#994);
#957 = B_SPLINE_SURFACE_WITH_KNOTS('',3,3,(
    (#958,#959,#960,#961,#962,#963)
    ,(#964,#965,#966,#967,#968,#969)
    ,(#970,#971,#972,#973,#974,#975)
    ,(#976,#977,#978,#979,#980,#981)
    ,(#982,#983,#984,#985,#986,#987)
    ,(#988,#989,#990,#991,#992,#993
  )),.UNSPECIFIED.,.F.,.F.,.F.,(4,2,4),(4,2,4),(0.134778265,0.134952654,
    1.000047057139),(-4.705713908069E-05,0.5,0.625004352914),
  .UNSPECIFIED.);
#958 = CARTESIAN_POINT('',(-2.301735153448,42.741994611842,
    -9.400376457113));
#959 = CARTESIAN_POINT('',(-2.859846367235,42.467670434615,
    -8.066917638409));
#960 = CARTESIAN_POINT('',(-3.368246833489,42.093043055331,
    -6.733458818704));
#961 = CARTESIAN_POINT('',(-3.902780776542,41.528731422084,
    -5.066655059231));
#962 = CARTESIAN_POINT('',(-4.004615046172,41.411094461275,
    -4.733310117461));
#963 = CARTESIAN_POINT('',(-4.101041935379,41.289181851258,
    -4.399965176692));
#964 = CARTESIAN_POINT('',(-2.301754166154,42.742033262477,
    -9.400376457113));
#965 = CARTESIAN_POINT('',(-2.85986996145,42.467706836194,
    -8.066917638409));
#966 = CARTESIAN_POINT('',(-3.368274597159,42.093076380679,
    -6.733458818704));
#967 = CARTESIAN_POINT('',(-3.902812926572,41.528760118051,
    -5.066655059231));
#968 = CARTESIAN_POINT('',(-4.00464803123,41.411122192208,
    -4.733310117461));
#969 = CARTESIAN_POINT('',(-4.101075711461,41.289208582153,
    -4.399965176692));
#970 = CARTESIAN_POINT('',(-2.301773179861,42.742071913112,
    -9.400376457113));
#971 = CARTESIAN_POINT('',(-2.859893554665,42.467743237773,
    -8.066917638409));
#972 = CARTESIAN_POINT('',(-3.368302360829,42.093109707028,
    -6.733458818704));
#973 = CARTESIAN_POINT('',(-3.902845075603,41.528788814019,
    -5.066655059231));
#974 = CARTESIAN_POINT('',(-4.004681016288,41.41114992314,
    -4.733310117461));
#975 = CARTESIAN_POINT('',(-4.101109487544,41.289235313049,
    -4.399965176692));
#976 = CARTESIAN_POINT('',(-2.396111102365,42.933845902934,
    -9.400376457113));
#977 = CARTESIAN_POINT('',(-2.976959223484,42.648358224526,
    -8.066917638409));
#978 = CARTESIAN_POINT('',(-3.50605743641,42.258463934127,
    -6.733458818704));
#979 = CARTESIAN_POINT('',(-4.062360555292,41.671170414385,
    -5.066655059231));
#980 = CARTESIAN_POINT('',(-4.16834272768,41.54874303759,-4.733310117461
    ));
#981 = CARTESIAN_POINT('',(-4.268697486863,41.42186597771,
    -4.399965176692));
#982 = CARTESIAN_POINT('',(-2.490430016177,43.125581247034,
    -9.400376457113));
#983 = CARTESIAN_POINT('',(-3.093987078466,42.828919409394,
    -8.066917638409));
#984 = CARTESIAN_POINT('',(-3.643786860362,42.423790881736,
    -6.733458818704));
#985 = CARTESIAN_POINT('',(-4.221848523474,41.813526698132,
    -5.066655059231));
#986 = CARTESIAN_POINT('',(-4.331974952316,41.686310460235,
    -4.733310117461));
#987 = CARTESIAN_POINT('',(-4.436253498115,41.554470450378,
    -4.399965176692));
#988 = CARTESIAN_POINT('',(-2.58474892798,43.317316588676,
    -9.400376457113));
#989 = CARTESIAN_POINT('',(-3.211022048227,43.009489300774,
    -8.066917638409));
#990 = CARTESIAN_POINT('',(-3.781513599017,42.589109827439,
    -6.733458818704));
#991 = CARTESIAN_POINT('',(-4.381330399385,41.955878576001,
    -5.066655059231));
#992 = CARTESIAN_POINT('',(-4.495601649898,41.823874573306,
    -4.733310117461));
#993 = CARTESIAN_POINT('',(-4.603805070659,41.68707274478,
    -4.399965176692));
#994 = DEFINITIONAL_REPRESENTATION('',(#995),#998);
#995 = B_SPLINE_CURVE_WITH_KNOTS('',1,(#996,#997),.UNSPECIFIED.,.F.,.F.,
  (2,2),(0.,0.641000616445),.PIECEWISE_BEZIER_KNOTS.);
#996 = CARTESIAN_POINT('',(0.134952653608,-1.746598644913E-11));
#997 = CARTESIAN_POINT('',(1.,1.383637802646E-11));
#998 = ( GEOMETRIC_REPRESENTATION_CONTEXT(2) 
PARAMETRIC_REPRESENTATION_CONTEXT() REPRESENTATION_CONTEXT('2D SPACE',''
  ) );
#999 = ORIENTED_EDGE('',*,*,#1000,.F.);
#1000 = EDGE_CURVE('',#1001,#942,#1003,.T.);
#1001 = VERTEX_POINT('',#1002);
#1002 = CARTESIAN_POINT('',(-1.373594621,43.094117479,-9.4));
#1003 = SURFACE_CURVE('',#1004,(#1009,#1016),.PCURVE_S1.);
#1004 = CIRCLE('',#1005,5.25);
#1005 = AXIS2_PLACEMENT_3D('',#1006,#1007,#1008);
#1006 = CARTESIAN_POINT('',(1.5587882E-02,38.031245569,-9.4));
#1007 = DIRECTION('',(0.,0.,1.));
#1008 = DIRECTION('',(-0.885458521217,0.464718417114,0.));
#1009 = PCURVE('',#66,#1010);
#1010 = DEFINITIONAL_REPRESENTATION('',(#1011),#1015);
#1011 = CIRCLE('',#1012,5.25);
#1012 = AXIS2_PLACEMENT_2D('',#1013,#1014);
#1013 = CARTESIAN_POINT('',(0.,0.));
#1014 = DIRECTION('',(1.,0.));
#1015 = ( GEOMETRIC_REPRESENTATION_CONTEXT(2) 
PARAMETRIC_REPRESENTATION_CONTEXT() REPRESENTATION_CONTEXT('2D SPACE',''
  ) );
#1016 = PCURVE('',#1017,#1022);
#1017 = CYLINDRICAL_SURFACE('',#1018,5.25);
#1018 = AXIS2_PLACEMENT_3D('',#1019,#1020,#1021);
#1019 = CARTESIAN_POINT('',(1.5587882E-02,38.031245569,-9.4));
#1020 = DIRECTION('',(0.,0.,1.));
#1021 = DIRECTION('',(-0.885458521217,0.464718417114,0.));
#1022 = DEFINITIONAL_REPRESENTATION('',(#1023),#1027);
#1023 = LINE('',#1024,#1025);
#1024 = CARTESIAN_POINT('',(0.,0.));
#1025 = VECTOR('',#1026,1.);
#1026 = DIRECTION('',(1.,0.));
#1027 = ( GEOMETRIC_REPRESENTATION_CONTEXT(2) 
PARAMETRIC_REPRESENTATION_CONTEXT() REPRESENTATION_CONTEXT('2D SPACE',''
  ) );
#1028 = ORIENTED_EDGE('',*,*,#1029,.F.);
#1029 = EDGE_CURVE('',#1030,#1001,#1032,.T.);
#1030 = VERTEX_POINT('',#1031);
#1031 = CARTESIAN_POINT('',(-1.543207352,43.712270624,-9.4));
#1032 = SURFACE_CURVE('',#1033,(#1037,#1044),.PCURVE_S1.);
#1033 = LINE('',#1034,#1035);
#1034 = CARTESIAN_POINT('',(-1.543207352,43.712270624,-9.4));
#1035 = VECTOR('',#1036,1.);
#1036 = DIRECTION('',(0.264606191058,-0.964356554213,0.));
#1037 = PCURVE('',#66,#1038);
#1038 = DEFINITIONAL_REPRESENTATION('',(#1039),#1043);
#1039 = LINE('',#1040,#1041);
#1040 = CARTESIAN_POINT('',(4.02032549392,-4.305911190447));
#1041 = VECTOR('',#1042,1.);
#1042 = DIRECTION('',(-0.682452058047,0.730930358152));
#1043 = ( GEOMETRIC_REPRESENTATION_CONTEXT(2) 
PARAMETRIC_REPRESENTATION_CONTEXT() REPRESENTATION_CONTEXT('2D SPACE',''
  ) );
#1044 = PCURVE('',#1045,#1082);
#1045 = B_SPLINE_SURFACE_WITH_KNOTS('',3,3,(
    (#1046,#1047,#1048,#1049,#1050,#1051)
    ,(#1052,#1053,#1054,#1055,#1056,#1057)
    ,(#1058,#1059,#1060,#1061,#1062,#1063)
    ,(#1064,#1065,#1066,#1067,#1068,#1069)
    ,(#1070,#1071,#1072,#1073,#1074,#1075)
    ,(#1076,#1077,#1078,#1079,#1080,#1081
    )),.UNSPECIFIED.,.F.,.F.,.F.,(4,2,4),(4,2,4),(0.,0.865047346,
    0.865220586398),(-4.356515249248E-06,0.5,0.625004356515),
  .UNSPECIFIED.);
#1046 = CARTESIAN_POINT('',(-1.543189761558,43.712275444462,
    -9.400034852122));
#1047 = CARTESIAN_POINT('',(-2.216151297395,43.527859056492,
    -8.066689901748));
#1048 = CARTESIAN_POINT('',(-2.855521721214,43.222423949482,
    -6.733344950374));
#1049 = CARTESIAN_POINT('',(-3.563779162786,42.713483478518,
    -5.066655049626));
#1050 = CARTESIAN_POINT('',(-3.700858770703,42.605354871247,
    -4.733310098252));
#1051 = CARTESIAN_POINT('',(-3.832882394448,42.491371874789,
    -4.399965147878));
#1052 = CARTESIAN_POINT('',(-1.486652822564,43.506224221624,
    -9.400034852122));
#1053 = CARTESIAN_POINT('',(-2.135206011494,43.32849662439,
    -8.066689901748));
#1054 = CARTESIAN_POINT('',(-2.751386837261,43.034142806822,
    -6.733344950374));
#1055 = CARTESIAN_POINT('',(-3.433957282739,42.543660529178,
    -5.066655049626));
#1056 = CARTESIAN_POINT('',(-3.566065058157,42.439453499588,
    -4.733310098252));
#1057 = CARTESIAN_POINT('',(-3.693300083786,42.329604418,-4.399965147878
    ));
#1058 = CARTESIAN_POINT('',(-1.43011588343,43.300172997527,
    -9.400034852122));
#1059 = CARTESIAN_POINT('',(-2.054266070706,43.129144076606,
    -8.066689901748));
#1060 = CARTESIAN_POINT('',(-2.647250838335,42.845853330142,
    -6.733344950374));
#1061 = CARTESIAN_POINT('',(-3.304130268665,42.373832131858,
    -5.066655049626));
#1062 = CARTESIAN_POINT('',(-3.431266560635,42.273547859011,
    -4.733310098252));
#1063 = CARTESIAN_POINT('',(-3.553713842214,42.167834008349,
    -4.399965147878));
#1064 = CARTESIAN_POINT('',(-1.373567622515,43.094080509445,
    -9.400034852122));
#1065 = CARTESIAN_POINT('',(-1.973299232579,42.929731841989,
    -8.066689901748));
#1066 = CARTESIAN_POINT('',(-2.543094904054,42.657532454373,
    -6.733344950374));
#1067 = CARTESIAN_POINT('',(-3.174281154644,42.203973891903,
    -5.066655049626));
#1068 = CARTESIAN_POINT('',(-3.296444099746,42.107611632759,
    -4.733310098252));
#1069 = CARTESIAN_POINT('',(-3.414101283514,42.00603204608,
    -4.399965147878));
#1070 = CARTESIAN_POINT('',(-1.373556299358,43.094039245065,
    -9.400034852122));
#1071 = CARTESIAN_POINT('',(-1.973283021539,42.929691914661,
    -8.066689901748));
#1072 = CARTESIAN_POINT('',(-2.543074048633,42.657494747236,
    -6.733344950374));
#1073 = CARTESIAN_POINT('',(-3.174255154565,42.203939881212,
    -5.066655049626));
#1074 = CARTESIAN_POINT('',(-3.296417104401,42.107578408242,
    -4.733310098252));
#1075 = CARTESIAN_POINT('',(-3.414073329566,42.005999648597,
    -4.399965147878));
#1076 = CARTESIAN_POINT('',(-1.373544977509,43.093997979363,
    -9.400034852122));
#1077 = CARTESIAN_POINT('',(-1.97326680919,42.929651986051,
    -8.066689901748));
#1078 = CARTESIAN_POINT('',(-2.543053194514,42.657457040117,
    -6.733344950374));
#1079 = CARTESIAN_POINT('',(-3.174229155803,42.20390587056,
    -5.066655049626));
#1080 = CARTESIAN_POINT('',(-3.296390109077,42.107545183695,
    -4.733310098252));
#1081 = CARTESIAN_POINT('',(-3.414045375599,42.005967251143,
    -4.399965147878));
#1082 = DEFINITIONAL_REPRESENTATION('',(#1083),#1086);
#1083 = B_SPLINE_CURVE_WITH_KNOTS('',1,(#1084,#1085),.UNSPECIFIED.,.F.,
  .F.,(2,2),(0.,0.641000615593),.PIECEWISE_BEZIER_KNOTS.);
#1084 = CARTESIAN_POINT('',(8.999396955578E-15,-7.085112446306E-16));
#1085 = CARTESIAN_POINT('',(0.865047345823,-4.031021824518E-11));
#1086 = ( GEOMETRIC_REPRESENTATION_CONTEXT(2) 
PARAMETRIC_REPRESENTATION_CONTEXT() REPRESENTATION_CONTEXT('2D SPACE',''
  ) );
#1087 = ORIENTED_EDGE('',*,*,#1088,.F.);
#1088 = EDGE_CURVE('',#1089,#1030,#1091,.T.);
#1089 = VERTEX_POINT('',#1090);
#1090 = CARTESIAN_POINT('',(-1.084413835,45.450140111,-9.4));
#1091 = SURFACE_CURVE('',#1092,(#1139,#1189),.PCURVE_S1.);
#1092 = B_SPLINE_CURVE_WITH_KNOTS('',3,(#1093,#1094,#1095,#1096,#1097,
    #1098,#1099,#1100,#1101,#1102,#1103,#1104,#1105,#1106,#1107,#1108,
    #1109,#1110,#1111,#1112,#1113,#1114,#1115,#1116,#1117,#1118,#1119,
    #1120,#1121,#1122,#1123,#1124,#1125,#1126,#1127,#1128,#1129,#1130,
    #1131,#1132,#1133,#1134,#1135,#1136,#1137,#1138),.UNSPECIFIED.,.F.,
  .F.,(4,3,3,3,3,3,3,3,3,3,3,3,3,3,3,4),(0.,2.285805E-04,4.57161E-04,
    6.046355066289E-04,7.472120662133E-04,8.654387994407E-04,9.14323E-04
    ,1.021565662331E-03,1.144117701656E-03,1.275157758224E-03,
    1.371484E-03,1.479650023581E-03,1.575653722455E-03,
    1.666586332484E-03,1.750818353085E-03,1.828645E-03),.UNSPECIFIED.);
#1093 = CARTESIAN_POINT('',(-1.084413835,45.450140111,-9.4));
#1094 = CARTESIAN_POINT('',(-1.122386255244,45.383822305353,
    -9.399999999845));
#1095 = CARTESIAN_POINT('',(-1.158682802892,45.31671749638,
    -9.39999999978));
#1096 = CARTESIAN_POINT('',(-1.193177819831,45.248749683313,
    -9.399999999767));
#1097 = CARTESIAN_POINT('',(-1.22767283677,45.180781870246,
    -9.399999999753));
#1098 = CARTESIAN_POINT('',(-1.260366892395,45.111950680433,
    -9.399999999792));
#1099 = CARTESIAN_POINT('',(-1.291077109055,45.042186708484,
    -9.399999999846));
#1100 = CARTESIAN_POINT('',(-1.310890584178,44.99717671269,
    -9.399999999881));
#1101 = CARTESIAN_POINT('',(-1.330015762234,44.951451592769,
    -9.399999999908));
#1102 = CARTESIAN_POINT('',(-1.348217424367,44.905357858451,
    -9.399999999925));
#1103 = CARTESIAN_POINT('',(-1.365814569968,44.860794996654,
    -9.399999999941));
#1104 = CARTESIAN_POINT('',(-1.38254837512,44.815887877599,
    -9.399999999948));
#1105 = CARTESIAN_POINT('',(-1.398254253844,44.770953651328,
    -9.399999999945));
#1106 = CARTESIAN_POINT('',(-1.411277816339,44.733693481791,
    -9.399999999942));
#1107 = CARTESIAN_POINT('',(-1.423595350895,44.696414814653,
    -9.399999999931));
#1108 = CARTESIAN_POINT('',(-1.435140305643,44.659298662875,
    -9.399999999913));
#1109 = CARTESIAN_POINT('',(-1.439913895067,44.643951935802,
    -9.399999999905));
#1110 = CARTESIAN_POINT('',(-1.444628640109,44.628450348029,
    -9.399999999896));
#1111 = CARTESIAN_POINT('',(-1.449265926222,44.612825348621,
    -9.399999999885));
#1112 = CARTESIAN_POINT('',(-1.459439252226,44.578547064099,
    -9.399999999862));
#1113 = CARTESIAN_POINT('',(-1.46913751942,44.544021307878,
    -9.399999999848));
#1114 = CARTESIAN_POINT('',(-1.478272381258,44.50934030101,
    -9.399999999841));
#1115 = CARTESIAN_POINT('',(-1.488711286101,44.46970842294,
    -9.399999999832));
#1116 = CARTESIAN_POINT('',(-1.498415651877,44.429873460989,
    -9.399999999833));
#1117 = CARTESIAN_POINT('',(-1.507261544039,44.389905441869,
    -9.399999999839));
#1118 = CARTESIAN_POINT('',(-1.516720107239,44.347169217199,
    -9.399999999847));
#1119 = CARTESIAN_POINT('',(-1.525199290081,44.304279094872,
    -9.399999999861));
#1120 = CARTESIAN_POINT('',(-1.532528737932,44.261266457659,
    -9.399999999879));
#1121 = CARTESIAN_POINT('',(-1.537916542121,44.229648296006,
    -9.399999999893));
#1122 = CARTESIAN_POINT('',(-1.542682825201,44.197962619272,
    -9.399999999908));
#1123 = CARTESIAN_POINT('',(-1.546743445435,44.166214227485,
    -9.399999999924));
#1124 = CARTESIAN_POINT('',(-1.551303170137,44.130563534263,
    -9.399999999942));
#1125 = CARTESIAN_POINT('',(-1.554962081617,44.094936029412,
    -9.399999999956));
#1126 = CARTESIAN_POINT('',(-1.557587349689,44.059275989335,
    -9.399999999966));
#1127 = CARTESIAN_POINT('',(-1.559917429294,44.027625609336,
    -9.399999999975));
#1128 = CARTESIAN_POINT('',(-1.561433251083,43.99594894388,
    -9.399999999982));
#1129 = CARTESIAN_POINT('',(-1.562002558655,43.964217991215,
    -9.399999999987));
#1130 = CARTESIAN_POINT('',(-1.562541794372,43.934163124805,
    -9.399999999992));
#1131 = CARTESIAN_POINT('',(-1.5622321616,43.904059055177,
    -9.399999999995));
#1132 = CARTESIAN_POINT('',(-1.560921162577,43.873900271232,
    -9.399999999997));
#1133 = CARTESIAN_POINT('',(-1.559706767689,43.845963810267,
    -9.399999999998));
#1134 = CARTESIAN_POINT('',(-1.557633202204,43.817980142568,
    -9.399999999999));
#1135 = CARTESIAN_POINT('',(-1.554541787642,43.789966006648,-9.4));
#1136 = CARTESIAN_POINT('',(-1.551685457854,43.764082188957,-9.4));
#1137 = CARTESIAN_POINT('',(-1.54796018002,43.738172229244,-9.4));
#1138 = CARTESIAN_POINT('',(-1.543207352,43.712270624,-9.4));
#1139 = PCURVE('',#66,#1140);
#1140 = DEFINITIONAL_REPRESENTATION('',(#1141),#1188);
#1141 = B_SPLINE_CURVE_WITH_KNOTS('',3,(#1142,#1143,#1144,#1145,#1146,
    #1147,#1148,#1149,#1150,#1151,#1152,#1153,#1154,#1155,#1156,#1157,
    #1158,#1159,#1160,#1161,#1162,#1163,#1164,#1165,#1166,#1167,#1168,
    #1169,#1170,#1171,#1172,#1173,#1174,#1175,#1176,#1177,#1178,#1179,
    #1180,#1181,#1182,#1183,#1184,#1185,#1186,#1187),.UNSPECIFIED.,.F.,
  .F.,(4,3,3,3,3,3,3,3,3,3,3,3,3,3,3,4),(0.,2.285805E-04,4.57161E-04,
    6.046355066289E-04,7.472120662133E-04,8.654387994407E-04,9.14323E-04
    ,1.021565662331E-03,1.144117701656E-03,1.275157758224E-03,
    1.371484E-03,1.479650023581E-03,1.575653722455E-03,
    1.666586332484E-03,1.750818353085E-03,1.828645E-03),.UNSPECIFIED.);
#1142 = CARTESIAN_POINT('',(4.421702821963,-6.057932333475));
#1143 = CARTESIAN_POINT('',(4.424506719372,-5.981564184328));
#1144 = CARTESIAN_POINT('',(4.425460966171,-5.905277985237));
#1145 = CARTESIAN_POINT('',(4.424418978356,-5.829064836318));
#1146 = CARTESIAN_POINT('',(4.423376990541,-5.7528516874));
#1147 = CARTESIAN_POINT('',(4.42033909911,-5.676710994076));
#1148 = CARTESIAN_POINT('',(4.415111119524,-5.600666287364));
#1149 = CARTESIAN_POINT('',(4.411738155907,-5.551604116251));
#1150 = CARTESIAN_POINT('',(4.407423402434,-5.50222859671));
#1151 = CARTESIAN_POINT('',(4.402119612019,-5.452955859269));
#1152 = CARTESIAN_POINT('',(4.396991971944,-5.405319575911));
#1153 = CARTESIAN_POINT('',(4.390939897024,-5.357779677238));
#1154 = CARTESIAN_POINT('',(4.383965038666,-5.310693472592));
#1155 = CARTESIAN_POINT('',(4.378181376045,-5.271648848626));
#1156 = CARTESIAN_POINT('',(4.371763958794,-5.232915949987));
#1157 = CARTESIAN_POINT('',(4.364737978049,-5.194685984024));
#1158 = CARTESIAN_POINT('',(4.361832886769,-5.178878718844));
#1159 = CARTESIAN_POINT('',(4.358803724608,-5.162961677005));
#1160 = CARTESIAN_POINT('',(4.35564862412,-5.146971355874));
#1161 = CARTESIAN_POINT('',(4.348726932195,-5.111891624793));
#1162 = CARTESIAN_POINT('',(4.341269590742,-5.076813536367));
#1163 = CARTESIAN_POINT('',(4.333241229381,-5.041859804777));
#1164 = CARTESIAN_POINT('',(4.324066782983,-5.001916269293));
#1165 = CARTESIAN_POINT('',(4.314147555888,-4.962134265288));
#1166 = CARTESIAN_POINT('',(4.3034063519,-4.922633393179));
#1167 = CARTESIAN_POINT('',(4.291921206603,-4.880396670362));
#1168 = CARTESIAN_POINT('',(4.279497341545,-4.838478813642));
#1169 = CARTESIAN_POINT('',(4.265998498919,-4.796986778099));
#1170 = CARTESIAN_POINT('',(4.256075634013,-4.766486395604));
#1171 = CARTESIAN_POINT('',(4.245571062444,-4.736215063611));
#1172 = CARTESIAN_POINT('',(4.234412510855,-4.70621613456));
#1173 = CARTESIAN_POINT('',(4.221882424223,-4.672529936414));
#1174 = CARTESIAN_POINT('',(4.208565480911,-4.639282895102));
#1175 = CARTESIAN_POINT('',(4.194318169518,-4.606487398326));
#1176 = CARTESIAN_POINT('',(4.181672843865,-4.577379468751));
#1177 = CARTESIAN_POINT('',(4.168294311354,-4.548626665096));
#1178 = CARTESIAN_POINT('',(4.154052451499,-4.520265654959));
#1179 = CARTESIAN_POINT('',(4.140562872416,-4.493402724624));
#1180 = CARTESIAN_POINT('',(4.126298789853,-4.4668907117));
#1181 = CARTESIAN_POINT('',(4.111122612259,-4.440795604857));
#1182 = CARTESIAN_POINT('',(4.097064728038,-4.416623379113));
#1183 = CARTESIAN_POINT('',(4.082224146052,-4.392808626164));
#1184 = CARTESIAN_POINT('',(4.066468141784,-4.36943990808));
#1185 = CARTESIAN_POINT('',(4.051910293448,-4.347848250203));
#1186 = CARTESIAN_POINT('',(4.03657087898,-4.326637260808));
#1187 = CARTESIAN_POINT('',(4.02032549392,-4.305911190447));
#1188 = ( GEOMETRIC_REPRESENTATION_CONTEXT(2) 
PARAMETRIC_REPRESENTATION_CONTEXT() REPRESENTATION_CONTEXT('2D SPACE',''
  ) );
#1189 = PCURVE('',#1190,#1227);
#1190 = B_SPLINE_SURFACE_WITH_KNOTS('',3,3,(
    (#1191,#1192,#1193,#1194,#1195,#1196)
    ,(#1197,#1198,#1199,#1200,#1201,#1202)
    ,(#1203,#1204,#1205,#1206,#1207,#1208)
    ,(#1209,#1210,#1211,#1212,#1213,#1214)
    ,(#1215,#1216,#1217,#1218,#1219,#1220)
    ,(#1221,#1222,#1223,#1224,#1225,#1226
    )),.UNSPECIFIED.,.F.,.F.,.F.,(4,2,4),(4,2,4),(0.,0.475892875,1.),(0.
    ,0.5,0.625000006),.UNSPECIFIED.);
#1191 = CARTESIAN_POINT('',(-1.084413835,45.450140111,-9.4));
#1192 = CARTESIAN_POINT('',(-1.963195438,45.320131772,-8.066666667));
#1193 = CARTESIAN_POINT('',(-2.818056474,45.032025337,-6.733333333));
#1194 = CARTESIAN_POINT('',(-3.791147592,44.497272363,-5.066666651));
#1195 = CARTESIAN_POINT('',(-3.98095504,44.381610839,-4.733333303));
#1196 = CARTESIAN_POINT('',(-4.16526948,44.257776281,-4.399999954));
#1197 = CARTESIAN_POINT('',(-1.233518599,45.18973267,-9.4));
#1198 = CARTESIAN_POINT('',(-2.080783796,45.042065744,-8.066666667));
#1199 = CARTESIAN_POINT('',(-2.902328932,44.741816175,-6.733333333));
#1200 = CARTESIAN_POINT('',(-3.831568335,44.199835907,-5.066666651));
#1201 = CARTESIAN_POINT('',(-4.012507401,44.083134498,-4.733333303));
#1202 = CARTESIAN_POINT('',(-4.187916665,43.958653561,-4.399999954));
#1203 = CARTESIAN_POINT('',(-1.352787351,44.924057151,-9.4));
#1204 = CARTESIAN_POINT('',(-2.16953221,44.762483912,-8.066666667));
#1205 = CARTESIAN_POINT('',(-2.956071934,44.453532962,-6.733333333));
#1206 = CARTESIAN_POINT('',(-3.842409965,43.908642463,-5.066666651));
#1207 = CARTESIAN_POINT('',(-4.01478393,43.791733465,-4.733333303));
#1208 = CARTESIAN_POINT('',(-4.181642053,43.66742641,-4.399999954));
#1209 = CARTESIAN_POINT('',(-1.525836705,44.367716634,-9.4));
#1210 = CARTESIAN_POINT('',(-2.276101528,44.185051283,-8.066666667));
#1211 = CARTESIAN_POINT('',(-2.993876663,43.868126084,-6.733333333));
#1212 = CARTESIAN_POINT('',(-3.793834347,43.327772759,-5.066666651));
#1213 = CARTESIAN_POINT('',(-3.948971885,43.212546943,-4.733333303));
#1214 = CARTESIAN_POINT('',(-4.098711182,43.090684451,-4.399999954));
#1215 = CARTESIAN_POINT('',(-1.598084815,44.011337701,-9.4));
#1216 = CARTESIAN_POINT('',(-2.304612532,43.821003932,-8.066666667));
#1217 = CARTESIAN_POINT('',(-2.980005447,43.502062579,-6.733333333));
#1218 = CARTESIAN_POINT('',(-3.72696062,42.970253615,-5.066666651));
#1219 = CARTESIAN_POINT('',(-3.871483581,42.857275354,-4.733333303));
#1220 = CARTESIAN_POINT('',(-4.010695158,42.738130519,-4.399999954));
#1221 = CARTESIAN_POINT('',(-1.543207352,43.712270624,-9.4));
#1222 = CARTESIAN_POINT('',(-2.216162439,43.527853734,-8.066666667));
#1223 = CARTESIAN_POINT('',(-2.855525543,43.222418382,-6.733333333));
#1224 = CARTESIAN_POINT('',(-3.56377284,42.713485201,-5.066666651));
#1225 = CARTESIAN_POINT('',(-3.700847892,42.605360713,-4.733333303));
#1226 = CARTESIAN_POINT('',(-3.832867387,42.491382273,-4.399999954));
#1227 = DEFINITIONAL_REPRESENTATION('',(#1228),#1231);
#1228 = B_SPLINE_CURVE_WITH_KNOTS('',1,(#1229,#1230),.UNSPECIFIED.,.F.,
  .F.,(2,2),(0.,1.828645E-03),.PIECEWISE_BEZIER_KNOTS.);
#1229 = CARTESIAN_POINT('',(-2.980248358847E-15,8.392493260041E-17));
#1230 = CARTESIAN_POINT('',(1.,-1.168650870861E-16));
#1231 = ( GEOMETRIC_REPRESENTATION_CONTEXT(2) 
PARAMETRIC_REPRESENTATION_CONTEXT() REPRESENTATION_CONTEXT('2D SPACE',''
  ) );
#1232 = ORIENTED_EDGE('',*,*,#1233,.F.);
#1233 = EDGE_CURVE('',#1234,#1089,#1236,.T.);
#1234 = VERTEX_POINT('',#1235);
#1235 = CARTESIAN_POINT('',(-0.691912322,45.497800562,-9.4));
#1236 = SURFACE_CURVE('',#1237,(#1242,#1249),.PCURVE_S1.);
#1237 = CIRCLE('',#1238,7.499992585586);
#1238 = AXIS2_PLACEMENT_3D('',#1239,#1240,#1241);
#1239 = CARTESIAN_POINT('',(1.558698720946E-02,38.031252931983,-9.4));
#1240 = DIRECTION('',(0.,0.,1.));
#1241 = DIRECTION('',(-0.146666921288,0.9891859351,0.));
#1242 = PCURVE('',#66,#1243);
#1243 = DEFINITIONAL_REPRESENTATION('',(#1244),#1248);
#1244 = CIRCLE('',#1245,7.499992585586);
#1245 = AXIS2_PLACEMENT_2D('',#1246,#1247);
#1246 = CARTESIAN_POINT('',(4.214013897104E-06,-6.103790754694E-06));
#1247 = DIRECTION('',(0.589560397226,-0.807724295798));
#1248 = ( GEOMETRIC_REPRESENTATION_CONTEXT(2) 
PARAMETRIC_REPRESENTATION_CONTEXT() REPRESENTATION_CONTEXT('2D SPACE',''
  ) );
#1249 = PCURVE('',#1250,#1287);
#1250 = B_SPLINE_SURFACE_WITH_KNOTS('',3,3,(
    (#1251,#1252,#1253,#1254,#1255,#1256)
    ,(#1257,#1258,#1259,#1260,#1261,#1262)
    ,(#1263,#1264,#1265,#1266,#1267,#1268)
    ,(#1269,#1270,#1271,#1272,#1273,#1274)
    ,(#1275,#1276,#1277,#1278,#1279,#1280)
    ,(#1281,#1282,#1283,#1284,#1285,#1286
    )),.UNSPECIFIED.,.F.,.F.,.F.,(4,2,4),(4,2,4),(0.,0.5,1.),(0.,0.5,
    0.625),.UNSPECIFIED.);
#1251 = CARTESIAN_POINT('',(-0.691912322,45.497800562,-9.4));
#1252 = CARTESIAN_POINT('',(-1.576324169,45.414284342,-8.066666667));
#1253 = CARTESIAN_POINT('',(-2.445180083,45.171628202,-6.733333333));
#1254 = CARTESIAN_POINT('',(-3.44510015,44.688899918,-5.066666665));
#1255 = CARTESIAN_POINT('',(-3.640739167,44.583401961,-4.733333331));
#1256 = CARTESIAN_POINT('',(-3.831323548,44.469452873,-4.399999996));
#1257 = CARTESIAN_POINT('',(-0.757523491,45.491583516,-9.4));
#1258 = CARTESIAN_POINT('',(-1.641197432,45.400277869,-8.066666667));
#1259 = CARTESIAN_POINT('',(-2.507926049,45.150003584,-6.733333333));
#1260 = CARTESIAN_POINT('',(-3.503602057,44.658490371,-5.066666665));
#1261 = CARTESIAN_POINT('',(-3.698313128,44.551272541,-4.733333331));
#1262 = CARTESIAN_POINT('',(-3.887895275,44.435647659,-4.399999996));
#1263 = CARTESIAN_POINT('',(-0.823052707,45.484501601,-9.4));
#1264 = CARTESIAN_POINT('',(-1.705894495,45.385451759,-8.066666667));
#1265 = CARTESIAN_POINT('',(-2.570385961,45.127553946,-6.733333333));
#1266 = CARTESIAN_POINT('',(-3.561706132,44.627307765,-5.066666665));
#1267 = CARTESIAN_POINT('',(-3.755468329,44.518383699,-4.733333331));
#1268 = CARTESIAN_POINT('',(-3.944027945,44.401098357,-4.399999996));
#1269 = CARTESIAN_POINT('',(-0.9539017,45.468612944,-9.4));
#1270 = CARTESIAN_POINT('',(-1.834866211,45.354064009,-8.066666667));
#1271 = CARTESIAN_POINT('',(-2.69469046,45.081013871,-6.733333333));
#1272 = CARTESIAN_POINT('',(-3.67706712,44.563425211,-5.066666665));
#1273 = CARTESIAN_POINT('',(-3.86888537,44.45111299,-4.733333331));
#1274 = CARTESIAN_POINT('',(-4.055354913,44.330532125,-4.399999996));
#1275 = CARTESIAN_POINT('',(-1.019221475,45.459806202,-9.4));
#1276 = CARTESIAN_POINT('',(-1.899140863,45.337502371,-8.066666667));
#1277 = CARTESIAN_POINT('',(-2.756540716,45.056923629,-6.733333333));
#1278 = CARTESIAN_POINT('',(-3.734328114,44.530722378,-5.066666665));
#1279 = CARTESIAN_POINT('',(-3.925150856,44.416728073,-4.733333331));
#1280 = CARTESIAN_POINT('',(-4.110552386,44.29451224,-4.399999996));
#1281 = CARTESIAN_POINT('',(-1.084413835,45.450140111,-9.4));
#1282 = CARTESIAN_POINT('',(-1.963195438,45.320131772,-8.066666667));
#1283 = CARTESIAN_POINT('',(-2.81805611,45.032024443,-6.733333333));
#1284 = CARTESIAN_POINT('',(-3.791147098,44.497271541,-5.066666665));
#1285 = CARTESIAN_POINT('',(-3.980954554,44.381610081,-4.733333331));
#1286 = CARTESIAN_POINT('',(-4.165269026,44.25777561,-4.399999996));
#1287 = DEFINITIONAL_REPRESENTATION('',(#1288),#1291);
#1288 = B_SPLINE_CURVE_WITH_KNOTS('',1,(#1289,#1290),.UNSPECIFIED.,.F.,
  .F.,(2,2),(6.230461206092,6.28318530718),.PIECEWISE_BEZIER_KNOTS.);
#1289 = CARTESIAN_POINT('',(3.620021465074E-15,-1.26572674722E-16));
#1290 = CARTESIAN_POINT('',(1.,1.030393868035E-17));
#1291 = ( GEOMETRIC_REPRESENTATION_CONTEXT(2) 
PARAMETRIC_REPRESENTATION_CONTEXT() REPRESENTATION_CONTEXT('2D SPACE',''
  ) );
#1292 = ORIENTED_EDGE('',*,*,#1293,.F.);
#1293 = EDGE_CURVE('',#1294,#1234,#1296,.T.);
#1294 = VERTEX_POINT('',#1295);
#1295 = CARTESIAN_POINT('',(0.169465824,43.920236131,-9.4));
#1296 = SURFACE_CURVE('',#1297,(#1304,#1314),.PCURVE_S1.);
#1297 = B_SPLINE_CURVE_WITH_KNOTS('',3,(#1298,#1299,#1300,#1301,#1302,
    #1303),.UNSPECIFIED.,.F.,.F.,(4,2,4),(8.969607749346E-16,0.524107125
    ,1.),.UNSPECIFIED.);
#1298 = CARTESIAN_POINT('',(0.169465823715,43.920236131468,-9.4));
#1299 = CARTESIAN_POINT('',(0.151173951,44.223745702,-9.4));
#1300 = CARTESIAN_POINT('',(-4.262966E-03,44.552476361,-9.4));
#1301 = CARTESIAN_POINT('',(-0.305432,45.051234483,-9.4));
#1302 = CARTESIAN_POINT('',(-0.484818359,45.280645418,-9.4));
#1303 = CARTESIAN_POINT('',(-0.691912322,45.497800562,-9.4));
#1304 = PCURVE('',#66,#1305);
#1305 = DEFINITIONAL_REPRESENTATION('',(#1306),#1313);
#1306 = B_SPLINE_CURVE_WITH_KNOTS('',3,(#1307,#1308,#1309,#1310,#1311,
    #1312),.UNSPECIFIED.,.F.,.F.,(4,2,4),(8.969607749346E-16,0.524107125
    ,1.),.UNSPECIFIED.);
#1307 = CARTESIAN_POINT('',(2.600469837869,-5.285966788405));
#1308 = CARTESIAN_POINT('',(2.75771301963,-5.546211353769));
#1309 = CARTESIAN_POINT('',(3.048113153807,-5.765054318936));
#1310 = CARTESIAN_POINT('',(3.546567926267,-6.066725151323));
#1311 = CARTESIAN_POINT('',(3.812018593015,-6.186494873773));
#1312 = CARTESIAN_POINT('',(4.096307702034,-6.282536367775));
#1313 = ( GEOMETRIC_REPRESENTATION_CONTEXT(2) 
PARAMETRIC_REPRESENTATION_CONTEXT() REPRESENTATION_CONTEXT('2D SPACE',''
  ) );
#1314 = PCURVE('',#1315,#1352);
#1315 = B_SPLINE_SURFACE_WITH_KNOTS('',3,3,(
    (#1316,#1317,#1318,#1319,#1320,#1321)
    ,(#1322,#1323,#1324,#1325,#1326,#1327)
    ,(#1328,#1329,#1330,#1331,#1332,#1333)
    ,(#1334,#1335,#1336,#1337,#1338,#1339)
    ,(#1340,#1341,#1342,#1343,#1344,#1345)
    ,(#1346,#1347,#1348,#1349,#1350,#1351
    )),.UNSPECIFIED.,.F.,.F.,.F.,(4,2,4),(4,2,4),(-3.37E-07,0.524107125,
    1.),(0.,0.5,0.625),.UNSPECIFIED.);
#1316 = CARTESIAN_POINT('',(0.169465859,43.920235546,-9.4));
#1317 = CARTESIAN_POINT('',(-0.528056621,43.938686174,-8.066666667));
#1318 = CARTESIAN_POINT('',(-1.228487273,43.831575603,-6.733333333));
#1319 = CARTESIAN_POINT('',(-2.053802592,43.549650995,-5.066666667));
#1320 = CARTESIAN_POINT('',(-2.21632355,43.485874829,-4.733333333));
#1321 = CARTESIAN_POINT('',(-2.375701694,43.41503115,-4.4));
#1322 = CARTESIAN_POINT('',(0.151174150891,44.223745279253,-9.4));
#1323 = CARTESIAN_POINT('',(-0.584206251348,44.239693495706,-8.066666667
    ));
#1324 = CARTESIAN_POINT('',(-1.31841042937,44.124378105842,-6.733333333)
  );
#1325 = CARTESIAN_POINT('',(-2.184807916895,43.824181962004,-5.066666667
    ));
#1326 = CARTESIAN_POINT('',(-2.35548463778,43.756319861247,-4.733333333)
  );
#1327 = CARTESIAN_POINT('',(-2.522854177178,43.681029054887,-4.4));
#1328 = CARTESIAN_POINT('',(-4.262864506036E-03,44.552476192918,-9.4));
#1329 = CARTESIAN_POINT('',(-0.776782600665,44.550187955793,-8.066666667
    ));
#1330 = CARTESIAN_POINT('',(-1.548294706881,44.409105102458,-6.733333333
    ));
#1331 = CARTESIAN_POINT('',(-2.452386790756,44.070680778288,-5.066666667
    ));
#1332 = CARTESIAN_POINT('',(-2.630151023335,43.99485332399,-4.733333333)
  );
#1333 = CARTESIAN_POINT('',(-2.804209830128,43.911288900825,-4.4));
#1334 = CARTESIAN_POINT('',(-0.305432,45.051234483,-9.4));
#1335 = CARTESIAN_POINT('',(-1.136825941,45.01370927,-8.066666667));
#1336 = CARTESIAN_POINT('',(-1.961109561,44.826143385,-6.733333333));
#1337 = CARTESIAN_POINT('',(-2.918985503,44.4199733,-5.066666667));
#1338 = CARTESIAN_POINT('',(-3.10690332,44.330193444,-4.733333333));
#1339 = CARTESIAN_POINT('',(-3.29047563,44.232284425,-4.4));
#1340 = CARTESIAN_POINT('',(-0.484818359,45.280645418,-9.4));
#1341 = CARTESIAN_POINT('',(-1.344108156,45.221348588,-8.066666667));
#1342 = CARTESIAN_POINT('',(-2.191136605,45.008141866,-6.733333333));
#1343 = CARTESIAN_POINT('',(-3.171517694,44.565331582,-5.066666667));
#1344 = CARTESIAN_POINT('',(-3.363636805,44.467957849,-4.733333333));
#1345 = CARTESIAN_POINT('',(-3.551078715,44.362265516,-4.4));
#1346 = CARTESIAN_POINT('',(-0.691912322,45.497800562,-9.4));
#1347 = CARTESIAN_POINT('',(-1.576324169,45.414284342,-8.066666667));
#1348 = CARTESIAN_POINT('',(-2.445180083,45.171628202,-6.733333333));
#1349 = CARTESIAN_POINT('',(-3.445100149,44.688899918,-5.066666667));
#1350 = CARTESIAN_POINT('',(-3.640739166,44.583401962,-4.733333333));
#1351 = CARTESIAN_POINT('',(-3.831323545,44.469452875,-4.4));
#1352 = DEFINITIONAL_REPRESENTATION('',(#1353),#1357);
#1353 = LINE('',#1354,#1355);
#1354 = CARTESIAN_POINT('',(4.566446526065E-15,-1.266607696852E-16));
#1355 = VECTOR('',#1356,1.);
#1356 = DIRECTION('',(1.,4.364127393901E-16));
#1357 = ( GEOMETRIC_REPRESENTATION_CONTEXT(2) 
PARAMETRIC_REPRESENTATION_CONTEXT() REPRESENTATION_CONTEXT('2D SPACE',''
  ) );
#1358 = ORIENTED_EDGE('',*,*,#1359,.F.);
#1359 = EDGE_CURVE('',#1360,#1294,#1362,.T.);
#1360 = VERTEX_POINT('',#1361);
#1361 = CARTESIAN_POINT('',(0.152722343,43.279454229,-9.4));
#1362 = SURFACE_CURVE('',#1363,(#1367,#1374),.PCURVE_S1.);
#1363 = LINE('',#1364,#1365);
#1364 = CARTESIAN_POINT('',(0.152722343,43.279454229,-9.4));
#1365 = VECTOR('',#1366,1.);
#1366 = DIRECTION('',(2.612085001009E-02,0.999658792386,0.));
#1367 = PCURVE('',#66,#1368);
#1368 = DEFINITIONAL_REPRESENTATION('',(#1369),#1373);
#1369 = LINE('',#1370,#1371);
#1370 = CARTESIAN_POINT('',(2.317512344113,-4.710799988768));
#1371 = VECTOR('',#1372,1.);
#1372 = DIRECTION('',(0.441430922429,-0.897295236098));
#1373 = ( GEOMETRIC_REPRESENTATION_CONTEXT(2) 
PARAMETRIC_REPRESENTATION_CONTEXT() REPRESENTATION_CONTEXT('2D SPACE',''
  ) );
#1374 = PCURVE('',#1375,#1412);
#1375 = B_SPLINE_SURFACE_WITH_KNOTS('',3,3,(
    (#1376,#1377,#1378,#1379,#1380,#1381)
    ,(#1382,#1383,#1384,#1385,#1386,#1387)
    ,(#1388,#1389,#1390,#1391,#1392,#1393)
    ,(#1394,#1395,#1396,#1397,#1398,#1399)
    ,(#1400,#1401,#1402,#1403,#1404,#1405)
    ,(#1406,#1407,#1408,#1409,#1410,#1411
    )),.UNSPECIFIED.,.F.,.F.,.F.,(4,2,4),(4,2,4),(0.134783143,
    0.134952654,1.000057844898),(-6.182968212814E-05,0.5,0.625),
  .UNSPECIFIED.);
#1376 = CARTESIAN_POINT('',(0.15294966563,43.279322559015,
    -9.400494637457));
#1377 = CARTESIAN_POINT('',(-0.468736713645,43.295794889216,
    -8.066996425305));
#1378 = CARTESIAN_POINT('',(-1.093020178373,43.200341053757,
    -6.733498212152));
#1379 = CARTESIAN_POINT('',(-1.828587446,42.949074035,-5.066666667));
#1380 = CARTESIAN_POINT('',(-1.973420992,42.892238819,-4.733333333));
#1381 = CARTESIAN_POINT('',(-2.115453812,42.829105287,-4.4));
#1382 = CARTESIAN_POINT('',(0.152950761469,43.279364413966,
    -9.400494637457));
#1383 = CARTESIAN_POINT('',(-0.468740576414,43.295836877405,
    -8.066996425305));
#1384 = CARTESIAN_POINT('',(-1.093029019793,43.200382278955,
    -6.733498212152));
#1385 = CARTESIAN_POINT('',(-1.828602154,42.949113256,-5.066666667));
#1386 = CARTESIAN_POINT('',(-1.973436855,42.892277587,-4.733333333));
#1387 = CARTESIAN_POINT('',(-2.115470808,42.829143551,-4.4));
#1388 = CARTESIAN_POINT('',(0.152951856309,43.279406268917,
    -9.400494637457));
#1389 = CARTESIAN_POINT('',(-0.468744440183,43.295878865594,
    -8.066996425305));
#1390 = CARTESIAN_POINT('',(-1.093037861213,43.200423503153,
    -6.733498212152));
#1391 = CARTESIAN_POINT('',(-1.828616861,42.949152477,-5.066666667));
#1392 = CARTESIAN_POINT('',(-1.973452717,42.892316355,-4.733333333));
#1393 = CARTESIAN_POINT('',(-2.115487803,42.829181816,-4.4));
#1394 = CARTESIAN_POINT('',(0.158543898007,43.493057106102,
    -9.400494637457));
#1395 = CARTESIAN_POINT('',(-0.488463695474,43.51021130399,
    -8.066996425305));
#1396 = CARTESIAN_POINT('',(-1.138169791349,43.410858023866,
    -6.733498212152));
#1397 = CARTESIAN_POINT('',(-1.903693425724,43.149358023029,-5.066666667
    ));
#1398 = CARTESIAN_POINT('',(-2.054425773068,43.090208820744,-4.733333333
    ));
#1399 = CARTESIAN_POINT('',(-2.202243452273,43.024504966149,-4.4));
#1400 = CARTESIAN_POINT('',(0.164134843196,43.706666095505,
    -9.400494637457));
#1401 = CARTESIAN_POINT('',(-0.508174584497,43.724479737157,
    -8.066996425305));
#1402 = CARTESIAN_POINT('',(-1.183291836579,43.621257184334,
    -6.733498212152));
#1403 = CARTESIAN_POINT('',(-1.978757648787,43.34952904773,-5.066666667)
  );
#1404 = CARTESIAN_POINT('',(-2.13538494942,43.288065532919,-4.733333333)
  );
#1405 = CARTESIAN_POINT('',(-2.288983284715,43.219790784432,-4.4));
#1406 = CARTESIAN_POINT('',(0.169725788219,43.92027508082,
    -9.400494637457));
#1407 = CARTESIAN_POINT('',(-0.527887725525,43.938759186926,
    -8.066996425305));
#1408 = CARTESIAN_POINT('',(-1.228415325651,43.831648481541,
    -6.733498212152));
#1409 = CARTESIAN_POINT('',(-2.053818693999,43.549693787748,-5.066666667
    ));
#1410 = CARTESIAN_POINT('',(-2.216340935946,43.485917161789,-4.733333333
    ));
#1411 = CARTESIAN_POINT('',(-2.375720352479,43.415072986873,-4.4));
#1412 = DEFINITIONAL_REPRESENTATION('',(#1413),#1416);
#1413 = B_SPLINE_CURVE_WITH_KNOTS('',1,(#1414,#1415),.UNSPECIFIED.,.F.,
  .F.,(2,2),(0.,0.641000616292),.PIECEWISE_BEZIER_KNOTS.);
#1414 = CARTESIAN_POINT('',(0.134952653798,-1.621043653193E-11));
#1415 = CARTESIAN_POINT('',(0.999996015216,2.335203712959E-12));
#1416 = ( GEOMETRIC_REPRESENTATION_CONTEXT(2) 
PARAMETRIC_REPRESENTATION_CONTEXT() REPRESENTATION_CONTEXT('2D SPACE',''
  ) );
#1417 = ORIENTED_EDGE('',*,*,#1418,.F.);
#1418 = EDGE_CURVE('',#1419,#1360,#1421,.T.);
#1419 = VERTEX_POINT('',#1420);
#1420 = CARTESIAN_POINT('',(1.138361757409,43.159781307946,-9.4));
#1421 = SURFACE_CURVE('',#1422,(#1427,#1434),.PCURVE_S1.);
#1422 = CIRCLE('',#1423,5.25);
#1423 = AXIS2_PLACEMENT_3D('',#1424,#1425,#1426);
#1424 = CARTESIAN_POINT('',(1.5587882E-02,38.031245569,-9.4));
#1425 = DIRECTION('',(0.,0.,1.));
#1426 = DIRECTION('',(-0.885458521217,0.464718417114,0.));
#1427 = PCURVE('',#66,#1428);
#1428 = DEFINITIONAL_REPRESENTATION('',(#1429),#1433);
#1429 = CIRCLE('',#1430,5.25);
#1430 = AXIS2_PLACEMENT_2D('',#1431,#1432);
#1431 = CARTESIAN_POINT('',(0.,0.));
#1432 = DIRECTION('',(1.,0.));
#1433 = ( GEOMETRIC_REPRESENTATION_CONTEXT(2) 
PARAMETRIC_REPRESENTATION_CONTEXT() REPRESENTATION_CONTEXT('2D SPACE',''
  ) );
#1434 = PCURVE('',#1435,#1440);
#1435 = CYLINDRICAL_SURFACE('',#1436,5.25);
#1436 = AXIS2_PLACEMENT_3D('',#1437,#1438,#1439);
#1437 = CARTESIAN_POINT('',(1.5587882E-02,38.031245569,-9.4));
#1438 = DIRECTION('',(0.,0.,1.));
#1439 = DIRECTION('',(-0.885458521217,0.464718417114,0.));
#1440 = DEFINITIONAL_REPRESENTATION('',(#1441),#1445);
#1441 = LINE('',#1442,#1443);
#1442 = CARTESIAN_POINT('',(0.,0.));
#1443 = VECTOR('',#1444,1.);
#1444 = DIRECTION('',(1.,0.));
#1445 = ( GEOMETRIC_REPRESENTATION_CONTEXT(2) 
PARAMETRIC_REPRESENTATION_CONTEXT() REPRESENTATION_CONTEXT('2D SPACE',''
  ) );
#1446 = ORIENTED_EDGE('',*,*,#1447,.F.);
#1447 = EDGE_CURVE('',#1448,#1419,#1450,.T.);
#1448 = VERTEX_POINT('',#1449);
#1449 = CARTESIAN_POINT('',(1.275447233,43.785951702,-9.4));
#1450 = SURFACE_CURVE('',#1451,(#1455,#1462),.PCURVE_S1.);
#1451 = LINE('',#1452,#1453);
#1452 = CARTESIAN_POINT('',(1.275447233,43.785951702,-9.4));
#1453 = VECTOR('',#1454,1.);
#1454 = DIRECTION('',(-0.213861691033,-0.976863950153,0.));
#1455 = PCURVE('',#66,#1456);
#1456 = DEFINITIONAL_REPRESENTATION('',(#1457),#1461);
#1457 = LINE('',#1458,#1459);
#1458 = CARTESIAN_POINT('',(1.558764727205,-5.681033425946));
#1459 = VECTOR('',#1460,1.);
#1460 = DIRECTION('',(-0.264601011963,0.964357975271));
#1461 = ( GEOMETRIC_REPRESENTATION_CONTEXT(2) 
PARAMETRIC_REPRESENTATION_CONTEXT() REPRESENTATION_CONTEXT('2D SPACE',''
  ) );
#1462 = PCURVE('',#1463,#1500);
#1463 = B_SPLINE_SURFACE_WITH_KNOTS('',3,3,(
    (#1464,#1465,#1466,#1467,#1468,#1469)
    ,(#1470,#1471,#1472,#1473,#1474,#1475)
    ,(#1476,#1477,#1478,#1479,#1480,#1481)
    ,(#1482,#1483,#1484,#1485,#1486,#1487)
    ,(#1488,#1489,#1490,#1491,#1492,#1493)
    ,(#1494,#1495,#1496,#1497,#1498,#1499
    )),.UNSPECIFIED.,.F.,.F.,.F.,(4,2,4),(4,2,4),(0.,0.865047346,
    0.865216229849),(0.,0.5,0.625),.UNSPECIFIED.);
#1464 = CARTESIAN_POINT('',(1.275447233,43.785951702,-9.4));
#1465 = CARTESIAN_POINT('',(0.593872294,43.935396478,-8.066666667));
#1466 = CARTESIAN_POINT('',(-0.114198436,43.962071012,-6.733333333));
#1467 = CARTESIAN_POINT('',(-0.977832918,43.840572047,-5.066666667));
#1468 = CARTESIAN_POINT('',(-1.149454781,43.808534696,-4.733333333));
#1469 = CARTESIAN_POINT('',(-1.319320674,43.768964576,-4.4));
#1470 = CARTESIAN_POINT('',(1.229752074,43.577228237,-9.4));
#1471 = CARTESIAN_POINT('',(0.572897891,43.721252644,-8.066666667));
#1472 = CARTESIAN_POINT('',(-0.109489966,43.746962477,-6.733333333));
#1473 = CARTESIAN_POINT('',(-0.94180223,43.629870026,-5.066666667));
#1474 = CARTESIAN_POINT('',(-1.107199521,43.598994485,-4.733333333));
#1475 = CARTESIAN_POINT('',(-1.270904406,43.560859323,-4.4));
#1476 = CARTESIAN_POINT('',(1.184056916,43.368504773,-9.4));
#1477 = CARTESIAN_POINT('',(0.551923348,43.507120046,-8.066666667));
#1478 = CARTESIAN_POINT('',(-0.104784398,43.531846648,-6.733333333));
#1479 = CARTESIAN_POINT('',(-0.90576963,43.419161387,-5.066666667));
#1480 = CARTESIAN_POINT('',(-1.064942113,43.389448822,-4.733333333));
#1481 = CARTESIAN_POINT('',(-1.222486129,43.352750125,-4.4));
#1482 = CARTESIAN_POINT('',(1.138352835885,43.1597405587,-9.4));
#1483 = CARTESIAN_POINT('',(0.530944990481,43.292923177705,-8.066666667)
  );
#1484 = CARTESIAN_POINT('',(-0.100075777999,43.316694230876,-6.733333333
    ));
#1485 = CARTESIAN_POINT('',(-0.869731409006,43.208416522889,-5.066666667
    ));
#1486 = CARTESIAN_POINT('',(-1.022677808867,43.17986544413,-4.733333333)
  );
#1487 = CARTESIAN_POINT('',(-1.174059356783,43.144601308895,-4.4));
#1488 = CARTESIAN_POINT('',(1.138343914768,43.159699809388,-9.4));
#1489 = CARTESIAN_POINT('',(0.530940894827,43.292881367286,-8.066666667)
  );
#1490 = CARTESIAN_POINT('',(-0.100074859015,43.31665223476,-6.733333333)
  );
#1491 = CARTESIAN_POINT('',(-0.869724373896,43.208375386728,-5.066666667
    ));
#1492 = CARTESIAN_POINT('',(-1.022669558647,43.179824534118,-4.733333333
    ));
#1493 = CARTESIAN_POINT('',(-1.17404990463,43.144560679792,-4.4));
#1494 = CARTESIAN_POINT('',(1.138334993653,43.159659060084,-9.4));
#1495 = CARTESIAN_POINT('',(0.530936800555,43.292839558242,-8.066666667)
  );
#1496 = CARTESIAN_POINT('',(-0.100073940021,43.31661023864,-6.733333333)
  );
#1497 = CARTESIAN_POINT('',(-0.869717340157,43.208334250596,-5.066666667
    ));
#1498 = CARTESIAN_POINT('',(-1.022661309782,43.179783625491,-4.733333333
    ));
#1499 = CARTESIAN_POINT('',(-1.17404045244,43.144520050687,-4.4));
#1500 = DEFINITIONAL_REPRESENTATION('',(#1501),#1504);
#1501 = B_SPLINE_CURVE_WITH_KNOTS('',1,(#1502,#1503),.UNSPECIFIED.,.F.,
  .F.,(2,2),(0.,0.641000616231),.PIECEWISE_BEZIER_KNOTS.);
#1502 = CARTESIAN_POINT('',(2.070586671127E-15,-1.752419334164E-16));
#1503 = CARTESIAN_POINT('',(0.865047345871,-1.239850584823E-11));
#1504 = ( GEOMETRIC_REPRESENTATION_CONTEXT(2) 
PARAMETRIC_REPRESENTATION_CONTEXT() REPRESENTATION_CONTEXT('2D SPACE',''
  ) );
#1505 = ORIENTED_EDGE('',*,*,#1506,.F.);
#1506 = EDGE_CURVE('',#1507,#1448,#1509,.T.);
#1507 = VERTEX_POINT('',#1508);
#1508 = CARTESIAN_POINT('',(2.489316938,45.111546732,-9.4));
#1509 = SURFACE_CURVE('',#1510,(#1563,#1619),.PCURVE_S1.);
#1510 = B_SPLINE_CURVE_WITH_KNOTS('',3,(#1511,#1512,#1513,#1514,#1515,
    #1516,#1517,#1518,#1519,#1520,#1521,#1522,#1523,#1524,#1525,#1526,
    #1527,#1528,#1529,#1530,#1531,#1532,#1533,#1534,#1535,#1536,#1537,
    #1538,#1539,#1540,#1541,#1542,#1543,#1544,#1545,#1546,#1547,#1548,
    #1549,#1550,#1551,#1552,#1553,#1554,#1555,#1556,#1557,#1558,#1559,
    #1560,#1561,#1562),.UNSPECIFIED.,.F.,.F.,(4,3,3,3,3,3,3,3,3,3,3,3,3,
    3,3,3,3,4),(0.,2.28581E-04,4.57162E-04,6.046493090916E-04,
    7.472374244529E-04,8.654451306941E-04,9.14323E-04,1.021576536823E-03
    ,1.145708108997E-03,1.277598614547E-03,1.33478214259E-03,
    1.370645504704E-03,1.405213035394E-03,1.511071276545E-03,
    1.605347116521E-03,1.694839614175E-03,1.778305337072E-03,
    1.828646E-03),.UNSPECIFIED.);
#1511 = CARTESIAN_POINT('',(2.489316938,45.111546732,-9.4));
#1512 = CARTESIAN_POINT('',(2.424874554078,45.070471860377,
    -9.399999999924));
#1513 = CARTESIAN_POINT('',(2.361550297047,45.027921375746,
    -9.399999999907));
#1514 = CARTESIAN_POINT('',(2.299420061739,44.983769586691,
    -9.399999999906));
#1515 = CARTESIAN_POINT('',(2.237289826431,44.939617797636,
    -9.399999999905));
#1516 = CARTESIAN_POINT('',(2.176352935223,44.8938646387,-9.399999999918
    ));
#1517 = CARTESIAN_POINT('',(2.116739020218,44.846363660948,
    -9.399999999901));
#1518 = CARTESIAN_POINT('',(2.078274336326,44.815714607056,
    -9.39999999989));
#1519 = CARTESIAN_POINT('',(2.040086821956,44.784112385962,
    -9.399999999896));
#1520 = CARTESIAN_POINT('',(2.002545810192,44.751754511561,
    -9.39999999991));
#1521 = CARTESIAN_POINT('',(1.966251825651,44.720471492321,
    -9.399999999923));
#1522 = CARTESIAN_POINT('',(1.93056236864,44.688482365496,
    -9.399999999943));
#1523 = CARTESIAN_POINT('',(1.895770579149,44.655991471112,
    -9.399999999961));
#1524 = CARTESIAN_POINT('',(1.866927658957,44.629056027796,
    -9.399999999976));
#1525 = CARTESIAN_POINT('',(1.838701055808,44.601776221274,
    -9.399999999989));
#1526 = CARTESIAN_POINT('',(1.811233729359,44.574281310146,
    -9.399999999996));
#1527 = CARTESIAN_POINT('',(1.799876226239,44.562912401,-9.399999999998)
  );
#1528 = CARTESIAN_POINT('',(1.788498907422,44.551379062196,-9.4));
#1529 = CARTESIAN_POINT('',(1.777132850557,44.53970047863,-9.4));
#1530 = CARTESIAN_POINT('',(1.752192119387,44.514073964824,-9.4));
#1531 = CARTESIAN_POINT('',(1.727557212479,44.48800739066,-9.4));
#1532 = CARTESIAN_POINT('',(1.70334920796,44.461541370674,-9.4));
#1533 = CARTESIAN_POINT('',(1.675331692182,44.430910505089,-9.4));
#1534 = CARTESIAN_POINT('',(1.647884796654,44.399744957588,-9.4));
#1535 = CARTESIAN_POINT('',(1.621156199418,44.368048984578,-9.4));
#1536 = CARTESIAN_POINT('',(1.59275691195,44.334371831933,-9.4));
#1537 = CARTESIAN_POINT('',(1.565165691139,44.300095202621,-9.4));
#1538 = CARTESIAN_POINT('',(1.538551407801,44.265165978834,-9.4));
#1539 = CARTESIAN_POINT('',(1.52701230109,44.250021778426,-9.4));
#1540 = CARTESIAN_POINT('',(1.515657003415,44.234754254601,-9.4));
#1541 = CARTESIAN_POINT('',(1.504501001728,44.219356490279,-9.4));
#1542 = CARTESIAN_POINT('',(1.497504376268,44.209699590529,-9.4));
#1543 = CARTESIAN_POINT('',(1.490586169116,44.199991435002,-9.4));
#1544 = CARTESIAN_POINT('',(1.483750591091,44.190230073479,-9.4));
#1545 = CARTESIAN_POINT('',(1.4771619993,44.180821413942,-9.4));
#1546 = CARTESIAN_POINT('',(1.470655694883,44.171371209229,-9.4));
#1547 = CARTESIAN_POINT('',(1.464235016148,44.161877277549,-9.4));
#1548 = CARTESIAN_POINT('',(1.444572583099,44.13280343602,-9.4));
#1549 = CARTESIAN_POINT('',(1.425706708547,44.1033167184,-9.4));
#1550 = CARTESIAN_POINT('',(1.407738108518,44.073308553106,-9.4));
#1551 = CARTESIAN_POINT('',(1.391735529574,44.046583709028,-9.4));
#1552 = CARTESIAN_POINT('',(1.376444389684,44.019444790644,-9.4));
#1553 = CARTESIAN_POINT('',(1.361977679941,43.991808736718,-9.4));
#1554 = CARTESIAN_POINT('',(1.348244978243,43.965574873496,-9.4));
#1555 = CARTESIAN_POINT('',(1.335254703984,43.938892765395,-9.4));
#1556 = CARTESIAN_POINT('',(1.323148760954,43.911690316478,-9.4));
#1557 = CARTESIAN_POINT('',(1.311858079468,43.886319786847,-9.4));
#1558 = CARTESIAN_POINT('',(1.301336431567,43.860496450776,-9.4));
#1559 = CARTESIAN_POINT('',(1.291743654422,43.834164065829,-9.4));
#1560 = CARTESIAN_POINT('',(1.285957964872,43.81828222034,-9.4));
#1561 = CARTESIAN_POINT('',(1.280511040797,43.802215254825,-9.4));
#1562 = CARTESIAN_POINT('',(1.275447233,43.785951702,-9.4));
#1563 = PCURVE('',#66,#1564);
#1564 = DEFINITIONAL_REPRESENTATION('',(#1565),#1618);
#1565 = B_SPLINE_CURVE_WITH_KNOTS('',3,(#1566,#1567,#1568,#1569,#1570,
    #1571,#1572,#1573,#1574,#1575,#1576,#1577,#1578,#1579,#1580,#1581,
    #1582,#1583,#1584,#1585,#1586,#1587,#1588,#1589,#1590,#1591,#1592,
    #1593,#1594,#1595,#1596,#1597,#1598,#1599,#1600,#1601,#1602,#1603,
    #1604,#1605,#1606,#1607,#1608,#1609,#1610,#1611,#1612,#1613,#1614,
    #1615,#1616,#1617),.UNSPECIFIED.,.F.,.F.,(4,3,3,3,3,3,3,3,3,3,3,3,3,
    3,3,3,3,4),(0.,2.28581E-04,4.57162E-04,6.046493090916E-04,
    7.472374244529E-04,8.654451306941E-04,9.14323E-04,1.021576536823E-03
    ,1.145708108997E-03,1.277598614547E-03,1.33478214259E-03,
    1.370645504704E-03,1.405213035394E-03,1.511071276545E-03,
    1.605347116521E-03,1.694839614175E-03,1.778305337072E-03,
    1.828646E-03),.UNSPECIFIED.);
#1566 = CARTESIAN_POINT('',(1.099961877341,-7.418900448832));
#1567 = CARTESIAN_POINT('',(1.137934685988,-7.352582791094));
#1568 = CARTESIAN_POINT('',(1.174231695112,-7.285478153403));
#1569 = CARTESIAN_POINT('',(1.208727291868,-7.21751051095));
#1570 = CARTESIAN_POINT('',(1.243222888624,-7.149542868497));
#1571 = CARTESIAN_POINT('',(1.275917642602,-7.080711848419));
#1572 = CARTESIAN_POINT('',(1.306628712434,-7.010948018683));
#1573 = CARTESIAN_POINT('',(1.326444414741,-6.965934305734));
#1574 = CARTESIAN_POINT('',(1.34557174058,-6.920205408546));
#1575 = CARTESIAN_POINT('',(1.363775449169,-6.874107853365));
#1576 = CARTESIAN_POINT('',(1.381374471866,-6.829541554363));
#1577 = CARTESIAN_POINT('',(1.398110069311,-6.784630961459));
#1578 = CARTESIAN_POINT('',(1.413817638775,-6.739693236824));
#1579 = CARTESIAN_POINT('',(1.426839451654,-6.702439182801));
#1580 = CARTESIAN_POINT('',(1.439155509432,-6.665166623323));
#1581 = CARTESIAN_POINT('',(1.450699296113,-6.628056447505));
#1582 = CARTESIAN_POINT('',(1.455472552567,-6.612711709152));
#1583 = CARTESIAN_POINT('',(1.460186941509,-6.597212166439));
#1584 = CARTESIAN_POINT('',(1.464823860544,-6.581589249149));
#1585 = CARTESIAN_POINT('',(1.474998730551,-6.547307617019));
#1586 = CARTESIAN_POINT('',(1.484698301708,-6.512778451863));
#1587 = CARTESIAN_POINT('',(1.493834238676,-6.478093983402));
#1588 = CARTESIAN_POINT('',(1.504407859395,-6.437951366874));
#1589 = CARTESIAN_POINT('',(1.514227743018,-6.397600489427));
#1590 = CARTESIAN_POINT('',(1.523165104794,-6.357113748637));
#1591 = CARTESIAN_POINT('',(1.53266110281,-6.314096354938));
#1592 = CARTESIAN_POINT('',(1.541163003469,-6.270923672974));
#1593 = CARTESIAN_POINT('',(1.548496593849,-6.227627146506));
#1594 = CARTESIAN_POINT('',(1.551676205371,-6.208855149802));
#1595 = CARTESIAN_POINT('',(1.554635750953,-6.190059374772));
#1596 = CARTESIAN_POINT('',(1.557358303046,-6.1712408937));
#1597 = CARTESIAN_POINT('',(1.559065785514,-6.159438648819));
#1598 = CARTESIAN_POINT('',(1.560680012318,-6.147627461506));
#1599 = CARTESIAN_POINT('',(1.562196348653,-6.135807561767));
#1600 = CARTESIAN_POINT('',(1.563657896029,-6.124414744058));
#1601 = CARTESIAN_POINT('',(1.565027274541,-6.113023380278));
#1602 = CARTESIAN_POINT('',(1.566300514336,-6.101633089914));
#1603 = CARTESIAN_POINT('',(1.570199633613,-6.066751914424));
#1604 = CARTESIAN_POINT('',(1.573201562257,-6.031875329686));
#1605 = CARTESIAN_POINT('',(1.575166665191,-5.996954004657));
#1606 = CARTESIAN_POINT('',(1.576916757841,-5.965853570583));
#1607 = CARTESIAN_POINT('',(1.577844472762,-5.934717109718));
#1608 = CARTESIAN_POINT('',(1.577811160942,-5.903523583824));
#1609 = CARTESIAN_POINT('',(1.577779539288,-5.873912746694));
#1610 = CARTESIAN_POINT('',(1.576882221282,-5.84425002702));
#1611 = CARTESIAN_POINT('',(1.574960052693,-5.814537532146));
#1612 = CARTESIAN_POINT('',(1.573167330454,-5.786825992868));
#1613 = CARTESIAN_POINT('',(1.570483233381,-5.75907089634));
#1614 = CARTESIAN_POINT('',(1.566740095395,-5.731296721494));
#1615 = CARTESIAN_POINT('',(1.564482497412,-5.714545289583));
#1616 = CARTESIAN_POINT('',(1.561838907967,-5.697787372123));
#1617 = CARTESIAN_POINT('',(1.558764727205,-5.681033425946));
#1618 = ( GEOMETRIC_REPRESENTATION_CONTEXT(2) 
PARAMETRIC_REPRESENTATION_CONTEXT() REPRESENTATION_CONTEXT('2D SPACE',''
  ) );
#1619 = PCURVE('',#1620,#1657);
#1620 = B_SPLINE_SURFACE_WITH_KNOTS('',3,3,(
    (#1621,#1622,#1623,#1624,#1625,#1626)
    ,(#1627,#1628,#1629,#1630,#1631,#1632)
    ,(#1633,#1634,#1635,#1636,#1637,#1638)
    ,(#1639,#1640,#1641,#1642,#1643,#1644)
    ,(#1645,#1646,#1647,#1648,#1649,#1650)
    ,(#1651,#1652,#1653,#1654,#1655,#1656
    )),.UNSPECIFIED.,.F.,.F.,.F.,(4,2,4),(4,2,4),(0.,0.475892875,1.),(0.
    ,0.5,0.625000003),.UNSPECIFIED.);
#1621 = CARTESIAN_POINT('',(2.489316938,45.111546732,-9.4));
#1622 = CARTESIAN_POINT('',(1.650776585,45.404820239,-8.066666667));
#1623 = CARTESIAN_POINT('',(0.759944507,45.546983269,-6.733333333));
#1624 = CARTESIAN_POINT('',(-0.350196251,45.525701032,-5.066666659));
#1625 = CARTESIAN_POINT('',(-0.572012918,45.511496078,-4.733333317));
#1626 = CARTESIAN_POINT('',(-0.792764015,45.487501695,-4.399999976));
#1627 = CARTESIAN_POINT('',(2.236273854,44.950259834,-9.4));
#1628 = CARTESIAN_POINT('',(1.417433538,45.213251034,-8.066666667));
#1629 = CARTESIAN_POINT('',(0.550458627,45.32918017,-6.733333333));
#1630 = CARTESIAN_POINT('',(-0.524211711,45.281118896,-5.066666659));
#1631 = CARTESIAN_POINT('',(-0.738659095,45.261871733,-4.733333317));
#1632 = CARTESIAN_POINT('',(-0.951825506,45.2331665,-4.399999976));
#1633 = CARTESIAN_POINT('',(2.007197735,44.770442117,-9.4));
#1634 = CARTESIAN_POINT('',(1.208919251,45.00693638,-8.066666667));
#1635 = CARTESIAN_POINT('',(0.368896301,45.0988913,-6.733333333));
#1636 = CARTESIAN_POINT('',(-0.669139574,45.028316584,-5.066666659));
#1637 = CARTESIAN_POINT('',(-0.876099346,45.004905227,-4.733333317));
#1638 = CARTESIAN_POINT('',(-1.081613155,44.972379991,-4.399999976));
#1639 = CARTESIAN_POINT('',(1.595415975,44.358246816,-9.4));
#1640 = CARTESIAN_POINT('',(0.846200646,44.545170128,-8.066666667));
#1641 = CARTESIAN_POINT('',(6.3361061E-02,44.598105823,-6.733333333));
#1642 = CARTESIAN_POINT('',(-0.896079684,44.491404295,-5.066666659));
#1643 = CARTESIAN_POINT('',(-1.086995028,44.461472808,-4.733333317));
#1644 = CARTESIAN_POINT('',(-1.276214716,44.423156242,-4.399999976));
#1645 = CARTESIAN_POINT('',(1.365839053,44.076265276,-9.4));
#1646 = CARTESIAN_POINT('',(0.651787317,44.236072895,-8.066666667));
#1647 = CARTESIAN_POINT('',(-9.4461143E-02,44.267533184,-6.733333333));
#1648 = CARTESIAN_POINT('',(-1.002999838,44.143765556,-5.066666659));
#1649 = CARTESIAN_POINT('',(-1.183472223,44.110891486,-4.733333317));
#1650 = CARTESIAN_POINT('',(-1.362107519,44.070089058,-4.399999976));
#1651 = CARTESIAN_POINT('',(1.275447233,43.785951702,-9.4));
#1652 = CARTESIAN_POINT('',(0.593872294,43.935396478,-8.066666667));
#1653 = CARTESIAN_POINT('',(-0.114198399,43.962069713,-6.733333333));
#1654 = CARTESIAN_POINT('',(-0.977832707,43.840570773,-5.066666659));
#1655 = CARTESIAN_POINT('',(-1.149454566,43.808533504,-4.733333317));
#1656 = CARTESIAN_POINT('',(-1.319320474,43.768963503,-4.399999976));
#1657 = DEFINITIONAL_REPRESENTATION('',(#1658),#1661);
#1658 = B_SPLINE_CURVE_WITH_KNOTS('',1,(#1659,#1660),.UNSPECIFIED.,.F.,
  .F.,(2,2),(0.,1.828646E-03),.PIECEWISE_BEZIER_KNOTS.);
#1659 = CARTESIAN_POINT('',(2.14710347473E-15,-2.715873362251E-16));
#1660 = CARTESIAN_POINT('',(1.,-1.519405566558E-16));
#1661 = ( GEOMETRIC_REPRESENTATION_CONTEXT(2) 
PARAMETRIC_REPRESENTATION_CONTEXT() REPRESENTATION_CONTEXT('2D SPACE',''
  ) );
#1662 = ORIENTED_EDGE('',*,*,#1663,.F.);
#1663 = EDGE_CURVE('',#1664,#1507,#1666,.T.);
#1664 = VERTEX_POINT('',#1665);
#1665 = CARTESIAN_POINT('',(2.859008683,44.971343418,-9.4));
#1666 = SURFACE_CURVE('',#1667,(#1672,#1679),.PCURVE_S1.);
#1667 = CIRCLE('',#1668,7.499992909122);
#1668 = AXIS2_PLACEMENT_3D('',#1669,#1670,#1671);
#1669 = CARTESIAN_POINT('',(1.5590402077E-02,38.031252199825,-9.4));
#1670 = DIRECTION('',(0.,0.,1.));
#1671 = DIRECTION('',(0.329830516628,0.9440401635,-0.));
#1672 = PCURVE('',#66,#1673);
#1673 = DEFINITIONAL_REPRESENTATION('',(#1674),#1678);
#1674 = CIRCLE('',#1675,7.499992909122);
#1675 = AXIS2_PLACEMENT_2D('',#1676,#1677);
#1676 = CARTESIAN_POINT('',(8.500427056712E-07,-7.042446427366E-06));
#1677 = DIRECTION('',(0.146661608968,-0.989186722745));
#1678 = ( GEOMETRIC_REPRESENTATION_CONTEXT(2) 
PARAMETRIC_REPRESENTATION_CONTEXT() REPRESENTATION_CONTEXT('2D SPACE',''
  ) );
#1679 = PCURVE('',#1680,#1717);
#1680 = B_SPLINE_SURFACE_WITH_KNOTS('',3,3,(
    (#1681,#1682,#1683,#1684,#1685,#1686)
    ,(#1687,#1688,#1689,#1690,#1691,#1692)
    ,(#1693,#1694,#1695,#1696,#1697,#1698)
    ,(#1699,#1700,#1701,#1702,#1703,#1704)
    ,(#1705,#1706,#1707,#1708,#1709,#1710)
    ,(#1711,#1712,#1713,#1714,#1715,#1716
    )),.UNSPECIFIED.,.F.,.F.,.F.,(4,2,4),(4,2,4),(0.,0.5,1.),(0.,0.5,
    0.625000001),.UNSPECIFIED.);
#1681 = CARTESIAN_POINT('',(2.859008683,44.971343418,-9.4));
#1682 = CARTESIAN_POINT('',(2.037088962,45.308400156,-8.066666667));
#1683 = CARTESIAN_POINT('',(1.154986703,45.497312075,-6.733333333));
#1684 = CARTESIAN_POINT('',(4.5267036E-02,45.534563412,-5.066666665));
#1685 = CARTESIAN_POINT('',(-0.176989987,45.532067859,-4.73333333));
#1686 = CARTESIAN_POINT('',(-0.398698821,45.519740326,-4.399999995));
#1687 = CARTESIAN_POINT('',(2.798023674,44.996329527,-9.4));
#1688 = CARTESIAN_POINT('',(1.973137408,45.326146149,-8.066666667));
#1689 = CARTESIAN_POINT('',(1.089378448,45.507323932,-6.733333333));
#1690 = CARTESIAN_POINT('',(-2.0665851E-02,45.534824289,-5.066666665));
#1691 = CARTESIAN_POINT('',(-0.242900484,45.530374624,-4.73333333));
#1692 = CARTESIAN_POINT('',(-0.464500664,45.516097487,-4.399999995));
#1693 = CARTESIAN_POINT('',(2.736709304,45.020511748,-9.4));
#1694 = CARTESIAN_POINT('',(1.908960967,45.343084504,-8.066666667));
#1695 = CARTESIAN_POINT('',(1.023640187,45.516472318,-6.733333333));
#1696 = CARTESIAN_POINT('',(-8.6605622E-02,45.534215773,-5.066666665));
#1697 = CARTESIAN_POINT('',(-0.308793003,45.527814349,-4.73333333));
#1698 = CARTESIAN_POINT('',(-0.530259442,45.511591756,-4.399999995));
#1699 = CARTESIAN_POINT('',(2.613464448,45.0672516,-9.4));
#1700 = CARTESIAN_POINT('',(1.780175569,45.375228177,-8.066666667));
#1701 = CARTESIAN_POINT('',(0.891945768,45.533030309,-6.733333333));
#1702 = CARTESIAN_POINT('',(-0.218440407,45.531261504,-5.066666665));
#1703 = CARTESIAN_POINT('',(-0.440481062,45.520956621,-4.73333333));
#1704 = CARTESIAN_POINT('',(-0.66162834,45.500844682,-4.399999995));
#1705 = CARTESIAN_POINT('',(2.551533962,45.08980923,-9.4));
#1706 = CARTESIAN_POINT('',(1.715566614,45.390433495,-8.066666667));
#1707 = CARTESIAN_POINT('',(0.825984905,45.540442695,-6.733333333));
#1708 = CARTESIAN_POINT('',(-0.284340152,45.528915099,-5.066666665));
#1709 = CARTESIAN_POINT('',(-0.506281039,45.51665817,-4.73333333));
#1710 = CARTESIAN_POINT('',(-0.727242456,45.494602209,-4.399999995));
#1711 = CARTESIAN_POINT('',(2.489316938,45.111546732,-9.4));
#1712 = CARTESIAN_POINT('',(1.650776585,45.404820239,-8.066666667));
#1713 = CARTESIAN_POINT('',(0.759944499,45.546983189,-6.733333333));
#1714 = CARTESIAN_POINT('',(-0.350196242,45.525700952,-5.066666665));
#1715 = CARTESIAN_POINT('',(-0.572012904,45.511496004,-4.73333333));
#1716 = CARTESIAN_POINT('',(-0.792763997,45.487501629,-4.399999995));
#1717 = DEFINITIONAL_REPRESENTATION('',(#1718),#1721);
#1718 = B_SPLINE_CURVE_WITH_KNOTS('',1,(#1719,#1720),.UNSPECIFIED.,.F.,
  .F.,(2,2),(6.230461208488,6.28318530718),.PIECEWISE_BEZIER_KNOTS.);
#1719 = CARTESIAN_POINT('',(7.422962030832E-15,1.17410190584E-17));
#1720 = CARTESIAN_POINT('',(1.,-1.308590069948E-16));
#1721 = ( GEOMETRIC_REPRESENTATION_CONTEXT(2) 
PARAMETRIC_REPRESENTATION_CONTEXT() REPRESENTATION_CONTEXT('2D SPACE',''
  ) );
#1722 = ORIENTED_EDGE('',*,*,#1723,.F.);
#1723 = EDGE_CURVE('',#1724,#1664,#1726,.T.);
#1724 = VERTEX_POINT('',#1725);
#1725 = CARTESIAN_POINT('',(2.888590407,43.174177102,-9.4));
#1726 = SURFACE_CURVE('',#1727,(#1774,#1824),.PCURVE_S1.);
#1727 = B_SPLINE_CURVE_WITH_KNOTS('',3,(#1728,#1729,#1730,#1731,#1732,
    #1733,#1734,#1735,#1736,#1737,#1738,#1739,#1740,#1741,#1742,#1743,
    #1744,#1745,#1746,#1747,#1748,#1749,#1750,#1751,#1752,#1753,#1754,
    #1755,#1756,#1757,#1758,#1759,#1760,#1761,#1762,#1763,#1764,#1765,
    #1766,#1767,#1768,#1769,#1770,#1771,#1772,#1773),.UNSPECIFIED.,.F.,
  .F.,(4,3,3,3,3,3,3,3,3,3,3,3,3,3,3,4),(0.,8.233590645455E-05,
    1.688508274928E-04,2.627234476645E-04,3.663119267432E-04,4.53646E-04
    ,5.833637289468E-04,7.103071630623E-04,8.206471458396E-04,
    9.07292E-04,9.556724782503E-04,1.096538791483E-03,1.241961404146E-03
    ,1.360938E-03,1.587761E-03,1.814584E-03),.UNSPECIFIED.);
#1728 = CARTESIAN_POINT('',(2.888590407,43.174177102,-9.4));
#1729 = CARTESIAN_POINT('',(2.90011749518,43.199774179777,
    -9.399999999936));
#1730 = CARTESIAN_POINT('',(2.910513856832,43.22566024711,
    -9.399999999896));
#1731 = CARTESIAN_POINT('',(2.919954715103,43.251750002723,
    -9.399999999868));
#1732 = CARTESIAN_POINT('',(2.929874750517,43.279163961516,
    -9.399999999839));
#1733 = CARTESIAN_POINT('',(2.938739677174,43.306803217965,
    -9.399999999823));
#1734 = CARTESIAN_POINT('',(2.946712824108,43.334610461476,
    -9.399999999809));
#1735 = CARTESIAN_POINT('',(2.955364050794,43.364782584121,
    -9.399999999794));
#1736 = CARTESIAN_POINT('',(2.962965389011,43.39515284381,
    -9.399999999781));
#1737 = CARTESIAN_POINT('',(2.96968032121,43.425689967562,
    -9.399999999754));
#1738 = CARTESIAN_POINT('',(2.977090251947,43.459387697518,
    -9.399999999724));
#1739 = CARTESIAN_POINT('',(2.983420884564,43.493289237616,
    -9.399999999678));
#1740 = CARTESIAN_POINT('',(2.988837893749,43.527393880234,
    -9.399999999594));
#1741 = CARTESIAN_POINT('',(2.993404902371,43.556147052241,
    -9.399999999523));
#1742 = CARTESIAN_POINT('',(2.99732131761,43.585045740607,
    -9.399999999425));
#1743 = CARTESIAN_POINT('',(3.000661304821,43.614102818154,
    -9.399999999288));
#1744 = CARTESIAN_POINT('',(3.005622204269,43.65726143848,
    -9.399999999085));
#1745 = CARTESIAN_POINT('',(3.009295162564,43.700616324774,
    -9.399999990862));
#1746 = CARTESIAN_POINT('',(3.01187436689,43.744108373588,
    -9.399999980393));
#1747 = CARTESIAN_POINT('',(3.014398409341,43.786670250657,
    -9.399999970148));
#1748 = CARTESIAN_POINT('',(3.01587348876,43.829366079966,
    -9.399999957753));
#1749 = CARTESIAN_POINT('',(3.016437079699,43.872124139512,
    -9.39999994862));
#1750 = CARTESIAN_POINT('',(3.016926956272,43.909289697438,
    -9.399999940681));
#1751 = CARTESIAN_POINT('',(3.016726993324,43.946503145997,
    -9.399999935207));
#1752 = CARTESIAN_POINT('',(3.015911911167,43.98368376682,
    -9.399999935751));
#1753 = CARTESIAN_POINT('',(3.015271865076,44.012879978271,
    -9.399999936179));
#1754 = CARTESIAN_POINT('',(3.014252125087,44.042055592777,
    -9.399999940318));
#1755 = CARTESIAN_POINT('',(3.012886859811,44.071148706838,
    -9.399999949889));
#1756 = CARTESIAN_POINT('',(3.012124527326,44.087393627389,
    -9.399999955233));
#1757 = CARTESIAN_POINT('',(3.011257937143,44.10353684979,
    -9.399999960007));
#1758 = CARTESIAN_POINT('',(3.010297591986,44.11954367753,
    -9.399999964271));
#1759 = CARTESIAN_POINT('',(3.007501417029,44.166149723849,
    -9.399999976687));
#1760 = CARTESIAN_POINT('',(3.003678201562,44.213243969686,
    -9.399999984783));
#1761 = CARTESIAN_POINT('',(2.998869952743,44.260493136321,
    -9.399999990063));
#1762 = CARTESIAN_POINT('',(2.99390618185,44.30927057005,-9.399999995513
    ));
#1763 = CARTESIAN_POINT('',(2.987892616325,44.358212817069,
    -9.399999997963));
#1764 = CARTESIAN_POINT('',(2.980930824467,44.406940558612,
    -9.399999999066));
#1765 = CARTESIAN_POINT('',(2.975235078248,44.446806853861,
    -9.399999999969));
#1766 = CARTESIAN_POINT('',(2.96890577534,44.486529237724,-9.39999999997
    ));
#1767 = CARTESIAN_POINT('',(2.962024115919,44.525896243004,
    -9.399999999976));
#1768 = CARTESIAN_POINT('',(2.948904572333,44.600947492998,
    -9.399999999988));
#1769 = CARTESIAN_POINT('',(2.933636305412,44.675576726125,
    -9.399999999937));
#1770 = CARTESIAN_POINT('',(2.916411989609,44.749806758578,
    -9.399999999911));
#1771 = CARTESIAN_POINT('',(2.899187673805,44.824036791032,
    -9.399999999886));
#1772 = CARTESIAN_POINT('',(2.88000685071,44.89786811656,-9.399999999886
    ));
#1773 = CARTESIAN_POINT('',(2.859008683,44.971343418,-9.4));
#1774 = PCURVE('',#66,#1775);
#1775 = DEFINITIONAL_REPRESENTATION('',(#1776),#1823);
#1776 = B_SPLINE_CURVE_WITH_KNOTS('',3,(#1777,#1778,#1779,#1780,#1781,
    #1782,#1783,#1784,#1785,#1786,#1787,#1788,#1789,#1790,#1791,#1792,
    #1793,#1794,#1795,#1796,#1797,#1798,#1799,#1800,#1801,#1802,#1803,
    #1804,#1805,#1806,#1807,#1808,#1809,#1810,#1811,#1812,#1813,#1814,
    #1815,#1816,#1817,#1818,#1819,#1820,#1821,#1822),.UNSPECIFIED.,.F.,
  .F.,(4,3,3,3,3,3,3,3,3,3,3,3,3,3,3,4),(0.,8.233590645455E-05,
    1.688508274928E-04,2.627234476645E-04,3.663119267432E-04,4.53646E-04
    ,5.833637289468E-04,7.103071630623E-04,8.206471458396E-04,
    9.07292E-04,9.556724782503E-04,1.096538791483E-03,1.241961404146E-03
    ,1.360938E-03,1.587761E-03,1.814584E-03),.UNSPECIFIED.);
#1777 = CARTESIAN_POINT('',(-0.153909565898,-5.888989735711));
#1778 = CARTESIAN_POINT('',(-0.152220890885,-5.917011736519));
#1779 = CARTESIAN_POINT('',(-0.149396705663,-5.944764156152));
#1780 = CARTESIAN_POINT('',(-0.145631804135,-5.972252893287));
#1781 = CARTESIAN_POINT('',(-0.141675812486,-6.001136839855));
#1782 = CARTESIAN_POINT('',(-0.136680865828,-6.029729949683));
#1783 = CARTESIAN_POINT('',(-0.130818218532,-6.058057378624));
#1784 = CARTESIAN_POINT('',(-0.124456979844,-6.088793926094));
#1785 = CARTESIAN_POINT('',(-0.117074030531,-6.119218013192));
#1786 = CARTESIAN_POINT('',(-0.108828660653,-6.149377922293));
#1787 = CARTESIAN_POINT('',(-9.97298912395E-02,-6.182659395712));
#1788 = CARTESIAN_POINT('',(-8.958073378255E-02,-6.215619764843));
#1789 = CARTESIAN_POINT('',(-7.852821519185E-02,-6.248335395197));
#1790 = CARTESIAN_POINT('',(-6.920998331067E-02,-6.27591750938));
#1791 = CARTESIAN_POINT('',(-5.924805384229E-02,-6.303326129536));
#1792 = CARTESIAN_POINT('',(-4.870211489587E-02,-6.330607120021));
#1793 = CARTESIAN_POINT('',(-3.3038179862E-02,-6.371127709492));
#1794 = CARTESIAN_POINT('',(-1.614261794938E-02,-6.411223554362));
#1795 = CARTESIAN_POINT('',(1.785159683223E-03,-6.450932563342));
#1796 = CARTESIAN_POINT('',(1.932951292791E-02,-6.489792309084));
#1797 = CARTESIAN_POINT('',(3.786492950173E-02,-6.528283191539));
#1798 = CARTESIAN_POINT('',(5.723635085359E-02,-6.566405590804));
#1799 = CARTESIAN_POINT('',(7.407410471797E-02,-6.599541805431));
#1800 = CARTESIAN_POINT('',(9.15449385234E-02,-6.632399844097));
#1801 = CARTESIAN_POINT('',(0.109545179221,-6.664942957938));
#1802 = CARTESIAN_POINT('',(0.123679930658,-6.690497550949));
#1803 = CARTESIAN_POINT('',(0.138141313511,-6.715857455471));
#1804 = CARTESIAN_POINT('',(0.152870305199,-6.740983737307));
#1805 = CARTESIAN_POINT('',(0.161094632759,-6.75501367069));
#1806 = CARTESIAN_POINT('',(0.169364015182,-6.768905104106));
#1807 = CARTESIAN_POINT('',(0.177653028635,-6.782632196045));
#1808 = CARTESIAN_POINT('',(0.201787613651,-6.822600482899));
#1809 = CARTESIAN_POINT('',(0.227058475745,-6.862523765535));
#1810 = CARTESIAN_POINT('',(0.253273538563,-6.902126460973));
#1811 = CARTESIAN_POINT('',(0.280336523591,-6.943010099558));
#1812 = CARTESIAN_POINT('',(0.308405649992,-6.983551814577));
#1813 = CARTESIAN_POINT('',(0.337214706835,-7.023462935653));
#1814 = CARTESIAN_POINT('',(0.360784655484,-7.056115968324));
#1815 = CARTESIAN_POINT('',(0.38484871403,-7.088347147969));
#1816 = CARTESIAN_POINT('',(0.409236710385,-7.120006964376));
#1817 = CARTESIAN_POINT('',(0.455731220146,-7.180364839683));
#1818 = CARTESIAN_POINT('',(0.503932216286,-7.239350485251));
#1819 = CARTESIAN_POINT('',(0.55367969667,-7.297073643241));
#1820 = CARTESIAN_POINT('',(0.603427177054,-7.354796801232));
#1821 = CARTESIAN_POINT('',(0.654721777041,-7.411257695805));
#1822 = CARTESIAN_POINT('',(0.707460109351,-7.466558792304));
#1823 = ( GEOMETRIC_REPRESENTATION_CONTEXT(2) 
PARAMETRIC_REPRESENTATION_CONTEXT() REPRESENTATION_CONTEXT('2D SPACE',''
  ) );
#1824 = PCURVE('',#1825,#1862);
#1825 = B_SPLINE_SURFACE_WITH_KNOTS('',3,3,(
    (#1826,#1827,#1828,#1829,#1830,#1831)
    ,(#1832,#1833,#1834,#1835,#1836,#1837)
    ,(#1838,#1839,#1840,#1841,#1842,#1843)
    ,(#1844,#1845,#1846,#1847,#1848,#1849)
    ,(#1850,#1851,#1852,#1853,#1854,#1855)
    ,(#1856,#1857,#1858,#1859,#1860,#1861
    )),.UNSPECIFIED.,.F.,.F.,.F.,(4,2,4),(4,2,4),(0.,0.524107125,1.),(0.
    ,0.5,0.625),.UNSPECIFIED.);
#1826 = CARTESIAN_POINT('',(2.888590407,43.174177102,-9.4));
#1827 = CARTESIAN_POINT('',(2.279539291,43.514669211,-8.066666667));
#1828 = CARTESIAN_POINT('',(1.609561035,43.74533065,-6.733333333));
#1829 = CARTESIAN_POINT('',(0.747764096,43.879241893,-5.066666667));
#1830 = CARTESIAN_POINT('',(0.574220733,43.898298356,-4.733333333));
#1831 = CARTESIAN_POINT('',(0.400175744,43.909636415,-4.4));
#1832 = CARTESIAN_POINT('',(3.013441689,43.451422137,-9.4));
#1833 = CARTESIAN_POINT('',(2.369706133,43.807291896,-8.066666667));
#1834 = CARTESIAN_POINT('',(1.666007764,44.046383287,-6.733333333));
#1835 = CARTESIAN_POINT('',(0.759343734,44.183209036,-5.066666667));
#1836 = CARTESIAN_POINT('',(0.576680141,44.202437841,-4.733333333));
#1837 = CARTESIAN_POINT('',(0.393492628,44.213551929,-4.4));
#1838 = CARTESIAN_POINT('',(3.028585483,43.814726027,-9.4));
#1839 = CARTESIAN_POINT('',(2.343489807,44.171707715,-8.066666667));
#1840 = CARTESIAN_POINT('',(1.594785653,44.40532339,-6.733333333));
#1841 = CARTESIAN_POINT('',(0.636979317,44.525817115,-5.066666667));
#1842 = CARTESIAN_POINT('',(0.444338359,44.54128695,-4.733333333));
#1843 = CARTESIAN_POINT('',(0.251382839,44.548184201,-4.4));
#1844 = CARTESIAN_POINT('',(2.993692098,44.396320183,-9.4));
#1845 = CARTESIAN_POINT('',(2.240090487,44.749461287,-8.066666667));
#1846 = CARTESIAN_POINT('',(1.423057377,44.966440513,-6.733333333));
#1847 = CARTESIAN_POINT('',(0.386144288,45.051941872,-5.066666667));
#1848 = CARTESIAN_POINT('',(0.178028641,45.059775819,-4.733333333));
#1849 = CARTESIAN_POINT('',(-3.001708E-02,45.058392442,-4.4));
#1850 = CARTESIAN_POINT('',(2.941464254,44.682820724,-9.4));
#1851 = CARTESIAN_POINT('',(2.153044314,45.029647868,-8.066666667));
#1852 = CARTESIAN_POINT('',(1.303954189,45.234492158,-6.733333333));
#1853 = CARTESIAN_POINT('',(0.230086541,45.298009466,-5.066666667));
#1854 = CARTESIAN_POINT('',(1.472183E-02,45.301071804,-4.733333333));
#1855 = CARTESIAN_POINT('',(-0.200367301,45.294594871,-4.4));
#1856 = CARTESIAN_POINT('',(2.859008683,44.971343418,-9.4));
#1857 = CARTESIAN_POINT('',(2.037088962,45.308400156,-8.066666667));
#1858 = CARTESIAN_POINT('',(1.154986702,45.497312072,-6.733333333));
#1859 = CARTESIAN_POINT('',(4.5267037E-02,45.534563409,-5.066666667));
#1860 = CARTESIAN_POINT('',(-0.176989984,45.532067856,-4.733333333));
#1861 = CARTESIAN_POINT('',(-0.398698817,45.519740323,-4.4));
#1862 = DEFINITIONAL_REPRESENTATION('',(#1863),#1866);
#1863 = B_SPLINE_CURVE_WITH_KNOTS('',1,(#1864,#1865),.UNSPECIFIED.,.F.,
  .F.,(2,2),(0.,1.814584E-03),.PIECEWISE_BEZIER_KNOTS.);
#1864 = CARTESIAN_POINT('',(5.204762436828E-15,9.507465731107E-17));
#1865 = CARTESIAN_POINT('',(1.,3.536563711096E-17));
#1866 = ( GEOMETRIC_REPRESENTATION_CONTEXT(2) 
PARAMETRIC_REPRESENTATION_CONTEXT() REPRESENTATION_CONTEXT('2D SPACE',''
  ) );
#1867 = ORIENTED_EDGE('',*,*,#1868,.F.);
#1868 = EDGE_CURVE('',#1869,#1724,#1871,.T.);
#1869 = VERTEX_POINT('',#1870);
#1870 = CARTESIAN_POINT('',(2.575978593,42.614573989,-9.4));
#1871 = SURFACE_CURVE('',#1872,(#1876,#1883),.PCURVE_S1.);
#1872 = LINE('',#1873,#1874);
#1873 = CARTESIAN_POINT('',(2.575978593,42.614573989,-9.4));
#1874 = VECTOR('',#1875,1.);
#1875 = DIRECTION('',(0.487693469017,0.87301493703,0.));
#1876 = PCURVE('',#66,#1877);
#1877 = DEFINITIONAL_REPRESENTATION('',(#1878),#1882);
#1878 = LINE('',#1879,#1880);
#1879 = CARTESIAN_POINT('',(-0.137162644244,-5.248207923432));
#1880 = VECTOR('',#1881,1.);
#1881 = DIRECTION('',(-2.612621822941E-02,-0.999658652101));
#1882 = ( GEOMETRIC_REPRESENTATION_CONTEXT(2) 
PARAMETRIC_REPRESENTATION_CONTEXT() REPRESENTATION_CONTEXT('2D SPACE',''
  ) );
#1883 = PCURVE('',#1884,#1921);
#1884 = B_SPLINE_SURFACE_WITH_KNOTS('',3,3,(
    (#1885,#1886,#1887,#1888,#1889,#1890)
    ,(#1891,#1892,#1893,#1894,#1895,#1896)
    ,(#1897,#1898,#1899,#1900,#1901,#1902)
    ,(#1903,#1904,#1905,#1906,#1907,#1908)
    ,(#1909,#1910,#1911,#1912,#1913,#1914)
    ,(#1915,#1916,#1917,#1918,#1919,#1920
    )),.UNSPECIFIED.,.F.,.F.,.F.,(4,2,4),(4,2,4),(0.134779762625,
    0.134952654,1.00002295792),(-2.455362730152E-05,0.5,0.625003993941),
  .UNSPECIFIED.);
#1885 = CARTESIAN_POINT('',(2.575996073635,42.614417441528,
    -9.400196429018));
#1886 = CARTESIAN_POINT('',(2.03320782252,42.917877668319,
    -8.066797619679));
#1887 = CARTESIAN_POINT('',(1.436115768063,43.123451419996,
    -6.733398809339));
#1888 = CARTESIAN_POINT('',(0.668075165648,43.24279423452,-5.06665601649
    ));
#1889 = CARTESIAN_POINT('',(0.513413920781,43.259777057127,
    -4.73331203198));
#1890 = CARTESIAN_POINT('',(0.358305607167,43.269881046527,
    -4.39996804847));
#1891 = CARTESIAN_POINT('',(2.576016901804,42.614454722857,
    -9.400196429018));
#1892 = CARTESIAN_POINT('',(2.033224234912,42.917917420359,
    -8.066797619679));
#1893 = CARTESIAN_POINT('',(1.436127323926,43.123492841538,
    -6.733398809339));
#1894 = CARTESIAN_POINT('',(0.668080473129,43.242836626554,
    -5.06665601649));
#1895 = CARTESIAN_POINT('',(0.513417970838,43.259819587435,
    -4.73331203198));
#1896 = CARTESIAN_POINT('',(0.358308395602,43.269923660594,
    -4.39996804847));
#1897 = CARTESIAN_POINT('',(2.576037728866,42.614492004193,
    -9.400196429018));
#1898 = CARTESIAN_POINT('',(2.033240647296,42.91795717241,
    -8.066797619679));
#1899 = CARTESIAN_POINT('',(1.436138878682,43.123534263077,
    -6.733398809339));
#1900 = CARTESIAN_POINT('',(0.668085780607,43.242879018576,
    -5.06665601649));
#1901 = CARTESIAN_POINT('',(0.513422019776,43.259862118867,
    -4.73331203198));
#1902 = CARTESIAN_POINT('',(0.358311182921,43.269966273558,
    -4.39996804847));
#1903 = CARTESIAN_POINT('',(2.680268705686,42.8010671291,-9.400196429018
    ));
#1904 = CARTESIAN_POINT('',(2.11537852157,43.116896569332,
    -8.066797619679));
#1905 = CARTESIAN_POINT('',(1.493966206408,43.330830799418,
    -6.733398809339));
#1906 = CARTESIAN_POINT('',(0.694647700116,43.455033765125,
    -5.06665601649));
#1907 = CARTESIAN_POINT('',(0.533687957622,43.472708955576,
    -4.73331203198));
#1908 = CARTESIAN_POINT('',(0.3722629141,43.483225378843,-4.39996804847)
  );
#1909 = CARTESIAN_POINT('',(2.784478856351,42.987604976863,
    -9.400196429018));
#1910 = CARTESIAN_POINT('',(2.197493742123,43.315774631436,
    -8.066797619679));
#1911 = CARTESIAN_POINT('',(1.551785574709,43.538090427449,
    -6.733398809339));
#1912 = CARTESIAN_POINT('',(0.721204375123,43.667151179921,
    -5.06665601649));
#1913 = CARTESIAN_POINT('',(0.553949470446,43.685516665987,
    -4.73331203198));
#1914 = CARTESIAN_POINT('',(0.38621122887,43.696443077016,-4.39996804847
    ));
#1915 = CARTESIAN_POINT('',(2.888689006556,43.174142823036,
    -9.400196429018));
#1916 = CARTESIAN_POINT('',(2.279612084905,43.514663491731,
    -8.066797619679));
#1917 = CARTESIAN_POINT('',(1.609600066304,43.745343960862,
    -6.733398809339));
#1918 = CARTESIAN_POINT('',(0.747760970152,43.879261753985,
    -5.06665601649));
#1919 = CARTESIAN_POINT('',(0.574211466358,43.898318580874,
    -4.73331203198));
#1920 = CARTESIAN_POINT('',(0.400160327754,43.909656456928,
    -4.39996804847));
#1921 = DEFINITIONAL_REPRESENTATION('',(#1922),#1925);
#1922 = B_SPLINE_CURVE_WITH_KNOTS('',1,(#1923,#1924),.UNSPECIFIED.,.F.,
  .F.,(2,2),(0.,0.641000616483),.PIECEWISE_BEZIER_KNOTS.);
#1923 = CARTESIAN_POINT('',(0.134952652952,-1.108276829335E-11));
#1924 = CARTESIAN_POINT('',(0.999998404292,-1.733060450405E-11));
#1925 = ( GEOMETRIC_REPRESENTATION_CONTEXT(2) 
PARAMETRIC_REPRESENTATION_CONTEXT() REPRESENTATION_CONTEXT('2D SPACE',''
  ) );
#1926 = ORIENTED_EDGE('',*,*,#1927,.F.);
#1927 = EDGE_CURVE('',#1928,#1869,#1930,.T.);
#1928 = VERTEX_POINT('',#1929);
#1929 = CARTESIAN_POINT('',(3.393104172,42.050559405,-9.4));
#1930 = SURFACE_CURVE('',#1931,(#1936,#1943),.PCURVE_S1.);
#1931 = CIRCLE('',#1932,5.25);
#1932 = AXIS2_PLACEMENT_3D('',#1933,#1934,#1935);
#1933 = CARTESIAN_POINT('',(1.5587882E-02,38.031245569,-9.4));
#1934 = DIRECTION('',(0.,0.,1.));
#1935 = DIRECTION('',(-0.885458521217,0.464718417114,0.));
#1936 = PCURVE('',#66,#1937);
#1937 = DEFINITIONAL_REPRESENTATION('',(#1938),#1942);
#1938 = CIRCLE('',#1939,5.25);
#1939 = AXIS2_PLACEMENT_2D('',#1940,#1941);
#1940 = CARTESIAN_POINT('',(0.,0.));
#1941 = DIRECTION('',(1.,0.));
#1942 = ( GEOMETRIC_REPRESENTATION_CONTEXT(2) 
PARAMETRIC_REPRESENTATION_CONTEXT() REPRESENTATION_CONTEXT('2D SPACE',''
  ) );
#1943 = PCURVE('',#1944,#1949);
#1944 = CYLINDRICAL_SURFACE('',#1945,5.25);
#1945 = AXIS2_PLACEMENT_3D('',#1946,#1947,#1948);
#1946 = CARTESIAN_POINT('',(1.5587882E-02,38.031245569,-9.4));
#1947 = DIRECTION('',(0.,0.,1.));
#1948 = DIRECTION('',(-0.885458521217,0.464718417114,0.));
#1949 = DEFINITIONAL_REPRESENTATION('',(#1950),#1954);
#1950 = LINE('',#1951,#1952);
#1951 = CARTESIAN_POINT('',(0.,0.));
#1952 = VECTOR('',#1953,1.);
#1953 = DIRECTION('',(1.,0.));
#1954 = ( GEOMETRIC_REPRESENTATION_CONTEXT(2) 
PARAMETRIC_REPRESENTATION_CONTEXT() REPRESENTATION_CONTEXT('2D SPACE',''
  ) );
#1955 = ORIENTED_EDGE('',*,*,#1956,.F.);
#1956 = EDGE_CURVE('',#1957,#1928,#1959,.T.);
#1957 = VERTEX_POINT('',#1958);
#1958 = CARTESIAN_POINT('',(3.805483224,42.541298956,-9.4));
#1959 = SURFACE_CURVE('',#1960,(#1964,#1971),.PCURVE_S1.);
#1960 = LINE('',#1961,#1962);
#1961 = CARTESIAN_POINT('',(3.805483224,42.541298956,-9.4));
#1962 = VECTOR('',#1963,1.);
#1963 = DIRECTION('',(-0.643336435968,-0.765583587962,0.));
#1964 = PCURVE('',#66,#1965);
#1965 = DEFINITIONAL_REPRESENTATION('',(#1966),#1970);
#1966 = LINE('',#1967,#1968);
#1967 = CARTESIAN_POINT('',(-1.259890253988,-5.754699367022));
#1968 = VECTOR('',#1969,1.);
#1969 = DIRECTION('',(0.213866936071,0.976862801859));
#1970 = ( GEOMETRIC_REPRESENTATION_CONTEXT(2) 
PARAMETRIC_REPRESENTATION_CONTEXT() REPRESENTATION_CONTEXT('2D SPACE',''
  ) );
#1971 = PCURVE('',#1972,#2009);
#1972 = B_SPLINE_SURFACE_WITH_KNOTS('',3,3,(
    (#1973,#1974,#1975,#1976,#1977,#1978)
    ,(#1979,#1980,#1981,#1982,#1983,#1984)
    ,(#1985,#1986,#1987,#1988,#1989,#1990)
    ,(#1991,#1992,#1993,#1994,#1995,#1996)
    ,(#1997,#1998,#1999,#2000,#2001,#2002)
    ,(#2003,#2004,#2005,#2006,#2007,#2008
    )),.UNSPECIFIED.,.F.,.F.,.F.,(4,2,4),(4,2,4),(-3.845904709154E-07,
    0.865047346,0.86522022868),(-3.999044250949E-06,0.5,0.625003999036),
  .UNSPECIFIED.);
#1973 = CARTESIAN_POINT('',(3.805496221562,42.541288399043,
    -9.400031992354));
#1974 = CARTESIAN_POINT('',(3.271439026262,42.99036399943,
    -8.066687995236));
#1975 = CARTESIAN_POINT('',(2.656865085027,43.343043546288,
    -6.733343997118));
#1976 = CARTESIAN_POINT('',(1.835680829802,43.636816272839,
    -5.066656002903));
#1977 = CARTESIAN_POINT('',(1.668823298011,43.688206689753,
    -4.733312004806));
#1978 = CARTESIAN_POINT('',(1.500019844107,43.732110655434,
    -4.399968007708));
#1979 = CARTESIAN_POINT('',(3.668036011677,42.377708867132,
    -9.400031992354));
#1980 = CARTESIAN_POINT('',(3.153349104157,42.810496467039,
    -8.066687995236));
#1981 = CARTESIAN_POINT('',(2.561068072881,43.150386245811,
    -6.733343997118));
#1982 = CARTESIAN_POINT('',(1.769666469015,43.433504445283,
    -5.066656002903));
#1983 = CARTESIAN_POINT('',(1.608860640556,43.483030838274,
    -4.733312004806));
#1984 = CARTESIAN_POINT('',(1.446179549757,43.525342198662,
    -4.399968007708));
#1985 = CARTESIAN_POINT('',(3.530575801669,42.214129333981,
    -9.400031992354));
#1986 = CARTESIAN_POINT('',(3.035264279241,42.630638948912,
    -8.066687995236));
#1987 = CARTESIAN_POINT('',(2.465265117696,42.957723862336,
    -6.733343997118));
#1988 = CARTESIAN_POINT('',(1.703650736254,43.230185897706,
    -5.066656002903));
#1989 = CARTESIAN_POINT('',(1.548897361148,43.277849188845,
    -4.733312004806));
#1990 = CARTESIAN_POINT('',(1.392339209461,43.318569340017,
    -4.399968007708));
#1991 = CARTESIAN_POINT('',(3.393088119898,42.050517110459,
    -9.400031992354));
#1992 = CARTESIAN_POINT('',(2.917145662507,42.450725463203,
    -8.066687995236));
#1993 = CARTESIAN_POINT('',(2.369447403586,42.765026746155,
    -6.733343997118));
#1994 = CARTESIAN_POINT('',(1.637622830574,43.02683169375,
    -5.066656002903));
#1995 = CARTESIAN_POINT('',(1.488922375273,43.072629963728,
    -4.733312004806));
#1996 = CARTESIAN_POINT('',(1.338487723682,43.111756473229,
    -4.399968007708));
#1997 = CARTESIAN_POINT('',(3.393060647859,42.050484418625,
    -9.400031992354));
#1998 = CARTESIAN_POINT('',(2.917122060959,42.450689515262,
    -8.066687995236));
#1999 = CARTESIAN_POINT('',(2.369428257561,42.764988243651,
    -6.733343997118));
#2000 = CARTESIAN_POINT('',(1.637609637769,43.026791060232,
    -5.066656002903));
#2001 = CARTESIAN_POINT('',(1.488910391952,43.072588958126,
    -4.733312004806));
#2002 = CARTESIAN_POINT('',(1.338476963218,43.111715149299,
    -4.399968007708));
#2003 = CARTESIAN_POINT('',(3.393033177248,42.050451726782,
    -9.400031992354));
#2004 = CARTESIAN_POINT('',(2.917098459395,42.450653565768,
    -8.066687995236));
#2005 = CARTESIAN_POINT('',(2.369409112989,42.764949739621,
    -6.733343997118));
#2006 = CARTESIAN_POINT('',(1.637596444908,43.026750428198,
    -5.066656002903));
#2007 = CARTESIAN_POINT('',(1.488898407164,43.07254795253,
    -4.733312004806));
#2008 = CARTESIAN_POINT('',(1.33846620278,43.11167382677,-4.399968007708
    ));
#2009 = DEFINITIONAL_REPRESENTATION('',(#2010),#2013);
#2010 = B_SPLINE_CURVE_WITH_KNOTS('',1,(#2011,#2012),.UNSPECIFIED.,.F.,
  .F.,(2,2),(0.,0.641000615791),.PIECEWISE_BEZIER_KNOTS.);
#2011 = CARTESIAN_POINT('',(3.590522557247E-14,-1.361596973846E-15));
#2012 = CARTESIAN_POINT('',(0.865047345959,-3.060730411906E-11));
#2013 = ( GEOMETRIC_REPRESENTATION_CONTEXT(2) 
PARAMETRIC_REPRESENTATION_CONTEXT() REPRESENTATION_CONTEXT('2D SPACE',''
  ) );
#2014 = ORIENTED_EDGE('',*,*,#2015,.F.);
#2015 = EDGE_CURVE('',#2016,#1957,#2018,.T.);
#2016 = VERTEX_POINT('',#2017);
#2017 = CARTESIAN_POINT('',(5.496346196,43.150941684,-9.4));
#2018 = SURFACE_CURVE('',#2019,(#2026,#2036),.PCURVE_S1.);
#2019 = B_SPLINE_CURVE_WITH_KNOTS('',3,(#2020,#2021,#2022,#2023,#2024,
    #2025),.UNSPECIFIED.,.F.,.F.,(4,2,4),(4.775634688521E-16,0.475892875
    ,1.),.UNSPECIFIED.);
#2020 = CARTESIAN_POINT('',(5.496346196788,43.150941683621,-9.4));
#2021 = CARTESIAN_POINT('',(5.197333913,43.125724212,-9.4));
#2022 = CARTESIAN_POINT('',(4.910933369,43.072960004,-9.4));
#2023 = CARTESIAN_POINT('',(4.354766668,42.899341445,-9.4));
#2024 = CARTESIAN_POINT('',(4.020436651,42.756351686,-9.4));
#2025 = CARTESIAN_POINT('',(3.805483224,42.541298956,-9.4));
#2026 = PCURVE('',#66,#2027);
#2027 = DEFINITIONAL_REPRESENTATION('',(#2028),#2035);
#2028 = B_SPLINE_CURVE_WITH_KNOTS('',3,(#2029,#2030,#2031,#2032,#2033,
    #2034),.UNSPECIFIED.,.F.,.F.,(4,2,4),(4.775634688521E-16,0.475892875
    ,1.),.UNSPECIFIED.);
#2029 = CARTESIAN_POINT('',(-2.473767078068,-7.080287879362));
#2030 = CARTESIAN_POINT('',(-2.220723126935,-6.919002339013));
#2031 = CARTESIAN_POINT('',(-1.991647823991,-6.739186213956));
#2032 = CARTESIAN_POINT('',(-1.579869021294,-6.326993272508));
#2033 = CARTESIAN_POINT('',(-1.350283633309,-6.04501245566));
#2034 = CARTESIAN_POINT('',(-1.259890253988,-5.754699367022));
#2035 = ( GEOMETRIC_REPRESENTATION_CONTEXT(2) 
PARAMETRIC_REPRESENTATION_CONTEXT() REPRESENTATION_CONTEXT('2D SPACE',''
  ) );
#2036 = PCURVE('',#2037,#2074);
#2037 = B_SPLINE_SURFACE_WITH_KNOTS('',3,3,(
    (#2038,#2039,#2040,#2041,#2042,#2043)
    ,(#2044,#2045,#2046,#2047,#2048,#2049)
    ,(#2050,#2051,#2052,#2053,#2054,#2055)
    ,(#2056,#2057,#2058,#2059,#2060,#2061)
    ,(#2062,#2063,#2064,#2065,#2066,#2067)
    ,(#2068,#2069,#2070,#2071,#2072,#2073
    )),.UNSPECIFIED.,.F.,.F.,.F.,(4,2,4),(4,2,4),(-5.9E-08,0.475892875,
    1.),(0.,0.5,0.625000002),.UNSPECIFIED.);
#2038 = CARTESIAN_POINT('',(5.496346308,43.150941693,-9.4));
#2039 = CARTESIAN_POINT('',(4.890146692,43.800311633,-8.066666667));
#2040 = CARTESIAN_POINT('',(4.167420701,44.340181359,-6.733333333));
#2041 = CARTESIAN_POINT('',(3.174549481,44.837245043,-5.066666662));
#2042 = CARTESIAN_POINT('',(2.971539192,44.927750512,-4.733333324));
#2043 = CARTESIAN_POINT('',(2.764923041,45.009092665,-4.399999986));
#2044 = CARTESIAN_POINT('',(5.197333984014,43.125724225083,-9.4));
#2045 = CARTESIAN_POINT('',(4.594504995553,43.73912544527,-8.066666667)
  );
#2046 = CARTESIAN_POINT('',(3.880711911398,44.244679189639,-6.733333333)
  );
#2047 = CARTESIAN_POINT('',(2.906803351949,44.701547333803,-5.066666662)
  );
#2048 = CARTESIAN_POINT('',(2.707975012785,44.784163474581,-4.733333324)
  );
#2049 = CARTESIAN_POINT('',(2.505885532545,44.857809598301,-4.399999986)
  );
#2050 = CARTESIAN_POINT('',(4.910933401814,43.072960014243,-9.4));
#2051 = CARTESIAN_POINT('',(4.31399727061,43.653343797178,-8.066666667)
  );
#2052 = CARTESIAN_POINT('',(3.612927658692,44.125144753785,-6.733333333)
  );
#2053 = CARTESIAN_POINT('',(2.660994777577,44.545053445827,-5.066666662)
  );
#2054 = CARTESIAN_POINT('',(2.466861180917,44.620502758608,-4.733333324)
  );
#2055 = CARTESIAN_POINT('',(2.269772486225,44.687210160357,-4.399999986)
  );
#2056 = CARTESIAN_POINT('',(4.354766668,42.899341445,-9.4));
#2057 = CARTESIAN_POINT('',(3.778237035,43.413031543,-8.066666667));
#2058 = CARTESIAN_POINT('',(3.109667869,43.82370961,-6.733333333));
#2059 = CARTESIAN_POINT('',(2.210538603,44.175105141,-5.066666662));
#2060 = CARTESIAN_POINT('',(2.027581598,44.237325112,-4.733333324));
#2061 = CARTESIAN_POINT('',(1.842229277,44.291332478,-4.399999986));
#2062 = CARTESIAN_POINT('',(4.020436651,42.756351686,-9.4));
#2063 = CARTESIAN_POINT('',(3.462441541,43.229690693,-8.066666667));
#2064 = CARTESIAN_POINT('',(2.816291629,43.604346518,-6.733333333));
#2065 = CARTESIAN_POINT('',(1.954302861,43.916974838,-5.066666662));
#2066 = CARTESIAN_POINT('',(1.779225162,43.971735989,-4.733333324));
#2067 = CARTESIAN_POINT('',(1.602089635,44.018623173,-4.399999986));
#2068 = CARTESIAN_POINT('',(3.805483224,42.541298956,-9.4));
#2069 = CARTESIAN_POINT('',(3.271429038,42.990369401,-8.066666667));
#2070 = CARTESIAN_POINT('',(2.656859366,43.343044483,-6.733333333));
#2071 = CARTESIAN_POINT('',(1.835685758,43.636813401,-5.066666662));
#2072 = CARTESIAN_POINT('',(1.668833679,43.688202448,-4.733333324));
#2073 = CARTESIAN_POINT('',(1.500035783,43.732105552,-4.399999986));
#2074 = DEFINITIONAL_REPRESENTATION('',(#2075),#2079);
#2075 = LINE('',#2076,#2077);
#2076 = CARTESIAN_POINT('',(-3.25594835314E-16,-1.900947326177E-16));
#2077 = VECTOR('',#2078,1.);
#2078 = DIRECTION('',(1.,-2.64496729735E-16));
#2079 = ( GEOMETRIC_REPRESENTATION_CONTEXT(2) 
PARAMETRIC_REPRESENTATION_CONTEXT() REPRESENTATION_CONTEXT('2D SPACE',''
  ) );
#2080 = ORIENTED_EDGE('',*,*,#2081,.F.);
#2081 = EDGE_CURVE('',#2082,#2016,#2084,.T.);
#2082 = VERTEX_POINT('',#2083);
#2083 = CARTESIAN_POINT('',(5.758536254706,42.854993485315,
    -9.399999997075));
#2084 = SURFACE_CURVE('',#2085,(#2090,#2097),.PCURVE_S1.);
#2085 = CIRCLE('',#2086,7.499993980818);
#2086 = AXIS2_PLACEMENT_3D('',#2087,#2088,#2089);
#2087 = CARTESIAN_POINT('',(1.559237666455E-02,38.031249575665,-9.4));
#2088 = DIRECTION('',(0.,0.,1.));
#2089 = DIRECTION('',(0.730767762395,0.682626162291,-0.));
#2090 = PCURVE('',#66,#2091);
#2091 = DEFINITIONAL_REPRESENTATION('',(#2092),#2096);
#2092 = CIRCLE('',#2093,7.499993980818);
#2093 = AXIS2_PLACEMENT_2D('',#2094,#2095);
#2094 = CARTESIAN_POINT('',(-2.117867819925E-06,-5.636489412889E-06));
#2095 = DIRECTION('',(-0.329835592622,-0.944038390024));
#2096 = ( GEOMETRIC_REPRESENTATION_CONTEXT(2) 
PARAMETRIC_REPRESENTATION_CONTEXT() REPRESENTATION_CONTEXT('2D SPACE',''
  ) );
#2097 = PCURVE('',#2098,#2129);
#2098 = B_SPLINE_SURFACE_WITH_KNOTS('',3,3,(
    (#2099,#2100,#2101,#2102,#2103,#2104)
    ,(#2105,#2106,#2107,#2108,#2109,#2110)
    ,(#2111,#2112,#2113,#2114,#2115,#2116)
    ,(#2117,#2118,#2119,#2120,#2121,#2122)
    ,(#2123,#2124,#2125,#2126,#2127,#2128
    )),.UNSPECIFIED.,.F.,.F.,.F.,(4,1,4),(4,2,4),(-5.4E-08,0.5,1.),(0.,
    0.5,0.625),.UNSPECIFIED.);
#2099 = CARTESIAN_POINT('',(5.758536264,42.854993477,-9.4));
#2100 = CARTESIAN_POINT('',(5.187400573,43.535407539,-8.066666667));
#2101 = CARTESIAN_POINT('',(4.494129909,44.112614579,-6.733333333));
#2102 = CARTESIAN_POINT('',(3.528833434,44.661311486,-5.066666667));
#2103 = CARTESIAN_POINT('',(3.330874848,44.762389744,-4.733333333));
#2104 = CARTESIAN_POINT('',(3.128832506,44.854507442,-4.4));
#2105 = CARTESIAN_POINT('',(5.716148339299,42.90545873122,-9.4));
#2106 = CARTESIAN_POINT('',(5.139021252574,43.580840609318,-8.066666667)
  );
#2107 = CARTESIAN_POINT('',(4.440689420655,44.151969317651,-6.733333333)
  );
#2108 = CARTESIAN_POINT('',(3.470573990673,44.692183024497,-5.066666667)
  );
#2109 = CARTESIAN_POINT('',(3.27172710986,44.791520596875,-4.733333333)
  );
#2110 = CARTESIAN_POINT('',(3.068874950029,44.881861513261,-4.4));
#2111 = CARTESIAN_POINT('',(5.63004205479,43.005271738734,-9.4));
#2112 = CARTESIAN_POINT('',(5.041113707415,43.670485510303,-8.066666667)
  );
#2113 = CARTESIAN_POINT('',(4.332775644935,44.229270513981,-6.733333333)
  );
#2114 = CARTESIAN_POINT('',(3.353234838419,44.752392893917,-5.066666667)
  );
#2115 = CARTESIAN_POINT('',(3.152657583508,44.848230154109,-4.733333333)
  );
#2116 = CARTESIAN_POINT('',(2.948234071588,44.935001528304,-4.4));
#2117 = CARTESIAN_POINT('',(5.541334714,43.102780389,-9.4));
#2118 = CARTESIAN_POINT('',(4.94082945,43.757463353,-8.066666667));
#2119 = CARTESIAN_POINT('',(4.22285704,44.303699635,-6.733333333));
#2120 = CARTESIAN_POINT('',(3.234355815,44.809486274,-5.066666667));
#2121 = CARTESIAN_POINT('',(3.032140817,44.901774347,-4.733333333));
#2122 = CARTESIAN_POINT('',(2.826239256,44.984930605,-4.4));
#2123 = CARTESIAN_POINT('',(5.496346196,43.150941684,-9.4));
#2124 = CARTESIAN_POINT('',(4.890146581,43.80031161,-8.066666667));
#2125 = CARTESIAN_POINT('',(4.167420684,44.340181462,-6.733333333));
#2126 = CARTESIAN_POINT('',(3.174549454,44.83724514,-5.066666667));
#2127 = CARTESIAN_POINT('',(2.971539163,44.927750597,-4.733333333));
#2128 = CARTESIAN_POINT('',(2.764923009,45.009092732,-4.4));
#2129 = DEFINITIONAL_REPRESENTATION('',(#2130),#2133);
#2130 = B_SPLINE_CURVE_WITH_KNOTS('',1,(#2131,#2132),.UNSPECIFIED.,.F.,
  .F.,(2,2),(6.230461214735,6.28318530718),.PIECEWISE_BEZIER_KNOTS.);
#2131 = CARTESIAN_POINT('',(-2.278192814766E-08,-1.161680388109E-14));
#2132 = CARTESIAN_POINT('',(1.,-2.292706206868E-17));
#2133 = ( GEOMETRIC_REPRESENTATION_CONTEXT(2) 
PARAMETRIC_REPRESENTATION_CONTEXT() REPRESENTATION_CONTEXT('2D SPACE',''
  ) );
#2134 = ORIENTED_EDGE('',*,*,#2135,.F.);
#2135 = EDGE_CURVE('',#2136,#2082,#2138,.T.);
#2136 = VERTEX_POINT('',#2137);
#2137 = CARTESIAN_POINT('',(4.949544735,41.249934438,-9.4));
#2138 = SURFACE_CURVE('',#2139,(#2186,#2236),.PCURVE_S1.);
#2139 = B_SPLINE_CURVE_WITH_KNOTS('',3,(#2140,#2141,#2142,#2143,#2144,
    #2145,#2146,#2147,#2148,#2149,#2150,#2151,#2152,#2153,#2154,#2155,
    #2156,#2157,#2158,#2159,#2160,#2161,#2162,#2163,#2164,#2165,#2166,
    #2167,#2168,#2169,#2170,#2171,#2172,#2173,#2174,#2175,#2176,#2177,
    #2178,#2179,#2180,#2181,#2182,#2183,#2184,#2185),.UNSPECIFIED.,.F.,
  .F.,(4,3,3,3,3,3,3,3,3,3,3,3,3,3,3,4),(0.,8.23324558389E-05,
    1.688438063143E-04,2.627128766312E-04,3.662983608772E-04,4.53646E-04
    ,5.833575036388E-04,7.102940449896E-04,8.20625601043E-04,9.07292E-04
    ,9.556760520278E-04,1.096532679285E-03,1.24194467844E-03,
    1.360938E-03,1.587760996752E-03,1.814583993504E-03),.UNSPECIFIED.);
#2140 = CARTESIAN_POINT('',(4.949544735,41.249934438,-9.4));
#2141 = CARTESIAN_POINT('',(4.971646078823,41.267241882808,
    -9.399999999999));
#2142 = CARTESIAN_POINT('',(4.992880539495,41.285330677591,
    -9.399999999998));
#2143 = CARTESIAN_POINT('',(5.01336362882,41.304043857874,
    -9.399999999993));
#2144 = CARTESIAN_POINT('',(5.034886364919,41.323706850814,
    -9.399999999987));
#2145 = CARTESIAN_POINT('',(5.055579577518,41.34405965154,
    -9.399999999977));
#2146 = CARTESIAN_POINT('',(5.075561254804,41.364975607023,
    -9.399999999955));
#2147 = CARTESIAN_POINT('',(5.097242357456,41.387670447472,
    -9.399999999932));
#2148 = CARTESIAN_POINT('',(5.118085937164,41.411028616778,
    -9.399999999895));
#2149 = CARTESIAN_POINT('',(5.13822222012,41.434946444016,
    -9.399999999839));
#2150 = CARTESIAN_POINT('',(5.160442815401,41.461340012293,
    -9.399999999776));
#2151 = CARTESIAN_POINT('',(5.181802477589,41.488415600424,
    -9.399999999689));
#2152 = CARTESIAN_POINT('',(5.202447584045,41.51609558028,
    -9.399999999567));
#2153 = CARTESIAN_POINT('',(5.219856406541,41.53943650405,
    -9.399999999464));
#2154 = CARTESIAN_POINT('',(5.236756617255,41.563208760171,
    -9.399999999337));
#2155 = CARTESIAN_POINT('',(5.253219912424,41.587389265233,
    -9.399999999178));
#2156 = CARTESIAN_POINT('',(5.277667954669,41.623297387099,
    -9.399999998944));
#2157 = CARTESIAN_POINT('',(5.301066884204,41.659977687611,
    -9.399999990695));
#2158 = CARTESIAN_POINT('',(5.323561210923,41.697287624804,
    -9.399999980208));
#2159 = CARTESIAN_POINT('',(5.345574308865,41.733799377828,
    -9.399999969946));
#2160 = CARTESIAN_POINT('',(5.366720977948,41.770917106805,
    -9.399999957542));
#2161 = CARTESIAN_POINT('',(5.387089643762,41.808513452526,
    -9.399999948408));
#2162 = CARTESIAN_POINT('',(5.404793817596,41.841191696955,
    -9.399999940469));
#2163 = CARTESIAN_POINT('',(5.421909571385,41.87423285797,
    -9.399999935002));
#2164 = CARTESIAN_POINT('',(5.438465574006,41.907530766939,
    -9.399999935561));
#2165 = CARTESIAN_POINT('',(5.451470458371,41.933686564668,-9.399999936)
  );
#2166 = CARTESIAN_POINT('',(5.464129446671,41.960000653766,
    -9.399999940157));
#2167 = CARTESIAN_POINT('',(5.476444036723,41.986402283651,
    -9.399999949756));
#2168 = CARTESIAN_POINT('',(5.483319016795,42.001141765727,
    -9.399999955115));
#2169 = CARTESIAN_POINT('',(5.490054413224,42.015839626276,
    -9.399999959902));
#2170 = CARTESIAN_POINT('',(5.496643399065,42.030460247745,
    -9.399999964179));
#2171 = CARTESIAN_POINT('',(5.515825387424,42.07302409559,
    -9.399999976629));
#2172 = CARTESIAN_POINT('',(5.534324953879,42.116497487651,
    -9.399999984752));
#2173 = CARTESIAN_POINT('',(5.552024403089,42.160565815285,
    -9.399999990052));
#2174 = CARTESIAN_POINT('',(5.570296261103,42.206059334089,
    -9.399999995523));
#2175 = CARTESIAN_POINT('',(5.587715269104,42.252186638141,
    -9.399999997985));
#2176 = CARTESIAN_POINT('',(5.604195074392,42.298564678164,
    -9.399999999093));
#2177 = CARTESIAN_POINT('',(5.617680803088,42.336516683926,-9.4));
#2178 = CARTESIAN_POINT('',(5.630538461413,42.374635768351,-9.4));
#2179 = CARTESIAN_POINT('',(5.642741654542,42.412696816225,-9.4));
#2180 = CARTESIAN_POINT('',(5.666003168709,42.485248122677,-9.4));
#2181 = CARTESIAN_POINT('',(5.687165882558,42.558424360712,
    -9.399999999982));
#2182 = CARTESIAN_POINT('',(5.706411019961,42.632156185682,
    -9.399999999972));
#2183 = CARTESIAN_POINT('',(5.725656157364,42.705888010651,
    -9.399999999963));
#2184 = CARTESIAN_POINT('',(5.742983541853,42.780176072659,
    -9.399999999963));
#2185 = CARTESIAN_POINT('',(5.758536248664,42.854993486572,-9.4));
#2186 = PCURVE('',#66,#2187);
#2187 = DEFINITIONAL_REPRESENTATION('',(#2188),#2235);
#2188 = B_SPLINE_CURVE_WITH_KNOTS('',3,(#2189,#2190,#2191,#2192,#2193,
    #2194,#2195,#2196,#2197,#2198,#2199,#2200,#2201,#2202,#2203,#2204,
    #2205,#2206,#2207,#2208,#2209,#2210,#2211,#2212,#2213,#2214,#2215,
    #2216,#2217,#2218,#2219,#2220,#2221,#2222,#2223,#2224,#2225,#2226,
    #2227,#2228,#2229,#2230,#2231,#2232,#2233,#2234),.UNSPECIFIED.,.F.,
  .F.,(4,3,3,3,3,3,3,3,3,3,3,3,3,3,3,4),(0.,8.23324558389E-05,
    1.688438063143E-04,2.627128766312E-04,3.662983608772E-04,4.53646E-04
    ,5.833575036388E-04,7.102940449896E-04,8.20625601043E-04,9.07292E-04
    ,9.556760520278E-04,1.096532679285E-03,1.24194467844E-03,
    1.360938E-03,1.587760996752E-03,1.814583993504E-03),.UNSPECIFIED.);
#2189 = CARTESIAN_POINT('',(-2.873030142421,-5.142916105035));
#2190 = CARTESIAN_POINT('',(-2.884556877284,-5.168512031038));
#2191 = CARTESIAN_POINT('',(-2.89495291535,-5.194396953469));
#2192 = CARTESIAN_POINT('',(-2.904393481814,-5.220485567258));
#2193 = CARTESIAN_POINT('',(-2.914313216938,-5.247898343762));
#2194 = CARTESIAN_POINT('',(-2.923177877028,-5.275536421599));
#2195 = CARTESIAN_POINT('',(-2.931150793724,-5.303342486051));
#2196 = CARTESIAN_POINT('',(-2.939801800486,-5.33351343362));
#2197 = CARTESIAN_POINT('',(-2.947402954286,-5.363882519041));
#2198 = CARTESIAN_POINT('',(-2.9541177428,-5.394418464519));
#2199 = CARTESIAN_POINT('',(-2.961527580966,-5.428115194322));
#2200 = CARTESIAN_POINT('',(-2.967858151402,-5.462015732951));
#2201 = CARTESIAN_POINT('',(-2.97327514041,-5.496119368176));
#2202 = CARTESIAN_POINT('',(-2.977842973485,-5.524876988455));
#2203 = CARTESIAN_POINT('',(-2.981760003837,-5.553780174378));
#2204 = CARTESIAN_POINT('',(-2.985100442794,-5.582841805104));
#2205 = CARTESIAN_POINT('',(-2.990061004572,-5.625998413084));
#2206 = CARTESIAN_POINT('',(-2.993733774923,-5.669351211229));
#2207 = CARTESIAN_POINT('',(-2.99631295324,-5.71284114095));
#2208 = CARTESIAN_POINT('',(-2.99883695432,-5.755400675821));
#2209 = CARTESIAN_POINT('',(-3.000312160398,-5.798094131815));
#2210 = CARTESIAN_POINT('',(-3.000876054836,-5.840849830636));
#2211 = CARTESIAN_POINT('',(-3.001366184393,-5.878012516265));
#2212 = CARTESIAN_POINT('',(-3.001166638387,-5.915223099845));
#2213 = CARTESIAN_POINT('',(-3.000352140435,-5.952400896412));
#2214 = CARTESIAN_POINT('',(-2.999712345195,-5.981604379667));
#2215 = CARTESIAN_POINT('',(-2.998692712421,-6.010787279092));
#2216 = CARTESIAN_POINT('',(-2.997327447469,-6.039887644044));
#2217 = CARTESIAN_POINT('',(-2.996565248378,-6.056133773903));
#2218 = CARTESIAN_POINT('',(-2.99569879605,-6.072278182537));
#2219 = CARTESIAN_POINT('',(-2.994738597643,-6.088286159473));
#2220 = CARTESIAN_POINT('',(-2.991943248692,-6.13488890451));
#2221 = CARTESIAN_POINT('',(-2.988120961503,-6.181979879197));
#2222 = CARTESIAN_POINT('',(-2.983313726164,-6.229225815437));
#2223 = CARTESIAN_POINT('',(-2.978351022494,-6.277999708256));
#2224 = CARTESIAN_POINT('',(-2.972338623835,-6.326938456516));
#2225 = CARTESIAN_POINT('',(-2.965378078506,-6.375662756279));
#2226 = CARTESIAN_POINT('',(-2.959682135851,-6.415534749672));
#2227 = CARTESIAN_POINT('',(-2.953352418403,-6.455262808421));
#2228 = CARTESIAN_POINT('',(-2.946470169823,-6.494635336182));
#2229 = CARTESIAN_POINT('',(-2.933351347464,-6.569686562749));
#2230 = CARTESIAN_POINT('',(-2.918083707264,-6.644315789149));
#2231 = CARTESIAN_POINT('',(-2.900859941179,-6.718545831645));
#2232 = CARTESIAN_POINT('',(-2.883636175094,-6.79277587414));
#2233 = CARTESIAN_POINT('',(-2.864455824753,-6.866607226362));
#2234 = CARTESIAN_POINT('',(-2.84345807136,-6.940082572337));
#2235 = ( GEOMETRIC_REPRESENTATION_CONTEXT(2) 
PARAMETRIC_REPRESENTATION_CONTEXT() REPRESENTATION_CONTEXT('2D SPACE',''
  ) );
#2236 = PCURVE('',#2237,#2274);
#2237 = B_SPLINE_SURFACE_WITH_KNOTS('',3,3,(
    (#2238,#2239,#2240,#2241,#2242,#2243)
    ,(#2244,#2245,#2246,#2247,#2248,#2249)
    ,(#2250,#2251,#2252,#2253,#2254,#2255)
    ,(#2256,#2257,#2258,#2259,#2260,#2261)
    ,(#2262,#2263,#2264,#2265,#2266,#2267)
    ,(#2268,#2269,#2270,#2271,#2272,#2273
    )),.UNSPECIFIED.,.F.,.F.,.F.,(4,2,4),(4,2,4),(0.,0.524107125,1.),(0.
    ,0.5,0.625),.UNSPECIFIED.);
#2238 = CARTESIAN_POINT('',(4.949544735,41.249934438,-9.4));
#2239 = CARTESIAN_POINT('',(4.568491327,41.834465394,-8.066666667));
#2240 = CARTESIAN_POINT('',(4.082449497,42.350061169,-6.733333333));
#2241 = CARTESIAN_POINT('',(3.381597741,42.869130783,-5.066666667));
#2242 = CARTESIAN_POINT('',(3.236788652,42.96665402,-4.733333333));
#2243 = CARTESIAN_POINT('',(3.087948462,43.057576034,-4.4));
#2244 = CARTESIAN_POINT('',(5.188937247,41.437401441,-9.4));
#2245 = CARTESIAN_POINT('',(4.784318643,42.051667293,-8.066666667));
#2246 = CARTESIAN_POINT('',(4.272337403,42.590397709,-6.733333333));
#2247 = CARTESIAN_POINT('',(3.533111897,43.13289847,-5.066666667));
#2248 = CARTESIAN_POINT('',(3.380307277,43.23481269,-4.733333333));
#2249 = CARTESIAN_POINT('',(3.22326765,43.329785163,-4.4));
#2250 = CARTESIAN_POINT('',(5.371179524,41.7520622,-9.4));
#2251 = CARTESIAN_POINT('',(4.930455092,42.386533622,-8.066666667));
#2252 = CARTESIAN_POINT('',(4.376075854,42.941329794,-6.733333333));
#2253 = CARTESIAN_POINT('',(3.583975786,43.493136026,-5.066666667));
#2254 = CARTESIAN_POINT('',(3.420589593,43.596358363,-4.733333333));
#2255 = CARTESIAN_POINT('',(3.252940949,43.692136173,-4.4));
#2256 = CARTESIAN_POINT('',(5.610565485,42.283247557,-9.4));
#2257 = CARTESIAN_POINT('',(5.107397252,42.946154606,-8.066666667));
#2258 = CARTESIAN_POINT('',(4.484785737,43.517975121,-6.733333333));
#2259 = CARTESIAN_POINT('',(3.606378974,44.075560382,-5.066666667));
#2260 = CARTESIAN_POINT('',(3.425742226,44.179213065,-4.733333333));
#2261 = CARTESIAN_POINT('',(3.240883868,44.274671667,-4.4));
#2262 = CARTESIAN_POINT('',(5.69746385,42.561200321,-9.4));
#2263 = CARTESIAN_POINT('',(5.160531275,43.234697521,-8.066666667));
#2264 = CARTESIAN_POINT('',(4.503896287,43.810670978,-6.733333333));
#2265 = CARTESIAN_POINT('',(3.582551341,44.365963923,-5.066666667));
#2266 = CARTESIAN_POINT('',(3.393278414,44.468760397,-4.733333333));
#2267 = CARTESIAN_POINT('',(3.199816377,44.562982169,-4.4));
#2268 = CARTESIAN_POINT('',(5.75853625,42.854993493,-9.4));
#2269 = CARTESIAN_POINT('',(5.187400557,43.535407554,-8.066666667));
#2270 = CARTESIAN_POINT('',(4.494130352,44.112615224,-6.733333333));
#2271 = CARTESIAN_POINT('',(3.52883378,44.661312183,-5.066666667));
#2272 = CARTESIAN_POINT('',(3.330875161,44.762390403,-4.733333333));
#2273 = CARTESIAN_POINT('',(3.128832779,44.854508039,-4.4));
#2274 = DEFINITIONAL_REPRESENTATION('',(#2275),#2278);
#2275 = B_SPLINE_CURVE_WITH_KNOTS('',1,(#2276,#2277),.UNSPECIFIED.,.F.,
  .F.,(2,2),(0.,1.814583993504E-03),.PIECEWISE_BEZIER_KNOTS.);
#2276 = CARTESIAN_POINT('',(9.902985987878E-16,7.365150506619E-17));
#2277 = CARTESIAN_POINT('',(0.999999996529,5.67973668002E-16));
#2278 = ( GEOMETRIC_REPRESENTATION_CONTEXT(2) 
PARAMETRIC_REPRESENTATION_CONTEXT() REPRESENTATION_CONTEXT('2D SPACE',''
  ) );
#2279 = ORIENTED_EDGE('',*,*,#2280,.F.);
#2280 = EDGE_CURVE('',#2281,#2136,#2283,.T.);
#2281 = VERTEX_POINT('',#2282);
#2282 = CARTESIAN_POINT('',(4.412680187,40.899708444,-9.4));
#2283 = SURFACE_CURVE('',#2284,(#2288,#2295),.PCURVE_S1.);
#2284 = LINE('',#2285,#2286);
#2285 = CARTESIAN_POINT('',(4.412680187,40.899708444,-9.4));
#2286 = VECTOR('',#2287,1.);
#2287 = DIRECTION('',(0.837541391219,0.546373881143,0.));
#2288 = PCURVE('',#66,#2289);
#2289 = DEFINITIONAL_REPRESENTATION('',(#2290),#2294);
#2290 = LINE('',#2291,#2292);
#2291 = CARTESIAN_POINT('',(-2.560415323219,-4.583314671345));
#2292 = VECTOR('',#2293,1.);
#2293 = DIRECTION('',(-0.48769815653,-0.873012318423));
#2294 = ( GEOMETRIC_REPRESENTATION_CONTEXT(2) 
PARAMETRIC_REPRESENTATION_CONTEXT() REPRESENTATION_CONTEXT('2D SPACE',''
  ) );
#2295 = PCURVE('',#2296,#2333);
#2296 = B_SPLINE_SURFACE_WITH_KNOTS('',3,3,(
    (#2297,#2298,#2299,#2300,#2301,#2302)
    ,(#2303,#2304,#2305,#2306,#2307,#2308)
    ,(#2309,#2310,#2311,#2312,#2313,#2314)
    ,(#2315,#2316,#2317,#2318,#2319,#2320)
    ,(#2321,#2322,#2323,#2324,#2325,#2326)
    ,(#2327,#2328,#2329,#2330,#2331,#2332
    )),.UNSPECIFIED.,.F.,.F.,.F.,(4,2,4),(4,2,4),(0.134779408188,
    0.134952654,0.999997416828),(-4.349082591306E-06,0.5,0.625004349083)
  ,.UNSPECIFIED.);
#2297 = CARTESIAN_POINT('',(4.412581528413,40.899624709327,
    -9.400034792661));
#2298 = CARTESIAN_POINT('',(4.072997577082,41.420545633362,
    -8.066689862107));
#2299 = CARTESIAN_POINT('',(3.639850526561,41.880034580846,
    -6.733344930554));
#2300 = CARTESIAN_POINT('',(3.015265251062,42.342619192702,
    -5.066655069446));
#2301 = CARTESIAN_POINT('',(2.886211318857,42.429531506501,
    -4.733310137893));
#2302 = CARTESIAN_POINT('',(2.753564722419,42.510560556779,
    -4.399965207339));
#2303 = CARTESIAN_POINT('',(4.412617368774,40.899648089761,
    -9.400034792661));
#2304 = CARTESIAN_POINT('',(4.073030649798,41.420573261749,
    -8.066689862107));
#2305 = CARTESIAN_POINT('',(3.639880067788,41.880065951895,
    -6.733344930554));
#2306 = CARTESIAN_POINT('',(3.015289701627,42.342654334783,
    -5.066655069446));
#2307 = CARTESIAN_POINT('',(2.886234717518,42.429567356923,
    -4.733310137893));
#2308 = CARTESIAN_POINT('',(2.75358703987,42.510597068047,
    -4.399965207339));
#2309 = CARTESIAN_POINT('',(4.412653208096,40.899671470198,
    -9.400034792661));
#2310 = CARTESIAN_POINT('',(4.073063723547,41.420600889098,
    -8.066689862107));
#2311 = CARTESIAN_POINT('',(3.639909609015,41.880097323981,
    -6.733344930554));
#2312 = CARTESIAN_POINT('',(3.015314152194,42.342689476864,
    -5.066655069446));
#2313 = CARTESIAN_POINT('',(2.886258116179,42.429603207343,
    -4.733310137893));
#2314 = CARTESIAN_POINT('',(2.753609357321,42.510633579316,
    -4.399965207339));
#2315 = CARTESIAN_POINT('',(4.591644258233,41.016436295423,
    -9.400034792661));
#2316 = CARTESIAN_POINT('',(4.238238901448,41.558579255559,
    -8.066689862107));
#2317 = CARTESIAN_POINT('',(3.787443721419,42.036771818365,
    -6.733344930554));
#2318 = CARTESIAN_POINT('',(3.137423360119,42.518194338297,
    -5.066655069446));
#2319 = CARTESIAN_POINT('',(3.003114272622,42.608646683301,
    -4.733310137893));
#2320 = CARTESIAN_POINT('',(2.865066285567,42.692976375243,
    -4.399965207339));
#2321 = CARTESIAN_POINT('',(4.77059946844,41.133177740639,
    -9.400034792661));
#2322 = CARTESIAN_POINT('',(4.403365452237,41.696513786331,
    -8.066689862107));
#2323 = CARTESIAN_POINT('',(3.934953841616,42.193417555659,
    -6.733344930554));
#2324 = CARTESIAN_POINT('',(3.25951075046,42.693668830666,
    -5.066655069446));
#2325 = CARTESIAN_POINT('',(3.119948483324,42.787657802747,
    -4.733310137893));
#2326 = CARTESIAN_POINT('',(2.97650108323,42.875284296709,
    -4.399965207339));
#2327 = CARTESIAN_POINT('',(4.949554679444,41.249919185643,
    -9.400034792661));
#2328 = CARTESIAN_POINT('',(4.568499783289,41.834456425303,
    -8.066689862107));
#2329 = CARTESIAN_POINT('',(4.082456542785,42.350059873973,
    -6.733344930554));
#2330 = CARTESIAN_POINT('',(3.381594667829,42.869136983015,
    -5.066655069446));
#2331 = CARTESIAN_POINT('',(3.236780225096,42.96666326224,
    -4.733310137893));
#2332 = CARTESIAN_POINT('',(3.087934386994,43.0575877533,-4.399965207339
    ));
#2333 = DEFINITIONAL_REPRESENTATION('',(#2334),#2337);
#2334 = B_SPLINE_CURVE_WITH_KNOTS('',1,(#2335,#2336),.UNSPECIFIED.,.F.,
  .F.,(2,2),(0.,0.641000616047),.PIECEWISE_BEZIER_KNOTS.);
#2335 = CARTESIAN_POINT('',(0.134952654465,-5.426488366685E-13));
#2336 = CARTESIAN_POINT('',(0.999997415102,2.479690865248E-11));
#2337 = ( GEOMETRIC_REPRESENTATION_CONTEXT(2) 
PARAMETRIC_REPRESENTATION_CONTEXT() REPRESENTATION_CONTEXT('2D SPACE',''
  ) );
#2338 = ORIENTED_EDGE('',*,*,#2339,.F.);
#2339 = EDGE_CURVE('',#2340,#2281,#2342,.T.);
#2340 = VERTEX_POINT('',#2341);
#2341 = CARTESIAN_POINT('',(4.874098308,40.02056114,-9.4));
#2342 = SURFACE_CURVE('',#2343,(#2348,#2355),.PCURVE_S1.);
#2343 = CIRCLE('',#2344,5.25);
#2344 = AXIS2_PLACEMENT_3D('',#2345,#2346,#2347);
#2345 = CARTESIAN_POINT('',(1.5587882E-02,38.031245569,-9.4));
#2346 = DIRECTION('',(0.,0.,1.));
#2347 = DIRECTION('',(-0.885458521217,0.464718417114,0.));
#2348 = PCURVE('',#66,#2349);
#2349 = DEFINITIONAL_REPRESENTATION('',(#2350),#2354);
#2350 = CIRCLE('',#2351,5.25);
#2351 = AXIS2_PLACEMENT_2D('',#2352,#2353);
#2352 = CARTESIAN_POINT('',(0.,0.));
#2353 = DIRECTION('',(1.,0.));
#2354 = ( GEOMETRIC_REPRESENTATION_CONTEXT(2) 
PARAMETRIC_REPRESENTATION_CONTEXT() REPRESENTATION_CONTEXT('2D SPACE',''
  ) );
#2355 = PCURVE('',#2356,#2361);
#2356 = CYLINDRICAL_SURFACE('',#2357,5.25);
#2357 = AXIS2_PLACEMENT_3D('',#2358,#2359,#2360);
#2358 = CARTESIAN_POINT('',(1.5587882E-02,38.031245569,-9.4));
#2359 = DIRECTION('',(0.,0.,1.));
#2360 = DIRECTION('',(-0.885458521217,0.464718417114,0.));
#2361 = DEFINITIONAL_REPRESENTATION('',(#2362),#2366);
#2362 = LINE('',#2363,#2364);
#2363 = CARTESIAN_POINT('',(0.,0.));
#2364 = VECTOR('',#2365,1.);
#2365 = DIRECTION('',(1.,0.));
#2366 = ( GEOMETRIC_REPRESENTATION_CONTEXT(2) 
PARAMETRIC_REPRESENTATION_CONTEXT() REPRESENTATION_CONTEXT('2D SPACE',''
  ) );
#2367 = ORIENTED_EDGE('',*,*,#2368,.F.);
#2368 = EDGE_CURVE('',#2369,#2340,#2371,.T.);
#2369 = VERTEX_POINT('',#2370);
#2370 = CARTESIAN_POINT('',(5.467299865,40.263447332,-9.4));
#2371 = SURFACE_CURVE('',#2372,(#2376,#2383),.PCURVE_S1.);
#2372 = LINE('',#2373,#2374);
#2373 = CARTESIAN_POINT('',(5.467299865,40.263447332,-9.4));
#2374 = VECTOR('',#2375,1.);
#2375 = DIRECTION('',(-0.925430557142,-0.378917252058,0.));
#2376 = PCURVE('',#66,#2377);
#2377 = DEFINITIONAL_REPRESENTATION('',(#2378),#2382);
#2378 = LINE('',#2379,#2380);
#2379 = CARTESIAN_POINT('',(-3.789919560587,-4.510033035423));
#2380 = VECTOR('',#2381,1.);
#2381 = DIRECTION('',(0.643340547022,0.765580133335));
#2382 = ( GEOMETRIC_REPRESENTATION_CONTEXT(2) 
PARAMETRIC_REPRESENTATION_CONTEXT() REPRESENTATION_CONTEXT('2D SPACE',''
  ) );
#2383 = PCURVE('',#2384,#2421);
#2384 = B_SPLINE_SURFACE_WITH_KNOTS('',3,3,(
    (#2385,#2386,#2387,#2388,#2389,#2390)
    ,(#2391,#2392,#2393,#2394,#2395,#2396)
    ,(#2397,#2398,#2399,#2400,#2401,#2402)
    ,(#2403,#2404,#2405,#2406,#2407,#2408)
    ,(#2409,#2410,#2411,#2412,#2413,#2414)
    ,(#2415,#2416,#2417,#2418,#2419,#2420
    )),.UNSPECIFIED.,.F.,.F.,.F.,(4,2,4),(4,2,4),(-3.173935604949E-05,
    0.865047346,0.865220290433),(-3.173935604949E-05,0.5,0.625004060443)
  ,.UNSPECIFIED.);
#2385 = CARTESIAN_POINT('',(5.467371939842,40.263333255272,
    -9.400253914848));
#2386 = CARTESIAN_POINT('',(5.203180798518,40.909202401128,
    -8.066835943566));
#2387 = CARTESIAN_POINT('',(4.822889153014,41.507135708397,
    -6.733417971283));
#2388 = CARTESIAN_POINT('',(4.232260302215,42.148913725016,
    -5.066655839151));
#2389 = CARTESIAN_POINT('',(4.108396670888,42.271960564776,
    -4.733311677303));
#2390 = CARTESIAN_POINT('',(3.979330741321,42.389282574175,
    -4.399967516454));
#2391 = CARTESIAN_POINT('',(5.269629008015,40.182372681645,
    -9.400253914848));
#2392 = CARTESIAN_POINT('',(5.015020402886,40.804815356772,
    -8.066835943566));
#2393 = CARTESIAN_POINT('',(4.648525530554,41.381061695911,
    -6.733417971283));
#2394 = CARTESIAN_POINT('',(4.079318230359,41.999563029632,
    -5.066655839151));
#2395 = CARTESIAN_POINT('',(3.959947025457,42.118146827886,
    -4.733311677303));
#2396 = CARTESIAN_POINT('',(3.835562231856,42.231213294329,
    -4.399967516454));
#2397 = CARTESIAN_POINT('',(5.071886073441,40.101412106779,
    -9.400253914848));
#2398 = CARTESIAN_POINT('',(4.826869180154,40.700434812716,
    -8.066835943566));
#2399 = CARTESIAN_POINT('',(4.474153601777,41.254985453299,
    -6.733417971283));
#2400 = CARTESIAN_POINT('',(3.926371224842,41.85020644041,
    -5.066655839151));
#2401 = CARTESIAN_POINT('',(3.811493587594,41.964327691306,
    -4.733311677303));
#2402 = CARTESIAN_POINT('',(3.691791147199,42.073139634033,
    -4.399967516454));
#2403 = CARTESIAN_POINT('',(4.874103611054,40.020435349602,
    -9.400253914848));
#2404 = CARTESIAN_POINT('',(4.638662007894,40.59602040555,
    -8.066835943566));
#2405 = CARTESIAN_POINT('',(4.299753130938,41.128885796658,
    -6.733417971283));
#2406 = CARTESIAN_POINT('',(3.773397454557,41.700824505928,
    -5.066655839151));
#2407 = CARTESIAN_POINT('',(3.663012857946,41.810481266481,
    -4.733311677303));
#2408 = CARTESIAN_POINT('',(3.547992078967,41.915036220917,
    -4.399967516454));
#2409 = CARTESIAN_POINT('',(4.874064078745,40.02041916377,
    -9.400253914848));
#2410 = CARTESIAN_POINT('',(4.638624388752,40.595999535246,
    -8.066835943566));
#2411 = CARTESIAN_POINT('',(4.299718272297,41.128860592695,
    -6.733417971283));
#2412 = CARTESIAN_POINT('',(3.773366878525,41.700794648382,
    -5.066655839151));
#2413 = CARTESIAN_POINT('',(3.66298318009,41.810450516051,
    -4.733311677303));
#2414 = CARTESIAN_POINT('',(3.54796333646,41.915004620187,
    -4.399967516454));
#2415 = CARTESIAN_POINT('',(4.874024546438,40.020402977963,
    -9.400253914848));
#2416 = CARTESIAN_POINT('',(4.638586770859,40.595978664955,
    -8.066835943566));
#2417 = CARTESIAN_POINT('',(4.299683413649,41.128835387498,
    -6.733417971283));
#2418 = CARTESIAN_POINT('',(3.773336302493,41.700764789601,
    -5.066655839151));
#2419 = CARTESIAN_POINT('',(3.662953502228,41.81041976562,
    -4.733311677303));
#2420 = CARTESIAN_POINT('',(3.547934593972,41.914973018219,
    -4.399967516454));
#2421 = DEFINITIONAL_REPRESENTATION('',(#2422),#2425);
#2422 = B_SPLINE_CURVE_WITH_KNOTS('',1,(#2423,#2424),.UNSPECIFIED.,.F.,
  .F.,(2,2),(0.,0.641000615828),.PIECEWISE_BEZIER_KNOTS.);
#2423 = CARTESIAN_POINT('',(1.346362014235E-14,-1.236900067198E-15));
#2424 = CARTESIAN_POINT('',(0.865047346287,-2.504987929578E-11));
#2425 = ( GEOMETRIC_REPRESENTATION_CONTEXT(2) 
PARAMETRIC_REPRESENTATION_CONTEXT() REPRESENTATION_CONTEXT('2D SPACE',''
  ) );
#2426 = ORIENTED_EDGE('',*,*,#2427,.F.);
#2427 = EDGE_CURVE('',#2428,#2369,#2430,.T.);
#2428 = VERTEX_POINT('',#2429);
#2429 = CARTESIAN_POINT('',(7.247799774,40.017475954,-9.4));
#2430 = SURFACE_CURVE('',#2431,(#2478,#2528),.PCURVE_S1.);
#2431 = B_SPLINE_CURVE_WITH_KNOTS('',3,(#2432,#2433,#2434,#2435,#2436,
    #2437,#2438,#2439,#2440,#2441,#2442,#2443,#2444,#2445,#2446,#2447,
    #2448,#2449,#2450,#2451,#2452,#2453,#2454,#2455,#2456,#2457,#2458,
    #2459,#2460,#2461,#2462,#2463,#2464,#2465,#2466,#2467,#2468,#2469,
    #2470,#2471,#2472,#2473,#2474,#2475,#2476,#2477),.UNSPECIFIED.,.F.,
  .F.,(4,3,3,3,3,3,3,3,3,3,3,3,3,3,3,4),(0.,2.285805E-04,4.57161E-04,
    6.046259365741E-04,7.47193594688E-04,8.654349443759E-04,9.14322E-04,
    1.021557837843E-03,1.144102945213E-03,1.275140108832E-03,
    1.371483E-03,1.479646907766E-03,1.575647909693E-03,
    1.666577814748E-03,1.750807007999E-03,1.828644E-03),.UNSPECIFIED.);
#2432 = CARTESIAN_POINT('',(7.247799774,40.017475954,-9.4));
#2433 = CARTESIAN_POINT('',(7.177388461054,40.047177771729,-9.4));
#2434 = CARTESIAN_POINT('',(7.106397874129,40.075121039538,-9.4));
#2435 = CARTESIAN_POINT('',(7.034767688489,40.10117184374,
    -9.399999999026));
#2436 = CARTESIAN_POINT('',(6.963137502849,40.127222647941,
    -9.399999998052));
#2437 = CARTESIAN_POINT('',(6.89086727994,40.151381508912,
    -9.399999996104));
#2438 = CARTESIAN_POINT('',(6.817910141073,40.173458499068,
    -9.399999992209));
#2439 = CARTESIAN_POINT('',(6.77084304718,40.187701104859,
    -9.399999989696));
#2440 = CARTESIAN_POINT('',(6.723149017584,40.201174324281,
    -9.399999978349));
#2441 = CARTESIAN_POINT('',(6.675200381405,40.213686424678,
    -9.399999965946));
#2442 = CARTESIAN_POINT('',(6.628844109002,40.225783000944,
    -9.399999953954));
#2443 = CARTESIAN_POINT('',(6.582250154797,40.236981120226,
    -9.399999940976));
#2444 = CARTESIAN_POINT('',(6.535753190429,40.247155627187,
    -9.399999934037));
#2445 = CARTESIAN_POINT('',(6.497189999479,40.255594058816,
    -9.399999928283));
#2446 = CARTESIAN_POINT('',(6.458693570627,40.263329177829,
    -9.399999926684));
#2447 = CARTESIAN_POINT('',(6.42045172065,40.270316715147,-9.39999993325
    ));
#2448 = CARTESIAN_POINT('',(6.404640572926,40.273205722474,
    -9.399999935964));
#2449 = CARTESIAN_POINT('',(6.388682760461,40.27601765697,
    -9.399999940074));
#2450 = CARTESIAN_POINT('',(6.372611757721,40.278737825533,
    -9.399999945863));
#2451 = CARTESIAN_POINT('',(6.337359328999,40.284704631087,
    -9.399999958562));
#2452 = CARTESIAN_POINT('',(6.301918531479,40.290170149776,
    -9.399999968282));
#2453 = CARTESIAN_POINT('',(6.266391552327,40.295057792478,
    -9.399999975712));
#2454 = CARTESIAN_POINT('',(6.225792648433,40.300643207873,
    -9.399999984203));
#2455 = CARTESIAN_POINT('',(6.185080712895,40.305475126105,
    -9.399999989704));
#2456 = CARTESIAN_POINT('',(6.144340185402,40.30943895928,
    -9.399999993242));
#2457 = CARTESIAN_POINT('',(6.100776445635,40.313677475754,
    -9.399999997026));
#2458 = CARTESIAN_POINT('',(6.057177999529,40.316925325753,
    -9.399999998566));
#2459 = CARTESIAN_POINT('',(6.013596515945,40.319017175729,
    -9.399999999119));
#2460 = CARTESIAN_POINT('',(5.981553956309,40.320555173569,
    -9.399999999525));
#2461 = CARTESIAN_POINT('',(5.949519292105,40.321467865583,
    -9.399999999399));
#2462 = CARTESIAN_POINT('',(5.917507428827,40.321672251628,
    -9.399999999238));
#2463 = CARTESIAN_POINT('',(5.881567795035,40.321901715297,
    -9.399999999058));
#2464 = CARTESIAN_POINT('',(5.845759755704,40.321239782362,
    -9.399999999006));
#2465 = CARTESIAN_POINT('',(5.810043999388,40.319547868757,
    -9.399999999031));
#2466 = CARTESIAN_POINT('',(5.778344438401,40.318046208872,
    -9.399999999053));
#2467 = CARTESIAN_POINT('',(5.746716921706,40.31573311133,
    -9.399999999136));
#2468 = CARTESIAN_POINT('',(5.715149590408,40.312473908173,
    -9.399999999246));
#2469 = CARTESIAN_POINT('',(5.685249752072,40.309386867125,
    -9.399999999349));
#2470 = CARTESIAN_POINT('',(5.655403377318,40.30545126463,
    -9.399999999476));
#2471 = CARTESIAN_POINT('',(5.625623373901,40.300515051106,
    -9.399999999595));
#2472 = CARTESIAN_POINT('',(5.598037887462,40.295942591885,
    -9.399999999706));
#2473 = CARTESIAN_POINT('',(5.570509087076,40.290511585034,
    -9.399999999811));
#2474 = CARTESIAN_POINT('',(5.54307271268,40.284066529081,
    -9.399999999886));
#2475 = CARTESIAN_POINT('',(5.517718500299,40.27811059208,
    -9.399999999956));
#2476 = CARTESIAN_POINT('',(5.492443088332,40.271288647941,-9.4));
#2477 = CARTESIAN_POINT('',(5.467299865,40.263447332,-9.4));
#2478 = PCURVE('',#66,#2479);
#2479 = DEFINITIONAL_REPRESENTATION('',(#2480),#2527);
#2480 = B_SPLINE_CURVE_WITH_KNOTS('',3,(#2481,#2482,#2483,#2484,#2485,
    #2486,#2487,#2488,#2489,#2490,#2491,#2492,#2493,#2494,#2495,#2496,
    #2497,#2498,#2499,#2500,#2501,#2502,#2503,#2504,#2505,#2506,#2507,
    #2508,#2509,#2510,#2511,#2512,#2513,#2514,#2515,#2516,#2517,#2518,
    #2519,#2520,#2521,#2522,#2523,#2524,#2525,#2526),.UNSPECIFIED.,.F.,
  .F.,(4,3,3,3,3,3,3,3,3,3,3,3,3,3,3,4),(0.,2.285805E-04,4.57161E-04,
    6.046259365741E-04,7.47193594688E-04,8.654349443759E-04,9.14322E-04,
    1.021557837843E-03,1.144102945213E-03,1.275140108832E-03,
    1.371483E-03,1.479646907766E-03,1.575647909693E-03,
    1.666577814748E-03,1.750807007999E-03,1.828644E-03),.UNSPECIFIED.);
#2481 = CARTESIAN_POINT('',(-5.480785806476,-5.119666682179));
#2482 = CARTESIAN_POINT('',(-5.404636527717,-5.113244975884));
#2483 = CARTESIAN_POINT('',(-5.328791556413,-5.104996947291));
#2484 = CARTESIAN_POINT('',(-5.253259709669,-5.094775987367));
#2485 = CARTESIAN_POINT('',(-5.177727862925,-5.084555027443));
#2486 = CARTESIAN_POINT('',(-5.10250851059,-5.072361393158));
#2487 = CARTESIAN_POINT('',(-5.027648406377,-5.058005126123));
#2488 = CARTESIAN_POINT('',(-4.979353645801,-5.048743417414));
#2489 = CARTESIAN_POINT('',(-4.930861307681,-5.038509100419));
#2490 = CARTESIAN_POINT('',(-4.882590175704,-5.027305432026));
#2491 = CARTESIAN_POINT('',(-4.835922117518,-5.016473835024));
#2492 = CARTESIAN_POINT('',(-4.789461131463,-5.004736236518));
#2493 = CARTESIAN_POINT('',(-4.743561717383,-4.992137344725));
#2494 = CARTESIAN_POINT('',(-4.705494116761,-4.981688200859));
#2495 = CARTESIAN_POINT('',(-4.667812473534,-4.970647328421));
#2496 = CARTESIAN_POINT('',(-4.630703664323,-4.959062810893));
#2497 = CARTESIAN_POINT('',(-4.615360973929,-4.954273175505));
#2498 = CARTESIAN_POINT('',(-4.599924235154,-4.949347137517));
#2499 = CARTESIAN_POINT('',(-4.584429916404,-4.944287242996));
#2500 = CARTESIAN_POINT('',(-4.550442468566,-4.933188148942));
#2501 = CARTESIAN_POINT('',(-4.516521185209,-4.921557647714));
#2502 = CARTESIAN_POINT('',(-4.482792141207,-4.909375411076));
#2503 = CARTESIAN_POINT('',(-4.4442478504,-4.895454006378));
#2504 = CARTESIAN_POINT('',(-4.405953638771,-4.88081288331));
#2505 = CARTESIAN_POINT('',(-4.368037525263,-4.865389819722));
#2506 = CARTESIAN_POINT('',(-4.327493924004,-4.848897978063));
#2507 = CARTESIAN_POINT('',(-4.287379972678,-4.831512813657));
#2508 = CARTESIAN_POINT('',(-4.247818255461,-4.813111941978));
#2509 = CARTESIAN_POINT('',(-4.218731162068,-4.799583007676));
#2510 = CARTESIAN_POINT('',(-4.189941650887,-4.785504060155));
#2511 = CARTESIAN_POINT('',(-4.161501491808,-4.770808533089));
#2512 = CARTESIAN_POINT('',(-4.129571800824,-4.754309903923));
#2513 = CARTESIAN_POINT('',(-4.098172879696,-4.737083134407));
#2514 = CARTESIAN_POINT('',(-4.067334322337,-4.718987245347));
#2515 = CARTESIAN_POINT('',(-4.039963524947,-4.702926218001));
#2516 = CARTESIAN_POINT('',(-4.013033609813,-4.686180176576));
#2517 = CARTESIAN_POINT('',(-3.986596659055,-4.668624367135));
#2518 = CARTESIAN_POINT('',(-3.961556197247,-4.651995914791));
#2519 = CARTESIAN_POINT('',(-3.936957417356,-4.634640941993));
#2520 = CARTESIAN_POINT('',(-3.912882408903,-4.616430813616));
#2521 = CARTESIAN_POINT('',(-3.890581510885,-4.599562607043));
#2522 = CARTESIAN_POINT('',(-3.868729788912,-4.581960535207));
#2523 = CARTESIAN_POINT('',(-3.847431153612,-4.563503517013));
#2524 = CARTESIAN_POINT('',(-3.827748883826,-4.546447212399));
#2525 = CARTESIAN_POINT('',(-3.808538838005,-4.528660714389));
#2526 = CARTESIAN_POINT('',(-3.789919560587,-4.510033035423));
#2527 = ( GEOMETRIC_REPRESENTATION_CONTEXT(2) 
PARAMETRIC_REPRESENTATION_CONTEXT() REPRESENTATION_CONTEXT('2D SPACE',''
  ) );
#2528 = PCURVE('',#2529,#2566);
#2529 = B_SPLINE_SURFACE_WITH_KNOTS('',3,3,(
    (#2530,#2531,#2532,#2533,#2534,#2535)
    ,(#2536,#2537,#2538,#2539,#2540,#2541)
    ,(#2542,#2543,#2544,#2545,#2546,#2547)
    ,(#2548,#2549,#2550,#2551,#2552,#2553)
    ,(#2554,#2555,#2556,#2557,#2558,#2559)
    ,(#2560,#2561,#2562,#2563,#2564,#2565
    )),.UNSPECIFIED.,.F.,.F.,.F.,(4,2,4),(4,2,4),(0.,0.475892875,1.),(0.
    ,0.5,0.625000005),.UNSPECIFIED.);
#2530 = CARTESIAN_POINT('',(7.247799774,40.017475954,-9.4));
#2531 = CARTESIAN_POINT('',(7.012813925,40.874179476,-8.066666667));
#2532 = CARTESIAN_POINT('',(6.623768285,41.688081483,-6.733333333));
#2533 = CARTESIAN_POINT('',(5.975620865,42.589620635,-5.066666653));
#2534 = CARTESIAN_POINT('',(5.83792373,42.764102652,-4.733333307));
#2535 = CARTESIAN_POINT('',(5.69277521,42.932146495,-4.39999996));
#2536 = CARTESIAN_POINT('',(6.971318404,40.134104929,-9.4));
#2537 = CARTESIAN_POINT('',(6.722601602,40.957393327,-8.066666667));
#2538 = CARTESIAN_POINT('',(6.325516561,41.736758605,-6.733333333));
#2539 = CARTESIAN_POINT('',(5.675480473,42.593894969,-5.066666653));
#2540 = CARTESIAN_POINT('',(5.537820048,42.759447942,-4.733333307));
#2541 = CARTESIAN_POINT('',(5.393103309,42.918573615,-4.39999996));
#2542 = CARTESIAN_POINT('',(6.693204913,40.220479286,-9.4));
#2543 = CARTESIAN_POINT('',(6.434362011,41.011793653,-8.066666667));
#2544 = CARTESIAN_POINT('',(6.032859199,41.755360387,-6.733333333));
#2545 = CARTESIAN_POINT('',(5.385105085,42.569557008,-5.066666653));
#2546 = CARTESIAN_POINT('',(5.248270966,42.726582325,-4.733333307));
#2547 = CARTESIAN_POINT('',(5.10475755,42.877240234,-4.39999996));
#2548 = CARTESIAN_POINT('',(6.120065046,40.325203256,-9.4));
#2549 = CARTESIAN_POINT('',(5.8482971,41.047979928,-8.066666667));
#2550 = CARTESIAN_POINT('',(5.447167335,41.722323324,-6.733333333));
#2551 = CARTESIAN_POINT('',(4.81432971,42.451316962,-5.066666653));
#2552 = CARTESIAN_POINT('',(4.681244235,42.591434566,-4.733333307));
#2553 = CARTESIAN_POINT('',(4.542221132,42.725393285,-4.39999996));
#2554 = CARTESIAN_POINT('',(5.757571659,40.353973229,-9.4));
#2555 = CARTESIAN_POINT('',(5.483463132,41.032407362,-8.066666667));
#2556 = CARTESIAN_POINT('',(5.085437896,41.664432999,-6.733333333));
#2557 = CARTESIAN_POINT('',(4.467471233,42.341840532,-5.066666653));
#2558 = CARTESIAN_POINT('',(4.337896392,42.471691706,-4.733333307));
#2559 = CARTESIAN_POINT('',(4.202840117,42.595526797,-4.39999996));
#2560 = CARTESIAN_POINT('',(5.467299865,40.263447332,-9.4));
#2561 = CARTESIAN_POINT('',(5.20311181,40.909266818,-8.066666667));
#2562 = CARTESIAN_POINT('',(4.822838382,41.507153283,-6.733333333));
#2563 = CARTESIAN_POINT('',(4.232245914,42.148891766,-5.066666653));
#2564 = CARTESIAN_POINT('',(4.108387091,42.271934355,-4.733333307));
#2565 = CARTESIAN_POINT('',(3.979326343,42.389252575,-4.39999996));
#2566 = DEFINITIONAL_REPRESENTATION('',(#2567),#2570);
#2567 = B_SPLINE_CURVE_WITH_KNOTS('',1,(#2568,#2569),.UNSPECIFIED.,.F.,
  .F.,(2,2),(0.,1.828644E-03),.PIECEWISE_BEZIER_KNOTS.);
#2568 = CARTESIAN_POINT('',(1.092987717096E-15,3.724081643028E-16));
#2569 = CARTESIAN_POINT('',(1.,2.397140259592E-16));
#2570 = ( GEOMETRIC_REPRESENTATION_CONTEXT(2) 
PARAMETRIC_REPRESENTATION_CONTEXT() REPRESENTATION_CONTEXT('2D SPACE',''
  ) );
#2571 = ORIENTED_EDGE('',*,*,#2572,.F.);
#2572 = EDGE_CURVE('',#2573,#2428,#2575,.T.);
#2573 = VERTEX_POINT('',#2574);
#2574 = CARTESIAN_POINT('',(7.342423556,39.633581052,-9.4));
#2575 = SURFACE_CURVE('',#2576,(#2581,#2588),.PCURVE_S1.);
#2576 = CIRCLE('',#2577,7.499991736661);
#2577 = AXIS2_PLACEMENT_3D('',#2578,#2579,#2580);
#2578 = CARTESIAN_POINT('',(1.559590781854E-02,38.031247546195,-9.4));
#2579 = DIRECTION('',(0.,0.,1.));
#2580 = DIRECTION('',(0.964294911264,0.264830746159,-0.));
#2581 = PCURVE('',#66,#2582);
#2582 = DEFINITIONAL_REPRESENTATION('',(#2583),#2587);
#2583 = CIRCLE('',#2584,7.499991736661);
#2584 = AXIS2_PLACEMENT_2D('',#2585,#2586);
#2585 = CARTESIAN_POINT('',(-6.18769048497E-06,-5.480469846341E-06));
#2586 = DIRECTION('',(-0.730771420986,-0.68262224566));
#2587 = ( GEOMETRIC_REPRESENTATION_CONTEXT(2) 
PARAMETRIC_REPRESENTATION_CONTEXT() REPRESENTATION_CONTEXT('2D SPACE',''
  ) );
#2588 = PCURVE('',#2589,#2626);
#2589 = B_SPLINE_SURFACE_WITH_KNOTS('',3,3,(
    (#2590,#2591,#2592,#2593,#2594,#2595)
    ,(#2596,#2597,#2598,#2599,#2600,#2601)
    ,(#2602,#2603,#2604,#2605,#2606,#2607)
    ,(#2608,#2609,#2610,#2611,#2612,#2613)
    ,(#2614,#2615,#2616,#2617,#2618,#2619)
    ,(#2620,#2621,#2622,#2623,#2624,#2625
    )),.UNSPECIFIED.,.F.,.F.,.F.,(4,2,4),(4,2,4),(0.,0.5,1.),(0.,0.5,
    0.625),.UNSPECIFIED.);
#2590 = CARTESIAN_POINT('',(7.342423556,39.633581052,-9.4));
#2591 = CARTESIAN_POINT('',(7.152912195,40.501477773,-8.066666667));
#2592 = CARTESIAN_POINT('',(6.80729842,41.334750825,-6.733333333));
#2593 = CARTESIAN_POINT('',(6.207562535,42.269194175,-5.066666665));
#2594 = CARTESIAN_POINT('',(6.079251957,42.45069034,-4.733333331));
#2595 = CARTESIAN_POINT('',(5.943161085,42.626149992,-4.399999996));
#2596 = CARTESIAN_POINT('',(7.328343287,39.697964459,-9.4));
#2597 = CARTESIAN_POINT('',(7.131188238,40.564189743,-8.066666667));
#2598 = CARTESIAN_POINT('',(6.778268279,41.394432742,-6.733333333));
#2599 = CARTESIAN_POINT('',(6.170323083,42.323604072,-5.066666665));
#2600 = CARTESIAN_POINT('',(6.040417023,42.503971748,-4.733333331));
#2601 = CARTESIAN_POINT('',(5.90278338,42.67823448,-4.399999996));
#2602 = CARTESIAN_POINT('',(7.313414333,39.762162263,-9.4));
#2603 = CARTESIAN_POINT('',(7.108671857,40.626628001,-8.066666667));
#2604 = CARTESIAN_POINT('',(6.748453586,41.453731302,-6.733333333));
#2605 = CARTESIAN_POINT('',(6.132364126,42.377525906,-5.066666665));
#2606 = CARTESIAN_POINT('',(6.000878645,42.556745959,-4.733333331));
#2607 = CARTESIAN_POINT('',(5.861719905,42.729793463,-4.399999996));
#2608 = CARTESIAN_POINT('',(7.281869419,39.890142054,-9.4));
#2609 = CARTESIAN_POINT('',(7.061967137,40.750875993,-8.066666667));
#2610 = CARTESIAN_POINT('',(6.687269588,41.571519695,-6.733333333));
#2611 = CARTESIAN_POINT('',(6.055042116,42.484345591,-5.066666665));
#2612 = CARTESIAN_POINT('',(5.920427502,42.661227474,-4.733333331));
#2613 = CARTESIAN_POINT('',(5.778249196,42.831802913,-4.399999996));
#2614 = CARTESIAN_POINT('',(7.265253459,39.953924039,-9.4));
#2615 = CARTESIAN_POINT('',(7.037778798,40.812685725,-8.066666667));
#2616 = CARTESIAN_POINT('',(6.655899738,41.63001529,-6.733333333));
#2617 = CARTESIAN_POINT('',(6.015675637,42.537247247,-5.066666665));
#2618 = CARTESIAN_POINT('',(5.879511198,42.712938124,-4.733333331));
#2619 = CARTESIAN_POINT('',(5.735838585,42.882256258,-4.399999996));
#2620 = CARTESIAN_POINT('',(7.247799774,40.017475954,-9.4));
#2621 = CARTESIAN_POINT('',(7.012813925,40.874179476,-8.066666667));
#2622 = CARTESIAN_POINT('',(6.623767233,41.688080903,-6.733333333));
#2623 = CARTESIAN_POINT('',(5.975619922,42.589619904,-5.066666665));
#2624 = CARTESIAN_POINT('',(5.837922864,42.764101944,-4.733333331));
#2625 = CARTESIAN_POINT('',(5.692774444,42.932145841,-4.399999996));
#2626 = DEFINITIONAL_REPRESENTATION('',(#2627),#2630);
#2627 = B_SPLINE_CURVE_WITH_KNOTS('',1,(#2628,#2629),.UNSPECIFIED.,.F.,
  .F.,(2,2),(6.230461200189,6.28318530718),.PIECEWISE_BEZIER_KNOTS.);
#2628 = CARTESIAN_POINT('',(-1.074541050632E-14,-6.922122456775E-17));
#2629 = CARTESIAN_POINT('',(1.,2.805009386161E-17));
#2630 = ( GEOMETRIC_REPRESENTATION_CONTEXT(2) 
PARAMETRIC_REPRESENTATION_CONTEXT() REPRESENTATION_CONTEXT('2D SPACE',''
  ) );
#2631 = ORIENTED_EDGE('',*,*,#2632,.F.);
#2632 = EDGE_CURVE('',#2633,#2573,#2635,.T.);
#2633 = VERTEX_POINT('',#2634);
#2634 = CARTESIAN_POINT('',(5.880189008,38.588328943,-9.4));
#2635 = SURFACE_CURVE('',#2636,(#2643,#2653),.PCURVE_S1.);
#2636 = B_SPLINE_CURVE_WITH_KNOTS('',3,(#2637,#2638,#2639,#2640,#2641,
    #2642),.UNSPECIFIED.,.F.,.F.,(4,2,4),(-2.52039523895E-16,0.524107125
    ,1.),.UNSPECIFIED.);
#2637 = CARTESIAN_POINT('',(5.880189008461,38.588328943081,-9.4));
#2638 = CARTESIAN_POINT('',(6.179280811,38.643071483,-9.4));
#2639 = CARTESIAN_POINT('',(6.486879993,38.837005264,-9.4));
#2640 = CARTESIAN_POINT('',(6.945698994,39.196092458,-9.4));
#2641 = CARTESIAN_POINT('',(7.151814137,39.401821877,-9.4));
#2642 = CARTESIAN_POINT('',(7.342423556,39.633581052,-9.4));
#2643 = PCURVE('',#66,#2644);
#2644 = DEFINITIONAL_REPRESENTATION('',(#2645),#2652);
#2645 = B_SPLINE_CURVE_WITH_KNOTS('',3,(#2646,#2647,#2648,#2649,#2650,
    #2651),.UNSPECIFIED.,.F.,.F.,(4,2,4),(-2.52039523895E-16,0.524107125
    ,1.),.UNSPECIFIED.);
#2646 = CARTESIAN_POINT('',(-4.933974137158,-3.218662373101));
#2647 = CARTESIAN_POINT('',(-5.173367655843,-3.406128090593));
#2648 = CARTESIAN_POINT('',(-5.355609372933,-3.720795414495));
#2649 = CARTESIAN_POINT('',(-5.595000134663,-4.251973870169));
#2650 = CARTESIAN_POINT('',(-5.681900294433,-4.529924240285));
#2651 = CARTESIAN_POINT('',(-5.742974271753,-4.823717084144));
#2652 = ( GEOMETRIC_REPRESENTATION_CONTEXT(2) 
PARAMETRIC_REPRESENTATION_CONTEXT() REPRESENTATION_CONTEXT('2D SPACE',''
  ) );
#2653 = PCURVE('',#2654,#2691);
#2654 = B_SPLINE_SURFACE_WITH_KNOTS('',3,3,(
    (#2655,#2656,#2657,#2658,#2659,#2660)
    ,(#2661,#2662,#2663,#2664,#2665,#2666)
    ,(#2667,#2668,#2669,#2670,#2671,#2672)
    ,(#2673,#2674,#2675,#2676,#2677,#2678)
    ,(#2679,#2680,#2681,#2682,#2683,#2684)
    ,(#2685,#2686,#2687,#2688,#2689,#2690
    )),.UNSPECIFIED.,.F.,.F.,.F.,(4,2,4),(4,2,4),(-6.13E-07,0.524107125,
    1.),(0.,0.5,0.625),.UNSPECIFIED.);
#2655 = CARTESIAN_POINT('',(5.880187959,38.588328751,-9.4));
#2656 = CARTESIAN_POINT('',(5.814427027,39.282989426,-8.066666667));
#2657 = CARTESIAN_POINT('',(5.623671608,39.965402954,-6.733333333));
#2658 = CARTESIAN_POINT('',(5.244321697,40.750718723,-5.066666667));
#2659 = CARTESIAN_POINT('',(5.161420686,40.904367315,-4.733333333));
#2660 = CARTESIAN_POINT('',(5.071882473,41.054044073,-4.4));
#2661 = CARTESIAN_POINT('',(6.179280091459,38.643071029347,-9.4));
#2662 = CARTESIAN_POINT('',(6.106471738279,39.375011989245,-8.066666667)
  );
#2663 = CARTESIAN_POINT('',(5.903501260639,40.089962953874,-6.733333333)
  );
#2664 = CARTESIAN_POINT('',(5.50106032104,40.91385881312,-5.066666667));
#2665 = CARTESIAN_POINT('',(5.413120004535,41.075111250907,-4.733333333)
  );
#2666 = CARTESIAN_POINT('',(5.318203781634,41.232185189707,-4.4));
#2667 = CARTESIAN_POINT('',(6.486879711744,38.83700504388,-9.4));
#2668 = CARTESIAN_POINT('',(6.391491205537,39.603616409656,-8.066666667)
  );
#2669 = CARTESIAN_POINT('',(6.158441905722,40.352498208978,-6.733333333)
  );
#2670 = CARTESIAN_POINT('',(5.713507994921,41.209206065254,-5.066666667)
  );
#2671 = CARTESIAN_POINT('',(5.616805969161,41.376534135106,-4.733333333)
  );
#2672 = CARTESIAN_POINT('',(5.512869955593,41.539251153377,-4.4));
#2673 = CARTESIAN_POINT('',(6.945698994,39.196092458,-9.4));
#2674 = CARTESIAN_POINT('',(6.808233917,40.016901436,-8.066666667));
#2675 = CARTESIAN_POINT('',(6.522680628,40.812567516,-6.733333333));
#2676 = CARTESIAN_POINT('',(6.004012631,41.714501363,-5.066666667));
#2677 = CARTESIAN_POINT('',(5.892236217,41.890227233,-4.733333333));
#2678 = CARTESIAN_POINT('',(5.772913639,42.060659359,-4.4));
#2679 = CARTESIAN_POINT('',(7.151814137,39.401821877,-9.4));
#2680 = CARTESIAN_POINT('',(6.989373708,40.247699041,-8.066666667));
#2681 = CARTESIAN_POINT('',(6.675625977,41.062853092,-6.733333333));
#2682 = CARTESIAN_POINT('',(6.117871852,41.982711467,-5.066666667));
#2683 = CARTESIAN_POINT('',(5.998050501,42.16169268,-4.733333333));
#2684 = CARTESIAN_POINT('',(5.870534947,42.335028056,-4.4));
#2685 = CARTESIAN_POINT('',(7.342423556,39.633581052,-9.4));
#2686 = CARTESIAN_POINT('',(7.152912195,40.501477773,-8.066666667));
#2687 = CARTESIAN_POINT('',(6.807298416,41.334750823,-6.733333333));
#2688 = CARTESIAN_POINT('',(6.207562533,42.269194173,-5.066666667));
#2689 = CARTESIAN_POINT('',(6.079251956,42.450690337,-4.733333333));
#2690 = CARTESIAN_POINT('',(5.943161084,42.626149989,-4.4));
#2691 = DEFINITIONAL_REPRESENTATION('',(#2692),#2696);
#2692 = LINE('',#2693,#2694);
#2693 = CARTESIAN_POINT('',(-2.42613649994E-15,-6.431309010438E-17));
#2694 = VECTOR('',#2695,1.);
#2695 = DIRECTION('',(1.,9.920196999203E-17));
#2696 = ( GEOMETRIC_REPRESENTATION_CONTEXT(2) 
PARAMETRIC_REPRESENTATION_CONTEXT() REPRESENTATION_CONTEXT('2D SPACE',''
  ) );
#2697 = ORIENTED_EDGE('',*,*,#2698,.F.);
#2698 = EDGE_CURVE('',#2699,#2633,#2701,.T.);
#2699 = VERTEX_POINT('',#2700);
#2700 = CARTESIAN_POINT('',(5.242060924,38.527712622,-9.4));
#2701 = SURFACE_CURVE('',#2702,(#2706,#2713),.PCURVE_S1.);
#2702 = LINE('',#2703,#2704);
#2703 = CARTESIAN_POINT('',(5.242060924,38.527712622,-9.4));
#2704 = VECTOR('',#2705,1.);
#2705 = DIRECTION('',(0.995518674783,9.45651529794E-02,0.));
#2706 = PCURVE('',#66,#2707);
#2707 = DEFINITIONAL_REPRESENTATION('',(#2708),#2712);
#2708 = LINE('',#2709,#2710);
#2709 = CARTESIAN_POINT('',(-4.397107707929,-2.868439261748));
#2710 = VECTOR('',#2711,1.);
#2711 = DIRECTION('',(-0.83754432541,-0.546369383268));
#2712 = ( GEOMETRIC_REPRESENTATION_CONTEXT(2) 
PARAMETRIC_REPRESENTATION_CONTEXT() REPRESENTATION_CONTEXT('2D SPACE',''
  ) );
#2713 = PCURVE('',#2714,#2751);
#2714 = B_SPLINE_SURFACE_WITH_KNOTS('',3,3,(
    (#2715,#2716,#2717,#2718,#2719,#2720)
    ,(#2721,#2722,#2723,#2724,#2725,#2726)
    ,(#2727,#2728,#2729,#2730,#2731,#2732)
    ,(#2733,#2734,#2735,#2736,#2737,#2738)
    ,(#2739,#2740,#2741,#2742,#2743,#2744)
    ,(#2745,#2746,#2747,#2748,#2749,#2750
    )),.UNSPECIFIED.,.F.,.F.,.F.,(4,2,4),(4,2,4),(0.134779737355,
    0.134952654,1.000024446601),(-2.79218714904E-05,0.5,0.625004020377),
  .UNSPECIFIED.);
#2715 = CARTESIAN_POINT('',(5.241943183784,38.527596793433,
    -9.400223374972));
#2716 = CARTESIAN_POINT('',(5.183348290314,39.146692139256,
    -8.066815583648));
#2717 = CARTESIAN_POINT('',(5.013347231554,39.754873750087,
    -6.733407791324));
#2718 = CARTESIAN_POINT('',(4.67526565321,40.45475735581,-5.066655945995
    ));
#2719 = CARTESIAN_POINT('',(4.601384462796,40.591688398152,
    -4.73331189099));
#2720 = CARTESIAN_POINT('',(4.521588073745,40.72507969074,
    -4.399967836985));
#2721 = CARTESIAN_POINT('',(5.241985702925,38.527600830786,
    -9.400223374972));
#2722 = CARTESIAN_POINT('',(5.183390334423,39.146701214841,
    -8.066815583648));
#2723 = CARTESIAN_POINT('',(5.013387890832,39.754887771883,
    -6.733407791324));
#2724 = CARTESIAN_POINT('',(4.675303561889,40.454777071836,
    -5.066655945995));
#2725 = CARTESIAN_POINT('',(4.601421771073,40.591709228134,
    -4.73331189099));
#2726 = CARTESIAN_POINT('',(4.521624733052,40.725101606396,
    -4.399967836985));
#2727 = CARTESIAN_POINT('',(5.242028222064,38.527604869175,
    -9.400223374972));
#2728 = CARTESIAN_POINT('',(5.18343237957,39.146710290427,
    -8.066815583648));
#2729 = CARTESIAN_POINT('',(5.01342855011,39.754901794712,
    -6.733407791324));
#2730 = CARTESIAN_POINT('',(4.67534147161,40.4547967889,-5.066655945995)
  );
#2731 = CARTESIAN_POINT('',(4.601459078308,40.591730059154,
    -4.73331189099));
#2732 = CARTESIAN_POINT('',(4.521661391319,40.72512352205,
    -4.399967836985));
#2733 = CARTESIAN_POINT('',(5.454787366814,38.547810777999,
    -9.400223374972));
#2734 = CARTESIAN_POINT('',(5.393816842953,39.192122447478,
    -8.066815583648));
#2735 = CARTESIAN_POINT('',(5.21688079357,39.825068813391,
    -6.733407791324));
#2736 = CARTESIAN_POINT('',(4.865031038187,40.553454776916,
    -5.066655945995));
#2737 = CARTESIAN_POINT('',(4.788141687528,40.695962715307,
    -4.73331189099));
#2738 = CARTESIAN_POINT('',(4.705096398867,40.834786886468,
    -4.399967836985));
#2739 = CARTESIAN_POINT('',(5.667503994991,38.568012650634,
    -9.400223374972));
#2740 = CARTESIAN_POINT('',(5.604137952763,39.237518405722,
    -8.066815583648));
#2741 = CARTESIAN_POINT('',(5.420298470214,39.895221531079,
    -6.733407791324));
#2742 = CARTESIAN_POINT('',(5.054687210342,40.652096036092,
    -5.066655945995));
#2743 = CARTESIAN_POINT('',(4.974789867577,40.800176940567,
    -4.73331189099));
#2744 = CARTESIAN_POINT('',(4.888495643,40.944429681211,-4.399967836985)
  );
#2745 = CARTESIAN_POINT('',(5.880220621381,38.588214521672,
    -9.400223374972));
#2746 = CARTESIAN_POINT('',(5.814469723391,39.282917927889,
    -8.066815583648));
#2747 = CARTESIAN_POINT('',(5.62370802478,39.965374683015,
    -6.733407791324));
#2748 = CARTESIAN_POINT('',(5.244337393786,40.750733311758,
    -5.066655945995));
#2749 = CARTESIAN_POINT('',(5.161433261147,40.904387319385,
    -4.73331189099));
#2750 = CARTESIAN_POINT('',(5.071891517915,41.054069232656,
    -4.399967836985));
#2751 = DEFINITIONAL_REPRESENTATION('',(#2752),#2755);
#2752 = B_SPLINE_CURVE_WITH_KNOTS('',1,(#2753,#2754),.UNSPECIFIED.,.F.,
  .F.,(2,2),(0.,0.641000616194),.PIECEWISE_BEZIER_KNOTS.);
#2753 = CARTESIAN_POINT('',(0.134952653828,1.455832322889E-11));
#2754 = CARTESIAN_POINT('',(0.999996524715,1.703825684089E-11));
#2755 = ( GEOMETRIC_REPRESENTATION_CONTEXT(2) 
PARAMETRIC_REPRESENTATION_CONTEXT() REPRESENTATION_CONTEXT('2D SPACE',''
  ) );
#2756 = ORIENTED_EDGE('',*,*,#2757,.F.);
#2757 = EDGE_CURVE('',#2758,#2699,#2760,.T.);
#2758 = VERTEX_POINT('',#2759);
#2759 = CARTESIAN_POINT('',(5.242066256,37.534834652,-9.4));
#2760 = SURFACE_CURVE('',#2761,(#2766,#2773),.PCURVE_S1.);
#2761 = CIRCLE('',#2762,5.25);
#2762 = AXIS2_PLACEMENT_3D('',#2763,#2764,#2765);
#2763 = CARTESIAN_POINT('',(1.5587882E-02,38.031245569,-9.4));
#2764 = DIRECTION('',(0.,0.,1.));
#2765 = DIRECTION('',(-0.885458521217,0.464718417114,0.));
#2766 = PCURVE('',#66,#2767);
#2767 = DEFINITIONAL_REPRESENTATION('',(#2768),#2772);
#2768 = CIRCLE('',#2769,5.25);
#2769 = AXIS2_PLACEMENT_2D('',#2770,#2771);
#2770 = CARTESIAN_POINT('',(0.,0.));
#2771 = DIRECTION('',(1.,0.));
#2772 = ( GEOMETRIC_REPRESENTATION_CONTEXT(2) 
PARAMETRIC_REPRESENTATION_CONTEXT() REPRESENTATION_CONTEXT('2D SPACE',''
  ) );
#2773 = PCURVE('',#2774,#2779);
#2774 = CYLINDRICAL_SURFACE('',#2775,5.25);
#2775 = AXIS2_PLACEMENT_3D('',#2776,#2777,#2778);
#2776 = CARTESIAN_POINT('',(1.5587882E-02,38.031245569,-9.4));
#2777 = DIRECTION('',(0.,0.,1.));
#2778 = DIRECTION('',(-0.885458521217,0.464718417114,0.));
#2779 = DEFINITIONAL_REPRESENTATION('',(#2780),#2784);
#2780 = LINE('',#2781,#2782);
#2781 = CARTESIAN_POINT('',(0.,0.));
#2782 = VECTOR('',#2783,1.);
#2783 = DIRECTION('',(1.,0.));
#2784 = ( GEOMETRIC_REPRESENTATION_CONTEXT(2) 
PARAMETRIC_REPRESENTATION_CONTEXT() REPRESENTATION_CONTEXT('2D SPACE',''
  ) );
#2785 = ORIENTED_EDGE('',*,*,#2786,.F.);
#2786 = EDGE_CURVE('',#2787,#2758,#2789,.T.);
#2787 = VERTEX_POINT('',#2788);
#2788 = CARTESIAN_POINT('',(5.880194991,37.474225184,-9.4));
#2789 = SURFACE_CURVE('',#2790,(#2794,#2801),.PCURVE_S1.);
#2790 = LINE('',#2791,#2792);
#2791 = CARTESIAN_POINT('',(5.880194991,37.474225184,-9.4));
#2792 = VECTOR('',#2793,1.);
#2793 = DIRECTION('',(-0.995519690456,9.455446004333E-02,0.));
#2794 = PCURVE('',#66,#2795);
#2795 = DEFINITIONAL_REPRESENTATION('',(#2796),#2800);
#2796 = LINE('',#2797,#2798);
#2797 = CARTESIAN_POINT('',(-5.451723969869,-2.232172486299));
#2798 = VECTOR('',#2799,1.);
#2799 = DIRECTION('',(0.925432591956,0.37891228239));
#2800 = ( GEOMETRIC_REPRESENTATION_CONTEXT(2) 
PARAMETRIC_REPRESENTATION_CONTEXT() REPRESENTATION_CONTEXT('2D SPACE',''
  ) );
#2801 = PCURVE('',#2802,#2839);
#2802 = B_SPLINE_SURFACE_WITH_KNOTS('',3,3,(
    (#2803,#2804,#2805,#2806,#2807,#2808)
    ,(#2809,#2810,#2811,#2812,#2813,#2814)
    ,(#2815,#2816,#2817,#2818,#2819,#2820)
    ,(#2821,#2822,#2823,#2824,#2825,#2826)
    ,(#2827,#2828,#2829,#2830,#2831,#2832)
    ,(#2833,#2834,#2835,#2836,#2837,#2838
    )),.UNSPECIFIED.,.F.,.F.,.F.,(4,2,4),(4,2,4),(-8.370304422066E-05,
    0.865047346,0.865216229446),(-8.370304422066E-05,0.5,0.625000002),
  .UNSPECIFIED.);
#2803 = CARTESIAN_POINT('',(5.880223479218,37.473870466265,
    -9.400669624354));
#2804 = CARTESIAN_POINT('',(5.946477515574,38.168609278603,
    -8.067113083236));
#2805 = CARTESIAN_POINT('',(5.887619542418,38.874863738748,
    -6.733556541118));
#2806 = CARTESIAN_POINT('',(5.662874320702,39.71767810229,-5.066666661)
  );
#2807 = CARTESIAN_POINT('',(5.61038323011,39.884188726356,-4.733333321)
  );
#2808 = CARTESIAN_POINT('',(5.550625854029,40.048048170548,-4.399999982)
  );
#2809 = CARTESIAN_POINT('',(5.667494525549,37.494088231156,
    -9.400669624354));
#2810 = CARTESIAN_POINT('',(5.731345314249,38.163626660444,
    -8.067113083236));
#2811 = CARTESIAN_POINT('',(5.674625236837,38.844262262719,
    -6.733556541118));
#2812 = CARTESIAN_POINT('',(5.458031757044,39.656506878387,-5.066666661)
  );
#2813 = CARTESIAN_POINT('',(5.407444477418,39.816977772116,-4.733333321)
  );
#2814 = CARTESIAN_POINT('',(5.349854434744,39.974893517181,-4.399999982)
  );
#2815 = CARTESIAN_POINT('',(5.454765566281,37.514305995298,
    -9.400669624354));
#2816 = CARTESIAN_POINT('',(5.516224261614,38.158645535842,
    -8.067113083236));
#2817 = CARTESIAN_POINT('',(5.461623252308,38.813662775037,
    -6.733556541118));
#2818 = CARTESIAN_POINT('',(5.253182770059,39.595332933498,-5.066666661)
  );
#2819 = CARTESIAN_POINT('',(5.204500494911,39.749764001888,-4.733333321)
  );
#2820 = CARTESIAN_POINT('',(5.149079271279,39.901736370985,-4.399999982)
  );
#2821 = CARTESIAN_POINT('',(5.241995090598,37.534527707872,
    -9.400669624354));
#2822 = CARTESIAN_POINT('',(5.301038933775,38.153660453119,
    -8.067113083236));
#2823 = CARTESIAN_POINT('',(5.24858540183,38.783055862086,
    -6.733556541118));
#2824 = CARTESIAN_POINT('',(5.048298581894,39.534149066947,-5.066666661)
  );
#2825 = CARTESIAN_POINT('',(5.001519979516,39.682538863941,-4.733333321)
  );
#2826 = CARTESIAN_POINT('',(4.948265872237,39.828566039431,-4.399999982)
  );
#2827 = CARTESIAN_POINT('',(5.241953564087,37.534531653661,
    -9.400669624354));
#2828 = CARTESIAN_POINT('',(5.300996935231,38.153659480075,
    -8.067113083236));
#2829 = CARTESIAN_POINT('',(5.248543822674,38.783049888585,
    -6.733556541118));
#2830 = CARTESIAN_POINT('',(5.048258593754,39.534137124786,-5.066666661)
  );
#2831 = CARTESIAN_POINT('',(5.001480364193,39.682525743972,-4.733333321)
  );
#2832 = CARTESIAN_POINT('',(4.948226679592,39.828551758921,-4.399999982)
  );
#2833 = CARTESIAN_POINT('',(5.241912037524,37.534535600815,
    -9.400669624354));
#2834 = CARTESIAN_POINT('',(5.30095493798,38.153658507039,
    -8.067113083236));
#2835 = CARTESIAN_POINT('',(5.248502243506,38.783043915071,
    -6.733556541118));
#2836 = CARTESIAN_POINT('',(5.048218606917,39.534125183969,-5.066666661)
  );
#2837 = CARTESIAN_POINT('',(5.001440747496,39.682512623952,-4.733333321)
  );
#2838 = CARTESIAN_POINT('',(4.948187485598,39.828537478377,-4.399999982)
  );
#2839 = DEFINITIONAL_REPRESENTATION('',(#2840),#2843);
#2840 = B_SPLINE_CURVE_WITH_KNOTS('',1,(#2841,#2842),.UNSPECIFIED.,.F.,
  .F.,(2,2),(0.,0.641000616259),.PIECEWISE_BEZIER_KNOTS.);
#2841 = CARTESIAN_POINT('',(-2.832673722552E-15,-3.288053986941E-15));
#2842 = CARTESIAN_POINT('',(0.865047346664,-5.21511737462E-11));
#2843 = ( GEOMETRIC_REPRESENTATION_CONTEXT(2) 
PARAMETRIC_REPRESENTATION_CONTEXT() REPRESENTATION_CONTEXT('2D SPACE',''
  ) );
#2844 = ORIENTED_EDGE('',*,*,#2845,.F.);
#2845 = EDGE_CURVE('',#2846,#2787,#2848,.T.);
#2846 = VERTEX_POINT('',#2847);
#2847 = CARTESIAN_POINT('',(7.342440766,36.42898878,-9.4));
#2848 = SURFACE_CURVE('',#2849,(#2896,#2946),.PCURVE_S1.);
#2849 = B_SPLINE_CURVE_WITH_KNOTS('',3,(#2850,#2851,#2852,#2853,#2854,
    #2855,#2856,#2857,#2858,#2859,#2860,#2861,#2862,#2863,#2864,#2865,
    #2866,#2867,#2868,#2869,#2870,#2871,#2872,#2873,#2874,#2875,#2876,
    #2877,#2878,#2879,#2880,#2881,#2882,#2883,#2884,#2885,#2886,#2887,
    #2888,#2889,#2890,#2891,#2892,#2893,#2894,#2895),.UNSPECIFIED.,.F.,
  .F.,(4,3,3,3,3,3,3,3,3,3,3,3,3,3,3,4),(0.,2.28581E-04,4.57162E-04,
    6.046477371644E-04,7.472344639991E-04,8.654445245074E-04,9.14323E-04
    ,1.021575183399E-03,1.144136610368E-03,1.275178961883E-03,
    1.371485E-03,1.479654702233E-03,1.575663103148E-03,
    1.666600438816E-03,1.750837409714E-03,1.828646E-03),.UNSPECIFIED.);
#2850 = CARTESIAN_POINT('',(7.342440766,36.42898878,-9.4));
#2851 = CARTESIAN_POINT('',(7.29389770931,36.488010272844,
    -9.399999999871));
#2852 = CARTESIAN_POINT('',(7.244024568158,36.545743919929,
    -9.399999999866));
#2853 = CARTESIAN_POINT('',(7.192705713298,36.602099227485,
    -9.399999999894));
#2854 = CARTESIAN_POINT('',(7.141386858439,36.658454535041,
    -9.399999999922));
#2855 = CARTESIAN_POINT('',(7.088622143225,36.713432167851,
    -9.399999999984));
#2856 = CARTESIAN_POINT('',(7.034281809683,36.766885784495,
    -9.399999999989));
#2857 = CARTESIAN_POINT('',(6.999220172232,36.801375291736,
    -9.399999999993));
#2858 = CARTESIAN_POINT('',(6.963245738841,36.835474773532,
    -9.399999988722));
#2859 = CARTESIAN_POINT('',(6.926599097656,36.868841396223,
    -9.399999975269));
#2860 = CARTESIAN_POINT('',(6.891169742135,36.901099685102,
    -9.399999962263));
#2861 = CARTESIAN_POINT('',(6.855112302028,36.932672753838,
    -9.399999947218));
#2862 = CARTESIAN_POINT('',(6.818664958693,36.963294228485,
    -9.39999993835));
#2863 = CARTESIAN_POINT('',(6.788448663273,36.988680647342,
    -9.399999930998));
#2864 = CARTESIAN_POINT('',(6.757964791101,37.013413702292,
    -9.399999927892));
#2865 = CARTESIAN_POINT('',(6.727358901656,37.0373670445,-9.399999933713
    ));
#2866 = CARTESIAN_POINT('',(6.71470372484,37.047271470952,
    -9.399999936119));
#2867 = CARTESIAN_POINT('',(6.701882924119,37.05717575235,
    -9.399999940052));
#2868 = CARTESIAN_POINT('',(6.688919291794,37.067051348144,
    -9.399999945843));
#2869 = CARTESIAN_POINT('',(6.660473685468,37.088720993127,
    -9.399999958548));
#2870 = CARTESIAN_POINT('',(6.631628110264,37.110034021711,
    -9.399999968273));
#2871 = CARTESIAN_POINT('',(6.60243747641,37.130875134658,
    -9.399999975716));
#2872 = CARTESIAN_POINT('',(6.569080153268,37.154691121069,
    -9.399999984222));
#2873 = CARTESIAN_POINT('',(6.535272338784,37.17789210275,
    -9.399999989749));
#2874 = CARTESIAN_POINT('',(6.501035570213,37.200337370483,
    -9.399999993339));
#2875 = CARTESIAN_POINT('',(6.464429708378,37.224335791005,
    -9.399999997178));
#2876 = CARTESIAN_POINT('',(6.427332571745,37.247472909668,
    -9.399999998805));
#2877 = CARTESIAN_POINT('',(6.389713111577,37.269578328099,
    -9.399999999494));
#2878 = CARTESIAN_POINT('',(6.362065705048,37.285824108531,-9.4));
#2879 = CARTESIAN_POINT('',(6.33413486824,37.301512883068,-9.4));
#2880 = CARTESIAN_POINT('',(6.305895279963,37.316564334323,-9.4));
#2881 = CARTESIAN_POINT('',(6.274176937948,37.333469930611,-9.4));
#2882 = CARTESIAN_POINT('',(6.242160803153,37.349524948338,-9.4));
#2883 = CARTESIAN_POINT('',(6.209747684297,37.364624951575,-9.4));
#2884 = CARTESIAN_POINT('',(6.180978706979,37.378027291923,-9.4));
#2885 = CARTESIAN_POINT('',(6.15189638103,37.390677524756,-9.4));
#2886 = CARTESIAN_POINT('',(6.122427631765,37.402461914767,-9.4));
#2887 = CARTESIAN_POINT('',(6.094515391606,37.413623865387,-9.4));
#2888 = CARTESIAN_POINT('',(6.066256107903,37.424009475009,-9.4));
#2889 = CARTESIAN_POINT('',(6.037590556165,37.433478105476,-9.4));
#2890 = CARTESIAN_POINT('',(6.011037114393,37.442249076643,-9.4));
#2891 = CARTESIAN_POINT('',(5.984134845629,37.450233363399,-9.4));
#2892 = CARTESIAN_POINT('',(5.956843136084,37.457276655848,-9.4));
#2893 = CARTESIAN_POINT('',(5.931634140278,37.463782453132,-9.4));
#2894 = CARTESIAN_POINT('',(5.906092746305,37.469485425521,-9.4));
#2895 = CARTESIAN_POINT('',(5.880194991,37.474225184,-9.4));
#2896 = PCURVE('',#66,#2897);
#2897 = DEFINITIONAL_REPRESENTATION('',(#2898),#2945);
#2898 = B_SPLINE_CURVE_WITH_KNOTS('',3,(#2899,#2900,#2901,#2902,#2903,
    #2904,#2905,#2906,#2907,#2908,#2909,#2910,#2911,#2912,#2913,#2914,
    #2915,#2916,#2917,#2918,#2919,#2920,#2921,#2922,#2923,#2924,#2925,
    #2926,#2927,#2928,#2929,#2930,#2931,#2932,#2933,#2934,#2935,#2936,
    #2937,#2938,#2939,#2940,#2941,#2942,#2943,#2944),.UNSPECIFIED.,.F.,
  .F.,(4,3,3,3,3,3,3,3,3,3,3,3,3,3,3,4),(0.,2.28581E-04,4.57162E-04,
    6.046477371644E-04,7.472344639991E-04,8.654445245074E-04,9.14323E-04
    ,1.021575183399E-03,1.144136610368E-03,1.275178961883E-03,
    1.371485E-03,1.479654702233E-03,1.575663103148E-03,
    1.666600438816E-03,1.750837409714E-03,1.828646E-03),.UNSPECIFIED.);
#2899 = CARTESIAN_POINT('',(-7.232222558633,-1.98619154768));
#2900 = CARTESIAN_POINT('',(-7.161811320711,-2.015893778987));
#2901 = CARTESIAN_POINT('',(-7.09082083381,-2.043837561546));
#2902 = CARTESIAN_POINT('',(-7.019190767152,-2.06988903184));
#2903 = CARTESIAN_POINT('',(-6.947560700494,-2.095940502133));
#2904 = CARTESIAN_POINT('',(-6.875290615292,-2.120100180646));
#2905 = CARTESIAN_POINT('',(-6.802333623796,-2.142178187205));
#2906 = CARTESIAN_POINT('',(-6.755260088935,-2.156423426627));
#2907 = CARTESIAN_POINT('',(-6.707559563139,-2.16989912161));
#2908 = CARTESIAN_POINT('',(-6.659604398346,-2.182413512912));
#2909 = CARTESIAN_POINT('',(-6.613242152653,-2.194512215663));
#2910 = CARTESIAN_POINT('',(-6.56664219853,-2.205712301923));
#2911 = CARTESIAN_POINT('',(-6.52013922457,-2.215888595879));
#2912 = CARTESIAN_POINT('',(-6.481586411924,-2.224325147801));
#2913 = CARTESIAN_POINT('',(-6.443100301403,-2.232058825239));
#2914 = CARTESIAN_POINT('',(-6.404868496519,-2.239045395712));
#2915 = CARTESIAN_POINT('',(-6.389060092987,-2.241934260773));
#2916 = CARTESIAN_POINT('',(-6.373105103765,-2.244746028916));
#2917 = CARTESIAN_POINT('',(-6.357036973811,-2.24746602067));
#2918 = CARTESIAN_POINT('',(-6.321779286184,-2.253434395326));
#2919 = CARTESIAN_POINT('',(-6.286333168912,-2.25890112805));
#2920 = CARTESIAN_POINT('',(-6.250800824406,-2.263789643941));
#2921 = CARTESIAN_POINT('',(-6.210196570878,-2.26937594964));
#2922 = CARTESIAN_POINT('',(-6.169479229978,-2.274208342537));
#2923 = CARTESIAN_POINT('',(-6.128733262215,-2.278172239215));
#2924 = CARTESIAN_POINT('',(-6.085167781929,-2.282410426993));
#2925 = CARTESIAN_POINT('',(-6.041567561023,-2.285657663254));
#2926 = CARTESIAN_POINT('',(-5.997984294391,-2.287748638386));
#2927 = CARTESIAN_POINT('',(-5.965953949323,-2.289285344104));
#2928 = CARTESIAN_POINT('',(-5.933931489397,-2.290197128936));
#2929 = CARTESIAN_POINT('',(-5.901931818719,-2.290401107942));
#2930 = CARTESIAN_POINT('',(-5.865990200556,-2.290630214537));
#2931 = CARTESIAN_POINT('',(-5.83018017876,-2.289967779307));
#2932 = CARTESIAN_POINT('',(-5.794462456867,-2.288275232555));
#2933 = CARTESIAN_POINT('',(-5.762760406362,-2.286772975419));
#2934 = CARTESIAN_POINT('',(-5.731130416855,-2.284459139396));
#2935 = CARTESIAN_POINT('',(-5.699560638637,-2.281199057436));
#2936 = CARTESIAN_POINT('',(-5.669658343718,-2.278111169661));
#2937 = CARTESIAN_POINT('',(-5.639809536095,-2.274174586607));
#2938 = CARTESIAN_POINT('',(-5.61002713208,-2.26923725631));
#2939 = CARTESIAN_POINT('',(-5.582439128959,-2.26466371404));
#2940 = CARTESIAN_POINT('',(-5.554907840738,-2.259231489026));
#2941 = CARTESIAN_POINT('',(-5.527469016245,-2.252785072283));
#2942 = CARTESIAN_POINT('',(-5.502124132281,-2.246830601297));
#2943 = CARTESIAN_POINT('',(-5.476858011042,-2.240010790617));
#2944 = CARTESIAN_POINT('',(-5.451723969869,-2.232172486299));
#2945 = ( GEOMETRIC_REPRESENTATION_CONTEXT(2) 
PARAMETRIC_REPRESENTATION_CONTEXT() REPRESENTATION_CONTEXT('2D SPACE',''
  ) );
#2946 = PCURVE('',#2947,#2984);
#2947 = B_SPLINE_SURFACE_WITH_KNOTS('',3,3,(
    (#2948,#2949,#2950,#2951,#2952,#2953)
    ,(#2954,#2955,#2956,#2957,#2958,#2959)
    ,(#2960,#2961,#2962,#2963,#2964,#2965)
    ,(#2966,#2967,#2968,#2969,#2970,#2971)
    ,(#2972,#2973,#2974,#2975,#2976,#2977)
    ,(#2978,#2979,#2980,#2981,#2982,#2983
    )),.UNSPECIFIED.,.F.,.F.,.F.,(4,2,4),(4,2,4),(0.,0.475892875,1.),(0.
    ,0.5,0.625),.UNSPECIFIED.);
#2948 = CARTESIAN_POINT('',(7.342440766,36.42898878,-9.4));
#2949 = CARTESIAN_POINT('',(7.532501107,37.296765446,-8.066666667));
#2950 = CARTESIAN_POINT('',(7.566250193,38.19823823,-6.733333333));
#2951 = CARTESIAN_POINT('',(7.411310436,39.297719587,-5.066666667));
#2952 = CARTESIAN_POINT('',(7.370471976,39.51620674,-4.733333333));
#2953 = CARTESIAN_POINT('',(7.320043887,39.732456101,-4.4));
#2954 = CARTESIAN_POINT('',(7.151828857,36.660745908,-9.4));
#2955 = CARTESIAN_POINT('',(7.314202262,37.505316043,-8.066666667));
#2956 = CARTESIAN_POINT('',(7.324784284,38.379943508,-6.733333333));
#2957 = CARTESIAN_POINT('',(7.14753629,39.440985252,-5.066666667));
#2958 = CARTESIAN_POINT('',(7.102580663,39.65154908,-4.733333333));
#2959 = CARTESIAN_POINT('',(7.048390312,39.85970122,-4.4));
#2960 = CARTESIAN_POINT('',(6.94571025,36.866476836,-9.4));
#2961 = CARTESIAN_POINT('',(7.084258366,37.687441205,-8.066666667));
#2962 = CARTESIAN_POINT('',(7.074289845,38.532423462,-6.733333333));
#2963 = CARTESIAN_POINT('',(6.87910829,39.554384111,-5.066666667));
#2964 = CARTESIAN_POINT('',(6.830921359,39.757012989,-4.733333333));
#2965 = CARTESIAN_POINT('',(6.773861282,39.957107887,-4.4));
#2966 = CARTESIAN_POINT('',(6.486885658,37.225570611,-9.4));
#2967 = CARTESIAN_POINT('',(6.582138161,37.991854432,-8.066666667));
#2968 = CARTESIAN_POINT('',(6.540327774,38.775367148,-6.733333333));
#2969 = CARTESIAN_POINT('',(6.318756535,39.714951185,-5.066666667));
#2970 = CARTESIAN_POINT('',(6.266030989,39.900866718,-4.733333333));
#2971 = CARTESIAN_POINT('',(6.205185882,40.084088245,-4.4));
#2972 = CARTESIAN_POINT('',(6.179287382,37.419485857,-9.4));
#2973 = CARTESIAN_POINT('',(6.251860397,38.147594032,-8.066666667));
#2974 = CARTESIAN_POINT('',(6.193141169,38.892193818,-6.733333333));
#2975 = CARTESIAN_POINT('',(5.960763848,39.779189838,-5.066666667));
#2976 = CARTESIAN_POINT('',(5.906375923,39.954383834,-4.733333333));
#2977 = CARTESIAN_POINT('',(5.844338864,40.126798461,-4.4));
#2978 = CARTESIAN_POINT('',(5.880194991,37.474225184,-9.4));
#2979 = CARTESIAN_POINT('',(5.946395366,38.168844252,-8.066666667));
#2980 = CARTESIAN_POINT('',(5.88752604,38.874967477,-6.733333333));
#2981 = CARTESIAN_POINT('',(5.662813338,39.71765989,-5.066666667));
#2982 = CARTESIAN_POINT('',(5.610322903,39.884168762,-4.733333333));
#2983 = CARTESIAN_POINT('',(5.550566303,40.048026508,-4.4));
#2984 = DEFINITIONAL_REPRESENTATION('',(#2985),#2988);
#2985 = B_SPLINE_CURVE_WITH_KNOTS('',1,(#2986,#2987),.UNSPECIFIED.,.F.,
  .F.,(2,2),(0.,1.828646E-03),.PIECEWISE_BEZIER_KNOTS.);
#2986 = CARTESIAN_POINT('',(-8.36778790391E-16,-2.463327540705E-16));
#2987 = CARTESIAN_POINT('',(1.,-4.028444915636E-16));
#2988 = ( GEOMETRIC_REPRESENTATION_CONTEXT(2) 
PARAMETRIC_REPRESENTATION_CONTEXT() REPRESENTATION_CONTEXT('2D SPACE',''
  ) );
#2989 = ORIENTED_EDGE('',*,*,#2990,.F.);
#2990 = EDGE_CURVE('',#2991,#2846,#2993,.T.);
#2991 = VERTEX_POINT('',#2992);
#2992 = CARTESIAN_POINT('',(7.247821107,36.045092862,-9.4));
#2993 = SURFACE_CURVE('',#2994,(#2999,#3006),.PCURVE_S1.);
#2994 = CIRCLE('',#2995,7.49999564292);
#2995 = AXIS2_PLACEMENT_3D('',#2996,#2997,#2998);
#2996 = CARTESIAN_POINT('',(1.559211550377E-02,38.031244532538,-9.4));
#2997 = DIRECTION('',(0.,0.,1.));
#2998 = DIRECTION('',(0.976913720932,-0.213634224448,0.));
#2999 = PCURVE('',#66,#3000);
#3000 = DEFINITIONAL_REPRESENTATION('',(#3001),#3005);
#3001 = CIRCLE('',#3002,7.49999564292);
#3002 = AXIS2_PLACEMENT_2D('',#3003,#3004);
#3003 = CARTESIAN_POINT('',(-4.230254965737E-06,-1.049643057183E-06));
#3004 = DIRECTION('',(-0.964296337319,-0.264825553587));
#3005 = ( GEOMETRIC_REPRESENTATION_CONTEXT(2) 
PARAMETRIC_REPRESENTATION_CONTEXT() REPRESENTATION_CONTEXT('2D SPACE',''
  ) );
#3006 = PCURVE('',#3007,#3044);
#3007 = B_SPLINE_SURFACE_WITH_KNOTS('',3,3,(
    (#3008,#3009,#3010,#3011,#3012,#3013)
    ,(#3014,#3015,#3016,#3017,#3018,#3019)
    ,(#3020,#3021,#3022,#3023,#3024,#3025)
    ,(#3026,#3027,#3028,#3029,#3030,#3031)
    ,(#3032,#3033,#3034,#3035,#3036,#3037)
    ,(#3038,#3039,#3040,#3041,#3042,#3043
    )),.UNSPECIFIED.,.F.,.F.,.F.,(4,2,4),(4,2,4),(0.,0.5,1.),(0.,0.5,
    0.625000001),.UNSPECIFIED.);
#3008 = CARTESIAN_POINT('',(7.247821107,36.045092862,-9.4));
#3009 = CARTESIAN_POINT('',(7.483348847,36.901647564,-8.066666667));
#3010 = CARTESIAN_POINT('',(7.564558027,37.800089113,-6.733333333));
#3011 = CARTESIAN_POINT('',(7.467775831,38.90620787,-5.066666665));
#3012 = CARTESIAN_POINT('',(7.438508329,39.126543585,-4.73333333));
#3013 = CARTESIAN_POINT('',(7.399546601,39.345149992,-4.399999995));
#3014 = CARTESIAN_POINT('',(7.265274109,36.108644965,-9.4));
#3015 = CARTESIAN_POINT('',(7.493256944,36.967271882,-8.066666667));
#3016 = CARTESIAN_POINT('',(7.566588684,37.866425805,-6.733333333));
#3017 = CARTESIAN_POINT('',(7.460087474,38.971691477,-5.066666665));
#3018 = CARTESIAN_POINT('',(7.428882807,39.191769424,-4.73333333));
#3019 = CARTESIAN_POINT('',(7.387998787,39.41003297,-4.399999995));
#3020 = CARTESIAN_POINT('',(7.281889383,36.172427129,-9.4));
#3021 = CARTESIAN_POINT('',(7.502336185,37.033022098,-8.066666667));
#3022 = CARTESIAN_POINT('',(7.567746497,37.932787484,-6.733333333));
#3023 = CARTESIAN_POINT('',(7.451535233,39.037077133,-5.066666665));
#3024 = CARTESIAN_POINT('',(7.418398733,39.256872913,-4.73333333));
#3025 = CARTESIAN_POINT('',(7.375599562,39.474769193,-4.399999995));
#3026 = CARTESIAN_POINT('',(7.313432923,36.300407258,-9.4));
#3027 = CARTESIAN_POINT('',(7.51872213,37.164742997,-8.066666667));
#3028 = CARTESIAN_POINT('',(7.568309753,38.065517548,-6.733333333));
#3029 = CARTESIAN_POINT('',(7.432711577,39.167594596,-5.066666665));
#3030 = CARTESIAN_POINT('',(7.395717765,39.38677421,-4.73333333));
#3031 = CARTESIAN_POINT('',(7.349096075,39.603884847,-4.399999995));
#3032 = CARTESIAN_POINT('',(7.328361188,36.364605222,-9.4));
#3033 = CARTESIAN_POINT('',(7.526028834,37.230713678,-8.066666667));
#3034 = CARTESIAN_POINT('',(7.567717391,38.131890955,-6.733333333));
#3035 = CARTESIAN_POINT('',(7.422438941,39.232731037,-5.066666665));
#3036 = CARTESIAN_POINT('',(7.383519342,39.451576318,-4.73333333));
#3037 = CARTESIAN_POINT('',(7.334990208,39.668268123,-4.399999995));
#3038 = CARTESIAN_POINT('',(7.342440766,36.42898878,-9.4));
#3039 = CARTESIAN_POINT('',(7.532501107,37.296765446,-8.066666667));
#3040 = CARTESIAN_POINT('',(7.566249907,38.198238221,-6.733333333));
#3041 = CARTESIAN_POINT('',(7.411310155,39.297719541,-5.066666665));
#3042 = CARTESIAN_POINT('',(7.370471713,39.516206694,-4.73333333));
#3043 = CARTESIAN_POINT('',(7.32004365,39.732456058,-4.399999995));
#3044 = DEFINITIONAL_REPRESENTATION('',(#3045),#3048);
#3045 = B_SPLINE_CURVE_WITH_KNOTS('',1,(#3046,#3047),.UNSPECIFIED.,.F.,
  .F.,(2,2),(6.230461227686,6.28318530718),.PIECEWISE_BEZIER_KNOTS.);
#3046 = CARTESIAN_POINT('',(-1.100581828805E-14,-1.52712483283E-16));
#3047 = CARTESIAN_POINT('',(1.,-2.023036102836E-16));
#3048 = ( GEOMETRIC_REPRESENTATION_CONTEXT(2) 
PARAMETRIC_REPRESENTATION_CONTEXT() REPRESENTATION_CONTEXT('2D SPACE',''
  ) );
#3049 = ORIENTED_EDGE('',*,*,#3050,.F.);
#3050 = EDGE_CURVE('',#3051,#2991,#3053,.T.);
#3051 = VERTEX_POINT('',#3052);
#3052 = CARTESIAN_POINT('',(5.46732384,35.799102361,-9.4));
#3053 = SURFACE_CURVE('',#3054,(#3101,#3151),.PCURVE_S1.);
#3054 = B_SPLINE_CURVE_WITH_KNOTS('',3,(#3055,#3056,#3057,#3058,#3059,
    #3060,#3061,#3062,#3063,#3064,#3065,#3066,#3067,#3068,#3069,#3070,
    #3071,#3072,#3073,#3074,#3075,#3076,#3077,#3078,#3079,#3080,#3081,
    #3082,#3083,#3084,#3085,#3086,#3087,#3088,#3089,#3090,#3091,#3092,
    #3093,#3094,#3095,#3096,#3097,#3098,#3099,#3100),.UNSPECIFIED.,.F.,
  .F.,(4,3,3,3,3,3,3,3,3,3,3,3,3,3,3,4),(0.,8.233560411441E-05,
    1.688502123148E-04,2.62722521496E-04,3.66310738293E-04,4.53646E-04,
    5.833632664624E-04,7.103061770051E-04,8.206455516781E-04,9.07292E-04
    ,9.556728003905E-04,1.096538034782E-03,1.241959477322E-03,
    1.360938E-03,1.587761E-03,1.814584E-03),.UNSPECIFIED.);
#3055 = CARTESIAN_POINT('',(5.46732384,35.799102361,-9.4));
#3056 = CARTESIAN_POINT('',(5.494123623194,35.79074473628,
    -9.399999999959));
#3057 = CARTESIAN_POINT('',(5.521073995235,35.783544425219,
    -9.399999999932));
#3058 = CARTESIAN_POINT('',(5.548111397382,35.777317200063,
    -9.399999999917));
#3059 = CARTESIAN_POINT('',(5.576521102742,35.770773907518,
    -9.399999999901));
#3060 = CARTESIAN_POINT('',(5.605027283954,35.765305184582,
    -9.399999999897));
#3061 = CARTESIAN_POINT('',(5.63359273517,35.760741984755,-9.3999999999)
  );
#3062 = CARTESIAN_POINT('',(5.664587557018,35.755790704111,
    -9.399999999903));
#3063 = CARTESIAN_POINT('',(5.695652521148,35.751905536801,
    -9.399999999915));
#3064 = CARTESIAN_POINT('',(5.726776287941,35.748920422287,
    -9.39999999993));
#3065 = CARTESIAN_POINT('',(5.761121405582,35.745626344491,
    -9.399999999946));
#3066 = CARTESIAN_POINT('',(5.795538752047,35.743428259485,
    -9.399999999965));
#3067 = CARTESIAN_POINT('',(5.83004759455,35.742161614186,-9.39999999998
    ));
#3068 = CARTESIAN_POINT('',(5.859142011699,35.741093705093,
    -9.399999999992));
#3069 = CARTESIAN_POINT('',(5.888302465633,35.740689204631,-9.4));
#3070 = CARTESIAN_POINT('',(5.917550676033,35.740876035915,-9.4));
#3071 = CARTESIAN_POINT('',(5.96099244088,35.741153532576,-9.4));
#3072 = CARTESIAN_POINT('',(6.004473791462,35.742733220783,
    -9.399999999998));
#3073 = CARTESIAN_POINT('',(6.0479594653,35.745415207091,-9.399999999996
    ));
#3074 = CARTESIAN_POINT('',(6.090515079943,35.74803983184,
    -9.399999999994));
#3075 = CARTESIAN_POINT('',(6.133077229993,35.751721902819,
    -9.399999999992));
#3076 = CARTESIAN_POINT('',(6.1755912903,35.756316304804,-9.39999999999)
  );
#3077 = CARTESIAN_POINT('',(6.2125447114,35.76030978061,-9.399999999988)
  );
#3078 = CARTESIAN_POINT('',(6.249462524248,35.764993827287,
    -9.399999999987));
#3079 = CARTESIAN_POINT('',(6.286273607904,35.770284541329,
    -9.399999999987));
#3080 = CARTESIAN_POINT('',(6.315180330162,35.774439192216,
    -9.399999999987));
#3081 = CARTESIAN_POINT('',(6.344020837774,35.778968297674,
    -9.399999999988));
#3082 = CARTESIAN_POINT('',(6.372737793993,35.783830474187,
    -9.39999999999));
#3083 = CARTESIAN_POINT('',(6.388772488474,35.78654536898,
    -9.399999999991));
#3084 = CARTESIAN_POINT('',(6.404693657891,35.789351502079,
    -9.399999999992));
#3085 = CARTESIAN_POINT('',(6.420468123396,35.79223426461,
    -9.399999999993));
#3086 = CARTESIAN_POINT('',(6.466396958033,35.800627697882,
    -9.399999999995));
#3087 = CARTESIAN_POINT('',(6.512686641617,35.810099515466,
    -9.399999999996));
#3088 = CARTESIAN_POINT('',(6.559011389392,35.820567846785,
    -9.399999999992));
#3089 = CARTESIAN_POINT('',(6.606834485529,35.831374770495,
    -9.399999999989));
#3090 = CARTESIAN_POINT('',(6.654694660463,35.843243687886,
    -9.399999999982));
#3091 = CARTESIAN_POINT('',(6.7022276047,35.856028052395,-9.399999999969
    ));
#3092 = CARTESIAN_POINT('',(6.741117326773,35.866487753358,
    -9.399999999958));
#3093 = CARTESIAN_POINT('',(6.779787813867,35.877559068249,
    -9.399999999943));
#3094 = CARTESIAN_POINT('',(6.818038914019,35.889135893018,
    -9.399999999923));
#3095 = CARTESIAN_POINT('',(6.890961565052,35.911206179869,
    -9.399999999885));
#3096 = CARTESIAN_POINT('',(6.963206275735,35.935358662962,
    -9.399999999859));
#3097 = CARTESIAN_POINT('',(7.034818920393,35.961404821435,
    -9.399999999865));
#3098 = CARTESIAN_POINT('',(7.106431565052,35.987450979908,
    -9.399999999871));
#3099 = CARTESIAN_POINT('',(7.177412578567,36.01539132834,
    -9.399999999909));
#3100 = CARTESIAN_POINT('',(7.247821107,36.045092862,-9.4));
#3101 = PCURVE('',#66,#3102);
#3102 = DEFINITIONAL_REPRESENTATION('',(#3103),#3150);
#3103 = B_SPLINE_CURVE_WITH_KNOTS('',3,(#3104,#3105,#3106,#3107,#3108,
    #3109,#3110,#3111,#3112,#3113,#3114,#3115,#3116,#3117,#3118,#3119,
    #3120,#3121,#3122,#3123,#3124,#3125,#3126,#3127,#3128,#3129,#3130,
    #3131,#3132,#3133,#3134,#3135,#3136,#3137,#3138,#3139,#3140,#3141,
    #3142,#3143,#3144,#3145,#3146,#3147,#3148,#3149),.UNSPECIFIED.,.F.,
  .F.,(4,3,3,3,3,3,3,3,3,3,3,3,3,3,3,4),(0.,8.233560411441E-05,
    1.688502123148E-04,2.62722521496E-04,3.66310738293E-04,4.53646E-04,
    5.833632664624E-04,7.103061770051E-04,8.206455516781E-04,9.07292E-04
    ,9.556728003905E-04,1.096538034782E-03,1.241959477322E-03,
    1.360938E-03,1.587761E-03,1.814584E-03),.UNSPECIFIED.);
#3104 = CARTESIAN_POINT('',(-5.864604117828,-0.557051880824));
#3105 = CARTESIAN_POINT('',(-5.892218156354,-0.562105903623));
#3106 = CARTESIAN_POINT('',(-5.919427710087,-0.568254661075));
#3107 = CARTESIAN_POINT('',(-5.946262114427,-0.575305490225));
#3108 = CARTESIAN_POINT('',(-5.974458518678,-0.582714189391));
#3109 = CARTESIAN_POINT('',(-6.002240976006,-0.591119209477));
#3110 = CARTESIAN_POINT('',(-6.029655101198,-0.60035357658));
#3111 = CARTESIAN_POINT('',(-6.05940068162,-0.610373287491));
#3112 = CARTESIAN_POINT('',(-6.088712927623,-0.621369593947));
#3113 = CARTESIAN_POINT('',(-6.117658969834,-0.633190186503));
#3114 = CARTESIAN_POINT('',(-6.149600965531,-0.646234225955));
#3115 = CARTESIAN_POINT('',(-6.18109758882,-0.660282287626));
#3116 = CARTESIAN_POINT('',(-6.21224237087,-0.675197620418));
#3117 = CARTESIAN_POINT('',(-6.238500547478,-0.687772742696));
#3118 = CARTESIAN_POINT('',(-6.264508898711,-0.700965974309));
#3119 = CARTESIAN_POINT('',(-6.290320151901,-0.714723587702));
#3120 = CARTESIAN_POINT('',(-6.328657074953,-0.735157487681));
#3121 = CARTESIAN_POINT('',(-6.366423897136,-0.756762820482));
#3122 = CARTESIAN_POINT('',(-6.403682289156,-0.779346201625));
#3123 = CARTESIAN_POINT('',(-6.440143809307,-0.80144657585));
#3124 = CARTESIAN_POINT('',(-6.476119701554,-0.824486311974));
#3125 = CARTESIAN_POINT('',(-6.511629035306,-0.848311531173));
#3126 = CARTESIAN_POINT('',(-6.542493915152,-0.869020523716));
#3127 = CARTESIAN_POINT('',(-6.573006344365,-0.890324440309));
#3128 = CARTESIAN_POINT('',(-6.603142339809,-0.91211593667));
#3129 = CARTESIAN_POINT('',(-6.626807300569,-0.929228193912));
#3130 = CARTESIAN_POINT('',(-6.65023961507,-0.946641243979));
#3131 = CARTESIAN_POINT('',(-6.673407745685,-0.964291798043));
#3132 = CARTESIAN_POINT('',(-6.686344140938,-0.974147342609));
#3133 = CARTESIAN_POINT('',(-6.699137614334,-0.984030917724));
#3134 = CARTESIAN_POINT('',(-6.711765576392,-0.993914169012));
#3135 = CARTESIAN_POINT('',(-6.748533071368,-1.022690181357));
#3136 = CARTESIAN_POINT('',(-6.785118938066,-1.052588751432));
#3137 = CARTESIAN_POINT('',(-6.821272754366,-1.083385988061));
#3138 = CARTESIAN_POINT('',(-6.858595945872,-1.115179344286));
#3139 = CARTESIAN_POINT('',(-6.89545844109,-1.147930283066));
#3140 = CARTESIAN_POINT('',(-6.931605761966,-1.181339742165));
#3141 = CARTESIAN_POINT('',(-6.961180182088,-1.208674143596));
#3142 = CARTESIAN_POINT('',(-6.990276250474,-1.236448221259));
#3143 = CARTESIAN_POINT('',(-7.018766049367,-1.264475010114));
#3144 = CARTESIAN_POINT('',(-7.073079563343,-1.317905832632));
#3145 = CARTESIAN_POINT('',(-7.125825154318,-1.372865302189));
#3146 = CARTESIAN_POINT('',(-7.17713105122,-1.429207810025));
#3147 = CARTESIAN_POINT('',(-7.228436948122,-1.485550317861));
#3148 = CARTESIAN_POINT('',(-7.278303296887,-1.543276521712));
#3149 = CARTESIAN_POINT('',(-7.326844278646,-1.602296137669));
#3150 = ( GEOMETRIC_REPRESENTATION_CONTEXT(2) 
PARAMETRIC_REPRESENTATION_CONTEXT() REPRESENTATION_CONTEXT('2D SPACE',''
  ) );
#3151 = PCURVE('',#3152,#3189);
#3152 = B_SPLINE_SURFACE_WITH_KNOTS('',3,3,(
    (#3153,#3154,#3155,#3156,#3157,#3158)
    ,(#3159,#3160,#3161,#3162,#3163,#3164)
    ,(#3165,#3166,#3167,#3168,#3169,#3170)
    ,(#3171,#3172,#3173,#3174,#3175,#3176)
    ,(#3177,#3178,#3179,#3180,#3181,#3182)
    ,(#3183,#3184,#3185,#3186,#3187,#3188
    )),.UNSPECIFIED.,.F.,.F.,.F.,(4,2,4),(4,2,4),(0.,0.524107125,1.),(0.
    ,0.5,0.625),.UNSPECIFIED.);
#3153 = CARTESIAN_POINT('',(5.46732384,35.799102361,-9.4));
#3154 = CARTESIAN_POINT('',(5.731920378,36.444754597,-8.066666667));
#3155 = CARTESIAN_POINT('',(5.880143331,37.137651085,-6.733333333));
#3156 = CARTESIAN_POINT('',(5.90920007,38.009305806,-5.066666667));
#3157 = CARTESIAN_POINT('',(5.907199233,38.183880849,-4.733333333));
#3158 = CARTESIAN_POINT('',(5.897475796,38.358023508,-4.4));
#3159 = CARTESIAN_POINT('',(5.757596606,35.708579582,-9.4));
#3160 = CARTESIAN_POINT('',(6.033277927,36.39051694,-8.066666667));
#3161 = CARTESIAN_POINT('',(6.185804902,37.117903642,-6.733333333));
#3162 = CARTESIAN_POINT('',(6.212346663,38.034449656,-5.066666667));
#3163 = CARTESIAN_POINT('',(6.209417581,38.218099217,-4.733333333));
#3164 = CARTESIAN_POINT('',(6.198369797,38.401290758,-4.4));
#3165 = CARTESIAN_POINT('',(6.12007749,35.737338277,-9.4));
#3166 = CARTESIAN_POINT('',(6.39187722,36.460468221,-8.066666667));
#3167 = CARTESIAN_POINT('',(6.533543352,37.231872775,-6.733333333));
#3168 = CARTESIAN_POINT('',(6.537707658,38.19721961,-5.066666667));
#3169 = CARTESIAN_POINT('',(6.529844356,38.390320693,-4.733333333));
#3170 = CARTESIAN_POINT('',(6.513433045,38.582700733,-4.4));
#3171 = CARTESIAN_POINT('',(6.693224885,35.842080199,-9.4));
#3172 = CARTESIAN_POINT('',(6.952954556,36.632753661,-8.066666667));
#3173 = CARTESIAN_POINT('',(7.069869534,37.469983665,-6.733333333));
#3174 = CARTESIAN_POINT('',(7.029761428,38.509642584,-5.066666667));
#3175 = CARTESIAN_POINT('',(7.012452664,38.717185116,-4.733333333));
#3176 = CARTESIAN_POINT('',(6.986002198,38.923547203,-4.4));
#3177 = CARTESIAN_POINT('',(6.971340989,35.928460918,-9.4));
#3178 = CARTESIAN_POINT('',(7.220605851,36.752937781,-8.066666667));
#3179 = CARTESIAN_POINT('',(7.321610424,37.620528256,-6.733333333));
#3180 = CARTESIAN_POINT('',(7.255224132,38.694222426,-5.066666667));
#3181 = CARTESIAN_POINT('',(7.232304771,38.908386018,-4.733333333));
#3182 = CARTESIAN_POINT('',(7.199948903,39.121126204,-4.4));
#3183 = CARTESIAN_POINT('',(7.247821107,36.045092862,-9.4));
#3184 = CARTESIAN_POINT('',(7.483348847,36.901647564,-8.066666667));
#3185 = CARTESIAN_POINT('',(7.564558027,37.800089113,-6.733333333));
#3186 = CARTESIAN_POINT('',(7.467775831,38.906207869,-5.066666667));
#3187 = CARTESIAN_POINT('',(7.438508329,39.126543583,-4.733333333));
#3188 = CARTESIAN_POINT('',(7.399546602,39.345149988,-4.4));
#3189 = DEFINITIONAL_REPRESENTATION('',(#3190),#3193);
#3190 = B_SPLINE_CURVE_WITH_KNOTS('',1,(#3191,#3192),.UNSPECIFIED.,.F.,
  .F.,(2,2),(0.,1.814584E-03),.PIECEWISE_BEZIER_KNOTS.);
#3191 = CARTESIAN_POINT('',(-1.205543404982E-15,3.503088724959E-16));
#3192 = CARTESIAN_POINT('',(1.,-7.13131353954E-16));
#3193 = ( GEOMETRIC_REPRESENTATION_CONTEXT(2) 
PARAMETRIC_REPRESENTATION_CONTEXT() REPRESENTATION_CONTEXT('2D SPACE',''
  ) );
#3194 = ORIENTED_EDGE('',*,*,#3195,.F.);
#3195 = EDGE_CURVE('',#3196,#3051,#3198,.T.);
#3196 = VERTEX_POINT('',#3197);
#3197 = CARTESIAN_POINT('',(4.874119674,36.041982182,-9.4));
#3198 = SURFACE_CURVE('',#3199,(#3203,#3210),.PCURVE_S1.);
#3199 = LINE('',#3200,#3201);
#3200 = CARTESIAN_POINT('',(4.874119674,36.041982182,-9.4));
#3201 = VECTOR('',#3202,1.);
#3202 = DIRECTION('',(0.925434627029,-0.378907312012,0.));
#3203 = PCURVE('',#66,#3204);
#3204 = DEFINITIONAL_REPRESENTATION('',(#3205),#3209);
#3205 = LINE('',#3206,#3207);
#3206 = CARTESIAN_POINT('',(-5.226475708258,-0.496438986911));
#3207 = VECTOR('',#3208,1.);
#3208 = DIRECTION('',(-0.995519182603,-9.455980684291E-02));
#3209 = ( GEOMETRIC_REPRESENTATION_CONTEXT(2) 
PARAMETRIC_REPRESENTATION_CONTEXT() REPRESENTATION_CONTEXT('2D SPACE',''
  ) );
#3210 = PCURVE('',#3211,#3248);
#3211 = B_SPLINE_SURFACE_WITH_KNOTS('',3,3,(
    (#3212,#3213,#3214,#3215,#3216,#3217)
    ,(#3218,#3219,#3220,#3221,#3222,#3223)
    ,(#3224,#3225,#3226,#3227,#3228,#3229)
    ,(#3230,#3231,#3232,#3233,#3234,#3235)
    ,(#3236,#3237,#3238,#3239,#3240,#3241)
    ,(#3242,#3243,#3244,#3245,#3246,#3247
    )),.UNSPECIFIED.,.F.,.F.,.F.,(4,2,4),(4,2,4),(0.134785211,
    0.134952654,0.999994141205),(0.,0.5,0.625024130247),.UNSPECIFIED.);
#3212 = CARTESIAN_POINT('',(4.87400485,36.042029195,-9.4));
#3213 = CARTESIAN_POINT('',(5.109805032,36.61741432,-8.066666667));
#3214 = CARTESIAN_POINT('',(5.241896553,37.234902426,-6.733333333));
#3215 = CARTESIAN_POINT('',(5.267791995743,38.011723439655,
    -5.066602319675));
#3216 = CARTESIAN_POINT('',(5.266007232324,38.167329298321,
    -4.73320463835));
#3217 = CARTESIAN_POINT('',(5.257337692983,38.32254959379,
    -4.399806958026));
#3218 = CARTESIAN_POINT('',(4.874043124,36.042013524,-9.4));
#3219 = CARTESIAN_POINT('',(5.109845167,36.617403181,-8.066666667));
#3220 = CARTESIAN_POINT('',(5.241937726,37.234896152,-6.733333333));
#3221 = CARTESIAN_POINT('',(5.267833372751,38.011723285891,
    -5.066602319675));
#3222 = CARTESIAN_POINT('',(5.266048595319,38.167330370795,
    -4.73320463835));
#3223 = CARTESIAN_POINT('',(5.257378987944,38.322551888498,
    -4.399806958026));
#3224 = CARTESIAN_POINT('',(4.874081399,36.041997853,-9.4));
#3225 = CARTESIAN_POINT('',(5.109885301,36.617392043,-8.066666667));
#3226 = CARTESIAN_POINT('',(5.241978899,37.234889879,-6.733333333));
#3227 = CARTESIAN_POINT('',(5.267874749759,38.011723132127,
    -5.066602319675));
#3228 = CARTESIAN_POINT('',(5.266089958313,38.167331442268,
    -4.73320463835));
#3229 = CARTESIAN_POINT('',(5.257420282905,38.322554183206,
    -4.399806958026));
#3230 = CARTESIAN_POINT('',(5.071854396,35.961022241,-9.4));
#3231 = CARTESIAN_POINT('',(5.317268168,36.559837006,-8.066666667));
#3232 = CARTESIAN_POINT('',(5.454726988,37.202473379,-6.733333333));
#3233 = CARTESIAN_POINT('',(5.481676954455,38.010928353944,
    -5.066602319675));
#3234 = CARTESIAN_POINT('',(5.479820256567,38.172870966368,
    -4.73320463835));
#3235 = CARTESIAN_POINT('',(5.470798616143,38.3344123638,-4.399806958026
    ));
#3236 = CARTESIAN_POINT('',(5.269589118,35.880062301,-9.4));
#3237 = CARTESIAN_POINT('',(5.524588727,36.5022967,-8.066666667));
#3238 = CARTESIAN_POINT('',(5.667438816,37.17006013,-6.733333333));
#3239 = CARTESIAN_POINT('',(5.695442812148,38.010134276662,
    -5.066602319675));
#3240 = CARTESIAN_POINT('',(5.693512523171,38.178410200085,
    -4.73320463835));
#3241 = CARTESIAN_POINT('',(5.684136771139,38.346269016677,
    -4.399806958026));
#3242 = CARTESIAN_POINT('',(5.46732384,35.799102361,-9.4));
#3243 = CARTESIAN_POINT('',(5.731920378,36.444754597,-8.066666667));
#3244 = CARTESIAN_POINT('',(5.880144009,37.137650986,-6.733333333));
#3245 = CARTESIAN_POINT('',(5.909201871834,38.009339455193,
    -5.066602319675));
#3246 = CARTESIAN_POINT('',(5.907199098202,38.183948256635,
    -4.73320463835));
#3247 = CARTESIAN_POINT('',(5.897470739006,38.358124371483,
    -4.399806958026));
#3248 = DEFINITIONAL_REPRESENTATION('',(#3249),#3252);
#3249 = B_SPLINE_CURVE_WITH_KNOTS('',1,(#3250,#3251),.UNSPECIFIED.,.F.,
  .F.,(2,2),(0.,0.641000616231),.PIECEWISE_BEZIER_KNOTS.);
#3250 = CARTESIAN_POINT('',(0.134952654177,9.166849418392E-12));
#3251 = CARTESIAN_POINT('',(0.999994141205,2.80741043711E-11));
#3252 = ( GEOMETRIC_REPRESENTATION_CONTEXT(2) 
PARAMETRIC_REPRESENTATION_CONTEXT() REPRESENTATION_CONTEXT('2D SPACE',''
  ) );
#3253 = ORIENTED_EDGE('',*,*,#3254,.F.);
#3254 = EDGE_CURVE('',#3255,#3196,#3257,.T.);
#3255 = VERTEX_POINT('',#3256);
#3256 = CARTESIAN_POINT('',(4.412710995,35.162829922,-9.4));
#3257 = SURFACE_CURVE('',#3258,(#3263,#3270),.PCURVE_S1.);
#3258 = CIRCLE('',#3259,5.25);
#3259 = AXIS2_PLACEMENT_3D('',#3260,#3261,#3262);
#3260 = CARTESIAN_POINT('',(1.5587882E-02,38.031245569,-9.4));
#3261 = DIRECTION('',(0.,0.,1.));
#3262 = DIRECTION('',(-0.885458521217,0.464718417114,0.));
#3263 = PCURVE('',#66,#3264);
#3264 = DEFINITIONAL_REPRESENTATION('',(#3265),#3269);
#3265 = CIRCLE('',#3266,5.25);
#3266 = AXIS2_PLACEMENT_2D('',#3267,#3268);
#3267 = CARTESIAN_POINT('',(0.,0.));
#3268 = DIRECTION('',(1.,0.));
#3269 = ( GEOMETRIC_REPRESENTATION_CONTEXT(2) 
PARAMETRIC_REPRESENTATION_CONTEXT() REPRESENTATION_CONTEXT('2D SPACE',''
  ) );
#3270 = PCURVE('',#3271,#3276);
#3271 = CYLINDRICAL_SURFACE('',#3272,5.25);
#3272 = AXIS2_PLACEMENT_3D('',#3273,#3274,#3275);
#3273 = CARTESIAN_POINT('',(1.5587882E-02,38.031245569,-9.4));
#3274 = DIRECTION('',(0.,0.,1.));
#3275 = DIRECTION('',(0.991816101613,-0.12767466695,0.));
#3276 = DEFINITIONAL_REPRESENTATION('',(#3277),#3281);
#3277 = LINE('',#3278,#3279);
#3278 = CARTESIAN_POINT('',(2.786300180197,0.));
#3279 = VECTOR('',#3280,1.);
#3280 = DIRECTION('',(1.,0.));
#3281 = ( GEOMETRIC_REPRESENTATION_CONTEXT(2) 
PARAMETRIC_REPRESENTATION_CONTEXT() REPRESENTATION_CONTEXT('2D SPACE',''
  ) );
#3282 = ORIENTED_EDGE('',*,*,#3283,.F.);
#3283 = EDGE_CURVE('',#3284,#3255,#3286,.T.);
#3284 = VERTEX_POINT('',#3285);
#3285 = CARTESIAN_POINT('',(4.949579305,34.812609695,-9.4));
#3286 = SURFACE_CURVE('',#3287,(#3291,#3298),.PCURVE_S1.);
#3287 = LINE('',#3288,#3289);
#3288 = CARTESIAN_POINT('',(4.949579305,34.812609695,-9.4));
#3289 = VECTOR('',#3290,1.);
#3290 = DIRECTION('',(-0.837547259877,0.54636488492,0.));
#3291 = PCURVE('',#66,#3292);
#3292 = DEFINITIONAL_REPRESENTATION('',(#3293),#3297);
#3293 = LINE('',#3294,#3295);
#3294 = CARTESIAN_POINT('',(-5.864604117736,0.557051877178));
#3295 = VECTOR('',#3296,1.);
#3296 = DIRECTION('',(0.995519182666,-9.455980617776E-02));
#3297 = ( GEOMETRIC_REPRESENTATION_CONTEXT(2) 
PARAMETRIC_REPRESENTATION_CONTEXT() REPRESENTATION_CONTEXT('2D SPACE',''
  ) );
#3298 = PCURVE('',#3299,#3336);
#3299 = B_SPLINE_SURFACE_WITH_KNOTS('',3,3,(
    (#3300,#3301,#3302,#3303,#3304,#3305)
    ,(#3306,#3307,#3308,#3309,#3310,#3311)
    ,(#3312,#3313,#3314,#3315,#3316,#3317)
    ,(#3318,#3319,#3320,#3321,#3322,#3323)
    ,(#3324,#3325,#3326,#3327,#3328,#3329)
    ,(#3330,#3331,#3332,#3333,#3334,#3335
    )),.UNSPECIFIED.,.F.,.F.,.F.,(4,2,4),(4,2,4),(-4.175477097894E-07,
    0.865047346,0.865220227385),(-3.998199652378E-06,0.5,0.6250039992),
  .UNSPECIFIED.);
#3300 = CARTESIAN_POINT('',(4.949570414085,34.812595509322,
    -9.400031985597));
#3301 = CARTESIAN_POINT('',(5.330998266735,35.39688890976,
    -8.066687990731));
#3302 = CARTESIAN_POINT('',(5.60702757629,36.049492774552,
    -6.733343994866));
#3303 = CARTESIAN_POINT('',(5.79967554216,36.900100048957,
    -5.066656002134));
#3304 = CARTESIAN_POINT('',(5.830578818271,37.071935429776,
    -4.733312003268));
#3305 = CARTESIAN_POINT('',(5.853815676315,37.244800153704,
    -4.399968005403));
#3306 = CARTESIAN_POINT('',(4.770614555578,34.929336150055,
    -9.400031985597));
#3307 = CARTESIAN_POINT('',(5.138207996744,35.492437191462,
    -8.066687990731));
#3308 = CARTESIAN_POINT('',(5.404227903103,36.121369049588,
    -6.733343994866));
#3309 = CARTESIAN_POINT('',(5.58988892621,36.941126559413,
    -5.066656002134));
#3310 = CARTESIAN_POINT('',(5.619671221766,37.106729677899,
    -4.733312003268));
#3311 = CARTESIAN_POINT('',(5.642065056217,37.273324707873,
    -4.399968005403));
#3312 = CARTESIAN_POINT('',(4.591658697818,35.046076789881,
    -9.400031985597));
#3313 = CARTESIAN_POINT('',(4.945428282039,35.587981620009,
    -8.066687990731));
#3314 = CARTESIAN_POINT('',(5.201422478912,36.193250607663,
    -6.733343994866));
#3315 = CARTESIAN_POINT('',(5.38009548724,36.982153618839,
    -5.066656002134));
#3316 = CARTESIAN_POINT('',(5.408757807315,37.141523840981,
    -4.733312003268));
#3317 = CARTESIAN_POINT('',(5.430310071253,37.301848777003,
    -4.399968005403));
#3318 = CARTESIAN_POINT('',(4.412667076016,35.162840761709,
    -9.400031985597));
#3319 = CARTESIAN_POINT('',(4.752588935797,35.683552848973,
    -8.066687990731));
#3320 = CARTESIAN_POINT('',(4.998580785509,36.265142635001,
    -6.733343994866));
#3321 = CARTESIAN_POINT('',(5.170265172382,37.02318846782,
    -5.066656002134));
#3322 = CARTESIAN_POINT('',(5.197805667513,37.176325099309,
    -4.733312003268));
#3323 = CARTESIAN_POINT('',(5.218514016513,37.33037909025,
    -4.399968005403));
#3324 = CARTESIAN_POINT('',(4.412631312756,35.16286409173,
    -9.400031985597));
#3325 = CARTESIAN_POINT('',(4.752550403552,35.683571945185,
    -8.066687990731));
#3326 = CARTESIAN_POINT('',(4.998540255292,36.265156999136,
    -6.733343994866));
#3327 = CARTESIAN_POINT('',(5.170223245405,37.023196667426,
    -5.066656002134));
#3328 = CARTESIAN_POINT('',(5.197763517392,37.176332052393,
    -4.733312003268));
#3329 = CARTESIAN_POINT('',(5.218471698155,37.330384790169,
    -4.399968005403));
#3330 = CARTESIAN_POINT('',(4.412595547913,35.162887423261,
    -9.400031985597));
#3331 = CARTESIAN_POINT('',(4.752511872798,35.683591041404,
    -8.066687990731));
#3332 = CARTESIAN_POINT('',(4.998499726491,36.265171364774,
    -6.733343994866));
#3333 = CARTESIAN_POINT('',(5.170181319886,37.023204865577,
    -5.066656002134));
#3334 = CARTESIAN_POINT('',(5.197721367195,37.176339005552,
    -4.733312003268));
#3335 = CARTESIAN_POINT('',(5.218429378261,37.330390491594,
    -4.399968005403));
#3336 = DEFINITIONAL_REPRESENTATION('',(#3337),#3340);
#3337 = B_SPLINE_CURVE_WITH_KNOTS('',1,(#3338,#3339),.UNSPECIFIED.,.F.,
  .F.,(2,2),(0.,0.641000615976),.PIECEWISE_BEZIER_KNOTS.);
#3338 = CARTESIAN_POINT('',(-3.206184782871E-14,-2.493340582895E-15));
#3339 = CARTESIAN_POINT('',(0.865047345861,2.753604660608E-11));
#3340 = ( GEOMETRIC_REPRESENTATION_CONTEXT(2) 
PARAMETRIC_REPRESENTATION_CONTEXT() REPRESENTATION_CONTEXT('2D SPACE',''
  ) );
#3341 = ORIENTED_EDGE('',*,*,#3342,.F.);
#3342 = EDGE_CURVE('',#3343,#3284,#3345,.T.);
#3343 = VERTEX_POINT('',#3344);
#3344 = CARTESIAN_POINT('',(5.75858806,33.207559328,-9.4));
#3345 = SURFACE_CURVE('',#3346,(#3399,#3455),.PCURVE_S1.);
#3346 = B_SPLINE_CURVE_WITH_KNOTS('',3,(#3347,#3348,#3349,#3350,#3351,
    #3352,#3353,#3354,#3355,#3356,#3357,#3358,#3359,#3360,#3361,#3362,
    #3363,#3364,#3365,#3366,#3367,#3368,#3369,#3370,#3371,#3372,#3373,
    #3374,#3375,#3376,#3377,#3378,#3379,#3380,#3381,#3382,#3383,#3384,
    #3385,#3386,#3387,#3388,#3389,#3390,#3391,#3392,#3393,#3394,#3395,
    #3396,#3397,#3398),.UNSPECIFIED.,.F.,.F.,(4,3,3,3,3,3,3,3,3,3,3,3,3,
    3,3,3,3,4),(0.,2.28581E-04,4.57162E-04,6.046453473902E-04,
    7.472298643377E-04,8.654436123132E-04,9.14323E-04,1.021573591236E-03
    ,1.145702276935E-03,1.27759147147E-03,1.334762795419E-03,
    1.370622692211E-03,1.405205238684E-03,1.511065429013E-03,
    1.605340201824E-03,1.69483159966E-03,1.778296076389E-03,1.828646E-03
    ),.UNSPECIFIED.);
#3347 = CARTESIAN_POINT('',(5.75858806,33.207559328,-9.4));
#3348 = CARTESIAN_POINT('',(5.743033975175,33.282379338068,-9.4));
#3349 = CARTESIAN_POINT('',(5.725703655713,33.356677136837,-9.4));
#3350 = CARTESIAN_POINT('',(5.706452658882,33.430426328507,
    -9.39999999901));
#3351 = CARTESIAN_POINT('',(5.68720166205,33.504175520177,-9.39999999802
    ));
#3352 = CARTESIAN_POINT('',(5.666030166942,33.5773767615,-9.39999999604)
  );
#3353 = CARTESIAN_POINT('',(5.642755267249,33.649960772021,
    -9.39999999208));
#3354 = CARTESIAN_POINT('',(5.627738008086,33.696792892095,
    -9.399999989525));
#3355 = CARTESIAN_POINT('',(5.61173126724,33.743703863439,
    -9.399999989443));
#3356 = CARTESIAN_POINT('',(5.59478875826,33.790278320868,
    -9.399999990503));
#3357 = CARTESIAN_POINT('',(5.578409014366,33.835305753673,
    -9.399999991529));
#3358 = CARTESIAN_POINT('',(5.561154707948,33.880018348612,
    -9.399999993623));
#3359 = CARTESIAN_POINT('',(5.54311295327,33.924069559795,
    -9.399999995584));
#3360 = CARTESIAN_POINT('',(5.528154923561,33.960591468964,
    -9.39999999721));
#3361 = CARTESIAN_POINT('',(5.512656297355,33.996659169257,
    -9.399999998745));
#3362 = CARTESIAN_POINT('',(5.496687257104,34.032093117614,
    -9.399999999504));
#3363 = CARTESIAN_POINT('',(5.490084328741,34.046744456638,
    -9.399999999818));
#3364 = CARTESIAN_POINT('',(5.483334678602,34.061472644907,
    -9.399999999999));
#3365 = CARTESIAN_POINT('',(5.476445225615,34.07624181551,
    -9.399999999999));
#3366 = CARTESIAN_POINT('',(5.461328466975,34.10864816007,
    -9.399999999999));
#3367 = CARTESIAN_POINT('',(5.445691856927,34.140924627732,
    -9.399999999999));
#3368 = CARTESIAN_POINT('',(5.429530431964,34.172943608032,-9.4));
#3369 = CARTESIAN_POINT('',(5.410825673168,34.210001435838,-9.4));
#3370 = CARTESIAN_POINT('',(5.391418701236,34.246715359557,-9.4));
#3371 = CARTESIAN_POINT('',(5.371261125233,34.282945792219,-9.4));
#3372 = CARTESIAN_POINT('',(5.349843300272,34.321441346688,-9.4));
#3373 = CARTESIAN_POINT('',(5.327578460872,34.359393951477,-9.4));
#3374 = CARTESIAN_POINT('',(5.304357052642,34.396664549555,-9.4));
#3375 = CARTESIAN_POINT('',(5.294291037324,34.412820607251,-9.4));
#3376 = CARTESIAN_POINT('',(5.28404461475,34.428848589878,-9.4));
#3377 = CARTESIAN_POINT('',(5.273605832569,34.44473647777,-9.4));
#3378 = CARTESIAN_POINT('',(5.267058255465,34.454701928642,-9.4));
#3379 = CARTESIAN_POINT('',(5.260434963099,34.464612245905,-9.4));
#3380 = CARTESIAN_POINT('',(5.253732639647,34.474464185045,-9.4));
#3381 = CARTESIAN_POINT('',(5.247269056843,34.4839651924,-9.4));
#3382 = CARTESIAN_POINT('',(5.240737378368,34.493403961041,-9.4));
#3383 = CARTESIAN_POINT('',(5.234134397955,34.502778108201,-9.4));
#3384 = CARTESIAN_POINT('',(5.213922099136,34.531473190075,-9.4));
#3385 = CARTESIAN_POINT('',(5.193041280155,34.559569870391,-9.4));
#3386 = CARTESIAN_POINT('',(5.171354697338,34.587012476256,-9.4));
#3387 = CARTESIAN_POINT('',(5.152041510183,34.611451743041,-9.4));
#3388 = CARTESIAN_POINT('',(5.132088896034,34.635372653481,-9.4));
#3389 = CARTESIAN_POINT('',(5.111379123249,34.658699015489,-9.4));
#3390 = CARTESIAN_POINT('',(5.091720136437,34.680841829312,-9.4));
#3391 = CARTESIAN_POINT('',(5.071378782653,34.702449430722,-9.4));
#3392 = CARTESIAN_POINT('',(5.050237330774,34.723414705775,-9.4));
#3393 = CARTESIAN_POINT('',(5.030519679011,34.742968045582,-9.4));
#3394 = CARTESIAN_POINT('',(5.01010596144,34.761962916217,-9.4));
#3395 = CARTESIAN_POINT('',(4.988886911783,34.780269814865,-9.4));
#3396 = CARTESIAN_POINT('',(4.976086525664,34.791313446653,-9.4));
#3397 = CARTESIAN_POINT('',(4.962992811745,34.802105881529,-9.4));
#3398 = CARTESIAN_POINT('',(4.949579305,34.812609695,-9.4));
#3399 = PCURVE('',#66,#3400);
#3400 = DEFINITIONAL_REPRESENTATION('',(#3401),#3454);
#3401 = B_SPLINE_CURVE_WITH_KNOTS('',3,(#3402,#3403,#3404,#3405,#3406,
    #3407,#3408,#3409,#3410,#3411,#3412,#3413,#3414,#3415,#3416,#3417,
    #3418,#3419,#3420,#3421,#3422,#3423,#3424,#3425,#3426,#3427,#3428,
    #3429,#3430,#3431,#3432,#3433,#3434,#3435,#3436,#3437,#3438,#3439,
    #3440,#3441,#3442,#3443,#3444,#3445,#3446,#3447,#3448,#3449,#3450,
    #3451,#3452,#3453),.UNSPECIFIED.,.F.,.F.,(4,3,3,3,3,3,3,3,3,3,3,3,3,
    3,3,3,3,4),(0.,2.28581E-04,4.57162E-04,6.046453473902E-04,
    7.472298643377E-04,8.654436123132E-04,9.14323E-04,1.021573591236E-03
    ,1.145702276935E-03,1.27759147147E-03,1.334762795419E-03,
    1.370622692211E-03,1.405205238684E-03,1.511065429013E-03,
    1.605340201824E-03,1.69483159966E-03,1.778296076389E-03,1.828646E-03
    ),.UNSPECIFIED.);
#3402 = CARTESIAN_POINT('',(-7.32684427953,1.602296133565));
#3403 = CARTESIAN_POINT('',(-7.278301545935,1.543274387772));
#3404 = CARTESIAN_POINT('',(-7.228428711453,1.485540487373));
#3405 = CARTESIAN_POINT('',(-7.17711014465,1.429184929952));
#3406 = CARTESIAN_POINT('',(-7.125791577848,1.37282937253));
#3407 = CARTESIAN_POINT('',(-7.073027132099,1.317851493331));
#3408 = CARTESIAN_POINT('',(-7.018687047358,1.264397637255));
#3409 = CARTESIAN_POINT('',(-6.983626138556,1.229908534377));
#3410 = CARTESIAN_POINT('',(-6.947652441129,1.195809442331));
#3411 = CARTESIAN_POINT('',(-6.911006544047,1.162443188085));
#3412 = CARTESIAN_POINT('',(-6.875577882941,1.130185232674));
#3413 = CARTESIAN_POINT('',(-6.83952114395,1.098612478447));
#3414 = CARTESIAN_POINT('',(-6.8030745094,1.06799129381));
#3415 = CARTESIAN_POINT('',(-6.772857390715,1.042603930015));
#3416 = CARTESIAN_POINT('',(-6.742372675485,1.017869974487));
#3417 = CARTESIAN_POINT('',(-6.711765944326,0.993915790083));
#3418 = CARTESIAN_POINT('',(-6.699110578062,0.984011139514));
#3419 = CARTESIAN_POINT('',(-6.686289582492,0.974106626438));
#3420 = CARTESIAN_POINT('',(-6.673325752053,0.964230794163));
#3421 = CARTESIAN_POINT('',(-6.644880664154,0.942561356378));
#3422 = CARTESIAN_POINT('',(-6.616035625582,0.921248503722));
#3423 = CARTESIAN_POINT('',(-6.586845544291,0.900407536602));
#3424 = CARTESIAN_POINT('',(-6.553061801148,0.876286813093));
#3425 = CARTESIAN_POINT('',(-6.518816095964,0.852796933767));
#3426 = CARTESIAN_POINT('',(-6.484130449206,0.830083985252));
#3427 = CARTESIAN_POINT('',(-6.44727626045,0.805951026232));
#3428 = CARTESIAN_POINT('',(-6.409924394257,0.782692449843));
#3429 = CARTESIAN_POINT('',(-6.372042467121,0.76048229726));
#3430 = CARTESIAN_POINT('',(-6.355621410524,0.750854641008));
#3431 = CARTESIAN_POINT('',(-6.339100129628,0.741424228493));
#3432 = CARTESIAN_POINT('',(-6.322473626882,0.732207257106));
#3433 = CARTESIAN_POINT('',(-6.312044890388,0.726426043382));
#3434 = CARTESIAN_POINT('',(-6.301574732772,0.720728834458));
#3435 = CARTESIAN_POINT('',(-6.291061725796,0.715120044142));
#3436 = CARTESIAN_POINT('',(-6.280923198226,0.709711042189));
#3437 = CARTESIAN_POINT('',(-6.27075329824,0.704388795348));
#3438 = CARTESIAN_POINT('',(-6.260550294138,0.699156903472));
#3439 = CARTESIAN_POINT('',(-6.229318008888,0.683141626222));
#3440 = CARTESIAN_POINT('',(-6.197771864988,0.667966882364));
#3441 = CARTESIAN_POINT('',(-6.165816211078,0.653745747595));
#3442 = CARTESIAN_POINT('',(-6.137357807565,0.641080984333));
#3443 = CARTESIAN_POINT('',(-6.10857410771,0.629172357613));
#3444 = CARTESIAN_POINT('',(-6.079396272896,0.618142044431));
#3445 = CARTESIAN_POINT('',(-6.051698882114,0.607671394481));
#3446 = CARTESIAN_POINT('',(-6.023646006748,0.597991761422));
#3447 = CARTESIAN_POINT('',(-5.995183178594,0.58925270203));
#3448 = CARTESIAN_POINT('',(-5.968637218697,0.581102186595));
#3449 = CARTESIAN_POINT('',(-5.94173445231,0.573769647049));
#3450 = CARTESIAN_POINT('',(-5.914438311017,0.567420530814));
#3451 = CARTESIAN_POINT('',(-5.897971920969,0.563590428117));
#3452 = CARTESIAN_POINT('',(-5.881362537153,0.560119064698));
#3453 = CARTESIAN_POINT('',(-5.864604117736,0.557051877178));
#3454 = ( GEOMETRIC_REPRESENTATION_CONTEXT(2) 
PARAMETRIC_REPRESENTATION_CONTEXT() REPRESENTATION_CONTEXT('2D SPACE',''
  ) );
#3455 = PCURVE('',#3456,#3493);
#3456 = B_SPLINE_SURFACE_WITH_KNOTS('',3,3,(
    (#3457,#3458,#3459,#3460,#3461,#3462)
    ,(#3463,#3464,#3465,#3466,#3467,#3468)
    ,(#3469,#3470,#3471,#3472,#3473,#3474)
    ,(#3475,#3476,#3477,#3478,#3479,#3480)
    ,(#3481,#3482,#3483,#3484,#3485,#3486)
    ,(#3487,#3488,#3489,#3490,#3491,#3492
    )),.UNSPECIFIED.,.F.,.F.,.F.,(4,2,4),(4,2,4),(0.,0.475892875,1.),(0.
    ,0.5,0.625),.UNSPECIFIED.);
#3457 = CARTESIAN_POINT('',(5.75858806,33.207559328,-9.4));
#3458 = CARTESIAN_POINT('',(6.330154059,33.88761196,-8.066666667));
#3459 = CARTESIAN_POINT('',(6.778972326,34.67014266,-6.733333333));
#3460 = CARTESIAN_POINT('',(7.15273443,35.715689097,-5.066666667));
#3461 = CARTESIAN_POINT('',(7.218109834,35.928128429,-4.733333333));
#3462 = CARTESIAN_POINT('',(7.273954101,36.143042816,-4.4));
#3463 = CARTESIAN_POINT('',(5.697512504,33.501351844,-9.4));
#3464 = CARTESIAN_POINT('',(6.233778326,34.173722875,-8.066666667));
#3465 = CARTESIAN_POINT('',(6.649607589,34.943249427,-6.733333333));
#3466 = CARTESIAN_POINT('',(6.985752894,35.965126424,-5.066666667));
#3467 = CARTESIAN_POINT('',(7.043800569,36.172463348,-4.733333333));
#3468 = CARTESIAN_POINT('',(7.09255055,36.381956418,-4.4));
#3469 = CARTESIAN_POINT('',(5.610611386,33.779305113,-9.4));
#3470 = CARTESIAN_POINT('',(6.114810816,34.441846441,-8.066666667));
#3471 = CARTESIAN_POINT('',(6.498666754,35.194673849,-6.733333333));
#3472 = CARTESIAN_POINT('',(6.800770921,36.190280419,-5.066666667));
#3473 = CARTESIAN_POINT('',(6.852269886,36.392092955,-4.733333333));
#3474 = CARTESIAN_POINT('',(6.894734484,36.595785319,-4.4));
#3475 = CARTESIAN_POINT('',(5.371221105,34.310491894,-9.4));
#3476 = CARTESIAN_POINT('',(5.811672855,34.944736476,-8.066666667));
#3477 = CARTESIAN_POINT('',(6.13876834,35.657932883,-6.733333333));
#3478 = CARTESIAN_POINT('',(6.37922338,36.592862481,-5.066666667));
#3479 = CARTESIAN_POINT('',(6.418936564,36.78198529,-4.733333333));
#3480 = CARTESIAN_POINT('',(6.450208288,36.972496028,-4.4));
#3481 = CARTESIAN_POINT('',(5.18897383,34.625145262,-9.4));
#3482 = CARTESIAN_POINT('',(5.591602785,35.236126672,-8.066666667));
#3483 = CARTESIAN_POINT('',(5.885642079,35.922725153,-6.733333333));
#3484 = CARTESIAN_POINT('',(6.092089642,36.816112206,-5.066666667));
#3485 = CARTESIAN_POINT('',(6.12534824,36.996514117,-4.733333333));
#3486 = CARTESIAN_POINT('',(6.150542248,37.178009754,-4.4));
#3487 = CARTESIAN_POINT('',(4.949579305,34.812609695,-9.4));
#3488 = CARTESIAN_POINT('',(5.331002402,35.396899485,-8.066666667));
#3489 = CARTESIAN_POINT('',(5.607027734,36.049498592,-6.733333333));
#3490 = CARTESIAN_POINT('',(5.799673199,36.900094824,-5.066666667));
#3491 = CARTESIAN_POINT('',(5.830575776,37.071924622,-4.733333333));
#3492 = CARTESIAN_POINT('',(5.853812455,37.244783718,-4.4));
#3493 = DEFINITIONAL_REPRESENTATION('',(#3494),#3497);
#3494 = B_SPLINE_CURVE_WITH_KNOTS('',1,(#3495,#3496),.UNSPECIFIED.,.F.,
  .F.,(2,2),(0.,1.828646E-03),.PIECEWISE_BEZIER_KNOTS.);
#3495 = CARTESIAN_POINT('',(-4.30876593803E-15,-1.275974501862E-16));
#3496 = CARTESIAN_POINT('',(1.,2.873416007561E-16));
#3497 = ( GEOMETRIC_REPRESENTATION_CONTEXT(2) 
PARAMETRIC_REPRESENTATION_CONTEXT() REPRESENTATION_CONTEXT('2D SPACE',''
  ) );
#3498 = ORIENTED_EDGE('',*,*,#3499,.F.);
#3499 = EDGE_CURVE('',#3500,#3343,#3502,.T.);
#3500 = VERTEX_POINT('',#3501);
#3501 = CARTESIAN_POINT('',(5.496401184,32.911608322,-9.4));
#3502 = SURFACE_CURVE('',#3503,(#3508,#3515),.PCURVE_S1.);
#3503 = CIRCLE('',#3504,7.499993238539);
#3504 = AXIS2_PLACEMENT_3D('',#3505,#3506,#3507);
#3505 = CARTESIAN_POINT('',(1.559294776523E-02,38.031241087712,-9.4));
#3506 = DIRECTION('',(0.,0.,1.));
#3507 = DIRECTION('',(0.765733371961,-0.643158147787,0.));
#3508 = PCURVE('',#66,#3509);
#3509 = DEFINITIONAL_REPRESENTATION('',(#3510),#3514);
#3510 = CIRCLE('',#3511,7.499993238539);
#3511 = AXIS2_PLACEMENT_2D('',#3512,#3513);
#3512 = CARTESIAN_POINT('',(-6.568062151248E-06,1.613840423115E-06));
#3513 = DIRECTION('',(-0.976912575577,0.213639461899));
#3514 = ( GEOMETRIC_REPRESENTATION_CONTEXT(2) 
PARAMETRIC_REPRESENTATION_CONTEXT() REPRESENTATION_CONTEXT('2D SPACE',''
  ) );
#3515 = PCURVE('',#3516,#3553);
#3516 = B_SPLINE_SURFACE_WITH_KNOTS('',3,3,(
    (#3517,#3518,#3519,#3520,#3521,#3522)
    ,(#3523,#3524,#3525,#3526,#3527,#3528)
    ,(#3529,#3530,#3531,#3532,#3533,#3534)
    ,(#3535,#3536,#3537,#3538,#3539,#3540)
    ,(#3541,#3542,#3543,#3544,#3545,#3546)
    ,(#3547,#3548,#3549,#3550,#3551,#3552
    )),.UNSPECIFIED.,.F.,.F.,.F.,(4,2,4),(4,2,4),(0.,0.5,1.),(0.,0.5,
    0.625000001),.UNSPECIFIED.);
#3517 = CARTESIAN_POINT('',(5.496401184,32.911608322,-9.4));
#3518 = CARTESIAN_POINT('',(6.103011459,33.560594645,-8.066666667));
#3519 = CARTESIAN_POINT('',(6.592445126,34.318385394,-6.733333333));
#3520 = CARTESIAN_POINT('',(7.02078776,35.342781827,-5.066666665));
#3521 = CARTESIAN_POINT('',(7.097267792,35.551480697,-4.73333333));
#3522 = CARTESIAN_POINT('',(7.164360367,35.76315347,-4.399999995));
#3523 = CARTESIAN_POINT('',(5.541389184,32.9597701,-9.4));
#3524 = CARTESIAN_POINT('',(6.142281784,33.614097571,-8.066666667));
#3525 = CARTESIAN_POINT('',(6.625071382,34.376179924,-6.733333333));
#3526 = CARTESIAN_POINT('',(7.044411807,35.40433764,-5.066666665));
#3527 = CARTESIAN_POINT('',(7.119056774,35.613708511,-4.73333333));
#3528 = CARTESIAN_POINT('',(7.184287909,35.82597103,-4.399999995));
#3529 = CARTESIAN_POINT('',(5.585742329,33.008524898,-9.4));
#3530 = CARTESIAN_POINT('',(6.180876701,33.668097162,-8.066666667));
#3531 = CARTESIAN_POINT('',(6.656936383,34.434402208,-6.733333333));
#3532 = CARTESIAN_POINT('',(7.067225402,35.466208184,-5.066666665));
#3533 = CARTESIAN_POINT('',(7.140028687,35.676226978,-4.73333333));
#3534 = CARTESIAN_POINT('',(7.203393362,35.889054314,-4.399999995));
#3535 = CARTESIAN_POINT('',(5.673148078,33.10718666,-9.4));
#3536 = CARTESIAN_POINT('',(6.256599489,33.777115297,-8.066666667));
#3537 = CARTESIAN_POINT('',(6.719117858,34.551667085,-6.733333333));
#3538 = CARTESIAN_POINT('',(7.111212372,35.590523448,-5.066666665));
#3539 = CARTESIAN_POINT('',(7.180313829,35.801789236,-4.73333333));
#3540 = CARTESIAN_POINT('',(7.239928727,36.015697333,-4.399999995));
#3541 = CARTESIAN_POINT('',(5.716200681,33.157093624,-9.4));
#3542 = CARTESIAN_POINT('',(6.293727359,33.83213384,-8.066666667));
#3543 = CARTESIAN_POINT('',(6.749438606,34.6107131,-6.733333333));
#3544 = CARTESIAN_POINT('',(7.132386818,35.652972831,-5.066666665));
#3545 = CARTESIAN_POINT('',(7.199627703,35.86483754,-4.73333333));
#3546 = CARTESIAN_POINT('',(7.257359001,36.079261213,-4.399999995));
#3547 = CARTESIAN_POINT('',(5.75858806,33.207559328,-9.4));
#3548 = CARTESIAN_POINT('',(6.330154059,33.88761196,-8.066666667));
#3549 = CARTESIAN_POINT('',(6.778972326,34.67014266,-6.733333333));
#3550 = CARTESIAN_POINT('',(7.15273443,35.715689098,-5.066666665));
#3551 = CARTESIAN_POINT('',(7.218109834,35.928128431,-4.73333333));
#3552 = CARTESIAN_POINT('',(7.273954102,36.143042819,-4.399999995));
#3553 = DEFINITIONAL_REPRESENTATION('',(#3554),#3557);
#3554 = B_SPLINE_CURVE_WITH_KNOTS('',1,(#3555,#3556),.UNSPECIFIED.,.F.,
  .F.,(2,2),(6.23046121075,6.28318530718),.PIECEWISE_BEZIER_KNOTS.);
#3555 = CARTESIAN_POINT('',(-5.208470160665E-15,-3.464910526249E-17));
#3556 = CARTESIAN_POINT('',(1.,-1.703630947221E-16));
#3557 = ( GEOMETRIC_REPRESENTATION_CONTEXT(2) 
PARAMETRIC_REPRESENTATION_CONTEXT() REPRESENTATION_CONTEXT('2D SPACE',''
  ) );
#3558 = ORIENTED_EDGE('',*,*,#3559,.F.);
#3559 = EDGE_CURVE('',#3560,#3500,#3562,.T.);
#3560 = VERTEX_POINT('',#3561);
#3561 = CARTESIAN_POINT('',(3.805531664,33.521232888,-9.4));
#3562 = SURFACE_CURVE('',#3563,(#3610,#3660),.PCURVE_S1.);
#3563 = B_SPLINE_CURVE_WITH_KNOTS('',3,(#3564,#3565,#3566,#3567,#3568,
    #3569,#3570,#3571,#3572,#3573,#3574,#3575,#3576,#3577,#3578,#3579,
    #3580,#3581,#3582,#3583,#3584,#3585,#3586,#3587,#3588,#3589,#3590,
    #3591,#3592,#3593,#3594,#3595,#3596,#3597,#3598,#3599,#3600,#3601,
    #3602,#3603,#3604,#3605,#3606,#3607,#3608,#3609),.UNSPECIFIED.,.F.,
  .F.,(4,3,3,3,3,3,3,3,3,3,3,3,3,3,3,4),(0.,8.233404804568E-05,
    1.6884704601E-04,2.627177540809E-04,3.663046195901E-04,4.53646E-04,
    5.833604619837E-04,7.103002681352E-04,8.206358471792E-04,9.07292E-04
    ,9.556744152648E-04,1.096535295041E-03,1.241951953127E-03,
    1.360938E-03,1.587761E-03,1.814584E-03),.UNSPECIFIED.);
#3564 = CARTESIAN_POINT('',(3.805531664,33.521232888,-9.4));
#3565 = CARTESIAN_POINT('',(3.825377330532,33.501378479729,-9.4));
#3566 = CARTESIAN_POINT('',(3.845894163176,33.482478827687,
    -9.399999999992));
#3567 = CARTESIAN_POINT('',(3.866940266951,33.464400342916,
    -9.39999999998));
#3568 = CARTESIAN_POINT('',(3.889054587531,33.445404265919,
    -9.399999999967));
#3569 = CARTESIAN_POINT('',(3.911753704595,33.427314825113,
    -9.399999999949));
#3570 = CARTESIAN_POINT('',(3.93492611234,33.409999626964,
    -9.399999999931));
#3571 = CARTESIAN_POINT('',(3.960069274338,33.39121181532,
    -9.399999999911));
#3572 = CARTESIAN_POINT('',(3.985769984264,33.373335389663,
    -9.39999999989));
#3573 = CARTESIAN_POINT('',(4.011941026684,33.35622857883,
    -9.399999999874));
#3574 = CARTESIAN_POINT('',(4.040820922309,33.337351114823,
    -9.399999999856));
#3575 = CARTESIAN_POINT('',(4.070274098935,33.319410526612,
    -9.399999999844));
#3576 = CARTESIAN_POINT('',(4.100241141776,33.302252151455,
    -9.399999999845));
#3577 = CARTESIAN_POINT('',(4.125508465732,33.287784717148,
    -9.399999999846));
#3578 = CARTESIAN_POINT('',(4.151142616634,33.273874094483,
    -9.399999999856));
#3579 = CARTESIAN_POINT('',(4.177129326006,33.260446348473,
    -9.399999999879));
#3580 = CARTESIAN_POINT('',(4.215723312145,33.240504222059,
    -9.399999999914));
#3581 = CARTESIAN_POINT('',(4.254957449736,33.221696683186,
    -9.399999999938));
#3582 = CARTESIAN_POINT('',(4.294707637619,33.203863109679,
    -9.399999999956));
#3583 = CARTESIAN_POINT('',(4.333607549527,33.186411005038,
    -9.399999999973));
#3584 = CARTESIAN_POINT('',(4.373004625842,33.16989212079,
    -9.399999999984));
#3585 = CARTESIAN_POINT('',(4.412783077235,33.154203338388,
    -9.39999999999));
#3586 = CARTESIAN_POINT('',(4.447358350358,33.140566710576,
    -9.399999999996));
#3587 = CARTESIAN_POINT('',(4.482222993616,33.127558031363,
    -9.399999999998));
#3588 = CARTESIAN_POINT('',(4.517275054282,33.115136052455,
    -9.399999999999));
#3589 = CARTESIAN_POINT('',(4.544804494488,33.10537998907,-9.4));
#3590 = CARTESIAN_POINT('',(4.57244934985,33.095986318903,-9.4));
#3591 = CARTESIAN_POINT('',(4.600139593625,33.086945036269,-9.4));
#3592 = CARTESIAN_POINT('',(4.615599786923,33.081897049754,-9.4));
#3593 = CARTESIAN_POINT('',(4.631001848579,33.076982610164,
    -9.399999999998));
#3594 = CARTESIAN_POINT('',(4.646309604491,33.07220420124,
    -9.399999999994));
#3595 = CARTESIAN_POINT('',(4.690876705025,33.058292310291,
    -9.399999999984));
#3596 = CARTESIAN_POINT('',(4.736264465932,33.045167540346,
    -9.39999999996));
#3597 = CARTESIAN_POINT('',(4.782146379046,33.032908803112,
    -9.399999999933));
#3598 = CARTESIAN_POINT('',(4.82951222315,33.020253588947,
    -9.399999999904));
#3599 = CARTESIAN_POINT('',(4.877404431403,33.008521444485,
    -9.399999999872));
#3600 = CARTESIAN_POINT('',(4.925432329692,32.997751917419,
    -9.399999999846));
#3601 = CARTESIAN_POINT('',(4.964730783062,32.988939835852,
    -9.399999999824));
#3602 = CARTESIAN_POINT('',(5.004119368133,32.980771290725,
    -9.399999999807));
#3603 = CARTESIAN_POINT('',(5.043371488928,32.973245348626,
    -9.399999999801));
#3604 = CARTESIAN_POINT('',(5.118197773431,32.9588986516,-9.399999999788
    ));
#3605 = CARTESIAN_POINT('',(5.193391433068,32.946710740497,
    -9.399999999809));
#3606 = CARTESIAN_POINT('',(5.268905475671,32.936493362184,
    -9.399999999847));
#3607 = CARTESIAN_POINT('',(5.344419518274,32.926275983872,
    -9.399999999886));
#3608 = CARTESIAN_POINT('',(5.420254567991,32.91802939189,
    -9.399999999942));
#3609 = CARTESIAN_POINT('',(5.496401184,32.911608322,-9.4));
#3610 = PCURVE('',#66,#3611);
#3611 = DEFINITIONAL_REPRESENTATION('',(#3612),#3659);
#3612 = B_SPLINE_CURVE_WITH_KNOTS('',3,(#3613,#3614,#3615,#3616,#3617,
    #3618,#3619,#3620,#3621,#3622,#3623,#3624,#3625,#3626,#3627,#3628,
    #3629,#3630,#3631,#3632,#3633,#3634,#3635,#3636,#3637,#3638,#3639,
    #3640,#3641,#3642,#3643,#3644,#3645,#3646,#3647,#3648,#3649,#3650,
    #3651,#3652,#3653,#3654,#3655,#3656,#3657,#3658),.UNSPECIFIED.,.F.,
  .F.,(4,3,3,3,3,3,3,3,3,3,3,3,3,3,3,4),(0.,8.233404804568E-05,
    1.6884704601E-04,2.627177540809E-04,3.663046195901E-04,4.53646E-04,
    5.833604619837E-04,7.103002681352E-04,8.206358471792E-04,9.07292E-04
    ,9.556744152648E-04,1.096535295041E-03,1.241951953127E-03,
    1.360938E-03,1.587761E-03,1.814584E-03),.UNSPECIFIED.);
#3613 = CARTESIAN_POINT('',(-5.451723970981,2.232172483866));
#3614 = CARTESIAN_POINT('',(-5.478523194706,2.240530092116));
#3615 = CARTESIAN_POINT('',(-5.50547301538,2.247730400074));
#3616 = CARTESIAN_POINT('',(-5.532509872133,2.253957636432));
#3617 = CARTESIAN_POINT('',(-5.560919012564,2.260500942624));
#3618 = CARTESIAN_POINT('',(-5.58942463549,2.265969694378));
#3619 = CARTESIAN_POINT('',(-5.617989532861,2.270532939477));
#3620 = CARTESIAN_POINT('',(-5.648983801991,2.275484276948));
#3621 = CARTESIAN_POINT('',(-5.680048218832,2.279369517138));
#3622 = CARTESIAN_POINT('',(-5.711171441403,2.282354723153));
#3623 = CARTESIAN_POINT('',(-5.745516096269,2.285648915137));
#3624 = CARTESIAN_POINT('',(-5.779932984245,2.287847128223));
#3625 = CARTESIAN_POINT('',(-5.814441370627,2.289113921002));
#3626 = CARTESIAN_POINT('',(-5.843537821103,2.290182043195));
#3627 = CARTESIAN_POINT('',(-5.872700321,2.290586660538));
#3628 = CARTESIAN_POINT('',(-5.901950595123,2.290399870218));
#3629 = CARTESIAN_POINT('',(-5.945391442438,2.290122459834));
#3630 = CARTESIAN_POINT('',(-5.988871853586,2.288542929074));
#3631 = CARTESIAN_POINT('',(-6.032356586218,2.285861174307));
#3632 = CARTESIAN_POINT('',(-6.074911159136,2.283236783586));
#3633 = CARTESIAN_POINT('',(-6.11747226581,2.27955502346));
#3634 = CARTESIAN_POINT('',(-6.159985300681,2.27496101056));
#3635 = CARTESIAN_POINT('',(-6.196937462983,2.270967912659));
#3636 = CARTESIAN_POINT('',(-6.233854031257,2.26628431669));
#3637 = CARTESIAN_POINT('',(-6.270663899436,2.260994125615));
#3638 = CARTESIAN_POINT('',(-6.299573899183,2.256839277196));
#3639 = CARTESIAN_POINT('',(-6.328417683463,2.252309909067));
#3640 = CARTESIAN_POINT('',(-6.357137896322,2.24744742356));
#3641 = CARTESIAN_POINT('',(-6.373173148521,2.244732569677));
#3642 = CARTESIAN_POINT('',(-6.389094865846,2.241926480376));
#3643 = CARTESIAN_POINT('',(-6.40486986339,2.239043767179));
#3644 = CARTESIAN_POINT('',(-6.450797294265,2.23065101715));
#3645 = CARTESIAN_POINT('',(-6.497085596232,2.221179928132));
#3646 = CARTESIAN_POINT('',(-6.543408988133,2.210712361439));
#3647 = CARTESIAN_POINT('',(-6.591230589503,2.199906248562));
#3648 = CARTESIAN_POINT('',(-6.639089297005,2.188038184637));
#3649 = CARTESIAN_POINT('',(-6.686620806372,2.175254705276));
#3650 = CARTESIAN_POINT('',(-6.725513093376,2.164794722944));
#3651 = CARTESIAN_POINT('',(-6.764186125028,2.153723029927));
#3652 = CARTESIAN_POINT('',(-6.802439693762,2.142145756044));
#3653 = CARTESIAN_POINT('',(-6.875362439318,2.120076008684));
#3654 = CARTESIAN_POINT('',(-6.947607252741,2.095924019943));
#3655 = CARTESIAN_POINT('',(-7.019220009112,2.069878318286));
#3656 = CARTESIAN_POINT('',(-7.090832765483,2.043832616629));
#3657 = CARTESIAN_POINT('',(-7.161813899634,2.015892687505));
#3658 = CARTESIAN_POINT('',(-7.232222559076,1.986191543693));
#3659 = ( GEOMETRIC_REPRESENTATION_CONTEXT(2) 
PARAMETRIC_REPRESENTATION_CONTEXT() REPRESENTATION_CONTEXT('2D SPACE',''
  ) );
#3660 = PCURVE('',#3661,#3698);
#3661 = B_SPLINE_SURFACE_WITH_KNOTS('',3,3,(
    (#3662,#3663,#3664,#3665,#3666,#3667)
    ,(#3668,#3669,#3670,#3671,#3672,#3673)
    ,(#3674,#3675,#3676,#3677,#3678,#3679)
    ,(#3680,#3681,#3682,#3683,#3684,#3685)
    ,(#3686,#3687,#3688,#3689,#3690,#3691)
    ,(#3692,#3693,#3694,#3695,#3696,#3697
    )),.UNSPECIFIED.,.F.,.F.,.F.,(4,2,4),(4,2,4),(0.,0.524107125,1.),(0.
    ,0.5,0.625),.UNSPECIFIED.);
#3662 = CARTESIAN_POINT('',(3.805531664,33.521232888,-9.4));
#3663 = CARTESIAN_POINT('',(4.339869818,33.969965408,-8.066666667));
#3664 = CARTESIAN_POINT('',(4.793119764,34.514612148,-6.733333333));
#3665 = CARTESIAN_POINT('',(5.223926374,35.272920731,-5.066666667));
#3666 = CARTESIAN_POINT('',(5.303283789,35.42842909,-4.733333333));
#3667 = CARTESIAN_POINT('',(5.375602244,35.587143462,-4.4));
#3668 = CARTESIAN_POINT('',(4.0204874,33.306182467,-9.4));
#3669 = CARTESIAN_POINT('',(4.58150318,33.781892513,-8.066666667));
#3670 = CARTESIAN_POINT('',(5.054592551,34.355078654,-6.733333333));
#3671 = CARTESIAN_POINT('',(5.504034289,35.154305265,-5.066666667));
#3672 = CARTESIAN_POINT('',(5.586786924,35.318280086,-4.733333333));
#3673 = CARTESIAN_POINT('',(5.662137952,35.485622299,-4.4));
#3674 = CARTESIAN_POINT('',(4.354816917,33.163195413,-9.4));
#3675 = CARTESIAN_POINT('',(4.931538868,33.677183546,-8.066666667));
#3676 = CARTESIAN_POINT('',(5.415466848,34.294393723,-6.733333333));
#3677 = CARTESIAN_POINT('',(5.867772928,35.147230926,-5.066666667));
#3678 = CARTESIAN_POINT('',(5.950548774,35.321867791,-4.733333333));
#3679 = CARTESIAN_POINT('',(6.025420633,35.499838672,-4.4));
#3680 = CARTESIAN_POINT('',(4.91098697,32.989583555,-9.4));
#3681 = CARTESIAN_POINT('',(5.508410452,33.56898774,-8.066666667));
#3682 = CARTESIAN_POINT('',(6.001013535,34.255985256,-6.733333333));
#3683 = CARTESIAN_POINT('',(6.448653098,35.195196757,-5.066666667));
#3684 = CARTESIAN_POINT('',(6.529776751,35.387010352,-4.733333333));
#3685 = CARTESIAN_POINT('',(6.602257247,35.582027079,-4.4));
#3686 = CARTESIAN_POINT('',(5.19738863,32.936822581,-9.4));
#3687 = CARTESIAN_POINT('',(5.801255207,33.55102143,-8.066666667));
#3688 = CARTESIAN_POINT('',(6.293879694,34.272295495,-6.733333333));
#3689 = CARTESIAN_POINT('',(6.734068112,35.25385571,-5.066666667));
#3690 = CARTESIAN_POINT('',(6.813300811,35.45413931,-4.733333333));
#3691 = CARTESIAN_POINT('',(6.883516409,35.65754791,-4.4));
#3692 = CARTESIAN_POINT('',(5.496401184,32.911608322,-9.4));
#3693 = CARTESIAN_POINT('',(6.103011459,33.560594645,-8.066666667));
#3694 = CARTESIAN_POINT('',(6.592445201,34.318385352,-6.733333333));
#3695 = CARTESIAN_POINT('',(7.020787839,35.342781795,-5.066666667));
#3696 = CARTESIAN_POINT('',(7.097267866,35.551480667,-4.733333333));
#3697 = CARTESIAN_POINT('',(7.164360434,35.763153442,-4.4));
#3698 = DEFINITIONAL_REPRESENTATION('',(#3699),#3702);
#3699 = B_SPLINE_CURVE_WITH_KNOTS('',1,(#3700,#3701),.UNSPECIFIED.,.F.,
  .F.,(2,2),(0.,1.814584E-03),.PIECEWISE_BEZIER_KNOTS.);
#3700 = CARTESIAN_POINT('',(-4.889874812808E-15,2.977474581167E-16));
#3701 = CARTESIAN_POINT('',(1.,-1.140506216561E-16));
#3702 = ( GEOMETRIC_REPRESENTATION_CONTEXT(2) 
PARAMETRIC_REPRESENTATION_CONTEXT() REPRESENTATION_CONTEXT('2D SPACE',''
  ) );
#3703 = ORIENTED_EDGE('',*,*,#3704,.F.);
#3704 = EDGE_CURVE('',#3705,#3560,#3707,.T.);
#3705 = VERTEX_POINT('',#3706);
#3706 = CARTESIAN_POINT('',(3.393147341,34.01196801,-9.4));
#3707 = SURFACE_CURVE('',#3708,(#3712,#3719),.PCURVE_S1.);
#3708 = LINE('',#3709,#3710);
#3709 = CARTESIAN_POINT('',(3.393147341,34.01196801,-9.4));
#3710 = VECTOR('',#3711,1.);
#3711 = DIRECTION('',(0.643344658948,-0.765576677938,0.));
#3712 = PCURVE('',#66,#3713);
#3713 = DEFINITIONAL_REPRESENTATION('',(#3714),#3718);
#3714 = LINE('',#3715,#3716);
#3715 = CARTESIAN_POINT('',(-4.858521109047,1.989289478258));
#3716 = VECTOR('',#3717,1.);
#3717 = DIRECTION('',(-0.925432592296,0.37891228156));
#3718 = ( GEOMETRIC_REPRESENTATION_CONTEXT(2) 
PARAMETRIC_REPRESENTATION_CONTEXT() REPRESENTATION_CONTEXT('2D SPACE',''
  ) );
#3719 = PCURVE('',#3720,#3757);
#3720 = B_SPLINE_SURFACE_WITH_KNOTS('',3,3,(
    (#3721,#3722,#3723,#3724,#3725,#3726)
    ,(#3727,#3728,#3729,#3730,#3731,#3732)
    ,(#3733,#3734,#3735,#3736,#3737,#3738)
    ,(#3739,#3740,#3741,#3742,#3743,#3744)
    ,(#3745,#3746,#3747,#3748,#3749,#3750)
    ,(#3751,#3752,#3753,#3754,#3755,#3756
    )),.UNSPECIFIED.,.F.,.F.,.F.,(4,2,4),(4,2,4),(0.134784007,
    0.134952654,1.000000874486),(-8.875023494155E-07,0.5,0.625024091699)
  ,.UNSPECIFIED.);
#3721 = CARTESIAN_POINT('',(3.393064408305,34.012061553547,
    -9.400007100019));
#3722 = CARTESIAN_POINT('',(3.86925092107,34.411958308925,
    -8.066671400346));
#3723 = CARTESIAN_POINT('',(4.27317471483,34.897331047389,
    -6.733335699673));
#3724 = CARTESIAN_POINT('',(4.657111233901,35.573138593122,
    -5.06660242247));
#3725 = CARTESIAN_POINT('',(4.727844479316,35.711750129775,
    -4.73320484394));
#3726 = CARTESIAN_POINT('',(4.792302356111,35.853219785783,
    -4.399807266411));
#3727 = CARTESIAN_POINT('',(3.393091207285,34.01202966253,
    -9.400007100019));
#3728 = CARTESIAN_POINT('',(3.869281501058,34.411929589911,
    -8.066671400346));
#3729 = CARTESIAN_POINT('',(4.273208496826,34.897306181382,
    -6.733335699673));
#3730 = CARTESIAN_POINT('',(4.657148062019,35.573119089328,
    -5.06660242247));
#3731 = CARTESIAN_POINT('',(4.727881869532,35.711731725198,
    -4.73320484394));
#3732 = CARTESIAN_POINT('',(4.792340257407,35.853202504433,
    -4.399807266411));
#3733 = CARTESIAN_POINT('',(3.393118006265,34.011997771513,
    -9.400007100019));
#3734 = CARTESIAN_POINT('',(3.869312080047,34.411900870898,
    -8.066671400346));
#3735 = CARTESIAN_POINT('',(4.273242279822,34.897281314374,
    -6.733335699673));
#3736 = CARTESIAN_POINT('',(4.657184891136,35.573099584535,
    -5.06660242247));
#3737 = CARTESIAN_POINT('',(4.727919259749,35.711713320623,
    -4.73320484394));
#3738 = CARTESIAN_POINT('',(4.792378159703,35.853185222081,
    -4.399807266411));
#3739 = CARTESIAN_POINT('',(3.530606284025,33.84838725204,
    -9.400007100019));
#3740 = CARTESIAN_POINT('',(4.026193650631,34.264562366596,
    -8.066671400346));
#3741 = CARTESIAN_POINT('',(4.446557056409,34.769708615453,
    -6.733335699673));
#3742 = CARTESIAN_POINT('',(4.84612844536,35.473036761267,-5.06660242247
    ));
#3743 = CARTESIAN_POINT('',(4.919742847466,35.617292671216,
    -4.73320484394));
#3744 = CARTESIAN_POINT('',(4.986826528544,35.76452304403,
    -4.399807266411));
#3745 = CARTESIAN_POINT('',(3.668067762901,33.684808623512,
    -9.400007100019));
#3746 = CARTESIAN_POINT('',(4.183026678116,34.117266067401,
    -8.066671400346));
#3747 = CARTESIAN_POINT('',(4.619841089004,34.642155752525,
    -6.733335699673));
#3748 = CARTESIAN_POINT('',(5.035039983544,35.372991533908,
    -5.06660242247));
#3749 = CARTESIAN_POINT('',(5.111532456433,35.522889520771,
    -4.73320484394));
#3750 = CARTESIAN_POINT('',(5.181238431952,35.675878263921,
    -4.399807266411));
#3751 = CARTESIAN_POINT('',(3.80552924173,33.52122999502,-9.400007100019
    ));
#3752 = CARTESIAN_POINT('',(4.339868691693,33.969963021123,
    -8.066671400346));
#3753 = CARTESIAN_POINT('',(4.793121058586,34.514609679628,
    -6.733335699673));
#3754 = CARTESIAN_POINT('',(5.223945052611,35.272948861397,
    -5.06660242247));
#3755 = CARTESIAN_POINT('',(5.303316379682,35.428488022983,
    -4.73320484394));
#3756 = CARTESIAN_POINT('',(5.375645934086,35.587234324344,
    -4.399807266411));
#3757 = DEFINITIONAL_REPRESENTATION('',(#3758),#3761);
#3758 = B_SPLINE_CURVE_WITH_KNOTS('',1,(#3759,#3760),.UNSPECIFIED.,.F.,
  .F.,(2,2),(0.,0.641000616084),.PIECEWISE_BEZIER_KNOTS.);
#3759 = CARTESIAN_POINT('',(0.134952654209,-1.029964308695E-11));
#3760 = CARTESIAN_POINT('',(0.999999986984,-1.742133024818E-11));
#3761 = ( GEOMETRIC_REPRESENTATION_CONTEXT(2) 
PARAMETRIC_REPRESENTATION_CONTEXT() REPRESENTATION_CONTEXT('2D SPACE',''
  ) );
#3762 = ORIENTED_EDGE('',*,*,#3763,.F.);
#3763 = EDGE_CURVE('',#3764,#3705,#3766,.T.);
#3764 = VERTEX_POINT('',#3765);
#3765 = CARTESIAN_POINT('',(2.57602782,33.447944649,-9.4));
#3766 = SURFACE_CURVE('',#3767,(#3772,#3779),.PCURVE_S1.);
#3767 = CIRCLE('',#3768,5.25);
#3768 = AXIS2_PLACEMENT_3D('',#3769,#3770,#3771);
#3769 = CARTESIAN_POINT('',(1.5587882E-02,38.031245569,-9.4));
#3770 = DIRECTION('',(0.,0.,1.));
#3771 = DIRECTION('',(-0.885458521217,0.464718417114,0.));
#3772 = PCURVE('',#66,#3773);
#3773 = DEFINITIONAL_REPRESENTATION('',(#3774),#3778);
#3774 = CIRCLE('',#3775,5.25);
#3775 = AXIS2_PLACEMENT_2D('',#3776,#3777);
#3776 = CARTESIAN_POINT('',(0.,0.));
#3777 = DIRECTION('',(1.,0.));
#3778 = ( GEOMETRIC_REPRESENTATION_CONTEXT(2) 
PARAMETRIC_REPRESENTATION_CONTEXT() REPRESENTATION_CONTEXT('2D SPACE',''
  ) );
#3779 = PCURVE('',#3780,#3785);
#3780 = CYLINDRICAL_SURFACE('',#3781,5.25);
#3781 = AXIS2_PLACEMENT_3D('',#3782,#3783,#3784);
#3782 = CARTESIAN_POINT('',(1.5587882E-02,38.031245569,-9.4));
#3783 = DIRECTION('',(0.,0.,1.));
#3784 = DIRECTION('',(0.8188761672,-0.57397022814,0.));
#3785 = DEFINITIONAL_REPRESENTATION('',(#3786),#3790);
#3786 = LINE('',#3787,#3788);
#3787 = CARTESIAN_POINT('',(3.269622127075,0.));
#3788 = VECTOR('',#3789,1.);
#3789 = DIRECTION('',(1.,0.));
#3790 = ( GEOMETRIC_REPRESENTATION_CONTEXT(2) 
PARAMETRIC_REPRESENTATION_CONTEXT() REPRESENTATION_CONTEXT('2D SPACE',''
  ) );
#3791 = ORIENTED_EDGE('',*,*,#3792,.F.);
#3792 = EDGE_CURVE('',#3793,#3764,#3795,.T.);
#3793 = VERTEX_POINT('',#3794);
#3794 = CARTESIAN_POINT('',(2.888645644,32.888344895,-9.4));
#3795 = SURFACE_CURVE('',#3796,(#3800,#3807),.PCURVE_S1.);
#3796 = LINE('',#3797,#3798);
#3797 = CARTESIAN_POINT('',(2.888645644,32.888344895,-9.4));
#3798 = VECTOR('',#3799,1.);
#3799 = DIRECTION('',(-0.487702845105,0.873009699188,0.));
#3800 = PCURVE('',#66,#3801);
#3801 = DEFINITIONAL_REPRESENTATION('',(#3802),#3806);
#3802 = LINE('',#3803,#3804);
#3803 = CARTESIAN_POINT('',(-4.933974137905,3.218662370132));
#3804 = VECTOR('',#3805,1.);
#3805 = DIRECTION('',(0.837544325552,-0.546369383052));
#3806 = ( GEOMETRIC_REPRESENTATION_CONTEXT(2) 
PARAMETRIC_REPRESENTATION_CONTEXT() REPRESENTATION_CONTEXT('2D SPACE',''
  ) );
#3807 = PCURVE('',#3808,#3845);
#3808 = B_SPLINE_SURFACE_WITH_KNOTS('',3,3,(
    (#3809,#3810,#3811,#3812,#3813,#3814)
    ,(#3815,#3816,#3817,#3818,#3819,#3820)
    ,(#3821,#3822,#3823,#3824,#3825,#3826)
    ,(#3827,#3828,#3829,#3830,#3831,#3832)
    ,(#3833,#3834,#3835,#3836,#3837,#3838)
    ,(#3839,#3840,#3841,#3842,#3843,#3844
    )),.UNSPECIFIED.,.F.,.F.,.F.,(4,2,4),(4,2,4),(-9.934396500999E-07,
    0.865047346,0.86522026749),(-4.038823510052E-06,0.5,0.625004038824),
  .UNSPECIFIED.);
#3809 = CARTESIAN_POINT('',(2.888631238687,32.888336010576,
    -9.400032310588));
#3810 = CARTESIAN_POINT('',(3.497903616052,33.228443795937,
    -8.066688207392));
#3811 = CARTESIAN_POINT('',(4.045598811859,33.678015279515,
    -6.733344103196));
#3812 = CARTESIAN_POINT('',(4.611477571022,34.341663282471,
    -5.066655896804));
#3813 = CARTESIAN_POINT('',(4.718696810107,34.479454780127,
    -4.733311792608));
#3814 = CARTESIAN_POINT('',(4.81960599331,34.621720540559,
    -4.399967689412));
#3815 = CARTESIAN_POINT('',(2.784425713518,33.074869774725,
    -9.400032310588));
#3816 = CARTESIAN_POINT('',(3.371599728887,33.402641822482,
    -8.066688207392));
#3817 = CARTESIAN_POINT('',(3.899431092625,33.835904373356,
    -6.733344103196));
#3818 = CARTESIAN_POINT('',(4.444786604983,34.475483242608,
    -5.066655896804));
#3819 = CARTESIAN_POINT('',(4.548116985928,34.608277286132,
    -4.733311792608));
#3820 = CARTESIAN_POINT('',(4.645366032447,34.745383277444,
    -4.399967689412));
#3821 = CARTESIAN_POINT('',(2.680220187166,33.261403540075,
    -9.400032310588));
#3822 = CARTESIAN_POINT('',(3.245303398937,33.57683153072,
    -8.066688207392));
#3823 = CARTESIAN_POINT('',(3.7532603624,33.993801224254,-6.733344103196
    ));
#3824 = CARTESIAN_POINT('',(4.278089425896,34.609307203738,
    -5.066655896804));
#3825 = CARTESIAN_POINT('',(4.377531562766,34.737102736082,
    -4.733311792608));
#3826 = CARTESIAN_POINT('',(4.471121611677,34.869047892231,
    -4.399967689412));
#3827 = CARTESIAN_POINT('',(2.575993831419,33.447974592386,
    -9.400032310588));
#3828 = CARTESIAN_POINT('',(3.118966714964,33.751072691282,
    -8.066688207392));
#3829 = CARTESIAN_POINT('',(3.607062749895,34.151723801632,
    -6.733344103196));
#3830 = CARTESIAN_POINT('',(4.111363633792,34.743154861403,
    -5.066655896804));
#3831 = CARTESIAN_POINT('',(4.206915546014,34.865952156216,
    -4.733311792608));
#3832 = CARTESIAN_POINT('',(4.296844088243,34.992736846362,
    -4.399967689412));
#3833 = CARTESIAN_POINT('',(2.575973001783,33.448011879685,
    -9.400032310588));
#3834 = CARTESIAN_POINT('',(3.118941465208,33.751107514104,
    -8.066688207392));
#3835 = CARTESIAN_POINT('',(3.607033531714,34.151755364213,
    -6.733344103196));
#3836 = CARTESIAN_POINT('',(4.111330311655,34.743181611924,
    -5.066655896804));
#3837 = CARTESIAN_POINT('',(4.206881447578,34.86597790841,
    -4.733311792608));
#3838 = CARTESIAN_POINT('',(4.296809257796,34.992761566565,
    -4.399967689412));
#3839 = CARTESIAN_POINT('',(2.575952170807,33.44804916829,
    -9.400032310588));
#3840 = CARTESIAN_POINT('',(3.11891621548,33.751142338252,
    -8.066688207392));
#3841 = CARTESIAN_POINT('',(3.607004312214,34.151786925485,
    -6.733344103196));
#3842 = CARTESIAN_POINT('',(4.11129699084,34.743208362447,
    -5.066655896804));
#3843 = CARTESIAN_POINT('',(4.206847347825,34.866003659285,
    -4.733311792608));
#3844 = CARTESIAN_POINT('',(4.296774427322,34.992786286771,
    -4.399967689412));
#3845 = DEFINITIONAL_REPRESENTATION('',(#3846),#3849);
#3846 = B_SPLINE_CURVE_WITH_KNOTS('',1,(#3847,#3848),.UNSPECIFIED.,.F.,
  .F.,(2,2),(0.,0.641000615101),.PIECEWISE_BEZIER_KNOTS.);
#3847 = CARTESIAN_POINT('',(-1.641577280733E-15,3.898283994986E-16));
#3848 = CARTESIAN_POINT('',(0.865047345081,1.354541939472E-11));
#3849 = ( GEOMETRIC_REPRESENTATION_CONTEXT(2) 
PARAMETRIC_REPRESENTATION_CONTEXT() REPRESENTATION_CONTEXT('2D SPACE',''
  ) );
#3850 = ORIENTED_EDGE('',*,*,#3851,.F.);
#3851 = EDGE_CURVE('',#3852,#3793,#3854,.T.);
#3852 = VERTEX_POINT('',#3853);
#3853 = CARTESIAN_POINT('',(2.859083223,31.091178261,-9.4));
#3854 = SURFACE_CURVE('',#3855,(#3902,#3952),.PCURVE_S1.);
#3855 = B_SPLINE_CURVE_WITH_KNOTS('',3,(#3856,#3857,#3858,#3859,#3860,
    #3861,#3862,#3863,#3864,#3865,#3866,#3867,#3868,#3869,#3870,#3871,
    #3872,#3873,#3874,#3875,#3876,#3877,#3878,#3879,#3880,#3881,#3882,
    #3883,#3884,#3885,#3886,#3887,#3888,#3889,#3890,#3891,#3892,#3893,
    #3894,#3895,#3896,#3897,#3898,#3899,#3900,#3901),.UNSPECIFIED.,.F.,
  .F.,(4,3,3,3,3,3,3,3,3,3,3,3,3,3,3,4),(0.,2.285805E-04,4.57161E-04,
    6.046180805627E-04,7.471783443969E-04,8.654319273324E-04,9.14322E-04
    ,1.02155183475E-03,1.144090979901E-03,1.275125523609E-03,
    1.371483E-03,1.479644623892E-03,1.575642824936E-03,
    1.666569943055E-03,1.750796258428E-03,1.828643E-03),.UNSPECIFIED.);
#3856 = CARTESIAN_POINT('',(2.859083223,31.091178261,-9.4));
#3857 = CARTESIAN_POINT('',(2.880081326135,31.164656323485,-9.4));
#3858 = CARTESIAN_POINT('',(2.899263844513,31.238497473113,-9.4));
#3859 = CARTESIAN_POINT('',(2.916490551594,31.312745458288,
    -9.399999999026));
#3860 = CARTESIAN_POINT('',(2.933717258675,31.386993443463,
    -9.399999998051));
#3861 = CARTESIAN_POINT('',(2.948988618196,31.461648762222,
    -9.399999996102));
#3862 = CARTESIAN_POINT('',(2.962110416654,31.536735061534,
    -9.399999992205));
#3863 = CARTESIAN_POINT('',(2.970575277359,31.585173167526,
    -9.39999998969));
#3864 = CARTESIAN_POINT('',(2.978200852746,31.634140892165,
    -9.399999989609));
#3865 = CARTESIAN_POINT('',(2.984841698304,31.683245517204,
    -9.399999990653));
#3866 = CARTESIAN_POINT('',(2.991262011871,31.730719455209,
    -9.399999991662));
#3867 = CARTESIAN_POINT('',(2.996761833602,31.778321045716,
    -9.399999993722));
#3868 = CARTESIAN_POINT('',(3.001257269934,31.825702977584,
    -9.399999995653));
#3869 = CARTESIAN_POINT('',(3.004986229455,31.865006238248,
    -9.399999997254));
#3870 = CARTESIAN_POINT('',(3.008024886613,31.904158406271,
    -9.399999998766));
#3871 = CARTESIAN_POINT('',(3.010351930863,31.942967613161,
    -9.399999999513));
#3872 = CARTESIAN_POINT('',(3.011314010486,31.959012665649,
    -9.399999999822));
#3873 = CARTESIAN_POINT('',(3.012181907476,31.975194052152,-9.4));
#3874 = CARTESIAN_POINT('',(3.012945067314,31.991476760059,-9.4));
#3875 = CARTESIAN_POINT('',(3.014618893899,32.027189369651,-9.4));
#3876 = CARTESIAN_POINT('',(3.015772513886,32.063028544861,-9.4));
#3877 = CARTESIAN_POINT('',(3.016342208478,32.098883619741,
    -9.399999999991));
#3878 = CARTESIAN_POINT('',(3.016993238934,32.139857759404,
    -9.399999999981));
#3879 = CARTESIAN_POINT('',(3.016882793931,32.180853284812,
    -9.399999999959));
#3880 = CARTESIAN_POINT('',(3.015907296633,32.221772571611,
    -9.399999999913));
#3881 = CARTESIAN_POINT('',(3.014864170021,32.265528712294,
    -9.399999999863));
#3882 = CARTESIAN_POINT('',(3.012833531496,32.309199905509,
    -9.399999999784));
#3883 = CARTESIAN_POINT('',(3.009657472915,32.352714944708,
    -9.399999999661));
#3884 = CARTESIAN_POINT('',(3.007321928553,32.384714135484,
    -9.399999999571));
#3885 = CARTESIAN_POINT('',(3.004366435196,32.416630101583,
    -9.399999999456));
#3886 = CARTESIAN_POINT('',(3.000710349108,32.448438036782,
    -9.399999999311));
#3887 = CARTESIAN_POINT('',(2.996606378942,32.484142561773,
    -9.399999999148));
#3888 = CARTESIAN_POINT('',(2.991633425414,32.519609027216,
    -9.399999999101));
#3889 = CARTESIAN_POINT('',(2.985649169427,32.554859755642,
    -9.399999999124));
#3890 = CARTESIAN_POINT('',(2.980337878891,32.586146328389,
    -9.399999999144));
#3891 = CARTESIAN_POINT('',(2.974229799276,32.61726359544,
    -9.399999999219));
#3892 = CARTESIAN_POINT('',(2.967189813462,32.648207098047,
    -9.399999999318));
#3893 = CARTESIAN_POINT('',(2.960521713281,32.677516017234,
    -9.399999999412));
#3894 = CARTESIAN_POINT('',(2.953017727319,32.706669600561,
    -9.399999999526));
#3895 = CARTESIAN_POINT('',(2.944528470149,32.7356367082,-9.399999999634
    ));
#3896 = CARTESIAN_POINT('',(2.936664822136,32.762469107532,
    -9.399999999734));
#3897 = CARTESIAN_POINT('',(2.927955762776,32.789141767665,
    -9.399999999829));
#3898 = CARTESIAN_POINT('',(2.918251233896,32.815600467618,
    -9.399999999897));
#3899 = CARTESIAN_POINT('',(2.90928175745,32.84005509998,-9.39999999996)
  );
#3900 = CARTESIAN_POINT('',(2.899461854747,32.864327082284,-9.4));
#3901 = CARTESIAN_POINT('',(2.888645644,32.888344895,-9.4));
#3902 = PCURVE('',#66,#3903);
#3903 = DEFINITIONAL_REPRESENTATION('',(#3904),#3951);
#3904 = B_SPLINE_CURVE_WITH_KNOTS('',3,(#3905,#3906,#3907,#3908,#3909,
    #3910,#3911,#3912,#3913,#3914,#3915,#3916,#3917,#3918,#3919,#3920,
    #3921,#3922,#3923,#3924,#3925,#3926,#3927,#3928,#3929,#3930,#3931,
    #3932,#3933,#3934,#3935,#3936,#3937,#3938,#3939,#3940,#3941,#3942,
    #3943,#3944,#3945,#3946,#3947,#3948,#3949,#3950),.UNSPECIFIED.,.F.,
  .F.,(4,3,3,3,3,3,3,3,3,3,3,3,3,3,3,4),(0.,2.285805E-04,4.57161E-04,
    6.046180805627E-04,7.471783443969E-04,8.654319273324E-04,9.14322E-04
    ,1.02155183475E-03,1.144090979901E-03,1.275125523609E-03,
    1.371483E-03,1.479644623892E-03,1.575642824936E-03,
    1.666569943055E-03,1.750796258428E-03,1.828643E-03),.UNSPECIFIED.);
#3905 = CARTESIAN_POINT('',(-5.742974273765,4.823717081746));
#3906 = CARTESIAN_POINT('',(-5.727420614225,4.748897099945));
#3907 = CARTESIAN_POINT('',(-5.710090596408,4.674599355214));
#3908 = CARTESIAN_POINT('',(-5.690839724841,4.600850276011));
#3909 = CARTESIAN_POINT('',(-5.671588853274,4.527101196807));
#3910 = CARTESIAN_POINT('',(-5.65041730713,4.453900126634));
#3911 = CARTESIAN_POINT('',(-5.627142129225,4.381316381673));
#3912 = CARTESIAN_POINT('',(-5.612127332322,4.334492671303));
#3913 = CARTESIAN_POINT('',(-5.596123259543,4.287590036933));
#3914 = CARTESIAN_POINT('',(-5.57918362921,4.241023805025));
#3915 = CARTESIAN_POINT('',(-5.562806537243,4.196003964125));
#3916 = CARTESIAN_POINT('',(-5.545555065467,4.151298861738));
#3917 = CARTESIAN_POINT('',(-5.527516331497,4.107255014357));
#3918 = CARTESIAN_POINT('',(-5.512553221397,4.070720691124));
#3919 = CARTESIAN_POINT('',(-5.49704909272,4.03464095038));
#3920 = CARTESIAN_POINT('',(-5.481074240685,3.999195587117));
#3921 = CARTESIAN_POINT('',(-5.474469690891,3.984541262548));
#3922 = CARTESIAN_POINT('',(-5.467718389354,3.969809988269));
#3923 = CARTESIAN_POINT('',(-5.460827261491,3.955037671372));
#3924 = CARTESIAN_POINT('',(-5.445713058102,3.922637778853));
#3925 = CARTESIAN_POINT('',(-5.430079415976,3.890367567316));
#3926 = CARTESIAN_POINT('',(-5.413921343263,3.858354638165));
#3927 = CARTESIAN_POINT('',(-5.395456366401,3.821771191208));
#3928 = CARTESIAN_POINT('',(-5.376307196256,3.785522679731));
#3929 = CARTESIAN_POINT('',(-5.356427487671,3.749743680113));
#3930 = CARTESIAN_POINT('',(-5.335169557886,3.711484192637));
#3931 = CARTESIAN_POINT('',(-5.313076703916,3.673758837595));
#3932 = CARTESIAN_POINT('',(-5.290042195644,3.636704048251));
#3933 = CARTESIAN_POINT('',(-5.273103554701,3.609455462586));
#3934 = CARTESIAN_POINT('',(-5.255654650678,3.582568670635));
#3935 = CARTESIAN_POINT('',(-5.237635604799,3.55610311391));
#3936 = CARTESIAN_POINT('',(-5.217409159108,3.52639542853));
#3937 = CARTESIAN_POINT('',(-5.196523895349,3.497302367578));
#3938 = CARTESIAN_POINT('',(-5.174843422176,3.468870303685));
#3939 = CARTESIAN_POINT('',(-5.155601048148,3.443635595777));
#3940 = CARTESIAN_POINT('',(-5.135731829916,3.418921083599));
#3941 = CARTESIAN_POINT('',(-5.115118198936,3.394793506604));
#3942 = CARTESIAN_POINT('',(-5.095593478279,3.371940463323));
#3943 = CARTESIAN_POINT('',(-5.075400802868,3.349613415021));
#3944 = CARTESIAN_POINT('',(-5.054422369358,3.327909356881));
#3945 = CARTESIAN_POINT('',(-5.034989925073,3.307804762306));
#3946 = CARTESIAN_POINT('',(-5.014883137854,3.288234488387));
#3947 = CARTESIAN_POINT('',(-4.993994334901,3.269316280354));
#3948 = CARTESIAN_POINT('',(-4.974687717509,3.251830998642));
#3949 = CARTESIAN_POINT('',(-4.954712963786,3.234902654724));
#3950 = CARTESIAN_POINT('',(-4.933974137905,3.218662370132));
#3951 = ( GEOMETRIC_REPRESENTATION_CONTEXT(2) 
PARAMETRIC_REPRESENTATION_CONTEXT() REPRESENTATION_CONTEXT('2D SPACE',''
  ) );
#3952 = PCURVE('',#3953,#3990);
#3953 = B_SPLINE_SURFACE_WITH_KNOTS('',3,3,(
    (#3954,#3955,#3956,#3957,#3958,#3959)
    ,(#3960,#3961,#3962,#3963,#3964,#3965)
    ,(#3966,#3967,#3968,#3969,#3970,#3971)
    ,(#3972,#3973,#3974,#3975,#3976,#3977)
    ,(#3978,#3979,#3980,#3981,#3982,#3983)
    ,(#3984,#3985,#3986,#3987,#3988,#3989
    )),.UNSPECIFIED.,.F.,.F.,.F.,(4,2,4),(4,2,4),(0.,0.475892875,1.),(0.
    ,0.5,0.625),.UNSPECIFIED.);
#3954 = CARTESIAN_POINT('',(2.859083223,31.091178261,-9.4));
#3955 = CARTESIAN_POINT('',(3.681215998,31.427714998,-8.066666667));
#3956 = CARTESIAN_POINT('',(4.442290897,31.912027118,-6.733333333));
#3957 = CARTESIAN_POINT('',(5.259131542,32.664117595,-5.066666667));
#3958 = CARTESIAN_POINT('',(5.415743751,32.821842376,-4.733333333));
#3959 = CARTESIAN_POINT('',(5.565066496,32.986188216,-4.4));
#3960 = CARTESIAN_POINT('',(2.941535695,31.379701841,-9.4));
#3961 = CARTESIAN_POINT('',(3.728841896,31.725841668,-8.066666667));
#3962 = CARTESIAN_POINT('',(4.454662718,32.213972175,-6.733333333));
#3963 = CARTESIAN_POINT('',(5.227197027,32.962585245,-5.066666667));
#3964 = CARTESIAN_POINT('',(5.374949745,33.119197266,-4.733333333));
#3965 = CARTESIAN_POINT('',(5.515471387,33.28203946,-4.4));
#3966 = CARTESIAN_POINT('',(2.993756481,31.666197574,-9.4));
#3967 = CARTESIAN_POINT('',(3.748101211,32.018535627,-8.066666667));
#3968 = CARTESIAN_POINT('',(4.437852537,32.506736029,-6.733333333));
#3969 = CARTESIAN_POINT('',(5.168034852,33.2479081,-5.066666667));
#3970 = CARTESIAN_POINT('',(5.307421704,33.402671971,-4.733333333));
#3971 = CARTESIAN_POINT('',(5.439682429,33.563298966,-4.4));
#3972 = CARTESIAN_POINT('',(3.028628719,32.247778122,-9.4));
#3973 = CARTESIAN_POINT('',(3.713377529,32.604685674,-8.066666667));
#3974 = CARTESIAN_POINT('',(4.334456318,33.084171403,-6.733333333));
#3975 = CARTESIAN_POINT('',(4.981855543,33.800265351,-5.066666667));
#3976 = CARTESIAN_POINT('',(5.104909976,33.949269819,-4.733333333));
#3977 = CARTESIAN_POINT('',(5.221134688,34.103426273,-4.4));
#3978 = CARTESIAN_POINT('',(3.013499904,32.6111012,-9.4));
#3979 = CARTESIAN_POINT('',(3.653947357,32.964987366,-8.066666667));
#3980 = CARTESIAN_POINT('',(4.233389328,33.436292691,-6.733333333));
#3981 = CARTESIAN_POINT('',(4.831371124,34.131405947,-5.066666667));
#3982 = CARTESIAN_POINT('',(4.944656988,34.275687864,-4.733333333));
#3983 = CARTESIAN_POINT('',(5.051309798,34.42468611,-4.4));
#3984 = CARTESIAN_POINT('',(2.888645644,32.888344895,-9.4));
#3985 = CARTESIAN_POINT('',(3.497912029,33.228451659,-8.066666667));
#3986 = CARTESIAN_POINT('',(4.045603629,33.678018302,-6.733333333));
#3987 = CARTESIAN_POINT('',(4.611475245,34.341657928,-5.066666667));
#3988 = CARTESIAN_POINT('',(4.718691108,34.47944492,-4.733333333));
#3989 = CARTESIAN_POINT('',(4.81959726,34.621705937,-4.4));
#3990 = DEFINITIONAL_REPRESENTATION('',(#3991),#3994);
#3991 = B_SPLINE_CURVE_WITH_KNOTS('',1,(#3992,#3993),.UNSPECIFIED.,.F.,
  .F.,(2,2),(0.,1.828643E-03),.PIECEWISE_BEZIER_KNOTS.);
#3992 = CARTESIAN_POINT('',(-6.469579008392E-16,-8.279799941441E-17));
#3993 = CARTESIAN_POINT('',(1.,-3.761959029334E-17));
#3994 = ( GEOMETRIC_REPRESENTATION_CONTEXT(2) 
PARAMETRIC_REPRESENTATION_CONTEXT() REPRESENTATION_CONTEXT('2D SPACE',''
  ) );
#3995 = ORIENTED_EDGE('',*,*,#3996,.F.);
#3996 = EDGE_CURVE('',#3997,#3852,#3999,.T.);
#3997 = VERTEX_POINT('',#3998);
#3998 = CARTESIAN_POINT('',(2.489392984,30.950970976,-9.4));
#3999 = SURFACE_CURVE('',#4000,(#4005,#4012),.PCURVE_S1.);
#4000 = CIRCLE('',#4001,7.499993284454);
#4001 = AXIS2_PLACEMENT_3D('',#4002,#4003,#4004);
#4002 = CARTESIAN_POINT('',(1.55902627898E-02,38.031239287539,-9.4));
#4003 = DIRECTION('',(0.,0.,1.));
#4004 = DIRECTION('',(0.379132734172,-0.925342298762,0.));
#4005 = PCURVE('',#66,#4006);
#4006 = DEFINITIONAL_REPRESENTATION('',(#4007),#4011);
#4007 = CIRCLE('',#4008,7.499993284454);
#4008 = AXIS2_PLACEMENT_2D('',#4009,#4010);
#4009 = CARTESIAN_POINT('',(-5.027200998128E-06,4.455575857361E-06));
#4010 = DIRECTION('',(-0.765729918514,0.643162259381));
#4011 = ( GEOMETRIC_REPRESENTATION_CONTEXT(2) 
PARAMETRIC_REPRESENTATION_CONTEXT() REPRESENTATION_CONTEXT('2D SPACE',''
  ) );
#4012 = PCURVE('',#4013,#4050);
#4013 = B_SPLINE_SURFACE_WITH_KNOTS('',3,3,(
    (#4014,#4015,#4016,#4017,#4018,#4019)
    ,(#4020,#4021,#4022,#4023,#4024,#4025)
    ,(#4026,#4027,#4028,#4029,#4030,#4031)
    ,(#4032,#4033,#4034,#4035,#4036,#4037)
    ,(#4038,#4039,#4040,#4041,#4042,#4043)
    ,(#4044,#4045,#4046,#4047,#4048,#4049
    )),.UNSPECIFIED.,.F.,.F.,.F.,(4,2,4),(4,2,4),(0.,0.5,1.),(0.,0.5,
    0.625000001),.UNSPECIFIED.);
#4014 = CARTESIAN_POINT('',(2.489392984,30.950970976,-9.4));
#4015 = CARTESIAN_POINT('',(3.32811869,31.243713975,-8.066666667));
#4016 = CARTESIAN_POINT('',(4.113658695,31.687245331,-6.733333333));
#4017 = CARTESIAN_POINT('',(4.96899907,32.395243446,-5.066666665));
#4018 = CARTESIAN_POINT('',(5.13370571,32.54449561,-4.73333333));
#4019 = CARTESIAN_POINT('',(5.29148196,32.700743772,-4.399999995));
#4020 = CARTESIAN_POINT('',(2.551609774,30.972709146,-9.4));
#4021 = CARTESIAN_POINT('',(3.387754885,31.272838634,-8.066666667));
#4022 = CARTESIAN_POINT('',(4.169406267,31.723257669,-6.733333333));
#4023 = CARTESIAN_POINT('',(5.018523537,32.438769769,-5.066666665));
#4024 = CARTESIAN_POINT('',(5.181917603,32.589469758,-4.73333333));
#4025 = CARTESIAN_POINT('',(5.338319698,32.74710517,-4.399999995));
#4026 = CARTESIAN_POINT('',(2.613540018,30.995267442,-9.4));
#4027 = CARTESIAN_POINT('',(3.447023849,31.302716945,-8.066666667));
#4028 = CARTESIAN_POINT('',(4.224678775,31.760002673,-6.733333333));
#4029 = CARTESIAN_POINT('',(5.06747683,32.482951574,-5.066666665));
#4030 = CARTESIAN_POINT('',(5.229541257,32.635081134,-4.73333333));
#4031 = CARTESIAN_POINT('',(5.384553151,32.794084039,-4.399999995));
#4032 = CARTESIAN_POINT('',(2.736784372,31.042008617,-9.4));
#4033 = CARTESIAN_POINT('',(3.564736301,31.364057575,-8.066666667));
#4034 = CARTESIAN_POINT('',(4.334233442,31.834938393,-6.733333333));
#4035 = CARTESIAN_POINT('',(5.164197542,32.572585509,-5.066666665));
#4036 = CARTESIAN_POINT('',(5.323563671,32.727539553,-4.73333333));
#4037 = CARTESIAN_POINT('',(5.475757555,32.889242033,-4.399999995));
#4038 = CARTESIAN_POINT('',(2.798098482,31.066191497,-9.4));
#4039 = CARTESIAN_POINT('',(3.623179789,31.395519894,-8.066666667));
#4040 = CARTESIAN_POINT('',(4.388521384,31.873130431,-6.733333333));
#4041 = CARTESIAN_POINT('',(5.211968435,32.618041605,-5.066666665));
#4042 = CARTESIAN_POINT('',(5.369965428,32.774390611,-4.73333333));
#4043 = CARTESIAN_POINT('',(5.52073105,32.937424949,-4.399999995));
#4044 = CARTESIAN_POINT('',(2.859083223,31.091178261,-9.4));
#4045 = CARTESIAN_POINT('',(3.681215998,31.427714998,-8.066666667));
#4046 = CARTESIAN_POINT('',(4.442290488,31.91202769,-6.733333333));
#4047 = CARTESIAN_POINT('',(5.259131054,32.664118095,-5.066666665));
#4048 = CARTESIAN_POINT('',(5.415743286,32.821842837,-4.73333333));
#4049 = CARTESIAN_POINT('',(5.565066073,32.986188628,-4.399999995));
#4050 = DEFINITIONAL_REPRESENTATION('',(#4051),#4054);
#4051 = B_SPLINE_CURVE_WITH_KNOTS('',1,(#4052,#4053),.UNSPECIFIED.,.F.,
  .F.,(2,2),(6.230461211127,6.28318530718),.PIECEWISE_BEZIER_KNOTS.);
#4052 = CARTESIAN_POINT('',(-3.757349034239E-15,-1.464463876904E-16));
#4053 = CARTESIAN_POINT('',(1.,-9.880471189914E-17));
#4054 = ( GEOMETRIC_REPRESENTATION_CONTEXT(2) 
PARAMETRIC_REPRESENTATION_CONTEXT() REPRESENTATION_CONTEXT('2D SPACE',''
  ) );
#4055 = ORIENTED_EDGE('',*,*,#4056,.F.);
#4056 = EDGE_CURVE('',#4057,#3997,#4059,.T.);
#4057 = VERTEX_POINT('',#4058);
#4058 = CARTESIAN_POINT('',(1.275509041233,32.276552968634,-9.4));
#4059 = SURFACE_CURVE('',#4060,(#4067,#4077),.PCURVE_S1.);
#4060 = B_SPLINE_CURVE_WITH_KNOTS('',3,(#4061,#4062,#4063,#4064,#4065,
    #4066),.UNSPECIFIED.,.F.,.F.,(4,2,4),(-7.894512239835E-16,
    0.524107125,1.),.UNSPECIFIED.);
#4061 = CARTESIAN_POINT('',(1.275509041719,32.276552967906,-9.4));
#4062 = CARTESIAN_POINT('',(1.36590398,31.986240366,-9.4));
#4063 = CARTESIAN_POINT('',(1.595508565,31.704259496,-9.4));
#4064 = CARTESIAN_POINT('',(2.007276126,31.292069152,-9.4));
#4065 = CARTESIAN_POINT('',(2.236348167,31.112255157,-9.4));
#4066 = CARTESIAN_POINT('',(2.489392984,30.950970976,-9.4));
#4067 = PCURVE('',#66,#4068);
#4068 = DEFINITIONAL_REPRESENTATION('',(#4069),#4076);
#4069 = B_SPLINE_CURVE_WITH_KNOTS('',3,(#4070,#4071,#4072,#4073,#4074,
    #4075),.UNSPECIFIED.,.F.,.F.,(4,2,4),(-7.894512239835E-16,
    0.524107125,1.),.UNSPECIFIED.);
#4070 = CARTESIAN_POINT('',(-3.789919563491,4.510033033589));
#4071 = CARTESIAN_POINT('',(-4.004874144693,4.72508460813));
#4072 = CARTESIAN_POINT('',(-4.339221184554,4.868065492988));
#4073 = CARTESIAN_POINT('',(-4.895376724415,5.04168697628));
#4074 = CARTESIAN_POINT('',(-5.181773390223,5.094450814088));
#4075 = CARTESIAN_POINT('',(-5.480785808985,5.119666679677));
#4076 = ( GEOMETRIC_REPRESENTATION_CONTEXT(2) 
PARAMETRIC_REPRESENTATION_CONTEXT() REPRESENTATION_CONTEXT('2D SPACE',''
  ) );
#4077 = PCURVE('',#4078,#4115);
#4078 = B_SPLINE_SURFACE_WITH_KNOTS('',3,3,(
    (#4079,#4080,#4081,#4082,#4083,#4084)
    ,(#4085,#4086,#4087,#4088,#4089,#4090)
    ,(#4091,#4092,#4093,#4094,#4095,#4096)
    ,(#4097,#4098,#4099,#4100,#4101,#4102)
    ,(#4103,#4104,#4105,#4106,#4107,#4108)
    ,(#4109,#4110,#4111,#4112,#4113,#4114
    )),.UNSPECIFIED.,.F.,.F.,.F.,(4,2,4),(4,2,4),(-9.31E-07,0.524107125,
    1.),(0.,0.5,0.62500001),.UNSPECIFIED.);
#4079 = CARTESIAN_POINT('',(1.27550856,32.276554515,-9.4));
#4080 = CARTESIAN_POINT('',(1.957177706,32.425568046,-8.066666667));
#4081 = CARTESIAN_POINT('',(2.611623597,32.697186394,-6.733333333));
#4082 = CARTESIAN_POINT('',(3.34548819,33.168429917,-5.066666641));
#4083 = CARTESIAN_POINT('',(3.488023848,33.269246915,-4.733333282));
#4084 = CARTESIAN_POINT('',(3.625816546,33.376174019,-4.399999923));
#4085 = CARTESIAN_POINT('',(1.365903164282,31.986241367796,-9.4));
#4086 = CARTESIAN_POINT('',(2.083731334676,32.146744567313,-8.066666667)
  );
#4087 = CARTESIAN_POINT('',(2.769004140887,32.434409623691,-6.733333333)
  );
#4088 = CARTESIAN_POINT('',(3.538383896361,32.933227128776,-5.066666641)
  );
#4089 = CARTESIAN_POINT('',(3.687860586686,33.039963359273,-4.733333282)
  );
#4090 = CARTESIAN_POINT('',(3.832348395648,33.153120971044,-4.399999923)
  );
#4091 = CARTESIAN_POINT('',(1.595508181644,31.704259879749,-9.4));
#4092 = CARTESIAN_POINT('',(2.345032258276,31.891357670779,-8.066666667)
  );
#4093 = CARTESIAN_POINT('',(3.060363601929,32.212975129006,-6.733333333)
  );
#4094 = CARTESIAN_POINT('',(3.857194337405,32.757930755786,-5.066666641)
  );
#4095 = CARTESIAN_POINT('',(4.011646129335,32.874097292911,-4.733333282)
  );
#4096 = CARTESIAN_POINT('',(4.160648447931,32.996889354825,-4.399999923)
  );
#4097 = CARTESIAN_POINT('',(2.007276126,31.292069152,-9.4));
#4098 = CARTESIAN_POINT('',(2.805530898,31.527469544,-8.066666667));
#4099 = CARTESIAN_POINT('',(3.560977458,31.906846139,-6.733333333));
#4100 = CARTESIAN_POINT('',(4.393817033,32.530448825,-5.066666641));
#4101 = CARTESIAN_POINT('',(4.554788434,32.66259188,-4.733333282));
#4102 = CARTESIAN_POINT('',(4.709595019,32.801588061,-4.399999923));
#4103 = CARTESIAN_POINT('',(2.236348167,31.112255157,-9.4));
#4104 = CARTESIAN_POINT('',(3.056477904,31.375470437,-8.066666667));
#4105 = CARTESIAN_POINT('',(3.827871587,31.78518359,-6.733333333));
#4106 = CARTESIAN_POINT('',(4.673793573,32.449748473,-5.066666641));
#4107 = CARTESIAN_POINT('',(4.837026897,32.590270226,-4.733333282));
#4108 = CARTESIAN_POINT('',(4.993728058,32.737749582,-4.399999923));
#4109 = CARTESIAN_POINT('',(2.489392984,30.950970976,-9.4));
#4110 = CARTESIAN_POINT('',(3.32811869,31.243713975,-8.066666667));
#4111 = CARTESIAN_POINT('',(4.113658695,31.687245331,-6.733333333));
#4112 = CARTESIAN_POINT('',(4.968999082,32.395243456,-5.066666641));
#4113 = CARTESIAN_POINT('',(5.133705733,32.544495631,-4.733333282));
#4114 = CARTESIAN_POINT('',(5.291481994,32.700743806,-4.399999923));
#4115 = DEFINITIONAL_REPRESENTATION('',(#4116),#4120);
#4116 = LINE('',#4117,#4118);
#4117 = CARTESIAN_POINT('',(8.029564549957E-15,-3.783828574165E-16));
#4118 = VECTOR('',#4119,1.);
#4119 = DIRECTION('',(1.,5.199350285178E-16));
#4120 = ( GEOMETRIC_REPRESENTATION_CONTEXT(2) 
PARAMETRIC_REPRESENTATION_CONTEXT() REPRESENTATION_CONTEXT('2D SPACE',''
  ) );
#4121 = ORIENTED_EDGE('',*,*,#4122,.F.);
#4122 = EDGE_CURVE('',#4123,#4057,#4125,.T.);
#4123 = VERTEX_POINT('',#4124);
#4124 = CARTESIAN_POINT('',(1.13841684,32.90272189,-9.4));
#4125 = SURFACE_CURVE('',#4126,(#4130,#4137),.PCURVE_S1.);
#4126 = LINE('',#4127,#4128);
#4127 = CARTESIAN_POINT('',(1.13841684,32.90272189,-9.4));
#4128 = VECTOR('',#4129,1.);
#4129 = DIRECTION('',(0.213872183025,-0.976861653116,0.));
#4130 = PCURVE('',#66,#4131);
#4131 = DEFINITIONAL_REPRESENTATION('',(#4132),#4136);
#4132 = LINE('',#4133,#4134);
#4133 = CARTESIAN_POINT('',(-3.377537874965,4.019295696781));
#4134 = VECTOR('',#4135,1.);
#4135 = DIRECTION('',(-0.643340548086,0.765580132441));
#4136 = ( GEOMETRIC_REPRESENTATION_CONTEXT(2) 
PARAMETRIC_REPRESENTATION_CONTEXT() REPRESENTATION_CONTEXT('2D SPACE',''
  ) );
#4137 = PCURVE('',#4138,#4175);
#4138 = B_SPLINE_SURFACE_WITH_KNOTS('',3,3,(
    (#4139,#4140,#4141,#4142,#4143,#4144)
    ,(#4145,#4146,#4147,#4148,#4149,#4150)
    ,(#4151,#4152,#4153,#4154,#4155,#4156)
    ,(#4157,#4158,#4159,#4160,#4161,#4162)
    ,(#4163,#4164,#4165,#4166,#4167,#4168)
    ,(#4169,#4170,#4171,#4172,#4173,#4174
    )),.UNSPECIFIED.,.F.,.F.,.F.,(4,2,4),(4,2,4),(0.134779406169,
    0.134952654,1.),(-4.351201833329E-06,0.5,0.625004351193),
  .UNSPECIFIED.);
#4139 = CARTESIAN_POINT('',(1.138373524358,32.902843829431,
    -9.400034809615));
#4140 = CARTESIAN_POINT('',(1.745861180498,33.03563923492,-8.06668987341
    ));
#4141 = CARTESIAN_POINT('',(2.329087386229,33.27770068196,
    -6.733344936205));
#4142 = CARTESIAN_POINT('',(2.983092652482,33.697663391533,
    -5.066655063819));
#4143 = CARTESIAN_POINT('',(3.110120209382,33.78751145543,
    -4.733310126639));
#4144 = CARTESIAN_POINT('',(3.232920768437,33.882804977061,
    -4.399965190458));
#4145 = CARTESIAN_POINT('',(1.13838267689,32.902802027288,
    -9.400034809615));
#4146 = CARTESIAN_POINT('',(1.7458752853,33.035598512911,-8.06668987341)
  );
#4147 = CARTESIAN_POINT('',(2.32910624309,33.277661936049,
    -6.733344936205));
#4148 = CARTESIAN_POINT('',(2.983116841046,33.697628068279,
    -5.066655063819));
#4149 = CARTESIAN_POINT('',(3.110145433073,33.787476863976,
    -4.733310126639));
#4150 = CARTESIAN_POINT('',(3.232946993217,33.882771162457,
    -4.399965190458));
#4151 = CARTESIAN_POINT('',(1.138391828418,32.902760225146,
    -9.400034809615));
#4152 = CARTESIAN_POINT('',(1.745889390103,33.035557790902,
    -8.06668987341));
#4153 = CARTESIAN_POINT('',(2.329125100954,33.277623189135,
    -6.733344936205));
#4154 = CARTESIAN_POINT('',(2.983141029609,33.697592745026,
    -5.066655063819));
#4155 = CARTESIAN_POINT('',(3.110170656764,33.787442272521,
    -4.733310126639));
#4156 = CARTESIAN_POINT('',(3.232973217996,33.882737347852,
    -4.399965190458));
#4157 = CARTESIAN_POINT('',(1.184097735342,32.693995308166,
    -9.400034809615));
#4158 = CARTESIAN_POINT('',(1.816329478857,32.832188514232,
    -8.06668987341));
#4159 = CARTESIAN_POINT('',(2.423301981514,33.08411885623,
    -6.733344936205));
#4160 = CARTESIAN_POINT('',(3.103940403476,33.521183769764,
    -5.066655063819));
#4161 = CARTESIAN_POINT('',(3.2361414524,33.614690176596,-4.733310126639
    ));
#4162 = CARTESIAN_POINT('',(3.363943522746,33.71386366317,
    -4.399965190458));
#4163 = CARTESIAN_POINT('',(1.229794489988,32.4852721938,-9.400034809615
    ));
#4164 = CARTESIAN_POINT('',(1.886745822632,32.628880248032,
    -8.06668987341));
#4165 = CARTESIAN_POINT('',(2.517460549188,32.890647011225,
    -6.733344936205));
#4166 = CARTESIAN_POINT('',(3.224719207801,33.344805833768,
    -5.066655063819));
#4167 = CARTESIAN_POINT('',(3.362089859291,33.441969953234,
    -4.733310126639));
#4168 = CARTESIAN_POINT('',(3.494889144581,33.545022930285,
    -4.399965190458));
#4169 = CARTESIAN_POINT('',(1.275491244509,32.276549078699,
    -9.400034809615));
#4170 = CARTESIAN_POINT('',(1.957166989502,32.425561833511,
    -8.06668987341));
#4171 = CARTESIAN_POINT('',(2.611618482892,32.697183458239,
    -6.733344936205));
#4172 = CARTESIAN_POINT('',(3.345493226098,33.168433524754,
    -5.066655063819));
#4173 = CARTESIAN_POINT('',(3.488033765201,33.269254167789,
    -4.733310126639));
#4174 = CARTESIAN_POINT('',(3.625831044497,33.376185285259,
    -4.399965190458));
#4175 = DEFINITIONAL_REPRESENTATION('',(#4176),#4179);
#4176 = B_SPLINE_CURVE_WITH_KNOTS('',1,(#4177,#4178),.UNSPECIFIED.,.F.,
  .F.,(2,2),(0.,0.641000616009),.PIECEWISE_BEZIER_KNOTS.);
#4177 = CARTESIAN_POINT('',(0.134952653889,-1.941291649015E-11));
#4178 = CARTESIAN_POINT('',(1.00000000055,-1.091222996349E-12));
#4179 = ( GEOMETRIC_REPRESENTATION_CONTEXT(2) 
PARAMETRIC_REPRESENTATION_CONTEXT() REPRESENTATION_CONTEXT('2D SPACE',''
  ) );
#4180 = ORIENTED_EDGE('',*,*,#4181,.F.);
#4181 = EDGE_CURVE('',#4182,#4123,#4184,.T.);
#4182 = VERTEX_POINT('',#4183);
#4183 = CARTESIAN_POINT('',(0.152778711422,32.783038382423,-9.4));
#4184 = SURFACE_CURVE('',#4185,(#4190,#4197),.PCURVE_S1.);
#4185 = CIRCLE('',#4186,5.25);
#4186 = AXIS2_PLACEMENT_3D('',#4187,#4188,#4189);
#4187 = CARTESIAN_POINT('',(1.5587882E-02,38.031245569,-9.4));
#4188 = DIRECTION('',(0.,0.,1.));
#4189 = DIRECTION('',(-0.885458521217,0.464718417114,0.));
#4190 = PCURVE('',#66,#4191);
#4191 = DEFINITIONAL_REPRESENTATION('',(#4192),#4196);
#4192 = CIRCLE('',#4193,5.25);
#4193 = AXIS2_PLACEMENT_2D('',#4194,#4195);
#4194 = CARTESIAN_POINT('',(0.,0.));
#4195 = DIRECTION('',(1.,0.));
#4196 = ( GEOMETRIC_REPRESENTATION_CONTEXT(2) 
PARAMETRIC_REPRESENTATION_CONTEXT() REPRESENTATION_CONTEXT('2D SPACE',''
  ) );
#4197 = PCURVE('',#4198,#4203);
#4198 = CYLINDRICAL_SURFACE('',#4199,5.25);
#4199 = AXIS2_PLACEMENT_3D('',#4200,#4201,#4202);
#4200 = CARTESIAN_POINT('',(1.5587882E-02,38.031245569,-9.4));
#4201 = DIRECTION('',(0.,0.,1.));
#4202 = DIRECTION('',(-0.885458521217,0.464718417114,0.));
#4203 = DEFINITIONAL_REPRESENTATION('',(#4204),#4208);
#4204 = LINE('',#4205,#4206);
#4205 = CARTESIAN_POINT('',(-4.440892098501E-16,0.));
#4206 = VECTOR('',#4207,1.);
#4207 = DIRECTION('',(1.,0.));
#4208 = ( GEOMETRIC_REPRESENTATION_CONTEXT(2) 
PARAMETRIC_REPRESENTATION_CONTEXT() REPRESENTATION_CONTEXT('2D SPACE',''
  ) );
#4209 = ORIENTED_EDGE('',*,*,#4210,.F.);
#4210 = EDGE_CURVE('',#4211,#4182,#4213,.T.);
#4211 = VERTEX_POINT('',#4212);
#4212 = CARTESIAN_POINT('',(0.169529075,32.142256661,-9.4));
#4213 = SURFACE_CURVE('',#4214,(#4218,#4225),.PCURVE_S1.);
#4214 = LINE('',#4215,#4216);
#4215 = CARTESIAN_POINT('',(0.169529075,32.142256661,-9.4));
#4216 = VECTOR('',#4217,1.);
#4217 = DIRECTION('',(-2.613158699408E-02,0.999658511773,0.));
#4218 = PCURVE('',#66,#4219);
#4219 = DEFINITIONAL_REPRESENTATION('',(#4220),#4224);
#4220 = LINE('',#4221,#4222);
#4221 = CARTESIAN_POINT('',(-2.873030144834,5.1429161024));
#4222 = VECTOR('',#4223,1.);
#4223 = DIRECTION('',(0.487698157622,-0.873012317812));
#4224 = ( GEOMETRIC_REPRESENTATION_CONTEXT(2) 
PARAMETRIC_REPRESENTATION_CONTEXT() REPRESENTATION_CONTEXT('2D SPACE',''
  ) );
#4225 = PCURVE('',#4226,#4263);
#4226 = B_SPLINE_SURFACE_WITH_KNOTS('',3,3,(
    (#4227,#4228,#4229,#4230,#4231,#4232)
    ,(#4233,#4234,#4235,#4236,#4237,#4238)
    ,(#4239,#4240,#4241,#4242,#4243,#4244)
    ,(#4245,#4246,#4247,#4248,#4249,#4250)
    ,(#4251,#4252,#4253,#4254,#4255,#4256)
    ,(#4257,#4258,#4259,#4260,#4261,#4262
    )),.UNSPECIFIED.,.F.,.F.,.F.,(4,2,4),(4,2,4),(-4.532224535375E-05,
    0.865047346,0.865216229061),(-4.532224535375E-05,0.5,0.625000003),
  .UNSPECIFIED.);
#4227 = CARTESIAN_POINT('',(0.169340268561,32.142218194371,
    -9.400362577963));
#4228 = CARTESIAN_POINT('',(0.866942220326,32.16020654487,
    -8.066908385642));
#4229 = CARTESIAN_POINT('',(1.56089286094,32.303761107864,
    -6.733454192321));
#4230 = CARTESIAN_POINT('',(2.37041864329,32.628436282845,-5.06666666));
#4231 = CARTESIAN_POINT('',(2.529387338527,32.700615012289,-4.73333332)
  );
#4232 = CARTESIAN_POINT('',(2.684848323788,32.779687477027,-4.399999979)
  );
#4233 = CARTESIAN_POINT('',(0.163763401199,32.355823469676,
    -9.400362577963));
#4234 = CARTESIAN_POINT('',(0.836062115813,32.373159353034,
    -8.066908385642));
#4235 = CARTESIAN_POINT('',(1.50484156118,32.511503905507,
    -6.733454192321));
#4236 = CARTESIAN_POINT('',(2.285006172896,32.824403243918,-5.06666666)
  );
#4237 = CARTESIAN_POINT('',(2.438208909049,32.893964150339,-4.73333332)
  );
#4238 = CARTESIAN_POINT('',(2.588031025837,32.970168777983,-4.399999979)
  );
#4239 = CARTESIAN_POINT('',(0.158186534068,32.56942874794,
    -9.400362577963));
#4240 = CARTESIAN_POINT('',(0.805184837369,32.586101278929,
    -8.066908385642));
#4241 = CARTESIAN_POINT('',(1.448791276947,32.71925468885,
    -6.733454192321));
#4242 = CARTESIAN_POINT('',(2.19959017681,33.020376370201,-5.06666666));
#4243 = CARTESIAN_POINT('',(2.347027003911,33.087318248325,-4.73333332)
  );
#4244 = CARTESIAN_POINT('',(2.491210755353,33.16065359154,-4.399999979)
  );
#4245 = CARTESIAN_POINT('',(0.152608579354,32.783075720861,
    -9.400362577963));
#4246 = CARTESIAN_POINT('',(0.774295882306,32.799106528822,
    -8.066908385642));
#4247 = CARTESIAN_POINT('',(1.392729330164,32.927040058814,
    -6.733454192321));
#4248 = CARTESIAN_POINT('',(2.114160138788,33.21638312671,-5.06666666));
#4249 = CARTESIAN_POINT('',(2.25582946176,33.280707133932,-4.73333332));
#4250 = CARTESIAN_POINT('',(2.394372832518,33.351174674642,-4.399999979)
  );
#4251 = CARTESIAN_POINT('',(0.152607490171,32.783117420371,
    -9.400362577963));
#4252 = CARTESIAN_POINT('',(0.774289853143,32.799148103518,
    -8.066908385642));
#4253 = CARTESIAN_POINT('',(1.392718387936,32.927080614074,
    -6.733454192321));
#4254 = CARTESIAN_POINT('',(2.114143464601,33.216421384552,-5.06666666)
  );
#4255 = CARTESIAN_POINT('',(2.255811661494,33.280744879863,-4.73333332)
  );
#4256 = CARTESIAN_POINT('',(2.394353932116,33.351211860195,-4.399999979)
  );
#4257 = CARTESIAN_POINT('',(0.152606402275,32.783159119916,
    -9.400362577963));
#4258 = CARTESIAN_POINT('',(0.774283823996,32.799189678213,
    -8.066908385642));
#4259 = CARTESIAN_POINT('',(1.392707445705,32.927121169381,
    -6.733454192321));
#4260 = CARTESIAN_POINT('',(2.114126790401,33.216459641069,-5.06666666)
  );
#4261 = CARTESIAN_POINT('',(2.255793861243,33.280782625795,-4.73333332)
  );
#4262 = CARTESIAN_POINT('',(2.394335030418,33.351249047049,-4.399999979)
  );
#4263 = DEFINITIONAL_REPRESENTATION('',(#4264),#4267);
#4264 = B_SPLINE_CURVE_WITH_KNOTS('',1,(#4265,#4266),.UNSPECIFIED.,.F.,
  .F.,(2,2),(0.,0.641000615592),.PIECEWISE_BEZIER_KNOTS.);
#4265 = CARTESIAN_POINT('',(1.578776501578E-14,1.206446791969E-16));
#4266 = CARTESIAN_POINT('',(0.865047345726,2.387343001896E-12));
#4267 = ( GEOMETRIC_REPRESENTATION_CONTEXT(2) 
PARAMETRIC_REPRESENTATION_CONTEXT() REPRESENTATION_CONTEXT('2D SPACE',''
  ) );
#4268 = ORIENTED_EDGE('',*,*,#4269,.F.);
#4269 = EDGE_CURVE('',#4270,#4211,#4272,.T.);
#4270 = VERTEX_POINT('',#4271);
#4271 = CARTESIAN_POINT('',(-0.691832128,30.564682978,-9.4));
#4272 = SURFACE_CURVE('',#4273,(#4320,#4370),.PCURVE_S1.);
#4273 = B_SPLINE_CURVE_WITH_KNOTS('',3,(#4274,#4275,#4276,#4277,#4278,
    #4279,#4280,#4281,#4282,#4283,#4284,#4285,#4286,#4287,#4288,#4289,
    #4290,#4291,#4292,#4293,#4294,#4295,#4296,#4297,#4298,#4299,#4300,
    #4301,#4302,#4303,#4304,#4305,#4306,#4307,#4308,#4309,#4310,#4311,
    #4312,#4313,#4314,#4315,#4316,#4317,#4318,#4319),.UNSPECIFIED.,.F.,
  .F.,(4,3,3,3,3,3,3,3,3,3,3,3,3,3,3,4),(0.,2.28581E-04,4.57162E-04,
    6.046446545263E-04,7.472285824515E-04,8.654433387173E-04,9.14323E-04
    ,1.021572880647E-03,1.144132006562E-03,1.275173523805E-03,
    1.371485E-03,1.479653900125E-03,1.575661282507E-03,
    1.666597597268E-03,1.750833501507E-03,1.828646E-03),.UNSPECIFIED.);
#4274 = CARTESIAN_POINT('',(-0.691832128,30.564682978,-9.4));
#4275 = CARTESIAN_POINT('',(-0.639092196074,30.619986346571,
    -9.399999999946));
#4276 = CARTESIAN_POINT('',(-0.587791055797,30.676454878893,
    -9.399999999946));
#4277 = CARTESIAN_POINT('',(-0.538032483294,30.734192457266,
    -9.399999999956));
#4278 = CARTESIAN_POINT('',(-0.48827391079,30.791930035639,
    -9.399999999965));
#4279 = CARTESIAN_POINT('',(-0.440057263823,30.850936885748,
    -9.399999999984));
#4280 = CARTESIAN_POINT('',(-0.393543462249,30.911324183598,
    -9.399999999968));
#4281 = CARTESIAN_POINT('',(-0.363532311154,30.950286647611,
    -9.399999999958));
#4282 = CARTESIAN_POINT('',(-0.334018345616,30.990108224543,
    -9.39999998868));
#4283 = CARTESIAN_POINT('',(-0.305312895197,31.030508758243,
    -9.399999975225));
#4284 = CARTESIAN_POINT('',(-0.277560913877,31.069567363499,
    -9.399999962216));
#4285 = CARTESIAN_POINT('',(-0.250564841217,31.109166868548,
    -9.399999947173));
#4286 = CARTESIAN_POINT('',(-0.224560395956,31.149038721963,
    -9.399999938308));
#4287 = CARTESIAN_POINT('',(-0.203000398254,31.182096034255,
    -9.399999930959));
#4288 = CARTESIAN_POINT('',(-0.182121316612,31.215340233398,
    -9.399999927856));
#4289 = CARTESIAN_POINT('',(-0.162031049917,31.248611563664,
    -9.399999933682));
#4290 = CARTESIAN_POINT('',(-0.153724088399,31.262368656308,
    -9.399999936091));
#4291 = CARTESIAN_POINT('',(-0.145437227693,31.276290156541,
    -9.399999940027));
#4292 = CARTESIAN_POINT('',(-0.137196056199,31.290349994867,
    -9.39999994582));
#4293 = CARTESIAN_POINT('',(-0.119113593352,31.321199553616,
    -9.399999958531));
#4294 = CARTESIAN_POINT('',(-0.101433314614,31.352403153381,
    -9.399999968259));
#4295 = CARTESIAN_POINT('',(-8.42630605195E-02,31.383892389728,
    -9.399999975706));
#4296 = CARTESIAN_POINT('',(-6.464186074953E-02,31.419876516321,
    -9.399999984215));
#4297 = CARTESIAN_POINT('',(-4.568543063232E-02,31.456233690891,
    -9.399999989743));
#4298 = CARTESIAN_POINT('',(-2.753085635147E-02,31.492925576338,
    -9.399999993336));
#4299 = CARTESIAN_POINT('',(-8.119792989899E-03,31.532156929397,
    -9.399999997176));
#4300 = CARTESIAN_POINT('',(1.037706942941E-02,31.571772138343,
    -9.399999998803));
#4301 = CARTESIAN_POINT('',(2.778683160272E-02,31.611781491833,
    -9.399999999491));
#4302 = CARTESIAN_POINT('',(4.058247019419E-02,31.641187133475,
    -9.399999999997));
#4303 = CARTESIAN_POINT('',(5.279094676819E-02,31.67080701917,
    -9.399999999997));
#4304 = CARTESIAN_POINT('',(6.432946170547E-02,31.700656610376,
    -9.399999999996));
#4305 = CARTESIAN_POINT('',(7.728854528668E-02,31.734181145327,
    -9.399999999995));
#4306 = CARTESIAN_POINT('',(8.936737671213E-02,31.767898770757,
    -9.399999999995));
#4307 = CARTESIAN_POINT('',(0.100450324052,31.801895368912,
    -9.399999999995));
#4308 = CARTESIAN_POINT('',(0.110287206576,31.832069701783,
    -9.399999999995));
#4309 = CARTESIAN_POINT('',(0.119339714811,31.862464438624,
    -9.399999999995));
#4310 = CARTESIAN_POINT('',(0.12748613474,31.893138413216,
    -9.399999999996));
#4311 = CARTESIAN_POINT('',(0.13520226436,31.92219220199,-9.399999999997
    ));
#4312 = CARTESIAN_POINT('',(0.142105900619,31.95149692404,
    -9.399999999997));
#4313 = CARTESIAN_POINT('',(0.148050292658,31.98109442094,
    -9.399999999998));
#4314 = CARTESIAN_POINT('',(0.153556687325,32.008511101737,
    -9.399999999998));
#4315 = CARTESIAN_POINT('',(0.15824010589,32.03617923992,-9.399999999999
    ));
#4316 = CARTESIAN_POINT('',(0.161942469396,32.064120553927,
    -9.399999999999));
#4317 = CARTESIAN_POINT('',(0.165362509311,32.089931204073,-9.4));
#4318 = CARTESIAN_POINT('',(0.167945424067,32.115975087475,-9.4));
#4319 = CARTESIAN_POINT('',(0.169529075,32.142256661,-9.4));
#4320 = PCURVE('',#66,#4321);
#4321 = DEFINITIONAL_REPRESENTATION('',(#4322),#4369);
#4322 = B_SPLINE_CURVE_WITH_KNOTS('',3,(#4323,#4324,#4325,#4326,#4327,
    #4328,#4329,#4330,#4331,#4332,#4333,#4334,#4335,#4336,#4337,#4338,
    #4339,#4340,#4341,#4342,#4343,#4344,#4345,#4346,#4347,#4348,#4349,
    #4350,#4351,#4352,#4353,#4354,#4355,#4356,#4357,#4358,#4359,#4360,
    #4361,#4362,#4363,#4364,#4365,#4366,#4367,#4368),.UNSPECIFIED.,.F.,
  .F.,(4,3,3,3,3,3,3,3,3,3,3,3,3,3,3,4),(0.,2.28581E-04,4.57162E-04,
    6.046446545263E-04,7.472285824515E-04,8.654433387173E-04,9.14323E-04
    ,1.021572880647E-03,1.144132006562E-03,1.275173523805E-03,
    1.371485E-03,1.479653900125E-03,1.575661282507E-03,
    1.666597597268E-03,1.750833501507E-03,1.828646E-03),.UNSPECIFIED.);
#4323 = CARTESIAN_POINT('',(-2.843458072636,6.940082577681));
#4324 = CARTESIAN_POINT('',(-2.864456600865,6.866604521045));
#4325 = CARTESIAN_POINT('',(-2.883639665714,6.792763393214));
#4326 = CARTESIAN_POINT('',(-2.900867101712,6.718515437397));
#4327 = CARTESIAN_POINT('',(-2.918094537709,6.644267481581));
#4328 = CARTESIAN_POINT('',(-2.933366808649,6.569612199484));
#4329 = CARTESIAN_POINT('',(-2.946489761136,6.494525931788));
#4330 = CARTESIAN_POINT('',(-2.954956816001,6.446079551388));
#4331 = CARTESIAN_POINT('',(-2.962584388084,6.397103513418));
#4332 = CARTESIAN_POINT('',(-2.96922700169,6.34799056511));
#4333 = CARTESIAN_POINT('',(-2.975648976822,6.300508933428));
#4334 = CARTESIAN_POINT('',(-2.981150260093,6.252899642092));
#4335 = CARTESIAN_POINT('',(-2.985646933133,6.205510025089));
#4336 = CARTESIAN_POINT('',(-2.989375074973,6.166219818227));
#4337 = CARTESIAN_POINT('',(-2.992413444125,6.127080565043));
#4338 = CARTESIAN_POINT('',(-2.994740742026,6.088283865209));
#4339 = CARTESIAN_POINT('',(-2.99570303757,6.072242132293));
#4340 = CARTESIAN_POINT('',(-2.996571131444,6.056064164493));
#4341 = CARTESIAN_POINT('',(-2.997334481157,6.039784936668));
#4342 = CARTESIAN_POINT('',(-2.999009393859,6.004065678487));
#4343 = CARTESIAN_POINT('',(-3.000163659834,5.968219834033));
#4344 = CARTESIAN_POINT('',(-3.000733579562,5.932358088079));
#4345 = CARTESIAN_POINT('',(-3.001384851743,5.891377303659));
#4346 = CARTESIAN_POINT('',(-3.001274135705,5.850375131431));
#4347 = CARTESIAN_POINT('',(-3.000297863276,5.809449223779));
#4348 = CARTESIAN_POINT('',(-2.99925402244,5.765690809274));
#4349 = CARTESIAN_POINT('',(-2.99722230969,5.722017352318));
#4350 = CARTESIAN_POINT('',(-2.994044848535,5.678500092222));
#4351 = CARTESIAN_POINT('',(-2.991709512522,5.646516247347));
#4352 = CARTESIAN_POINT('',(-2.98875470574,5.614615563251));
#4353 = CARTESIAN_POINT('',(-2.985099927337,5.582822827966));
#4354 = CARTESIAN_POINT('',(-2.980995189504,5.547115918014));
#4355 = CARTESIAN_POINT('',(-2.976021292198,5.511647103842));
#4356 = CARTESIAN_POINT('',(-2.970035937079,5.476394076568));
#4357 = CARTESIAN_POINT('',(-2.964723520322,5.44510457593));
#4358 = CARTESIAN_POINT('',(-2.958614146884,5.413984429896));
#4359 = CARTESIAN_POINT('',(-2.951572702909,5.383038106339));
#4360 = CARTESIAN_POINT('',(-2.944903184901,5.353726353952));
#4361 = CARTESIAN_POINT('',(-2.937397624409,5.324569991187));
#4362 = CARTESIAN_POINT('',(-2.928906635083,5.295600166891));
#4363 = CARTESIAN_POINT('',(-2.92104128266,5.268764910242));
#4364 = CARTESIAN_POINT('',(-2.912330362156,5.242089450659));
#4365 = CARTESIAN_POINT('',(-2.902623808254,5.21562801957));
#4366 = CARTESIAN_POINT('',(-2.893657427258,5.191184403924));
#4367 = CARTESIAN_POINT('',(-2.883841418869,5.166923297383));
#4368 = CARTESIAN_POINT('',(-2.873030144834,5.1429161024));
#4369 = ( GEOMETRIC_REPRESENTATION_CONTEXT(2) 
PARAMETRIC_REPRESENTATION_CONTEXT() REPRESENTATION_CONTEXT('2D SPACE',''
  ) );
#4370 = PCURVE('',#4371,#4408);
#4371 = B_SPLINE_SURFACE_WITH_KNOTS('',3,3,(
    (#4372,#4373,#4374,#4375,#4376,#4377)
    ,(#4378,#4379,#4380,#4381,#4382,#4383)
    ,(#4384,#4385,#4386,#4387,#4388,#4389)
    ,(#4390,#4391,#4392,#4393,#4394,#4395)
    ,(#4396,#4397,#4398,#4399,#4400,#4401)
    ,(#4402,#4403,#4404,#4405,#4406,#4407
    )),.UNSPECIFIED.,.F.,.F.,.F.,(4,2,4),(4,2,4),(0.,0.475892875,1.),(0.
    ,0.5,0.625),.UNSPECIFIED.);
#4372 = CARTESIAN_POINT('',(-0.691832128,30.564682978,-9.4));
#4373 = CARTESIAN_POINT('',(0.192526711,30.480607309,-8.066666667));
#4374 = CARTESIAN_POINT('',(1.091494897,30.555763822,-6.733333333));
#4375 = CARTESIAN_POINT('',(2.164284011,30.842101764,-5.066666667));
#4376 = CARTESIAN_POINT('',(2.376255612,30.908978246,-4.733333333));
#4377 = CARTESIAN_POINT('',(2.584849818,30.985104731,-4.4));
#4378 = CARTESIAN_POINT('',(-0.484740497,30.781840346,-9.4));
#4379 = CARTESIAN_POINT('',(0.373243721,30.722452506,-8.066666667));
#4380 = CARTESIAN_POINT('',(1.24276991,30.81737154,-6.733333333));
#4381 = CARTESIAN_POINT('',(2.274710814,31.121221571,-5.066666667));
#4382 = CARTESIAN_POINT('',(2.478320591,31.191230132,-4.733333333));
#4383 = CARTESIAN_POINT('',(2.678423113,31.270115419,-4.4));
#4384 = CARTESIAN_POINT('',(-0.305355047,31.011253949,-9.4));
#4385 = CARTESIAN_POINT('',(0.526323697,30.972672325,-8.066666667));
#4386 = CARTESIAN_POINT('',(1.363943799,31.084418401,-6.733333333));
#4387 = CARTESIAN_POINT('',(2.354926802,31.401360645,-5.066666667));
#4388 = CARTESIAN_POINT('',(2.550270005,31.473620502,-4.733333333));
#4389 = CARTESIAN_POINT('',(2.742028153,31.554383394,-4.4));
#4390 = CARTESIAN_POINT('',(-4.186518E-03,31.51001665,-9.4));
#4391 = CARTESIAN_POINT('',(0.767991652,31.507823954,-8.066666667));
#4392 = CARTESIAN_POINT('',(1.540752593,31.643770098,-6.733333333));
#4393 = CARTESIAN_POINT('',(2.446778854,31.976979988,-5.066666667));
#4394 = CARTESIAN_POINT('',(2.62498354,32.051730737,-4.733333333));
#4395 = CARTESIAN_POINT('',(2.799535146,32.134217137,-4.4));
#4396 = CARTESIAN_POINT('',(0.151240462,31.838746893,-9.4));
#4397 = CARTESIAN_POINT('',(0.882787619,31.854466759,-8.066666667));
#4398 = CARTESIAN_POINT('',(1.614881035,32.002509156,-6.733333333));
#4399 = CARTESIAN_POINT('',(2.467400165,32.340107503,-5.066666667));
#4400 = CARTESIAN_POINT('',(2.634761049,32.415216188,-4.733333333));
#4401 = CARTESIAN_POINT('',(2.798440787,32.497583249,-4.4));
#4402 = CARTESIAN_POINT('',(0.169529075,32.142256661,-9.4));
#4403 = CARTESIAN_POINT('',(0.86706316,32.160266038,-8.066666667));
#4404 = CARTESIAN_POINT('',(1.560942252,32.303819119,-6.733333333));
#4405 = CARTESIAN_POINT('',(2.370404469,32.6284688,-5.066666667));
#4406 = CARTESIAN_POINT('',(2.529372273,32.700646998,-4.733333333));
#4407 = CARTESIAN_POINT('',(2.684832425,32.779718843,-4.4));
#4408 = DEFINITIONAL_REPRESENTATION('',(#4409),#4412);
#4409 = B_SPLINE_CURVE_WITH_KNOTS('',1,(#4410,#4411),.UNSPECIFIED.,.F.,
  .F.,(2,2),(0.,1.828646E-03),.PIECEWISE_BEZIER_KNOTS.);
#4410 = CARTESIAN_POINT('',(2.559320060358E-15,-2.712944379362E-16));
#4411 = CARTESIAN_POINT('',(1.,-8.119919319158E-18));
#4412 = ( GEOMETRIC_REPRESENTATION_CONTEXT(2) 
PARAMETRIC_REPRESENTATION_CONTEXT() REPRESENTATION_CONTEXT('2D SPACE',''
  ) );
#4413 = ORIENTED_EDGE('',*,*,#4414,.F.);
#4414 = EDGE_CURVE('',#4415,#4270,#4417,.T.);
#4415 = VERTEX_POINT('',#4416);
#4416 = CARTESIAN_POINT('',(-1.084334152,30.612339213,-9.4));
#4417 = SURFACE_CURVE('',#4418,(#4423,#4430),.PCURVE_S1.);
#4418 = CIRCLE('',#4419,7.499995121051);
#4419 = AXIS2_PLACEMENT_3D('',#4420,#4421,#4422);
#4420 = CARTESIAN_POINT('',(1.558728859028E-02,38.031240724701,-9.4));
#4421 = DIRECTION('',(0.,0.,1.));
#4422 = DIRECTION('',(-9.43226502381E-02,-0.99554168052,0.));
#4423 = PCURVE('',#66,#4424);
#4424 = DEFINITIONAL_REPRESENTATION('',(#4425),#4429);
#4425 = CIRCLE('',#4426,7.499995121051);
#4426 = AXIS2_PLACEMENT_2D('',#4427,#4428);
#4427 = CARTESIAN_POINT('',(-1.725795502556E-06,4.56519469358E-06));
#4428 = DIRECTION('',(-0.379127759545,0.925344336959));
#4429 = ( GEOMETRIC_REPRESENTATION_CONTEXT(2) 
PARAMETRIC_REPRESENTATION_CONTEXT() REPRESENTATION_CONTEXT('2D SPACE',''
  ) );
#4430 = PCURVE('',#4431,#4468);
#4431 = B_SPLINE_SURFACE_WITH_KNOTS('',3,3,(
    (#4432,#4433,#4434,#4435,#4436,#4437)
    ,(#4438,#4439,#4440,#4441,#4442,#4443)
    ,(#4444,#4445,#4446,#4447,#4448,#4449)
    ,(#4450,#4451,#4452,#4453,#4454,#4455)
    ,(#4456,#4457,#4458,#4459,#4460,#4461)
    ,(#4462,#4463,#4464,#4465,#4466,#4467
    )),.UNSPECIFIED.,.F.,.F.,.F.,(4,2,4),(4,2,4),(0.,0.5,1.),(0.,0.5,
    0.625000001),.UNSPECIFIED.);
#4432 = CARTESIAN_POINT('',(-1.084334152,30.612339213,-9.4));
#4433 = CARTESIAN_POINT('',(-0.205634967,30.481774996,-8.066666667));
#4434 = CARTESIAN_POINT('',(0.696044694,30.50945228,-6.733333333));
#4435 = CARTESIAN_POINT('',(1.782432906,30.73885673,-5.066666665));
#4436 = CARTESIAN_POINT('',(1.997634319,30.794469427,-4.73333333));
#4437 = CARTESIAN_POINT('',(2.20995051,30.859497245,-4.399999995));
#4438 = CARTESIAN_POINT('',(-1.019141689,30.602673823,-9.4));
#4439 = CARTESIAN_POINT('',(-0.139294835,30.479849278,-8.066666667));
#4440 = CARTESIAN_POINT('',(0.762142486,30.515432433,-6.733333333));
#4441 = CARTESIAN_POINT('',(1.846512335,30.754382208,-5.066666665));
#4442 = CARTESIAN_POINT('',(2.061224359,30.811886874,-4.73333333));
#4443 = CARTESIAN_POINT('',(2.272968483,30.878781641,-4.399999995));
#4444 = CARTESIAN_POINT('',(-0.953821819,30.593867783,-9.4));
#4445 = CARTESIAN_POINT('',(-7.292963E-02,30.478761548,-8.066666667));
#4446 = CARTESIAN_POINT('',(0.828159894,30.522282081,-6.733333333));
#4447 = CARTESIAN_POINT('',(1.910390417,30.770753468,-5.066666665));
#4448 = CARTESIAN_POINT('',(2.124589474,30.830141871,-4.73333333));
#4449 = CARTESIAN_POINT('',(2.335738162,30.898893556,-4.399999995));
#4450 = CARTESIAN_POINT('',(-0.822972655,30.577980531,-9.4));
#4451 = CARTESIAN_POINT('',(5.9805982E-02,30.478372274,-8.066666667));
#4452 = CARTESIAN_POINT('',(0.959990099,30.537721773,-6.733333333));
#4453 = CARTESIAN_POINT('',(2.03768732,30.805172021,-5.066666665));
#4454 = CARTESIAN_POINT('',(2.250809756,30.868315341,-4.73333333));
#4455 = CARTESIAN_POINT('',(2.460717775,30.940766975,-4.399999995));
#4456 = CARTESIAN_POINT('',(-0.757443363,30.570899319,-9.4));
#4457 = CARTESIAN_POINT('',(0.126176389,30.479070731,-8.066666667));
#4458 = CARTESIAN_POINT('',(1.02580819,30.546310249,-6.733333333));
#4459 = CARTESIAN_POINT('',(2.101110635,30.823221093,-5.066666665));
#4460 = CARTESIAN_POINT('',(2.313669046,30.88823586,-4.73333333));
#4461 = CARTESIAN_POINT('',(2.522931367,30.962530546,-4.399999995));
#4462 = CARTESIAN_POINT('',(-0.691832128,30.564682978,-9.4));
#4463 = CARTESIAN_POINT('',(0.192526711,30.480607309,-8.066666667));
#4464 = CARTESIAN_POINT('',(1.091494824,30.555764313,-6.733333333));
#4465 = CARTESIAN_POINT('',(2.164283872,30.842102237,-5.066666665));
#4466 = CARTESIAN_POINT('',(2.376255475,30.908978688,-4.73333333));
#4467 = CARTESIAN_POINT('',(2.584849691,30.985105128,-4.399999995));
#4468 = DEFINITIONAL_REPRESENTATION('',(#4469),#4472);
#4469 = B_SPLINE_CURVE_WITH_KNOTS('',1,(#4470,#4471),.UNSPECIFIED.,.F.,
  .F.,(2,2),(6.230461224041,6.28318530718),.PIECEWISE_BEZIER_KNOTS.);
#4470 = CARTESIAN_POINT('',(-1.28090813906E-15,-2.833824006941E-17));
#4471 = CARTESIAN_POINT('',(1.,-6.186453104725E-17));
#4472 = ( GEOMETRIC_REPRESENTATION_CONTEXT(2) 
PARAMETRIC_REPRESENTATION_CONTEXT() REPRESENTATION_CONTEXT('2D SPACE',''
  ) );
#4473 = ORIENTED_EDGE('',*,*,#4474,.F.);
#4474 = EDGE_CURVE('',#4475,#4415,#4477,.T.);
#4475 = VERTEX_POINT('',#4476);
#4476 = CARTESIAN_POINT('',(-1.543146335,32.350203773,-9.4));
#4477 = SURFACE_CURVE('',#4478,(#4525,#4575),.PCURVE_S1.);
#4478 = B_SPLINE_CURVE_WITH_KNOTS('',3,(#4479,#4480,#4481,#4482,#4483,
    #4484,#4485,#4486,#4487,#4488,#4489,#4490,#4491,#4492,#4493,#4494,
    #4495,#4496,#4497,#4498,#4499,#4500,#4501,#4502,#4503,#4504,#4505,
    #4506,#4507,#4508,#4509,#4510,#4511,#4512,#4513,#4514,#4515,#4516,
    #4517,#4518,#4519,#4520,#4521,#4522,#4523,#4524),.UNSPECIFIED.,.F.,
  .F.,(4,3,3,3,3,3,3,3,3,3,3,3,3,3,3,4),(0.,8.233483546587E-05,
    1.688486481935E-04,2.62720166171E-04,3.663077145152E-04,4.53646E-04,
    5.833618047667E-04,7.103031086257E-04,8.206404860018E-04,9.07292E-04
    ,9.556735911465E-04,1.096536836342E-03,1.241956077099E-03,
    1.360938E-03,1.587761E-03,1.814584E-03),.UNSPECIFIED.);
#4479 = CARTESIAN_POINT('',(-1.543146335,32.350203773,-9.4));
#4480 = CARTESIAN_POINT('',(-1.548212618378,32.322592251794,-9.4));
#4481 = CARTESIAN_POINT('',(-1.552111880796,32.294970736808,-9.4));
#4482 = CARTESIAN_POINT('',(-1.55503466863,32.267380117643,
    -9.399999999996));
#4483 = CARTESIAN_POINT('',(-1.558105805141,32.238389112245,
    -9.399999999991));
#4484 = CARTESIAN_POINT('',(-1.56009858513,32.209431858195,
    -9.399999999982));
#4485 = CARTESIAN_POINT('',(-1.561185308024,32.180524914305,
    -9.399999999963));
#4486 = CARTESIAN_POINT('',(-1.562364453,32.149159533247,-9.399999999943
    ));
#4487 = CARTESIAN_POINT('',(-1.562476810805,32.117853026324,
    -9.399999999911));
#4488 = CARTESIAN_POINT('',(-1.561688599414,32.086596634647,
    -9.399999999862));
#4489 = CARTESIAN_POINT('',(-1.560818805387,32.052105097132,
    -9.399999999807));
#4490 = CARTESIAN_POINT('',(-1.558852310097,32.01767396476,
    -9.399999999731));
#4491 = CARTESIAN_POINT('',(-1.555950147137,31.983264276288,
    -9.399999999625));
#4492 = CARTESIAN_POINT('',(-1.553503232028,31.954252264291,
    -9.399999999536));
#4493 = CARTESIAN_POINT('',(-1.550389737498,31.925254663378,
    -9.399999999425));
#4494 = CARTESIAN_POINT('',(-1.546678606452,31.896241220408,
    -9.399999999288));
#4495 = CARTESIAN_POINT('',(-1.541166792847,31.853150128304,
    -9.399999999084));
#4496 = CARTESIAN_POINT('',(-1.534357544531,31.81017671168,
    -9.399999990866));
#4497 = CARTESIAN_POINT('',(-1.526453550724,31.767331869814,
    -9.399999980404));
#4498 = CARTESIAN_POINT('',(-1.518718616022,31.725403439429,
    -9.399999970165));
#4499 = CARTESIAN_POINT('',(-1.509933195316,31.683595981152,
    -9.399999957778));
#4500 = CARTESIAN_POINT('',(-1.500247932083,31.641946219052,
    -9.39999994865));
#4501 = CARTESIAN_POINT('',(-1.491829501581,31.605744247126,
    -9.399999940717));
#4502 = CARTESIAN_POINT('',(-1.482729864954,31.569660852397,
    -9.399999935246));
#4503 = CARTESIAN_POINT('',(-1.473040887076,31.533756515545,
    -9.399999935789));
#4504 = CARTESIAN_POINT('',(-1.465431819122,31.505559677616,
    -9.399999936216));
#4505 = CARTESIAN_POINT('',(-1.457458975778,31.477473712125,
    -9.399999940353));
#4506 = CARTESIAN_POINT('',(-1.449170361857,31.449550558036,
    -9.399999949919));
#4507 = CARTESIAN_POINT('',(-1.444542441219,31.433959755725,
    -9.39999995526));
#4508 = CARTESIAN_POINT('',(-1.439837633578,31.418492653541,
    -9.399999960031));
#4509 = CARTESIAN_POINT('',(-1.43507444231,31.403180430193,
    -9.399999964282));
#4510 = CARTESIAN_POINT('',(-1.421206387054,31.358598815144,
    -9.399999976656));
#4511 = CARTESIAN_POINT('',(-1.40622433083,31.31378895861,
    -9.399999984612));
#4512 = CARTESIAN_POINT('',(-1.390248813236,31.269064399879,
    -9.399999989342));
#4513 = CARTESIAN_POINT('',(-1.373756593168,31.222893297084,
    -9.399999994225));
#4514 = CARTESIAN_POINT('',(-1.356205669387,31.176813384039,
    -9.39999999567));
#4515 = CARTESIAN_POINT('',(-1.337785428775,31.131168647073,
    -9.39999999499));
#4516 = CARTESIAN_POINT('',(-1.32271400056,31.093822154641,
    -9.399999994433));
#4517 = CARTESIAN_POINT('',(-1.30706180095,31.056767036965,
    -9.399999992454));
#4518 = CARTESIAN_POINT('',(-1.290958301463,31.020189220356,
    -9.399999989771));
#4519 = CARTESIAN_POINT('',(-1.26025915007,30.950458542834,
    -9.399999984657));
#4520 = CARTESIAN_POINT('',(-1.227574683696,30.881651844529,
    -9.399999987214));
#4521 = CARTESIAN_POINT('',(-1.193086519704,30.813700862871,
    -9.39999999105));
#4522 = CARTESIAN_POINT('',(-1.158598355712,30.745749881213,
    -9.399999994886));
#4523 = CARTESIAN_POINT('',(-1.122305930881,30.678654246544,-9.4));
#4524 = CARTESIAN_POINT('',(-1.084334152,30.612339213,-9.4));
#4525 = PCURVE('',#66,#4526);
#4526 = DEFINITIONAL_REPRESENTATION('',(#4527),#4574);
#4527 = B_SPLINE_CURVE_WITH_KNOTS('',3,(#4528,#4529,#4530,#4531,#4532,
    #4533,#4534,#4535,#4536,#4537,#4538,#4539,#4540,#4541,#4542,#4543,
    #4544,#4545,#4546,#4547,#4548,#4549,#4550,#4551,#4552,#4553,#4554,
    #4555,#4556,#4557,#4558,#4559,#4560,#4561,#4562,#4563,#4564,#4565,
    #4566,#4567,#4568,#4569,#4570,#4571,#4572,#4573),.UNSPECIFIED.,.F.,
  .F.,(4,3,3,3,3,3,3,3,3,3,3,3,3,3,3,4),(0.,8.233483546587E-05,
    1.688486481935E-04,2.62720166171E-04,3.663077145152E-04,4.53646E-04,
    5.833618047667E-04,7.103031086257E-04,8.206404860018E-04,9.07292E-04
    ,9.556735911465E-04,1.096536836342E-03,1.241956077099E-03,
    1.360938E-03,1.587761E-03,1.814584E-03),.UNSPECIFIED.);
#4528 = CARTESIAN_POINT('',(-1.259890256239,5.754699365682));
#4529 = CARTESIAN_POINT('',(-1.26823585488,5.781502617609));
#4530 = CARTESIAN_POINT('',(-1.277619446468,5.807772382482));
#4531 = CARTESIAN_POINT('',(-1.287853307941,5.833561004662));
#4532 = CARTESIAN_POINT('',(-1.298606598086,5.860658551129));
#4533 = CARTESIAN_POINT('',(-1.31029904333,5.887225080041));
#4534 = CARTESIAN_POINT('',(-1.322770384492,5.913325999973));
#4535 = CARTESIAN_POINT('',(-1.336302370762,5.94164671429));
#4536 = CARTESIAN_POINT('',(-1.350751592929,5.969419542356));
#4537 = CARTESIAN_POINT('',(-1.365974942287,5.996729484358));
#4538 = CARTESIAN_POINT('',(-1.382773961537,6.026866100857));
#4539 = CARTESIAN_POINT('',(-1.400515992885,6.056439573833));
#4540 = CARTESIAN_POINT('',(-1.419076553767,6.085559237126));
#4541 = CARTESIAN_POINT('',(-1.434725611893,6.11011104385));
#4542 = CARTESIAN_POINT('',(-1.450958201353,6.134340318423));
#4543 = CARTESIAN_POINT('',(-1.467727335253,6.158305887786));
#4544 = CARTESIAN_POINT('',(-1.49263304169,6.193899821183));
#4545 = CARTESIAN_POINT('',(-1.518632886786,6.228786616021));
#4546 = CARTESIAN_POINT('',(-1.545542332548,6.263050814849));
#4547 = CARTESIAN_POINT('',(-1.571876210192,6.296582134204));
#4548 = CARTESIAN_POINT('',(-1.599084031652,6.329518157582));
#4549 = CARTESIAN_POINT('',(-1.627015342029,6.361896374141));
#4550 = CARTESIAN_POINT('',(-1.651293236141,6.39003951897));
#4551 = CARTESIAN_POINT('',(-1.676119205016,6.417761099578));
#4552 = CARTESIAN_POINT('',(-1.701383799629,6.445050254129));
#4553 = CARTESIAN_POINT('',(-1.721224903577,6.466481310529));
#4554 = CARTESIAN_POINT('',(-1.74133659108,6.487645140861));
#4555 = CARTESIAN_POINT('',(-1.761652218875,6.508518064047));
#4556 = CARTESIAN_POINT('',(-1.77299538361,6.520172392853));
#4557 = CARTESIAN_POINT('',(-1.784349142872,6.53168145952));
#4558 = CARTESIAN_POINT('',(-1.795682623365,6.543026255456));
#4559 = CARTESIAN_POINT('',(-1.828680108642,6.576056685704));
#4560 = CARTESIAN_POINT('',(-1.86277006359,6.608771517553));
#4561 = CARTESIAN_POINT('',(-1.897700047915,6.64094914194));
#4562 = CARTESIAN_POINT('',(-1.933759786515,6.674167499939));
#4563 = CARTESIAN_POINT('',(-1.970714585783,6.706813114083));
#4564 = CARTESIAN_POINT('',(-2.008236894707,6.738669410318));
#4565 = CARTESIAN_POINT('',(-2.038937622096,6.764734210016));
#4566 = CARTESIAN_POINT('',(-2.070017191248,6.79027111429));
#4567 = CARTESIAN_POINT('',(-2.101274557126,6.815175660903));
#4568 = CARTESIAN_POINT('',(-2.160862512403,6.862652822462));
#4569 = CARTESIAN_POINT('',(-2.22177899159,6.908389226316));
#4570 = CARTESIAN_POINT('',(-2.283894902915,6.95252971707));
#4571 = CARTESIAN_POINT('',(-2.34601081424,6.996670207825));
#4572 = CARTESIAN_POINT('',(-2.409326828201,7.039214851058));
#4573 = CARTESIAN_POINT('',(-2.473767080796,7.080287877618));
#4574 = ( GEOMETRIC_REPRESENTATION_CONTEXT(2) 
PARAMETRIC_REPRESENTATION_CONTEXT() REPRESENTATION_CONTEXT('2D SPACE',''
  ) );
#4575 = PCURVE('',#4576,#4613);
#4576 = B_SPLINE_SURFACE_WITH_KNOTS('',3,3,(
    (#4577,#4578,#4579,#4580,#4581,#4582)
    ,(#4583,#4584,#4585,#4586,#4587,#4588)
    ,(#4589,#4590,#4591,#4592,#4593,#4594)
    ,(#4595,#4596,#4597,#4598,#4599,#4600)
    ,(#4601,#4602,#4603,#4604,#4605,#4606)
    ,(#4607,#4608,#4609,#4610,#4611,#4612
    )),.UNSPECIFIED.,.F.,.F.,.F.,(4,2,4),(4,2,4),(0.,0.524107125,1.),(0.
    ,0.5,0.625),.UNSPECIFIED.);
#4577 = CARTESIAN_POINT('',(-1.543146335,32.350203773,-9.4));
#4578 = CARTESIAN_POINT('',(-0.870308043,32.165361218,-8.066666667));
#4579 = CARTESIAN_POINT('',(-0.164597263,32.101737791,-6.733333333));
#4580 = CARTESIAN_POINT('',(0.704204604,32.177959283,-5.066666667));
#4581 = CARTESIAN_POINT('',(0.877265629,32.200988267,-4.733333333));
#4582 = CARTESIAN_POINT('',(1.04896656,32.231631446,-4.4));
#4583 = CARTESIAN_POINT('',(-1.598020586,32.051136107,-9.4));
#4584 = CARTESIAN_POINT('',(-0.887825607,31.859663278,-8.066666667));
#4585 = CARTESIAN_POINT('',(-0.147357674,31.795924386,-6.733333333));
#4586 = CARTESIAN_POINT('',(0.765705069,31.88005383,-5.066666667));
#4587 = CARTESIAN_POINT('',(0.947662587,31.905098127,-4.733333333));
#4588 = CARTESIAN_POINT('',(1.128186825,31.938146724,-4.4));
#4589 = CARTESIAN_POINT('',(-1.525777597,31.694763514,-9.4));
#4590 = CARTESIAN_POINT('',(-0.775158247,31.512109192,-8.066666667));
#4591 = CARTESIAN_POINT('',(7.697988E-03,31.464458307,-6.733333333));
#4592 = CARTESIAN_POINT('',(0.966508462,31.576684308,-5.066666667));
#4593 = CARTESIAN_POINT('',(1.157253822,31.607766154,-4.733333333));
#4594 = CARTESIAN_POINT('',(1.346253039,31.647246799,-4.4));
#4595 = CARTESIAN_POINT('',(-1.352715394,31.138420993,-9.4));
#4596 = CARTESIAN_POINT('',(-0.53649988,30.975890198,-8.066666667));
#4597 = CARTESIAN_POINT('',(0.308718461,30.960744018,-6.733333333));
#4598 = CARTESIAN_POINT('',(1.335962705,31.125876747,-5.066666667));
#4599 = CARTESIAN_POINT('',(1.539905681,31.168075858,-4.733333333));
#4600 = CARTESIAN_POINT('',(1.741574899,31.219207756,-4.4));
#4601 = CARTESIAN_POINT('',(-1.233441714,30.872745053,-9.4));
#4602 = CARTESIAN_POINT('',(-0.384930656,30.724677316,-8.066666667));
#4603 = CARTESIAN_POINT('',(0.48850877,30.728984806,-6.733333333));
#4604 = CARTESIAN_POINT('',(1.546372654,30.924306734,-5.066666667));
#4605 = CARTESIAN_POINT('',(1.756212141,30.972873615,-4.733333333));
#4606 = CARTESIAN_POINT('',(1.963501146,31.030636642,-4.4));
#4607 = CARTESIAN_POINT('',(-1.084334152,30.612339213,-9.4));
#4608 = CARTESIAN_POINT('',(-0.205634967,30.481774996,-8.066666667));
#4609 = CARTESIAN_POINT('',(0.696044694,30.509452287,-6.733333333));
#4610 = CARTESIAN_POINT('',(1.782432903,30.738856737,-5.066666667));
#4611 = CARTESIAN_POINT('',(1.997634315,30.794469433,-4.733333333));
#4612 = CARTESIAN_POINT('',(2.209950505,30.85949725,-4.4));
#4613 = DEFINITIONAL_REPRESENTATION('',(#4614),#4617);
#4614 = B_SPLINE_CURVE_WITH_KNOTS('',1,(#4615,#4616),.UNSPECIFIED.,.F.,
  .F.,(2,2),(0.,1.814584E-03),.PIECEWISE_BEZIER_KNOTS.);
#4615 = CARTESIAN_POINT('',(1.724806332107E-15,-6.116879972879E-17));
#4616 = CARTESIAN_POINT('',(1.,-1.117885424139E-16));
#4617 = ( GEOMETRIC_REPRESENTATION_CONTEXT(2) 
PARAMETRIC_REPRESENTATION_CONTEXT() REPRESENTATION_CONTEXT('2D SPACE',''
  ) );
#4618 = ORIENTED_EDGE('',*,*,#4619,.F.);
#4619 = EDGE_CURVE('',#4620,#4475,#4622,.T.);
#4620 = VERTEX_POINT('',#4621);
#4621 = CARTESIAN_POINT('',(-1.373540243,32.96835874,-9.4));
#4622 = SURFACE_CURVE('',#4623,(#4627,#4634),.PCURVE_S1.);
#4623 = LINE('',#4624,#4625);
#4624 = CARTESIAN_POINT('',(-1.373540243,32.96835874,-9.4));
#4625 = VECTOR('',#4626,1.);
#4626 = DIRECTION('',(-0.264595833067,-0.964359396244,0.));
#4627 = PCURVE('',#66,#4628);
#4628 = DEFINITIONAL_REPRESENTATION('',(#4629),#4633);
#4629 = LINE('',#4630,#4631);
#4630 = CARTESIAN_POINT('',(-1.122801417856,5.128529708112));
#4631 = VECTOR('',#4632,1.);
#4632 = DIRECTION('',(-0.213866937084,0.976862801637));
#4633 = ( GEOMETRIC_REPRESENTATION_CONTEXT(2) 
PARAMETRIC_REPRESENTATION_CONTEXT() REPRESENTATION_CONTEXT('2D SPACE',''
  ) );
#4634 = PCURVE('',#4635,#4672);
#4635 = B_SPLINE_SURFACE_WITH_KNOTS('',3,3,(
    (#4636,#4637,#4638,#4639,#4640,#4641)
    ,(#4642,#4643,#4644,#4645,#4646,#4647)
    ,(#4648,#4649,#4650,#4651,#4652,#4653)
    ,(#4654,#4655,#4656,#4657,#4658,#4659)
    ,(#4660,#4661,#4662,#4663,#4664,#4665)
    ,(#4666,#4667,#4668,#4669,#4670,#4671
    )),.UNSPECIFIED.,.F.,.F.,.F.,(4,2,4),(4,2,4),(0.134783757271,
    0.134952654,1.000023522553),(-2.485028996447E-05,0.5,0.625),
  .UNSPECIFIED.);
#4636 = CARTESIAN_POINT('',(-1.373596531103,32.968503993308,
    -9.40019880232));
#4637 = CARTESIAN_POINT('',(-0.773957274933,32.803759181205,
    -8.06679920188));
#4638 = CARTESIAN_POINT('',(-0.145017882786,32.74705219664,
    -6.73339960044));
#4639 = CARTESIAN_POINT('',(0.629261342998,32.814981053102,-5.066666667)
  );
#4640 = CARTESIAN_POINT('',(0.783487848339,32.835503724711,-4.733333333)
  );
#4641 = CARTESIAN_POINT('',(0.936502313913,32.86281191316,-4.4));
#4642 = CARTESIAN_POINT('',(-1.373607570803,32.968463762973,
    -9.40019880232));
#4643 = CARTESIAN_POINT('',(-0.773963549177,32.803717639591,
    -8.06679920188));
#4644 = CARTESIAN_POINT('',(-0.145019158928,32.747010205799,
    -6.73339960044));
#4645 = CARTESIAN_POINT('',(0.629266218985,32.814939603068,-5.066666667)
  );
#4646 = CARTESIAN_POINT('',(0.783493950907,32.835462436793,-4.733333333)
  );
#4647 = CARTESIAN_POINT('',(0.936509631942,32.862770842774,-4.4));
#4648 = CARTESIAN_POINT('',(-1.37361860948,32.96842353264,-9.40019880232
    ));
#4649 = CARTESIAN_POINT('',(-0.773969823422,32.80367609695,
    -8.06679920188));
#4650 = CARTESIAN_POINT('',(-0.145020435069,32.746968215982,
    -6.73339960044));
#4651 = CARTESIAN_POINT('',(0.629271095996,32.814898153036,-5.066666667)
  );
#4652 = CARTESIAN_POINT('',(0.78350005245,32.8354211499,-4.733333333));
#4653 = CARTESIAN_POINT('',(0.936516949971,32.862729772388,-4.4));
#4654 = CARTESIAN_POINT('',(-1.43017027495,32.762326728379,
    -9.40019880232));
#4655 = CARTESIAN_POINT('',(-0.806111498169,32.590861550328,
    -8.06679920188));
#4656 = CARTESIAN_POINT('',(-0.151558085865,32.531857273105,
    -6.73339960044));
#4657 = CARTESIAN_POINT('',(0.654252663488,32.602552445283,-5.066666667)
  );
#4658 = CARTESIAN_POINT('',(0.814760053809,32.623910149256,-4.733333333)
  );
#4659 = CARTESIAN_POINT('',(0.974006118715,32.652329514158,-4.4));
#4660 = CARTESIAN_POINT('',(-1.486710901872,32.556270151108,
    -9.40019880232));
#4661 = CARTESIAN_POINT('',(-0.838246005293,32.37811099438,
    -8.06679920188));
#4662 = CARTESIAN_POINT('',(-0.1580968698,32.316783052736,-6.73339960044
    ));
#4663 = CARTESIAN_POINT('',(0.679230507042,32.390243233281,-5.066666667)
  );
#4664 = CARTESIAN_POINT('',(0.846015134686,32.412437198326,-4.733333333)
  );
#4665 = CARTESIAN_POINT('',(1.011488869482,32.441969285255,-4.4));
#4666 = CARTESIAN_POINT('',(-1.543251528727,32.350213576512,
    -9.40019880232));
#4667 = CARTESIAN_POINT('',(-0.870380960851,32.165349206997,
    -8.06679920188));
#4668 = CARTESIAN_POINT('',(-0.16463237719,32.101715942147,
    -6.73339960044));
#4669 = CARTESIAN_POINT('',(0.704206788429,32.177940706997,-5.066666667)
  );
#4670 = CARTESIAN_POINT('',(0.877268357369,32.200969780966,-4.733333333)
  );
#4671 = CARTESIAN_POINT('',(1.048969824068,32.231613081729,-4.4));
#4672 = DEFINITIONAL_REPRESENTATION('',(#4673),#4676);
#4673 = B_SPLINE_CURVE_WITH_KNOTS('',1,(#4674,#4675),.UNSPECIFIED.,.F.,
  .F.,(2,2),(0.,0.641000615967),.PIECEWISE_BEZIER_KNOTS.);
#4674 = CARTESIAN_POINT('',(0.134952653598,1.245652657441E-11));
#4675 = CARTESIAN_POINT('',(0.999998672262,1.160280287578E-12));
#4676 = ( GEOMETRIC_REPRESENTATION_CONTEXT(2) 
PARAMETRIC_REPRESENTATION_CONTEXT() REPRESENTATION_CONTEXT('2D SPACE',''
  ) );
#4677 = ORIENTED_EDGE('',*,*,#4678,.F.);
#4678 = EDGE_CURVE('',#4679,#4620,#4681,.T.);
#4679 = VERTEX_POINT('',#4680);
#4680 = CARTESIAN_POINT('',(-2.301899163,33.320433134,-9.4));
#4681 = SURFACE_CURVE('',#4682,(#4687,#4694),.PCURVE_S1.);
#4682 = CIRCLE('',#4683,5.25);
#4683 = AXIS2_PLACEMENT_3D('',#4684,#4685,#4686);
#4684 = CARTESIAN_POINT('',(1.5587882E-02,38.031245569,-9.4));
#4685 = DIRECTION('',(0.,0.,1.));
#4686 = DIRECTION('',(-0.885458521217,0.464718417114,0.));
#4687 = PCURVE('',#66,#4688);
#4688 = DEFINITIONAL_REPRESENTATION('',(#4689),#4693);
#4689 = CIRCLE('',#4690,5.25);
#4690 = AXIS2_PLACEMENT_2D('',#4691,#4692);
#4691 = CARTESIAN_POINT('',(0.,0.));
#4692 = DIRECTION('',(1.,0.));
#4693 = ( GEOMETRIC_REPRESENTATION_CONTEXT(2) 
PARAMETRIC_REPRESENTATION_CONTEXT() REPRESENTATION_CONTEXT('2D SPACE',''
  ) );
#4694 = PCURVE('',#4695,#4700);
#4695 = CYLINDRICAL_SURFACE('',#4696,5.25);
#4696 = AXIS2_PLACEMENT_3D('',#4697,#4698,#4699);
#4697 = CARTESIAN_POINT('',(1.5587882E-02,38.031245569,-9.4));
#4698 = DIRECTION('',(0.,0.,1.));
#4699 = DIRECTION('',(-0.885458521217,0.464718417114,0.));
#4700 = DEFINITIONAL_REPRESENTATION('',(#4701),#4705);
#4701 = LINE('',#4702,#4703);
#4702 = CARTESIAN_POINT('',(-4.440892098501E-16,0.));
#4703 = VECTOR('',#4704,1.);
#4704 = DIRECTION('',(1.,0.));
#4705 = ( GEOMETRIC_REPRESENTATION_CONTEXT(2) 
PARAMETRIC_REPRESENTATION_CONTEXT() REPRESENTATION_CONTEXT('2D SPACE',''
  ) );
#4706 = ORIENTED_EDGE('',*,*,#4707,.F.);
#4707 = EDGE_CURVE('',#4708,#4679,#4710,.T.);
#4708 = VERTEX_POINT('',#4709);
#4709 = CARTESIAN_POINT('',(-2.584853567,32.745264816,-9.4));
#4710 = SURFACE_CURVE('',#4711,(#4715,#4722),.PCURVE_S1.);
#4711 = LINE('',#4712,#4713);
#4712 = CARTESIAN_POINT('',(-2.584853567,32.745264816,-9.4));
#4713 = VECTOR('',#4714,1.);
#4714 = DIRECTION('',(0.441426103819,0.897297606632,0.));
#4715 = PCURVE('',#66,#4716);
#4716 = DEFINITIONAL_REPRESENTATION('',(#4717),#4721);
#4717 = LINE('',#4718,#4719);
#4718 = CARTESIAN_POINT('',(-0.153909568486,5.888989734708));
#4719 = VECTOR('',#4720,1.);
#4720 = DIRECTION('',(2.612621831997E-02,-0.999658652099));
#4721 = ( GEOMETRIC_REPRESENTATION_CONTEXT(2) 
PARAMETRIC_REPRESENTATION_CONTEXT() REPRESENTATION_CONTEXT('2D SPACE',''
  ) );
#4722 = PCURVE('',#4723,#4760);
#4723 = B_SPLINE_SURFACE_WITH_KNOTS('',3,3,(
    (#4724,#4725,#4726,#4727,#4728,#4729)
    ,(#4730,#4731,#4732,#4733,#4734,#4735)
    ,(#4736,#4737,#4738,#4739,#4740,#4741)
    ,(#4742,#4743,#4744,#4745,#4746,#4747)
    ,(#4748,#4749,#4750,#4751,#4752,#4753)
    ,(#4754,#4755,#4756,#4757,#4758,#4759
    )),.UNSPECIFIED.,.F.,.F.,.F.,(4,2,4),(4,2,4),(0.,0.865047346,
    0.865216229241),(0.,0.5,0.625000001),.UNSPECIFIED.);
#4724 = CARTESIAN_POINT('',(-2.584853567,32.745264816,-9.4));
#4725 = CARTESIAN_POINT('',(-1.958848433,32.437051074,-8.066666667));
#4726 = CARTESIAN_POINT('',(-1.277736496,32.24169965,-6.733333333));
#4727 = CARTESIAN_POINT('',(-0.410121114,32.152986822,-5.066666663));
#4728 = CARTESIAN_POINT('',(-0.235819238,32.1430214,-4.733333327));
#4729 = CARTESIAN_POINT('',(-6.1419593E-02,32.140790076,-4.39999999));
#4730 = CARTESIAN_POINT('',(-2.490535432,32.936987589,-9.4));
#4731 = CARTESIAN_POINT('',(-1.887235535,32.639952774,-8.066666667));
#4732 = CARTESIAN_POINT('',(-1.230829304,32.451684332,-6.733333333));
#4733 = CARTESIAN_POINT('',(-0.394680521,32.366188934,-5.066666663));
#4734 = CARTESIAN_POINT('',(-0.226700381,32.356585099,-4.733333327));
#4735 = CARTESIAN_POINT('',(-5.8626126E-02,32.35443494,-4.39999999));
#4736 = CARTESIAN_POINT('',(-2.396217298,33.128710362,-9.4));
#4737 = CARTESIAN_POINT('',(-1.815625189,32.842843531,-8.066666667));
#4738 = CARTESIAN_POINT('',(-1.18391756,32.661675354,-6.733333333));
#4739 = CARTESIAN_POINT('',(-0.379240206,32.579397878,-5.066666663));
#4740 = CARTESIAN_POINT('',(-0.217582309,32.570154558,-4.733333327));
#4741 = CARTESIAN_POINT('',(-5.5833667E-02,32.568084073,-4.39999999));
#4742 = CARTESIAN_POINT('',(-2.301880749527,33.320470564909,-9.4));
#4743 = CARTESIAN_POINT('',(-1.743995758099,33.045795777924,-8.066666667
    ));
#4744 = CARTESIAN_POINT('',(-1.137000012065,32.871702678307,-6.733333333
    ));
#4745 = CARTESIAN_POINT('',(-0.363796674045,32.792643389519,-5.066666663
    ));
#4746 = CARTESIAN_POINT('',(-0.208461904527,32.783762334734,-4.733333327
    ));
#4747 = CARTESIAN_POINT('',(-5.303997307035E-02,32.78177374714,
    -4.39999999));
#4748 = CARTESIAN_POINT('',(-2.301862334905,33.320507994791,-9.4));
#4749 = CARTESIAN_POINT('',(-1.743981776114,33.045835392905,-8.066666667
    ));
#4750 = CARTESIAN_POINT('',(-1.136990854129,32.871743673546,-6.733333333
    ));
#4751 = CARTESIAN_POINT('',(-0.363793660191,32.792685014183,-5.066666663
    ));
#4752 = CARTESIAN_POINT('',(-0.208460124005,32.783804029513,-4.733333327
    ));
#4753 = CARTESIAN_POINT('',(-5.303942701482E-02,32.781815458408,
    -4.39999999));
#4754 = CARTESIAN_POINT('',(-2.301843921686,33.320545424688,-9.4));
#4755 = CARTESIAN_POINT('',(-1.743967794177,33.045875007854,-8.066666667
    ));
#4756 = CARTESIAN_POINT('',(-1.136981696193,32.871784670142,-6.733333333
    ));
#4757 = CARTESIAN_POINT('',(-0.363790644961,32.792726637446,-5.066666663
    ));
#4758 = CARTESIAN_POINT('',(-0.208458343511,32.783845724266,-4.733333327
    ));
#4759 = CARTESIAN_POINT('',(-5.303888234931E-02,32.781857168284,
    -4.39999999));
#4760 = DEFINITIONAL_REPRESENTATION('',(#4761),#4764);
#4761 = B_SPLINE_CURVE_WITH_KNOTS('',1,(#4762,#4763),.UNSPECIFIED.,.F.,
  .F.,(2,2),(0.,0.641000615268),.PIECEWISE_BEZIER_KNOTS.);
#4762 = CARTESIAN_POINT('',(-1.113803344768E-14,1.143666179222E-16));
#4763 = CARTESIAN_POINT('',(0.865047345112,3.710663863539E-11));
#4764 = ( GEOMETRIC_REPRESENTATION_CONTEXT(2) 
PARAMETRIC_REPRESENTATION_CONTEXT() REPRESENTATION_CONTEXT('2D SPACE',''
  ) );
#4765 = ORIENTED_EDGE('',*,*,#4766,.F.);
#4766 = EDGE_CURVE('',#4767,#4708,#4769,.T.);
#4767 = VERTEX_POINT('',#4768);
#4768 = CARTESIAN_POINT('',(-4.08068608,31.748687203,-9.4));
#4769 = SURFACE_CURVE('',#4770,(#4817,#4867),.PCURVE_S1.);
#4770 = B_SPLINE_CURVE_WITH_KNOTS('',3,(#4771,#4772,#4773,#4774,#4775,
    #4776,#4777,#4778,#4779,#4780,#4781,#4782,#4783,#4784,#4785,#4786,
    #4787,#4788,#4789,#4790,#4791,#4792,#4793,#4794,#4795,#4796,#4797,
    #4798,#4799,#4800,#4801,#4802,#4803,#4804,#4805,#4806,#4807,#4808,
    #4809,#4810,#4811,#4812,#4813,#4814,#4815,#4816),.UNSPECIFIED.,.F.,
  .F.,(4,3,3,3,3,3,3,3,3,3,3,3,3,3,3,4),(0.,2.28581E-04,4.57162E-04,
    6.046481396233E-04,7.47235223548E-04,8.654446905197E-04,9.14323E-04,
    1.021575503939E-03,1.144137250833E-03,1.275179714813E-03,
    1.371485E-03,1.479654814516E-03,1.575663358457E-03,
    1.666600837569E-03,1.750837958414E-03,1.828646E-03),.UNSPECIFIED.);
#4771 = CARTESIAN_POINT('',(-4.08068608,31.748687203,-9.4));
#4772 = CARTESIAN_POINT('',(-4.008286419014,31.773146440042,
    -9.399999999977));
#4773 = CARTESIAN_POINT('',(-3.936619257557,31.799306002737,
    -9.399999999977));
#4774 = CARTESIAN_POINT('',(-3.865728207935,31.827306093885,
    -9.399999999018));
#4775 = CARTESIAN_POINT('',(-3.794837158313,31.855306185032,
    -9.399999998059));
#4776 = CARTESIAN_POINT('',(-3.724721546947,31.885146706019,
    -9.39999999614));
#4777 = CARTESIAN_POINT('',(-3.65547219404,31.91700087371,
    -9.399999992281));
#4778 = CARTESIAN_POINT('',(-3.610790791248,31.937553974028,
    -9.39999998979));
#4779 = CARTESIAN_POINT('',(-3.566150388282,31.959098862598,
    -9.399999978446));
#4780 = CARTESIAN_POINT('',(-3.52195685439,31.981532155531,
    -9.399999966038));
#4781 = CARTESIAN_POINT('',(-3.479231299689,32.003220280464,
    -9.399999954041));
#4782 = CARTESIAN_POINT('',(-3.436923716846,32.025738660217,
    -9.399999941049));
#4783 = CARTESIAN_POINT('',(-3.395367630327,32.04895904839,
    -9.399999934099));
#4784 = CARTESIAN_POINT('',(-3.360916243135,32.0682095277,
    -9.399999928338));
#4785 = CARTESIAN_POINT('',(-3.32698087136,32.087941876205,
    -9.39999992673));
#4786 = CARTESIAN_POINT('',(-3.293731265685,32.108064799198,
    -9.399999933285));
#4787 = CARTESIAN_POINT('',(-3.279982920836,32.116385405685,
    -9.399999935996));
#4788 = CARTESIAN_POINT('',(-3.266175981973,32.124860923954,
    -9.399999940102));
#4789 = CARTESIAN_POINT('',(-3.252345216627,32.133480163604,
    -9.399999945888));
#4790 = CARTESIAN_POINT('',(-3.221996699452,32.152393154753,
    -9.399999958583));
#4791 = CARTESIAN_POINT('',(-3.191839797131,32.171806587249,
    -9.3999999683));
#4792 = CARTESIAN_POINT('',(-3.162001787865,32.191710004372,
    -9.399999975727));
#4793 = CARTESIAN_POINT('',(-3.127904695441,32.214454439066,
    -9.399999984215));
#4794 = CARTESIAN_POINT('',(-3.094222900569,32.237838180982,
    -9.399999989713));
#4795 = CARTESIAN_POINT('',(-3.061095606209,32.261890988222,
    -9.399999993251));
#4796 = CARTESIAN_POINT('',(-3.025676053307,32.287608140647,
    -9.399999997033));
#4797 = CARTESIAN_POINT('',(-2.990887626584,32.31409006952,
    -9.399999998574));
#4798 = CARTESIAN_POINT('',(-2.956878641465,32.341426229266,
    -9.39999999913));
#4799 = CARTESIAN_POINT('',(-2.931884872946,32.361516027492,
    -9.399999999539));
#4800 = CARTESIAN_POINT('',(-2.907311402915,32.382068348763,
    -9.399999999416));
#4801 = CARTESIAN_POINT('',(-2.88322434887,32.403135347988,
    -9.39999999926));
#4802 = CARTESIAN_POINT('',(-2.85616984025,32.426797739871,
    -9.399999999085));
#4803 = CARTESIAN_POINT('',(-2.829805039767,32.451040194117,
    -9.399999999034));
#4804 = CARTESIAN_POINT('',(-2.80419242299,32.475992489253,
    -9.399999999058));
#4805 = CARTESIAN_POINT('',(-2.781459370758,32.498139458208,
    -9.39999999908));
#4806 = CARTESIAN_POINT('',(-2.759318438529,32.520846115943,
    -9.399999999161));
#4807 = CARTESIAN_POINT('',(-2.737850058115,32.544221119424,
    -9.399999999267));
#4808 = CARTESIAN_POINT('',(-2.717515613748,32.566361481142,
    -9.399999999368));
#4809 = CARTESIAN_POINT('',(-2.697783999664,32.58910163004,
    -9.399999999491));
#4810 = CARTESIAN_POINT('',(-2.678765713659,32.612546812866,
    -9.399999999607));
#4811 = CARTESIAN_POINT('',(-2.661148712703,32.634264532757,
    -9.399999999715));
#4812 = CARTESIAN_POINT('',(-2.644143580919,32.656587375159,
    -9.399999999817));
#4813 = CARTESIAN_POINT('',(-2.627880198923,32.679608033645,
    -9.39999999989));
#4814 = CARTESIAN_POINT('',(-2.612858057972,32.700871727546,
    -9.399999999957));
#4815 = CARTESIAN_POINT('',(-2.598468692283,32.72273089549,-9.4));
#4816 = CARTESIAN_POINT('',(-2.584853567,32.745264816,-9.4));
#4817 = PCURVE('',#66,#4818);
#4818 = DEFINITIONAL_REPRESENTATION('',(#4819),#4866);
#4819 = B_SPLINE_CURVE_WITH_KNOTS('',3,(#4820,#4821,#4822,#4823,#4824,
    #4825,#4826,#4827,#4828,#4829,#4830,#4831,#4832,#4833,#4834,#4835,
    #4836,#4837,#4838,#4839,#4840,#4841,#4842,#4843,#4844,#4845,#4846,
    #4847,#4848,#4849,#4850,#4851,#4852,#4853,#4854,#4855,#4856,#4857,
    #4858,#4859,#4860,#4861,#4862,#4863,#4864,#4865),.UNSPECIFIED.,.F.,
  .F.,(4,3,3,3,3,3,3,3,3,3,3,3,3,3,3,4),(0.,2.28581E-04,4.57162E-04,
    6.046481396233E-04,7.47235223548E-04,8.654446905197E-04,9.14323E-04,
    1.021575503939E-03,1.144137250833E-03,1.275179714813E-03,
    1.371485E-03,1.479654814516E-03,1.575663358457E-03,
    1.666600837569E-03,1.750837958414E-03,1.828646E-03),.UNSPECIFIED.);
#4820 = CARTESIAN_POINT('',(0.707460105619,7.466558791901));
#4821 = CARTESIAN_POINT('',(0.654719866788,7.411255696187));
#4822 = CARTESIAN_POINT('',(0.603418398552,7.354787438656));
#4823 = CARTESIAN_POINT('',(0.553659472623,7.297050142986));
#4824 = CARTESIAN_POINT('',(0.503900546695,7.239312847317));
#4825 = CARTESIAN_POINT('',(0.45568352082,7.180306287803));
#4826 = CARTESIAN_POINT('',(0.409169309587,7.119919293915));
#4827 = CARTESIAN_POINT('',(0.379157184992,7.080956105321));
#4828 = CARTESIAN_POINT('',(0.349642266308,7.041133782742));
#4829 = CARTESIAN_POINT('',(0.320935889522,7.00073248324));
#4830 = CARTESIAN_POINT('',(0.293183054128,6.961673196058));
#4831 = CARTESIAN_POINT('',(0.266186150182,6.92207299189));
#4832 = CARTESIAN_POINT('',(0.240180901302,6.882200422568));
#4833 = CARTESIAN_POINT('',(0.218621679219,6.849144727502));
#4834 = CARTESIAN_POINT('',(0.197743300874,6.81590215912));
#4835 = CARTESIAN_POINT('',(0.177653647122,6.782632441364));
#4836 = CARTESIAN_POINT('',(0.169346797099,6.768875780392));
#4837 = CARTESIAN_POINT('',(0.161060054866,6.754954721747));
#4838 = CARTESIAN_POINT('',(0.152819005242,6.740895331173));
#4839 = CARTESIAN_POINT('',(0.134735867412,6.710045147135));
#4840 = CARTESIAN_POINT('',(0.117054960899,6.678840889993));
#4841 = CARTESIAN_POINT('',(9.988412583866E-02,6.647350967265));
#4842 = CARTESIAN_POINT('',(8.026232249246E-02,6.611366166935));
#4843 = CARTESIAN_POINT('',(6.130534574283E-02,6.575008282999));
#4844 = CARTESIAN_POINT('',(4.315028317447E-02,6.538315656071));
#4845 = CARTESIAN_POINT('',(2.373897260703E-02,6.499084065755));
#4846 = CARTESIAN_POINT('',(5.241903793582E-03,6.459468593577));
#4847 = CARTESIAN_POINT('',(-1.216802499069E-02,6.419458956259));
#4848 = CARTESIAN_POINT('',(-2.496287107143E-02,6.390055208687));
#4849 = CARTESIAN_POINT('',(-3.717061729743E-02,6.36043723659));
#4850 = CARTESIAN_POINT('',(-4.870848201943E-02,6.330589584982));
#4851 = CARTESIAN_POINT('',(-6.166777791332E-02,6.297064790035));
#4852 = CARTESIAN_POINT('',(-7.374680019744E-02,6.263346894));
#4853 = CARTESIAN_POINT('',(-8.482991887416E-02,6.229350016921));
#4854 = CARTESIAN_POINT('',(-9.466698932902E-02,6.199175326491));
#4855 = CARTESIAN_POINT('',(-0.103719664398,6.168780223932));
#4856 = CARTESIAN_POINT('',(-0.111866230155,6.138105876152));
#4857 = CARTESIAN_POINT('',(-0.119582503342,6.109051713408));
#4858 = CARTESIAN_POINT('',(-0.12648626317,6.079746610328));
#4859 = CARTESIAN_POINT('',(-0.13243075832,6.050148725645));
#4860 = CARTESIAN_POINT('',(-0.137937257523,6.022731640708));
#4861 = CARTESIAN_POINT('',(-0.142620760379,5.995063091759));
#4862 = CARTESIAN_POINT('',(-0.146323186579,5.967121360401));
#4863 = CARTESIAN_POINT('',(-0.149743039119,5.941312175879));
#4864 = CARTESIAN_POINT('',(-0.152325867657,5.91526978611));
#4865 = CARTESIAN_POINT('',(-0.153909568486,5.888989734708));
#4866 = ( GEOMETRIC_REPRESENTATION_CONTEXT(2) 
PARAMETRIC_REPRESENTATION_CONTEXT() REPRESENTATION_CONTEXT('2D SPACE',''
  ) );
#4867 = PCURVE('',#4868,#4905);
#4868 = B_SPLINE_SURFACE_WITH_KNOTS('',3,3,(
    (#4869,#4870,#4871,#4872,#4873,#4874)
    ,(#4875,#4876,#4877,#4878,#4879,#4880)
    ,(#4881,#4882,#4883,#4884,#4885,#4886)
    ,(#4887,#4888,#4889,#4890,#4891,#4892)
    ,(#4893,#4894,#4895,#4896,#4897,#4898)
    ,(#4899,#4900,#4901,#4902,#4903,#4904
    )),.UNSPECIFIED.,.F.,.F.,.F.,(4,2,4),(4,2,4),(0.,0.475892875,1.),(0.
    ,0.5,0.625),.UNSPECIFIED.);
#4869 = CARTESIAN_POINT('',(-4.08068608,31.748687203,-9.4));
#4870 = CARTESIAN_POINT('',(-3.336697129,31.26325985,-8.066666667));
#4871 = CARTESIAN_POINT('',(-2.505772849,30.912037759,-6.733333333));
#4872 = CARTESIAN_POINT('',(-1.422797598,30.667027502,-5.066666667));
#4873 = CARTESIAN_POINT('',(-1.204027058,30.627735483,-4.733333333));
#4874 = CARTESIAN_POINT('',(-0.98394836,30.598203437,-4.4));
#4875 = CARTESIAN_POINT('',(-3.796397487,31.844730223,-9.4));
#4876 = CARTESIAN_POINT('',(-3.064289096,31.393419755,-8.066666667));
#4877 = CARTESIAN_POINT('',(-2.250250556,31.073378642,-6.733333333));
#4878 = CARTESIAN_POINT('',(-1.195306377,30.8628579,-5.066666667));
#4879 = CARTESIAN_POINT('',(-0.982484302,30.830225157,-4.733333333));
#4880 = CARTESIAN_POINT('',(-0.768642512,30.807082206,-4.4));
#4881 = CARTESIAN_POINT('',(-3.530944967,31.964501272,-9.4));
#4882 = CARTESIAN_POINT('',(-2.812459786,31.543838557,-8.066666667));
#4883 = CARTESIAN_POINT('',(-2.018852611,31.253524971,-6.733333333));
#4884 = CARTESIAN_POINT('',(-0.994090535,31.073630646,-5.066666667));
#4885 = CARTESIAN_POINT('',(-0.787541936,31.046832989,-4.733333333));
#4886 = CARTESIAN_POINT('',(-0.580216188,31.029230416,-4.4));
#4887 = CARTESIAN_POINT('',(-3.032484749,32.266173254,-9.4));
#4888 = CARTESIAN_POINT('',(-2.349773933,31.905382629,-8.066666667));
#4889 = CARTESIAN_POINT('',(-1.602350558,31.666639117,-6.733333333));
#4890 = CARTESIAN_POINT('',(-0.645254059,31.540630804,-5.066666667));
#4891 = CARTESIAN_POINT('',(-0.452723292,31.524003474,-4.733333333));
#4892 = CARTESIAN_POINT('',(-0.259832226,31.515923359,-4.4));
#4893 = CARTESIAN_POINT('',(-2.742095351,32.485019406,-9.4));
#4894 = CARTESIAN_POINT('',(-2.087037127,32.15897174,-8.066666667));
#4895 = CARTESIAN_POINT('',(-1.370002234,31.949836688,-6.733333333));
#4896 = CARTESIAN_POINT('',(-0.458244496,31.852580317,-5.066666667));
#4897 = CARTESIAN_POINT('',(-0.275149036,31.841309258,-4.733333333));
#4898 = CARTESIAN_POINT('',(-9.1939901E-02,31.838175817,-4.4));
#4899 = CARTESIAN_POINT('',(-2.584853567,32.745264816,-9.4));
#4900 = CARTESIAN_POINT('',(-1.958848433,32.437051074,-8.066666667));
#4901 = CARTESIAN_POINT('',(-1.277736308,32.241700515,-6.733333333));
#4902 = CARTESIAN_POINT('',(-0.41012105,32.1529877,-5.066666667));
#4903 = CARTESIAN_POINT('',(-0.235819194,32.143022224,-4.733333333));
#4904 = CARTESIAN_POINT('',(-6.1419564E-02,32.140790819,-4.4));
#4905 = DEFINITIONAL_REPRESENTATION('',(#4906),#4909);
#4906 = B_SPLINE_CURVE_WITH_KNOTS('',1,(#4907,#4908),.UNSPECIFIED.,.F.,
  .F.,(2,2),(0.,1.828646E-03),.PIECEWISE_BEZIER_KNOTS.);
#4907 = CARTESIAN_POINT('',(-1.08950391229E-15,1.028290426905E-16));
#4908 = CARTESIAN_POINT('',(1.,-2.054094703496E-16));
#4909 = ( GEOMETRIC_REPRESENTATION_CONTEXT(2) 
PARAMETRIC_REPRESENTATION_CONTEXT() REPRESENTATION_CONTEXT('2D SPACE',''
  ) );
#4910 = ORIENTED_EDGE('',*,*,#4911,.F.);
#4911 = EDGE_CURVE('',#4912,#4767,#4914,.T.);
#4912 = VERTEX_POINT('',#4913);
#4913 = CARTESIAN_POINT('',(-4.406082406,31.973289489,-9.4));
#4914 = SURFACE_CURVE('',#4915,(#4920,#4927),.PCURVE_S1.);
#4915 = CIRCLE('',#4916,7.499993187431);
#4916 = AXIS2_PLACEMENT_3D('',#4917,#4918,#4919);
#4917 = CARTESIAN_POINT('',(1.558400135912E-02,38.03123996697,-9.4));
#4918 = DIRECTION('',(0.,0.,1.));
#4919 = DIRECTION('',(-0.546169840291,-0.837674462758,0.));
#4920 = PCURVE('',#66,#4921);
#4921 = DEFINITIONAL_REPRESENTATION('',(#4922),#4926);
#4922 = CIRCLE('',#4923,7.499993187431);
#4923 = AXIS2_PLACEMENT_2D('',#4924,#4925);
#4924 = CARTESIAN_POINT('',(8.327800679516E-07,6.763770400052E-06));
#4925 = DIRECTION('',(9.43279887273E-02,0.99554117471));
#4926 = ( GEOMETRIC_REPRESENTATION_CONTEXT(2) 
PARAMETRIC_REPRESENTATION_CONTEXT() REPRESENTATION_CONTEXT('2D SPACE',''
  ) );
#4927 = PCURVE('',#4928,#4965);
#4928 = B_SPLINE_SURFACE_WITH_KNOTS('',3,3,(
    (#4929,#4930,#4931,#4932,#4933,#4934)
    ,(#4935,#4936,#4937,#4938,#4939,#4940)
    ,(#4941,#4942,#4943,#4944,#4945,#4946)
    ,(#4947,#4948,#4949,#4950,#4951,#4952)
    ,(#4953,#4954,#4955,#4956,#4957,#4958)
    ,(#4959,#4960,#4961,#4962,#4963,#4964
    )),.UNSPECIFIED.,.F.,.F.,.F.,(4,2,4),(4,2,4),(0.,0.5,1.),(0.,0.5,
    0.625000001),.UNSPECIFIED.);
#4929 = CARTESIAN_POINT('',(-4.406082406,31.973289489,-9.4));
#4930 = CARTESIAN_POINT('',(-3.688709135,31.449328743,-8.066666667));
#4931 = CARTESIAN_POINT('',(-2.877448771,31.054805309,-6.733333333));
#4932 = CARTESIAN_POINT('',(-1.808890361,30.753063127,-5.066666665));
#4933 = CARTESIAN_POINT('',(-1.592494496,30.702296581,-4.73333333));
#4934 = CARTESIAN_POINT('',(-1.374277944,30.661207508,-4.399999995));
#4935 = CARTESIAN_POINT('',(-4.352849077,31.934434763,-9.4));
#4936 = CARTESIAN_POINT('',(-3.630862791,31.416793808,-8.066666667));
#4937 = CARTESIAN_POINT('',(-2.816142968,31.029383297,-6.733333333));
#4938 = CARTESIAN_POINT('',(-1.744935795,30.737031058,-5.066666665));
#4939 = CARTESIAN_POINT('',(-1.528094021,30.688167199,-4.73333333));
#4940 = CARTESIAN_POINT('',(-1.309516394,30.64899708,-4.399999995));
#4941 = CARTESIAN_POINT('',(-4.299103576,31.896281744,-9.4));
#4942 = CARTESIAN_POINT('',(-3.572604814,31.384989223,-8.066666667));
#4943 = CARTESIAN_POINT('',(-2.754504291,31.004768549,-6.733333333));
#4944 = CARTESIAN_POINT('',(-1.680766485,30.721841471,-5.066666665));
#4945 = CARTESIAN_POINT('',(-1.463503503,30.674883965,-4.73333333));
#4946 = CARTESIAN_POINT('',(-1.244590154,30.637634777,-4.399999995));
#4947 = CARTESIAN_POINT('',(-4.19062557,31.821405643,-9.4));
#4948 = CARTESIAN_POINT('',(-3.455254171,31.322959223,-8.066666667));
#4949 = CARTESIAN_POINT('',(-2.630599259,30.957175166,-6.733333333));
#4950 = CARTESIAN_POINT('',(-1.552055576,30.693159765,-5.066666665));
#4951 = CARTESIAN_POINT('',(-1.334000898,30.650027404,-4.73333333));
#4952 = CARTESIAN_POINT('',(-1.114466654,30.616630925,-4.399999995));
#4953 = CARTESIAN_POINT('',(-4.135893066,31.784682561,-9.4));
#4954 = CARTESIAN_POINT('',(-3.396161505,31.29273381,-8.066666667));
#4955 = CARTESIAN_POINT('',(-2.568328997,30.934192702,-6.733333333));
#4956 = CARTESIAN_POINT('',(-1.487509226,30.679667147,-5.066666665));
#4957 = CARTESIAN_POINT('',(-1.26908426,30.638453985,-4.73333333));
#4958 = CARTESIAN_POINT('',(-1.049265242,30.606989518,-4.399999995));
#4959 = CARTESIAN_POINT('',(-4.08068608,31.748687203,-9.4));
#4960 = CARTESIAN_POINT('',(-3.336697129,31.26325985,-8.066666667));
#4961 = CARTESIAN_POINT('',(-2.505772849,30.912037759,-6.733333333));
#4962 = CARTESIAN_POINT('',(-1.422797597,30.667027502,-5.066666665));
#4963 = CARTESIAN_POINT('',(-1.204027056,30.627735482,-4.73333333));
#4964 = CARTESIAN_POINT('',(-0.983948357,30.598203436,-4.399999995));
#4965 = DEFINITIONAL_REPRESENTATION('',(#4966),#4969);
#4966 = B_SPLINE_CURVE_WITH_KNOTS('',1,(#4967,#4968),.UNSPECIFIED.,.F.,
  .F.,(2,2),(6.230461210399,6.28318530718),.PIECEWISE_BEZIER_KNOTS.);
#4967 = CARTESIAN_POINT('',(-9.124336641984E-15,-1.400768158698E-16));
#4968 = CARTESIAN_POINT('',(1.,-5.122056210461E-17));
#4969 = ( GEOMETRIC_REPRESENTATION_CONTEXT(2) 
PARAMETRIC_REPRESENTATION_CONTEXT() REPRESENTATION_CONTEXT('2D SPACE',''
  ) );
#4970 = ORIENTED_EDGE('',*,*,#4971,.F.);
#4971 = EDGE_CURVE('',#4972,#4912,#4974,.T.);
#4972 = VERTEX_POINT('',#4973);
#4973 = CARTESIAN_POINT('',(-4.004714487,33.725312788,-9.4));
#4974 = SURFACE_CURVE('',#4975,(#5022,#5072),.PCURVE_S1.);
#4975 = B_SPLINE_CURVE_WITH_KNOTS('',3,(#4976,#4977,#4978,#4979,#4980,
    #4981,#4982,#4983,#4984,#4985,#4986,#4987,#4988,#4989,#4990,#4991,
    #4992,#4993,#4994,#4995,#4996,#4997,#4998,#4999,#5000,#5001,#5002,
    #5003,#5004,#5005,#5006,#5007,#5008,#5009,#5010,#5011,#5012,#5013,
    #5014,#5015,#5016,#5017,#5018,#5019,#5020,#5021),.UNSPECIFIED.,.F.,
  .F.,(4,3,3,3,3,3,3,3,3,3,3,3,3,3,3,4),(0.,8.233513576661E-05,
    1.688492592849E-04,2.62721086334E-04,3.663088955024E-04,4.53646E-04,
    5.833623400052E-04,7.103042415042E-04,8.206423511521E-04,9.07292E-04
    ,9.556732785413E-04,1.0965374431E-03,1.241957689226E-03,1.360938E-03
    ,1.587761E-03,1.814584E-03),.UNSPECIFIED.);
#4976 = CARTESIAN_POINT('',(-4.004714487,33.725312788,-9.4));
#4977 = CARTESIAN_POINT('',(-4.022032236043,33.703218337615,-9.4));
#4978 = CARTESIAN_POINT('',(-4.038321281296,33.680572696,-9.4));
#4979 = CARTESIAN_POINT('',(-4.053731340697,33.657500620111,
    -9.399999999995));
#4980 = CARTESIAN_POINT('',(-4.069923550379,33.633257501973,
    -9.399999999989));
#4981 = CARTESIAN_POINT('',(-4.08514523505,33.608543131074,
    -9.399999999978));
#4982 = CARTESIAN_POINT('',(-4.099541262833,33.583452240702,
    -9.399999999956));
#4983 = CARTESIAN_POINT('',(-4.115161619086,33.556227463685,
    -9.399999999931));
#4984 = CARTESIAN_POINT('',(-4.129810019234,33.528559055282,
    -9.399999999893));
#4985 = CARTESIAN_POINT('',(-4.14363771207,33.500516504763,
    -9.399999999833));
#4986 = CARTESIAN_POINT('',(-4.158896607648,33.469571476173,
    -9.399999999768));
#4987 = CARTESIAN_POINT('',(-4.173156348498,33.438170269957,
    -9.399999999676));
#4988 = CARTESIAN_POINT('',(-4.186577628074,33.406353223112,
    -9.399999999548));
#4989 = CARTESIAN_POINT('',(-4.197893396852,33.379527588249,
    -9.399999999441));
#4990 = CARTESIAN_POINT('',(-4.208612258514,33.352404947079,
    -9.399999999307));
#4991 = CARTESIAN_POINT('',(-4.218809314288,33.324990550746,
    -9.399999999142));
#4992 = CARTESIAN_POINT('',(-4.233954363593,33.284273662131,
    -9.399999998897));
#4993 = CARTESIAN_POINT('',(-4.247895894241,33.243058012061,
    -9.399999990659));
#4994 = CARTESIAN_POINT('',(-4.260808311454,33.2014474493,
    -9.399999980191));
#4995 = CARTESIAN_POINT('',(-4.273444551375,33.160726874243,
    -9.399999969947));
#4996 = CARTESIAN_POINT('',(-4.285094400233,33.119625222943,
    -9.399999957569));
#4997 = CARTESIAN_POINT('',(-4.295874177983,33.078245023969,
    -9.399999948458));
#4998 = CARTESIAN_POINT('',(-4.305243978541,33.042277286936,
    -9.399999940539));
#4999 = CARTESIAN_POINT('',(-4.313955481557,33.006097969412,
    -9.399999935088));
#5000 = CARTESIAN_POINT('',(-4.322061921547,32.969803318857,
    -9.399999935653));
#5001 = CARTESIAN_POINT('',(-4.328427991989,32.941300757633,
    -9.399999936097));
#5002 = CARTESIAN_POINT('',(-4.33442044214,32.9127273181,-9.399999940251
    ));
#5003 = CARTESIAN_POINT('',(-4.340057638761,32.884151294144,
    -9.399999949833));
#5004 = CARTESIAN_POINT('',(-4.343205196581,32.868195723717,
    -9.399999955183));
#5005 = CARTESIAN_POINT('',(-4.346227188081,32.852313951132,
    -9.399999959963));
#5006 = CARTESIAN_POINT('',(-4.349125507633,32.836542181408,
    -9.399999964232));
#5007 = CARTESIAN_POINT('',(-4.357564089139,32.790621998381,
    -9.399999976662));
#5008 = CARTESIAN_POINT('',(-4.365122330864,32.743982015271,
    -9.399999984768));
#5009 = CARTESIAN_POINT('',(-4.371761257693,32.696955876085,
    -9.399999990055));
#5010 = CARTESIAN_POINT('',(-4.378614912606,32.648408733126,
    -9.399999995513));
#5011 = CARTESIAN_POINT('',(-4.384488743945,32.599450331278,
    -9.399999997966));
#5012 = CARTESIAN_POINT('',(-4.38939058855,32.550473269443,
    -9.399999999071));
#5013 = CARTESIAN_POINT('',(-4.39340119237,32.510401091097,
    -9.399999999975));
#5014 = CARTESIAN_POINT('',(-4.396762161027,32.470317016482,
    -9.399999999976));
#5015 = CARTESIAN_POINT('',(-4.399501730492,32.430445830493,
    -9.399999999981));
#5016 = CARTESIAN_POINT('',(-4.404724421212,32.354435758232,
    -9.399999999991));
#5017 = CARTESIAN_POINT('',(-4.407759811759,32.278321210425,
    -9.399999999995));
#5018 = CARTESIAN_POINT('',(-4.408800441644,32.202126144755,
    -9.399999999998));
#5019 = CARTESIAN_POINT('',(-4.409841071529,32.125931079085,-9.4));
#5020 = CARTESIAN_POINT('',(-4.408886613826,32.049654906477,-9.4));
#5021 = CARTESIAN_POINT('',(-4.406082406,31.973289489,-9.4));
#5022 = PCURVE('',#66,#5023);
#5023 = DEFINITIONAL_REPRESENTATION('',(#5024),#5071);
#5024 = B_SPLINE_CURVE_WITH_KNOTS('',3,(#5025,#5026,#5027,#5028,#5029,
    #5030,#5031,#5032,#5033,#5034,#5035,#5036,#5037,#5038,#5039,#5040,
    #5041,#5042,#5043,#5044,#5045,#5046,#5047,#5048,#5049,#5050,#5051,
    #5052,#5053,#5054,#5055,#5056,#5057,#5058,#5059,#5060,#5061,#5062,
    #5063,#5064,#5065,#5066,#5067,#5068,#5069,#5070),.UNSPECIFIED.,.F.,
  .F.,(4,3,3,3,3,3,3,3,3,3,3,3,3,3,3,4),(0.,8.233513576661E-05,
    1.688492592849E-04,2.62721086334E-04,3.663088955024E-04,4.53646E-04,
    5.833623400052E-04,7.103042415042E-04,8.206423511521E-04,9.07292E-04
    ,9.556732785413E-04,1.0965374431E-03,1.241957689226E-03,1.360938E-03
    ,1.587761E-03,1.814584E-03),.UNSPECIFIED.);
#5025 = CARTESIAN_POINT('',(1.558764724314,5.681033425963));
#5026 = CARTESIAN_POINT('',(1.563831174762,5.708645022252));
#5027 = CARTESIAN_POINT('',(1.567730601958,5.736266617914));
#5028 = CARTESIAN_POINT('',(1.570653551781,5.763857322525));
#5029 = CARTESIAN_POINT('',(1.573724858334,5.792848416114));
#5030 = CARTESIAN_POINT('',(1.57571780541,5.821805763629));
#5031 = CARTESIAN_POINT('',(1.576804692024,5.850712805558));
#5032 = CARTESIAN_POINT('',(1.577984014291,5.882078283588));
#5033 = CARTESIAN_POINT('',(1.578096546067,5.913384892908));
#5034 = CARTESIAN_POINT('',(1.577308504828,5.944641391748));
#5035 = CARTESIAN_POINT('',(1.576438899238,5.979133020802));
#5036 = CARTESIAN_POINT('',(1.574472589437,6.01356425062));
#5037 = CARTESIAN_POINT('',(1.571570608155,6.047974041668));
#5038 = CARTESIAN_POINT('',(1.569123885472,6.0769856748));
#5039 = CARTESIAN_POINT('',(1.566010601997,6.105982900966));
#5040 = CARTESIAN_POINT('',(1.562299697053,6.134995971421));
#5041 = CARTESIAN_POINT('',(1.556788121988,6.178087270743));
#5042 = CARTESIAN_POINT('',(1.549979097437,6.221060905361));
#5043 = CARTESIAN_POINT('',(1.542075312426,6.263905970818));
#5044 = CARTESIAN_POINT('',(1.534340577556,6.305834644405));
#5045 = CARTESIAN_POINT('',(1.525555341166,6.347642351106));
#5046 = CARTESIAN_POINT('',(1.515870246665,6.38929236215));
#5047 = CARTESIAN_POINT('',(1.507451946589,6.425494620279));
#5048 = CARTESIAN_POINT('',(1.498352425995,6.461578301164));
#5049 = CARTESIAN_POINT('',(1.488663549806,6.497482920733));
#5050 = CARTESIAN_POINT('',(1.48105477599,6.525679186625));
#5051 = CARTESIAN_POINT('',(1.473082238447,6.553764584089));
#5052 = CARTESIAN_POINT('',(1.464793937611,6.581687177094));
#5053 = CARTESIAN_POINT('',(1.460166122071,6.597277900977));
#5054 = CARTESIAN_POINT('',(1.455461417979,6.612744926951));
#5055 = CARTESIAN_POINT('',(1.450698327862,6.628057077322));
#5056 = CARTESIAN_POINT('',(1.436830386994,6.672639058919));
#5057 = CARTESIAN_POINT('',(1.42184843741,6.717449283524));
#5058 = CARTESIAN_POINT('',(1.405873018777,6.762174210753));
#5059 = CARTESIAN_POINT('',(1.389380894489,6.80834571183));
#5060 = CARTESIAN_POINT('',(1.371830057489,6.854426023534));
#5061 = CARTESIAN_POINT('',(1.353409894914,6.900071157746));
#5062 = CARTESIAN_POINT('',(1.33833883895,6.937417210985));
#5063 = CARTESIAN_POINT('',(1.32268702958,6.974471900452));
#5064 = CARTESIAN_POINT('',(1.306583930267,7.011049310222));
#5065 = CARTESIAN_POINT('',(1.275885125802,7.080780156968));
#5066 = CARTESIAN_POINT('',(1.243201006051,7.149587033803));
#5067 = CARTESIAN_POINT('',(1.20871319034,7.217538203848));
#5068 = CARTESIAN_POINT('',(1.174225374629,7.285489373893));
#5069 = CARTESIAN_POINT('',(1.137933299725,7.352585206822));
#5070 = CARTESIAN_POINT('',(1.099961874078,7.418900449431));
#5071 = ( GEOMETRIC_REPRESENTATION_CONTEXT(2) 
PARAMETRIC_REPRESENTATION_CONTEXT() REPRESENTATION_CONTEXT('2D SPACE',''
  ) );
#5072 = PCURVE('',#5073,#5110);
#5073 = B_SPLINE_SURFACE_WITH_KNOTS('',3,3,(
    (#5074,#5075,#5076,#5077,#5078,#5079)
    ,(#5080,#5081,#5082,#5083,#5084,#5085)
    ,(#5086,#5087,#5088,#5089,#5090,#5091)
    ,(#5092,#5093,#5094,#5095,#5096,#5097)
    ,(#5098,#5099,#5100,#5101,#5102,#5103)
    ,(#5104,#5105,#5106,#5107,#5108,#5109
    )),.UNSPECIFIED.,.F.,.F.,.F.,(4,2,4),(4,2,4),(0.,0.524107125,1.),(0.
    ,0.5,0.625),.UNSPECIFIED.);
#5074 = CARTESIAN_POINT('',(-4.004714487,33.725312788,-9.4));
#5075 = CARTESIAN_POINT('',(-3.494846385,33.248959289,-8.066666667));
#5076 = CARTESIAN_POINT('',(-2.899537423,32.864664075,-6.733333333));
#5077 = CARTESIAN_POINT('',(-2.094829782,32.528402537,-5.066666667));
#5078 = CARTESIAN_POINT('',(-1.93088978,32.468368181,-4.733333333));
#5079 = CARTESIAN_POINT('',(-1.764615594,32.415707901,-4.4));
#5080 = CARTESIAN_POINT('',(-4.192286898,33.486002857,-9.4));
#5081 = CARTESIAN_POINT('',(-3.652422335,32.986418024,-8.066666667));
#5082 = CARTESIAN_POINT('',(-3.026390587,32.585868073,-6.733333333));
#5083 = CARTESIAN_POINT('',(-2.178817075,32.236039355,-5.066666667));
#5084 = CARTESIAN_POINT('',(-2.006063099,32.173655051,-4.733333333));
#5085 = CARTESIAN_POINT('',(-1.830858449,32.119024283,-4.4));
#5086 = CARTESIAN_POINT('',(-4.293933916,33.136878299,-9.4));
#5087 = CARTESIAN_POINT('',(-3.714177185,32.626315724,-8.066666667));
#5088 = CARTESIAN_POINT('',(-3.043136569,32.220312163,-6.733333333));
#5089 = CARTESIAN_POINT('',(-2.141998237,31.874101857,-5.066666667));
#5090 = CARTESIAN_POINT('',(-1.958657207,31.812979606,-4.733333333));
#5091 = CARTESIAN_POINT('',(-1.772959196,31.760105568,-4.4));
#5092 = CARTESIAN_POINT('',(-4.399239884,32.563834947,-9.4));
#5093 = CARTESIAN_POINT('',(-3.752048764,32.040606812,-8.066666667));
#5094 = CARTESIAN_POINT('',(-3.010683601,31.634403776,-6.733333333));
#5095 = CARTESIAN_POINT('',(-2.024363089,31.303237411,-5.066666667));
#5096 = CARTESIAN_POINT('',(-1.824169676,31.245825789,-4.733333333));
#5097 = CARTESIAN_POINT('',(-1.621838306,31.197380392,-4.4));
#5098 = CARTESIAN_POINT('',(-4.417093967,32.273161148,-9.4));
#5099 = CARTESIAN_POINT('',(-3.734585247,31.747730928,-8.066666667));
#5100 = CARTESIAN_POINT('',(-2.959190658,31.345638365,-6.733333333));
#5101 = CARTESIAN_POINT('',(-1.931728311,31.026973413,-5.066666667));
#5102 = CARTESIAN_POINT('',(-1.723354566,30.972459919,-4.733333333));
#5103 = CARTESIAN_POINT('',(-1.512965498,30.927274456,-4.4));
#5104 = CARTESIAN_POINT('',(-4.406082406,31.973289489,-9.4));
#5105 = CARTESIAN_POINT('',(-3.688709135,31.449328743,-8.066666667));
#5106 = CARTESIAN_POINT('',(-2.877448791,31.054805261,-6.733333333));
#5107 = CARTESIAN_POINT('',(-1.808890375,30.753063077,-5.066666667));
#5108 = CARTESIAN_POINT('',(-1.592494509,30.702296534,-4.733333333));
#5109 = CARTESIAN_POINT('',(-1.374277957,30.661207466,-4.4));
#5110 = DEFINITIONAL_REPRESENTATION('',(#5111),#5114);
#5111 = B_SPLINE_CURVE_WITH_KNOTS('',1,(#5112,#5113),.UNSPECIFIED.,.F.,
  .F.,(2,2),(0.,1.814584E-03),.PIECEWISE_BEZIER_KNOTS.);
#5112 = CARTESIAN_POINT('',(-4.710347243022E-16,-2.282551215518E-17));
#5113 = CARTESIAN_POINT('',(1.,-1.196583281631E-16));
#5114 = ( GEOMETRIC_REPRESENTATION_CONTEXT(2) 
PARAMETRIC_REPRESENTATION_CONTEXT() REPRESENTATION_CONTEXT('2D SPACE',''
  ) );
#5115 = ORIENTED_EDGE('',*,*,#5116,.F.);
#5116 = EDGE_CURVE('',#5117,#4972,#5119,.T.);
#5117 = VERTEX_POINT('',#5118);
#5118 = CARTESIAN_POINT('',(-3.567264814,34.193841947,-9.4));
#5119 = SURFACE_CURVE('',#5120,(#5124,#5131),.PCURVE_S1.);
#5120 = LINE('',#5121,#5122);
#5121 = CARTESIAN_POINT('',(-3.567264814,34.193841947,-9.4));
#5122 = VECTOR('',#5123,1.);
#5123 = DIRECTION('',(-0.682448132927,-0.730934022922,0.));
#5124 = PCURVE('',#66,#5125);
#5125 = DEFINITIONAL_REPRESENTATION('',(#5126),#5130);
#5126 = LINE('',#5127,#5128);
#5127 = CARTESIAN_POINT('',(1.389155312895,5.062879370085));
#5128 = VECTOR('',#5129,1.);
#5129 = DIRECTION('',(0.264601012442,0.964357975139));
#5130 = ( GEOMETRIC_REPRESENTATION_CONTEXT(2) 
PARAMETRIC_REPRESENTATION_CONTEXT() REPRESENTATION_CONTEXT('2D SPACE',''
  ) );
#5131 = PCURVE('',#5132,#5169);
#5132 = B_SPLINE_SURFACE_WITH_KNOTS('',3,3,(
    (#5133,#5134,#5135,#5136,#5137,#5138)
    ,(#5139,#5140,#5141,#5142,#5143,#5144)
    ,(#5145,#5146,#5147,#5148,#5149,#5150)
    ,(#5151,#5152,#5153,#5154,#5155,#5156)
    ,(#5157,#5158,#5159,#5160,#5161,#5162)
    ,(#5163,#5164,#5165,#5166,#5167,#5168
    )),.UNSPECIFIED.,.F.,.F.,.F.,(4,2,4),(4,2,4),(0.134779761333,
    0.134952654,0.999998491112),(-3.99606263552E-06,0.5,0.625003996063),
  .UNSPECIFIED.);
#5133 = CARTESIAN_POINT('',(-3.567188277024,34.193945768158,
    -9.400031968501));
#5134 = CARTESIAN_POINT('',(-3.112807672033,33.769430012898,
    -8.066687979334));
#5135 = CARTESIAN_POINT('',(-2.582283175276,33.426954521364,
    -6.733343989167));
#5136 = CARTESIAN_POINT('',(-1.865144602123,33.127285291022,
    -5.066656010833));
#5137 = CARTESIAN_POINT('',(-1.719041778633,33.073783108333,
    -4.733312020666));
#5138 = CARTESIAN_POINT('',(-1.570858663743,33.026852888548,
    -4.399968031499));
#5139 = CARTESIAN_POINT('',(-3.567217421213,34.193914554272,
    -9.400031968501));
#5140 = CARTESIAN_POINT('',(-3.112833120748,33.769395343698,
    -8.066687979334));
#5141 = CARTESIAN_POINT('',(-2.582304306861,33.426917067851,
    -6.733343989167));
#5142 = CARTESIAN_POINT('',(-1.865159900277,33.127245399612,
    -5.066656010833));
#5143 = CARTESIAN_POINT('',(-1.719055889385,33.073742781908,
    -4.733312020666));
#5144 = CARTESIAN_POINT('',(-1.570871568277,33.026812179684,
    -4.399968031499));
#5145 = CARTESIAN_POINT('',(-3.567246565416,34.193883340395,
    -9.400031968501));
#5146 = CARTESIAN_POINT('',(-3.112858569462,33.7693606745,
    -8.066687979334));
#5147 = CARTESIAN_POINT('',(-2.582325439562,33.426879615454,
    -6.733343989167));
#5148 = CARTESIAN_POINT('',(-1.865175199547,33.127205509308,
    -5.066656010833));
#5149 = CARTESIAN_POINT('',(-1.719069999025,33.073702456599,
    -4.733312020666));
#5150 = CARTESIAN_POINT('',(-1.57088447393,33.026771471921,
    -4.399968031499));
#5151 = CARTESIAN_POINT('',(-3.713092709852,34.037676153983,
    -9.400031968501));
#5152 = CARTESIAN_POINT('',(-3.24021358941,33.595862752928,
    -8.066687979334));
#5153 = CARTESIAN_POINT('',(-2.68807775783,33.239450641995,
    -6.733343989167));
#5154 = CARTESIAN_POINT('',(-1.94173505917,32.927577943005,
    -5.066656010833));
#5155 = CARTESIAN_POINT('',(-1.789682623537,32.871896243986,
    -4.733312020666));
#5156 = CARTESIAN_POINT('',(-1.63546520318,32.823053936883,
    -4.399968031499));
#5157 = CARTESIAN_POINT('',(-3.85890971138,33.881500181999,
    -9.400031968501));
#5158 = CARTESIAN_POINT('',(-3.367531938389,33.422418958927,
    -8.066687979334));
#5159 = CARTESIAN_POINT('',(-2.79381352646,33.052055577981,
    -6.733343989167));
#5160 = CARTESIAN_POINT('',(-2.01828090154,32.727985345019,
    -5.066656010833));
#5161 = CARTESIAN_POINT('',(-1.860281596324,32.670126941818,
    -4.733312020666));
#5162 = CARTESIAN_POINT('',(-1.700032714749,32.619375768817,
    -4.399968031499));
#5163 = CARTESIAN_POINT('',(-4.004726711773,33.725324209248,
    -9.400031968501));
#5164 = CARTESIAN_POINT('',(-3.494855900556,33.248965431693,
    -8.066687979334));
#5165 = CARTESIAN_POINT('',(-2.89954309006,32.864665286956,
    -6.733343989167));
#5166 = CARTESIAN_POINT('',(-2.09482502094,32.528399392044,
    -5.066656010833));
#5167 = CARTESIAN_POINT('',(-1.930879643162,32.468363402594,
    -4.733312020666));
#5168 = CARTESIAN_POINT('',(-1.764599947379,32.415702000621,
    -4.399968031499));
#5169 = DEFINITIONAL_REPRESENTATION('',(#5170),#5173);
#5170 = B_SPLINE_CURVE_WITH_KNOTS('',1,(#5171,#5172),.UNSPECIFIED.,.F.,
  .F.,(2,2),(0.,0.641000615632),.PIECEWISE_BEZIER_KNOTS.);
#5171 = CARTESIAN_POINT('',(0.134952654183,4.441315288221E-11));
#5172 = CARTESIAN_POINT('',(0.999998491112,-2.411743734693E-11));
#5173 = ( GEOMETRIC_REPRESENTATION_CONTEXT(2) 
PARAMETRIC_REPRESENTATION_CONTEXT() REPRESENTATION_CONTEXT('2D SPACE',''
  ) );
#5174 = ORIENTED_EDGE('',*,*,#5175,.F.);
#5175 = EDGE_CURVE('',#5176,#5117,#5178,.T.);
#5176 = VERTEX_POINT('',#5177);
#5177 = CARTESIAN_POINT('',(-4.225668684,34.937018244,-9.4));
#5178 = SURFACE_CURVE('',#5179,(#5184,#5191),.PCURVE_S1.);
#5179 = CIRCLE('',#5180,5.25);
#5180 = AXIS2_PLACEMENT_3D('',#5181,#5182,#5183);
#5181 = CARTESIAN_POINT('',(1.5587882E-02,38.031245569,-9.4));
#5182 = DIRECTION('',(0.,0.,1.));
#5183 = DIRECTION('',(-0.885458521217,0.464718417114,0.));
#5184 = PCURVE('',#66,#5185);
#5185 = DEFINITIONAL_REPRESENTATION('',(#5186),#5190);
#5186 = CIRCLE('',#5187,5.25);
#5187 = AXIS2_PLACEMENT_2D('',#5188,#5189);
#5188 = CARTESIAN_POINT('',(0.,0.));
#5189 = DIRECTION('',(1.,0.));
#5190 = ( GEOMETRIC_REPRESENTATION_CONTEXT(2) 
PARAMETRIC_REPRESENTATION_CONTEXT() REPRESENTATION_CONTEXT('2D SPACE',''
  ) );
#5191 = PCURVE('',#5192,#5197);
#5192 = CYLINDRICAL_SURFACE('',#5193,5.25);
#5193 = AXIS2_PLACEMENT_3D('',#5194,#5195,#5196);
#5194 = CARTESIAN_POINT('',(1.5587882E-02,38.031245569,-9.4));
#5195 = DIRECTION('',(0.,0.,1.));
#5196 = DIRECTION('',(-0.885458521217,0.464718417114,0.));
#5197 = DEFINITIONAL_REPRESENTATION('',(#5198),#5202);
#5198 = LINE('',#5199,#5200);
#5199 = CARTESIAN_POINT('',(0.,0.));
#5200 = VECTOR('',#5201,1.);
#5201 = DIRECTION('',(1.,0.));
#5202 = ( GEOMETRIC_REPRESENTATION_CONTEXT(2) 
PARAMETRIC_REPRESENTATION_CONTEXT() REPRESENTATION_CONTEXT('2D SPACE',''
  ) );
#5203 = ORIENTED_EDGE('',*,*,#5204,.F.);
#5204 = EDGE_CURVE('',#5205,#5176,#5207,.T.);
#5205 = VERTEX_POINT('',#5206);
#5206 = CARTESIAN_POINT('',(-4.743506412,34.559227459,-9.4));
#5207 = SURFACE_CURVE('',#5208,(#5212,#5219),.PCURVE_S1.);
#5208 = LINE('',#5209,#5210);
#5209 = CARTESIAN_POINT('',(-4.743506412,34.559227459,-9.4));
#5210 = VECTOR('',#5211,1.);
#5211 = DIRECTION('',(0.807858393538,0.589376633393,0.));
#5212 = PCURVE('',#66,#5213);
#5213 = DEFINITIONAL_REPRESENTATION('',(#5214),#5218);
#5214 = LINE('',#5215,#5216);
#5215 = CARTESIAN_POINT('',(2.600469835627,5.285966788521));
#5216 = VECTOR('',#5217,1.);
#5217 = DIRECTION('',(-0.441430922341,-0.897295236141));
#5218 = ( GEOMETRIC_REPRESENTATION_CONTEXT(2) 
PARAMETRIC_REPRESENTATION_CONTEXT() REPRESENTATION_CONTEXT('2D SPACE',''
  ) );
#5219 = PCURVE('',#5220,#5257);
#5220 = B_SPLINE_SURFACE_WITH_KNOTS('',3,3,(
    (#5221,#5222,#5223,#5224,#5225,#5226)
    ,(#5227,#5228,#5229,#5230,#5231,#5232)
    ,(#5233,#5234,#5235,#5236,#5237,#5238)
    ,(#5239,#5240,#5241,#5242,#5243,#5244)
    ,(#5245,#5246,#5247,#5248,#5249,#5250)
    ,(#5251,#5252,#5253,#5254,#5255,#5256
    )),.UNSPECIFIED.,.F.,.F.,.F.,(4,2,4),(4,2,4),(0.,0.865047346,
    0.865220581003),(-4.351393191429E-06,0.5,0.625004351393),
  .UNSPECIFIED.);
#5221 = CARTESIAN_POINT('',(-4.743517144234,34.559242179662,
    -9.400034811146));
#5222 = CARTESIAN_POINT('',(-4.332449379024,33.995407173129,
    -8.06668987443));
#5223 = CARTESIAN_POINT('',(-3.820136665601,33.505896652071,
    -6.733344936715));
#5224 = CARTESIAN_POINT('',(-3.093117911399,33.024137483929,
    -5.066655063285));
#5225 = CARTESIAN_POINT('',(-2.943406962149,32.934308622119,
    -4.73331012557));
#5226 = CARTESIAN_POINT('',(-2.790014970318,32.851283082635,
    -4.399965188854));
#5227 = CARTESIAN_POINT('',(-4.570904178976,34.685171906743,
    -9.400034811146));
#5228 = CARTESIAN_POINT('',(-4.174745860556,34.141787223128,
    -8.06668987443));
#5229 = CARTESIAN_POINT('',(-3.681017479027,33.670029873426,
    -6.733344936715));
#5230 = CARTESIAN_POINT('',(-2.980366167973,33.205743098574,
    -5.066655063285));
#5231 = CARTESIAN_POINT('',(-2.836084993169,33.11917236895,
    -4.73331012557));
#5232 = CARTESIAN_POINT('',(-2.688256340296,33.039158340127,
    -4.399965188854));
#5233 = CARTESIAN_POINT('',(-4.398291213525,34.811101635046,
    -9.400034811146));
#5234 = CARTESIAN_POINT('',(-4.01704968934,34.288158769914,
    -8.06668987443));
#5235 = CARTESIAN_POINT('',(-3.541891139425,33.834166802762,
    -6.733344936715));
#5236 = CARTESIAN_POINT('',(-2.867611349575,33.387355123238,
    -5.066655063285));
#5237 = CARTESIAN_POINT('',(-2.728760911256,33.30404180073,
    -4.73331012557));
#5238 = CARTESIAN_POINT('',(-2.586496502368,33.22703804549,
    -4.399965188854));
#5239 = CARTESIAN_POINT('',(-4.225643680926,34.93705658142,
    -9.400034811146));
#5240 = CARTESIAN_POINT('',(-3.859307249034,34.434576630823,
    -8.06668987443));
#5241 = CARTESIAN_POINT('',(-3.402742265884,33.998333794659,
    -6.733344936715));
#5242 = CARTESIAN_POINT('',(-2.754836267625,33.568998716045,
    -5.066655063285));
#5243 = CARTESIAN_POINT('',(-2.621416548802,33.488944786616,
    -4.73331012557));
#5244 = CARTESIAN_POINT('',(-2.484716334456,33.41495382024,
    -4.399965188854));
#5245 = CARTESIAN_POINT('',(-4.225609113408,34.937081799877,
    -9.400034811146));
#5246 = CARTESIAN_POINT('',(-3.859275665192,34.434605946579,
    -8.06668987443));
#5247 = CARTESIAN_POINT('',(-3.402714406037,33.998366665411,
    -6.733344936715));
#5248 = CARTESIAN_POINT('',(-2.754813686955,33.569035084061,
    -5.066655063285));
#5249 = CARTESIAN_POINT('',(-2.621395056357,33.488981807546,
    -4.73331012557));
#5250 = CARTESIAN_POINT('',(-2.484695956729,33.414991444334,
    -4.399965188854));
#5251 = CARTESIAN_POINT('',(-4.225574545881,34.937107018368,
    -9.400034811146));
#5252 = CARTESIAN_POINT('',(-3.859244082757,34.434635262347,
    -8.06668987443));
#5253 = CARTESIAN_POINT('',(-3.402686544777,33.998399534697,
    -6.733344936715));
#5254 = CARTESIAN_POINT('',(-2.754791107713,33.569071453507,
    -5.066655063285));
#5255 = CARTESIAN_POINT('',(-2.621373563901,33.489018828524,
    -4.73331012557));
#5256 = CARTESIAN_POINT('',(-2.484675577575,33.41502906983,
    -4.399965188854));
#5257 = DEFINITIONAL_REPRESENTATION('',(#5258),#5261);
#5258 = B_SPLINE_CURVE_WITH_KNOTS('',1,(#5259,#5260),.UNSPECIFIED.,.F.,
  .F.,(2,2),(0.,0.641000616046),.PIECEWISE_BEZIER_KNOTS.);
#5259 = CARTESIAN_POINT('',(-4.636124208307E-14,1.978233659077E-15));
#5260 = CARTESIAN_POINT('',(0.865047346279,-1.355217043849E-11));
#5261 = ( GEOMETRIC_REPRESENTATION_CONTEXT(2) 
PARAMETRIC_REPRESENTATION_CONTEXT() REPRESENTATION_CONTEXT('2D SPACE',''
  ) );
#5262 = ORIENTED_EDGE('',*,*,#5263,.F.);
#5263 = EDGE_CURVE('',#5264,#5205,#5266,.T.);
#5264 = VERTEX_POINT('',#5265);
#5265 = CARTESIAN_POINT('',(-6.531133150065,34.371949870973,
    -9.399999990739));
#5266 = SURFACE_CURVE('',#5267,(#5274,#5284),.PCURVE_S1.);
#5267 = B_SPLINE_CURVE_WITH_KNOTS('',3,(#5268,#5269,#5270,#5271,#5272,
    #5273),.UNSPECIFIED.,.F.,.F.,(4,2,4),(-6.267495172057E-08,
    0.475892875,1.),.UNSPECIFIED.);
#5268 = CARTESIAN_POINT('',(-6.531133149586,34.371949854956,-9.4));
#5269 = CARTESIAN_POINT('',(-6.234774644571,34.324876215559,-9.4));
#5270 = CARTESIAN_POINT('',(-5.944071538449,34.307568472776,-9.4));
#5271 = CARTESIAN_POINT('',(-5.362523075,34.343048209,-9.4));
#5272 = CARTESIAN_POINT('',(-5.00367917,34.401865493,-9.4));
#5273 = CARTESIAN_POINT('',(-4.743506412,34.559227459,-9.4));
#5274 = PCURVE('',#66,#5275);
#5275 = DEFINITIONAL_REPRESENTATION('',(#5276),#5283);
#5276 = B_SPLINE_CURVE_WITH_KNOTS('',3,(#5277,#5278,#5279,#5280,#5281,
    #5282),.UNSPECIFIED.,.F.,.F.,(4,2,4),(-6.267495172057E-08,
    0.475892875,1.),.UNSPECIFIED.);
#5277 = CARTESIAN_POINT('',(4.096307811465,6.282536406736));
#5278 = CARTESIAN_POINT('',(3.812018660676,6.186494906516));
#5279 = CARTESIAN_POINT('',(3.546569891386,6.066725107519));
#5280 = CARTESIAN_POINT('',(3.048120935782,5.76505299134));
#5281 = CARTESIAN_POINT('',(2.757713017433,5.546211354505));
#5282 = CARTESIAN_POINT('',(2.600469835627,5.285966788521));
#5283 = ( GEOMETRIC_REPRESENTATION_CONTEXT(2) 
PARAMETRIC_REPRESENTATION_CONTEXT() REPRESENTATION_CONTEXT('2D SPACE',''
  ) );
#5284 = PCURVE('',#5285,#5322);
#5285 = B_SPLINE_SURFACE_WITH_KNOTS('',3,3,(
    (#5286,#5287,#5288,#5289,#5290,#5291)
    ,(#5292,#5293,#5294,#5295,#5296,#5297)
    ,(#5298,#5299,#5300,#5301,#5302,#5303)
    ,(#5304,#5305,#5306,#5307,#5308,#5309)
    ,(#5310,#5311,#5312,#5313,#5314,#5315)
    ,(#5316,#5317,#5318,#5319,#5320,#5321
    )),.UNSPECIFIED.,.F.,.F.,.F.,(4,2,4),(4,2,4),(-1.1E-07,0.475892875,
    1.),(0.,0.5,0.625000007),.UNSPECIFIED.);
#5286 = CARTESIAN_POINT('',(-6.531133238,34.371949869,-9.4));
#5287 = CARTESIAN_POINT('',(-6.097953082,33.596376364,-8.066666667));
#5288 = CARTESIAN_POINT('',(-5.525432046,32.899230352,-6.733333333));
#5289 = CARTESIAN_POINT('',(-4.680366294,32.179000199,-5.066666648));
#5290 = CARTESIAN_POINT('',(-4.504914164,32.042541342,-4.733333296));
#5291 = CARTESIAN_POINT('',(-4.323767942,31.914116776,-4.399999944));
#5292 = CARTESIAN_POINT('',(-6.234774702389,34.324876219001,-9.4));
#5293 = CARTESIAN_POINT('',(-5.796259349397,33.585032896529,-8.066666667
    ));
#5294 = CARTESIAN_POINT('',(-5.224197953419,32.923343916972,-6.733333333
    ));
#5295 = CARTESIAN_POINT('',(-4.387924652644,32.246678460951,-5.066666648
    ));
#5296 = CARTESIAN_POINT('',(-4.21464500733,32.118880418215,-4.733333296)
  );
#5297 = CARTESIAN_POINT('',(-4.036052256853,31.999011547547,-4.399999944
    ));
#5298 = CARTESIAN_POINT('',(-5.94407156597,34.307568471097,-9.4));
#5299 = CARTESIAN_POINT('',(-5.503376244547,33.601193415437,-8.066666667
    ));
#5300 = CARTESIAN_POINT('',(-4.935592363684,32.975320172053,-6.733333333
    ));
#5301 = CARTESIAN_POINT('',(-4.111810934848,32.339800383346,-5.066666648
    ));
#5302 = CARTESIAN_POINT('',(-3.941374402003,32.220084443639,-4.733333296
    ));
#5303 = CARTESIAN_POINT('',(-3.765976494084,32.108149321974,-4.399999944
    ));
#5304 = CARTESIAN_POINT('',(-5.362523075,34.343048209,-9.4));
#5305 = CARTESIAN_POINT('',(-4.925680433,33.70631244,-8.066666667));
#5306 = CARTESIAN_POINT('',(-4.374825026,33.147561982,-6.733333333));
#5307 = CARTESIAN_POINT('',(-3.585916989,32.591199814,-5.066666648));
#5308 = CARTESIAN_POINT('',(-3.423166432,32.487003217,-4.733333296));
#5309 = CARTESIAN_POINT('',(-3.256124708,32.390207478,-4.399999944));
#5310 = CARTESIAN_POINT('',(-5.00367917,34.401865493,-9.4));
#5311 = CARTESIAN_POINT('',(-4.575175823,33.808743886,-8.066666667));
#5312 = CARTESIAN_POINT('',(-4.037462845,33.290338,-6.733333333));
#5313 = CARTESIAN_POINT('',(-3.275338905,32.780504266,-5.066666648));
#5314 = CARTESIAN_POINT('',(-3.118453849,32.685435607,-4.733333296));
#5315 = CARTESIAN_POINT('',(-2.957686385,32.59751995,-4.399999944));
#5316 = CARTESIAN_POINT('',(-4.743506412,34.559227459,-9.4));
#5317 = CARTESIAN_POINT('',(-4.332440462,33.995398653,-8.066666667));
#5318 = CARTESIAN_POINT('',(-3.8201329,33.505891767,-6.733333333));
#5319 = CARTESIAN_POINT('',(-3.093124016,33.02413914,-5.066666648));
#5320 = CARTESIAN_POINT('',(-2.943418326,32.934313261,-4.733333296));
#5321 = CARTESIAN_POINT('',(-2.790031809,32.851290284,-4.399999944));
#5322 = DEFINITIONAL_REPRESENTATION('',(#5323),#5327);
#5323 = LINE('',#5324,#5325);
#5324 = CARTESIAN_POINT('',(-7.754174894691E-16,8.688680528471E-16));
#5325 = VECTOR('',#5326,1.);
#5326 = DIRECTION('',(1.,-1.195525073902E-15));
#5327 = ( GEOMETRIC_REPRESENTATION_CONTEXT(2) 
PARAMETRIC_REPRESENTATION_CONTEXT() REPRESENTATION_CONTEXT('2D SPACE',''
  ) );
#5328 = ORIENTED_EDGE('',*,*,#5329,.F.);
#5329 = EDGE_CURVE('',#5330,#5264,#5332,.T.);
#5330 = VERTEX_POINT('',#5331);
#5331 = CARTESIAN_POINT('',(-6.714879283,34.722044497,-9.4));
#5332 = SURFACE_CURVE('',#5333,(#5338,#5345),.PCURVE_S1.);
#5333 = CIRCLE('',#5334,7.49999447627);
#5334 = AXIS2_PLACEMENT_3D('',#5335,#5336,#5337);
#5335 = CARTESIAN_POINT('',(1.558299320572E-02,38.031242994016,-9.4));
#5336 = DIRECTION('',(0.,0.,1.));
#5337 = DIRECTION('',(-0.872896113046,-0.487906113744,0.));
#5338 = PCURVE('',#66,#5339);
#5339 = DEFINITIONAL_REPRESENTATION('',(#5340),#5344);
#5340 = CIRCLE('',#5341,7.49999447627);
#5341 = AXIS2_PLACEMENT_2D('',#5342,#5343);
#5342 = CARTESIAN_POINT('',(3.132182014507E-06,4.551954352255E-06));
#5343 = DIRECTION('',(0.546174344555,0.837671525928));
#5344 = ( GEOMETRIC_REPRESENTATION_CONTEXT(2) 
PARAMETRIC_REPRESENTATION_CONTEXT() REPRESENTATION_CONTEXT('2D SPACE',''
  ) );
#5345 = PCURVE('',#5346,#5383);
#5346 = B_SPLINE_SURFACE_WITH_KNOTS('',3,3,(
    (#5347,#5348,#5349,#5350,#5351,#5352)
    ,(#5353,#5354,#5355,#5356,#5357,#5358)
    ,(#5359,#5360,#5361,#5362,#5363,#5364)
    ,(#5365,#5366,#5367,#5368,#5369,#5370)
    ,(#5371,#5372,#5373,#5374,#5375,#5376)
    ,(#5377,#5378,#5379,#5380,#5381,#5382
    )),.UNSPECIFIED.,.F.,.F.,.F.,(4,2,4),(4,2,4),(0.,0.5,1.),(0.,0.5,
    0.625000001),.UNSPECIFIED.);
#5347 = CARTESIAN_POINT('',(-6.714879283426,34.72204449688,-9.4));
#5348 = CARTESIAN_POINT('',(-6.323173497804,33.924720314859,-8.066666667
    ));
#5349 = CARTESIAN_POINT('',(-5.788187575444,33.198371256408,-6.733333333
    ));
#5350 = CARTESIAN_POINT('',(-4.982251961256,32.434607289908,-5.066666665
    ));
#5351 = CARTESIAN_POINT('',(-4.814234963108,32.289091815871,-4.73333333)
  );
#5352 = CARTESIAN_POINT('',(-4.64010837892,32.151299399597,-4.399999995)
  );
#5353 = CARTESIAN_POINT('',(-6.685800204,34.662901584,-9.4));
#5354 = CARTESIAN_POINT('',(-6.287072842,33.869029524,-8.066666667));
#5355 = CARTESIAN_POINT('',(-5.74571818,33.147370954,-6.733333333));
#5356 = CARTESIAN_POINT('',(-4.933073479,32.39069043,-5.066666665));
#5357 = CARTESIAN_POINT('',(-4.763777425,32.246652477,-4.73333333));
#5358 = CARTESIAN_POINT('',(-4.588439343,32.11039141,-4.399999995));
#5359 = CARTESIAN_POINT('',(-6.655941517,34.604141984,-9.4));
#5360 = CARTESIAN_POINT('',(-6.250268294,33.813794131,-8.066666667));
#5361 = CARTESIAN_POINT('',(-5.702578768,33.096930619,-6.733333333));
#5362 = CARTESIAN_POINT('',(-4.883313194,32.347419635,-5.066666665));
#5363 = CARTESIAN_POINT('',(-4.71275826,32.204873938,-4.73333333));
#5364 = CARTESIAN_POINT('',(-4.536230221,32.070157765,-4.399999995));
#5365 = CARTESIAN_POINT('',(-6.594685672,34.487430246,-9.4));
#5366 = CARTESIAN_POINT('',(-6.175186237,33.704333731,-8.066666667));
#5367 = CARTESIAN_POINT('',(-5.614984059,32.997207232,-6.733333333));
#5368 = CARTESIAN_POINT('',(-4.782674398,32.262208304,-5.066666665));
#5369 = CARTESIAN_POINT('',(-4.609640818,32.122681684,-4.73333333));
#5370 = CARTESIAN_POINT('',(-4.43077256,31.991088373,-4.399999995));
#5371 = CARTESIAN_POINT('',(-6.563288514,34.429478109,-9.4));
#5372 = CARTESIAN_POINT('',(-6.13690873,33.650108725,-8.066666667));
#5373 = CARTESIAN_POINT('',(-5.570526841,32.947918703,-6.733333333));
#5374 = CARTESIAN_POINT('',(-4.731791636,32.220264884,-5.066666665));
#5375 = CARTESIAN_POINT('',(-4.557538293,32.082265559,-4.73333333));
#5376 = CARTESIAN_POINT('',(-4.377520042,31.95225063,-4.399999995));
#5377 = CARTESIAN_POINT('',(-6.531133033,34.371949836,-9.4));
#5378 = CARTESIAN_POINT('',(-6.097952873,33.596376356,-8.066666667));
#5379 = CARTESIAN_POINT('',(-5.525432038,32.899230183,-6.733333333));
#5380 = CARTESIAN_POINT('',(-4.68036627,32.179000041,-5.066666665));
#5381 = CARTESIAN_POINT('',(-4.504914136,32.042541207,-4.73333333));
#5382 = CARTESIAN_POINT('',(-4.323767909,31.914116671,-4.399999995));
#5383 = DEFINITIONAL_REPRESENTATION('',(#5384),#5387);
#5384 = B_SPLINE_CURVE_WITH_KNOTS('',1,(#5385,#5386),.UNSPECIFIED.,.F.,
  .F.,(2,2),(6.230461219428,6.28318530718),.PIECEWISE_BEZIER_KNOTS.);
#5385 = CARTESIAN_POINT('',(2.041110240449E-10,-1.182694075544E-14));
#5386 = CARTESIAN_POINT('',(1.,-2.231743533794E-17));
#5387 = ( GEOMETRIC_REPRESENTATION_CONTEXT(2) 
PARAMETRIC_REPRESENTATION_CONTEXT() REPRESENTATION_CONTEXT('2D SPACE',''
  ) );
#5388 = ORIENTED_EDGE('',*,*,#5389,.F.);
#5389 = EDGE_CURVE('',#5390,#5330,#5392,.T.);
#5390 = VERTEX_POINT('',#5391);
#5391 = CARTESIAN_POINT('',(-5.545279817,36.086859112,-9.4));
#5392 = SURFACE_CURVE('',#5393,(#5440,#5490),.PCURVE_S1.);
#5393 = B_SPLINE_CURVE_WITH_KNOTS('',3,(#5394,#5395,#5396,#5397,#5398,
    #5399,#5400,#5401,#5402,#5403,#5404,#5405,#5406,#5407,#5408,#5409,
    #5410,#5411,#5412,#5413,#5414,#5415,#5416,#5417,#5418,#5419,#5420,
    #5421,#5422,#5423,#5424,#5425,#5426,#5427,#5428,#5429,#5430,#5431,
    #5432,#5433,#5434,#5435,#5436,#5437,#5438,#5439),.UNSPECIFIED.,.F.,
  .F.,(4,3,3,3,3,3,3,3,3,3,3,3,3,3,3,4),(0.,8.232758586294E-05,
    1.688338982778E-04,2.62697963118E-04,3.662792328011E-04,4.53646E-04,
    5.833486939916E-04,7.102754386344E-04,8.205950231606E-04,9.07292E-04
    ,9.556810102886E-04,1.096523786668E-03,1.241920857555E-03,
    1.360938E-03,1.587761E-03,1.814584E-03),.UNSPECIFIED.);
#5394 = CARTESIAN_POINT('',(-5.545279817,36.086859112,-9.4));
#5395 = CARTESIAN_POINT('',(-5.570879340368,36.075344479681,
    -9.399999999946));
#5396 = CARTESIAN_POINT('',(-5.595824190482,36.062863768875,
    -9.399999999912));
#5397 = CARTESIAN_POINT('',(-5.620188958527,36.049597032109,
    -9.399999999887));
#5398 = CARTESIAN_POINT('',(-5.645790416584,36.035656911511,
    -9.399999999862));
#5399 = CARTESIAN_POINT('',(-5.670751569931,36.020848542314,
    -9.399999999847));
#5400 = CARTESIAN_POINT('',(-5.695156668244,36.005323139835,
    -9.399999999831));
#5401 = CARTESIAN_POINT('',(-5.72163753035,35.988477231781,
    -9.399999999815));
#5402 = CARTESIAN_POINT('',(-5.747463983301,35.970786875017,
    -9.399999999797));
#5403 = CARTESIAN_POINT('',(-5.772737661116,35.95238390239,
    -9.399999999765));
#5404 = CARTESIAN_POINT('',(-5.800627776915,35.932075776231,
    -9.39999999973));
#5405 = CARTESIAN_POINT('',(-5.827845219092,35.910899448607,
    -9.399999999676));
#5406 = CARTESIAN_POINT('',(-5.854513542762,35.888965337192,
    -9.399999999584));
#5407 = CARTESIAN_POINT('',(-5.87700723523,35.870464768396,
    -9.399999999507));
#5408 = CARTESIAN_POINT('',(-5.899110140962,35.851423437534,
    -9.399999999403));
#5409 = CARTESIAN_POINT('',(-5.920886403404,35.831880951174,
    -9.399999999261));
#5410 = CARTESIAN_POINT('',(-5.953214941982,35.802868625212,
    -9.39999999905));
#5411 = CARTESIAN_POINT('',(-5.984709727785,35.772855716966,
    -9.399999990816));
#5412 = CARTESIAN_POINT('',(-6.015477015413,35.74201517292,
    -9.399999980337));
#5413 = CARTESIAN_POINT('',(-6.045585809146,35.711834690631,
    -9.399999970083));
#5414 = CARTESIAN_POINT('',(-6.074998513996,35.680858687546,
    -9.399999957678));
#5415 = CARTESIAN_POINT('',(-6.103770558442,35.64923194508,
    -9.399999948539));
#5416 = CARTESIAN_POINT('',(-6.128778053894,35.621743261756,
    -9.399999940595));
#5417 = CARTESIAN_POINT('',(-6.153301256831,35.593761539671,
    -9.399999935117));
#5418 = CARTESIAN_POINT('',(-6.17734263094,35.565396690922,
    -9.39999993566));
#5419 = CARTESIAN_POINT('',(-6.196236052841,35.54310557511,
    -9.399999936087));
#5420 = CARTESIAN_POINT('',(-6.214831369384,35.520577842365,
    -9.399999940232));
#5421 = CARTESIAN_POINT('',(-6.233113098298,35.497882630726,
    -9.399999949822));
#5422 = CARTESIAN_POINT('',(-6.243316853963,35.485215535868,
    -9.399999955174));
#5423 = CARTESIAN_POINT('',(-6.253375104738,35.472555478795,
    -9.399999959956));
#5424 = CARTESIAN_POINT('',(-6.263272690188,35.459935427143,
    -9.399999964215));
#5425 = CARTESIAN_POINT('',(-6.292080954829,35.423203055432,
    -9.399999976611));
#5426 = CARTESIAN_POINT('',(-6.320444422262,35.385424318857,
    -9.399999984582));
#5427 = CARTESIAN_POINT('',(-6.348173521348,35.346876493468,
    -9.399999989323));
#5428 = CARTESIAN_POINT('',(-6.376799269074,35.307082184917,
    -9.399999994217));
#5429 = CARTESIAN_POINT('',(-6.404748759253,35.26646845657,
    -9.399999995669));
#5430 = CARTESIAN_POINT('',(-6.431846474255,35.225386531779,
    -9.399999994995));
#5431 = CARTESIAN_POINT('',(-6.454027750582,35.191758252578,
    -9.399999994444));
#5432 = CARTESIAN_POINT('',(-6.475638933413,35.157817265558,
    -9.399999992467));
#5433 = CARTESIAN_POINT('',(-6.49660044766,35.123776008419,
    -9.399999989788));
#5434 = CARTESIAN_POINT('',(-6.536548924394,35.058900143402,
    -9.399999984682));
#5435 = CARTESIAN_POINT('',(-6.574609054426,34.992915139218,
    -9.399999987235));
#5436 = CARTESIAN_POINT('',(-6.610940220388,34.925931711559,
    -9.399999991065));
#5437 = CARTESIAN_POINT('',(-6.64727138635,34.8589482839,-9.399999994894
    ));
#5438 = CARTESIAN_POINT('',(-6.681873572412,34.790965759438,-9.4));
#5439 = CARTESIAN_POINT('',(-6.714879283,34.722044497,-9.4));
#5440 = PCURVE('',#66,#5441);
#5441 = DEFINITIONAL_REPRESENTATION('',(#5442),#5489);
#5442 = B_SPLINE_CURVE_WITH_KNOTS('',3,(#5443,#5444,#5445,#5446,#5447,
    #5448,#5449,#5450,#5451,#5452,#5453,#5454,#5455,#5456,#5457,#5458,
    #5459,#5460,#5461,#5462,#5463,#5464,#5465,#5466,#5467,#5468,#5469,
    #5470,#5471,#5472,#5473,#5474,#5475,#5476,#5477,#5478,#5479,#5480,
    #5481,#5482,#5483,#5484,#5485,#5486,#5487,#5488),.UNSPECIFIED.,.F.,
  .F.,(4,3,3,3,3,3,3,3,3,3,3,3,3,3,3,4),(0.,8.232758586294E-05,
    1.688338982778E-04,2.62697963118E-04,3.662792328011E-04,4.53646E-04,
    5.833486939916E-04,7.102754386344E-04,8.205950231606E-04,9.07292E-04
    ,9.556810102886E-04,1.096523786668E-03,1.241920857555E-03,
    1.360938E-03,1.587761E-03,1.814584E-03),.UNSPECIFIED.);
#5443 = CARTESIAN_POINT('',(4.020325492884,4.305911191747));
#5444 = CARTESIAN_POINT('',(4.037641747284,4.328003491031));
#5445 = CARTESIAN_POINT('',(4.053929361208,4.350646974026));
#5446 = CARTESIAN_POINT('',(4.069338055781,4.373716875583));
#5447 = CARTESIAN_POINT('',(4.085528854195,4.397957743217));
#5448 = CARTESIAN_POINT('',(4.100749198232,4.422669847581));
#5449 = CARTESIAN_POINT('',(4.115143960028,4.447758446159));
#5450 = CARTESIAN_POINT('',(4.130763061304,4.474980943314));
#5451 = CARTESIAN_POINT('',(4.145410279549,4.50264704879));
#5452 = CARTESIAN_POINT('',(4.159236872624,4.530687261266));
#5453 = CARTESIAN_POINT('',(4.174494853072,4.561630315091));
#5454 = CARTESIAN_POINT('',(4.188753739719,4.593029521481));
#5455 = CARTESIAN_POINT('',(4.202174248622,4.624844528501));
#5456 = CARTESIAN_POINT('',(4.213493925245,4.651679247948));
#5457 = CARTESIAN_POINT('',(4.224216274331,4.678811183979));
#5458 = CARTESIAN_POINT('',(4.234416498143,4.706235075266));
#5459 = CARTESIAN_POINT('',(4.249559515907,4.746947953785));
#5460 = CARTESIAN_POINT('',(4.263499291158,4.788159346143));
#5461 = CARTESIAN_POINT('',(4.27641027935,4.829765493873));
#5462 = CARTESIAN_POINT('',(4.289044941368,4.870481170055));
#5463 = CARTESIAN_POINT('',(4.300693552387,4.911577761581));
#5464 = CARTESIAN_POINT('',(4.311472474618,4.952952829148));
#5465 = CARTESIAN_POINT('',(4.320841077156,4.988914361736));
#5466 = CARTESIAN_POINT('',(4.329551734569,5.025087400047));
#5467 = CARTESIAN_POINT('',(4.337657706524,5.061375766396));
#5468 = CARTESIAN_POINT('',(4.344027955885,5.089893745959));
#5469 = CARTESIAN_POINT('',(4.35002428507,5.118482704951));
#5470 = CARTESIAN_POINT('',(4.355665114891,5.147074229611));
#5471 = CARTESIAN_POINT('',(4.358813485021,5.163032289873));
#5472 = CARTESIAN_POINT('',(4.361836287195,5.178916499667));
#5473 = CARTESIAN_POINT('',(4.364735418143,5.194690622183));
#5474 = CARTESIAN_POINT('',(4.373173731912,5.240603344863));
#5475 = CARTESIAN_POINT('',(4.38073193118,5.287235874774));
#5476 = CARTESIAN_POINT('',(4.387371013855,5.334254598274));
#5477 = CARTESIAN_POINT('',(4.394224778024,5.382793720048));
#5478 = CARTESIAN_POINT('',(4.400098944716,5.431744134726));
#5479 = CARTESIAN_POINT('',(4.40500132031,5.480713282324));
#5480 = CARTESIAN_POINT('',(4.409014239764,5.520797776321));
#5481 = CARTESIAN_POINT('',(4.412377043992,5.560894227173));
#5482 = CARTESIAN_POINT('',(4.415117996266,5.600777550101));
#5483 = CARTESIAN_POINT('',(4.4203417061,5.676787230475));
#5484 = CARTESIAN_POINT('',(4.423377925858,5.752901458086));
#5485 = CARTESIAN_POINT('',(4.42441923387,5.829096266825));
#5486 = CARTESIAN_POINT('',(4.425460541883,5.905291075564));
#5487 = CARTESIAN_POINT('',(4.424506611224,5.981567054278));
#5488 = CARTESIAN_POINT('',(4.421702818928,6.057932334977));
#5489 = ( GEOMETRIC_REPRESENTATION_CONTEXT(2) 
PARAMETRIC_REPRESENTATION_CONTEXT() REPRESENTATION_CONTEXT('2D SPACE',''
  ) );
#5490 = PCURVE('',#5491,#5528);
#5491 = B_SPLINE_SURFACE_WITH_KNOTS('',3,3,(
    (#5492,#5493,#5494,#5495,#5496,#5497)
    ,(#5498,#5499,#5500,#5501,#5502,#5503)
    ,(#5504,#5505,#5506,#5507,#5508,#5509)
    ,(#5510,#5511,#5512,#5513,#5514,#5515)
    ,(#5516,#5517,#5518,#5519,#5520,#5521)
    ,(#5522,#5523,#5524,#5525,#5526,#5527
    )),.UNSPECIFIED.,.F.,.F.,.F.,(4,2,4),(4,2,4),(0.,0.524107125,1.),(0.
    ,0.5,0.625),.UNSPECIFIED.);
#5492 = CARTESIAN_POINT('',(-5.545279817,36.086859112,-9.4));
#5493 = CARTESIAN_POINT('',(-5.315186542,35.428121514,-8.066666667));
#5494 = CARTESIAN_POINT('',(-4.966662863,34.811187665,-6.733333333));
#5495 = CARTESIAN_POINT('',(-4.410397577,34.139475866,-5.066666667));
#5496 = CARTESIAN_POINT('',(-4.293134908,34.010131547,-4.733333333));
#5497 = CARTESIAN_POINT('',(-4.170378401,33.886232069,-4.4));
#5498 = CARTESIAN_POINT('',(-5.822579808,35.962129937,-9.4));
#5499 = CARTESIAN_POINT('',(-5.576722126,35.268881964,-8.066666667));
#5500 = CARTESIAN_POINT('',(-5.208552317,34.623279881,-6.733333333));
#5501 = CARTESIAN_POINT('',(-4.62063365,33.919635416,-5.066666667));
#5502 = CARTESIAN_POINT('',(-4.49665832,33.784114189,-4.733333333));
#5503 = CARTESIAN_POINT('',(-4.36690977,33.654319483,-4.4));
#5504 = CARTESIAN_POINT('',(-6.074829078,35.700213129,-9.4));
#5505 = CARTESIAN_POINT('',(-5.798750247,34.978706033,-8.066666667));
#5506 = CARTESIAN_POINT('',(-5.393253671,34.307357358,-6.733333333));
#5507 = CARTESIAN_POINT('',(-4.756224412,33.582023563,-5.066666667));
#5508 = CARTESIAN_POINT('',(-4.622287901,33.442700161,-4.733333333));
#5509 = CARTESIAN_POINT('',(-4.482431064,33.309585079,-4.4));
#5510 = CARTESIAN_POINT('',(-6.434380802,35.241761659,-9.4));
#5511 = CARTESIAN_POINT('',(-6.104477764,34.477701444,-8.066666667));
#5512 = CARTESIAN_POINT('',(-5.636807504,33.773492487,-6.733333333));
#5513 = CARTESIAN_POINT('',(-4.917363988,33.021892411,-5.066666667));
#5514 = CARTESIAN_POINT('',(-4.766781536,32.878022722,-4.733333333));
#5515 = CARTESIAN_POINT('',(-4.610139039,32.741098913,-4.4));
#5516 = CARTESIAN_POINT('',(-6.585272228,34.992684992,-9.4));
#5517 = CARTESIAN_POINT('',(-6.225120368,34.21026202,-8.066666667));
#5518 = CARTESIAN_POINT('',(-5.725411957,33.49387881,-6.733333333));
#5519 = CARTESIAN_POINT('',(-4.963728232,32.734229071,-5.066666667));
#5520 = CARTESIAN_POINT('',(-4.80455555,32.589123899,-4.733333333));
#5521 = CARTESIAN_POINT('',(-4.639263368,32.45134188,-4.4));
#5522 = CARTESIAN_POINT('',(-6.714879283,34.722044497,-9.4));
#5523 = CARTESIAN_POINT('',(-6.323173498,33.924720315,-8.066666667));
#5524 = CARTESIAN_POINT('',(-5.788188557,33.198370441,-6.733333333));
#5525 = CARTESIAN_POINT('',(-4.982252806,32.434606345,-5.066666667));
#5526 = CARTESIAN_POINT('',(-4.814235741,32.289090916,-4.733333333));
#5527 = CARTESIAN_POINT('',(-4.640109071,32.151298581,-4.4));
#5528 = DEFINITIONAL_REPRESENTATION('',(#5529),#5532);
#5529 = B_SPLINE_CURVE_WITH_KNOTS('',1,(#5530,#5531),.UNSPECIFIED.,.F.,
  .F.,(2,2),(0.,1.814584E-03),.PIECEWISE_BEZIER_KNOTS.);
#5530 = CARTESIAN_POINT('',(-4.116212843017E-16,9.052084636377E-17));
#5531 = CARTESIAN_POINT('',(1.,-9.754314392901E-18));
#5532 = ( GEOMETRIC_REPRESENTATION_CONTEXT(2) 
PARAMETRIC_REPRESENTATION_CONTEXT() REPRESENTATION_CONTEXT('2D SPACE',''
  ) );
#5533 = ORIENTED_EDGE('',*,*,#5534,.F.);
#5534 = EDGE_CURVE('',#5535,#5390,#5537,.T.);
#5535 = VERTEX_POINT('',#5536);
#5536 = CARTESIAN_POINT('',(-4.940201011,36.298428079,-9.4));
#5537 = SURFACE_CURVE('',#5538,(#5542,#5549),.PCURVE_S1.);
#5538 = LINE('',#5539,#5540);
#5539 = CARTESIAN_POINT('',(-4.940201011,36.298428079,-9.4));
#5540 = VECTOR('',#5541,1.);
#5541 = DIRECTION('',(-0.94395978912,-0.330060474042,0.));
#5542 = PCURVE('',#66,#5543);
#5543 = DEFINITIONAL_REPRESENTATION('',(#5544),#5548);
#5544 = LINE('',#5545,#5546);
#5545 = CARTESIAN_POINT('',(3.582873303558,3.837384382139));
#5546 = VECTOR('',#5547,1.);
#5547 = DIRECTION('',(0.682452057914,0.730930358276));
#5548 = ( GEOMETRIC_REPRESENTATION_CONTEXT(2) 
PARAMETRIC_REPRESENTATION_CONTEXT() REPRESENTATION_CONTEXT('2D SPACE',''
  ) );
#5549 = PCURVE('',#5550,#5587);
#5550 = B_SPLINE_SURFACE_WITH_KNOTS('',3,3,(
    (#5551,#5552,#5553,#5554,#5555,#5556)
    ,(#5557,#5558,#5559,#5560,#5561,#5562)
    ,(#5563,#5564,#5565,#5566,#5567,#5568)
    ,(#5569,#5570,#5571,#5572,#5573,#5574)
    ,(#5575,#5576,#5577,#5578,#5579,#5580)
    ,(#5581,#5582,#5583,#5584,#5585,#5586
    )),.UNSPECIFIED.,.F.,.F.,.F.,(4,2,4),(4,2,4),(0.134777125,
    0.134952654,0.99999341109),(-4.354364340415E-06,0.5,0.625004354364),
  .UNSPECIFIED.);
#5551 = CARTESIAN_POINT('',(-4.940083589195,36.298486346274,
    -9.400034834915));
#5552 = CARTESIAN_POINT('',(-4.735031932736,35.711434860983,
    -8.066689890276));
#5553 = CARTESIAN_POINT('',(-4.424436844711,35.161637518489,
    -6.733344944638));
#5554 = CARTESIAN_POINT('',(-3.928704495289,34.563021575511,
    -5.066655055362));
#5555 = CARTESIAN_POINT('',(-3.824199972448,34.447750264342,
    -4.733310109723));
#5556 = CARTESIAN_POINT('',(-3.714799173514,34.337331557106,
    -4.399965165085));
#5557 = CARTESIAN_POINT('',(-4.940124515239,36.298472036401,
    -9.400034834915));
#5558 = CARTESIAN_POINT('',(-4.735071167781,35.711415702062,
    -8.066689890276));
#5559 = CARTESIAN_POINT('',(-4.424473512739,35.161613819523,
    -6.733344944638));
#5560 = CARTESIAN_POINT('',(-3.928737068261,34.562992933477,
    -5.066655055362));
#5561 = CARTESIAN_POINT('',(-3.824231683388,34.447720670275,
    -4.733310109723));
#5562 = CARTESIAN_POINT('',(-3.714829980419,34.33730105001,
    -4.399965165085));
#5563 = CARTESIAN_POINT('',(-4.940165441283,36.298457726528,
    -9.400034834915));
#5564 = CARTESIAN_POINT('',(-4.735110402826,35.711396543141,
    -8.066689890276));
#5565 = CARTESIAN_POINT('',(-4.424510179768,35.161590121558,
    -6.733344944638));
#5566 = CARTESIAN_POINT('',(-3.928769642232,34.562964291442,
    -5.066655055362));
#5567 = CARTESIAN_POINT('',(-3.824263394328,34.447691076209,
    -4.733310109723));
#5568 = CARTESIAN_POINT('',(-3.714860787325,34.337270543915,
    -4.399965165085));
#5569 = CARTESIAN_POINT('',(-5.141899521115,36.22792105203,
    -9.400034834915));
#5570 = CARTESIAN_POINT('',(-4.928506784228,35.616956335848,
    -8.066689890276));
#5571 = CARTESIAN_POINT('',(-4.605252357358,35.044775218326,
    -6.733344944638));
#5572 = CARTESIAN_POINT('',(-4.089332064642,34.421781556674,
    -5.066655055362));
#5573 = CARTESIAN_POINT('',(-3.980572242992,34.301815401264,
    -4.733310109723));
#5574 = CARTESIAN_POINT('',(-3.866716868006,34.186899290121,
    -4.399965165085));
#5575 = CARTESIAN_POINT('',(-5.343592674398,36.157398687092,
    -9.400034834915));
#5576 = CARTESIAN_POINT('',(-5.121844951144,35.52254730271,
    -8.066689890276));
#5577 = CARTESIAN_POINT('',(-4.785964218936,34.927982587079,
    -6.733344944638));
#5578 = CARTESIAN_POINT('',(-4.249865912064,34.280623193921,
    -5.066655055362));
#5579 = CARTESIAN_POINT('',(-4.136851906615,34.155966023453,
    -4.733310109723));
#5580 = CARTESIAN_POINT('',(-4.018542959604,34.036556767582,
    -4.399965165085));
#5581 = CARTESIAN_POINT('',(-5.545285828433,36.086876322311,
    -9.400034834915));
#5582 = CARTESIAN_POINT('',(-5.315192612372,35.428132259436,
    -8.066689890276));
#5583 = CARTESIAN_POINT('',(-4.966667719492,34.811191716806,
    -6.733344944638));
#5584 = CARTESIAN_POINT('',(-4.410394569508,34.139470421194,
    -5.066655055362));
#5585 = CARTESIAN_POINT('',(-4.293127539318,34.010121803612,
    -4.733310109723));
#5586 = CARTESIAN_POINT('',(-4.170366286334,33.886218452943,
    -4.399965165085));
#5587 = DEFINITIONAL_REPRESENTATION('',(#5588),#5591);
#5588 = B_SPLINE_CURVE_WITH_KNOTS('',1,(#5589,#5590),.UNSPECIFIED.,.F.,
  .F.,(2,2),(0.,0.641000615653),.PIECEWISE_BEZIER_KNOTS.);
#5589 = CARTESIAN_POINT('',(0.134952654781,-1.533848817651E-11));
#5590 = CARTESIAN_POINT('',(0.99999341109,3.466351232345E-12));
#5591 = ( GEOMETRIC_REPRESENTATION_CONTEXT(2) 
PARAMETRIC_REPRESENTATION_CONTEXT() REPRESENTATION_CONTEXT('2D SPACE',''
  ) );
#5592 = ORIENTED_EDGE('',*,*,#5593,.F.);
#5593 = EDGE_CURVE('',#5594,#5535,#5596,.T.);
#5594 = VERTEX_POINT('',#5595);
#5595 = CARTESIAN_POINT('',(-5.177817439,37.262453544,-9.4));
#5596 = SURFACE_CURVE('',#5597,(#5602,#5609),.PCURVE_S1.);
#5597 = CIRCLE('',#5598,5.25);
#5598 = AXIS2_PLACEMENT_3D('',#5599,#5600,#5601);
#5599 = CARTESIAN_POINT('',(1.5587882E-02,38.031245569,-9.4));
#5600 = DIRECTION('',(0.,0.,1.));
#5601 = DIRECTION('',(-0.885458521217,0.464718417114,0.));
#5602 = PCURVE('',#66,#5603);
#5603 = DEFINITIONAL_REPRESENTATION('',(#5604),#5608);
#5604 = CIRCLE('',#5605,5.25);
#5605 = AXIS2_PLACEMENT_2D('',#5606,#5607);
#5606 = CARTESIAN_POINT('',(0.,0.));
#5607 = DIRECTION('',(1.,0.));
#5608 = ( GEOMETRIC_REPRESENTATION_CONTEXT(2) 
PARAMETRIC_REPRESENTATION_CONTEXT() REPRESENTATION_CONTEXT('2D SPACE',''
  ) );
#5609 = PCURVE('',#5610,#5615);
#5610 = CYLINDRICAL_SURFACE('',#5611,5.25);
#5611 = AXIS2_PLACEMENT_3D('',#5612,#5613,#5614);
#5612 = CARTESIAN_POINT('',(1.5587882E-02,38.031245569,-9.4));
#5613 = DIRECTION('',(0.,0.,1.));
#5614 = DIRECTION('',(-0.885458521217,0.464718417114,0.));
#5615 = DEFINITIONAL_REPRESENTATION('',(#5616),#5620);
#5616 = LINE('',#5617,#5618);
#5617 = CARTESIAN_POINT('',(-7.771561172376E-16,0.));
#5618 = VECTOR('',#5619,1.);
#5619 = DIRECTION('',(1.,0.));
#5620 = ( GEOMETRIC_REPRESENTATION_CONTEXT(2) 
PARAMETRIC_REPRESENTATION_CONTEXT() REPRESENTATION_CONTEXT('2D SPACE',''
  ) );
#5621 = ORIENTED_EDGE('',*,*,#5622,.F.);
#5622 = EDGE_CURVE('',#5623,#5594,#5625,.T.);
#5623 = VERTEX_POINT('',#5624);
#5624 = CARTESIAN_POINT('',(-5.811908107,37.168587608,-9.4));
#5625 = SURFACE_CURVE('',#5626,(#5630,#5637),.PCURVE_S1.);
#5626 = LINE('',#5627,#5628);
#5627 = CARTESIAN_POINT('',(-5.811908107,37.168587608,-9.4));
#5628 = VECTOR('',#5629,1.);
#5629 = DIRECTION('',(0.989220061062,0.146436576009,0.));
#5630 = PCURVE('',#66,#5631);
#5631 = DEFINITIONAL_REPRESENTATION('',(#5632),#5636);
#5632 = LINE('',#5633,#5634);
#5633 = CARTESIAN_POINT('',(4.75911293867,3.471992554208));
#5634 = VECTOR('',#5635,1.);
#5635 = DIRECTION('',(-0.807861558615,-0.589372294999));
#5636 = ( GEOMETRIC_REPRESENTATION_CONTEXT(2) 
PARAMETRIC_REPRESENTATION_CONTEXT() REPRESENTATION_CONTEXT('2D SPACE',''
  ) );
#5637 = PCURVE('',#5638,#5675);
#5638 = B_SPLINE_SURFACE_WITH_KNOTS('',3,3,(
    (#5639,#5640,#5641,#5642,#5643,#5644)
    ,(#5645,#5646,#5647,#5648,#5649,#5650)
    ,(#5651,#5652,#5653,#5654,#5655,#5656)
    ,(#5657,#5658,#5659,#5660,#5661,#5662)
    ,(#5663,#5664,#5665,#5666,#5667,#5668)
    ,(#5669,#5670,#5671,#5672,#5673,#5674
    )),.UNSPECIFIED.,.F.,.F.,.F.,(4,2,4),(4,2,4),(-1.064134403074E-06,
    0.865047346,0.865220583896),(-4.353612929575E-06,0.5,0.625004356613)
  ,.UNSPECIFIED.);
#5639 = CARTESIAN_POINT('',(-5.811911550271,37.168605523744,
    -9.400034828903));
#5640 = CARTESIAN_POINT('',(-5.709956300494,36.478321608256,
    -8.066689886269));
#5641 = CARTESIAN_POINT('',(-5.483814034698,35.806797374094,
    -6.733344942634));
#5642 = CARTESIAN_POINT('',(-5.063955389298,35.042358069095,
    -5.066655049366));
#5643 = CARTESIAN_POINT('',(-4.973138381861,34.893244412406,
    -4.733310098731));
#5644 = CARTESIAN_POINT('',(-4.87590027802,34.748444165408,
    -4.399965149097));
#5645 = CARTESIAN_POINT('',(-5.600547637667,37.19989355324,
    -9.400034828903));
#5646 = CARTESIAN_POINT('',(-5.50229031312,36.534646295407,
    -8.066689886269));
#5647 = CARTESIAN_POINT('',(-5.284353355284,35.887478313222,
    -6.733344942634));
#5648 = CARTESIAN_POINT('',(-4.879722114748,35.150763640559,
    -5.066655049366));
#5649 = CARTESIAN_POINT('',(-4.792198808714,35.007058266119,
    -4.733310098731));
#5650 = CARTESIAN_POINT('',(-4.698487282251,34.86750999761,
    -4.399965149097));
#5651 = CARTESIAN_POINT('',(-5.38918372479,37.231181583843,
    -9.400034828903));
#5652 = CARTESIAN_POINT('',(-5.294634783134,36.590966868461,
    -8.066689886269));
#5653 = CARTESIAN_POINT('',(-5.084884468815,35.968159272321,
    -6.733344942634));
#5654 = CARTESIAN_POINT('',(-4.695483000188,35.259173541074,
    -5.066655049366));
#5655 = CARTESIAN_POINT('',(-4.61125459363,35.120876249837,
    -4.733310098731));
#5656 = CARTESIAN_POINT('',(-4.521071034614,34.986579279756,
    -4.399965149097));
#5657 = CARTESIAN_POINT('',(-5.177777483664,37.262475878316,
    -9.400034828903));
#5658 = CARTESIAN_POINT('',(-5.086916759782,36.647306947347,
    -8.066689886269));
#5659 = CARTESIAN_POINT('',(-4.885381809776,36.048856318932,
    -6.733344942634));
#5660 = CARTESIAN_POINT('',(-4.511211410066,35.367601894503,
    -5.066655049366));
#5661 = CARTESIAN_POINT('',(-4.430276955133,35.23471444092,
    -4.733310098731));
#5662 = CARTESIAN_POINT('',(-4.343620138697,35.105670980056,
    -4.399965149097));
#5663 = CARTESIAN_POINT('',(-5.177735156015,37.262482144445,
    -9.400034828903));
#5664 = CARTESIAN_POINT('',(-5.086875169983,36.647318228022,
    -8.066689886269));
#5665 = CARTESIAN_POINT('',(-4.885341864093,36.048872476429,
    -6.733344942634));
#5666 = CARTESIAN_POINT('',(-4.511174515698,35.367623604451,
    -5.066655049366));
#5667 = CARTESIAN_POINT('',(-4.430240719963,35.234737233094,
    -4.733310098731));
#5668 = CARTESIAN_POINT('',(-4.343584609772,35.105694825103,
    -4.399965149097));
#5669 = CARTESIAN_POINT('',(-5.177692826977,37.262488410548,
    -9.400034828903));
#5670 = CARTESIAN_POINT('',(-5.086833580158,36.647329508693,
    -8.066689886269));
#5671 = CARTESIAN_POINT('',(-4.885301919765,36.048888633922,
    -6.733344942634));
#5672 = CARTESIAN_POINT('',(-4.511137619914,35.36764531309,
    -5.066655049366));
#5673 = CARTESIAN_POINT('',(-4.430204484714,35.234760026661,
    -4.733310098731));
#5674 = CARTESIAN_POINT('',(-4.343549079452,35.105718670144,
    -4.399965149097));
#5675 = DEFINITIONAL_REPRESENTATION('',(#5676),#5679);
#5676 = B_SPLINE_CURVE_WITH_KNOTS('',1,(#5677,#5678),.UNSPECIFIED.,.F.,
  .F.,(2,2),(0.,0.641000615589),.PIECEWISE_BEZIER_KNOTS.);
#5677 = CARTESIAN_POINT('',(-4.09377450919E-16,-1.026615655166E-15));
#5678 = CARTESIAN_POINT('',(0.865047345818,-7.832035988696E-12));
#5679 = ( GEOMETRIC_REPRESENTATION_CONTEXT(2) 
PARAMETRIC_REPRESENTATION_CONTEXT() REPRESENTATION_CONTEXT('2D SPACE',''
  ) );
#5680 = ORIENTED_EDGE('',*,*,#5681,.F.);
#5681 = EDGE_CURVE('',#5682,#5623,#5684,.T.);
#5682 = VERTEX_POINT('',#5683);
#5683 = CARTESIAN_POINT('',(-7.481805121,37.833513023,-9.4));
#5684 = SURFACE_CURVE('',#5685,(#5732,#5782),.PCURVE_S1.);
#5685 = B_SPLINE_CURVE_WITH_KNOTS('',3,(#5686,#5687,#5688,#5689,#5690,
    #5691,#5692,#5693,#5694,#5695,#5696,#5697,#5698,#5699,#5700,#5701,
    #5702,#5703,#5704,#5705,#5706,#5707,#5708,#5709,#5710,#5711,#5712,
    #5713,#5714,#5715,#5716,#5717,#5718,#5719,#5720,#5721,#5722,#5723,
    #5724,#5725,#5726,#5727,#5728,#5729,#5730,#5731),.UNSPECIFIED.,.F.,
  .F.,(4,3,3,3,3,3,3,3,3,3,3,3,3,3,3,4),(0.,2.285805E-04,4.57161E-04,
    6.046417693624E-04,7.472240828038E-04,8.654412095665E-04,9.14323E-04
    ,1.021570503992E-03,1.144127351843E-03,1.2751697925E-03,1.371484E-03
    ,1.47965187224E-03,1.575657809265E-03,1.666592640332E-03,
    1.750826946198E-03,1.828646E-03),.UNSPECIFIED.);
#5686 = CARTESIAN_POINT('',(-7.481805121,37.833513023,-9.4));
#5687 = CARTESIAN_POINT('',(-7.420547895384,37.787823720656,
    -9.399999999898));
#5688 = CARTESIAN_POINT('',(-7.358307416295,37.743703184241,
    -9.399999999816));
#5689 = CARTESIAN_POINT('',(-7.294993098245,37.701266983947,
    -9.39999999978));
#5690 = CARTESIAN_POINT('',(-7.231678780195,37.658830783653,
    -9.399999999744));
#5691 = CARTESIAN_POINT('',(-7.167290321834,37.618078309293,
    -9.399999999754));
#5692 = CARTESIAN_POINT('',(-7.101736787237,37.57918272734,
    -9.399999999836));
#5693 = CARTESIAN_POINT('',(-7.059441465821,37.554087190532,
    -9.399999999889));
#5694 = CARTESIAN_POINT('',(-7.016353244345,37.529588780853,
    -9.399999999919));
#5695 = CARTESIAN_POINT('',(-6.972787758156,37.505962777496,
    -9.399999999936));
#5696 = CARTESIAN_POINT('',(-6.930669264783,37.483121492964,
    -9.399999999952));
#5697 = CARTESIAN_POINT('',(-6.888104942864,37.461095806916,
    -9.399999999954));
#5698 = CARTESIAN_POINT('',(-6.845389794669,37.440087339674,
    -9.39999999995));
#5699 = CARTESIAN_POINT('',(-6.809974026983,37.422668905543,
    -9.399999999947));
#5700 = CARTESIAN_POINT('',(-6.774454810007,37.405948989045,
    -9.399999999939));
#5701 = CARTESIAN_POINT('',(-6.739003754227,37.390015448424,
    -9.399999999931));
#5702 = CARTESIAN_POINT('',(-6.724345039988,37.383427063011,
    -9.399999999928));
#5703 = CARTESIAN_POINT('',(-6.709525520822,37.376878438705,
    -9.399999999924));
#5704 = CARTESIAN_POINT('',(-6.694574165506,37.370391839289,
    -9.399999999921));
#5705 = CARTESIAN_POINT('',(-6.661770630187,37.356160126609,
    -9.399999999914));
#5706 = CARTESIAN_POINT('',(-6.628664121865,37.342370275086,
    -9.39999999991));
#5707 = CARTESIAN_POINT('',(-6.595335548812,37.329121101973,
    -9.399999999907));
#5708 = CARTESIAN_POINT('',(-6.557249395712,37.313980638718,
    -9.399999999904));
#5709 = CARTESIAN_POINT('',(-6.518873058123,37.299544994553,
    -9.399999999902));
#5710 = CARTESIAN_POINT('',(-6.48026112473,37.285945643268,
    -9.399999999897));
#5711 = CARTESIAN_POINT('',(-6.438975777734,37.271404699901,
    -9.399999999892));
#5712 = CARTESIAN_POINT('',(-6.397419579416,37.257817539225,
    -9.399999999883));
#5713 = CARTESIAN_POINT('',(-6.355603164867,37.245357055931,
    -9.399999999867));
#5714 = CARTESIAN_POINT('',(-6.32486873404,37.23619878959,
    -9.399999999856));
#5715 = CARTESIAN_POINT('',(-6.293992399928,37.227649251187,
    -9.39999999984));
#5716 = CARTESIAN_POINT('',(-6.262968795469,37.219792511124,
    -9.399999999819));
#5717 = CARTESIAN_POINT('',(-6.228127027358,37.210968819609,
    -9.399999999794));
#5718 = CARTESIAN_POINT('',(-6.19319970057,37.203042213344,
    -9.399999999792));
#5719 = CARTESIAN_POINT('',(-6.158115490089,37.196137832495,
    -9.399999999802));
#5720 = CARTESIAN_POINT('',(-6.126975998923,37.190009750845,
    -9.399999999811));
#5721 = CARTESIAN_POINT('',(-6.09571226939,37.184686863421,
    -9.39999999983));
#5722 = CARTESIAN_POINT('',(-6.064280563243,37.180297086028,
    -9.399999999853));
#5723 = CARTESIAN_POINT('',(-6.034509103507,37.176139179986,
    -9.399999999874));
#5724 = CARTESIAN_POINT('',(-6.004586483162,37.172818060705,
    -9.3999999999));
#5725 = CARTESIAN_POINT('',(-5.974488850546,37.170484449727,
    -9.399999999923));
#5726 = CARTESIAN_POINT('',(-5.946608959399,37.168322790673,
    -9.399999999944));
#5727 = CARTESIAN_POINT('',(-5.918578647153,37.167008385128,
    -9.399999999964));
#5728 = CARTESIAN_POINT('',(-5.89039540451,37.166700773743,
    -9.399999999979));
#5729 = CARTESIAN_POINT('',(-5.864358586695,37.166416589922,
    -9.399999999992));
#5730 = CARTESIAN_POINT('',(-5.838191113607,37.166991687143,-9.4));
#5731 = CARTESIAN_POINT('',(-5.811908107,37.168587608,-9.4));
#5732 = PCURVE('',#66,#5733);
#5733 = DEFINITIONAL_REPRESENTATION('',(#5734),#5781);
#5734 = B_SPLINE_CURVE_WITH_KNOTS('',3,(#5735,#5736,#5737,#5738,#5739,
    #5740,#5741,#5742,#5743,#5744,#5745,#5746,#5747,#5748,#5749,#5750,
    #5751,#5752,#5753,#5754,#5755,#5756,#5757,#5758,#5759,#5760,#5761,
    #5762,#5763,#5764,#5765,#5766,#5767,#5768,#5769,#5770,#5771,#5772,
    #5773,#5774,#5775,#5776,#5777,#5778,#5779,#5780),.UNSPECIFIED.,.F.,
  .F.,(4,3,3,3,3,3,3,3,3,3,3,3,3,3,3,4),(0.,2.285805E-04,4.57161E-04,
    6.046417693624E-04,7.472240828038E-04,8.654412095665E-04,9.14323E-04
    ,1.021570503992E-03,1.144127351843E-03,1.2751697925E-03,1.371484E-03
    ,1.47965187224E-03,1.575657809265E-03,1.666592640332E-03,
    1.750826946198E-03,1.828646E-03),.UNSPECIFIED.);
#5735 = CARTESIAN_POINT('',(6.546740565628,3.659260576611));
#5736 = CARTESIAN_POINT('',(6.471267172956,3.671249197776));
#5737 = CARTESIAN_POINT('',(6.395652184537,3.681391805782));
#5738 = CARTESIAN_POINT('',(6.319869098276,3.689543971276));
#5739 = CARTESIAN_POINT('',(6.244086012014,3.697696136769));
#5740 = CARTESIAN_POINT('',(6.168134277513,3.703858260002));
#5741 = CARTESIAN_POINT('',(6.09201384843,3.707834749646));
#5742 = CARTESIAN_POINT('',(6.042900737533,3.710400391737));
#5743 = CARTESIAN_POINT('',(5.993363042494,3.712068827263));
#5744 = CARTESIAN_POINT('',(5.943808172635,3.712742989475));
#5745 = CARTESIAN_POINT('',(5.895899228184,3.713394759928));
#5746 = CARTESIAN_POINT('',(5.847974544686,3.713117167017));
#5747 = CARTESIAN_POINT('',(5.800389031088,3.711868777298));
#5748 = CARTESIAN_POINT('',(5.760935170667,3.710833718726));
#5749 = CARTESIAN_POINT('',(5.7217143242,3.709132076973));
#5750 = CARTESIAN_POINT('',(5.682919274996,3.706765807762));
#5751 = CARTESIAN_POINT('',(5.666877847523,3.705787375289));
#5752 = CARTESIAN_POINT('',(5.650712511675,3.704699006994));
#5753 = CARTESIAN_POINT('',(5.634459264494,3.703494451544));
#5754 = CARTESIAN_POINT('',(5.59879935563,3.700851635799));
#5755 = CARTESIAN_POINT('',(5.563076517757,3.697676773193));
#5756 = CARTESIAN_POINT('',(5.52740831399,3.693919964711));
#5757 = CARTESIAN_POINT('',(5.486648553069,3.689626880132));
#5758 = CARTESIAN_POINT('',(5.445959388231,3.684574853409));
#5759 = CARTESIAN_POINT('',(5.405450253785,3.678672838319));
#5760 = CARTESIAN_POINT('',(5.362136347301,3.672362179424));
#5761 = CARTESIAN_POINT('',(5.319025853589,3.66508111592));
#5762 = CARTESIAN_POINT('',(5.276208536927,3.656681499052));
#5763 = CARTESIAN_POINT('',(5.244738458219,3.650507907979));
#5764 = CARTESIAN_POINT('',(5.213425617122,3.643729368495));
#5765 = CARTESIAN_POINT('',(5.182304330389,3.636268945576));
#5766 = CARTESIAN_POINT('',(5.147352857967,3.62789034709));
#5767 = CARTESIAN_POINT('',(5.112742518923,3.618677656133));
#5768 = CARTESIAN_POINT('',(5.078468312853,3.608486920229));
#5769 = CARTESIAN_POINT('',(5.048047752649,3.599441987301));
#5770 = CARTESIAN_POINT('',(5.017891373111,3.589626352426));
#5771 = CARTESIAN_POINT('',(4.988019890665,3.578906425497));
#5772 = CARTESIAN_POINT('',(4.959726242438,3.568752733189));
#5773 = CARTESIAN_POINT('',(4.931687617982,3.557787853793));
#5774 = CARTESIAN_POINT('',(4.903952940714,3.545867245331));
#5775 = CARTESIAN_POINT('',(4.878261890753,3.534825005877));
#5776 = CARTESIAN_POINT('',(4.852831383457,3.522962655129));
#5777 = CARTESIAN_POINT('',(4.827733338428,3.510137760341));
#5778 = CARTESIAN_POINT('',(4.804546750773,3.498289604565));
#5779 = CARTESIAN_POINT('',(4.781643797019,3.485619873157));
#5780 = CARTESIAN_POINT('',(4.75911293867,3.471992554208));
#5781 = ( GEOMETRIC_REPRESENTATION_CONTEXT(2) 
PARAMETRIC_REPRESENTATION_CONTEXT() REPRESENTATION_CONTEXT('2D SPACE',''
  ) );
#5782 = PCURVE('',#5783,#5820);
#5783 = B_SPLINE_SURFACE_WITH_KNOTS('',3,3,(
    (#5784,#5785,#5786,#5787,#5788,#5789)
    ,(#5790,#5791,#5792,#5793,#5794,#5795)
    ,(#5796,#5797,#5798,#5799,#5800,#5801)
    ,(#5802,#5803,#5804,#5805,#5806,#5807)
    ,(#5808,#5809,#5810,#5811,#5812,#5813)
    ,(#5814,#5815,#5816,#5817,#5818,#5819
    )),.UNSPECIFIED.,.F.,.F.,.F.,(4,2,4),(4,2,4),(0.,0.475892875,1.),(0.
    ,0.5,0.625),.UNSPECIFIED.);
#5784 = CARTESIAN_POINT('',(-7.481805121,37.833513023,-9.4));
#5785 = CARTESIAN_POINT('',(-7.458670106,36.945467954,-8.066666667));
#5786 = CARTESIAN_POINT('',(-7.275704415,36.062112966,-6.733333333));
#5787 = CARTESIAN_POINT('',(-6.86214368,35.031659714,-5.066666667));
#5788 = CARTESIAN_POINT('',(-6.770204352,34.82929471,-4.733333333));
#5789 = CARTESIAN_POINT('',(-6.669489526,34.63139747,-4.4));
#5790 = CARTESIAN_POINT('',(-7.241268937,37.654106752,-9.4));
#5791 = CARTESIAN_POINT('',(-7.196805203,36.795219791,-8.066666667));
#5792 = CARTESIAN_POINT('',(-6.997769584,35.943474181,-6.733333333));
#5793 = CARTESIAN_POINT('',(-6.571748302,34.955681991,-5.066666667));
#5794 = CARTESIAN_POINT('',(-6.477707668,34.761995369,-4.733333333));
#5795 = CARTESIAN_POINT('',(-6.37527774,34.572860448,-4.4));
#5796 = CARTESIAN_POINT('',(-6.99190603,37.50368283,-9.4));
#5797 = CARTESIAN_POINT('',(-6.929958556,36.673417459,-8.066666667));
#5798 = CARTESIAN_POINT('',(-6.718064917,35.855373417,-6.733333333));
#5799 = CARTESIAN_POINT('',(-6.283983651,34.909818767,-5.066666667));
#5800 = CARTESIAN_POINT('',(-6.188704549,34.724609795,-4.733333333));
#5801 = CARTESIAN_POINT('',(-6.085416509,34.543984685,-4.4));
#5802 = CARTESIAN_POINT('',(-6.460479129,37.264832056,-9.4));
#5803 = CARTESIAN_POINT('',(-6.369580045,36.498019634,-8.066666667));
#5804 = CARTESIAN_POINT('',(-6.141481088,35.747278331,-6.733333333));
#5805 = CARTESIAN_POINT('',(-5.701491496,34.888021533,-5.066666667));
#5806 = CARTESIAN_POINT('',(-5.605805567,34.720126293,-4.733333333));
#5807 = CARTESIAN_POINT('',(-5.502880697,34.556789948,-4.4));
#5808 = CARTESIAN_POINT('',(-6.115409395,37.150158817,-9.4));
#5809 = CARTESIAN_POINT('',(-6.011625879,36.425840282,-8.066666667));
#5810 = CARTESIAN_POINT('',(-5.776419122,35.716928509,-6.733333333));
#5811 = CARTESIAN_POINT('',(-5.338522727,34.911317685,-5.066666667));
#5812 = CARTESIAN_POINT('',(-5.243788537,34.754230419,-4.733333333));
#5813 = CARTESIAN_POINT('',(-5.142292568,34.601672426,-4.4));
#5814 = CARTESIAN_POINT('',(-5.811908107,37.168587608,-9.4));
#5815 = CARTESIAN_POINT('',(-5.709951596,36.478310122,-8.066666667));
#5816 = CARTESIAN_POINT('',(-5.483808418,35.806793142,-6.733333333));
#5817 = CARTESIAN_POINT('',(-5.063955827,35.042364861,-5.066666667));
#5818 = CARTESIAN_POINT('',(-4.973142364,34.893256252,-4.733333333));
#5819 = CARTESIAN_POINT('',(-4.875908288,34.748460686,-4.4));
#5820 = DEFINITIONAL_REPRESENTATION('',(#5821),#5824);
#5821 = B_SPLINE_CURVE_WITH_KNOTS('',1,(#5822,#5823),.UNSPECIFIED.,.F.,
  .F.,(2,2),(0.,1.828646E-03),.PIECEWISE_BEZIER_KNOTS.);
#5822 = CARTESIAN_POINT('',(1.560930226374E-15,-3.347661589185E-17));
#5823 = CARTESIAN_POINT('',(1.,3.554396652525E-16));
#5824 = ( GEOMETRIC_REPRESENTATION_CONTEXT(2) 
PARAMETRIC_REPRESENTATION_CONTEXT() REPRESENTATION_CONTEXT('2D SPACE',''
  ) );
#5825 = ORIENTED_EDGE('',*,*,#5826,.F.);
#5826 = EDGE_CURVE('',#5827,#5682,#5829,.T.);
#5827 = VERTEX_POINT('',#5828);
#5828 = CARTESIAN_POINT('',(-7.481807244,38.22889759,-9.4));
#5829 = SURFACE_CURVE('',#5830,(#5835,#5842),.PCURVE_S1.);
#5830 = CIRCLE('',#5831,7.499993738577);
#5831 = AXIS2_PLACEMENT_3D('',#5832,#5833,#5834);
#5832 = CARTESIAN_POINT('',(1.558161846907E-02,38.031245563393,-9.4));
#5833 = DIRECTION('',(0.,0.,1.));
#5834 = DIRECTION('',(-0.999652399829,-2.636436072953E-02,0.));
#5835 = PCURVE('',#66,#5836);
#5836 = DEFINITIONAL_REPRESENTATION('',(#5837),#5841);
#5837 = CIRCLE('',#5838,7.499993738577);
#5838 = AXIS2_PLACEMENT_2D('',#5839,#5840);
#5839 = CARTESIAN_POINT('',(5.5434912088E-06,2.915742858427E-06));
#5840 = DIRECTION('',(0.872898731697,0.487901428777));
#5841 = ( GEOMETRIC_REPRESENTATION_CONTEXT(2) 
PARAMETRIC_REPRESENTATION_CONTEXT() REPRESENTATION_CONTEXT('2D SPACE',''
  ) );
#5842 = PCURVE('',#5843,#5880);
#5843 = B_SPLINE_SURFACE_WITH_KNOTS('',3,3,(
    (#5844,#5845,#5846,#5847,#5848,#5849)
    ,(#5850,#5851,#5852,#5853,#5854,#5855)
    ,(#5856,#5857,#5858,#5859,#5860,#5861)
    ,(#5862,#5863,#5864,#5865,#5866,#5867)
    ,(#5868,#5869,#5870,#5871,#5872,#5873)
    ,(#5874,#5875,#5876,#5877,#5878,#5879
    )),.UNSPECIFIED.,.F.,.F.,.F.,(4,2,4),(4,2,4),(0.,0.5,1.),(0.,0.5,
    0.625000001),.UNSPECIFIED.);
#5844 = CARTESIAN_POINT('',(-7.481807244,38.22889759,-9.4));
#5845 = CARTESIAN_POINT('',(-7.505504019,37.340867333,-8.066666667));
#5846 = CARTESIAN_POINT('',(-7.369344338,36.44909778,-6.733333333));
#5847 = CARTESIAN_POINT('',(-7.010662816,35.398282039,-5.066666665));
#5848 = CARTESIAN_POINT('',(-6.929515852,35.191353064,-4.73333333));
#5849 = CARTESIAN_POINT('',(-6.839370154,34.988423168,-4.399999995));
#5850 = CARTESIAN_POINT('',(-7.48354408,38.163015419,-9.4));
#5851 = CARTESIAN_POINT('',(-7.499419277,37.274778776,-8.066666667));
#5852 = CARTESIAN_POINT('',(-7.355440579,36.384202743,-6.733333333));
#5853 = CARTESIAN_POINT('',(-6.987526616,35.33654121,-5.066666665));
#5854 = CARTESIAN_POINT('',(-6.904560466,35.130326109,-4.73333333));
#5855 = CARTESIAN_POINT('',(-6.812630386,34.928189144,-4.399999995));
#5856 = CARTESIAN_POINT('',(-7.484412474,38.097110354,-9.4));
#5857 = CARTESIAN_POINT('',(-7.492499635,37.208766338,-8.066666667));
#5858 = CARTESIAN_POINT('',(-7.340683345,36.319492277,-6.733333333));
#5859 = CARTESIAN_POINT('',(-6.963575056,35.275102176,-5.066666665));
#5860 = CARTESIAN_POINT('',(-6.878800736,35.069623364,-4.73333333));
#5861 = CARTESIAN_POINT('',(-6.785099049,34.868301324,-4.399999995));
#5862 = CARTESIAN_POINT('',(-7.484411766,37.965300231,-9.4));
#5863 = CARTESIAN_POINT('',(-7.47688656,37.076951595,-8.066666667));
#5864 = CARTESIAN_POINT('',(-7.309465851,36.190484311,-6.733333333));
#5865 = CARTESIAN_POINT('',(-6.914063507,35.152882109,-5.066666665));
#5866 = CARTESIAN_POINT('',(-6.82569142,34.948924673,-4.73333333));
#5867 = CARTESIAN_POINT('',(-6.728466307,34.749280235,-4.399999995));
#5868 = CARTESIAN_POINT('',(-7.483542665,37.899395176,-9.4));
#5869 = CARTESIAN_POINT('',(-7.468193128,37.011149293,-8.066666667));
#5870 = CARTESIAN_POINT('',(-7.293006491,36.126181302,-6.733333333));
#5871 = CARTESIAN_POINT('',(-6.888501184,35.092096766,-5.066666665));
#5872 = CARTESIAN_POINT('',(-6.79833928,34.888924822,-4.73333333));
#5873 = CARTESIAN_POINT('',(-6.699362385,34.690143533,-4.399999995));
#5874 = CARTESIAN_POINT('',(-7.481805121,37.833513023,-9.4));
#5875 = CARTESIAN_POINT('',(-7.458670106,36.945467954,-8.066666667));
#5876 = CARTESIAN_POINT('',(-7.27570371,36.062113159,-6.733333333));
#5877 = CARTESIAN_POINT('',(-6.862143013,35.031660003,-5.066666665));
#5878 = CARTESIAN_POINT('',(-6.770203731,34.82929499,-4.73333333));
#5879 = CARTESIAN_POINT('',(-6.669488968,34.631397728,-4.399999995));
#5880 = DEFINITIONAL_REPRESENTATION('',(#5881),#5884);
#5881 = B_SPLINE_CURVE_WITH_KNOTS('',1,(#5882,#5883),.UNSPECIFIED.,.F.,
  .F.,(2,2),(6.230461214279,6.28318530718),.PIECEWISE_BEZIER_KNOTS.);
#5882 = CARTESIAN_POINT('',(3.177158838588E-15,-1.360749738026E-16));
#5883 = CARTESIAN_POINT('',(1.,-6.587270141862E-17));
#5884 = ( GEOMETRIC_REPRESENTATION_CONTEXT(2) 
PARAMETRIC_REPRESENTATION_CONTEXT() REPRESENTATION_CONTEXT('2D SPACE',''
  ) );
#5885 = ORIENTED_EDGE('',*,*,#5886,.F.);
#5886 = EDGE_CURVE('',#5887,#5827,#5889,.T.);
#5887 = VERTEX_POINT('',#5888);
#5888 = CARTESIAN_POINT('',(-5.811917372,38.89384094,-9.4));
#5889 = SURFACE_CURVE('',#5890,(#5897,#5907),.PCURVE_S1.);
#5890 = B_SPLINE_CURVE_WITH_KNOTS('',3,(#5891,#5892,#5893,#5894,#5895,
    #5896),.UNSPECIFIED.,.F.,.F.,(4,2,4),(-4.481288687942E-17,
    0.524107125,1.),.UNSPECIFIED.);
#5891 = CARTESIAN_POINT('',(-5.811917371666,38.893840939965,-9.4));
#5892 = CARTESIAN_POINT('',(-6.115418858,38.912266472,-9.4));
#5893 = CARTESIAN_POINT('',(-6.460486569,38.797591227,-9.4));
#5894 = CARTESIAN_POINT('',(-6.991911439,38.558733451,-9.4));
#5895 = CARTESIAN_POINT('',(-7.241272987,38.408306445,-9.4));
#5896 = CARTESIAN_POINT('',(-7.481807244,38.22889759,-9.4));
#5897 = PCURVE('',#66,#5898);
#5898 = DEFINITIONAL_REPRESENTATION('',(#5899),#5906);
#5899 = B_SPLINE_CURVE_WITH_KNOTS('',3,(#5900,#5901,#5902,#5903,#5904,
    #5905),.UNSPECIFIED.,.F.,.F.,(4,2,4),(-4.481288687942E-17,
    0.524107125,1.),.UNSPECIFIED.);
#5900 = CARTESIAN_POINT('',(5.560878139698,1.944356595623));
#5901 = CARTESIAN_POINT('',(5.838178801056,2.069084281595));
#5902 = CARTESIAN_POINT('',(6.09043024782,2.330983774906));
#5903 = CARTESIAN_POINT('',(6.44998331977,2.789445352425));
#5904 = CARTESIAN_POINT('',(6.60087642719,3.038525130585));
#5905 = CARTESIAN_POINT('',(6.730484935584,3.309164929201));
#5906 = ( GEOMETRIC_REPRESENTATION_CONTEXT(2) 
PARAMETRIC_REPRESENTATION_CONTEXT() REPRESENTATION_CONTEXT('2D SPACE',''
  ) );
#5907 = PCURVE('',#5908,#5945);
#5908 = B_SPLINE_SURFACE_WITH_KNOTS('',3,3,(
    (#5909,#5910,#5911,#5912,#5913,#5914)
    ,(#5915,#5916,#5917,#5918,#5919,#5920)
    ,(#5921,#5922,#5923,#5924,#5925,#5926)
    ,(#5927,#5928,#5929,#5930,#5931,#5932)
    ,(#5933,#5934,#5935,#5936,#5937,#5938)
    ,(#5939,#5940,#5941,#5942,#5943,#5944
    )),.UNSPECIFIED.,.F.,.F.,.F.,(4,2,4),(4,2,4),(-8.5E-08,0.524107125,
    1.),(0.,0.5,0.625000001),.UNSPECIFIED.);
#5909 = CARTESIAN_POINT('',(-5.811917224,38.893840931,-9.4));
#5910 = CARTESIAN_POINT('',(-5.914310373,38.203628098,-8.066666667));
#5911 = CARTESIAN_POINT('',(-5.892406902,37.495393707,-6.733333333));
#5912 = CARTESIAN_POINT('',(-5.712018634,36.642113748,-5.066666664));
#5913 = CARTESIAN_POINT('',(-5.668297291,36.473090372,-4.733333328));
#5914 = CARTESIAN_POINT('',(-5.617181182,36.306334979,-4.399999993));
#5915 = CARTESIAN_POINT('',(-6.115418746073,38.912266509196,-9.4));
#5916 = CARTESIAN_POINT('',(-6.219890981493,38.184170165868,-8.066666667
    ));
#5917 = CARTESIAN_POINT('',(-6.193912964331,37.441418701888,-6.733333333
    ));
#5918 = CARTESIAN_POINT('',(-6.000338906167,36.54515375852,-5.066666664)
  );
#5919 = CARTESIAN_POINT('',(-5.953544549455,36.367541635114,-4.733333328
    ));
#5920 = CARTESIAN_POINT('',(-5.898977012857,36.192317151591,-4.399999993
    ));
#5921 = CARTESIAN_POINT('',(-6.460486523829,38.797591247303,-9.4));
#5922 = CARTESIAN_POINT('',(-6.551331927199,38.030428217632,-8.066666667
    ));
#5923 = CARTESIAN_POINT('',(-6.504272799581,37.247535970561,-6.733333333
    ));
#5924 = CARTESIAN_POINT('',(-6.277292805746,36.309243458793,-5.066666664
    ));
#5925 = CARTESIAN_POINT('',(-6.223445585819,36.123635342793,-4.733333328
    ));
#5926 = CARTESIAN_POINT('',(-6.161471231932,35.940773020743,-4.399999993
    ));
#5927 = CARTESIAN_POINT('',(-6.991911439,38.558733451,-9.4));
#5928 = CARTESIAN_POINT('',(-7.054873293,37.728878144,-8.066666667));
#5929 = CARTESIAN_POINT('',(-6.968030122,36.887996386,-6.733333333));
#5930 = CARTESIAN_POINT('',(-6.680280731,35.888146287,-5.066666664));
#5931 = CARTESIAN_POINT('',(-6.613806595,35.690776829,-4.733333328));
#5932 = CARTESIAN_POINT('',(-6.53873883,35.496741301,-4.399999993));
#5933 = CARTESIAN_POINT('',(-7.241272987,38.408306445,-9.4));
#5934 = CARTESIAN_POINT('',(-7.285984437,37.548134395,-8.066666667));
#5935 = CARTESIAN_POINT('',(-7.176428261,36.681582523,-6.733333333));
#5936 = CARTESIAN_POINT('',(-6.8550188,35.654974915,-5.066666664));
#5937 = CARTESIAN_POINT('',(-6.781512571,35.452519474,-4.733333328));
#5938 = CARTESIAN_POINT('',(-6.69918465,35.25370441,-4.399999993));
#5939 = CARTESIAN_POINT('',(-7.481807244,38.22889759,-9.4));
#5940 = CARTESIAN_POINT('',(-7.505504019,37.340867333,-8.066666667));
#5941 = CARTESIAN_POINT('',(-7.369344328,36.449097782,-6.733333333));
#5942 = CARTESIAN_POINT('',(-7.010662807,35.398282042,-5.066666664));
#5943 = CARTESIAN_POINT('',(-6.929515843,35.191353067,-4.733333328));
#5944 = CARTESIAN_POINT('',(-6.839370146,34.98842317,-4.399999993));
#5945 = DEFINITIONAL_REPRESENTATION('',(#5946),#5950);
#5946 = LINE('',#5947,#5948);
#5947 = CARTESIAN_POINT('',(-1.085634643451E-15,2.620492538553E-16));
#5948 = VECTOR('',#5949,1.);
#5949 = DIRECTION('',(1.,-1.027398575203E-15));
#5950 = ( GEOMETRIC_REPRESENTATION_CONTEXT(2) 
PARAMETRIC_REPRESENTATION_CONTEXT() REPRESENTATION_CONTEXT('2D SPACE',''
  ) );
#5951 = ORIENTED_EDGE('',*,*,#5952,.F.);
#5952 = EDGE_CURVE('',#5953,#5887,#5955,.T.);
#5953 = VERTEX_POINT('',#5954);
#5954 = CARTESIAN_POINT('',(-5.177825695,38.799981815,-9.4));
#5955 = SURFACE_CURVE('',#5956,(#5960,#5967),.PCURVE_S1.);
#5956 = LINE('',#5957,#5958);
#5957 = CARTESIAN_POINT('',(-5.177825695,38.799981815,-9.4));
#5958 = VECTOR('',#5959,1.);
#5959 = DIRECTION('',(-0.989221633707,0.146425951957,0.));
#5960 = PCURVE('',#66,#5961);
#5961 = DEFINITIONAL_REPRESENTATION('',(#5962),#5966);
#5962 = LINE('',#5963,#5964);
#5963 = CARTESIAN_POINT('',(4.955798197376,1.732790877332));
#5964 = VECTOR('',#5965,1.);
#5965 = DIRECTION('',(0.943961561555,0.330055404904));
#5966 = ( GEOMETRIC_REPRESENTATION_CONTEXT(2) 
PARAMETRIC_REPRESENTATION_CONTEXT() REPRESENTATION_CONTEXT('2D SPACE',''
  ) );
#5967 = PCURVE('',#5968,#6005);
#5968 = B_SPLINE_SURFACE_WITH_KNOTS('',3,3,(
    (#5969,#5970,#5971,#5972,#5973,#5974)
    ,(#5975,#5976,#5977,#5978,#5979,#5980)
    ,(#5981,#5982,#5983,#5984,#5985,#5986)
    ,(#5987,#5988,#5989,#5990,#5991,#5992)
    ,(#5993,#5994,#5995,#5996,#5997,#5998)
    ,(#5999,#6000,#6001,#6002,#6003,#6004
    )),.UNSPECIFIED.,.F.,.F.,.F.,(4,2,4),(4,2,4),(0.134783755967,
    0.134952654,1.000003606448),(0.,0.5,0.625),.UNSPECIFIED.);
#5969 = CARTESIAN_POINT('',(-5.17770189141,38.799963489176,-9.4));
#5970 = CARTESIAN_POINT('',(-5.268951455986,38.184867459246,-8.066666667
    ));
#5971 = CARTESIAN_POINT('',(-5.249430760382,37.553710928429,-6.733333333
    ));
#5972 = CARTESIAN_POINT('',(-5.088674510631,36.793295154669,-5.066666667
    ));
#5973 = CARTESIAN_POINT('',(-5.049711490361,36.64266686822,-4.733333333)
  );
#5974 = CARTESIAN_POINT('',(-5.004158507551,36.494059696621,-4.4));
#5975 = CARTESIAN_POINT('',(-5.177743158601,38.799969598118,-9.4));
#5976 = CARTESIAN_POINT('',(-5.26899345233,38.184868679831,-8.066666667)
  );
#5977 = CARTESIAN_POINT('',(-5.249472598255,37.553707134292,-6.733333333
    ));
#5978 = CARTESIAN_POINT('',(-5.08871507176,36.793285317779,-5.066666667)
  );
#5979 = CARTESIAN_POINT('',(-5.049751741574,36.642655833813,-4.733333333
    ));
#5980 = CARTESIAN_POINT('',(-5.004198396701,36.494047481753,-4.4));
#5981 = CARTESIAN_POINT('',(-5.177784426801,38.79997570706,-9.4));
#5982 = CARTESIAN_POINT('',(-5.269035447665,38.184869900415,-8.066666667
    ));
#5983 = CARTESIAN_POINT('',(-5.249514436127,37.553703339145,-6.733333333
    ));
#5984 = CARTESIAN_POINT('',(-5.088755631879,36.793275480891,-5.066666667
    ));
#5985 = CARTESIAN_POINT('',(-5.049791992788,36.642644799406,-4.733333333
    ));
#5986 = CARTESIAN_POINT('',(-5.00423828585,36.494035265874,-4.4));
#5987 = CARTESIAN_POINT('',(-5.389189588,38.83126819,-9.4));
#5988 = CARTESIAN_POINT('',(-5.484166329,38.191122535,-8.066666667));
#5989 = CARTESIAN_POINT('',(-5.463838589,37.534263891,-6.733333333));
#5990 = CARTESIAN_POINT('',(-5.296535938,36.742882058,-5.066666667));
#5991 = CARTESIAN_POINT('',(-5.255986941,36.586119509,-4.733333333));
#5992 = CARTESIAN_POINT('',(-5.208579801,36.431460284,-4.4));
#5993 = CARTESIAN_POINT('',(-5.60055348,38.862554565,-9.4));
#5994 = CARTESIAN_POINT('',(-5.699232825,38.197375767,-8.066666667));
#5995 = CARTESIAN_POINT('',(-5.678126491,37.514829989,-6.733333333));
#5996 = CARTESIAN_POINT('',(-5.504280527,36.692496715,-5.066666667));
#5997 = CARTESIAN_POINT('',(-5.462144771,36.529603673,-4.733333333));
#5998 = CARTESIAN_POINT('',(-5.412882406,36.368896483,-4.4));
#5999 = CARTESIAN_POINT('',(-5.811917372,38.89384094,-9.4));
#6000 = CARTESIAN_POINT('',(-5.914310522,38.203628089,-8.066666667));
#6001 = CARTESIAN_POINT('',(-5.892406872,37.495393698,-6.733333333));
#6002 = CARTESIAN_POINT('',(-5.712018604,36.642113744,-5.066666667));
#6003 = CARTESIAN_POINT('',(-5.668297271,36.473090364,-4.733333333));
#6004 = CARTESIAN_POINT('',(-5.617181177,36.306334966,-4.4));
#6005 = DEFINITIONAL_REPRESENTATION('',(#6006),#6009);
#6006 = B_SPLINE_CURVE_WITH_KNOTS('',1,(#6007,#6008),.UNSPECIFIED.,.F.,
  .F.,(2,2),(0.,0.64100061637),.PIECEWISE_BEZIER_KNOTS.);
#6007 = CARTESIAN_POINT('',(0.13495265411,3.010323303778E-11));
#6008 = CARTESIAN_POINT('',(1.000003606448,-2.37090502366E-11));
#6009 = ( GEOMETRIC_REPRESENTATION_CONTEXT(2) 
PARAMETRIC_REPRESENTATION_CONTEXT() REPRESENTATION_CONTEXT('2D SPACE',''
  ) );
#6010 = ORIENTED_EDGE('',*,*,#6011,.F.);
#6011 = EDGE_CURVE('',#116,#5953,#6012,.T.);
#6012 = SURFACE_CURVE('',#6013,(#6018,#6025),.PCURVE_S1.);
#6013 = CIRCLE('',#6014,5.25);
#6014 = AXIS2_PLACEMENT_3D('',#6015,#6016,#6017);
#6015 = CARTESIAN_POINT('',(1.5587882E-02,38.031245569,-9.4));
#6016 = DIRECTION('',(0.,0.,1.));
#6017 = DIRECTION('',(-0.885458521217,0.464718417114,0.));
#6018 = PCURVE('',#66,#6019);
#6019 = DEFINITIONAL_REPRESENTATION('',(#6020),#6024);
#6020 = CIRCLE('',#6021,5.25);
#6021 = AXIS2_PLACEMENT_2D('',#6022,#6023);
#6022 = CARTESIAN_POINT('',(0.,0.));
#6023 = DIRECTION('',(1.,0.));
#6024 = ( GEOMETRIC_REPRESENTATION_CONTEXT(2) 
PARAMETRIC_REPRESENTATION_CONTEXT() REPRESENTATION_CONTEXT('2D SPACE',''
  ) );
#6025 = PCURVE('',#6026,#6031);
#6026 = CYLINDRICAL_SURFACE('',#6027,5.25);
#6027 = AXIS2_PLACEMENT_3D('',#6028,#6029,#6030);
#6028 = CARTESIAN_POINT('',(1.5587882E-02,38.031245569,-9.4));
#6029 = DIRECTION('',(0.,0.,1.));
#6030 = DIRECTION('',(-0.885458521217,0.464718417114,0.));
#6031 = DEFINITIONAL_REPRESENTATION('',(#6032),#6036);
#6032 = LINE('',#6033,#6034);
#6033 = CARTESIAN_POINT('',(-1.026956297778E-15,0.));
#6034 = VECTOR('',#6035,1.);
#6035 = DIRECTION('',(1.,0.));
#6036 = ( GEOMETRIC_REPRESENTATION_CONTEXT(2) 
PARAMETRIC_REPRESENTATION_CONTEXT() REPRESENTATION_CONTEXT('2D SPACE',''
  ) );
#6037 = FACE_BOUND('',#6038,.T.);
#6038 = EDGE_LOOP('',(#6039));
#6039 = ORIENTED_EDGE('',*,*,#51,.T.);
#6040 = ADVANCED_FACE('',(#6041),#5968,.T.);
#6041 = FACE_BOUND('',#6042,.T.);
#6042 = EDGE_LOOP('',(#6043,#6068,#6090,#6114));
#6043 = ORIENTED_EDGE('',*,*,#6044,.T.);
#6044 = EDGE_CURVE('',#5887,#6045,#6047,.T.);
#6045 = VERTEX_POINT('',#6046);
#6046 = CARTESIAN_POINT('',(-5.61718117967,36.306334972643,
    -4.399999998207));
#6047 = SURFACE_CURVE('',#6048,(#6055,#6062),.PCURVE_S1.);
#6048 = B_SPLINE_CURVE_WITH_KNOTS('',3,(#6049,#6050,#6051,#6052,#6053,
    #6054),.UNSPECIFIED.,.F.,.F.,(4,2,4),(0.,0.5,0.625),.UNSPECIFIED.);
#6049 = CARTESIAN_POINT('',(-5.811917372,38.89384094,-9.4));
#6050 = CARTESIAN_POINT('',(-5.914310522,38.203628089,-8.066666667));
#6051 = CARTESIAN_POINT('',(-5.892406872,37.495393698,-6.733333333));
#6052 = CARTESIAN_POINT('',(-5.712018604,36.642113744,-5.066666667));
#6053 = CARTESIAN_POINT('',(-5.668297271,36.473090364,-4.733333333));
#6054 = CARTESIAN_POINT('',(-5.617181177,36.306334966,-4.4));
#6055 = PCURVE('',#5968,#6056);
#6056 = DEFINITIONAL_REPRESENTATION('',(#6057),#6061);
#6057 = LINE('',#6058,#6059);
#6058 = CARTESIAN_POINT('',(1.000003606448,-2.813569866232E-16));
#6059 = VECTOR('',#6060,1.);
#6060 = DIRECTION('',(3.5527136788E-15,1.));
#6061 = ( GEOMETRIC_REPRESENTATION_CONTEXT(2) 
PARAMETRIC_REPRESENTATION_CONTEXT() REPRESENTATION_CONTEXT('2D SPACE',''
  ) );
#6062 = PCURVE('',#5908,#6063);
#6063 = DEFINITIONAL_REPRESENTATION('',(#6064),#6067);
#6064 = B_SPLINE_CURVE_WITH_KNOTS('',1,(#6065,#6066),.UNSPECIFIED.,.F.,
  .F.,(2,2),(0.,0.625),.PIECEWISE_BEZIER_KNOTS.);
#6065 = CARTESIAN_POINT('',(1.928554298817E-10,-7.633192251588E-13));
#6066 = CARTESIAN_POINT('',(-8.486684266199E-08,0.625000001025));
#6067 = ( GEOMETRIC_REPRESENTATION_CONTEXT(2) 
PARAMETRIC_REPRESENTATION_CONTEXT() REPRESENTATION_CONTEXT('2D SPACE',''
  ) );
#6068 = ORIENTED_EDGE('',*,*,#6069,.T.);
#6069 = EDGE_CURVE('',#6045,#6070,#6072,.T.);
#6070 = VERTEX_POINT('',#6071);
#6071 = CARTESIAN_POINT('',(-5.004313845,36.494012128,-4.4));
#6072 = SURFACE_CURVE('',#6073,(#6077,#6083),.PCURVE_S1.);
#6073 = LINE('',#6074,#6075);
#6074 = CARTESIAN_POINT('',(-5.617181177,36.306334966,-4.4));
#6075 = VECTOR('',#6076,1.);
#6076 = DIRECTION('',(0.956171692074,0.292806583388,0.));
#6077 = PCURVE('',#5968,#6078);
#6078 = DEFINITIONAL_REPRESENTATION('',(#6079),#6082);
#6079 = B_SPLINE_CURVE_WITH_KNOTS('',1,(#6080,#6081),.UNSPECIFIED.,.F.,
  .F.,(2,2),(-6.075411209482E-10,0.640959502441),
  .PIECEWISE_BEZIER_KNOTS.);
#6080 = CARTESIAN_POINT('',(1.000003607268,0.625));
#6081 = CARTESIAN_POINT('',(0.135002998308,0.624999999981));
#6082 = ( GEOMETRIC_REPRESENTATION_CONTEXT(2) 
PARAMETRIC_REPRESENTATION_CONTEXT() REPRESENTATION_CONTEXT('2D SPACE',''
  ) );
#6083 = PCURVE('',#94,#6084);
#6084 = DEFINITIONAL_REPRESENTATION('',(#6085),#6089);
#6085 = LINE('',#6086,#6087);
#6086 = CARTESIAN_POINT('',(5.617182339,13.693665065));
#6087 = VECTOR('',#6088,1.);
#6088 = DIRECTION('',(-0.956171692074,-0.292806583388));
#6089 = ( GEOMETRIC_REPRESENTATION_CONTEXT(2) 
PARAMETRIC_REPRESENTATION_CONTEXT() REPRESENTATION_CONTEXT('2D SPACE',''
  ) );
#6090 = ORIENTED_EDGE('',*,*,#6091,.F.);
#6091 = EDGE_CURVE('',#5953,#6070,#6092,.T.);
#6092 = SURFACE_CURVE('',#6093,(#6102,#6108),.PCURVE_S1.);
#6093 = B_SPLINE_CURVE_WITH_KNOTS('',3,(#6094,#6095,#6096,#6097,#6098,
    #6099,#6100,#6101),.UNSPECIFIED.,.F.,.F.,(4,2,2,4),(
    2.657454342033E-11,0.276143042444,0.414086003734,0.552031608961),
  .UNSPECIFIED.);
#6094 = CARTESIAN_POINT('',(-5.177825695143,38.799981815543,
    -9.399999999759));
#6095 = CARTESIAN_POINT('',(-5.234794340911,38.415114132074,
    -8.565788399548));
#6096 = CARTESIAN_POINT('',(-5.248801631596,38.025125940511,
    -7.734003275434));
#6097 = CARTESIAN_POINT('',(-5.205018600394,37.443426605033,
    -6.483036192044));
#6098 = CARTESIAN_POINT('',(-5.1796854153,37.250605138857,
    -6.066612723433));
#6099 = CARTESIAN_POINT('',(-5.107755756649,36.868655562687,
    -5.233147133433));
#6100 = CARTESIAN_POINT('',(-5.061214885256,36.679824915441,
    -4.816738902257));
#6101 = CARTESIAN_POINT('',(-5.004313844826,36.494012127715,
    -4.400000000151));
#6102 = PCURVE('',#5968,#6103);
#6103 = DEFINITIONAL_REPRESENTATION('',(#6104),#6107);
#6104 = B_SPLINE_CURVE_WITH_KNOTS('',1,(#6105,#6106),.UNSPECIFIED.,.F.,
  .F.,(2,2),(2.657454342033E-11,0.552031608961),
  .PIECEWISE_BEZIER_KNOTS.);
#6105 = CARTESIAN_POINT('',(0.134952654408,3.010133498763E-11));
#6106 = CARTESIAN_POINT('',(0.135002998196,0.624999999981));
#6107 = ( GEOMETRIC_REPRESENTATION_CONTEXT(2) 
PARAMETRIC_REPRESENTATION_CONTEXT() REPRESENTATION_CONTEXT('2D SPACE',''
  ) );
#6108 = PCURVE('',#6026,#6109);
#6109 = DEFINITIONAL_REPRESENTATION('',(#6110),#6113);
#6110 = B_SPLINE_CURVE_WITH_KNOTS('',1,(#6111,#6112),.UNSPECIFIED.,.F.,
  .F.,(2,2),(2.657454342033E-11,0.552031608961),
  .PIECEWISE_BEZIER_KNOTS.);
#6111 = CARTESIAN_POINT('',(0.336362268814,2.408402366427E-10));
#6112 = CARTESIAN_POINT('',(0.780477106774,4.999999999849));
#6113 = ( GEOMETRIC_REPRESENTATION_CONTEXT(2) 
PARAMETRIC_REPRESENTATION_CONTEXT() REPRESENTATION_CONTEXT('2D SPACE',''
  ) );
#6114 = ORIENTED_EDGE('',*,*,#5952,.T.);
#6115 = ADVANCED_FACE('',(#6116),#5908,.T.);
#6116 = FACE_BOUND('',#6117,.T.);
#6117 = EDGE_LOOP('',(#6118,#6144,#6197,#6198));
#6118 = ORIENTED_EDGE('',*,*,#6119,.T.);
#6119 = EDGE_CURVE('',#5827,#6120,#6122,.T.);
#6120 = VERTEX_POINT('',#6121);
#6121 = CARTESIAN_POINT('',(-6.839370151524,34.988423172783,
    -4.400000000293));
#6122 = SURFACE_CURVE('',#6123,(#6130,#6137),.PCURVE_S1.);
#6123 = B_SPLINE_CURVE_WITH_KNOTS('',3,(#6124,#6125,#6126,#6127,#6128,
    #6129),.UNSPECIFIED.,.F.,.F.,(4,2,4),(0.,0.5,0.625),.UNSPECIFIED.);
#6124 = CARTESIAN_POINT('',(-7.481807244,38.22889759,-9.4));
#6125 = CARTESIAN_POINT('',(-7.505504019,37.340867333,-8.066666667));
#6126 = CARTESIAN_POINT('',(-7.369344328,36.449097782,-6.733333333));
#6127 = CARTESIAN_POINT('',(-7.010662808,35.398282043,-5.066666667));
#6128 = CARTESIAN_POINT('',(-6.929515845,35.19135307,-4.733333333));
#6129 = CARTESIAN_POINT('',(-6.839370148,34.988423174,-4.4));
#6130 = PCURVE('',#5908,#6131);
#6131 = DEFINITIONAL_REPRESENTATION('',(#6132),#6136);
#6132 = LINE('',#6133,#6134);
#6133 = CARTESIAN_POINT('',(1.,-7.653493213473E-16));
#6134 = VECTOR('',#6135,1.);
#6135 = DIRECTION('',(2.33911734379E-10,1.));
#6136 = ( GEOMETRIC_REPRESENTATION_CONTEXT(2) 
PARAMETRIC_REPRESENTATION_CONTEXT() REPRESENTATION_CONTEXT('2D SPACE',''
  ) );
#6137 = PCURVE('',#5843,#6138);
#6138 = DEFINITIONAL_REPRESENTATION('',(#6139),#6143);
#6139 = LINE('',#6140,#6141);
#6140 = CARTESIAN_POINT('',(3.765882698231E-15,-1.358371256689E-16));
#6141 = VECTOR('',#6142,1.);
#6142 = DIRECTION('',(1.134972659321E-09,1.));
#6143 = ( GEOMETRIC_REPRESENTATION_CONTEXT(2) 
PARAMETRIC_REPRESENTATION_CONTEXT() REPRESENTATION_CONTEXT('2D SPACE',''
  ) );
#6144 = ORIENTED_EDGE('',*,*,#6145,.T.);
#6145 = EDGE_CURVE('',#6120,#6045,#6146,.T.);
#6146 = SURFACE_CURVE('',#6147,(#6156,#6185),.PCURVE_S1.);
#6147 = B_SPLINE_CURVE_WITH_KNOTS('',3,(#6148,#6149,#6150,#6151,#6152,
    #6153,#6154,#6155),.UNSPECIFIED.,.F.,.F.,(4,2,2,4),(0.,
    0.128073952581,0.23469087679,0.339022367484),.UNSPECIFIED.);
#6148 = CARTESIAN_POINT('',(-6.839370147895,34.988423174257,-4.4));
#6149 = CARTESIAN_POINT('',(-6.639908960569,35.365875282618,-4.4));
#6150 = CARTESIAN_POINT('',(-6.447473669871,35.607382169061,-4.4));
#6151 = CARTESIAN_POINT('',(-6.227504710295,35.859466859611,-4.4));
#6152 = CARTESIAN_POINT('',(-6.117004178953,35.971551193254,-4.4));
#6153 = CARTESIAN_POINT('',(-5.885097209031,36.163096293633,-4.4));
#6154 = CARTESIAN_POINT('',(-5.755122283659,36.250522430036,-4.4));
#6155 = CARTESIAN_POINT('',(-5.617181183576,36.306334982298,-4.4));
#6156 = PCURVE('',#5908,#6157);
#6157 = DEFINITIONAL_REPRESENTATION('',(#6158),#6184);
#6158 = B_SPLINE_CURVE_WITH_KNOTS('',3,(#6159,#6160,#6161,#6162,#6163,
    #6164,#6165,#6166,#6167,#6168,#6169,#6170,#6171,#6172,#6173,#6174,
    #6175,#6176,#6177,#6178,#6179,#6180,#6181,#6182,#6183),
  .UNSPECIFIED.,.F.,.F.,(4,1,1,1,1,1,1,1,1,1,1,1,1,1,1,1,1,1,1,1,1,1,4),
  (0.,1.541010761291E-02,3.082021522582E-02,4.623032283873E-02,
    6.164043045163E-02,7.705053806454E-02,9.246064567745E-02,
    0.10787075329,0.123280860903,0.138690968516,0.154101076129,
    0.169511183742,0.184921291355,0.200331398968,0.215741506581,
    0.231151614194,0.246561721807,0.261971829419,0.277381937032,
    0.292792044645,0.308202152258,0.323612259871,0.339022367484),
  .QUASI_UNIFORM_KNOTS.);
#6159 = CARTESIAN_POINT('',(1.,0.625000001));
#6160 = CARTESIAN_POINT('',(0.972845650044,0.624999999068));
#6161 = CARTESIAN_POINT('',(0.920099340501,0.625000006268));
#6162 = CARTESIAN_POINT('',(0.845762568203,0.625000062779));
#6163 = CARTESIAN_POINT('',(0.776290771166,0.625000155813));
#6164 = CARTESIAN_POINT('',(0.711812564449,0.625000352147));
#6165 = CARTESIAN_POINT('',(0.652482852609,0.625000800864));
#6166 = CARTESIAN_POINT('',(0.59847738797,0.625001391326));
#6167 = CARTESIAN_POINT('',(0.550008730229,0.625001919167));
#6168 = CARTESIAN_POINT('',(0.507242426047,0.624999564589));
#6169 = CARTESIAN_POINT('',(0.471229763413,0.625000116451));
#6170 = CARTESIAN_POINT('',(0.434458718186,0.624999973724));
#6171 = CARTESIAN_POINT('',(0.398350320323,0.625000023672));
#6172 = CARTESIAN_POINT('',(0.362457592099,0.62500002141));
#6173 = CARTESIAN_POINT('',(0.32685074584,0.625000024015));
#6174 = CARTESIAN_POINT('',(0.291456784625,0.625000012063));
#6175 = CARTESIAN_POINT('',(0.256302721903,0.624999998155));
#6176 = CARTESIAN_POINT('',(0.221193539542,0.625000000015));
#6177 = CARTESIAN_POINT('',(0.185371631126,0.625000013298));
#6178 = CARTESIAN_POINT('',(0.149094076816,0.625000039026));
#6179 = CARTESIAN_POINT('',(0.112368164554,0.625000058239));
#6180 = CARTESIAN_POINT('',(7.525783870393E-02,0.625000054846));
#6181 = CARTESIAN_POINT('',(3.780381669335E-02,0.625000021098));
#6182 = CARTESIAN_POINT('',(1.263082841056E-02,0.625000003995));
#6183 = CARTESIAN_POINT('',(-8.5E-08,0.625000001));
#6184 = ( GEOMETRIC_REPRESENTATION_CONTEXT(2) 
PARAMETRIC_REPRESENTATION_CONTEXT() REPRESENTATION_CONTEXT('2D SPACE',''
  ) );
#6185 = PCURVE('',#94,#6186);
#6186 = DEFINITIONAL_REPRESENTATION('',(#6187),#6196);
#6187 = B_SPLINE_CURVE_WITH_KNOTS('',3,(#6188,#6189,#6190,#6191,#6192,
    #6193,#6194,#6195),.UNSPECIFIED.,.F.,.F.,(4,2,2,4),(0.,
    0.128073952581,0.23469087679,0.339022367484),.UNSPECIFIED.);
#6188 = CARTESIAN_POINT('',(6.839371309895,15.011576856743));
#6189 = CARTESIAN_POINT('',(6.639910122569,14.634124748382));
#6190 = CARTESIAN_POINT('',(6.447474831871,14.392617861939));
#6191 = CARTESIAN_POINT('',(6.227505872295,14.140533171389));
#6192 = CARTESIAN_POINT('',(6.117005340953,14.028448837746));
#6193 = CARTESIAN_POINT('',(5.885098371031,13.836903737367));
#6194 = CARTESIAN_POINT('',(5.755123445659,13.749477600964));
#6195 = CARTESIAN_POINT('',(5.617182345576,13.693665048702));
#6196 = ( GEOMETRIC_REPRESENTATION_CONTEXT(2) 
PARAMETRIC_REPRESENTATION_CONTEXT() REPRESENTATION_CONTEXT('2D SPACE',''
  ) );
#6197 = ORIENTED_EDGE('',*,*,#6044,.F.);
#6198 = ORIENTED_EDGE('',*,*,#5886,.T.);
#6199 = ADVANCED_FACE('',(#6200),#5843,.T.);
#6200 = FACE_BOUND('',#6201,.T.);
#6201 = EDGE_LOOP('',(#6202,#6227,#6252,#6253));
#6202 = ORIENTED_EDGE('',*,*,#6203,.T.);
#6203 = EDGE_CURVE('',#5682,#6204,#6206,.T.);
#6204 = VERTEX_POINT('',#6205);
#6205 = CARTESIAN_POINT('',(-6.669488954791,34.631397562572,
    -4.400000000009));
#6206 = SURFACE_CURVE('',#6207,(#6214,#6221),.PCURVE_S1.);
#6207 = B_SPLINE_CURVE_WITH_KNOTS('',3,(#6208,#6209,#6210,#6211,#6212,
    #6213),.UNSPECIFIED.,.F.,.F.,(4,2,4),(0.,0.5,0.625),.UNSPECIFIED.);
#6208 = CARTESIAN_POINT('',(-7.481805121,37.833513023,-9.4));
#6209 = CARTESIAN_POINT('',(-7.458670106,36.945467954,-8.066666667));
#6210 = CARTESIAN_POINT('',(-7.27570371,36.062113159,-6.733333333));
#6211 = CARTESIAN_POINT('',(-6.862143013,35.031660004,-5.066666667));
#6212 = CARTESIAN_POINT('',(-6.770203732,34.829294992,-4.733333333));
#6213 = CARTESIAN_POINT('',(-6.66948897,34.631397731,-4.4));
#6214 = PCURVE('',#5843,#6215);
#6215 = DEFINITIONAL_REPRESENTATION('',(#6216),#6220);
#6216 = LINE('',#6217,#6218);
#6217 = CARTESIAN_POINT('',(1.,-8.338751621451E-17));
#6218 = VECTOR('',#6219,1.);
#6219 = DIRECTION('',(-1.010887195567E-09,1.));
#6220 = ( GEOMETRIC_REPRESENTATION_CONTEXT(2) 
PARAMETRIC_REPRESENTATION_CONTEXT() REPRESENTATION_CONTEXT('2D SPACE',''
  ) );
#6221 = PCURVE('',#5783,#6222);
#6222 = DEFINITIONAL_REPRESENTATION('',(#6223),#6226);
#6223 = B_SPLINE_CURVE_WITH_KNOTS('',1,(#6224,#6225),.UNSPECIFIED.,.F.,
  .F.,(2,2),(0.,0.625),.PIECEWISE_BEZIER_KNOTS.);
#6224 = CARTESIAN_POINT('',(1.681085067691E-15,1.135294138565E-16));
#6225 = CARTESIAN_POINT('',(2.94069096469E-07,0.624999981283));
#6226 = ( GEOMETRIC_REPRESENTATION_CONTEXT(2) 
PARAMETRIC_REPRESENTATION_CONTEXT() REPRESENTATION_CONTEXT('2D SPACE',''
  ) );
#6227 = ORIENTED_EDGE('',*,*,#6228,.T.);
#6228 = EDGE_CURVE('',#6204,#6120,#6229,.T.);
#6229 = SURFACE_CURVE('',#6230,(#6235,#6241),.PCURVE_S1.);
#6230 = CIRCLE('',#6231,7.499940847855);
#6231 = AXIS2_PLACEMENT_3D('',#6232,#6233,#6234);
#6232 = CARTESIAN_POINT('',(1.55815481371E-02,38.031242564987,
    -4.400000000472));
#6233 = DIRECTION('',(-5.699231425286E-11,-2.672803634772E-11,-1.));
#6234 = DIRECTION('',(-0.914000769131,-0.405712452395,6.293491623599E-11
    ));
#6235 = PCURVE('',#5843,#6236);
#6236 = DEFINITIONAL_REPRESENTATION('',(#6237),#6240);
#6237 = B_SPLINE_CURVE_WITH_KNOTS('',1,(#6238,#6239),.UNSPECIFIED.,.F.,
  .F.,(2,2),(6.230461188146,6.28318530718),.PIECEWISE_BEZIER_KNOTS.);
#6238 = CARTESIAN_POINT('',(1.00000039646,0.625000000375));
#6239 = CARTESIAN_POINT('',(7.113026189181E-10,0.625000000375));
#6240 = ( GEOMETRIC_REPRESENTATION_CONTEXT(2) 
PARAMETRIC_REPRESENTATION_CONTEXT() REPRESENTATION_CONTEXT('2D SPACE',''
  ) );
#6241 = PCURVE('',#94,#6242);
#6242 = DEFINITIONAL_REPRESENTATION('',(#6243),#6251);
#6243 = ( BOUNDED_CURVE() B_SPLINE_CURVE(2,(#6244,#6245,#6246,#6247,
#6248,#6249,#6250),.UNSPECIFIED.,.T.,.F.) B_SPLINE_CURVE_WITH_KNOTS((1,2
    ,2,2,2,1),(-2.094395102393,0.,2.094395102393,4.188790204786,
6.28318530718,8.377580409573),.UNSPECIFIED.) CURVE() 
GEOMETRIC_REPRESENTATION_ITEM() RATIONAL_B_SPLINE_CURVE((1.,0.5,1.,0.5,
1.,0.5,1.)) REPRESENTATION_ITEM('') );
#6244 = CARTESIAN_POINT('',(6.839371317238,15.011576860213));
#6245 = CARTESIAN_POINT('',(12.109689106249,3.138452226537));
#6246 = CARTESIAN_POINT('',(-0.807897343319,4.510785452074));
#6247 = CARTESIAN_POINT('',(-13.72548379288,5.883118677612));
#6248 = CARTESIAN_POINT('',(-6.07821513233,16.383910085751));
#6249 = CARTESIAN_POINT('',(1.569053528227,26.88470149389));
#6250 = CARTESIAN_POINT('',(6.839371317238,15.011576860213));
#6251 = ( GEOMETRIC_REPRESENTATION_CONTEXT(2) 
PARAMETRIC_REPRESENTATION_CONTEXT() REPRESENTATION_CONTEXT('2D SPACE',''
  ) );
#6252 = ORIENTED_EDGE('',*,*,#6119,.F.);
#6253 = ORIENTED_EDGE('',*,*,#5826,.T.);
#6254 = ADVANCED_FACE('',(#6255),#5783,.T.);
#6255 = FACE_BOUND('',#6256,.T.);
#6256 = EDGE_LOOP('',(#6257,#6282,#6388,#6389));
#6257 = ORIENTED_EDGE('',*,*,#6258,.T.);
#6258 = EDGE_CURVE('',#5623,#6259,#6261,.T.);
#6259 = VERTEX_POINT('',#6260);
#6260 = CARTESIAN_POINT('',(-4.875908299727,34.748460703474,
    -4.399999992667));
#6261 = SURFACE_CURVE('',#6262,(#6269,#6276),.PCURVE_S1.);
#6262 = B_SPLINE_CURVE_WITH_KNOTS('',3,(#6263,#6264,#6265,#6266,#6267,
    #6268),.UNSPECIFIED.,.F.,.F.,(4,2,4),(0.,0.5,0.625),.UNSPECIFIED.);
#6263 = CARTESIAN_POINT('',(-5.811908107,37.168587608,-9.4));
#6264 = CARTESIAN_POINT('',(-5.709951596,36.478310122,-8.066666667));
#6265 = CARTESIAN_POINT('',(-5.483808418,35.806793142,-6.733333333));
#6266 = CARTESIAN_POINT('',(-5.063955827,35.042364861,-5.066666667));
#6267 = CARTESIAN_POINT('',(-4.973142364,34.893256252,-4.733333333));
#6268 = CARTESIAN_POINT('',(-4.875908288,34.748460686,-4.4));
#6269 = PCURVE('',#5783,#6270);
#6270 = DEFINITIONAL_REPRESENTATION('',(#6271),#6275);
#6271 = LINE('',#6272,#6273);
#6272 = CARTESIAN_POINT('',(1.,3.554396652525E-16));
#6273 = VECTOR('',#6274,1.);
#6274 = DIRECTION('',(-7.105427357601E-16,1.));
#6275 = ( GEOMETRIC_REPRESENTATION_CONTEXT(2) 
PARAMETRIC_REPRESENTATION_CONTEXT() REPRESENTATION_CONTEXT('2D SPACE',''
  ) );
#6276 = PCURVE('',#5638,#6277);
#6277 = DEFINITIONAL_REPRESENTATION('',(#6278),#6281);
#6278 = B_SPLINE_CURVE_WITH_KNOTS('',1,(#6279,#6280),.UNSPECIFIED.,.F.,
  .F.,(2,2),(0.,0.625),.PIECEWISE_BEZIER_KNOTS.);
#6279 = CARTESIAN_POINT('',(-8.462595198058E-16,-9.885989592436E-16));
#6280 = CARTESIAN_POINT('',(2.391223559544E-06,0.625000003029));
#6281 = ( GEOMETRIC_REPRESENTATION_CONTEXT(2) 
PARAMETRIC_REPRESENTATION_CONTEXT() REPRESENTATION_CONTEXT('2D SPACE',''
  ) );
#6282 = ORIENTED_EDGE('',*,*,#6283,.T.);
#6283 = EDGE_CURVE('',#6259,#6204,#6284,.T.);
#6284 = SURFACE_CURVE('',#6285,(#6332,#6338),.PCURVE_S1.);
#6285 = B_SPLINE_CURVE_WITH_KNOTS('',3,(#6286,#6287,#6288,#6289,#6290,
    #6291,#6292,#6293,#6294,#6295,#6296,#6297,#6298,#6299,#6300,#6301,
    #6302,#6303,#6304,#6305,#6306,#6307,#6308,#6309,#6310,#6311,#6312,
    #6313,#6314,#6315,#6316,#6317,#6318,#6319,#6320,#6321,#6322,#6323,
    #6324,#6325,#6326,#6327,#6328,#6329,#6330,#6331),.UNSPECIFIED.,.F.,
  .F.,(4,3,3,3,3,3,3,3,3,3,3,3,3,3,3,4),(1.796622341142E-12,
    8.254756658207E-05,1.692880835908E-04,2.634023307759E-04,
    3.672371112878E-04,4.53639E-04,5.837883204836E-04,7.110068907491E-04
    ,8.216326439812E-04,9.07279E-04,9.556287512975E-04,
    1.096456120218E-03,1.242148070726E-03,1.360918E-03,
    1.587737490539E-03,1.814556981077E-03),.UNSPECIFIED.);
#6286 = CARTESIAN_POINT('',(-4.87590828961,34.748460685113,-4.4));
#6287 = CARTESIAN_POINT('',(-4.900558527463,34.73487743048,
    -4.400000000015));
#6288 = CARTESIAN_POINT('',(-4.925587526952,34.722397744123,
    -4.400000000024));
#6289 = CARTESIAN_POINT('',(-4.950896306389,34.71085402637,
    -4.400000000033));
#6290 = CARTESIAN_POINT('',(-4.977490629541,34.698723952654,
    -4.400000000043));
#6291 = CARTESIAN_POINT('',(-5.004394296613,34.687627461422,
    -4.400000000051));
#6292 = CARTESIAN_POINT('',(-5.031537207953,34.677406518385,
    -4.400000000065));
#6293 = CARTESIAN_POINT('',(-5.060987512784,34.666316702545,
    -4.400000000081));
#6294 = CARTESIAN_POINT('',(-5.090719827542,34.656257566631,
    -4.400000000102));
#6295 = CARTESIAN_POINT('',(-5.120690036457,34.647068845798,
    -4.400000000137));
#6296 = CARTESIAN_POINT('',(-5.153755700347,34.636931073469,
    -4.400000000175));
#6297 = CARTESIAN_POINT('',(-5.187111550673,34.627852662607,
    -4.400000000229));
#6298 = CARTESIAN_POINT('',(-5.220743777305,34.619668819574,
    -4.40000000031));
#6299 = CARTESIAN_POINT('',(-5.248729466573,34.612858967505,
    -4.400000000377));
#6300 = CARTESIAN_POINT('',(-5.276907748979,34.606669627268,
    -4.400000000462));
#6301 = CARTESIAN_POINT('',(-5.305285233173,34.601028751664,
    -4.40000000057));
#6302 = CARTESIAN_POINT('',(-5.348030945562,34.592531760016,
    -4.400000000734));
#6303 = CARTESIAN_POINT('',(-5.391081714534,34.585307023067,
    -4.400000008923));
#6304 = CARTESIAN_POINT('',(-5.434360945825,34.579166078002,
    -4.400000019346));
#6305 = CARTESIAN_POINT('',(-5.476665599483,34.573163416994,
    -4.400000029536));
#6306 = CARTESIAN_POINT('',(-5.519191238277,34.568197564883,
    -4.400000041861));
#6307 = CARTESIAN_POINT('',(-5.561853314146,34.564137934608,
    -4.400000050914));
#6308 = CARTESIAN_POINT('',(-5.598951076427,34.560607792301,
    -4.400000058787));
#6309 = CARTESIAN_POINT('',(-5.636152969279,34.557764005174,
    -4.400000064186));
#6310 = CARTESIAN_POINT('',(-5.673370983355,34.555538869064,
    -4.400000063556));
#6311 = CARTESIAN_POINT('',(-5.702185135491,34.553816170743,
    -4.400000063069));
#6312 = CARTESIAN_POINT('',(-5.731008578196,34.552464696876,
    -4.400000058967));
#6313 = CARTESIAN_POINT('',(-5.759778945302,34.551456707575,
    -4.400000049602));
#6314 = CARTESIAN_POINT('',(-5.776020618141,34.550887669565,
    -4.400000044316));
#6315 = CARTESIAN_POINT('',(-5.792169991324,34.550430830904,
    -4.400000039592));
#6316 = CARTESIAN_POINT('',(-5.808191877583,34.550078636725,
    -4.400000035385));
#6317 = CARTESIAN_POINT('',(-5.854858510325,34.549052807671,
    -4.400000023129));
#6318 = CARTESIAN_POINT('',(-5.902094883542,34.549017485914,
    -4.400000015247));
#6319 = CARTESIAN_POINT('',(-5.949565979903,34.549955302015,
    -4.400000010555));
#6320 = CARTESIAN_POINT('',(-5.998676864205,34.550925512978,
    -4.400000005702));
#6321 = CARTESIAN_POINT('',(-6.048038675591,34.552937279996,
    -4.400000004262));
#6322 = CARTESIAN_POINT('',(-6.097263321368,34.55591691303,
    -4.400000004925));
#6323 = CARTESIAN_POINT('',(-6.137391878074,34.55834594774,
    -4.400000005466));
#6324 = CARTESIAN_POINT('',(-6.177428853365,34.5614170642,
    -4.400000007405));
#6325 = CARTESIAN_POINT('',(-6.217158290092,34.565065462592,
    -4.400000010032));
#6326 = CARTESIAN_POINT('',(-6.293031119628,34.572032948972,
    -4.400000015047));
#6327 = CARTESIAN_POINT('',(-6.368654122429,34.581175078276,
    -4.40000001254));
#6328 = CARTESIAN_POINT('',(-6.444035487919,34.592288917603,
    -4.400000008781));
#6329 = CARTESIAN_POINT('',(-6.51941685341,34.60340275693,
    -4.400000005023));
#6330 = CARTESIAN_POINT('',(-6.594557131337,34.616488765313,
    -4.400000000014));
#6331 = CARTESIAN_POINT('',(-6.669488994256,34.631397364218,
    -4.400000000027));
#6332 = PCURVE('',#5783,#6333);
#6333 = DEFINITIONAL_REPRESENTATION('',(#6334),#6337);
#6334 = B_SPLINE_CURVE_WITH_KNOTS('',1,(#6335,#6336),.UNSPECIFIED.,.F.,
  .F.,(2,2),(1.796622341142E-12,1.814556981077E-03),
  .PIECEWISE_BEZIER_KNOTS.);
#6335 = CARTESIAN_POINT('',(0.999999998944,0.625));
#6336 = CARTESIAN_POINT('',(2.867062535705E-07,0.624999999997));
#6337 = ( GEOMETRIC_REPRESENTATION_CONTEXT(2) 
PARAMETRIC_REPRESENTATION_CONTEXT() REPRESENTATION_CONTEXT('2D SPACE',''
  ) );
#6338 = PCURVE('',#94,#6339);
#6339 = DEFINITIONAL_REPRESENTATION('',(#6340),#6387);
#6340 = B_SPLINE_CURVE_WITH_KNOTS('',3,(#6341,#6342,#6343,#6344,#6345,
    #6346,#6347,#6348,#6349,#6350,#6351,#6352,#6353,#6354,#6355,#6356,
    #6357,#6358,#6359,#6360,#6361,#6362,#6363,#6364,#6365,#6366,#6367,
    #6368,#6369,#6370,#6371,#6372,#6373,#6374,#6375,#6376,#6377,#6378,
    #6379,#6380,#6381,#6382,#6383,#6384,#6385,#6386),.UNSPECIFIED.,.F.,
  .F.,(4,3,3,3,3,3,3,3,3,3,3,3,3,3,3,4),(1.796622341142E-12,
    8.254756658207E-05,1.692880835908E-04,2.634023307759E-04,
    3.672371112878E-04,4.53639E-04,5.837883204836E-04,7.110068907491E-04
    ,8.216326439812E-04,9.07279E-04,9.556287512975E-04,
    1.096456120218E-03,1.242148070726E-03,1.360918E-03,
    1.587737490539E-03,1.814556981077E-03),.UNSPECIFIED.);
#6341 = CARTESIAN_POINT('',(4.87590945161,15.251539345887));
#6342 = CARTESIAN_POINT('',(4.900559689463,15.26512260052));
#6343 = CARTESIAN_POINT('',(4.925588688952,15.277602286877));
#6344 = CARTESIAN_POINT('',(4.950897468389,15.28914600463));
#6345 = CARTESIAN_POINT('',(4.977491791541,15.301276078346));
#6346 = CARTESIAN_POINT('',(5.004395458613,15.312372569578));
#6347 = CARTESIAN_POINT('',(5.031538369953,15.322593512615));
#6348 = CARTESIAN_POINT('',(5.060988674784,15.333683328455));
#6349 = CARTESIAN_POINT('',(5.090720989542,15.343742464369));
#6350 = CARTESIAN_POINT('',(5.120691198457,15.352931185202));
#6351 = CARTESIAN_POINT('',(5.153756862347,15.363068957531));
#6352 = CARTESIAN_POINT('',(5.187112712673,15.372147368393));
#6353 = CARTESIAN_POINT('',(5.220744939305,15.380331211426));
#6354 = CARTESIAN_POINT('',(5.248730628573,15.387141063495));
#6355 = CARTESIAN_POINT('',(5.276908910979,15.393330403732));
#6356 = CARTESIAN_POINT('',(5.305286395173,15.398971279336));
#6357 = CARTESIAN_POINT('',(5.348032107562,15.407468270984));
#6358 = CARTESIAN_POINT('',(5.391082876534,15.414693007933));
#6359 = CARTESIAN_POINT('',(5.434362107825,15.420833952998));
#6360 = CARTESIAN_POINT('',(5.476666761483,15.426836614006));
#6361 = CARTESIAN_POINT('',(5.519192400277,15.431802466117));
#6362 = CARTESIAN_POINT('',(5.561854476146,15.435862096392));
#6363 = CARTESIAN_POINT('',(5.598952238427,15.439392238699));
#6364 = CARTESIAN_POINT('',(5.636154131279,15.442236025826));
#6365 = CARTESIAN_POINT('',(5.673372145355,15.444461161936));
#6366 = CARTESIAN_POINT('',(5.702186297491,15.446183860257));
#6367 = CARTESIAN_POINT('',(5.731009740196,15.447535334124));
#6368 = CARTESIAN_POINT('',(5.759780107302,15.448543323425));
#6369 = CARTESIAN_POINT('',(5.776021780141,15.449112361435));
#6370 = CARTESIAN_POINT('',(5.792171153324,15.449569200096));
#6371 = CARTESIAN_POINT('',(5.808193039583,15.449921394275));
#6372 = CARTESIAN_POINT('',(5.854859672325,15.450947223329));
#6373 = CARTESIAN_POINT('',(5.902096045542,15.450982545086));
#6374 = CARTESIAN_POINT('',(5.949567141903,15.450044728985));
#6375 = CARTESIAN_POINT('',(5.998678026205,15.449074518022));
#6376 = CARTESIAN_POINT('',(6.048039837591,15.447062751004));
#6377 = CARTESIAN_POINT('',(6.097264483368,15.44408311797));
#6378 = CARTESIAN_POINT('',(6.137393040074,15.44165408326));
#6379 = CARTESIAN_POINT('',(6.177430015365,15.4385829668));
#6380 = CARTESIAN_POINT('',(6.217159452092,15.434934568408));
#6381 = CARTESIAN_POINT('',(6.293032281628,15.427967082028));
#6382 = CARTESIAN_POINT('',(6.368655284429,15.418824952724));
#6383 = CARTESIAN_POINT('',(6.444036649919,15.407711113397));
#6384 = CARTESIAN_POINT('',(6.51941801541,15.396597274069));
#6385 = CARTESIAN_POINT('',(6.594558293337,15.383511265687));
#6386 = CARTESIAN_POINT('',(6.669490156256,15.368602666782));
#6387 = ( GEOMETRIC_REPRESENTATION_CONTEXT(2) 
PARAMETRIC_REPRESENTATION_CONTEXT() REPRESENTATION_CONTEXT('2D SPACE',''
  ) );
#6388 = ORIENTED_EDGE('',*,*,#6203,.F.);
#6389 = ORIENTED_EDGE('',*,*,#5681,.T.);
#6390 = ADVANCED_FACE('',(#6391),#5550,.T.);
#6391 = FACE_BOUND('',#6392,.T.);
#6392 = EDGE_LOOP('',(#6393,#6418,#6440,#6464));
#6393 = ORIENTED_EDGE('',*,*,#6394,.T.);
#6394 = EDGE_CURVE('',#5390,#6395,#6397,.T.);
#6395 = VERTEX_POINT('',#6396);
#6396 = CARTESIAN_POINT('',(-4.170379081571,33.886231372671,
    -4.400000015418));
#6397 = SURFACE_CURVE('',#6398,(#6405,#6412),.PCURVE_S1.);
#6398 = B_SPLINE_CURVE_WITH_KNOTS('',3,(#6399,#6400,#6401,#6402,#6403,
    #6404),.UNSPECIFIED.,.F.,.F.,(4,2,4),(0.,0.5,0.625),.UNSPECIFIED.);
#6399 = CARTESIAN_POINT('',(-5.545279817,36.086859112,-9.4));
#6400 = CARTESIAN_POINT('',(-5.315186542,35.428121514,-8.066666667));
#6401 = CARTESIAN_POINT('',(-4.966663844,34.811187037,-6.733333333));
#6402 = CARTESIAN_POINT('',(-4.410398445,34.139475101,-5.066666667));
#6403 = CARTESIAN_POINT('',(-4.293135709,34.010130815,-4.733333333));
#6404 = CARTESIAN_POINT('',(-4.170379115,33.886231401,-4.4));
#6405 = PCURVE('',#5550,#6406);
#6406 = DEFINITIONAL_REPRESENTATION('',(#6407),#6411);
#6407 = LINE('',#6408,#6409);
#6408 = CARTESIAN_POINT('',(0.99999341109,2.701513970251E-15));
#6409 = VECTOR('',#6410,1.);
#6410 = DIRECTION('',(2.433608869978E-14,1.));
#6411 = ( GEOMETRIC_REPRESENTATION_CONTEXT(2) 
PARAMETRIC_REPRESENTATION_CONTEXT() REPRESENTATION_CONTEXT('2D SPACE',''
  ) );
#6412 = PCURVE('',#5491,#6413);
#6413 = DEFINITIONAL_REPRESENTATION('',(#6414),#6417);
#6414 = B_SPLINE_CURVE_WITH_KNOTS('',1,(#6415,#6416),.UNSPECIFIED.,.F.,
  .F.,(2,2),(0.,0.625),.PIECEWISE_BEZIER_KNOTS.);
#6415 = CARTESIAN_POINT('',(4.906168657331E-16,2.277701435696E-16));
#6416 = CARTESIAN_POINT('',(5.59377902114E-07,0.624999994218));
#6417 = ( GEOMETRIC_REPRESENTATION_CONTEXT(2) 
PARAMETRIC_REPRESENTATION_CONTEXT() REPRESENTATION_CONTEXT('2D SPACE',''
  ) );
#6418 = ORIENTED_EDGE('',*,*,#6419,.T.);
#6419 = EDGE_CURVE('',#6395,#6420,#6422,.T.);
#6420 = VERTEX_POINT('',#6421);
#6421 = CARTESIAN_POINT('',(-3.71492644,34.337228394,-4.4));
#6422 = SURFACE_CURVE('',#6423,(#6427,#6433),.PCURVE_S1.);
#6423 = LINE('',#6424,#6425);
#6424 = CARTESIAN_POINT('',(-4.170379115,33.886231401,-4.4));
#6425 = VECTOR('',#6426,1.);
#6426 = DIRECTION('',(0.710574002323,0.703622474928,0.));
#6427 = PCURVE('',#5550,#6428);
#6428 = DEFINITIONAL_REPRESENTATION('',(#6429),#6432);
#6429 = B_SPLINE_CURVE_WITH_KNOTS('',1,(#6430,#6431),.UNSPECIFIED.,.F.,
  .F.,(2,2),(3.820992174456E-09,0.640964450543),
  .PIECEWISE_BEZIER_KNOTS.);
#6430 = CARTESIAN_POINT('',(0.999993405933,0.625));
#6431 = CARTESIAN_POINT('',(0.134997118284,0.62499999998));
#6432 = ( GEOMETRIC_REPRESENTATION_CONTEXT(2) 
PARAMETRIC_REPRESENTATION_CONTEXT() REPRESENTATION_CONTEXT('2D SPACE',''
  ) );
#6433 = PCURVE('',#94,#6434);
#6434 = DEFINITIONAL_REPRESENTATION('',(#6435),#6439);
#6435 = LINE('',#6436,#6437);
#6436 = CARTESIAN_POINT('',(4.170380277,16.11376863));
#6437 = VECTOR('',#6438,1.);
#6438 = DIRECTION('',(-0.710574002323,-0.703622474928));
#6439 = ( GEOMETRIC_REPRESENTATION_CONTEXT(2) 
PARAMETRIC_REPRESENTATION_CONTEXT() REPRESENTATION_CONTEXT('2D SPACE',''
  ) );
#6440 = ORIENTED_EDGE('',*,*,#6441,.F.);
#6441 = EDGE_CURVE('',#5535,#6420,#6442,.T.);
#6442 = SURFACE_CURVE('',#6443,(#6452,#6458),.PCURVE_S1.);
#6443 = B_SPLINE_CURVE_WITH_KNOTS('',3,(#6444,#6445,#6446,#6447,#6448,
    #6449,#6450,#6451),.UNSPECIFIED.,.F.,.F.,(4,2,2,4),(0.,
    0.276143108096,0.414086055868,0.552031669562),.UNSPECIFIED.);
#6444 = CARTESIAN_POINT('',(-4.940201010388,36.298428078875,-9.4));
#6445 = CARTESIAN_POINT('',(-4.811787280081,35.93116993316,
    -8.565788201034));
#6446 = CARTESIAN_POINT('',(-4.642953534701,35.579342985688,
    -7.734003594093));
#6447 = CARTESIAN_POINT('',(-4.333856436942,35.084620843728,
    -6.483036326158));
#6448 = CARTESIAN_POINT('',(-4.2218164434,34.92565888108,-6.066612754832
    ));
#6449 = CARTESIAN_POINT('',(-3.980625126307,34.620886768957,
    -5.233147169446));
#6450 = CARTESIAN_POINT('',(-3.85166127941,34.475314182569,
    -4.816738948754));
#6451 = CARTESIAN_POINT('',(-3.714926440071,34.337228393509,
    -4.400000000139));
#6452 = PCURVE('',#5550,#6453);
#6453 = DEFINITIONAL_REPRESENTATION('',(#6454),#6457);
#6454 = B_SPLINE_CURVE_WITH_KNOTS('',1,(#6455,#6456),.UNSPECIFIED.,.F.,
  .F.,(2,2),(0.,0.552031669562),.PIECEWISE_BEZIER_KNOTS.);
#6455 = CARTESIAN_POINT('',(0.134952654057,2.781519000702E-15));
#6456 = CARTESIAN_POINT('',(0.134997118818,0.624999999983));
#6457 = ( GEOMETRIC_REPRESENTATION_CONTEXT(2) 
PARAMETRIC_REPRESENTATION_CONTEXT() REPRESENTATION_CONTEXT('2D SPACE',''
  ) );
#6458 = PCURVE('',#5610,#6459);
#6459 = DEFINITIONAL_REPRESENTATION('',(#6460),#6463);
#6460 = B_SPLINE_CURVE_WITH_KNOTS('',1,(#6461,#6462),.UNSPECIFIED.,.F.,
  .F.,(2,2),(0.,0.552031669562),.PIECEWISE_BEZIER_KNOTS.);
#6461 = CARTESIAN_POINT('',(0.819684215613,0.));
#6462 = CARTESIAN_POINT('',(1.26379902888,4.999999999861));
#6463 = ( GEOMETRIC_REPRESENTATION_CONTEXT(2) 
PARAMETRIC_REPRESENTATION_CONTEXT() REPRESENTATION_CONTEXT('2D SPACE',''
  ) );
#6464 = ORIENTED_EDGE('',*,*,#5534,.T.);
#6465 = ADVANCED_FACE('',(#6466),#5491,.T.);
#6466 = FACE_BOUND('',#6467,.T.);
#6467 = EDGE_LOOP('',(#6468,#6508,#6608,#6609));
#6468 = ORIENTED_EDGE('',*,*,#6469,.T.);
#6469 = EDGE_CURVE('',#5330,#6470,#6472,.T.);
#6470 = VERTEX_POINT('',#6471);
#6471 = CARTESIAN_POINT('',(-4.640109066754,32.15129994369,-4.4));
#6472 = SURFACE_CURVE('',#6473,(#6496,#6502),.PCURVE_S1.);
#6473 = B_SPLINE_CURVE_WITH_KNOTS('',3,(#6474,#6475,#6476,#6477,#6478,
    #6479,#6480,#6481,#6482,#6483,#6484,#6485,#6486,#6487,#6488,#6489,
    #6490,#6491,#6492,#6493,#6494,#6495),.UNSPECIFIED.,.F.,.F.,(4,3,3,3,
    3,3,3,4),(0.,1.512913266734E-03,3.007093E-03,3.912048192426E-03,
    4.510639E-03,4.810907768121E-03,5.839317637718E-03,6.014186E-03),
  .UNSPECIFIED.);
#6474 = CARTESIAN_POINT('',(-6.714879283,34.722044497,-9.4));
#6475 = CARTESIAN_POINT('',(-6.59156761587,34.47104137708,
    -8.980257523813));
#6476 = CARTESIAN_POINT('',(-6.454165496702,34.227284050495,
    -8.560871164128));
#6477 = CARTESIAN_POINT('',(-6.303713939512,33.992025193146,
    -8.141671058248));
#6478 = CARTESIAN_POINT('',(-6.155125337287,33.759679410706,
    -7.727661665799));
#6479 = CARTESIAN_POINT('',(-5.993807821817,33.535622265699,
    -7.313833943167));
#6480 = CARTESIAN_POINT('',(-5.82071807054,33.32107945143,-6.90002425978
    ));
#6481 = CARTESIAN_POINT('',(-5.715885656014,33.191140844014,
    -6.649398974669));
#6482 = CARTESIAN_POINT('',(-5.606599795429,33.064533885186,
    -6.398468375113));
#6483 = CARTESIAN_POINT('',(-5.493195269985,32.941715580435,
    -6.147525829129));
#6484 = CARTESIAN_POINT('',(-5.418182819605,32.860476300479,
    -5.981537609478));
#6485 = CARTESIAN_POINT('',(-5.341369225794,32.780894069956,
    -5.815544162929));
#6486 = CARTESIAN_POINT('',(-5.262860771333,32.703092835459,
    -5.649630392216));
#6487 = CARTESIAN_POINT('',(-5.223478882052,32.664065706166,
    -5.566403715635));
#6488 = CARTESIAN_POINT('',(-5.183670039035,32.625485910055,
    -5.483195717627));
#6489 = CARTESIAN_POINT('',(-5.143439809138,32.587360769385,
    -5.4000000002));
#6490 = CARTESIAN_POINT('',(-5.005652700142,32.456783516245,
    -5.115057621925));
#6491 = CARTESIAN_POINT('',(-4.862947394621,32.33155757307,
    -4.830259298908));
#6492 = CARTESIAN_POINT('',(-4.715646503868,32.211871504635,
    -4.545347985586));
#6493 = CARTESIAN_POINT('',(-4.6905998116,32.191520370915,
    -4.496902345157));
#6494 = CARTESIAN_POINT('',(-4.665420168643,32.171329502919,
    -4.448453437863));
#6495 = CARTESIAN_POINT('',(-4.640109067158,32.151299943977,-4.4));
#6496 = PCURVE('',#5491,#6497);
#6497 = DEFINITIONAL_REPRESENTATION('',(#6498),#6501);
#6498 = B_SPLINE_CURVE_WITH_KNOTS('',1,(#6499,#6500),.UNSPECIFIED.,.F.,
  .F.,(2,2),(0.,6.014186E-03),.PIECEWISE_BEZIER_KNOTS.);
#6499 = CARTESIAN_POINT('',(1.,-9.754314392901E-18));
#6500 = CARTESIAN_POINT('',(0.999999279403,0.625));
#6501 = ( GEOMETRIC_REPRESENTATION_CONTEXT(2) 
PARAMETRIC_REPRESENTATION_CONTEXT() REPRESENTATION_CONTEXT('2D SPACE',''
  ) );
#6502 = PCURVE('',#5346,#6503);
#6503 = DEFINITIONAL_REPRESENTATION('',(#6504),#6507);
#6504 = B_SPLINE_CURVE_WITH_KNOTS('',1,(#6505,#6506),.UNSPECIFIED.,.F.,
  .F.,(2,2),(0.,6.014186E-03),.PIECEWISE_BEZIER_KNOTS.);
#6505 = CARTESIAN_POINT('',(2.041096705476E-10,-1.171859781432E-14));
#6506 = CARTESIAN_POINT('',(-2.210781941797E-06,0.625000000375));
#6507 = ( GEOMETRIC_REPRESENTATION_CONTEXT(2) 
PARAMETRIC_REPRESENTATION_CONTEXT() REPRESENTATION_CONTEXT('2D SPACE',''
  ) );
#6508 = ORIENTED_EDGE('',*,*,#6509,.T.);
#6509 = EDGE_CURVE('',#6470,#6395,#6510,.T.);
#6510 = SURFACE_CURVE('',#6511,(#6555,#6561),.PCURVE_S1.);
#6511 = B_SPLINE_CURVE_WITH_KNOTS('',3,(#6512,#6513,#6514,#6515,#6516,
    #6517,#6518,#6519,#6520,#6521,#6522,#6523,#6524,#6525,#6526,#6527,
    #6528,#6529,#6530,#6531,#6532,#6533,#6534,#6535,#6536,#6537,#6538,
    #6539,#6540,#6541,#6542,#6543,#6544,#6545,#6546,#6547,#6548,#6549,
    #6550,#6551,#6552,#6553,#6554),.UNSPECIFIED.,.F.,.F.,(4,3,3,3,3,3,3,
    3,3,3,3,3,3,3,4),(1.359787557579E-09,2.42245576279E-04,
    4.766925149385E-04,6.997169238352E-04,8.659049791493E-04,9.15491E-04
    ,1.023813045686E-03,1.147433287208E-03,1.281104001667E-03,
    1.373236E-03,1.481208765382E-03,1.577096919346E-03,
    1.667933916319E-03,1.752063560499E-03,1.830981975597E-03),
  .UNSPECIFIED.);
#6512 = CARTESIAN_POINT('',(-4.640109067159,32.151299943691,-4.4));
#6513 = CARTESIAN_POINT('',(-4.63988096126,32.232220445108,-4.4));
#6514 = CARTESIAN_POINT('',(-4.637588587203,32.313600323145,
    -4.400000012202));
#6515 = CARTESIAN_POINT('',(-4.633006106667,32.394889698644,
    -4.400000027996));
#6516 = CARTESIAN_POINT('',(-4.628571125519,32.473562558238,
    -4.400000043281));
#6517 = CARTESIAN_POINT('',(-4.621990860395,32.552149824792,
    -4.400000061931));
#6518 = CARTESIAN_POINT('',(-4.613107793883,32.630155194238,
    -4.400000076141));
#6519 = CARTESIAN_POINT('',(-4.604657520787,32.704360050617,
    -4.400000089658));
#6520 = CARTESIAN_POINT('',(-4.59412338706,32.778037722222,
    -4.400000099157));
#6521 = CARTESIAN_POINT('',(-4.581414469367,32.850773073414,
    -4.400000097919));
#6522 = CARTESIAN_POINT('',(-4.571944338599,32.904972282492,
    -4.400000096996));
#6523 = CARTESIAN_POINT('',(-4.561267519089,32.958648448961,
    -4.400000090112));
#6524 = CARTESIAN_POINT('',(-4.549363756835,33.011637459127,
    -4.400000074486));
#6525 = CARTESIAN_POINT('',(-4.545811996137,33.027447946577,
    -4.400000069823));
#6526 = CARTESIAN_POINT('',(-4.54212238763,33.043394719386,
    -4.400000064383));
#6527 = CARTESIAN_POINT('',(-4.538290455639,33.059451693455,
    -4.40000005809));
#6528 = CARTESIAN_POINT('',(-4.52991949332,33.094528601197,
    -4.400000044343));
#6529 = CARTESIAN_POINT('',(-4.520998364243,33.129591623284,
    -4.40000003385));
#6530 = CARTESIAN_POINT('',(-4.511498275916,33.164506527809,
    -4.400000025862));
#6531 = CARTESIAN_POINT('',(-4.500656501225,33.20435242347,
    -4.400000016747));
#6532 = CARTESIAN_POINT('',(-4.489061521152,33.244006268131,
    -4.400000010895));
#6533 = CARTESIAN_POINT('',(-4.476644576906,33.283331171686,
    -4.400000007197));
#6534 = CARTESIAN_POINT('',(-4.463218120297,33.325853236759,
    -4.400000003198));
#6535 = CARTESIAN_POINT('',(-4.448831640508,33.36799323962,
    -4.400000001717));
#6536 = CARTESIAN_POINT('',(-4.433354756595,33.409618345272,
    -4.400000001351));
#6537 = CARTESIAN_POINT('',(-4.422687377067,33.438308280686,
    -4.400000001098));
#6538 = CARTESIAN_POINT('',(-4.411501066594,33.4667544884,
    -4.400000001375));
#6539 = CARTESIAN_POINT('',(-4.399738575291,33.494912903996,
    -4.400000001722));
#6540 = CARTESIAN_POINT('',(-4.385953693416,33.527912752645,
    -4.400000002128));
#6541 = CARTESIAN_POINT('',(-4.371406991019,33.560452822096,
    -4.400000002247));
#6542 = CARTESIAN_POINT('',(-4.355956361524,33.592518379667,
    -4.400000002192));
#6543 = CARTESIAN_POINT('',(-4.342235009341,33.620995071086,
    -4.400000002143));
#6544 = CARTESIAN_POINT('',(-4.327800424719,33.649098087418,
    -4.400000001957));
#6545 = CARTESIAN_POINT('',(-4.312524534481,33.676787829323,
    -4.400000001713));
#6546 = CARTESIAN_POINT('',(-4.298053341347,33.70301894232,
    -4.400000001483));
#6547 = CARTESIAN_POINT('',(-4.282827147266,33.728879751731,
    -4.4000000012));
#6548 = CARTESIAN_POINT('',(-4.266711564457,33.754300666348,
    -4.400000000934));
#6549 = CARTESIAN_POINT('',(-4.251785947224,33.77784451492,
    -4.400000000688));
#6550 = CARTESIAN_POINT('',(-4.236097354592,33.801011283698,
    -4.400000000455));
#6551 = CARTESIAN_POINT('',(-4.219517237635,33.823708678094,
    -4.40000000029));
#6552 = CARTESIAN_POINT('',(-4.203964140209,33.845000131423,
    -4.400000000135));
#6553 = CARTESIAN_POINT('',(-4.187626512491,33.865878769625,
    -4.400000000039));
#6554 = CARTESIAN_POINT('',(-4.17037902893,33.886231328062,
    -4.400000000047));
#6555 = PCURVE('',#5491,#6556);
#6556 = DEFINITIONAL_REPRESENTATION('',(#6557),#6560);
#6557 = B_SPLINE_CURVE_WITH_KNOTS('',1,(#6558,#6559),.UNSPECIFIED.,.F.,
  .F.,(2,2),(1.359787557579E-09,1.830981975597E-03),
  .PIECEWISE_BEZIER_KNOTS.);
#6558 = CARTESIAN_POINT('',(0.999999279554,0.625));
#6559 = CARTESIAN_POINT('',(5.581702071015E-07,0.624999999994));
#6560 = ( GEOMETRIC_REPRESENTATION_CONTEXT(2) 
PARAMETRIC_REPRESENTATION_CONTEXT() REPRESENTATION_CONTEXT('2D SPACE',''
  ) );
#6561 = PCURVE('',#94,#6562);
#6562 = DEFINITIONAL_REPRESENTATION('',(#6563),#6607);
#6563 = B_SPLINE_CURVE_WITH_KNOTS('',3,(#6564,#6565,#6566,#6567,#6568,
    #6569,#6570,#6571,#6572,#6573,#6574,#6575,#6576,#6577,#6578,#6579,
    #6580,#6581,#6582,#6583,#6584,#6585,#6586,#6587,#6588,#6589,#6590,
    #6591,#6592,#6593,#6594,#6595,#6596,#6597,#6598,#6599,#6600,#6601,
    #6602,#6603,#6604,#6605,#6606),.UNSPECIFIED.,.F.,.F.,(4,3,3,3,3,3,3,
    3,3,3,3,3,3,3,4),(1.359787557579E-09,2.42245576279E-04,
    4.766925149385E-04,6.997169238352E-04,8.659049791493E-04,9.15491E-04
    ,1.023813045686E-03,1.147433287208E-03,1.281104001667E-03,
    1.373236E-03,1.481208765382E-03,1.577096919346E-03,
    1.667933916319E-03,1.752063560499E-03,1.830981975597E-03),
  .UNSPECIFIED.);
#6564 = CARTESIAN_POINT('',(4.640110229159,17.848700087309));
#6565 = CARTESIAN_POINT('',(4.63988212326,17.767779585892));
#6566 = CARTESIAN_POINT('',(4.637589749203,17.686399707855));
#6567 = CARTESIAN_POINT('',(4.633007268667,17.605110332356));
#6568 = CARTESIAN_POINT('',(4.628572287519,17.526437472762));
#6569 = CARTESIAN_POINT('',(4.621992022395,17.447850206208));
#6570 = CARTESIAN_POINT('',(4.613108955883,17.369844836762));
#6571 = CARTESIAN_POINT('',(4.604658682787,17.295639980383));
#6572 = CARTESIAN_POINT('',(4.59412454906,17.221962308778));
#6573 = CARTESIAN_POINT('',(4.581415631367,17.149226957586));
#6574 = CARTESIAN_POINT('',(4.571945500599,17.095027748508));
#6575 = CARTESIAN_POINT('',(4.561268681089,17.041351582039));
#6576 = CARTESIAN_POINT('',(4.549364918835,16.988362571873));
#6577 = CARTESIAN_POINT('',(4.545813158137,16.972552084423));
#6578 = CARTESIAN_POINT('',(4.54212354963,16.956605311614));
#6579 = CARTESIAN_POINT('',(4.538291617639,16.940548337545));
#6580 = CARTESIAN_POINT('',(4.52992065532,16.905471429803));
#6581 = CARTESIAN_POINT('',(4.520999526243,16.870408407716));
#6582 = CARTESIAN_POINT('',(4.511499437916,16.835493503191));
#6583 = CARTESIAN_POINT('',(4.500657663225,16.79564760753));
#6584 = CARTESIAN_POINT('',(4.489062683152,16.755993762869));
#6585 = CARTESIAN_POINT('',(4.476645738906,16.716668859314));
#6586 = CARTESIAN_POINT('',(4.463219282297,16.674146794241));
#6587 = CARTESIAN_POINT('',(4.448832802508,16.63200679138));
#6588 = CARTESIAN_POINT('',(4.433355918595,16.590381685728));
#6589 = CARTESIAN_POINT('',(4.422688539067,16.561691750314));
#6590 = CARTESIAN_POINT('',(4.411502228594,16.5332455426));
#6591 = CARTESIAN_POINT('',(4.399739737291,16.505087127004));
#6592 = CARTESIAN_POINT('',(4.385954855416,16.472087278355));
#6593 = CARTESIAN_POINT('',(4.371408153019,16.439547208904));
#6594 = CARTESIAN_POINT('',(4.355957523524,16.407481651333));
#6595 = CARTESIAN_POINT('',(4.342236171341,16.379004959914));
#6596 = CARTESIAN_POINT('',(4.327801586719,16.350901943582));
#6597 = CARTESIAN_POINT('',(4.312525696481,16.323212201677));
#6598 = CARTESIAN_POINT('',(4.298054503347,16.29698108868));
#6599 = CARTESIAN_POINT('',(4.282828309266,16.271120279269));
#6600 = CARTESIAN_POINT('',(4.266712726457,16.245699364652));
#6601 = CARTESIAN_POINT('',(4.251787109224,16.22215551608));
#6602 = CARTESIAN_POINT('',(4.236098516592,16.198988747302));
#6603 = CARTESIAN_POINT('',(4.219518399635,16.176291352906));
#6604 = CARTESIAN_POINT('',(4.203965302209,16.154999899577));
#6605 = CARTESIAN_POINT('',(4.187627674491,16.134121261375));
#6606 = CARTESIAN_POINT('',(4.17038019093,16.113768702938));
#6607 = ( GEOMETRIC_REPRESENTATION_CONTEXT(2) 
PARAMETRIC_REPRESENTATION_CONTEXT() REPRESENTATION_CONTEXT('2D SPACE',''
  ) );
#6608 = ORIENTED_EDGE('',*,*,#6394,.F.);
#6609 = ORIENTED_EDGE('',*,*,#5389,.T.);
#6610 = ADVANCED_FACE('',(#6611),#5346,.T.);
#6611 = FACE_BOUND('',#6612,.T.);
#6612 = EDGE_LOOP('',(#6613,#6639,#6664,#6665));
#6613 = ORIENTED_EDGE('',*,*,#6614,.T.);
#6614 = EDGE_CURVE('',#5264,#6615,#6617,.T.);
#6615 = VERTEX_POINT('',#6616);
#6616 = CARTESIAN_POINT('',(-4.32376798505,31.914116766245,
    -4.399999994794));
#6617 = SURFACE_CURVE('',#6618,(#6625,#6632),.PCURVE_S1.);
#6618 = B_SPLINE_CURVE_WITH_KNOTS('',3,(#6619,#6620,#6621,#6622,#6623,
    #6624),.UNSPECIFIED.,.F.,.F.,(4,2,4),(3.472937590251E-09,0.5,
    0.62500000082),.UNSPECIFIED.);
#6619 = CARTESIAN_POINT('',(-6.531133228974,34.371949852839,
    -9.399999972217));
#6620 = CARTESIAN_POINT('',(-6.097953074047,33.596376354315,
    -8.066666648478));
#6621 = CARTESIAN_POINT('',(-5.525432041304,32.899230347998,
    -6.733333323739));
#6622 = CARTESIAN_POINT('',(-4.680366302356,32.179000206121,
    -5.066666664479));
#6623 = CARTESIAN_POINT('',(-4.504914181348,32.042541355492,
    -4.733333328958));
#6624 = CARTESIAN_POINT('',(-4.323767968866,31.914116795047,
    -4.399999993438));
#6625 = PCURVE('',#5346,#6626);
#6626 = DEFINITIONAL_REPRESENTATION('',(#6627),#6631);
#6627 = LINE('',#6628,#6629);
#6628 = CARTESIAN_POINT('',(0.999999674154,4.362045272134E-12));
#6629 = VECTOR('',#6630,1.);
#6630 = DIRECTION('',(2.911926213011E-08,1.));
#6631 = ( GEOMETRIC_REPRESENTATION_CONTEXT(2) 
PARAMETRIC_REPRESENTATION_CONTEXT() REPRESENTATION_CONTEXT('2D SPACE',''
  ) );
#6632 = PCURVE('',#5285,#6633);
#6633 = DEFINITIONAL_REPRESENTATION('',(#6634),#6638);
#6634 = LINE('',#6635,#6636);
#6635 = CARTESIAN_POINT('',(-1.099999977775E-07,-1.07820556758E-15));
#6636 = VECTOR('',#6637,1.);
#6637 = DIRECTION('',(8.978203456624E-15,1.));
#6638 = ( GEOMETRIC_REPRESENTATION_CONTEXT(2) 
PARAMETRIC_REPRESENTATION_CONTEXT() REPRESENTATION_CONTEXT('2D SPACE',''
  ) );
#6639 = ORIENTED_EDGE('',*,*,#6640,.T.);
#6640 = EDGE_CURVE('',#6615,#6470,#6641,.T.);
#6641 = SURFACE_CURVE('',#6642,(#6647,#6653),.PCURVE_S1.);
#6642 = CIRCLE('',#6643,7.499944043539);
#6643 = AXIS2_PLACEMENT_3D('',#6644,#6645,#6646);
#6644 = CARTESIAN_POINT('',(1.558333288629E-02,38.03123947962,
    -4.400001238437));
#6645 = DIRECTION('',(-9.909081205856E-08,-1.321613375597E-07,-1.));
#6646 = DIRECTION('',(-0.620763529953,-0.783997857064,1.651261677129E-07
    ));
#6647 = PCURVE('',#5346,#6648);
#6648 = DEFINITIONAL_REPRESENTATION('',(#6649),#6652);
#6649 = B_SPLINE_CURVE_WITH_KNOTS('',1,(#6650,#6651),.UNSPECIFIED.,.F.,
  .F.,(2,2),(6.2304612159,6.283185419478),.PIECEWISE_BEZIER_KNOTS.);
#6650 = CARTESIAN_POINT('',(0.999999712202,0.625000000375));
#6651 = CARTESIAN_POINT('',(-2.209531206808E-06,0.625000000375));
#6652 = ( GEOMETRIC_REPRESENTATION_CONTEXT(2) 
PARAMETRIC_REPRESENTATION_CONTEXT() REPRESENTATION_CONTEXT('2D SPACE',''
  ) );
#6653 = PCURVE('',#94,#6654);
#6654 = DEFINITIONAL_REPRESENTATION('',(#6655),#6663);
#6655 = ( BOUNDED_CURVE() B_SPLINE_CURVE(2,(#6656,#6657,#6658,#6659,
#6660,#6661,#6662),.UNSPECIFIED.,.T.,.F.) B_SPLINE_CURVE_WITH_KNOTS((1,2
    ,2,2,2,1),(-2.094395102393,0.,2.094395102393,4.188790204786,
6.28318530718,8.377580409573),.UNSPECIFIED.) CURVE() 
GEOMETRIC_REPRESENTATION_ITEM() RATIONAL_B_SPLINE_CURVE((1.,0.5,1.,0.5,
1.,0.5,1.)) REPRESENTATION_ITEM('') );
#6656 = CARTESIAN_POINT('',(4.640109568028,17.848700609613));
#6657 = CARTESIAN_POINT('',(14.824464494347,9.784805973435));
#6658 = CARTESIAN_POINT('',(2.748749422816,4.996843204175));
#6659 = CARTESIAN_POINT('',(-9.326965648715,0.208880434915));
#6660 = CARTESIAN_POINT('',(-7.435605503503,13.060737840353));
#6661 = CARTESIAN_POINT('',(-5.544245358291,25.912595245792));
#6662 = CARTESIAN_POINT('',(4.640109568028,17.848700609613));
#6663 = ( GEOMETRIC_REPRESENTATION_CONTEXT(2) 
PARAMETRIC_REPRESENTATION_CONTEXT() REPRESENTATION_CONTEXT('2D SPACE',''
  ) );
#6664 = ORIENTED_EDGE('',*,*,#6469,.F.);
#6665 = ORIENTED_EDGE('',*,*,#5329,.T.);
#6666 = ADVANCED_FACE('',(#6667),#5285,.T.);
#6667 = FACE_BOUND('',#6668,.T.);
#6668 = EDGE_LOOP('',(#6669,#6694,#6747,#6748));
#6669 = ORIENTED_EDGE('',*,*,#6670,.T.);
#6670 = EDGE_CURVE('',#5205,#6671,#6673,.T.);
#6671 = VERTEX_POINT('',#6672);
#6672 = CARTESIAN_POINT('',(-2.790031686474,32.851290536411,-4.4));
#6673 = SURFACE_CURVE('',#6674,(#6681,#6688),.PCURVE_S1.);
#6674 = B_SPLINE_CURVE_WITH_KNOTS('',3,(#6675,#6676,#6677,#6678,#6679,
    #6680),.UNSPECIFIED.,.F.,.F.,(4,2,4),(0.,0.5,0.625),.UNSPECIFIED.);
#6675 = CARTESIAN_POINT('',(-4.743506412,34.559227459,-9.4));
#6676 = CARTESIAN_POINT('',(-4.332440462,33.995398653,-8.066666667));
#6677 = CARTESIAN_POINT('',(-3.8201329,33.505891767,-6.733333333));
#6678 = CARTESIAN_POINT('',(-3.093124024,33.024139146,-5.066666667));
#6679 = CARTESIAN_POINT('',(-2.943418342,32.934313271,-4.733333333));
#6680 = CARTESIAN_POINT('',(-2.790031835,32.851290298,-4.4));
#6681 = PCURVE('',#5285,#6682);
#6682 = DEFINITIONAL_REPRESENTATION('',(#6683),#6687);
#6683 = LINE('',#6684,#6685);
#6684 = CARTESIAN_POINT('',(1.,-3.266570210552E-16));
#6685 = VECTOR('',#6686,1.);
#6686 = DIRECTION('',(-7.325038353789E-11,1.));
#6687 = ( GEOMETRIC_REPRESENTATION_CONTEXT(2) 
PARAMETRIC_REPRESENTATION_CONTEXT() REPRESENTATION_CONTEXT('2D SPACE',''
  ) );
#6688 = PCURVE('',#5220,#6689);
#6689 = DEFINITIONAL_REPRESENTATION('',(#6690),#6693);
#6690 = B_SPLINE_CURVE_WITH_KNOTS('',1,(#6691,#6692),.UNSPECIFIED.,.F.,
  .F.,(2,2),(0.,0.625),.PIECEWISE_BEZIER_KNOTS.);
#6691 = CARTESIAN_POINT('',(-4.699491950042E-14,1.897079037001E-15));
#6692 = CARTESIAN_POINT('',(-2.270349578868E-06,0.624999997385));
#6693 = ( GEOMETRIC_REPRESENTATION_CONTEXT(2) 
PARAMETRIC_REPRESENTATION_CONTEXT() REPRESENTATION_CONTEXT('2D SPACE',''
  ) );
#6694 = ORIENTED_EDGE('',*,*,#6695,.T.);
#6695 = EDGE_CURVE('',#6671,#6615,#6696,.T.);
#6696 = SURFACE_CURVE('',#6697,(#6706,#6735),.PCURVE_S1.);
#6697 = B_SPLINE_CURVE_WITH_KNOTS('',3,(#6698,#6699,#6700,#6701,#6702,
    #6703,#6704,#6705),.UNSPECIFIED.,.F.,.F.,(4,2,2,4),(0.,
    4.466540283388E-02,9.029357197647E-02,0.144523111976),
  .UNSPECIFIED.);
#6698 = CARTESIAN_POINT('',(-2.790031834769,32.851290297948,-4.4));
#6699 = CARTESIAN_POINT('',(-2.872100446262,32.727067152806,-4.4));
#6700 = CARTESIAN_POINT('',(-2.98355160307,32.616958309799,-4.4));
#6701 = CARTESIAN_POINT('',(-3.217315890551,32.427521820694,-4.4));
#6702 = CARTESIAN_POINT('',(-3.349057899243,32.341419457785,-4.4));
#6703 = CARTESIAN_POINT('',(-3.638059495266,32.176581029574,-4.4));
#6704 = CARTESIAN_POINT('',(-3.912600675929,32.035437792096,-4.4));
#6705 = CARTESIAN_POINT('',(-4.323767972433,31.914116797575,-4.4));
#6706 = PCURVE('',#5285,#6707);
#6707 = DEFINITIONAL_REPRESENTATION('',(#6708),#6734);
#6708 = B_SPLINE_CURVE_WITH_KNOTS('',3,(#6709,#6710,#6711,#6712,#6713,
    #6714,#6715,#6716,#6717,#6718,#6719,#6720,#6721,#6722,#6723,#6724,
    #6725,#6726,#6727,#6728,#6729,#6730,#6731,#6732,#6733),
  .UNSPECIFIED.,.F.,.F.,(4,1,1,1,1,1,1,1,1,1,1,1,1,1,1,1,1,1,1,1,1,1,4),
  (0.,6.569232362541E-03,1.313846472508E-02,1.970769708762E-02,
    2.627692945016E-02,3.28461618127E-02,3.941539417524E-02,
    4.598462653778E-02,5.255385890032E-02,5.912309126286E-02,
    6.569232362541E-02,7.226155598795E-02,7.883078835049E-02,
    8.540002071303E-02,9.196925307557E-02,9.853848543811E-02,
    0.105107717801,0.111676950163,0.118246182526,0.124815414888,
    0.131384647251,0.137953879613,0.144523111976),
  .QUASI_UNIFORM_KNOTS.);
#6709 = CARTESIAN_POINT('',(1.,0.625000007));
#6710 = CARTESIAN_POINT('',(0.987422604785,0.624999998933));
#6711 = CARTESIAN_POINT('',(0.962355049906,0.624999975917));
#6712 = CARTESIAN_POINT('',(0.925053713666,0.624999941126));
#6713 = CARTESIAN_POINT('',(0.888089995086,0.624999936664));
#6714 = CARTESIAN_POINT('',(0.851503853218,0.624999957358));
#6715 = CARTESIAN_POINT('',(0.815357976781,0.624999985111));
#6716 = CARTESIAN_POINT('',(0.77965930478,0.625000000194));
#6717 = CARTESIAN_POINT('',(0.744659983313,0.625000001357));
#6718 = CARTESIAN_POINT('',(0.709644886445,0.624999992301));
#6719 = CARTESIAN_POINT('',(0.674385791968,0.624999983598));
#6720 = CARTESIAN_POINT('',(0.638919227907,0.624999986319));
#6721 = CARTESIAN_POINT('',(0.603167569366,0.624999980123));
#6722 = CARTESIAN_POINT('',(0.567211157325,0.625000030868));
#6723 = CARTESIAN_POINT('',(0.53056940596,0.624999871535));
#6724 = CARTESIAN_POINT('',(0.494791447086,0.625000480194));
#6725 = CARTESIAN_POINT('',(0.452484078463,0.62499804876));
#6726 = CARTESIAN_POINT('',(0.404134097215,0.624998530366));
#6727 = CARTESIAN_POINT('',(0.350114262671,0.624999197392));
#6728 = CARTESIAN_POINT('',(0.290589855768,0.624999681938));
#6729 = CARTESIAN_POINT('',(0.225756364741,0.624999882715));
#6730 = CARTESIAN_POINT('',(0.155768705119,0.624999960015));
#6731 = CARTESIAN_POINT('',(8.075879664819E-02,0.624999998027));
#6732 = CARTESIAN_POINT('',(2.745795634439E-02,0.625000003807));
#6733 = CARTESIAN_POINT('',(-1.1E-07,0.625000007));
#6734 = ( GEOMETRIC_REPRESENTATION_CONTEXT(2) 
PARAMETRIC_REPRESENTATION_CONTEXT() REPRESENTATION_CONTEXT('2D SPACE',''
  ) );
#6735 = PCURVE('',#94,#6736);
#6736 = DEFINITIONAL_REPRESENTATION('',(#6737),#6746);
#6737 = B_SPLINE_CURVE_WITH_KNOTS('',3,(#6738,#6739,#6740,#6741,#6742,
    #6743,#6744,#6745),.UNSPECIFIED.,.F.,.F.,(4,2,2,4),(0.,
    4.466540283388E-02,9.029357197647E-02,0.144523111976),
  .UNSPECIFIED.);
#6738 = CARTESIAN_POINT('',(2.790032996769,17.148709733052));
#6739 = CARTESIAN_POINT('',(2.872101608262,17.272932878194));
#6740 = CARTESIAN_POINT('',(2.98355276507,17.383041721201));
#6741 = CARTESIAN_POINT('',(3.217317052551,17.572478210306));
#6742 = CARTESIAN_POINT('',(3.349059061243,17.658580573215));
#6743 = CARTESIAN_POINT('',(3.638060657266,17.823419001426));
#6744 = CARTESIAN_POINT('',(3.912601837929,17.964562238904));
#6745 = CARTESIAN_POINT('',(4.323769134433,18.085883233425));
#6746 = ( GEOMETRIC_REPRESENTATION_CONTEXT(2) 
PARAMETRIC_REPRESENTATION_CONTEXT() REPRESENTATION_CONTEXT('2D SPACE',''
  ) );
#6747 = ORIENTED_EDGE('',*,*,#6614,.F.);
#6748 = ORIENTED_EDGE('',*,*,#5263,.T.);
#6749 = ADVANCED_FACE('',(#6750),#5132,.T.);
#6750 = FACE_BOUND('',#6751,.T.);
#6751 = EDGE_LOOP('',(#6752,#6777,#6799,#6823));
#6752 = ORIENTED_EDGE('',*,*,#6753,.T.);
#6753 = EDGE_CURVE('',#4972,#6754,#6756,.T.);
#6754 = VERTEX_POINT('',#6755);
#6755 = CARTESIAN_POINT('',(-1.764615853234,32.415707041898,
    -4.400000014697));
#6756 = SURFACE_CURVE('',#6757,(#6764,#6771),.PCURVE_S1.);
#6757 = B_SPLINE_CURVE_WITH_KNOTS('',3,(#6758,#6759,#6760,#6761,#6762,
    #6763),.UNSPECIFIED.,.F.,.F.,(4,2,4),(0.,0.5,0.625),.UNSPECIFIED.);
#6758 = CARTESIAN_POINT('',(-4.004714487,33.725312788,-9.4));
#6759 = CARTESIAN_POINT('',(-3.494846385,33.248959289,-8.066666667));
#6760 = CARTESIAN_POINT('',(-2.899537945,32.864663137,-6.733333333));
#6761 = CARTESIAN_POINT('',(-2.094830166,32.528401542,-5.066666667));
#6762 = CARTESIAN_POINT('',(-1.930890125,32.468367241,-4.733333333));
#6763 = CARTESIAN_POINT('',(-1.764615894,32.415707051,-4.4));
#6764 = PCURVE('',#5132,#6765);
#6765 = DEFINITIONAL_REPRESENTATION('',(#6766),#6770);
#6766 = LINE('',#6767,#6768);
#6767 = CARTESIAN_POINT('',(0.999998491112,2.373583482551E-15));
#6768 = VECTOR('',#6769,1.);
#6769 = DIRECTION('',(-3.481659405224E-14,1.));
#6770 = ( GEOMETRIC_REPRESENTATION_CONTEXT(2) 
PARAMETRIC_REPRESENTATION_CONTEXT() REPRESENTATION_CONTEXT('2D SPACE',''
  ) );
#6771 = PCURVE('',#5073,#6772);
#6772 = DEFINITIONAL_REPRESENTATION('',(#6773),#6776);
#6773 = B_SPLINE_CURVE_WITH_KNOTS('',1,(#6774,#6775),.UNSPECIFIED.,.F.,
  .F.,(2,2),(0.,0.625),.PIECEWISE_BEZIER_KNOTS.);
#6774 = CARTESIAN_POINT('',(-4.710347243022E-16,-2.282551215518E-17));
#6775 = CARTESIAN_POINT('',(5.154781025258E-07,0.624999994489));
#6776 = ( GEOMETRIC_REPRESENTATION_CONTEXT(2) 
PARAMETRIC_REPRESENTATION_CONTEXT() REPRESENTATION_CONTEXT('2D SPACE',''
  ) );
#6777 = ORIENTED_EDGE('',*,*,#6778,.T.);
#6778 = EDGE_CURVE('',#6754,#6779,#6781,.T.);
#6779 = VERTEX_POINT('',#6780);
#6780 = CARTESIAN_POINT('',(-1.570922988,33.02669931,-4.4));
#6781 = SURFACE_CURVE('',#6782,(#6786,#6792),.PCURVE_S1.);
#6782 = LINE('',#6783,#6784);
#6783 = CARTESIAN_POINT('',(-1.764615894,32.415707051,-4.4));
#6784 = VECTOR('',#6785,1.);
#6785 = DIRECTION('',(0.302192333216,0.95324697416,0.));
#6786 = PCURVE('',#5132,#6787);
#6787 = DEFINITIONAL_REPRESENTATION('',(#6788),#6791);
#6788 = B_SPLINE_CURVE_WITH_KNOTS('',1,(#6789,#6790),.UNSPECIFIED.,.F.,
  .F.,(2,2),(3.642644355105E-09,0.640959033319),
  .PIECEWISE_BEZIER_KNOTS.);
#6789 = CARTESIAN_POINT('',(0.999998486196,0.625));
#6790 = CARTESIAN_POINT('',(0.135003555711,0.62500000001));
#6791 = ( GEOMETRIC_REPRESENTATION_CONTEXT(2) 
PARAMETRIC_REPRESENTATION_CONTEXT() REPRESENTATION_CONTEXT('2D SPACE',''
  ) );
#6792 = PCURVE('',#94,#6793);
#6793 = DEFINITIONAL_REPRESENTATION('',(#6794),#6798);
#6794 = LINE('',#6795,#6796);
#6795 = CARTESIAN_POINT('',(1.764617056,17.58429298));
#6796 = VECTOR('',#6797,1.);
#6797 = DIRECTION('',(-0.302192333216,-0.95324697416));
#6798 = ( GEOMETRIC_REPRESENTATION_CONTEXT(2) 
PARAMETRIC_REPRESENTATION_CONTEXT() REPRESENTATION_CONTEXT('2D SPACE',''
  ) );
#6799 = ORIENTED_EDGE('',*,*,#6800,.F.);
#6800 = EDGE_CURVE('',#5117,#6779,#6801,.T.);
#6801 = SURFACE_CURVE('',#6802,(#6811,#6817),.PCURVE_S1.);
#6802 = B_SPLINE_CURVE_WITH_KNOTS('',3,(#6803,#6804,#6805,#6806,#6807,
    #6808,#6809,#6810),.UNSPECIFIED.,.F.,.F.,(4,2,2,4),(
    3.920476205295E-11,0.27614306949,0.41408601541,0.552031603047),
  .UNSPECIFIED.);
#6803 = CARTESIAN_POINT('',(-3.567264814598,34.193841947476,
    -9.399999999645));
#6804 = CARTESIAN_POINT('',(-3.282886772176,33.928327882073,
    -8.565788317728));
#6805 = CARTESIAN_POINT('',(-2.969889794561,33.695261542376,
    -7.734003043141));
#6806 = CARTESIAN_POINT('',(-2.466288998887,33.400851382797,
    -6.483035927096));
#6807 = CARTESIAN_POINT('',(-2.293209167967,33.31216511937,
    -6.066612518582));
#6808 = CARTESIAN_POINT('',(-1.938010158517,33.15438999901,
    -5.233147029768));
#6809 = CARTESIAN_POINT('',(-1.756167372115,33.085424359871,
    -4.816738847251));
#6810 = CARTESIAN_POINT('',(-1.570922988443,33.02669931005,-4.4));
#6811 = PCURVE('',#5132,#6812);
#6812 = DEFINITIONAL_REPRESENTATION('',(#6813),#6816);
#6813 = B_SPLINE_CURVE_WITH_KNOTS('',1,(#6814,#6815),.UNSPECIFIED.,.F.,
  .F.,(2,2),(3.920476205295E-11,0.552031603047),
  .PIECEWISE_BEZIER_KNOTS.);
#6814 = CARTESIAN_POINT('',(0.134952654264,4.441264279947E-11));
#6815 = CARTESIAN_POINT('',(0.135003555827,0.625));
#6816 = ( GEOMETRIC_REPRESENTATION_CONTEXT(2) 
PARAMETRIC_REPRESENTATION_CONTEXT() REPRESENTATION_CONTEXT('2D SPACE',''
  ) );
#6817 = PCURVE('',#5192,#6818);
#6818 = DEFINITIONAL_REPRESENTATION('',(#6819),#6822);
#6819 = B_SPLINE_CURVE_WITH_KNOTS('',1,(#6820,#6821),.UNSPECIFIED.,.F.,
  .F.,(2,2),(3.920476205295E-11,0.552031603047),
  .PIECEWISE_BEZIER_KNOTS.);
#6820 = CARTESIAN_POINT('',(1.303006162175,3.553104477305E-10));
#6821 = CARTESIAN_POINT('',(1.74712100265,5.));
#6822 = ( GEOMETRIC_REPRESENTATION_CONTEXT(2) 
PARAMETRIC_REPRESENTATION_CONTEXT() REPRESENTATION_CONTEXT('2D SPACE',''
  ) );
#6823 = ORIENTED_EDGE('',*,*,#5116,.T.);
#6824 = ADVANCED_FACE('',(#6825),#5073,.T.);
#6825 = FACE_BOUND('',#6826,.T.);
#6826 = EDGE_LOOP('',(#6827,#6853,#6953,#6954));
#6827 = ORIENTED_EDGE('',*,*,#6828,.T.);
#6828 = EDGE_CURVE('',#4912,#6829,#6831,.T.);
#6829 = VERTEX_POINT('',#6830);
#6830 = CARTESIAN_POINT('',(-1.374277955233,30.661207501108,
    -4.400000000002));
#6831 = SURFACE_CURVE('',#6832,(#6840,#6846),.PCURVE_S1.);
#6832 = B_SPLINE_CURVE_WITH_KNOTS('',3,(#6833,#6834,#6835,#6836,#6837,
    #6838,#6839),.UNSPECIFIED.,.F.,.F.,(4,3,4),(0.,0.499999999701,0.625)
  ,.UNSPECIFIED.);
#6833 = CARTESIAN_POINT('',(-4.406082406,31.973289489,-9.4));
#6834 = CARTESIAN_POINT('',(-3.688709135,31.449328743,-8.066666667));
#6835 = CARTESIAN_POINT('',(-2.877448771,31.054805309,-6.733333333));
#6836 = CARTESIAN_POINT('',(-2.022602044368,30.813411563786,
    -5.400000000733));
#6837 = CARTESIAN_POINT('',(-1.80889036207,30.753063127302,
    -5.066666666669));
#6838 = CARTESIAN_POINT('',(-1.592494498167,30.702296581508,
    -4.733333333338));
#6839 = CARTESIAN_POINT('',(-1.374277947278,30.661207508617,
    -4.400000000007));
#6840 = PCURVE('',#5073,#6841);
#6841 = DEFINITIONAL_REPRESENTATION('',(#6842),#6845);
#6842 = B_SPLINE_CURVE_WITH_KNOTS('',1,(#6843,#6844),.UNSPECIFIED.,.F.,
  .F.,(2,2),(0.,0.625),.PIECEWISE_BEZIER_KNOTS.);
#6843 = CARTESIAN_POINT('',(1.,-1.196583281631E-16));
#6844 = CARTESIAN_POINT('',(0.999999979863,0.625000001454));
#6845 = ( GEOMETRIC_REPRESENTATION_CONTEXT(2) 
PARAMETRIC_REPRESENTATION_CONTEXT() REPRESENTATION_CONTEXT('2D SPACE',''
  ) );
#6846 = PCURVE('',#4928,#6847);
#6847 = DEFINITIONAL_REPRESENTATION('',(#6848),#6852);
#6848 = LINE('',#6849,#6850);
#6849 = CARTESIAN_POINT('',(-1.084731921594E-15,-1.39314231716E-16));
#6850 = VECTOR('',#6851,1.);
#6851 = DIRECTION('',(-4.525520889917E-15,1.));
#6852 = ( GEOMETRIC_REPRESENTATION_CONTEXT(2) 
PARAMETRIC_REPRESENTATION_CONTEXT() REPRESENTATION_CONTEXT('2D SPACE',''
  ) );
#6853 = ORIENTED_EDGE('',*,*,#6854,.T.);
#6854 = EDGE_CURVE('',#6829,#6754,#6855,.T.);
#6855 = SURFACE_CURVE('',#6856,(#6900,#6906),.PCURVE_S1.);
#6856 = B_SPLINE_CURVE_WITH_KNOTS('',3,(#6857,#6858,#6859,#6860,#6861,
    #6862,#6863,#6864,#6865,#6866,#6867,#6868,#6869,#6870,#6871,#6872,
    #6873,#6874,#6875,#6876,#6877,#6878,#6879,#6880,#6881,#6882,#6883,
    #6884,#6885,#6886,#6887,#6888,#6889,#6890,#6891,#6892,#6893,#6894,
    #6895,#6896,#6897,#6898,#6899),.UNSPECIFIED.,.F.,.F.,(4,3,3,3,3,3,3,
    3,3,3,3,3,3,3,4),(3.025039877389E-11,2.423266987061E-04,
    4.768566991636E-04,6.999578813963E-04,8.659134665586E-04,9.1549E-04,
    1.023832236319E-03,1.147472947764E-03,1.281152717853E-03,
    1.373236E-03,1.481218158386E-03,1.577117243456E-03,
    1.667965047933E-03,1.752105914137E-03,1.830980976364E-03),
  .UNSPECIFIED.);
#6857 = CARTESIAN_POINT('',(-1.374277971012,30.661207492882,-4.4));
#6858 = CARTESIAN_POINT('',(-1.41169439333,30.732989535777,-4.4));
#6859 = CARTESIAN_POINT('',(-1.447495371434,30.806138285622,
    -4.400000012208));
#6860 = CARTESIAN_POINT('',(-1.481225136478,30.880271600584,
    -4.400000028007));
#6861 = CARTESIAN_POINT('',(-1.513869673135,30.952019735045,
    -4.400000043298));
#6862 = CARTESIAN_POINT('',(-1.54457354393,31.024689476508,
    -4.400000061952));
#6863 = CARTESIAN_POINT('',(-1.572966367607,31.097914340618,
    -4.400000076158));
#6864 = CARTESIAN_POINT('',(-1.599975588248,31.167570903616,
    -4.400000089671));
#6865 = CARTESIAN_POINT('',(-1.62489324356,31.237729257613,
    -4.40000009916));
#6866 = CARTESIAN_POINT('',(-1.647445682759,31.308063865011,
    -4.400000097898));
#6867 = CARTESIAN_POINT('',(-1.664221493657,31.36038282097,
    -4.40000009696));
#6868 = CARTESIAN_POINT('',(-1.679689438633,31.412799061689,
    -4.400000090073));
#6869 = CARTESIAN_POINT('',(-1.69375570425,31.465177305136,
    -4.400000074471));
#6870 = CARTESIAN_POINT('',(-1.697957772454,31.480824453951,
    -4.40000006981));
#6871 = CARTESIAN_POINT('',(-1.702101077612,31.496656232323,
    -4.400000064371));
#6872 = CARTESIAN_POINT('',(-1.706169551008,31.5126516451,-4.40000005808
    ));
#6873 = CARTESIAN_POINT('',(-1.71506060239,31.547607271701,
    -4.400000044334));
#6874 = CARTESIAN_POINT('',(-1.723457644221,31.582806388142,
    -4.40000003384));
#6875 = CARTESIAN_POINT('',(-1.731272810691,31.618143492583,
    -4.400000025854));
#6876 = CARTESIAN_POINT('',(-1.740191518439,31.658470376003,
    -4.40000001674));
#6877 = CARTESIAN_POINT('',(-1.748353558063,31.698977340864,
    -4.400000010891));
#6878 = CARTESIAN_POINT('',(-1.755634427419,31.739575096769,
    -4.400000007196));
#6879 = CARTESIAN_POINT('',(-1.76350646997,31.783469204237,
    -4.400000003201));
#6880 = CARTESIAN_POINT('',(-1.770350528348,31.827471216963,
    -4.400000001725));
#6881 = CARTESIAN_POINT('',(-1.775989440292,31.871524066503,
    -4.400000001365));
#6882 = CARTESIAN_POINT('',(-1.779873719261,31.901869203773,
    -4.400000001116));
#6883 = CARTESIAN_POINT('',(-1.78318575355,31.93223966854,
    -4.400000001397));
#6884 = CARTESIAN_POINT('',(-1.78585450601,31.962623051757,
    -4.400000001749));
#6885 = CARTESIAN_POINT('',(-1.788984038799,31.998252356256,
    -4.400000002162));
#6886 = CARTESIAN_POINT('',(-1.791225144923,32.033828603357,
    -4.400000002283));
#6887 = CARTESIAN_POINT('',(-1.792445153823,32.069404762087,
    -4.400000002227));
#6888 = CARTESIAN_POINT('',(-1.793528645198,32.100999991553,
    -4.400000002178));
#6889 = CARTESIAN_POINT('',(-1.793806749542,32.132595800024,
    -4.40000000199));
#6890 = CARTESIAN_POINT('',(-1.793147653909,32.164216627154,
    -4.400000001744));
#6891 = CARTESIAN_POINT('',(-1.792523274738,32.194171894385,
    -4.400000001511));
#6892 = CARTESIAN_POINT('',(-1.791058096484,32.224150123513,
    -4.400000001226));
#6893 = CARTESIAN_POINT('',(-1.788600773958,32.254152134163,
    -4.400000000959));
#6894 = CARTESIAN_POINT('',(-1.786324865947,32.281939213648,
    -4.400000000711));
#6895 = CARTESIAN_POINT('',(-1.78319794269,32.309746952379,
    -4.400000000479));
#6896 = CARTESIAN_POINT('',(-1.779063272128,32.337553354545,
    -4.400000000315));
#6897 = CARTESIAN_POINT('',(-1.775187362447,32.363619543308,
    -4.400000000163));
#6898 = CARTESIAN_POINT('',(-1.770425959811,32.389684756474,
    -4.400000000071));
#6899 = CARTESIAN_POINT('',(-1.764615789063,32.41570702757,
    -4.400000000086));
#6900 = PCURVE('',#5073,#6901);
#6901 = DEFINITIONAL_REPRESENTATION('',(#6902),#6905);
#6902 = B_SPLINE_CURVE_WITH_KNOTS('',1,(#6903,#6904),.UNSPECIFIED.,.F.,
  .F.,(2,2),(3.025039877389E-11,1.830980976364E-03),
  .PIECEWISE_BEZIER_KNOTS.);
#6903 = CARTESIAN_POINT('',(0.999999983973,0.625));
#6904 = CARTESIAN_POINT('',(5.143277984114E-07,0.624999999989));
#6905 = ( GEOMETRIC_REPRESENTATION_CONTEXT(2) 
PARAMETRIC_REPRESENTATION_CONTEXT() REPRESENTATION_CONTEXT('2D SPACE',''
  ) );
#6906 = PCURVE('',#94,#6907);
#6907 = DEFINITIONAL_REPRESENTATION('',(#6908),#6952);
#6908 = B_SPLINE_CURVE_WITH_KNOTS('',3,(#6909,#6910,#6911,#6912,#6913,
    #6914,#6915,#6916,#6917,#6918,#6919,#6920,#6921,#6922,#6923,#6924,
    #6925,#6926,#6927,#6928,#6929,#6930,#6931,#6932,#6933,#6934,#6935,
    #6936,#6937,#6938,#6939,#6940,#6941,#6942,#6943,#6944,#6945,#6946,
    #6947,#6948,#6949,#6950,#6951),.UNSPECIFIED.,.F.,.F.,(4,3,3,3,3,3,3,
    3,3,3,3,3,3,3,4),(3.025039877389E-11,2.423266987061E-04,
    4.768566991636E-04,6.999578813963E-04,8.659134665586E-04,9.1549E-04,
    1.023832236319E-03,1.147472947764E-03,1.281152717853E-03,
    1.373236E-03,1.481218158386E-03,1.577117243456E-03,
    1.667965047933E-03,1.752105914137E-03,1.830980976364E-03),
  .UNSPECIFIED.);
#6909 = CARTESIAN_POINT('',(1.374279133012,19.338792538118));
#6910 = CARTESIAN_POINT('',(1.41169555533,19.267010495223));
#6911 = CARTESIAN_POINT('',(1.447496533434,19.193861745378));
#6912 = CARTESIAN_POINT('',(1.481226298478,19.119728430416));
#6913 = CARTESIAN_POINT('',(1.513870835135,19.047980295955));
#6914 = CARTESIAN_POINT('',(1.54457470593,18.975310554492));
#6915 = CARTESIAN_POINT('',(1.572967529607,18.902085690382));
#6916 = CARTESIAN_POINT('',(1.599976750248,18.832429127384));
#6917 = CARTESIAN_POINT('',(1.62489440556,18.762270773387));
#6918 = CARTESIAN_POINT('',(1.647446844759,18.691936165989));
#6919 = CARTESIAN_POINT('',(1.664222655657,18.63961721003));
#6920 = CARTESIAN_POINT('',(1.679690600633,18.587200969311));
#6921 = CARTESIAN_POINT('',(1.69375686625,18.534822725864));
#6922 = CARTESIAN_POINT('',(1.697958934454,18.519175577049));
#6923 = CARTESIAN_POINT('',(1.702102239612,18.503343798677));
#6924 = CARTESIAN_POINT('',(1.706170713008,18.4873483859));
#6925 = CARTESIAN_POINT('',(1.71506176439,18.452392759299));
#6926 = CARTESIAN_POINT('',(1.723458806221,18.417193642858));
#6927 = CARTESIAN_POINT('',(1.731273972691,18.381856538417));
#6928 = CARTESIAN_POINT('',(1.740192680439,18.341529654997));
#6929 = CARTESIAN_POINT('',(1.748354720063,18.301022690136));
#6930 = CARTESIAN_POINT('',(1.755635589419,18.260424934231));
#6931 = CARTESIAN_POINT('',(1.76350763197,18.216530826763));
#6932 = CARTESIAN_POINT('',(1.770351690348,18.172528814037));
#6933 = CARTESIAN_POINT('',(1.775990602292,18.128475964497));
#6934 = CARTESIAN_POINT('',(1.779874881261,18.098130827227));
#6935 = CARTESIAN_POINT('',(1.78318691555,18.06776036246));
#6936 = CARTESIAN_POINT('',(1.78585566801,18.037376979243));
#6937 = CARTESIAN_POINT('',(1.788985200799,18.001747674744));
#6938 = CARTESIAN_POINT('',(1.791226306923,17.966171427643));
#6939 = CARTESIAN_POINT('',(1.792446315823,17.930595268913));
#6940 = CARTESIAN_POINT('',(1.793529807198,17.899000039447));
#6941 = CARTESIAN_POINT('',(1.793807911542,17.867404230976));
#6942 = CARTESIAN_POINT('',(1.793148815909,17.835783403846));
#6943 = CARTESIAN_POINT('',(1.792524436738,17.805828136615));
#6944 = CARTESIAN_POINT('',(1.791059258484,17.775849907487));
#6945 = CARTESIAN_POINT('',(1.788601935958,17.745847896837));
#6946 = CARTESIAN_POINT('',(1.786326027947,17.718060817352));
#6947 = CARTESIAN_POINT('',(1.78319910469,17.690253078621));
#6948 = CARTESIAN_POINT('',(1.779064434128,17.662446676455));
#6949 = CARTESIAN_POINT('',(1.775188524447,17.636380487692));
#6950 = CARTESIAN_POINT('',(1.770427121811,17.610315274526));
#6951 = CARTESIAN_POINT('',(1.764616951063,17.58429300343));
#6952 = ( GEOMETRIC_REPRESENTATION_CONTEXT(2) 
PARAMETRIC_REPRESENTATION_CONTEXT() REPRESENTATION_CONTEXT('2D SPACE',''
  ) );
#6953 = ORIENTED_EDGE('',*,*,#6753,.F.);
#6954 = ORIENTED_EDGE('',*,*,#4971,.T.);
#6955 = ADVANCED_FACE('',(#6956),#4928,.T.);
#6956 = FACE_BOUND('',#6957,.T.);
#6957 = EDGE_LOOP('',(#6958,#6984,#7009,#7010));
#6958 = ORIENTED_EDGE('',*,*,#6959,.T.);
#6959 = EDGE_CURVE('',#4767,#6960,#6962,.T.);
#6960 = VERTEX_POINT('',#6961);
#6961 = CARTESIAN_POINT('',(-0.98394836,30.598203437,-4.4));
#6962 = SURFACE_CURVE('',#6963,(#6970,#6977),.PCURVE_S1.);
#6963 = B_SPLINE_CURVE_WITH_KNOTS('',3,(#6964,#6965,#6966,#6967,#6968,
    #6969),.UNSPECIFIED.,.F.,.F.,(4,2,4),(0.,0.5,0.625),.UNSPECIFIED.);
#6964 = CARTESIAN_POINT('',(-4.08068608,31.748687203,-9.4));
#6965 = CARTESIAN_POINT('',(-3.336697129,31.26325985,-8.066666667));
#6966 = CARTESIAN_POINT('',(-2.505772849,30.912037759,-6.733333333));
#6967 = CARTESIAN_POINT('',(-1.422797598,30.667027502,-5.066666667));
#6968 = CARTESIAN_POINT('',(-1.204027058,30.627735483,-4.733333333));
#6969 = CARTESIAN_POINT('',(-0.98394836,30.598203437,-4.4));
#6970 = PCURVE('',#4928,#6971);
#6971 = DEFINITIONAL_REPRESENTATION('',(#6972),#6976);
#6972 = LINE('',#6973,#6974);
#6973 = CARTESIAN_POINT('',(1.,-3.143336698033E-17));
#6974 = VECTOR('',#6975,1.);
#6975 = DIRECTION('',(9.069612611044E-10,1.));
#6976 = ( GEOMETRIC_REPRESENTATION_CONTEXT(2) 
PARAMETRIC_REPRESENTATION_CONTEXT() REPRESENTATION_CONTEXT('2D SPACE',''
  ) );
#6977 = PCURVE('',#4868,#6978);
#6978 = DEFINITIONAL_REPRESENTATION('',(#6979),#6983);
#6979 = LINE('',#6980,#6981);
#6980 = CARTESIAN_POINT('',(-9.102143306157E-16,8.963157688748E-17));
#6981 = VECTOR('',#6982,1.);
#6982 = DIRECTION('',(3.254141538918E-15,1.));
#6983 = ( GEOMETRIC_REPRESENTATION_CONTEXT(2) 
PARAMETRIC_REPRESENTATION_CONTEXT() REPRESENTATION_CONTEXT('2D SPACE',''
  ) );
#6984 = ORIENTED_EDGE('',*,*,#6985,.T.);
#6985 = EDGE_CURVE('',#6960,#6829,#6986,.T.);
#6986 = SURFACE_CURVE('',#6987,(#6992,#6998),.PCURVE_S1.);
#6987 = CIRCLE('',#6988,7.499938479778);
#6988 = AXIS2_PLACEMENT_3D('',#6989,#6990,#6991);
#6989 = CARTESIAN_POINT('',(1.558671553289E-02,38.031238269715,
    -4.39999999967));
#6990 = DIRECTION('',(7.546034682156E-12,4.334025328109E-11,-1.));
#6991 = DIRECTION('',(-0.185316808422,-0.982678828772,
    -4.398795639648E-11));
#6992 = PCURVE('',#4928,#6993);
#6993 = DEFINITIONAL_REPRESENTATION('',(#6994),#6997);
#6994 = B_SPLINE_CURVE_WITH_KNOTS('',1,(#6995,#6996),.UNSPECIFIED.,.F.,
  .F.,(2,2),(6.230461206312,6.28318530718),.PIECEWISE_BEZIER_KNOTS.);
#6995 = CARTESIAN_POINT('',(1.000000000567,0.625000000375));
#6996 = CARTESIAN_POINT('',(9.680493111432E-10,0.625000000375));
#6997 = ( GEOMETRIC_REPRESENTATION_CONTEXT(2) 
PARAMETRIC_REPRESENTATION_CONTEXT() REPRESENTATION_CONTEXT('2D SPACE',''
  ) );
#6998 = PCURVE('',#94,#6999);
#6999 = DEFINITIONAL_REPRESENTATION('',(#7000),#7008);
#7000 = ( BOUNDED_CURVE() B_SPLINE_CURVE(2,(#7001,#7002,#7003,#7004,
#7005,#7006,#7007),.UNSPECIFIED.,.T.,.F.) B_SPLINE_CURVE_WITH_KNOTS((1,2
    ,2,2,2,1),(-2.094395102393,0.,2.094395102393,4.188790204786,
6.28318530718,8.377580409573),.UNSPECIFIED.) CURVE() 
GEOMETRIC_REPRESENTATION_ITEM() RATIONAL_B_SPLINE_CURVE((1.,0.5,1.,0.5,
1.,0.5,1.)) REPRESENTATION_ITEM('') );
#7001 = CARTESIAN_POINT('',(1.374279108897,19.338792522455));
#7002 = CARTESIAN_POINT('',(14.139546840588,16.931476311481));
#7003 = CARTESIAN_POINT('',(5.672115981097,7.080088275214));
#7004 = CARTESIAN_POINT('',(-2.795314878393,-2.771299761053));
#7005 = CARTESIAN_POINT('',(-7.093151750593,9.487404486187));
#7006 = CARTESIAN_POINT('',(-11.39098862279,21.746108733428));
#7007 = CARTESIAN_POINT('',(1.374279108897,19.338792522455));
#7008 = ( GEOMETRIC_REPRESENTATION_CONTEXT(2) 
PARAMETRIC_REPRESENTATION_CONTEXT() REPRESENTATION_CONTEXT('2D SPACE',''
  ) );
#7009 = ORIENTED_EDGE('',*,*,#6828,.F.);
#7010 = ORIENTED_EDGE('',*,*,#4911,.T.);
#7011 = ADVANCED_FACE('',(#7012),#4868,.T.);
#7012 = FACE_BOUND('',#7013,.T.);
#7013 = EDGE_LOOP('',(#7014,#7039,#7145,#7146));
#7014 = ORIENTED_EDGE('',*,*,#7015,.T.);
#7015 = EDGE_CURVE('',#4708,#7016,#7018,.T.);
#7016 = VERTEX_POINT('',#7017);
#7017 = CARTESIAN_POINT('',(-6.141957328381E-02,32.140790819121,
    -4.399999996667));
#7018 = SURFACE_CURVE('',#7019,(#7026,#7033),.PCURVE_S1.);
#7019 = B_SPLINE_CURVE_WITH_KNOTS('',3,(#7020,#7021,#7022,#7023,#7024,
    #7025),.UNSPECIFIED.,.F.,.F.,(4,2,4),(0.,0.5,0.625),.UNSPECIFIED.);
#7020 = CARTESIAN_POINT('',(-2.584853567,32.745264816,-9.4));
#7021 = CARTESIAN_POINT('',(-1.958848433,32.437051074,-8.066666667));
#7022 = CARTESIAN_POINT('',(-1.277736308,32.241700515,-6.733333333));
#7023 = CARTESIAN_POINT('',(-0.41012105,32.1529877,-5.066666667));
#7024 = CARTESIAN_POINT('',(-0.235819194,32.143022224,-4.733333333));
#7025 = CARTESIAN_POINT('',(-6.1419564E-02,32.140790819,-4.4));
#7026 = PCURVE('',#4868,#7027);
#7027 = DEFINITIONAL_REPRESENTATION('',(#7028),#7032);
#7028 = LINE('',#7029,#7030);
#7029 = CARTESIAN_POINT('',(1.,-2.054094703496E-16));
#7030 = VECTOR('',#7031,1.);
#7031 = DIRECTION('',(-1.7763568394E-15,1.));
#7032 = ( GEOMETRIC_REPRESENTATION_CONTEXT(2) 
PARAMETRIC_REPRESENTATION_CONTEXT() REPRESENTATION_CONTEXT('2D SPACE',''
  ) );
#7033 = PCURVE('',#4723,#7034);
#7034 = DEFINITIONAL_REPRESENTATION('',(#7035),#7038);
#7035 = B_SPLINE_CURVE_WITH_KNOTS('',1,(#7036,#7037),.UNSPECIFIED.,.F.,
  .F.,(2,2),(0.,0.625),.PIECEWISE_BEZIER_KNOTS.);
#7036 = CARTESIAN_POINT('',(-3.327621034558E-15,6.62193505974E-17));
#7037 = CARTESIAN_POINT('',(1.003141771507E-06,0.625000001009));
#7038 = ( GEOMETRIC_REPRESENTATION_CONTEXT(2) 
PARAMETRIC_REPRESENTATION_CONTEXT() REPRESENTATION_CONTEXT('2D SPACE',''
  ) );
#7039 = ORIENTED_EDGE('',*,*,#7040,.T.);
#7040 = EDGE_CURVE('',#7016,#6960,#7041,.T.);
#7041 = SURFACE_CURVE('',#7042,(#7089,#7095),.PCURVE_S1.);
#7042 = B_SPLINE_CURVE_WITH_KNOTS('',3,(#7043,#7044,#7045,#7046,#7047,
    #7048,#7049,#7050,#7051,#7052,#7053,#7054,#7055,#7056,#7057,#7058,
    #7059,#7060,#7061,#7062,#7063,#7064,#7065,#7066,#7067,#7068,#7069,
    #7070,#7071,#7072,#7073,#7074,#7075,#7076,#7077,#7078,#7079,#7080,
    #7081,#7082,#7083,#7084,#7085,#7086,#7087,#7088),.UNSPECIFIED.,.F.,
  .F.,(4,3,3,3,3,3,3,3,3,3,3,3,3,3,3,4),(7.927026673984E-13,
    8.255008223447E-05,1.692932283484E-04,2.634099592119E-04,
    3.672463452017E-04,4.5362E-04,5.837797056668E-04,7.110094884917E-04,
    8.21647651358E-04,9.07239E-04,9.556255649736E-04,1.096491964283E-03,
    1.242222569904E-03,1.360859E-03,1.587669E-03,1.814479E-03),
  .UNSPECIFIED.);
#7043 = CARTESIAN_POINT('',(-6.141956408136E-02,32.140790818193,-4.4));
#7044 = CARTESIAN_POINT('',(-6.424389017718E-02,32.112787083023,
    -4.400000000036));
#7045 = CARTESIAN_POINT('',(-6.819158962638E-02,32.085098541383,
    -4.400000000059));
#7046 = CARTESIAN_POINT('',(-7.306851072725E-02,32.057711442646,
    -4.400000000078));
#7047 = CARTESIAN_POINT('',(-7.819315109405E-02,32.028933238363,
    -4.400000000097));
#7048 = CARTESIAN_POINT('',(-8.434414178874E-02,32.000487597854,
    -4.400000000111));
#7049 = CARTESIAN_POINT('',(-9.135161086934E-02,31.972342434254,
    -4.40000000013));
#7050 = CARTESIAN_POINT('',(-9.895474853541E-02,31.94180479634,
    -4.40000000015));
#7051 = CARTESIAN_POINT('',(-0.10756632307,31.911620562477,
    -4.400000000176));
#7052 = CARTESIAN_POINT('',(-0.117029390973,31.881734994395,
    -4.40000000022));
#7053 = CARTESIAN_POINT('',(-0.127469732051,31.848763073734,
    -4.400000000269));
#7054 = CARTESIAN_POINT('',(-0.138946752728,31.816154108224,
    -4.40000000034));
#7055 = CARTESIAN_POINT('',(-0.151317005263,31.783825848713,
    -4.400000000449));
#7056 = CARTESIAN_POINT('',(-0.16160688498,31.756934408871,
    -4.40000000054));
#7057 = CARTESIAN_POINT('',(-0.172516429945,31.730236817246,
    -4.400000000659));
#7058 = CARTESIAN_POINT('',(-0.183990164253,31.70368675478,
    -4.400000000814));
#7059 = CARTESIAN_POINT('',(-0.201280365575,31.663677468104,
    -4.400000001047));
#7060 = CARTESIAN_POINT('',(-0.219791192402,31.62413982408,
    -4.400000009247));
#7061 = CARTESIAN_POINT('',(-0.239323982047,31.585029876094,
    -4.40000001965));
#7062 = CARTESIAN_POINT('',(-0.258417084416,31.54680030141,
    -4.40000002982));
#7063 = CARTESIAN_POINT('',(-0.278489241338,31.508977891347,
    -4.400000042095));
#7064 = CARTESIAN_POINT('',(-0.299384900596,31.471558117868,
    -4.400000051093));
#7065 = CARTESIAN_POINT('',(-0.317555625255,31.439018134692,
    -4.400000058918));
#7066 = CARTESIAN_POINT('',(-0.336350536724,31.406782460237,
    -4.400000064265));
#7067 = CARTESIAN_POINT('',(-0.355663878889,31.374885116544,
    -4.400000063596));
#7068 = CARTESIAN_POINT('',(-0.370604971183,31.350208851194,
    -4.400000063077));
#7069 = CARTESIAN_POINT('',(-0.385856462236,31.325735613911,
    -4.400000058958));
#7070 = CARTESIAN_POINT('',(-0.401360211077,31.301500911899,
    -4.4000000496));
#7071 = CARTESIAN_POINT('',(-0.410124801921,31.287800532105,
    -4.400000044309));
#7072 = CARTESIAN_POINT('',(-0.418929404567,31.274240031522,
    -4.400000039583));
#7073 = CARTESIAN_POINT('',(-0.427747764492,31.260844121274,
    -4.400000035372));
#7074 = CARTESIAN_POINT('',(-0.453420399263,31.22184499738,
    -4.400000023114));
#7075 = CARTESIAN_POINT('',(-0.480232541333,31.182939591035,
    -4.400000015229));
#7076 = CARTESIAN_POINT('',(-0.507979633111,31.14439369113,
    -4.400000010519));
#7077 = CARTESIAN_POINT('',(-0.536684849606,31.104516776799,
    -4.400000005647));
#7078 = CARTESIAN_POINT('',(-0.566390555597,31.065024881411,
    -4.400000004174));
#7079 = CARTESIAN_POINT('',(-0.596815709086,31.026195466341,
    -4.400000004776));
#7080 = CARTESIAN_POINT('',(-0.621584230288,30.994585200488,
    -4.400000005266));
#7081 = CARTESIAN_POINT('',(-0.64682837236,30.963413682247,
    -4.400000007131));
#7082 = CARTESIAN_POINT('',(-0.672372911398,30.932821211972,
    -4.400000009657));
#7083 = CARTESIAN_POINT('',(-0.72120914909,30.874334302196,
    -4.400000014485));
#7084 = CARTESIAN_POINT('',(-0.771695043702,30.817286324338,
    -4.400000012071));
#7085 = CARTESIAN_POINT('',(-0.823668392419,30.761555643307,
    -4.40000000845));
#7086 = CARTESIAN_POINT('',(-0.875641741136,30.705824962277,
    -4.400000004828));
#7087 = CARTESIAN_POINT('',(-0.929103232583,30.651411386561,-4.4));
#7088 = CARTESIAN_POINT('',(-0.98394836,30.598203437,-4.4));
#7089 = PCURVE('',#4868,#7090);
#7090 = DEFINITIONAL_REPRESENTATION('',(#7091),#7094);
#7091 = B_SPLINE_CURVE_WITH_KNOTS('',1,(#7092,#7093),.UNSPECIFIED.,.F.,
  .F.,(2,2),(7.927026673984E-13,1.814479E-03),.PIECEWISE_BEZIER_KNOTS.);
#7092 = CARTESIAN_POINT('',(0.999999999534,0.625));
#7093 = CARTESIAN_POINT('',(1.627755464107E-15,0.625));
#7094 = ( GEOMETRIC_REPRESENTATION_CONTEXT(2) 
PARAMETRIC_REPRESENTATION_CONTEXT() REPRESENTATION_CONTEXT('2D SPACE',''
  ) );
#7095 = PCURVE('',#94,#7096);
#7096 = DEFINITIONAL_REPRESENTATION('',(#7097),#7144);
#7097 = B_SPLINE_CURVE_WITH_KNOTS('',3,(#7098,#7099,#7100,#7101,#7102,
    #7103,#7104,#7105,#7106,#7107,#7108,#7109,#7110,#7111,#7112,#7113,
    #7114,#7115,#7116,#7117,#7118,#7119,#7120,#7121,#7122,#7123,#7124,
    #7125,#7126,#7127,#7128,#7129,#7130,#7131,#7132,#7133,#7134,#7135,
    #7136,#7137,#7138,#7139,#7140,#7141,#7142,#7143),.UNSPECIFIED.,.F.,
  .F.,(4,3,3,3,3,3,3,3,3,3,3,3,3,3,3,4),(7.927026673984E-13,
    8.255008223447E-05,1.692932283484E-04,2.634099592119E-04,
    3.672463452017E-04,4.5362E-04,5.837797056668E-04,7.110094884917E-04,
    8.21647651358E-04,9.07239E-04,9.556255649736E-04,1.096491964283E-03,
    1.242222569904E-03,1.360859E-03,1.587669E-03,1.814479E-03),
  .UNSPECIFIED.);
#7098 = CARTESIAN_POINT('',(6.142072608136E-02,17.859209212807));
#7099 = CARTESIAN_POINT('',(6.424505217718E-02,17.887212947977));
#7100 = CARTESIAN_POINT('',(6.819275162638E-02,17.914901489617));
#7101 = CARTESIAN_POINT('',(7.306967272725E-02,17.942288588354));
#7102 = CARTESIAN_POINT('',(7.819431309405E-02,17.971066792637));
#7103 = CARTESIAN_POINT('',(8.434530378874E-02,17.999512433146));
#7104 = CARTESIAN_POINT('',(9.135277286934E-02,18.027657596746));
#7105 = CARTESIAN_POINT('',(9.895591053541E-02,18.05819523466));
#7106 = CARTESIAN_POINT('',(0.10756748507,18.088379468523));
#7107 = CARTESIAN_POINT('',(0.117030552973,18.118265036605));
#7108 = CARTESIAN_POINT('',(0.127470894051,18.151236957266));
#7109 = CARTESIAN_POINT('',(0.138947914728,18.183845922776));
#7110 = CARTESIAN_POINT('',(0.151318167263,18.216174182287));
#7111 = CARTESIAN_POINT('',(0.16160804698,18.243065622129));
#7112 = CARTESIAN_POINT('',(0.172517591945,18.269763213753));
#7113 = CARTESIAN_POINT('',(0.183991326253,18.29631327622));
#7114 = CARTESIAN_POINT('',(0.201281527575,18.336322562896));
#7115 = CARTESIAN_POINT('',(0.219792354402,18.37586020692));
#7116 = CARTESIAN_POINT('',(0.239325144047,18.414970154906));
#7117 = CARTESIAN_POINT('',(0.258418246416,18.453199729589));
#7118 = CARTESIAN_POINT('',(0.278490403338,18.491022139653));
#7119 = CARTESIAN_POINT('',(0.299386062596,18.528441913132));
#7120 = CARTESIAN_POINT('',(0.317556787255,18.560981896308));
#7121 = CARTESIAN_POINT('',(0.336351698724,18.593217570763));
#7122 = CARTESIAN_POINT('',(0.355665040889,18.625114914456));
#7123 = CARTESIAN_POINT('',(0.370606133183,18.649791179806));
#7124 = CARTESIAN_POINT('',(0.385857624236,18.674264417089));
#7125 = CARTESIAN_POINT('',(0.401361373077,18.698499119101));
#7126 = CARTESIAN_POINT('',(0.410125963921,18.712199498895));
#7127 = CARTESIAN_POINT('',(0.418930566567,18.725759999478));
#7128 = CARTESIAN_POINT('',(0.427748926492,18.739155909726));
#7129 = CARTESIAN_POINT('',(0.453421561263,18.77815503362));
#7130 = CARTESIAN_POINT('',(0.480233703333,18.817060439965));
#7131 = CARTESIAN_POINT('',(0.507980795111,18.85560633987));
#7132 = CARTESIAN_POINT('',(0.536686011606,18.895483254201));
#7133 = CARTESIAN_POINT('',(0.566391717597,18.934975149589));
#7134 = CARTESIAN_POINT('',(0.596816871086,18.973804564659));
#7135 = CARTESIAN_POINT('',(0.621585392288,19.005414830512));
#7136 = CARTESIAN_POINT('',(0.64682953436,19.036586348753));
#7137 = CARTESIAN_POINT('',(0.672374073398,19.067178819028));
#7138 = CARTESIAN_POINT('',(0.72121031109,19.125665728804));
#7139 = CARTESIAN_POINT('',(0.771696205702,19.182713706662));
#7140 = CARTESIAN_POINT('',(0.823669554419,19.238444387693));
#7141 = CARTESIAN_POINT('',(0.875642903136,19.294175068723));
#7142 = CARTESIAN_POINT('',(0.929104394583,19.348588644439));
#7143 = CARTESIAN_POINT('',(0.983949522,19.401796594));
#7144 = ( GEOMETRIC_REPRESENTATION_CONTEXT(2) 
PARAMETRIC_REPRESENTATION_CONTEXT() REPRESENTATION_CONTEXT('2D SPACE',''
  ) );
#7145 = ORIENTED_EDGE('',*,*,#6959,.F.);
#7146 = ORIENTED_EDGE('',*,*,#4766,.T.);
#7147 = ADVANCED_FACE('',(#7148),#4635,.T.);
#7148 = FACE_BOUND('',#7149,.T.);
#7149 = EDGE_LOOP('',(#7150,#7175,#7197,#7221));
#7150 = ORIENTED_EDGE('',*,*,#7151,.T.);
#7151 = EDGE_CURVE('',#4475,#7152,#7154,.T.);
#7152 = VERTEX_POINT('',#7153);
#7153 = CARTESIAN_POINT('',(1.048966604482,32.231631212829,
    -4.400000003918));
#7154 = SURFACE_CURVE('',#7155,(#7162,#7169),.PCURVE_S1.);
#7155 = B_SPLINE_CURVE_WITH_KNOTS('',3,(#7156,#7157,#7158,#7159,#7160,
    #7161),.UNSPECIFIED.,.F.,.F.,(4,2,4),(0.,0.5,0.625),.UNSPECIFIED.);
#7156 = CARTESIAN_POINT('',(-1.543146335,32.350203773,-9.4));
#7157 = CARTESIAN_POINT('',(-0.870308043,32.165361218,-8.066666667));
#7158 = CARTESIAN_POINT('',(-0.16459727,32.101737507,-6.733333333));
#7159 = CARTESIAN_POINT('',(0.704204636,32.177959003,-5.066666667));
#7160 = CARTESIAN_POINT('',(0.877265664,32.200988005,-4.733333333));
#7161 = CARTESIAN_POINT('',(1.048966594,32.23163121,-4.4));
#7162 = PCURVE('',#4635,#7163);
#7163 = DEFINITIONAL_REPRESENTATION('',(#7164),#7168);
#7164 = LINE('',#7165,#7166);
#7165 = CARTESIAN_POINT('',(0.999998672262,3.728701101735E-16));
#7166 = VECTOR('',#7167,1.);
#7167 = DIRECTION('',(-2.22044604925E-14,1.));
#7168 = ( GEOMETRIC_REPRESENTATION_CONTEXT(2) 
PARAMETRIC_REPRESENTATION_CONTEXT() REPRESENTATION_CONTEXT('2D SPACE',''
  ) );
#7169 = PCURVE('',#4576,#7170);
#7170 = DEFINITIONAL_REPRESENTATION('',(#7171),#7174);
#7171 = B_SPLINE_CURVE_WITH_KNOTS('',1,(#7172,#7173),.UNSPECIFIED.,.F.,
  .F.,(2,2),(0.,0.625),.PIECEWISE_BEZIER_KNOTS.);
#7172 = CARTESIAN_POINT('',(1.826221699414E-15,-1.059333542828E-16));
#7173 = CARTESIAN_POINT('',(1.363421133704E-07,0.624999998531));
#7174 = ( GEOMETRIC_REPRESENTATION_CONTEXT(2) 
PARAMETRIC_REPRESENTATION_CONTEXT() REPRESENTATION_CONTEXT('2D SPACE',''
  ) );
#7175 = ORIENTED_EDGE('',*,*,#7176,.T.);
#7176 = EDGE_CURVE('',#7152,#7177,#7179,.T.);
#7177 = VERTEX_POINT('',#7178);
#7178 = CARTESIAN_POINT('',(0.936530885,32.862651565,-4.4));
#7179 = SURFACE_CURVE('',#7180,(#7184,#7190),.PCURVE_S1.);
#7180 = LINE('',#7181,#7182);
#7181 = CARTESIAN_POINT('',(1.048966594,32.23163121,-4.4));
#7182 = VECTOR('',#7183,1.);
#7183 = DIRECTION('',(-0.175417934405,0.98449405701,-4.683240840975E-11)
  );
#7184 = PCURVE('',#4635,#7185);
#7185 = DEFINITIONAL_REPRESENTATION('',(#7186),#7189);
#7186 = B_SPLINE_CURVE_WITH_KNOTS('',1,(#7187,#7188),.UNSPECIFIED.,.F.,
  .F.,(2,2),(9.468514977868E-10,0.640959029176),
  .PIECEWISE_BEZIER_KNOTS.);
#7187 = CARTESIAN_POINT('',(0.999998670984,0.625));
#7188 = CARTESIAN_POINT('',(0.135003560511,0.625000000001));
#7189 = ( GEOMETRIC_REPRESENTATION_CONTEXT(2) 
PARAMETRIC_REPRESENTATION_CONTEXT() REPRESENTATION_CONTEXT('2D SPACE',''
  ) );
#7190 = PCURVE('',#94,#7191);
#7191 = DEFINITIONAL_REPRESENTATION('',(#7192),#7196);
#7192 = LINE('',#7193,#7194);
#7193 = CARTESIAN_POINT('',(-1.048965432,17.768368821));
#7194 = VECTOR('',#7195,1.);
#7195 = DIRECTION('',(0.175417934405,-0.98449405701));
#7196 = ( GEOMETRIC_REPRESENTATION_CONTEXT(2) 
PARAMETRIC_REPRESENTATION_CONTEXT() REPRESENTATION_CONTEXT('2D SPACE',''
  ) );
#7197 = ORIENTED_EDGE('',*,*,#7198,.F.);
#7198 = EDGE_CURVE('',#4620,#7177,#7199,.T.);
#7199 = SURFACE_CURVE('',#7200,(#7209,#7215),.PCURVE_S1.);
#7200 = B_SPLINE_CURVE_WITH_KNOTS('',3,(#7201,#7202,#7203,#7204,#7205,
    #7206,#7207,#7208),.UNSPECIFIED.,.F.,.F.,(4,2,2,4),(
    1.099474359462E-11,0.276143069511,0.414086015531,0.552031603203),
  .UNSPECIFIED.);
#7201 = CARTESIAN_POINT('',(-1.373540243435,32.968358739223,
    -9.3999999999));
#7202 = CARTESIAN_POINT('',(-0.9983454538,32.86541477616,-8.565788317711
    ));
#7203 = CARTESIAN_POINT('',(-0.612889065162,32.804501729533,
    -7.73400304294));
#7204 = CARTESIAN_POINT('',(-3.015348244234E-02,32.777849438954,
    -6.483035926921));
#7205 = CARTESIAN_POINT('',(0.164315658422,32.779755860696,
    -6.066612518701));
#7206 = CARTESIAN_POINT('',(0.552150515393,32.805122140037,
    -5.233147029772));
#7207 = CARTESIAN_POINT('',(0.745214237205,32.828562655806,
    -4.816738846341));
#7208 = CARTESIAN_POINT('',(0.936530885101,32.862651564337,-4.4));
#7209 = PCURVE('',#4635,#7210);
#7210 = DEFINITIONAL_REPRESENTATION('',(#7211),#7214);
#7211 = B_SPLINE_CURVE_WITH_KNOTS('',1,(#7212,#7213),.UNSPECIFIED.,.F.,
  .F.,(2,2),(1.099474359462E-11,0.552031603203),
  .PIECEWISE_BEZIER_KNOTS.);
#7212 = CARTESIAN_POINT('',(0.134952654764,1.245608440424E-11));
#7213 = CARTESIAN_POINT('',(0.135003561416,0.625));
#7214 = ( GEOMETRIC_REPRESENTATION_CONTEXT(2) 
PARAMETRIC_REPRESENTATION_CONTEXT() REPRESENTATION_CONTEXT('2D SPACE',''
  ) );
#7215 = PCURVE('',#4695,#7216);
#7216 = DEFINITIONAL_REPRESENTATION('',(#7217),#7220);
#7217 = B_SPLINE_CURVE_WITH_KNOTS('',1,(#7218,#7219),.UNSPECIFIED.,.F.,
  .F.,(2,2),(1.099474359462E-11,0.552031603203),
  .PIECEWISE_BEZIER_KNOTS.);
#7218 = CARTESIAN_POINT('',(1.786328108958,9.964118419248E-11));
#7219 = CARTESIAN_POINT('',(2.23044294955,5.));
#7220 = ( GEOMETRIC_REPRESENTATION_CONTEXT(2) 
PARAMETRIC_REPRESENTATION_CONTEXT() REPRESENTATION_CONTEXT('2D SPACE',''
  ) );
#7221 = ORIENTED_EDGE('',*,*,#4619,.T.);
#7222 = ADVANCED_FACE('',(#7223),#4576,.T.);
#7223 = FACE_BOUND('',#7224,.T.);
#7224 = EDGE_LOOP('',(#7225,#7251,#7351,#7352));
#7225 = ORIENTED_EDGE('',*,*,#7226,.T.);
#7226 = EDGE_CURVE('',#4415,#7227,#7229,.T.);
#7227 = VERTEX_POINT('',#7228);
#7228 = CARTESIAN_POINT('',(2.209950505812,30.859497247346,-4.4));
#7229 = SURFACE_CURVE('',#7230,(#7237,#7244),.PCURVE_S1.);
#7230 = B_SPLINE_CURVE_WITH_KNOTS('',3,(#7231,#7232,#7233,#7234,#7235,
    #7236),.UNSPECIFIED.,.F.,.F.,(4,2,4),(0.,0.5,0.625),.UNSPECIFIED.);
#7231 = CARTESIAN_POINT('',(-1.084334152,30.612339213,-9.4));
#7232 = CARTESIAN_POINT('',(-0.205634967,30.481774996,-8.066666667));
#7233 = CARTESIAN_POINT('',(0.696044694,30.509452287,-6.733333333));
#7234 = CARTESIAN_POINT('',(1.782432903,30.738856737,-5.066666667));
#7235 = CARTESIAN_POINT('',(1.997634315,30.794469433,-4.733333333));
#7236 = CARTESIAN_POINT('',(2.209950505,30.85949725,-4.4));
#7237 = PCURVE('',#4576,#7238);
#7238 = DEFINITIONAL_REPRESENTATION('',(#7239),#7243);
#7239 = LINE('',#7240,#7241);
#7240 = CARTESIAN_POINT('',(1.,-1.117885424139E-16));
#7241 = VECTOR('',#7242,1.);
#7242 = DIRECTION('',(-3.01980662698E-15,1.));
#7243 = ( GEOMETRIC_REPRESENTATION_CONTEXT(2) 
PARAMETRIC_REPRESENTATION_CONTEXT() REPRESENTATION_CONTEXT('2D SPACE',''
  ) );
#7244 = PCURVE('',#4431,#7245);
#7245 = DEFINITIONAL_REPRESENTATION('',(#7246),#7250);
#7246 = LINE('',#7247,#7248);
#7247 = CARTESIAN_POINT('',(1.435633557905E-15,-2.863114594505E-17));
#7248 = VECTOR('',#7249,1.);
#7249 = DIRECTION('',(4.877684489615E-11,1.));
#7250 = ( GEOMETRIC_REPRESENTATION_CONTEXT(2) 
PARAMETRIC_REPRESENTATION_CONTEXT() REPRESENTATION_CONTEXT('2D SPACE',''
  ) );
#7251 = ORIENTED_EDGE('',*,*,#7252,.T.);
#7252 = EDGE_CURVE('',#7227,#7152,#7253,.T.);
#7253 = SURFACE_CURVE('',#7254,(#7298,#7304),.PCURVE_S1.);
#7254 = B_SPLINE_CURVE_WITH_KNOTS('',3,(#7255,#7256,#7257,#7258,#7259,
    #7260,#7261,#7262,#7263,#7264,#7265,#7266,#7267,#7268,#7269,#7270,
    #7271,#7272,#7273,#7274,#7275,#7276,#7277,#7278,#7279,#7280,#7281,
    #7282,#7283,#7284,#7285,#7286,#7287,#7288,#7289,#7290,#7291,#7292,
    #7293,#7294,#7295,#7296,#7297),.UNSPECIFIED.,.F.,.F.,(4,3,3,3,3,3,3,
    3,3,3,3,3,3,3,4),(0.,2.423227496187E-04,4.768487842799E-04,
    6.999464483876E-04,8.6591344142E-04,9.15491E-04,1.02383315431E-03,
    1.147473843094E-03,1.281155003713E-03,1.373236E-03,
    1.481217558678E-03,1.577115929376E-03,1.667963014909E-03,
    1.752103103269E-03,1.830981993096E-03),.UNSPECIFIED.);
#7255 = CARTESIAN_POINT('',(2.209950505,30.85949725,-4.4));
#7256 = CARTESIAN_POINT('',(2.143462246391,30.90566803413,-4.4));
#7257 = CARTESIAN_POINT('',(2.077769216876,30.953799659019,
    -4.400000012219));
#7258 = CARTESIAN_POINT('',(2.013452550602,31.003765567044,
    -4.400000028032));
#7259 = CARTESIAN_POINT('',(1.951205267886,31.052123826002,
    -4.400000043336));
#7260 = CARTESIAN_POINT('',(1.890248014177,31.102199953603,
    -4.400000062007));
#7261 = CARTESIAN_POINT('',(1.831079039162,31.153841575924,
    -4.400000076225));
#7262 = CARTESIAN_POINT('',(1.774793347329,31.202966720291,
    -4.400000089751));
#7263 = CARTESIAN_POINT('',(1.720126387796,31.253508145266,
    -4.400000099249));
#7264 = CARTESIAN_POINT('',(1.667471734376,31.305304779946,
    -4.400000097987));
#7265 = CARTESIAN_POINT('',(1.628300842417,31.343837373918,
    -4.400000097049));
#7266 = CARTESIAN_POINT('',(1.590242941928,31.383064008088,
    -4.400000090156));
#7267 = CARTESIAN_POINT('',(1.553443998746,31.422908476591,
    -4.400000074539));
#7268 = CARTESIAN_POINT('',(1.542451440961,31.434810791836,
    -4.400000069873));
#7269 = CARTESIAN_POINT('',(1.531425108626,31.446903905563,
    -4.400000064429));
#7270 = CARTESIAN_POINT('',(1.520388988839,31.459176694049,
    -4.400000058133));
#7271 = CARTESIAN_POINT('',(1.496271686025,31.48599649684,
    -4.400000044374));
#7272 = CARTESIAN_POINT('',(1.472478633345,31.513261482779,
    -4.400000033871));
#7273 = CARTESIAN_POINT('',(1.449136669351,31.540919063771,
    -4.400000025878));
#7274 = CARTESIAN_POINT('',(1.422498685973,31.572482054056,
    -4.400000016756));
#7275 = CARTESIAN_POINT('',(1.396446998452,31.604556142653,
    -4.400000010902));
#7276 = CARTESIAN_POINT('',(1.371133354037,31.637120118752,
    -4.400000007206));
#7277 = CARTESIAN_POINT('',(1.343764068099,31.672328513028,
    -4.40000000321));
#7278 = CARTESIAN_POINT('',(1.317254887099,31.708110187841,
    -4.400000001737));
#7279 = CARTESIAN_POINT('',(1.291789218347,31.744496934474,
    -4.400000001382));
#7280 = CARTESIAN_POINT('',(1.274248196568,31.76956051012,
    -4.400000001137));
#7281 = CARTESIAN_POINT('',(1.257202082872,31.794912426605,
    -4.400000001423));
#7282 = CARTESIAN_POINT('',(1.240719541962,31.82057470393,
    -4.400000001782));
#7283 = CARTESIAN_POINT('',(1.221390793032,31.85066834775,
    -4.400000002202));
#7284 = CARTESIAN_POINT('',(1.20287336506,31.881127863332,-4.40000000233
    ));
#7285 = CARTESIAN_POINT('',(1.185260111179,31.912061810842,
    -4.400000002284));
#7286 = CARTESIAN_POINT('',(1.169617788817,31.939534234854,
    -4.400000002243));
#7287 = CARTESIAN_POINT('',(1.154688326577,31.967381438465,
    -4.400000002064));
#7288 = CARTESIAN_POINT('',(1.140577077268,31.995686320612,
    -4.400000001831));
#7289 = CARTESIAN_POINT('',(1.12720911425,32.022500290763,-4.40000000161
    ));
#7290 = CARTESIAN_POINT('',(1.114574961543,32.049725319496,
    -4.40000000134));
#7291 = CARTESIAN_POINT('',(1.102808243945,32.077432468074,
    -4.400000001092));
#7292 = CARTESIAN_POINT('',(1.091910231613,32.103094072031,
    -4.400000000861));
#7293 = CARTESIAN_POINT('',(1.081756141738,32.129169445599,
    -4.400000000649));
#7294 = CARTESIAN_POINT('',(1.072494971867,32.15571195089,
    -4.400000000512));
#7295 = CARTESIAN_POINT('',(1.063812894012,32.180594778937,
    -4.400000000382));
#7296 = CARTESIAN_POINT('',(1.055915409836,32.205888292424,
    -4.400000000319));
#7297 = CARTESIAN_POINT('',(1.048966621502,32.231631217424,
    -4.400000000366));
#7298 = PCURVE('',#4576,#7299);
#7299 = DEFINITIONAL_REPRESENTATION('',(#7300),#7303);
#7300 = B_SPLINE_CURVE_WITH_KNOTS('',1,(#7301,#7302),.UNSPECIFIED.,.F.,
  .F.,(2,2),(0.,1.830981993096E-03),.PIECEWISE_BEZIER_KNOTS.);
#7301 = CARTESIAN_POINT('',(1.,0.625));
#7302 = CARTESIAN_POINT('',(1.360444425151E-07,0.624999999954));
#7303 = ( GEOMETRIC_REPRESENTATION_CONTEXT(2) 
PARAMETRIC_REPRESENTATION_CONTEXT() REPRESENTATION_CONTEXT('2D SPACE',''
  ) );
#7304 = PCURVE('',#94,#7305);
#7305 = DEFINITIONAL_REPRESENTATION('',(#7306),#7350);
#7306 = B_SPLINE_CURVE_WITH_KNOTS('',3,(#7307,#7308,#7309,#7310,#7311,
    #7312,#7313,#7314,#7315,#7316,#7317,#7318,#7319,#7320,#7321,#7322,
    #7323,#7324,#7325,#7326,#7327,#7328,#7329,#7330,#7331,#7332,#7333,
    #7334,#7335,#7336,#7337,#7338,#7339,#7340,#7341,#7342,#7343,#7344,
    #7345,#7346,#7347,#7348,#7349),.UNSPECIFIED.,.F.,.F.,(4,3,3,3,3,3,3,
    3,3,3,3,3,3,3,4),(0.,2.423227496187E-04,4.768487842799E-04,
    6.999464483876E-04,8.6591344142E-04,9.15491E-04,1.02383315431E-03,
    1.147473843094E-03,1.281155003713E-03,1.373236E-03,
    1.481217558678E-03,1.577115929376E-03,1.667963014909E-03,
    1.752103103269E-03,1.830981993096E-03),.UNSPECIFIED.);
#7307 = CARTESIAN_POINT('',(-2.209949343,19.140502781));
#7308 = CARTESIAN_POINT('',(-2.143461084391,19.094331996869));
#7309 = CARTESIAN_POINT('',(-2.077768054876,19.046200371981));
#7310 = CARTESIAN_POINT('',(-2.013451388602,18.996234463955));
#7311 = CARTESIAN_POINT('',(-1.951204105886,18.947876204998));
#7312 = CARTESIAN_POINT('',(-1.890246852177,18.897800077397));
#7313 = CARTESIAN_POINT('',(-1.831077877162,18.846158455076));
#7314 = CARTESIAN_POINT('',(-1.774792185329,18.797033310709));
#7315 = CARTESIAN_POINT('',(-1.720125225796,18.746491885734));
#7316 = CARTESIAN_POINT('',(-1.667470572376,18.694695251054));
#7317 = CARTESIAN_POINT('',(-1.628299680417,18.656162657082));
#7318 = CARTESIAN_POINT('',(-1.590241779928,18.616936022912));
#7319 = CARTESIAN_POINT('',(-1.553442836746,18.577091554409));
#7320 = CARTESIAN_POINT('',(-1.542450278961,18.565189239164));
#7321 = CARTESIAN_POINT('',(-1.531423946626,18.553096125437));
#7322 = CARTESIAN_POINT('',(-1.520387826839,18.540823336951));
#7323 = CARTESIAN_POINT('',(-1.496270524025,18.51400353416));
#7324 = CARTESIAN_POINT('',(-1.472477471345,18.486738548221));
#7325 = CARTESIAN_POINT('',(-1.449135507351,18.459080967229));
#7326 = CARTESIAN_POINT('',(-1.422497523973,18.427517976944));
#7327 = CARTESIAN_POINT('',(-1.396445836452,18.395443888347));
#7328 = CARTESIAN_POINT('',(-1.371132192037,18.362879912248));
#7329 = CARTESIAN_POINT('',(-1.343762906099,18.327671517972));
#7330 = CARTESIAN_POINT('',(-1.317253725099,18.291889843159));
#7331 = CARTESIAN_POINT('',(-1.291788056347,18.255503096526));
#7332 = CARTESIAN_POINT('',(-1.274247034568,18.23043952088));
#7333 = CARTESIAN_POINT('',(-1.257200920872,18.205087604395));
#7334 = CARTESIAN_POINT('',(-1.240718379962,18.17942532707));
#7335 = CARTESIAN_POINT('',(-1.221389631032,18.14933168325));
#7336 = CARTESIAN_POINT('',(-1.20287220306,18.118872167668));
#7337 = CARTESIAN_POINT('',(-1.185258949179,18.087938220158));
#7338 = CARTESIAN_POINT('',(-1.169616626817,18.060465796146));
#7339 = CARTESIAN_POINT('',(-1.154687164577,18.032618592535));
#7340 = CARTESIAN_POINT('',(-1.140575915268,18.004313710388));
#7341 = CARTESIAN_POINT('',(-1.12720795225,17.977499740237));
#7342 = CARTESIAN_POINT('',(-1.114573799543,17.950274711504));
#7343 = CARTESIAN_POINT('',(-1.102807081945,17.922567562926));
#7344 = CARTESIAN_POINT('',(-1.091909069613,17.896905958969));
#7345 = CARTESIAN_POINT('',(-1.081754979738,17.870830585401));
#7346 = CARTESIAN_POINT('',(-1.072493809867,17.84428808011));
#7347 = CARTESIAN_POINT('',(-1.063811732012,17.819405252063));
#7348 = CARTESIAN_POINT('',(-1.055914247836,17.794111738576));
#7349 = CARTESIAN_POINT('',(-1.048965459502,17.768368813576));
#7350 = ( GEOMETRIC_REPRESENTATION_CONTEXT(2) 
PARAMETRIC_REPRESENTATION_CONTEXT() REPRESENTATION_CONTEXT('2D SPACE',''
  ) );
#7351 = ORIENTED_EDGE('',*,*,#7151,.F.);
#7352 = ORIENTED_EDGE('',*,*,#4474,.T.);
#7353 = ADVANCED_FACE('',(#7354),#4431,.T.);
#7354 = FACE_BOUND('',#7355,.T.);
#7355 = EDGE_LOOP('',(#7356,#7382,#7407,#7408));
#7356 = ORIENTED_EDGE('',*,*,#7357,.T.);
#7357 = EDGE_CURVE('',#4270,#7358,#7360,.T.);
#7358 = VERTEX_POINT('',#7359);
#7359 = CARTESIAN_POINT('',(2.584849801754,30.985105122486,-4.4));
#7360 = SURFACE_CURVE('',#7361,(#7369,#7376),.PCURVE_S1.);
#7361 = B_SPLINE_CURVE_WITH_KNOTS('',3,(#7362,#7363,#7364,#7365,#7366,
    #7367,#7368),.UNSPECIFIED.,.F.,.F.,(4,3,4),(0.,0.4999999997,0.625),
  .UNSPECIFIED.);
#7362 = CARTESIAN_POINT('',(-0.691832128,30.564682978,-9.4));
#7363 = CARTESIAN_POINT('',(0.192526710954,30.480607309004,-8.066666667)
  );
#7364 = CARTESIAN_POINT('',(1.091494823907,30.555764312992,-6.733333333)
  );
#7365 = CARTESIAN_POINT('',(1.949726060893,30.784834651798,
    -5.400000000733));
#7366 = CARTESIAN_POINT('',(2.164283870784,30.842102236671,
    -5.066666666667));
#7367 = CARTESIAN_POINT('',(2.376255472727,30.908978687281,
    -4.733333333333));
#7368 = CARTESIAN_POINT('',(2.584849687709,30.985105126799,-4.4));
#7369 = PCURVE('',#4431,#7370);
#7370 = DEFINITIONAL_REPRESENTATION('',(#7371),#7375);
#7371 = LINE('',#7372,#7373);
#7372 = CARTESIAN_POINT('',(1.,-2.120699208902E-16));
#7373 = VECTOR('',#7374,1.);
#7374 = DIRECTION('',(-6.987628249604E-10,1.));
#7375 = ( GEOMETRIC_REPRESENTATION_CONTEXT(2) 
PARAMETRIC_REPRESENTATION_CONTEXT() REPRESENTATION_CONTEXT('2D SPACE',''
  ) );
#7376 = PCURVE('',#4371,#7377);
#7377 = DEFINITIONAL_REPRESENTATION('',(#7378),#7381);
#7378 = B_SPLINE_CURVE_WITH_KNOTS('',1,(#7379,#7380),.UNSPECIFIED.,.F.,
  .F.,(2,2),(0.,0.625),.PIECEWISE_BEZIER_KNOTS.);
#7379 = CARTESIAN_POINT('',(3.69587702752E-15,-3.424075645147E-16));
#7380 = CARTESIAN_POINT('',(1.995063997191E-07,0.624999987303));
#7381 = ( GEOMETRIC_REPRESENTATION_CONTEXT(2) 
PARAMETRIC_REPRESENTATION_CONTEXT() REPRESENTATION_CONTEXT('2D SPACE',''
  ) );
#7382 = ORIENTED_EDGE('',*,*,#7383,.T.);
#7383 = EDGE_CURVE('',#7358,#7227,#7384,.T.);
#7384 = SURFACE_CURVE('',#7385,(#7390,#7396),.PCURVE_S1.);
#7385 = CIRCLE('',#7386,7.499939278314);
#7386 = AXIS2_PLACEMENT_3D('',#7387,#7388,#7389);
#7387 = CARTESIAN_POINT('',(1.559024862788E-02,38.031238471627,
    -4.400000000671));
#7388 = DIRECTION('',(2.790918872461E-11,-8.500585154494E-11,-1.));
#7389 = DIRECTION('',(0.292583736584,-0.956239905613,8.945176217995E-11)
  );
#7390 = PCURVE('',#4431,#7391);
#7391 = DEFINITIONAL_REPRESENTATION('',(#7392),#7395);
#7392 = B_SPLINE_CURVE_WITH_KNOTS('',1,(#7393,#7394),.UNSPECIFIED.,.F.,
  .F.,(2,2),(6.230461191666,6.28318530718),.PIECEWISE_BEZIER_KNOTS.);
#7393 = CARTESIAN_POINT('',(1.000000266784,0.625000000375));
#7394 = CARTESIAN_POINT('',(3.214763074693E-11,0.625000000375));
#7395 = ( GEOMETRIC_REPRESENTATION_CONTEXT(2) 
PARAMETRIC_REPRESENTATION_CONTEXT() REPRESENTATION_CONTEXT('2D SPACE',''
  ) );
#7396 = PCURVE('',#94,#7397);
#7397 = DEFINITIONAL_REPRESENTATION('',(#7398),#7406);
#7398 = ( BOUNDED_CURVE() B_SPLINE_CURVE(2,(#7399,#7400,#7401,#7402,
#7403,#7404,#7405),.UNSPECIFIED.,.T.,.F.) B_SPLINE_CURVE_WITH_KNOTS((1,2
    ,2,2,2,1),(-2.094395102393,0.,2.094395102393,4.188790204786,
6.28318530718,8.377580409573),.UNSPECIFIED.) CURVE() 
GEOMETRIC_REPRESENTATION_ITEM() RATIONAL_B_SPLINE_CURVE((1.,0.5,1.,0.5,
1.,0.5,1.)) REPRESENTATION_ITEM('') );
#7399 = CARTESIAN_POINT('',(-2.209949344827,19.140502786972));
#7400 = CARTESIAN_POINT('',(10.211870840109,22.941246244283));
#7401 = CARTESIAN_POINT('',(7.29250113494,10.28326267423));
#7402 = CARTESIAN_POINT('',(4.373131429771,-2.374720895824));
#7403 = CARTESIAN_POINT('',(-5.129319049997,6.482519216918));
#7404 = CARTESIAN_POINT('',(-14.63176952976,15.33975932966));
#7405 = CARTESIAN_POINT('',(-2.209949344827,19.140502786972));
#7406 = ( GEOMETRIC_REPRESENTATION_CONTEXT(2) 
PARAMETRIC_REPRESENTATION_CONTEXT() REPRESENTATION_CONTEXT('2D SPACE',''
  ) );
#7407 = ORIENTED_EDGE('',*,*,#7226,.F.);
#7408 = ORIENTED_EDGE('',*,*,#4414,.T.);
#7409 = ADVANCED_FACE('',(#7410),#4371,.T.);
#7410 = FACE_BOUND('',#7411,.T.);
#7411 = EDGE_LOOP('',(#7412,#7437,#7543,#7544));
#7412 = ORIENTED_EDGE('',*,*,#7413,.T.);
#7413 = EDGE_CURVE('',#4211,#7414,#7416,.T.);
#7414 = VERTEX_POINT('',#7415);
#7415 = CARTESIAN_POINT('',(2.684832407702,32.779718834208,
    -4.399999993147));
#7416 = SURFACE_CURVE('',#7417,(#7424,#7431),.PCURVE_S1.);
#7417 = B_SPLINE_CURVE_WITH_KNOTS('',3,(#7418,#7419,#7420,#7421,#7422,
    #7423),.UNSPECIFIED.,.F.,.F.,(4,2,4),(0.,0.5,0.625),.UNSPECIFIED.);
#7418 = CARTESIAN_POINT('',(0.169529075,32.142256661,-9.4));
#7419 = CARTESIAN_POINT('',(0.86706316,32.160266038,-8.066666667));
#7420 = CARTESIAN_POINT('',(1.560942252,32.303819119,-6.733333333));
#7421 = CARTESIAN_POINT('',(2.370404469,32.6284688,-5.066666667));
#7422 = CARTESIAN_POINT('',(2.529372273,32.700646998,-4.733333333));
#7423 = CARTESIAN_POINT('',(2.684832425,32.779718843,-4.4));
#7424 = PCURVE('',#4371,#7425);
#7425 = DEFINITIONAL_REPRESENTATION('',(#7426),#7430);
#7426 = LINE('',#7427,#7428);
#7427 = CARTESIAN_POINT('',(1.,-8.119919319158E-18));
#7428 = VECTOR('',#7429,1.);
#7429 = DIRECTION('',(3.730349362741E-15,1.));
#7430 = ( GEOMETRIC_REPRESENTATION_CONTEXT(2) 
PARAMETRIC_REPRESENTATION_CONTEXT() REPRESENTATION_CONTEXT('2D SPACE',''
  ) );
#7431 = PCURVE('',#4226,#7432);
#7432 = DEFINITIONAL_REPRESENTATION('',(#7433),#7436);
#7433 = B_SPLINE_CURVE_WITH_KNOTS('',1,(#7434,#7435),.UNSPECIFIED.,.F.,
  .F.,(2,2),(0.,0.625),.PIECEWISE_BEZIER_KNOTS.);
#7434 = CARTESIAN_POINT('',(1.578874123432E-14,1.192198639481E-16));
#7435 = CARTESIAN_POINT('',(2.135013225704E-06,0.625000002945));
#7436 = ( GEOMETRIC_REPRESENTATION_CONTEXT(2) 
PARAMETRIC_REPRESENTATION_CONTEXT() REPRESENTATION_CONTEXT('2D SPACE',''
  ) );
#7437 = ORIENTED_EDGE('',*,*,#7438,.T.);
#7438 = EDGE_CURVE('',#7414,#7358,#7439,.T.);
#7439 = SURFACE_CURVE('',#7440,(#7487,#7493),.PCURVE_S1.);
#7440 = B_SPLINE_CURVE_WITH_KNOTS('',3,(#7441,#7442,#7443,#7444,#7445,
    #7446,#7447,#7448,#7449,#7450,#7451,#7452,#7453,#7454,#7455,#7456,
    #7457,#7458,#7459,#7460,#7461,#7462,#7463,#7464,#7465,#7466,#7467,
    #7468,#7469,#7470,#7471,#7472,#7473,#7474,#7475,#7476,#7477,#7478,
    #7479,#7480,#7481,#7482,#7483,#7484,#7485,#7486),.UNSPECIFIED.,.F.,
  .F.,(4,3,3,3,3,3,3,3,3,3,3,3,3,3,3,4),(1.656646827335E-12,
    8.254912273938E-05,1.692912678564E-04,2.634071694539E-04,
    3.672434033204E-04,4.53639E-04,5.837927590804E-04,7.110152476351E-04
    ,8.216454858268E-04,9.07278E-04,9.556265651959E-04,
    1.096460110958E-03,1.242159259387E-03,1.360918E-03,
    1.587737493997E-03,1.814556987994E-03),.UNSPECIFIED.);
#7441 = CARTESIAN_POINT('',(2.684832425633,32.779718841428,-4.4));
#7442 = CARTESIAN_POINT('',(2.695345532849,32.753610536412,
    -4.400000000026));
#7443 = CARTESIAN_POINT('',(2.70471745851,32.727259255792,
    -4.400000000043));
#7444 = CARTESIAN_POINT('',(2.713126508929,32.700743055035,
    -4.400000000058));
#7445 = CARTESIAN_POINT('',(2.721962691098,32.672879982676,
    -4.400000000073));
#7446 = CARTESIAN_POINT('',(2.729735531762,32.644834407978,
    -4.400000000086));
#7447 = CARTESIAN_POINT('',(2.736610360053,32.616656867522,
    -4.400000000105));
#7448 = CARTESIAN_POINT('',(2.744069602179,32.586084017136,
    -4.400000000126));
#7449 = CARTESIAN_POINT('',(2.750471677173,32.555355446288,
    -4.400000000155));
#7450 = CARTESIAN_POINT('',(2.755980995225,32.524495627566,
    -4.400000000202));
#7451 = CARTESIAN_POINT('',(2.762059318102,32.49044859301,
    -4.400000000253));
#7452 = CARTESIAN_POINT('',(2.767051017065,32.456241174524,
    -4.400000000328));
#7453 = CARTESIAN_POINT('',(2.771121342101,32.421867213729,
    -4.400000000439));
#7454 = CARTESIAN_POINT('',(2.774508003453,32.393266803809,
    -4.400000000532));
#7455 = CARTESIAN_POINT('',(2.777255562998,32.364550013102,
    -4.400000000651));
#7456 = CARTESIAN_POINT('',(2.779434724635,32.335701599309,
    -4.400000000804));
#7457 = CARTESIAN_POINT('',(2.782717601189,32.292241867067,
    -4.400000001035));
#7458 = CARTESIAN_POINT('',(2.78470063372,32.248632602258,
    -4.400000009241));
#7459 = CARTESIAN_POINT('',(2.785580141642,32.204927159126,
    -4.400000019655));
#7460 = CARTESIAN_POINT('',(2.78643984164,32.162206032376,
    -4.400000029834));
#7461 = CARTESIAN_POINT('',(2.786243570109,32.119390488314,
    -4.400000042123));
#7462 = CARTESIAN_POINT('',(2.785131150894,32.076548751978,
    -4.400000051133));
#7463 = CARTESIAN_POINT('',(2.784163812462,32.039294398999,
    -4.400000058969));
#7464 = CARTESIAN_POINT('',(2.782502491954,32.002019418133,
    -4.400000064325));
#7465 = CARTESIAN_POINT('',(2.7802250087,31.964803041305,-4.40000006366)
  );
#7466 = CARTESIAN_POINT('',(2.778462139704,31.935995981243,
    -4.400000063146));
#7467 = CARTESIAN_POINT('',(2.776329735058,31.907224453492,
    -4.400000059024));
#7468 = CARTESIAN_POINT('',(2.773862828115,31.878547000284,
    -4.400000049651));
#7469 = CARTESIAN_POINT('',(2.772469999558,31.862355560275,
    -4.400000044359));
#7470 = CARTESIAN_POINT('',(2.770976911071,31.846269266307,
    -4.400000039631));
#7471 = CARTESIAN_POINT('',(2.769395301725,31.830322132309,
    -4.40000003542));
#7472 = CARTESIAN_POINT('',(2.76478826424,31.78387005216,-4.400000023152
    ));
#7473 = CARTESIAN_POINT('',(2.759129186916,31.736971805631,
    -4.400000015264));
#7474 = CARTESIAN_POINT('',(2.752475708634,31.689957875328,
    -4.400000010572));
#7475 = CARTESIAN_POINT('',(2.745592361954,31.641319679276,
    -4.400000005719));
#7476 = CARTESIAN_POINT('',(2.737644725414,31.592557961291,
    -4.400000004288));
#7477 = CARTESIAN_POINT('',(2.728752748687,31.544049109231,
    -4.40000000497));
#7478 = CARTESIAN_POINT('',(2.721504937228,31.504509755423,
    -4.400000005526));
#7479 = CARTESIAN_POINT('',(2.713630902012,31.465138686007,
    -4.400000007485));
#7480 = CARTESIAN_POINT('',(2.705220970039,31.426142386867,
    -4.40000001014));
#7481 = CARTESIAN_POINT('',(2.68915868692,31.351662640845,-4.40000001521
    ));
#7482 = CARTESIAN_POINT('',(2.670967767882,31.277692986409,
    -4.400000012675));
#7483 = CARTESIAN_POINT('',(2.650848684401,31.204200850231,
    -4.400000008873));
#7484 = CARTESIAN_POINT('',(2.630729600919,31.130708714054,
    -4.40000000507));
#7485 = CARTESIAN_POINT('',(2.608681831023,31.057693605713,-4.4));
#7486 = CARTESIAN_POINT('',(2.584849932444,30.985105079578,-4.4));
#7487 = PCURVE('',#4371,#7488);
#7488 = DEFINITIONAL_REPRESENTATION('',(#7489),#7492);
#7489 = B_SPLINE_CURVE_WITH_KNOTS('',1,(#7490,#7491),.UNSPECIFIED.,.F.,
  .F.,(2,2),(1.656646827335E-12,1.814556987994E-03),
  .PIECEWISE_BEZIER_KNOTS.);
#7490 = CARTESIAN_POINT('',(0.999999999027,0.625));
#7491 = CARTESIAN_POINT('',(1.940114208491E-07,0.625));
#7492 = ( GEOMETRIC_REPRESENTATION_CONTEXT(2) 
PARAMETRIC_REPRESENTATION_CONTEXT() REPRESENTATION_CONTEXT('2D SPACE',''
  ) );
#7493 = PCURVE('',#94,#7494);
#7494 = DEFINITIONAL_REPRESENTATION('',(#7495),#7542);
#7495 = B_SPLINE_CURVE_WITH_KNOTS('',3,(#7496,#7497,#7498,#7499,#7500,
    #7501,#7502,#7503,#7504,#7505,#7506,#7507,#7508,#7509,#7510,#7511,
    #7512,#7513,#7514,#7515,#7516,#7517,#7518,#7519,#7520,#7521,#7522,
    #7523,#7524,#7525,#7526,#7527,#7528,#7529,#7530,#7531,#7532,#7533,
    #7534,#7535,#7536,#7537,#7538,#7539,#7540,#7541),.UNSPECIFIED.,.F.,
  .F.,(4,3,3,3,3,3,3,3,3,3,3,3,3,3,3,4),(1.656646827335E-12,
    8.254912273938E-05,1.692912678564E-04,2.634071694539E-04,
    3.672434033204E-04,4.53639E-04,5.837927590804E-04,7.110152476351E-04
    ,8.216454858268E-04,9.07278E-04,9.556265651959E-04,
    1.096460110958E-03,1.242159259387E-03,1.360918E-03,
    1.587737493997E-03,1.814556987994E-03),.UNSPECIFIED.);
#7496 = CARTESIAN_POINT('',(-2.684831263633,17.220281189572));
#7497 = CARTESIAN_POINT('',(-2.695344370849,17.246389494588));
#7498 = CARTESIAN_POINT('',(-2.70471629651,17.272740775208));
#7499 = CARTESIAN_POINT('',(-2.713125346929,17.299256975965));
#7500 = CARTESIAN_POINT('',(-2.721961529098,17.327120048324));
#7501 = CARTESIAN_POINT('',(-2.729734369762,17.355165623022));
#7502 = CARTESIAN_POINT('',(-2.736609198053,17.383343163478));
#7503 = CARTESIAN_POINT('',(-2.744068440179,17.413916013863));
#7504 = CARTESIAN_POINT('',(-2.750470515173,17.444644584712));
#7505 = CARTESIAN_POINT('',(-2.755979833225,17.475504403434));
#7506 = CARTESIAN_POINT('',(-2.762058156102,17.50955143799));
#7507 = CARTESIAN_POINT('',(-2.767049855065,17.543758856476));
#7508 = CARTESIAN_POINT('',(-2.771120180101,17.578132817271));
#7509 = CARTESIAN_POINT('',(-2.774506841453,17.606733227191));
#7510 = CARTESIAN_POINT('',(-2.777254400998,17.635450017898));
#7511 = CARTESIAN_POINT('',(-2.779433562635,17.664298431691));
#7512 = CARTESIAN_POINT('',(-2.782716439189,17.707758163933));
#7513 = CARTESIAN_POINT('',(-2.78469947172,17.751367428742));
#7514 = CARTESIAN_POINT('',(-2.785578979642,17.795072871874));
#7515 = CARTESIAN_POINT('',(-2.78643867964,17.837793998624));
#7516 = CARTESIAN_POINT('',(-2.786242408109,17.880609542686));
#7517 = CARTESIAN_POINT('',(-2.785129988894,17.923451279022));
#7518 = CARTESIAN_POINT('',(-2.784162650462,17.960705632001));
#7519 = CARTESIAN_POINT('',(-2.782501329954,17.997980612867));
#7520 = CARTESIAN_POINT('',(-2.7802238467,18.035196989695));
#7521 = CARTESIAN_POINT('',(-2.778460977704,18.064004049757));
#7522 = CARTESIAN_POINT('',(-2.776328573058,18.092775577508));
#7523 = CARTESIAN_POINT('',(-2.773861666115,18.121453030716));
#7524 = CARTESIAN_POINT('',(-2.772468837558,18.137644470725));
#7525 = CARTESIAN_POINT('',(-2.770975749071,18.153730764693));
#7526 = CARTESIAN_POINT('',(-2.769394139725,18.169677898691));
#7527 = CARTESIAN_POINT('',(-2.76478710224,18.21612997884));
#7528 = CARTESIAN_POINT('',(-2.759128024916,18.263028225369));
#7529 = CARTESIAN_POINT('',(-2.752474546634,18.310042155672));
#7530 = CARTESIAN_POINT('',(-2.745591199954,18.358680351724));
#7531 = CARTESIAN_POINT('',(-2.737643563414,18.407442069709));
#7532 = CARTESIAN_POINT('',(-2.728751586687,18.455950921769));
#7533 = CARTESIAN_POINT('',(-2.721503775228,18.495490275577));
#7534 = CARTESIAN_POINT('',(-2.713629740012,18.534861344992));
#7535 = CARTESIAN_POINT('',(-2.705219808039,18.573857644133));
#7536 = CARTESIAN_POINT('',(-2.68915752492,18.648337390155));
#7537 = CARTESIAN_POINT('',(-2.670966605882,18.722307044591));
#7538 = CARTESIAN_POINT('',(-2.650847522401,18.795799180769));
#7539 = CARTESIAN_POINT('',(-2.630728438919,18.869291316946));
#7540 = CARTESIAN_POINT('',(-2.608680669023,18.942306425287));
#7541 = CARTESIAN_POINT('',(-2.584848770444,19.014894951422));
#7542 = ( GEOMETRIC_REPRESENTATION_CONTEXT(2) 
PARAMETRIC_REPRESENTATION_CONTEXT() REPRESENTATION_CONTEXT('2D SPACE',''
  ) );
#7543 = ORIENTED_EDGE('',*,*,#7357,.F.);
#7544 = ORIENTED_EDGE('',*,*,#4269,.T.);
#7545 = ADVANCED_FACE('',(#7546),#4138,.T.);
#7546 = FACE_BOUND('',#7547,.T.);
#7547 = EDGE_LOOP('',(#7548,#7573,#7595,#7619));
#7548 = ORIENTED_EDGE('',*,*,#7549,.T.);
#7549 = EDGE_CURVE('',#4057,#7550,#7552,.T.);
#7550 = VERTEX_POINT('',#7551);
#7551 = CARTESIAN_POINT('',(3.62581659737,33.376174065909,
    -4.399999980308));
#7552 = SURFACE_CURVE('',#7553,(#7560,#7567),.PCURVE_S1.);
#7553 = B_SPLINE_CURVE_WITH_KNOTS('',3,(#7554,#7555,#7556,#7557,#7558,
    #7559),.UNSPECIFIED.,.F.,.F.,(4,2,4),(0.,0.5,0.624999997923),
  .UNSPECIFIED.);
#7554 = CARTESIAN_POINT('',(1.275509041,32.276552969,-9.4));
#7555 = CARTESIAN_POINT('',(1.95717838,32.425566561,-8.066666667));
#7556 = CARTESIAN_POINT('',(2.611623592,32.697186739,-6.733333333));
#7557 = CARTESIAN_POINT('',(3.345488114562,33.168430242434,
    -5.066666672538));
#7558 = CARTESIAN_POINT('',(3.488023837264,33.26924714565,
    -4.733333344075));
#7559 = CARTESIAN_POINT('',(3.625816648133,33.376174113671,
    -4.400000016613));
#7560 = PCURVE('',#4138,#7561);
#7561 = DEFINITIONAL_REPRESENTATION('',(#7562),#7566);
#7562 = LINE('',#7563,#7564);
#7563 = CARTESIAN_POINT('',(1.,-3.538006074736E-16));
#7564 = VECTOR('',#7565,1.);
#7565 = DIRECTION('',(-3.197442321544E-14,1.));
#7566 = ( GEOMETRIC_REPRESENTATION_CONTEXT(2) 
PARAMETRIC_REPRESENTATION_CONTEXT() REPRESENTATION_CONTEXT('2D SPACE',''
  ) );
#7567 = PCURVE('',#4078,#7568);
#7568 = DEFINITIONAL_REPRESENTATION('',(#7569),#7572);
#7569 = B_SPLINE_CURVE_WITH_KNOTS('',1,(#7570,#7571),.UNSPECIFIED.,.F.,
  .F.,(2,2),(0.,0.624999997923),.PIECEWISE_BEZIER_KNOTS.);
#7570 = CARTESIAN_POINT('',(-7.192749073506E-10,-1.850823832666E-11));
#7571 = CARTESIAN_POINT('',(-9.306114454335E-07,0.625000007934));
#7572 = ( GEOMETRIC_REPRESENTATION_CONTEXT(2) 
PARAMETRIC_REPRESENTATION_CONTEXT() REPRESENTATION_CONTEXT('2D SPACE',''
  ) );
#7573 = ORIENTED_EDGE('',*,*,#7574,.T.);
#7574 = EDGE_CURVE('',#7550,#7575,#7577,.T.);
#7575 = VERTEX_POINT('',#7576);
#7576 = CARTESIAN_POINT('',(3.233007734,33.882666356,-4.4));
#7577 = SURFACE_CURVE('',#7578,(#7582,#7588),.PCURVE_S1.);
#7578 = LINE('',#7579,#7580);
#7579 = CARTESIAN_POINT('',(3.625816655,33.376174119,-4.4));
#7580 = VECTOR('',#7581,1.);
#7581 = DIRECTION('',(-0.612842051856,0.790205428656,-1.931224833081E-11
    ));
#7582 = PCURVE('',#4138,#7583);
#7583 = DEFINITIONAL_REPRESENTATION('',(#7584),#7587);
#7584 = B_SPLINE_CURVE_WITH_KNOTS('',1,(#7585,#7586),.UNSPECIFIED.,.F.,
  .F.,(2,2),(-6.635244213151E-09,0.640962740382),
  .PIECEWISE_BEZIER_KNOTS.);
#7585 = CARTESIAN_POINT('',(1.000000008955,0.625));
#7586 = CARTESIAN_POINT('',(0.134999151141,0.624999999991));
#7587 = ( GEOMETRIC_REPRESENTATION_CONTEXT(2) 
PARAMETRIC_REPRESENTATION_CONTEXT() REPRESENTATION_CONTEXT('2D SPACE',''
  ) );
#7588 = PCURVE('',#94,#7589);
#7589 = DEFINITIONAL_REPRESENTATION('',(#7590),#7594);
#7590 = LINE('',#7591,#7592);
#7591 = CARTESIAN_POINT('',(-3.625815493,16.623825912));
#7592 = VECTOR('',#7593,1.);
#7593 = DIRECTION('',(0.612842051856,-0.790205428656));
#7594 = ( GEOMETRIC_REPRESENTATION_CONTEXT(2) 
PARAMETRIC_REPRESENTATION_CONTEXT() REPRESENTATION_CONTEXT('2D SPACE',''
  ) );
#7595 = ORIENTED_EDGE('',*,*,#7596,.F.);
#7596 = EDGE_CURVE('',#4123,#7575,#7597,.T.);
#7597 = SURFACE_CURVE('',#7598,(#7607,#7613),.PCURVE_S1.);
#7598 = B_SPLINE_CURVE_WITH_KNOTS('',3,(#7599,#7600,#7601,#7602,#7603,
    #7604,#7605,#7606),.UNSPECIFIED.,.F.,.F.,(4,2,2,4),(0.,
    0.276143085747,0.414086038319,0.552031648769),.UNSPECIFIED.);
#7599 = CARTESIAN_POINT('',(1.138416840498,32.90272188962,-9.4));
#7600 = CARTESIAN_POINT('',(1.518475795205,32.985931254919,
    -8.565788268759));
#7601 = CARTESIAN_POINT('',(1.888088172498,33.111125949628,
    -7.734003486121));
#7602 = CARTESIAN_POINT('',(2.416460789778,33.358337219373,
    -6.483036281102));
#7603 = CARTESIAN_POINT('',(2.587768687163,33.450399576632,
    -6.066612745527));
#7604 = CARTESIAN_POINT('',(2.919391089508,33.653096132583,
    -5.233147158331));
#7605 = CARTESIAN_POINT('',(3.079447171132,33.763572858485,
    -4.816738931645));
#7606 = CARTESIAN_POINT('',(3.233007734673,33.882666355387,
    -4.400000000073));
#7607 = PCURVE('',#4138,#7608);
#7608 = DEFINITIONAL_REPRESENTATION('',(#7609),#7612);
#7609 = B_SPLINE_CURVE_WITH_KNOTS('',1,(#7610,#7611),.UNSPECIFIED.,.F.,
  .F.,(2,2),(0.,0.552031648769),.PIECEWISE_BEZIER_KNOTS.);
#7610 = CARTESIAN_POINT('',(0.134952654533,-5.029794383821E-16));
#7611 = CARTESIAN_POINT('',(0.134999152352,0.624999999991));
#7612 = ( GEOMETRIC_REPRESENTATION_CONTEXT(2) 
PARAMETRIC_REPRESENTATION_CONTEXT() REPRESENTATION_CONTEXT('2D SPACE',''
  ) );
#7613 = PCURVE('',#4198,#7614);
#7614 = DEFINITIONAL_REPRESENTATION('',(#7615),#7618);
#7615 = B_SPLINE_CURVE_WITH_KNOTS('',1,(#7616,#7617),.UNSPECIFIED.,.F.,
  .F.,(2,2),(0.,0.552031648769),.PIECEWISE_BEZIER_KNOTS.);
#7616 = CARTESIAN_POINT('',(2.26965005573,0.));
#7617 = CARTESIAN_POINT('',(2.713764877079,4.999999999927));
#7618 = ( GEOMETRIC_REPRESENTATION_CONTEXT(2) 
PARAMETRIC_REPRESENTATION_CONTEXT() REPRESENTATION_CONTEXT('2D SPACE',''
  ) );
#7619 = ORIENTED_EDGE('',*,*,#4122,.T.);
#7620 = ADVANCED_FACE('',(#7621),#4078,.T.);
#7621 = FACE_BOUND('',#7622,.T.);
#7622 = EDGE_LOOP('',(#7623,#7649,#7702,#7703));
#7623 = ORIENTED_EDGE('',*,*,#7624,.T.);
#7624 = EDGE_CURVE('',#3997,#7625,#7627,.T.);
#7625 = VERTEX_POINT('',#7626);
#7626 = CARTESIAN_POINT('',(5.291481958,32.70074377,-4.4));
#7627 = SURFACE_CURVE('',#7628,(#7635,#7642),.PCURVE_S1.);
#7628 = B_SPLINE_CURVE_WITH_KNOTS('',3,(#7629,#7630,#7631,#7632,#7633,
    #7634),.UNSPECIFIED.,.F.,.F.,(4,2,4),(0.,0.5,0.625000000383),
  .UNSPECIFIED.);
#7629 = CARTESIAN_POINT('',(2.489392984,30.950970976,-9.4));
#7630 = CARTESIAN_POINT('',(3.32811869,31.243713975,-8.066666667));
#7631 = CARTESIAN_POINT('',(4.113658695,31.687245331,-6.733333333));
#7632 = CARTESIAN_POINT('',(4.968999068838,32.395243445105,
    -5.066666666646));
#7633 = CARTESIAN_POINT('',(5.133705707655,32.544495608033,
    -4.733333333293));
#7634 = CARTESIAN_POINT('',(5.291481957582,32.700743769935,
    -4.399999999939));
#7635 = PCURVE('',#4078,#7636);
#7636 = DEFINITIONAL_REPRESENTATION('',(#7637),#7641);
#7637 = LINE('',#7638,#7639);
#7638 = CARTESIAN_POINT('',(1.,1.415521711012E-16));
#7639 = VECTOR('',#7640,1.);
#7640 = DIRECTION('',(-2.664535257469E-15,1.));
#7641 = ( GEOMETRIC_REPRESENTATION_CONTEXT(2) 
PARAMETRIC_REPRESENTATION_CONTEXT() REPRESENTATION_CONTEXT('2D SPACE',''
  ) );
#7642 = PCURVE('',#4013,#7643);
#7643 = DEFINITIONAL_REPRESENTATION('',(#7644),#7648);
#7644 = LINE('',#7645,#7646);
#7645 = CARTESIAN_POINT('',(3.272363020699E-17,-1.471381023405E-16));
#7646 = VECTOR('',#7647,1.);
#7647 = DIRECTION('',(4.834697934882E-10,1.));
#7648 = ( GEOMETRIC_REPRESENTATION_CONTEXT(2) 
PARAMETRIC_REPRESENTATION_CONTEXT() REPRESENTATION_CONTEXT('2D SPACE',''
  ) );
#7649 = ORIENTED_EDGE('',*,*,#7650,.T.);
#7650 = EDGE_CURVE('',#7625,#7550,#7651,.T.);
#7651 = SURFACE_CURVE('',#7652,(#7661,#7690),.PCURVE_S1.);
#7652 = B_SPLINE_CURVE_WITH_KNOTS('',3,(#7653,#7654,#7655,#7656,#7657,
    #7658,#7659,#7660),.UNSPECIFIED.,.F.,.F.,(4,2,2,4),(0.,
    0.128089566348,0.234749508338,0.339122184223),.UNSPECIFIED.);
#7653 = CARTESIAN_POINT('',(5.291481957578,32.700743769904,-4.4));
#7654 = CARTESIAN_POINT('',(4.867776533015,32.753403187652,-4.4));
#7655 = CARTESIAN_POINT('',(4.573730550389,32.847710292106,-4.4));
#7656 = CARTESIAN_POINT('',(4.260073628408,32.963980880523,-4.4));
#7657 = CARTESIAN_POINT('',(4.116088041074,33.027553549296,-4.4));
#7658 = CARTESIAN_POINT('',(3.854753592056,33.176462839987,-4.4));
#7659 = CARTESIAN_POINT('',(3.726915190486,33.266988083874,-4.4));
#7660 = CARTESIAN_POINT('',(3.625816516876,33.376173991377,-4.4));
#7661 = PCURVE('',#4078,#7662);
#7662 = DEFINITIONAL_REPRESENTATION('',(#7663),#7689);
#7663 = B_SPLINE_CURVE_WITH_KNOTS('',3,(#7664,#7665,#7666,#7667,#7668,
    #7669,#7670,#7671,#7672,#7673,#7674,#7675,#7676,#7677,#7678,#7679,
    #7680,#7681,#7682,#7683,#7684,#7685,#7686,#7687,#7688),
  .UNSPECIFIED.,.F.,.F.,(4,1,1,1,1,1,1,1,1,1,1,1,1,1,1,1,1,1,1,1,1,1,4),
  (0.,1.54146447374E-02,3.082928947479E-02,4.624393421219E-02,
    6.165857894958E-02,7.707322368698E-02,9.248786842437E-02,
    0.107902513162,0.123317157899,0.138731802637,0.154146447374,
    0.169561092111,0.184975736849,0.200390381586,0.215805026324,
    0.231219671061,0.246634315798,0.262048960536,0.277463605273,
    0.292878250011,0.308292894748,0.323707539485,0.339122184223),
  .QUASI_UNIFORM_KNOTS.);
#7664 = CARTESIAN_POINT('',(1.,0.62500001));
#7665 = CARTESIAN_POINT('',(0.972837764657,0.62500000278));
#7666 = CARTESIAN_POINT('',(0.920076793681,0.625000004787));
#7667 = CARTESIAN_POINT('',(0.845721585667,0.62500006267));
#7668 = CARTESIAN_POINT('',(0.776235123949,0.625000154726));
#7669 = CARTESIAN_POINT('',(0.711746286532,0.625000352067));
#7670 = CARTESIAN_POINT('',(0.652410127437,0.625000803352));
#7671 = CARTESIAN_POINT('',(0.598402991942,0.625001397547));
#7672 = CARTESIAN_POINT('',(0.549936382659,0.6250019249));
#7673 = CARTESIAN_POINT('',(0.507180931311,0.624999562415));
#7674 = CARTESIAN_POINT('',(0.471175238497,0.625000117358));
#7675 = CARTESIAN_POINT('',(0.434407978127,0.624999973733));
#7676 = CARTESIAN_POINT('',(0.398304307271,0.625000023738));
#7677 = CARTESIAN_POINT('',(0.362416104946,0.625000021278));
#7678 = CARTESIAN_POINT('',(0.326813873812,0.625000023895));
#7679 = CARTESIAN_POINT('',(0.291424452169,0.625000012108));
#7680 = CARTESIAN_POINT('',(0.256275079009,0.624999998437));
#7681 = CARTESIAN_POINT('',(0.221169854821,0.625000000256));
#7682 = CARTESIAN_POINT('',(0.185351818652,0.625000013636));
#7683 = CARTESIAN_POINT('',(0.149078095578,0.625000039559));
#7684 = CARTESIAN_POINT('',(0.112355979421,0.625000058749));
#7685 = CARTESIAN_POINT('',(7.524943093261E-02,0.625000055867));
#7686 = CARTESIAN_POINT('',(3.779918268093E-02,0.625000019902));
#7687 = CARTESIAN_POINT('',(1.262871703191E-02,0.62500000767));
#7688 = CARTESIAN_POINT('',(-9.31E-07,0.62500001));
#7689 = ( GEOMETRIC_REPRESENTATION_CONTEXT(2) 
PARAMETRIC_REPRESENTATION_CONTEXT() REPRESENTATION_CONTEXT('2D SPACE',''
  ) );
#7690 = PCURVE('',#94,#7691);
#7691 = DEFINITIONAL_REPRESENTATION('',(#7692),#7701);
#7692 = B_SPLINE_CURVE_WITH_KNOTS('',3,(#7693,#7694,#7695,#7696,#7697,
    #7698,#7699,#7700),.UNSPECIFIED.,.F.,.F.,(4,2,2,4),(0.,
    0.128089566348,0.234749508338,0.339122184223),.UNSPECIFIED.);
#7693 = CARTESIAN_POINT('',(-5.291480795578,17.299256261096));
#7694 = CARTESIAN_POINT('',(-4.867775371015,17.246596843348));
#7695 = CARTESIAN_POINT('',(-4.573729388389,17.152289738894));
#7696 = CARTESIAN_POINT('',(-4.260072466408,17.036019150477));
#7697 = CARTESIAN_POINT('',(-4.116086879074,16.972446481704));
#7698 = CARTESIAN_POINT('',(-3.854752430056,16.823537191013));
#7699 = CARTESIAN_POINT('',(-3.726914028486,16.733011947126));
#7700 = CARTESIAN_POINT('',(-3.625815354876,16.623826039623));
#7701 = ( GEOMETRIC_REPRESENTATION_CONTEXT(2) 
PARAMETRIC_REPRESENTATION_CONTEXT() REPRESENTATION_CONTEXT('2D SPACE',''
  ) );
#7702 = ORIENTED_EDGE('',*,*,#7549,.F.);
#7703 = ORIENTED_EDGE('',*,*,#4056,.T.);
#7704 = ADVANCED_FACE('',(#7705),#4013,.T.);
#7705 = FACE_BOUND('',#7706,.T.);
#7706 = EDGE_LOOP('',(#7707,#7732,#7757,#7758));
#7707 = ORIENTED_EDGE('',*,*,#7708,.T.);
#7708 = EDGE_CURVE('',#3852,#7709,#7711,.T.);
#7709 = VERTEX_POINT('',#7710);
#7710 = CARTESIAN_POINT('',(5.565066217257,32.986188696304,
    -4.400000000003));
#7711 = SURFACE_CURVE('',#7712,(#7719,#7726),.PCURVE_S1.);
#7712 = B_SPLINE_CURVE_WITH_KNOTS('',3,(#7713,#7714,#7715,#7716,#7717,
    #7718),.UNSPECIFIED.,.F.,.F.,(4,2,4),(0.,0.5,0.625),.UNSPECIFIED.);
#7713 = CARTESIAN_POINT('',(2.859083223,31.091178261,-9.4));
#7714 = CARTESIAN_POINT('',(3.681215998,31.427714998,-8.066666667));
#7715 = CARTESIAN_POINT('',(4.442290488,31.91202769,-6.733333333));
#7716 = CARTESIAN_POINT('',(5.259131053,32.664118094,-5.066666667));
#7717 = CARTESIAN_POINT('',(5.415743284,32.821842835,-4.733333333));
#7718 = CARTESIAN_POINT('',(5.56506607,32.986188625,-4.4));
#7719 = PCURVE('',#4013,#7720);
#7720 = DEFINITIONAL_REPRESENTATION('',(#7721),#7725);
#7721 = LINE('',#7722,#7723);
#7722 = CARTESIAN_POINT('',(1.,-1.273065896919E-16));
#7723 = VECTOR('',#7724,1.);
#7724 = DIRECTION('',(-3.670338342161E-09,1.));
#7725 = ( GEOMETRIC_REPRESENTATION_CONTEXT(2) 
PARAMETRIC_REPRESENTATION_CONTEXT() REPRESENTATION_CONTEXT('2D SPACE',''
  ) );
#7726 = PCURVE('',#3953,#7727);
#7727 = DEFINITIONAL_REPRESENTATION('',(#7728),#7731);
#7728 = B_SPLINE_CURVE_WITH_KNOTS('',1,(#7729,#7730),.UNSPECIFIED.,.F.,
  .F.,(2,2),(0.,0.625),.PIECEWISE_BEZIER_KNOTS.);
#7729 = CARTESIAN_POINT('',(-2.949041265836E-15,5.389596467059E-17));
#7730 = CARTESIAN_POINT('',(2.821151448001E-07,0.624999981898));
#7731 = ( GEOMETRIC_REPRESENTATION_CONTEXT(2) 
PARAMETRIC_REPRESENTATION_CONTEXT() REPRESENTATION_CONTEXT('2D SPACE',''
  ) );
#7732 = ORIENTED_EDGE('',*,*,#7733,.T.);
#7733 = EDGE_CURVE('',#7709,#7625,#7734,.T.);
#7734 = SURFACE_CURVE('',#7735,(#7740,#7746),.PCURVE_S1.);
#7735 = CIRCLE('',#7736,7.499947195649);
#7736 = AXIS2_PLACEMENT_3D('',#7737,#7738,#7739);
#7737 = CARTESIAN_POINT('',(1.559268689539E-02,38.031240964144,
    -4.399999999686));
#7738 = DIRECTION('',(-3.013888272642E-11,2.904797051589E-11,-1.));
#7739 = DIRECTION('',(0.703456855557,-0.710737963225,-4.184689907303E-11
    ));
#7740 = PCURVE('',#4013,#7741);
#7741 = DEFINITIONAL_REPRESENTATION('',(#7742),#7745);
#7742 = B_SPLINE_CURVE_WITH_KNOTS('',1,(#7743,#7744),.UNSPECIFIED.,.F.,
  .F.,(2,2),(6.230461191333,6.28318530718),.PIECEWISE_BEZIER_KNOTS.);
#7743 = CARTESIAN_POINT('',(1.000000381635,0.625000000375));
#7744 = CARTESIAN_POINT('',(1.270507281717E-09,0.625000000375));
#7745 = ( GEOMETRIC_REPRESENTATION_CONTEXT(2) 
PARAMETRIC_REPRESENTATION_CONTEXT() REPRESENTATION_CONTEXT('2D SPACE',''
  ) );
#7746 = PCURVE('',#94,#7747);
#7747 = DEFINITIONAL_REPRESENTATION('',(#7748),#7756);
#7748 = ( BOUNDED_CURVE() B_SPLINE_CURVE(2,(#7749,#7750,#7751,#7752,
#7753,#7754,#7755),.UNSPECIFIED.,.T.,.F.) B_SPLINE_CURVE_WITH_KNOTS((1,2
    ,2,2,2,1),(-2.094395102393,0.,2.094395102393,4.188790204786,
6.28318530718,8.377580409573),.UNSPECIFIED.) CURVE() 
GEOMETRIC_REPRESENTATION_ITEM() RATIONAL_B_SPLINE_CURVE((1.,0.5,1.,0.5,
1.,0.5,1.)) REPRESENTATION_ITEM('') );
#7749 = CARTESIAN_POINT('',(-5.29148079599,17.29925626099));
#7750 = CARTESIAN_POINT('',(3.941211173853,26.437364533634));
#7751 = CARTESIAN_POINT('',(7.238699095574,13.872564606111));
#7752 = CARTESIAN_POINT('',(10.536187017295,1.307764678589));
#7753 = CARTESIAN_POINT('',(-1.99399287427,4.734456333467));
#7754 = CARTESIAN_POINT('',(-14.52417276583,8.161147988346));
#7755 = CARTESIAN_POINT('',(-5.29148079599,17.29925626099));
#7756 = ( GEOMETRIC_REPRESENTATION_CONTEXT(2) 
PARAMETRIC_REPRESENTATION_CONTEXT() REPRESENTATION_CONTEXT('2D SPACE',''
  ) );
#7757 = ORIENTED_EDGE('',*,*,#7624,.F.);
#7758 = ORIENTED_EDGE('',*,*,#3996,.T.);
#7759 = ADVANCED_FACE('',(#7760),#3953,.T.);
#7760 = FACE_BOUND('',#7761,.T.);
#7761 = EDGE_LOOP('',(#7762,#7787,#7893,#7894));
#7762 = ORIENTED_EDGE('',*,*,#7763,.T.);
#7763 = EDGE_CURVE('',#3793,#7764,#7766,.T.);
#7764 = VERTEX_POINT('',#7765);
#7765 = CARTESIAN_POINT('',(4.819596432811,34.621706551689,
    -4.400000007857));
#7766 = SURFACE_CURVE('',#7767,(#7774,#7781),.PCURVE_S1.);
#7767 = B_SPLINE_CURVE_WITH_KNOTS('',3,(#7768,#7769,#7770,#7771,#7772,
    #7773),.UNSPECIFIED.,.F.,.F.,(4,2,4),(0.,0.5,0.625),.UNSPECIFIED.);
#7768 = CARTESIAN_POINT('',(2.888645644,32.888344895,-9.4));
#7769 = CARTESIAN_POINT('',(3.497912029,33.228451659,-8.066666667));
#7770 = CARTESIAN_POINT('',(4.045603629,33.678018302,-6.733333333));
#7771 = CARTESIAN_POINT('',(4.611475245,34.341657928,-5.066666667));
#7772 = CARTESIAN_POINT('',(4.718691108,34.47944492,-4.733333333));
#7773 = CARTESIAN_POINT('',(4.81959726,34.621705937,-4.4));
#7774 = PCURVE('',#3953,#7775);
#7775 = DEFINITIONAL_REPRESENTATION('',(#7776),#7780);
#7776 = LINE('',#7777,#7778);
#7777 = CARTESIAN_POINT('',(1.,-3.761959029334E-17));
#7778 = VECTOR('',#7779,1.);
#7779 = DIRECTION('',(-1.42108547152E-15,1.));
#7780 = ( GEOMETRIC_REPRESENTATION_CONTEXT(2) 
PARAMETRIC_REPRESENTATION_CONTEXT() REPRESENTATION_CONTEXT('2D SPACE',''
  ) );
#7781 = PCURVE('',#3808,#7782);
#7782 = DEFINITIONAL_REPRESENTATION('',(#7783),#7786);
#7783 = B_SPLINE_CURVE_WITH_KNOTS('',1,(#7784,#7785),.UNSPECIFIED.,.F.,
  .F.,(2,2),(0.,0.625),.PIECEWISE_BEZIER_KNOTS.);
#7784 = CARTESIAN_POINT('',(-4.272452720074E-15,2.203934271057E-16));
#7785 = CARTESIAN_POINT('',(-2.782233499915E-06,0.624999997054));
#7786 = ( GEOMETRIC_REPRESENTATION_CONTEXT(2) 
PARAMETRIC_REPRESENTATION_CONTEXT() REPRESENTATION_CONTEXT('2D SPACE',''
  ) );
#7787 = ORIENTED_EDGE('',*,*,#7788,.T.);
#7788 = EDGE_CURVE('',#7764,#7709,#7789,.T.);
#7789 = SURFACE_CURVE('',#7790,(#7837,#7843),.PCURVE_S1.);
#7790 = B_SPLINE_CURVE_WITH_KNOTS('',3,(#7791,#7792,#7793,#7794,#7795,
    #7796,#7797,#7798,#7799,#7800,#7801,#7802,#7803,#7804,#7805,#7806,
    #7807,#7808,#7809,#7810,#7811,#7812,#7813,#7814,#7815,#7816,#7817,
    #7818,#7819,#7820,#7821,#7822,#7823,#7824,#7825,#7826,#7827,#7828,
    #7829,#7830,#7831,#7832,#7833,#7834,#7835,#7836),.UNSPECIFIED.,.F.,
  .F.,(4,3,3,3,3,3,3,3,3,3,3,3,3,3,3,4),(0.,8.253968488521E-05,
    1.692720113434E-04,2.63378049887E-04,3.672058026325E-04,4.5364E-04,
    5.837749561682E-04,7.109784680769E-04,8.215857319033E-04,9.0728E-04,
    9.556366223732E-04,1.096443831135E-03,1.242111832802E-03,
    1.360919E-03,1.587738991159E-03,1.814558982317E-03),.UNSPECIFIED.);
#7791 = CARTESIAN_POINT('',(4.81959726,34.621705937,-4.4));
#7792 = CARTESIAN_POINT('',(4.841036991237,34.603476227972,
    -4.400000000043));
#7793 = CARTESIAN_POINT('',(4.861579220969,34.584501044369,
    -4.40000000007));
#7794 = CARTESIAN_POINT('',(4.881345563472,34.564932376501,
    -4.40000000009));
#7795 = CARTESIAN_POINT('',(4.902115946511,34.544369709074,
    -4.400000000111));
#7796 = CARTESIAN_POINT('',(4.92202965838,34.523151300294,
    -4.400000000125));
#7797 = CARTESIAN_POINT('',(4.941209611249,34.501398744792,
    -4.400000000141));
#7798 = CARTESIAN_POINT('',(4.962020183934,34.477796854814,
    -4.400000000159));
#7799 = CARTESIAN_POINT('',(4.981967109183,34.453565816344,
    -4.400000000179));
#7800 = CARTESIAN_POINT('',(5.001184602789,34.428803723794,
    -4.400000000215));
#7801 = CARTESIAN_POINT('',(5.022387377929,34.401483559621,
    -4.400000000255));
#7802 = CARTESIAN_POINT('',(5.042702575346,34.373516428238,
    -4.400000000314));
#7803 = CARTESIAN_POINT('',(5.062279404406,34.344973699945,
    -4.40000000041));
#7804 = CARTESIAN_POINT('',(5.078576660796,34.32121254028,
    -4.400000000489));
#7805 = CARTESIAN_POINT('',(5.094361615202,34.297050939736,
    -4.400000000594));
#7806 = CARTESIAN_POINT('',(5.109704078637,34.27250829958,
    -4.400000000734));
#7807 = CARTESIAN_POINT('',(5.132803625663,34.235557006014,
    -4.400000000944));
#7808 = CARTESIAN_POINT('',(5.154821970601,34.197869623861,
    -4.40000000913));
#7809 = CARTESIAN_POINT('',(5.175908243147,34.159584523948,
    -4.400000019529));
#7810 = CARTESIAN_POINT('',(5.19651952239,34.122161841326,
    -4.400000029693));
#7811 = CARTESIAN_POINT('',(5.216240009172,34.08416509151,
    -4.400000041971));
#7812 = CARTESIAN_POINT('',(5.235161891189,34.045719560074,
    -4.40000005098));
#7813 = CARTESIAN_POINT('',(5.251615034385,34.012290018902,
    -4.400000058814));
#7814 = CARTESIAN_POINT('',(5.267463669919,33.978519868143,
    -4.400000064177));
#7815 = CARTESIAN_POINT('',(5.282739938245,33.944515345073,
    -4.40000006353));
#7816 = CARTESIAN_POINT('',(5.294575405358,33.918169944095,
    -4.400000063029));
#7817 = CARTESIAN_POINT('',(5.306066786563,33.891684058464,
    -4.40000005892));
#7818 = CARTESIAN_POINT('',(5.317217933952,33.865125966041,
    -4.400000049558));
#7819 = CARTESIAN_POINT('',(5.323510441436,33.850139436897,
    -4.400000044275));
#7820 = CARTESIAN_POINT('',(5.329665303349,33.835199473802,
    -4.400000039556));
#7821 = CARTESIAN_POINT('',(5.335677102993,33.820341686286,
    -4.400000035351));
#7822 = CARTESIAN_POINT('',(5.35318255904,33.777078044494,
    -4.400000023109));
#7823 = CARTESIAN_POINT('',(5.369964153207,33.732930511515,
    -4.400000015236));
#7824 = CARTESIAN_POINT('',(5.385919290788,33.688218460559,
    -4.40000001055));
#7825 = CARTESIAN_POINT('',(5.40242521423,33.641962908939,
    -4.400000005703));
#7826 = CARTESIAN_POINT('',(5.418046507214,33.595103454593,
    -4.400000004267));
#7827 = CARTESIAN_POINT('',(5.432714414521,33.548029043504,
    -4.400000004935));
#7828 = CARTESIAN_POINT('',(5.444677594464,33.509635042317,
    -4.40000000548));
#7829 = CARTESIAN_POINT('',(5.456007484886,33.471098849955,
    -4.400000007425));
#7830 = CARTESIAN_POINT('',(5.46668805564,33.432645664825,
    -4.400000010059));
#7831 = CARTESIAN_POINT('',(5.487078803278,33.359232996912,
    -4.400000015089));
#7832 = CARTESIAN_POINT('',(5.505347440753,33.285282714715,
    -4.400000012581));
#7833 = CARTESIAN_POINT('',(5.521686604784,33.210859103887,
    -4.400000008813));
#7834 = CARTESIAN_POINT('',(5.538025768815,33.136435493058,
    -4.400000005045));
#7835 = CARTESIAN_POINT('',(5.552435225293,33.06153787712,
    -4.400000000017));
#7836 = CARTESIAN_POINT('',(5.565066410062,32.986188728625,
    -4.400000000008));
#7837 = PCURVE('',#3953,#7838);
#7838 = DEFINITIONAL_REPRESENTATION('',(#7839),#7842);
#7839 = B_SPLINE_CURVE_WITH_KNOTS('',1,(#7840,#7841),.UNSPECIFIED.,.F.,
  .F.,(2,2),(0.,1.814558982317E-03),.PIECEWISE_BEZIER_KNOTS.);
#7840 = CARTESIAN_POINT('',(1.,0.625));
#7841 = CARTESIAN_POINT('',(2.748639725275E-07,0.624999999999));
#7842 = ( GEOMETRIC_REPRESENTATION_CONTEXT(2) 
PARAMETRIC_REPRESENTATION_CONTEXT() REPRESENTATION_CONTEXT('2D SPACE',''
  ) );
#7843 = PCURVE('',#94,#7844);
#7844 = DEFINITIONAL_REPRESENTATION('',(#7845),#7892);
#7845 = B_SPLINE_CURVE_WITH_KNOTS('',3,(#7846,#7847,#7848,#7849,#7850,
    #7851,#7852,#7853,#7854,#7855,#7856,#7857,#7858,#7859,#7860,#7861,
    #7862,#7863,#7864,#7865,#7866,#7867,#7868,#7869,#7870,#7871,#7872,
    #7873,#7874,#7875,#7876,#7877,#7878,#7879,#7880,#7881,#7882,#7883,
    #7884,#7885,#7886,#7887,#7888,#7889,#7890,#7891),.UNSPECIFIED.,.F.,
  .F.,(4,3,3,3,3,3,3,3,3,3,3,3,3,3,3,4),(0.,8.253968488521E-05,
    1.692720113434E-04,2.63378049887E-04,3.672058026325E-04,4.5364E-04,
    5.837749561682E-04,7.109784680769E-04,8.215857319033E-04,9.0728E-04,
    9.556366223732E-04,1.096443831135E-03,1.242111832802E-03,
    1.360919E-03,1.587738991159E-03,1.814558982317E-03),.UNSPECIFIED.);
#7846 = CARTESIAN_POINT('',(-4.819596098,15.378294094));
#7847 = CARTESIAN_POINT('',(-4.841035829237,15.396523803028));
#7848 = CARTESIAN_POINT('',(-4.861578058969,15.415498986631));
#7849 = CARTESIAN_POINT('',(-4.881344401472,15.435067654499));
#7850 = CARTESIAN_POINT('',(-4.902114784511,15.455630321926));
#7851 = CARTESIAN_POINT('',(-4.92202849638,15.476848730706));
#7852 = CARTESIAN_POINT('',(-4.941208449249,15.498601286208));
#7853 = CARTESIAN_POINT('',(-4.962019021934,15.522203176186));
#7854 = CARTESIAN_POINT('',(-4.981965947183,15.546434214656));
#7855 = CARTESIAN_POINT('',(-5.001183440789,15.571196307206));
#7856 = CARTESIAN_POINT('',(-5.022386215929,15.598516471379));
#7857 = CARTESIAN_POINT('',(-5.042701413346,15.626483602762));
#7858 = CARTESIAN_POINT('',(-5.062278242406,15.655026331055));
#7859 = CARTESIAN_POINT('',(-5.078575498796,15.67878749072));
#7860 = CARTESIAN_POINT('',(-5.094360453202,15.702949091264));
#7861 = CARTESIAN_POINT('',(-5.109702916637,15.72749173142));
#7862 = CARTESIAN_POINT('',(-5.132802463663,15.764443024986));
#7863 = CARTESIAN_POINT('',(-5.154820808601,15.802130407139));
#7864 = CARTESIAN_POINT('',(-5.175907081147,15.840415507052));
#7865 = CARTESIAN_POINT('',(-5.19651836039,15.877838189674));
#7866 = CARTESIAN_POINT('',(-5.216238847172,15.91583493949));
#7867 = CARTESIAN_POINT('',(-5.235160729189,15.954280470926));
#7868 = CARTESIAN_POINT('',(-5.251613872385,15.987710012098));
#7869 = CARTESIAN_POINT('',(-5.267462507919,16.021480162857));
#7870 = CARTESIAN_POINT('',(-5.282738776245,16.055484685927));
#7871 = CARTESIAN_POINT('',(-5.294574243358,16.081830086905));
#7872 = CARTESIAN_POINT('',(-5.306065624563,16.108315972536));
#7873 = CARTESIAN_POINT('',(-5.317216771952,16.134874064959));
#7874 = CARTESIAN_POINT('',(-5.323509279436,16.149860594103));
#7875 = CARTESIAN_POINT('',(-5.329664141349,16.164800557198));
#7876 = CARTESIAN_POINT('',(-5.335675940993,16.179658344714));
#7877 = CARTESIAN_POINT('',(-5.35318139704,16.222921986506));
#7878 = CARTESIAN_POINT('',(-5.369962991207,16.267069519485));
#7879 = CARTESIAN_POINT('',(-5.385918128788,16.311781570441));
#7880 = CARTESIAN_POINT('',(-5.40242405223,16.358037122061));
#7881 = CARTESIAN_POINT('',(-5.418045345214,16.404896576407));
#7882 = CARTESIAN_POINT('',(-5.432713252521,16.451970987495));
#7883 = CARTESIAN_POINT('',(-5.444676432464,16.490364988683));
#7884 = CARTESIAN_POINT('',(-5.456006322886,16.528901181045));
#7885 = CARTESIAN_POINT('',(-5.46668689364,16.567354366175));
#7886 = CARTESIAN_POINT('',(-5.487077641278,16.640767034088));
#7887 = CARTESIAN_POINT('',(-5.505346278753,16.714717316285));
#7888 = CARTESIAN_POINT('',(-5.521685442784,16.789140927113));
#7889 = CARTESIAN_POINT('',(-5.538024606815,16.863564537942));
#7890 = CARTESIAN_POINT('',(-5.552434063293,16.93846215388));
#7891 = CARTESIAN_POINT('',(-5.565065248062,17.013811302375));
#7892 = ( GEOMETRIC_REPRESENTATION_CONTEXT(2) 
PARAMETRIC_REPRESENTATION_CONTEXT() REPRESENTATION_CONTEXT('2D SPACE',''
  ) );
#7893 = ORIENTED_EDGE('',*,*,#7708,.F.);
#7894 = ORIENTED_EDGE('',*,*,#3851,.T.);
#7895 = ADVANCED_FACE('',(#7896),#3720,.T.);
#7896 = FACE_BOUND('',#7897,.T.);
#7897 = EDGE_LOOP('',(#7898,#7924,#7946,#7968));
#7898 = ORIENTED_EDGE('',*,*,#7899,.T.);
#7899 = EDGE_CURVE('',#3560,#7900,#7902,.T.);
#7900 = VERTEX_POINT('',#7901);
#7901 = CARTESIAN_POINT('',(5.375603554148,35.587142924688,
    -4.400000023336));
#7902 = SURFACE_CURVE('',#7903,(#7911,#7918),.PCURVE_S1.);
#7903 = B_SPLINE_CURVE_WITH_KNOTS('',3,(#7904,#7905,#7906,#7907,#7908,
    #7909,#7910),.UNSPECIFIED.,.F.,.F.,(4,3,4),(0.,0.500000007001,0.625)
  ,.UNSPECIFIED.);
#7904 = CARTESIAN_POINT('',(3.805531664,33.521232888,-9.4));
#7905 = CARTESIAN_POINT('',(4.339870085675,33.969965140207,-8.066666667)
  );
#7906 = CARTESIAN_POINT('',(4.793120396638,34.514611709917,-6.733333333)
  );
#7907 = CARTESIAN_POINT('',(5.137766084496,35.121258540708,-5.4000000002
    ));
#7908 = CARTESIAN_POINT('',(5.223927500429,35.272920237788,
    -5.066666690336));
#7909 = CARTESIAN_POINT('',(5.303285012566,35.428428585468,
    -4.733333379671));
#7910 = CARTESIAN_POINT('',(5.375603566852,35.587142954593,
    -4.400000070007));
#7911 = PCURVE('',#3720,#7912);
#7912 = DEFINITIONAL_REPRESENTATION('',(#7913),#7917);
#7913 = LINE('',#7914,#7915);
#7914 = CARTESIAN_POINT('',(0.999999986984,-2.427650159571E-15));
#7915 = VECTOR('',#7916,1.);
#7916 = DIRECTION('',(-2.529069682567E-08,1.));
#7917 = ( GEOMETRIC_REPRESENTATION_CONTEXT(2) 
PARAMETRIC_REPRESENTATION_CONTEXT() REPRESENTATION_CONTEXT('2D SPACE',''
  ) );
#7918 = PCURVE('',#3661,#7919);
#7919 = DEFINITIONAL_REPRESENTATION('',(#7920),#7923);
#7920 = B_SPLINE_CURVE_WITH_KNOTS('',1,(#7921,#7922),.UNSPECIFIED.,.F.,
  .F.,(2,2),(0.,0.625),.PIECEWISE_BEZIER_KNOTS.);
#7921 = CARTESIAN_POINT('',(-3.083764241786E-15,2.929604030833E-16));
#7922 = CARTESIAN_POINT('',(8.158103077546E-07,0.624999991249));
#7923 = ( GEOMETRIC_REPRESENTATION_CONTEXT(2) 
PARAMETRIC_REPRESENTATION_CONTEXT() REPRESENTATION_CONTEXT('2D SPACE',''
  ) );
#7924 = ORIENTED_EDGE('',*,*,#7925,.T.);
#7925 = EDGE_CURVE('',#7900,#7926,#7928,.T.);
#7926 = VERTEX_POINT('',#7927);
#7927 = CARTESIAN_POINT('',(4.792412603,35.853070741,-4.4));
#7928 = SURFACE_CURVE('',#7929,(#7933,#7939),.PCURVE_S1.);
#7929 = LINE('',#7930,#7931);
#7930 = CARTESIAN_POINT('',(5.375603522,35.587142828,-4.4));
#7931 = VECTOR('',#7932,1.);
#7932 = DIRECTION('',(-0.909871468148,0.414890240245,0.));
#7933 = PCURVE('',#3720,#7934);
#7934 = DEFINITIONAL_REPRESENTATION('',(#7935),#7938);
#7935 = B_SPLINE_CURVE_WITH_KNOTS('',1,(#7936,#7937),.UNSPECIFIED.,.F.,
  .F.,(2,2),(1.086408978558E-08,0.640959673393),
  .PIECEWISE_BEZIER_KNOTS.);
#7936 = CARTESIAN_POINT('',(0.999999972322,0.625));
#7937 = CARTESIAN_POINT('',(0.135002795159,0.624999999975));
#7938 = ( GEOMETRIC_REPRESENTATION_CONTEXT(2) 
PARAMETRIC_REPRESENTATION_CONTEXT() REPRESENTATION_CONTEXT('2D SPACE',''
  ) );
#7939 = PCURVE('',#94,#7940);
#7940 = DEFINITIONAL_REPRESENTATION('',(#7941),#7945);
#7941 = LINE('',#7942,#7943);
#7942 = CARTESIAN_POINT('',(-5.37560236,14.412857203));
#7943 = VECTOR('',#7944,1.);
#7944 = DIRECTION('',(0.909871468148,-0.414890240245));
#7945 = ( GEOMETRIC_REPRESENTATION_CONTEXT(2) 
PARAMETRIC_REPRESENTATION_CONTEXT() REPRESENTATION_CONTEXT('2D SPACE',''
  ) );
#7946 = ORIENTED_EDGE('',*,*,#7947,.T.);
#7947 = EDGE_CURVE('',#7926,#3705,#7948,.T.);
#7948 = SURFACE_CURVE('',#7949,(#7956,#7962),.PCURVE_S1.);
#7949 = B_SPLINE_CURVE_WITH_KNOTS('',3,(#7950,#7951,#7952,#7953,#7954,
    #7955),.UNSPECIFIED.,.F.,.F.,(4,2,4),(-0.552537884471,
    -0.163053339619,-7.834135594686E-07),.UNSPECIFIED.);
#7950 = CARTESIAN_POINT('',(4.792412603441,35.853070741161,
    -4.400000000153));
#7951 = CARTESIAN_POINT('',(4.564768874502,35.353838917261,
    -5.576648162103));
#7952 = CARTESIAN_POINT('',(4.260264575115,34.893367536391,
    -6.746091802029));
#7953 = CARTESIAN_POINT('',(3.734992542141,34.318929370418,
    -8.415324832479));
#7954 = CARTESIAN_POINT('',(3.569021261123,34.159761888751,
    -8.907426398794));
#7955 = CARTESIAN_POINT('',(3.393147341419,34.011968009775,
    -9.400000000082));
#7956 = PCURVE('',#3720,#7957);
#7957 = DEFINITIONAL_REPRESENTATION('',(#7958),#7961);
#7958 = B_SPLINE_CURVE_WITH_KNOTS('',1,(#7959,#7960),.UNSPECIFIED.,.F.,
  .F.,(2,2),(-0.552537884471,-7.834135594686E-07),
  .PIECEWISE_BEZIER_KNOTS.);
#7959 = CARTESIAN_POINT('',(0.13500279561,0.624999999981));
#7960 = CARTESIAN_POINT('',(0.134952654805,-1.03047819068E-11));
#7961 = ( GEOMETRIC_REPRESENTATION_CONTEXT(2) 
PARAMETRIC_REPRESENTATION_CONTEXT() REPRESENTATION_CONTEXT('2D SPACE',''
  ) );
#7962 = PCURVE('',#3780,#7963);
#7963 = DEFINITIONAL_REPRESENTATION('',(#7964),#7967);
#7964 = B_SPLINE_CURVE_WITH_KNOTS('',1,(#7965,#7966),.UNSPECIFIED.,.F.,
  .F.,(2,2),(-0.552537884471,-7.834135594686E-07),
  .PIECEWISE_BEZIER_KNOTS.);
#7965 = CARTESIAN_POINT('',(6.466708966565,4.999999999847));
#7966 = CARTESIAN_POINT('',(6.022594129549,-8.243006277553E-11));
#7967 = ( GEOMETRIC_REPRESENTATION_CONTEXT(2) 
PARAMETRIC_REPRESENTATION_CONTEXT() REPRESENTATION_CONTEXT('2D SPACE',''
  ) );
#7968 = ORIENTED_EDGE('',*,*,#3704,.T.);
#7969 = ADVANCED_FACE('',(#7970),#3661,.T.);
#7970 = FACE_BOUND('',#7971,.T.);
#7971 = EDGE_LOOP('',(#7972,#7998,#8098,#8099));
#7972 = ORIENTED_EDGE('',*,*,#7973,.T.);
#7973 = EDGE_CURVE('',#3500,#7974,#7976,.T.);
#7974 = VERTEX_POINT('',#7975);
#7975 = CARTESIAN_POINT('',(7.164360381355,35.763153447365,
    -4.400000000004));
#7976 = SURFACE_CURVE('',#7977,(#7985,#7991),.PCURVE_S1.);
#7977 = B_SPLINE_CURVE_WITH_KNOTS('',3,(#7978,#7979,#7980,#7981,#7982,
    #7983,#7984),.UNSPECIFIED.,.F.,.F.,(4,3,4),(0.,0.499999999701,0.625)
  ,.UNSPECIFIED.);
#7978 = CARTESIAN_POINT('',(5.496401184,32.911608322,-9.4));
#7979 = CARTESIAN_POINT('',(6.103011459,33.560594645,-8.066666667));
#7980 = CARTESIAN_POINT('',(6.592445126,34.318385394,-6.733333333));
#7981 = CARTESIAN_POINT('',(6.935119232652,35.137902539089,
    -5.400000000733));
#7982 = CARTESIAN_POINT('',(7.020787759571,35.342781825973,
    -5.066666666671));
#7983 = CARTESIAN_POINT('',(7.097267791233,35.551480694908,
    -4.733333333341));
#7984 = CARTESIAN_POINT('',(7.164360365991,35.763153466817,
    -4.400000000012));
#7985 = PCURVE('',#3661,#7986);
#7986 = DEFINITIONAL_REPRESENTATION('',(#7987),#7990);
#7987 = B_SPLINE_CURVE_WITH_KNOTS('',1,(#7988,#7989),.UNSPECIFIED.,.F.,
  .F.,(2,2),(0.,0.625),.PIECEWISE_BEZIER_KNOTS.);
#7988 = CARTESIAN_POINT('',(1.,-1.140506216561E-16));
#7989 = CARTESIAN_POINT('',(0.999999966744,0.625000002422));
#7990 = ( GEOMETRIC_REPRESENTATION_CONTEXT(2) 
PARAMETRIC_REPRESENTATION_CONTEXT() REPRESENTATION_CONTEXT('2D SPACE',''
  ) );
#7991 = PCURVE('',#3516,#7992);
#7992 = DEFINITIONAL_REPRESENTATION('',(#7993),#7997);
#7993 = LINE('',#7994,#7995);
#7994 = CARTESIAN_POINT('',(-5.413369454867E-15,-3.409363549788E-17));
#7995 = VECTOR('',#7996,1.);
#7996 = DIRECTION('',(-1.431493272542E-13,1.));
#7997 = ( GEOMETRIC_REPRESENTATION_CONTEXT(2) 
PARAMETRIC_REPRESENTATION_CONTEXT() REPRESENTATION_CONTEXT('2D SPACE',''
  ) );
#7998 = ORIENTED_EDGE('',*,*,#7999,.T.);
#7999 = EDGE_CURVE('',#7974,#7900,#8000,.T.);
#8000 = SURFACE_CURVE('',#8001,(#8045,#8051),.PCURVE_S1.);
#8001 = B_SPLINE_CURVE_WITH_KNOTS('',3,(#8002,#8003,#8004,#8005,#8006,
    #8007,#8008,#8009,#8010,#8011,#8012,#8013,#8014,#8015,#8016,#8017,
    #8018,#8019,#8020,#8021,#8022,#8023,#8024,#8025,#8026,#8027,#8028,
    #8029,#8030,#8031,#8032,#8033,#8034,#8035,#8036,#8037,#8038,#8039,
    #8040,#8041,#8042,#8043,#8044),.UNSPECIFIED.,.F.,.F.,(4,3,3,3,3,3,3,
    3,3,3,3,3,3,3,4),(4.728693968584E-11,2.423184648112E-04,
    4.768401629337E-04,6.999336008981E-04,8.6591220402E-04,9.1549E-04,
    1.023830071044E-03,1.147468600862E-03,1.281148173356E-03,
    1.373235E-03,1.481216255511E-03,1.57711416772E-03,1.667960783591E-03
    ,1.752100393897E-03,1.830979964174E-03),.UNSPECIFIED.);
#8002 = CARTESIAN_POINT('',(7.164360389644,35.763153425321,-4.4));
#8003 = CARTESIAN_POINT('',(7.088594276481,35.734663161202,
    -4.400000000009));
#8004 = CARTESIAN_POINT('',(7.011666182639,35.707941185574,
    -4.400000012227));
#8005 = CARTESIAN_POINT('',(6.93401037992,35.683393862229,
    -4.400000028035));
#8006 = CARTESIAN_POINT('',(6.858853192494,35.659636361606,
    -4.400000043335));
#8007 = CARTESIAN_POINT('',(6.783015059994,35.637916332154,
    -4.400000061997));
#8008 = CARTESIAN_POINT('',(6.70690441567,35.618557259665,
    -4.400000076208));
#8009 = CARTESIAN_POINT('',(6.634502648824,35.600141556249,
    -4.400000089727));
#8010 = CARTESIAN_POINT('',(6.561854857169,35.583862517271,
    -4.400000099218));
#8011 = CARTESIAN_POINT('',(6.489317168549,35.569952542306,
    -4.400000097956));
#8012 = CARTESIAN_POINT('',(6.435350075924,35.559603702667,
    -4.400000097016));
#8013 = CARTESIAN_POINT('',(6.381444061621,35.550565290283,
    -4.400000090125));
#8014 = CARTESIAN_POINT('',(6.327744795902,35.542914159922,
    -4.400000074511));
#8015 = CARTESIAN_POINT('',(6.311704829364,35.540628767871,
    -4.400000069847));
#8016 = CARTESIAN_POINT('',(6.295488647063,35.538423961214,
    -4.400000064406));
#8017 = CARTESIAN_POINT('',(6.279119030802,35.536313162652,
    -4.400000058112));
#8018 = CARTESIAN_POINT('',(6.243347263347,35.531700531905,
    -4.400000044358));
#8019 = CARTESIAN_POINT('',(6.207393325785,35.527607605934,
    -4.400000033859));
#8020 = CARTESIAN_POINT('',(6.171372542761,35.524108897071,
    -4.40000002587));
#8021 = CARTESIAN_POINT('',(6.130265345645,35.520116143366,
    -4.400000016752));
#8022 = CARTESIAN_POINT('',(6.089070584881,35.516896187971,
    -4.400000010903));
#8023 = CARTESIAN_POINT('',(6.047891908619,35.514561865541,
    -4.400000007213));
#8024 = CARTESIAN_POINT('',(6.003368992934,35.512037966033,
    -4.400000003223));
#8025 = CARTESIAN_POINT('',(5.958862869524,35.510547529698,
    -4.400000001757));
#8026 = CARTESIAN_POINT('',(5.914451548794,35.510259555681,
    -4.400000001415));
#8027 = CARTESIAN_POINT('',(5.883858261302,35.510061181218,
    -4.400000001179));
#8028 = CARTESIAN_POINT('',(5.853308812962,35.510433965678,
    -4.400000001475));
#8029 = CARTESIAN_POINT('',(5.822824087593,35.511446943098,
    -4.400000001847));
#8030 = CARTESIAN_POINT('',(5.787077618318,35.512634763089,
    -4.400000002283));
#8031 = CARTESIAN_POINT('',(5.751490913379,35.514698115303,
    -4.400000002411));
#8032 = CARTESIAN_POINT('',(5.716027377528,35.517775088929,
    -4.400000002352));
#8033 = CARTESIAN_POINT('',(5.684532290426,35.520507742344,-4.4000000023
    ));
#8034 = CARTESIAN_POINT('',(5.653133707797,35.524039958275,
    -4.400000002101));
#8035 = CARTESIAN_POINT('',(5.62182325357,35.528505533939,
    -4.400000001838));
#8036 = CARTESIAN_POINT('',(5.59216203632,35.532735891282,-4.40000000159
    ));
#8037 = CARTESIAN_POINT('',(5.562579369499,35.537803663306,
    -4.400000001285));
#8038 = CARTESIAN_POINT('',(5.533092679371,35.5438591896,-4.400000000995
    ));
#8039 = CARTESIAN_POINT('',(5.505782926633,35.549467649724,
    -4.400000000727));
#8040 = CARTESIAN_POINT('',(5.478555239284,35.555923387839,
    -4.400000000472));
#8041 = CARTESIAN_POINT('',(5.451450342098,35.563379340333,
    -4.400000000287));
#8042 = CARTESIAN_POINT('',(5.426039924404,35.570369179323,
    -4.400000000114));
#8043 = CARTESIAN_POINT('',(5.400737218422,35.578238042461,
    -4.400000000003));
#8044 = CARTESIAN_POINT('',(5.375603577166,35.587142989653,-4.4));
#8045 = PCURVE('',#3661,#8046);
#8046 = DEFINITIONAL_REPRESENTATION('',(#8047),#8050);
#8047 = B_SPLINE_CURVE_WITH_KNOTS('',1,(#8048,#8049),.UNSPECIFIED.,.F.,
  .F.,(2,2),(4.728693968584E-11,1.830979964174E-03),
  .PIECEWISE_BEZIER_KNOTS.);
#8048 = CARTESIAN_POINT('',(0.999999974946,0.625));
#8049 = CARTESIAN_POINT('',(8.12838057512E-07,0.625));
#8050 = ( GEOMETRIC_REPRESENTATION_CONTEXT(2) 
PARAMETRIC_REPRESENTATION_CONTEXT() REPRESENTATION_CONTEXT('2D SPACE',''
  ) );
#8051 = PCURVE('',#94,#8052);
#8052 = DEFINITIONAL_REPRESENTATION('',(#8053),#8097);
#8053 = B_SPLINE_CURVE_WITH_KNOTS('',3,(#8054,#8055,#8056,#8057,#8058,
    #8059,#8060,#8061,#8062,#8063,#8064,#8065,#8066,#8067,#8068,#8069,
    #8070,#8071,#8072,#8073,#8074,#8075,#8076,#8077,#8078,#8079,#8080,
    #8081,#8082,#8083,#8084,#8085,#8086,#8087,#8088,#8089,#8090,#8091,
    #8092,#8093,#8094,#8095,#8096),.UNSPECIFIED.,.F.,.F.,(4,3,3,3,3,3,3,
    3,3,3,3,3,3,3,4),(4.728693968584E-11,2.423184648112E-04,
    4.768401629337E-04,6.999336008981E-04,8.6591220402E-04,9.1549E-04,
    1.023830071044E-03,1.147468600862E-03,1.281148173356E-03,
    1.373235E-03,1.481216255511E-03,1.57711416772E-03,1.667960783591E-03
    ,1.752100393897E-03,1.830979964174E-03),.UNSPECIFIED.);
#8054 = CARTESIAN_POINT('',(-7.164359227644,14.236846605679));
#8055 = CARTESIAN_POINT('',(-7.088593114481,14.265336869798));
#8056 = CARTESIAN_POINT('',(-7.011665020639,14.292058845426));
#8057 = CARTESIAN_POINT('',(-6.93400921792,14.316606168771));
#8058 = CARTESIAN_POINT('',(-6.858852030494,14.340363669394));
#8059 = CARTESIAN_POINT('',(-6.783013897994,14.362083698846));
#8060 = CARTESIAN_POINT('',(-6.70690325367,14.381442771335));
#8061 = CARTESIAN_POINT('',(-6.634501486824,14.399858474751));
#8062 = CARTESIAN_POINT('',(-6.561853695169,14.416137513729));
#8063 = CARTESIAN_POINT('',(-6.489316006549,14.430047488694));
#8064 = CARTESIAN_POINT('',(-6.435348913924,14.440396328333));
#8065 = CARTESIAN_POINT('',(-6.381442899621,14.449434740717));
#8066 = CARTESIAN_POINT('',(-6.327743633902,14.457085871078));
#8067 = CARTESIAN_POINT('',(-6.311703667364,14.459371263129));
#8068 = CARTESIAN_POINT('',(-6.295487485063,14.461576069786));
#8069 = CARTESIAN_POINT('',(-6.279117868802,14.463686868348));
#8070 = CARTESIAN_POINT('',(-6.243346101347,14.468299499095));
#8071 = CARTESIAN_POINT('',(-6.207392163785,14.472392425066));
#8072 = CARTESIAN_POINT('',(-6.171371380761,14.475891133929));
#8073 = CARTESIAN_POINT('',(-6.130264183645,14.479883887634));
#8074 = CARTESIAN_POINT('',(-6.08906942288,14.483103843029));
#8075 = CARTESIAN_POINT('',(-6.047890746619,14.485438165459));
#8076 = CARTESIAN_POINT('',(-6.003367830934,14.487962064967));
#8077 = CARTESIAN_POINT('',(-5.958861707524,14.489452501302));
#8078 = CARTESIAN_POINT('',(-5.914450386794,14.489740475319));
#8079 = CARTESIAN_POINT('',(-5.883857099302,14.489938849782));
#8080 = CARTESIAN_POINT('',(-5.853307650962,14.489566065322));
#8081 = CARTESIAN_POINT('',(-5.822822925593,14.488553087902));
#8082 = CARTESIAN_POINT('',(-5.787076456318,14.487365267911));
#8083 = CARTESIAN_POINT('',(-5.751489751379,14.485301915697));
#8084 = CARTESIAN_POINT('',(-5.716026215528,14.482224942071));
#8085 = CARTESIAN_POINT('',(-5.684531128426,14.479492288656));
#8086 = CARTESIAN_POINT('',(-5.653132545797,14.475960072725));
#8087 = CARTESIAN_POINT('',(-5.62182209157,14.471494497061));
#8088 = CARTESIAN_POINT('',(-5.59216087432,14.467264139718));
#8089 = CARTESIAN_POINT('',(-5.562578207499,14.462196367694));
#8090 = CARTESIAN_POINT('',(-5.533091517371,14.4561408414));
#8091 = CARTESIAN_POINT('',(-5.505781764633,14.450532381276));
#8092 = CARTESIAN_POINT('',(-5.478554077284,14.444076643161));
#8093 = CARTESIAN_POINT('',(-5.451449180098,14.436620690667));
#8094 = CARTESIAN_POINT('',(-5.426038762404,14.429630851677));
#8095 = CARTESIAN_POINT('',(-5.400736056422,14.421761988539));
#8096 = CARTESIAN_POINT('',(-5.375602415166,14.412857041347));
#8097 = ( GEOMETRIC_REPRESENTATION_CONTEXT(2) 
PARAMETRIC_REPRESENTATION_CONTEXT() REPRESENTATION_CONTEXT('2D SPACE',''
  ) );
#8098 = ORIENTED_EDGE('',*,*,#7899,.F.);
#8099 = ORIENTED_EDGE('',*,*,#3559,.T.);
#8100 = ADVANCED_FACE('',(#8101),#3516,.T.);
#8101 = FACE_BOUND('',#8102,.T.);
#8102 = EDGE_LOOP('',(#8103,#8129,#8154,#8155));
#8103 = ORIENTED_EDGE('',*,*,#8104,.T.);
#8104 = EDGE_CURVE('',#3343,#8105,#8107,.T.);
#8105 = VERTEX_POINT('',#8106);
#8106 = CARTESIAN_POINT('',(7.273954101,36.143042815,-4.4));
#8107 = SURFACE_CURVE('',#8108,(#8115,#8122),.PCURVE_S1.);
#8108 = B_SPLINE_CURVE_WITH_KNOTS('',3,(#8109,#8110,#8111,#8112,#8113,
    #8114),.UNSPECIFIED.,.F.,.F.,(4,2,4),(0.,0.5,0.625),.UNSPECIFIED.);
#8109 = CARTESIAN_POINT('',(5.75858806,33.207559328,-9.4));
#8110 = CARTESIAN_POINT('',(6.330154059,33.88761196,-8.066666667));
#8111 = CARTESIAN_POINT('',(6.778972326,34.67014266,-6.733333333));
#8112 = CARTESIAN_POINT('',(7.15273443,35.715689097,-5.066666667));
#8113 = CARTESIAN_POINT('',(7.218109834,35.928128429,-4.733333333));
#8114 = CARTESIAN_POINT('',(7.273954101,36.143042815,-4.4));
#8115 = PCURVE('',#3516,#8116);
#8116 = DEFINITIONAL_REPRESENTATION('',(#8117),#8121);
#8117 = LINE('',#8118,#8119);
#8118 = CARTESIAN_POINT('',(1.,-9.369115755271E-17));
#8119 = VECTOR('',#8120,1.);
#8120 = DIRECTION('',(-3.205195218423E-09,1.));
#8121 = ( GEOMETRIC_REPRESENTATION_CONTEXT(2) 
PARAMETRIC_REPRESENTATION_CONTEXT() REPRESENTATION_CONTEXT('2D SPACE',''
  ) );
#8122 = PCURVE('',#3456,#8123);
#8123 = DEFINITIONAL_REPRESENTATION('',(#8124),#8128);
#8124 = LINE('',#8125,#8126);
#8125 = CARTESIAN_POINT('',(-7.606416820151E-16,-5.331694144115E-17));
#8126 = VECTOR('',#8127,1.);
#8127 = DIRECTION('',(-5.872124438282E-10,1.));
#8128 = ( GEOMETRIC_REPRESENTATION_CONTEXT(2) 
PARAMETRIC_REPRESENTATION_CONTEXT() REPRESENTATION_CONTEXT('2D SPACE',''
  ) );
#8129 = ORIENTED_EDGE('',*,*,#8130,.T.);
#8130 = EDGE_CURVE('',#8105,#7974,#8131,.T.);
#8131 = SURFACE_CURVE('',#8132,(#8137,#8143),.PCURVE_S1.);
#8132 = CIRCLE('',#8133,7.499939883462);
#8133 = AXIS2_PLACEMENT_3D('',#8134,#8135,#8136);
#8134 = CARTESIAN_POINT('',(1.559374748727E-02,38.0312438728,
    -4.4000000004));
#8135 = DIRECTION('',(5.128875930337E-11,-1.47275423216E-11,-1.));
#8136 = DIRECTION('',(0.95317652269,-0.302414478145,5.334106327144E-11)
  );
#8137 = PCURVE('',#3516,#8138);
#8138 = DEFINITIONAL_REPRESENTATION('',(#8139),#8142);
#8139 = B_SPLINE_CURVE_WITH_KNOTS('',1,(#8140,#8141),.UNSPECIFIED.,.F.,
  .F.,(2,2),(6.230461215481,6.28318530718),.PIECEWISE_BEZIER_KNOTS.);
#8140 = CARTESIAN_POINT('',(0.999999997997,0.625000000375));
#8141 = CARTESIAN_POINT('',(-7.575382647579E-14,0.625000000375));
#8142 = ( GEOMETRIC_REPRESENTATION_CONTEXT(2) 
PARAMETRIC_REPRESENTATION_CONTEXT() REPRESENTATION_CONTEXT('2D SPACE',''
  ) );
#8143 = PCURVE('',#94,#8144);
#8144 = DEFINITIONAL_REPRESENTATION('',(#8145),#8153);
#8145 = ( BOUNDED_CURVE() B_SPLINE_CURVE(2,(#8146,#8147,#8148,#8149,
#8150,#8151,#8152),.UNSPECIFIED.,.T.,.F.) B_SPLINE_CURVE_WITH_KNOTS((1,2
    ,2,2,2,1),(-2.094395102393,0.,2.094395102393,4.188790204786,
6.28318530718,8.377580409573),.UNSPECIFIED.) CURVE() 
GEOMETRIC_REPRESENTATION_ITEM() RATIONAL_B_SPLINE_CURVE((1.,0.5,1.,0.5,
1.,0.5,1.)) REPRESENTATION_ITEM('') );
#8146 = CARTESIAN_POINT('',(-7.164359203994,14.236846564175));
#8147 = CARTESIAN_POINT('',(-3.235911384685,26.61887355888));
#8148 = CARTESIAN_POINT('',(5.52301463342,17.025724452565));
#8149 = CARTESIAN_POINT('',(14.281940651525,7.432575346249));
#8150 = CARTESIAN_POINT('',(1.594566814111,4.643697457859));
#8151 = CARTESIAN_POINT('',(-11.0928070233,1.85481956947));
#8152 = CARTESIAN_POINT('',(-7.164359203994,14.236846564175));
#8153 = ( GEOMETRIC_REPRESENTATION_CONTEXT(2) 
PARAMETRIC_REPRESENTATION_CONTEXT() REPRESENTATION_CONTEXT('2D SPACE',''
  ) );
#8154 = ORIENTED_EDGE('',*,*,#7973,.F.);
#8155 = ORIENTED_EDGE('',*,*,#3499,.T.);
#8156 = ADVANCED_FACE('',(#8157),#3456,.T.);
#8157 = FACE_BOUND('',#8158,.T.);
#8158 = EDGE_LOOP('',(#8159,#8184,#8290,#8291));
#8159 = ORIENTED_EDGE('',*,*,#8160,.T.);
#8160 = EDGE_CURVE('',#3284,#8161,#8163,.T.);
#8161 = VERTEX_POINT('',#8162);
#8162 = CARTESIAN_POINT('',(5.853812453871,37.244783709619,-4.399999997)
  );
#8163 = SURFACE_CURVE('',#8164,(#8171,#8178),.PCURVE_S1.);
#8164 = B_SPLINE_CURVE_WITH_KNOTS('',3,(#8165,#8166,#8167,#8168,#8169,
    #8170),.UNSPECIFIED.,.F.,.F.,(4,2,4),(0.,0.5,0.625),.UNSPECIFIED.);
#8165 = CARTESIAN_POINT('',(4.949579305,34.812609695,-9.4));
#8166 = CARTESIAN_POINT('',(5.331002402,35.396899485,-8.066666667));
#8167 = CARTESIAN_POINT('',(5.607027734,36.049498592,-6.733333333));
#8168 = CARTESIAN_POINT('',(5.799673199,36.900094824,-5.066666667));
#8169 = CARTESIAN_POINT('',(5.830575776,37.071924621,-4.733333333));
#8170 = CARTESIAN_POINT('',(5.853812455,37.244783718,-4.4));
#8171 = PCURVE('',#3456,#8172);
#8172 = DEFINITIONAL_REPRESENTATION('',(#8173),#8177);
#8173 = LINE('',#8174,#8175);
#8174 = CARTESIAN_POINT('',(1.,2.873416007561E-16));
#8175 = VECTOR('',#8176,1.);
#8176 = DIRECTION('',(-4.263256414561E-15,1.));
#8177 = ( GEOMETRIC_REPRESENTATION_CONTEXT(2) 
PARAMETRIC_REPRESENTATION_CONTEXT() REPRESENTATION_CONTEXT('2D SPACE',''
  ) );
#8178 = PCURVE('',#3299,#8179);
#8179 = DEFINITIONAL_REPRESENTATION('',(#8180),#8183);
#8180 = B_SPLINE_CURVE_WITH_KNOTS('',1,(#8181,#8182),.UNSPECIFIED.,.F.,
  .F.,(2,2),(0.,0.625),.PIECEWISE_BEZIER_KNOTS.);
#8181 = CARTESIAN_POINT('',(-3.118330517951E-14,-2.341307630215E-15));
#8182 = CARTESIAN_POINT('',(9.359852691245E-07,0.625000001019));
#8183 = ( GEOMETRIC_REPRESENTATION_CONTEXT(2) 
PARAMETRIC_REPRESENTATION_CONTEXT() REPRESENTATION_CONTEXT('2D SPACE',''
  ) );
#8184 = ORIENTED_EDGE('',*,*,#8185,.T.);
#8185 = EDGE_CURVE('',#8161,#8105,#8186,.T.);
#8186 = SURFACE_CURVE('',#8187,(#8234,#8240),.PCURVE_S1.);
#8187 = B_SPLINE_CURVE_WITH_KNOTS('',3,(#8188,#8189,#8190,#8191,#8192,
    #8193,#8194,#8195,#8196,#8197,#8198,#8199,#8200,#8201,#8202,#8203,
    #8204,#8205,#8206,#8207,#8208,#8209,#8210,#8211,#8212,#8213,#8214,
    #8215,#8216,#8217,#8218,#8219,#8220,#8221,#8222,#8223,#8224,#8225,
    #8226,#8227,#8228,#8229,#8230,#8231,#8232,#8233),.UNSPECIFIED.,.F.,
  .F.,(4,3,3,3,3,3,3,3,3,3,3,3,3,3,3,4),(7.220334502028E-13,
    8.254920682529E-05,1.692914462332E-04,2.634072737545E-04,
    3.672428941242E-04,4.5362E-04,5.837781049556E-04,7.110061534882E-04,
    8.216422023044E-04,9.07239E-04,9.556264486838E-04,1.096490421347E-03
    ,1.242218307696E-03,1.360859E-03,1.587669E-03,1.814479E-03),
  .UNSPECIFIED.);
#8188 = CARTESIAN_POINT('',(5.853812455721,37.244783717838,-4.4));
#8189 = CARTESIAN_POINT('',(5.881271283194,37.238604578399,
    -4.400000000021));
#8190 = CARTESIAN_POINT('',(5.908281811913,37.23134825366,
    -4.400000000035));
#8191 = CARTESIAN_POINT('',(5.934881094472,37.223205823279,
    -4.400000000048));
#8192 = CARTESIAN_POINT('',(5.962831470312,37.214649803436,
    -4.400000000062));
#8193 = CARTESIAN_POINT('',(5.990327998753,37.205115008986,
    -4.400000000076));
#8194 = CARTESIAN_POINT('',(6.01742300831,37.194766206811,
    -4.400000000099));
#8195 = CARTESIAN_POINT('',(6.046821249161,37.183537697065,
    -4.400000000123));
#8196 = CARTESIAN_POINT('',(6.075747113252,37.171350708411,
    -4.400000000157));
#8197 = CARTESIAN_POINT('',(6.104273857222,37.158354443835,
    -4.400000000213));
#8198 = CARTESIAN_POINT('',(6.135746694844,37.144015992691,
    -4.400000000275));
#8199 = CARTESIAN_POINT('',(6.166734268731,37.128692176403,
    -4.400000000362));
#8200 = CARTESIAN_POINT('',(6.197335520054,37.112515485758,
    -4.400000000491));
#8201 = CARTESIAN_POINT('',(6.222791596842,37.099058680515,
    -4.400000000598));
#8202 = CARTESIAN_POINT('',(6.247980523912,37.085010044562,
    -4.400000000733));
#8203 = CARTESIAN_POINT('',(6.27295497759,37.070419074248,
    -4.400000000905));
#8204 = CARTESIAN_POINT('',(6.310587953715,37.04843254175,
    -4.400000001165));
#8205 = CARTESIAN_POINT('',(6.347605601418,37.025291176199,
    -4.400000009386));
#8206 = CARTESIAN_POINT('',(6.384075504317,37.001186890264,
    -4.400000019804));
#8207 = CARTESIAN_POINT('',(6.419724414369,36.977625228378,
    -4.400000029987));
#8208 = CARTESIAN_POINT('',(6.454851133994,36.953140767411,
    -4.400000042269));
#8209 = CARTESIAN_POINT('',(6.48947891847,36.927887374896,
    -4.400000051267));
#8210 = CARTESIAN_POINT('',(6.519590841885,36.905927314994,
    -4.400000059091));
#8211 = CARTESIAN_POINT('',(6.549325463199,36.883384331794,
    -4.400000064432));
#8212 = CARTESIAN_POINT('',(6.578661763431,36.860367506938,
    -4.400000063748));
#8213 = CARTESIAN_POINT('',(6.601358645532,36.842559870802,
    -4.40000006322));
#8214 = CARTESIAN_POINT('',(6.623816545768,36.824468540899,
    -4.400000059086));
#8215 = CARTESIAN_POINT('',(6.64600722011,36.806155528406,
    -4.400000049706));
#8216 = CARTESIAN_POINT('',(6.658551499159,36.795803272525,
    -4.400000044404));
#8217 = CARTESIAN_POINT('',(6.670952092127,36.785428161613,
    -4.400000039668));
#8218 = CARTESIAN_POINT('',(6.683187630623,36.775059240355,
    -4.400000035448));
#8219 = CARTESIAN_POINT('',(6.718807333813,36.744873572784,
    -4.400000023164));
#8220 = CARTESIAN_POINT('',(6.754196671124,36.713568020104,
    -4.40000001526));
#8221 = CARTESIAN_POINT('',(6.789116447694,36.681377680715,
    -4.400000010536));
#8222 = CARTESIAN_POINT('',(6.825241974578,36.648075836166,
    -4.40000000565));
#8223 = CARTESIAN_POINT('',(6.860864717163,36.613827221738,
    -4.400000004166));
#8224 = CARTESIAN_POINT('',(6.895743113122,36.578944267912,
    -4.400000004755));
#8225 = CARTESIAN_POINT('',(6.924138481687,36.550545188674,
    -4.400000005235));
#8226 = CARTESIAN_POINT('',(6.952040933354,36.521726801803,
    -4.400000007089));
#8227 = CARTESIAN_POINT('',(6.979332292413,36.492679993344,-4.4000000096
    ));
#8228 = CARTESIAN_POINT('',(7.031506239041,36.437150086204,-4.4000000144
    ));
#8229 = CARTESIAN_POINT('',(7.082052888302,36.380155974771,
    -4.400000012057));
#8230 = CARTESIAN_POINT('',(7.131112541678,36.32184402002,
    -4.400000008517));
#8231 = CARTESIAN_POINT('',(7.180172195055,36.26353206527,
    -4.400000004976));
#8232 = CARTESIAN_POINT('',(7.227744959642,36.203901560548,
    -4.400000000238));
#8233 = CARTESIAN_POINT('',(7.273954100958,36.14304281584,
    -4.400000000248));
#8234 = PCURVE('',#3456,#8235);
#8235 = DEFINITIONAL_REPRESENTATION('',(#8236),#8239);
#8236 = B_SPLINE_CURVE_WITH_KNOTS('',1,(#8237,#8238),.UNSPECIFIED.,.F.,
  .F.,(2,2),(7.220334502028E-13,1.814479E-03),.PIECEWISE_BEZIER_KNOTS.);
#8237 = CARTESIAN_POINT('',(0.999999999576,0.625));
#8238 = CARTESIAN_POINT('',(-5.598692912178E-15,0.624999999969));
#8239 = ( GEOMETRIC_REPRESENTATION_CONTEXT(2) 
PARAMETRIC_REPRESENTATION_CONTEXT() REPRESENTATION_CONTEXT('2D SPACE',''
  ) );
#8240 = PCURVE('',#94,#8241);
#8241 = DEFINITIONAL_REPRESENTATION('',(#8242),#8289);
#8242 = B_SPLINE_CURVE_WITH_KNOTS('',3,(#8243,#8244,#8245,#8246,#8247,
    #8248,#8249,#8250,#8251,#8252,#8253,#8254,#8255,#8256,#8257,#8258,
    #8259,#8260,#8261,#8262,#8263,#8264,#8265,#8266,#8267,#8268,#8269,
    #8270,#8271,#8272,#8273,#8274,#8275,#8276,#8277,#8278,#8279,#8280,
    #8281,#8282,#8283,#8284,#8285,#8286,#8287,#8288),.UNSPECIFIED.,.F.,
  .F.,(4,3,3,3,3,3,3,3,3,3,3,3,3,3,3,4),(7.220334502028E-13,
    8.254920682529E-05,1.692914462332E-04,2.634072737545E-04,
    3.672428941242E-04,4.5362E-04,5.837781049556E-04,7.110061534882E-04,
    8.216422023044E-04,9.07239E-04,9.556264486838E-04,1.096490421347E-03
    ,1.242218307696E-03,1.360859E-03,1.587669E-03,1.814479E-03),
  .UNSPECIFIED.);
#8243 = CARTESIAN_POINT('',(-5.853811293721,12.755216313162));
#8244 = CARTESIAN_POINT('',(-5.881270121194,12.761395452601));
#8245 = CARTESIAN_POINT('',(-5.908280649913,12.76865177734));
#8246 = CARTESIAN_POINT('',(-5.934879932472,12.776794207721));
#8247 = CARTESIAN_POINT('',(-5.962830308312,12.785350227564));
#8248 = CARTESIAN_POINT('',(-5.990326836753,12.794885022014));
#8249 = CARTESIAN_POINT('',(-6.01742184631,12.805233824189));
#8250 = CARTESIAN_POINT('',(-6.046820087161,12.816462333935));
#8251 = CARTESIAN_POINT('',(-6.075745951252,12.828649322589));
#8252 = CARTESIAN_POINT('',(-6.104272695222,12.841645587165));
#8253 = CARTESIAN_POINT('',(-6.135745532844,12.855984038309));
#8254 = CARTESIAN_POINT('',(-6.166733106731,12.871307854597));
#8255 = CARTESIAN_POINT('',(-6.197334358054,12.887484545242));
#8256 = CARTESIAN_POINT('',(-6.222790434842,12.900941350485));
#8257 = CARTESIAN_POINT('',(-6.247979361912,12.914989986438));
#8258 = CARTESIAN_POINT('',(-6.27295381559,12.929580956752));
#8259 = CARTESIAN_POINT('',(-6.310586791715,12.95156748925));
#8260 = CARTESIAN_POINT('',(-6.347604439418,12.974708854801));
#8261 = CARTESIAN_POINT('',(-6.384074342317,12.998813140735));
#8262 = CARTESIAN_POINT('',(-6.419723252369,13.022374802622));
#8263 = CARTESIAN_POINT('',(-6.454849971994,13.046859263589));
#8264 = CARTESIAN_POINT('',(-6.48947775647,13.072112656104));
#8265 = CARTESIAN_POINT('',(-6.519589679885,13.094072716006));
#8266 = CARTESIAN_POINT('',(-6.549324301199,13.116615699206));
#8267 = CARTESIAN_POINT('',(-6.578660601431,13.139632524062));
#8268 = CARTESIAN_POINT('',(-6.601357483532,13.157440160198));
#8269 = CARTESIAN_POINT('',(-6.623815383768,13.175531490101));
#8270 = CARTESIAN_POINT('',(-6.64600605811,13.193844502594));
#8271 = CARTESIAN_POINT('',(-6.658550337159,13.204196758475));
#8272 = CARTESIAN_POINT('',(-6.670950930127,13.214571869387));
#8273 = CARTESIAN_POINT('',(-6.683186468623,13.224940790645));
#8274 = CARTESIAN_POINT('',(-6.718806171813,13.255126458216));
#8275 = CARTESIAN_POINT('',(-6.754195509124,13.286432010896));
#8276 = CARTESIAN_POINT('',(-6.789115285694,13.318622350285));
#8277 = CARTESIAN_POINT('',(-6.825240812578,13.351924194834));
#8278 = CARTESIAN_POINT('',(-6.860863555163,13.386172809262));
#8279 = CARTESIAN_POINT('',(-6.895741951122,13.421055763088));
#8280 = CARTESIAN_POINT('',(-6.924137319687,13.449454842326));
#8281 = CARTESIAN_POINT('',(-6.952039771354,13.478273229197));
#8282 = CARTESIAN_POINT('',(-6.979331130413,13.507320037656));
#8283 = CARTESIAN_POINT('',(-7.031505077041,13.562849944796));
#8284 = CARTESIAN_POINT('',(-7.082051726302,13.619844056229));
#8285 = CARTESIAN_POINT('',(-7.131111379678,13.67815601098));
#8286 = CARTESIAN_POINT('',(-7.180171033055,13.73646796573));
#8287 = CARTESIAN_POINT('',(-7.227743797642,13.796098470452));
#8288 = CARTESIAN_POINT('',(-7.273952938958,13.85695721516));
#8289 = ( GEOMETRIC_REPRESENTATION_CONTEXT(2) 
PARAMETRIC_REPRESENTATION_CONTEXT() REPRESENTATION_CONTEXT('2D SPACE',''
  ) );
#8290 = ORIENTED_EDGE('',*,*,#8104,.F.);
#8291 = ORIENTED_EDGE('',*,*,#3342,.T.);
#8292 = ADVANCED_FACE('',(#8293),#3211,.T.);
#8293 = FACE_BOUND('',#8294,.T.);
#8294 = EDGE_LOOP('',(#8295,#8320,#8342,#8364));
#8295 = ORIENTED_EDGE('',*,*,#8296,.T.);
#8296 = EDGE_CURVE('',#3051,#8297,#8299,.T.);
#8297 = VERTEX_POINT('',#8298);
#8298 = CARTESIAN_POINT('',(5.897476367188,38.358023547511,
    -4.400000009424));
#8299 = SURFACE_CURVE('',#8300,(#8307,#8314),.PCURVE_S1.);
#8300 = B_SPLINE_CURVE_WITH_KNOTS('',3,(#8301,#8302,#8303,#8304,#8305,
    #8306),.UNSPECIFIED.,.F.,.F.,(4,2,4),(0.,0.5,0.625),.UNSPECIFIED.);
#8301 = CARTESIAN_POINT('',(5.46732384,35.799102361,-9.4));
#8302 = CARTESIAN_POINT('',(5.731920378,36.444754597,-8.066666667));
#8303 = CARTESIAN_POINT('',(5.880144009,37.137650986,-6.733333333));
#8304 = CARTESIAN_POINT('',(5.90920075,38.009305802,-5.066666667));
#8305 = CARTESIAN_POINT('',(5.907199871,38.183880856,-4.733333333));
#8306 = CARTESIAN_POINT('',(5.897476371,38.358023521,-4.4));
#8307 = PCURVE('',#3211,#8308);
#8308 = DEFINITIONAL_REPRESENTATION('',(#8309),#8313);
#8309 = LINE('',#8310,#8311);
#8310 = CARTESIAN_POINT('',(0.999994141205,1.040579059018E-17));
#8311 = VECTOR('',#8312,1.);
#8312 = DIRECTION('',(9.059419880941E-15,1.));
#8313 = ( GEOMETRIC_REPRESENTATION_CONTEXT(2) 
PARAMETRIC_REPRESENTATION_CONTEXT() REPRESENTATION_CONTEXT('2D SPACE',''
  ) );
#8314 = PCURVE('',#3152,#8315);
#8315 = DEFINITIONAL_REPRESENTATION('',(#8316),#8319);
#8316 = B_SPLINE_CURVE_WITH_KNOTS('',1,(#8317,#8318),.UNSPECIFIED.,.F.,
  .F.,(2,2),(0.,0.625),.PIECEWISE_BEZIER_KNOTS.);
#8317 = CARTESIAN_POINT('',(-4.021258315907E-16,-1.08256558332E-17));
#8318 = CARTESIAN_POINT('',(3.288904264382E-07,0.624999996466));
#8319 = ( GEOMETRIC_REPRESENTATION_CONTEXT(2) 
PARAMETRIC_REPRESENTATION_CONTEXT() REPRESENTATION_CONTEXT('2D SPACE',''
  ) );
#8320 = ORIENTED_EDGE('',*,*,#8321,.T.);
#8321 = EDGE_CURVE('',#8297,#8322,#8324,.T.);
#8322 = VERTEX_POINT('',#8323);
#8323 = CARTESIAN_POINT('',(5.257504429,38.322468703,-4.4));
#8324 = SURFACE_CURVE('',#8325,(#8329,#8335),.PCURVE_S1.);
#8325 = LINE('',#8326,#8327);
#8326 = CARTESIAN_POINT('',(5.897476371,38.358023521,-4.4));
#8327 = VECTOR('',#8328,1.);
#8328 = DIRECTION('',(-0.998460282301,-5.547129589092E-02,
    -4.807920844315E-10));
#8329 = PCURVE('',#3211,#8330);
#8330 = DEFINITIONAL_REPRESENTATION('',(#8331),#8334);
#8331 = B_SPLINE_CURVE_WITH_KNOTS('',1,(#8332,#8333),.UNSPECIFIED.,.F.,
  .F.,(2,2),(2.335691806205E-09,0.640958837704),
  .PIECEWISE_BEZIER_KNOTS.);
#8332 = CARTESIAN_POINT('',(0.999994138053,0.625));
#8333 = CARTESIAN_POINT('',(0.135003787922,0.625));
#8334 = ( GEOMETRIC_REPRESENTATION_CONTEXT(2) 
PARAMETRIC_REPRESENTATION_CONTEXT() REPRESENTATION_CONTEXT('2D SPACE',''
  ) );
#8335 = PCURVE('',#94,#8336);
#8336 = DEFINITIONAL_REPRESENTATION('',(#8337),#8341);
#8337 = LINE('',#8338,#8339);
#8338 = CARTESIAN_POINT('',(-5.897475209,11.64197651));
#8339 = VECTOR('',#8340,1.);
#8340 = DIRECTION('',(0.998460282301,5.547129589092E-02));
#8341 = ( GEOMETRIC_REPRESENTATION_CONTEXT(2) 
PARAMETRIC_REPRESENTATION_CONTEXT() REPRESENTATION_CONTEXT('2D SPACE',''
  ) );
#8342 = ORIENTED_EDGE('',*,*,#8343,.T.);
#8343 = EDGE_CURVE('',#8322,#3196,#8344,.T.);
#8344 = SURFACE_CURVE('',#8345,(#8352,#8358),.PCURVE_S1.);
#8345 = B_SPLINE_CURVE_WITH_KNOTS('',3,(#8346,#8347,#8348,#8349,#8350,
    #8351),.UNSPECIFIED.,.F.,.F.,(4,2,4),(-0.552537104936,
    -0.163052004389,0.),.UNSPECIFIED.);
#8346 = CARTESIAN_POINT('',(5.257504429048,38.322468703005,
    -4.400000000001));
#8347 = CARTESIAN_POINT('',(5.287940518618,37.774629527767,
    -5.576648158825));
#8348 = CARTESIAN_POINT('',(5.232307065281,37.225392155167,
    -6.746091719985));
#8349 = CARTESIAN_POINT('',(5.034156790512,36.472647421826,
    -8.415322411345));
#8350 = CARTESIAN_POINT('',(4.961164637896,36.254578827329,
    -8.907428764018));
#8351 = CARTESIAN_POINT('',(4.874119674228,36.041982181737,
    -9.399999999927));
#8352 = PCURVE('',#3211,#8353);
#8353 = DEFINITIONAL_REPRESENTATION('',(#8354),#8357);
#8354 = B_SPLINE_CURVE_WITH_KNOTS('',1,(#8355,#8356),.UNSPECIFIED.,.F.,
  .F.,(2,2),(-0.552537104936,0.),.PIECEWISE_BEZIER_KNOTS.);
#8355 = CARTESIAN_POINT('',(0.135003787988,0.625));
#8356 = CARTESIAN_POINT('',(0.134952654597,9.166264655775E-12));
#8357 = ( GEOMETRIC_REPRESENTATION_CONTEXT(2) 
PARAMETRIC_REPRESENTATION_CONTEXT() REPRESENTATION_CONTEXT('2D SPACE',''
  ) );
#8358 = PCURVE('',#3271,#8359);
#8359 = DEFINITIONAL_REPRESENTATION('',(#8360),#8363);
#8360 = B_SPLINE_CURVE_WITH_KNOTS('',1,(#8361,#8362),.UNSPECIFIED.,.F.,
  .F.,(2,2),(-0.552537104936,0.),.PIECEWISE_BEZIER_KNOTS.);
#8361 = CARTESIAN_POINT('',(6.466708970857,4.999999999999));
#8362 = CARTESIAN_POINT('',(6.022594129497,7.332978668728E-11));
#8363 = ( GEOMETRIC_REPRESENTATION_CONTEXT(2) 
PARAMETRIC_REPRESENTATION_CONTEXT() REPRESENTATION_CONTEXT('2D SPACE',''
  ) );
#8364 = ORIENTED_EDGE('',*,*,#3195,.T.);
#8365 = ADVANCED_FACE('',(#8366),#3152,.T.);
#8366 = FACE_BOUND('',#8367,.T.);
#8367 = EDGE_LOOP('',(#8368,#8394,#8494,#8495));
#8368 = ORIENTED_EDGE('',*,*,#8369,.T.);
#8369 = EDGE_CURVE('',#2991,#8370,#8372,.T.);
#8370 = VERTEX_POINT('',#8371);
#8371 = CARTESIAN_POINT('',(7.399546602,39.345149988,-4.4));
#8372 = SURFACE_CURVE('',#8373,(#8380,#8387),.PCURVE_S1.);
#8373 = B_SPLINE_CURVE_WITH_KNOTS('',3,(#8374,#8375,#8376,#8377,#8378,
    #8379),.UNSPECIFIED.,.F.,.F.,(4,2,4),(0.,0.5,0.625),.UNSPECIFIED.);
#8374 = CARTESIAN_POINT('',(7.247821107,36.045092862,-9.4));
#8375 = CARTESIAN_POINT('',(7.483348847,36.901647564,-8.066666667));
#8376 = CARTESIAN_POINT('',(7.564558027,37.800089113,-6.733333333));
#8377 = CARTESIAN_POINT('',(7.467775831,38.906207869,-5.066666667));
#8378 = CARTESIAN_POINT('',(7.438508329,39.126543583,-4.733333333));
#8379 = CARTESIAN_POINT('',(7.399546602,39.345149988,-4.4));
#8380 = PCURVE('',#3152,#8381);
#8381 = DEFINITIONAL_REPRESENTATION('',(#8382),#8386);
#8382 = LINE('',#8383,#8384);
#8383 = CARTESIAN_POINT('',(1.,-7.13131353954E-16));
#8384 = VECTOR('',#8385,1.);
#8385 = DIRECTION('',(6.217248937901E-15,1.));
#8386 = ( GEOMETRIC_REPRESENTATION_CONTEXT(2) 
PARAMETRIC_REPRESENTATION_CONTEXT() REPRESENTATION_CONTEXT('2D SPACE',''
  ) );
#8387 = PCURVE('',#3007,#8388);
#8388 = DEFINITIONAL_REPRESENTATION('',(#8389),#8393);
#8389 = LINE('',#8390,#8391);
#8390 = CARTESIAN_POINT('',(-1.457284990166E-14,-1.528501464217E-16));
#8391 = VECTOR('',#8392,1.);
#8392 = DIRECTION('',(-3.166390315011E-09,1.));
#8393 = ( GEOMETRIC_REPRESENTATION_CONTEXT(2) 
PARAMETRIC_REPRESENTATION_CONTEXT() REPRESENTATION_CONTEXT('2D SPACE',''
  ) );
#8394 = ORIENTED_EDGE('',*,*,#8395,.T.);
#8395 = EDGE_CURVE('',#8370,#8297,#8396,.T.);
#8396 = SURFACE_CURVE('',#8397,(#8441,#8447),.PCURVE_S1.);
#8397 = B_SPLINE_CURVE_WITH_KNOTS('',3,(#8398,#8399,#8400,#8401,#8402,
    #8403,#8404,#8405,#8406,#8407,#8408,#8409,#8410,#8411,#8412,#8413,
    #8414,#8415,#8416,#8417,#8418,#8419,#8420,#8421,#8422,#8423,#8424,
    #8425,#8426,#8427,#8428,#8429,#8430,#8431,#8432,#8433,#8434,#8435,
    #8436,#8437,#8438,#8439,#8440),.UNSPECIFIED.,.F.,.F.,(4,3,3,3,3,3,3,
    3,3,3,3,3,3,3,4),(0.,2.423319407407E-04,4.768671530056E-04,
    6.999732270068E-04,8.659145373165E-04,9.15491E-04,1.023835180129E-03
    ,1.147477968971E-03,1.281159587557E-03,1.373236E-03,
    1.48121837269E-03,1.577117750727E-03,1.667965845545E-03,
    1.752107008737E-03,1.830980984862E-03),.UNSPECIFIED.);
#8398 = CARTESIAN_POINT('',(7.399546602,39.345149988,-4.4));
#8399 = CARTESIAN_POINT('',(7.34569614627,39.284709497304,
    -4.400000000043));
#8400 = CARTESIAN_POINT('',(7.289994890729,39.225294879532,
    -4.400000012265));
#8401 = CARTESIAN_POINT('',(7.232638528411,39.167467813024,
    -4.400000028064));
#8402 = CARTESIAN_POINT('',(7.177127535639,39.111501260383,
    -4.400000043354));
#8403 = CARTESIAN_POINT('',(7.120066598009,39.057022517827,
    -4.400000061994));
#8404 = CARTESIAN_POINT('',(7.061667048752,39.004507872794,
    -4.400000076182));
#8405 = CARTESIAN_POINT('',(7.006113368637,38.954552319564,
    -4.400000089679));
#8406 = CARTESIAN_POINT('',(6.949348778073,38.906374547845,
    -4.400000099147));
#8407 = CARTESIAN_POINT('',(6.891580625714,38.860345878145,
    -4.400000097873));
#8408 = CARTESIAN_POINT('',(6.848613965395,38.826110782593,
    -4.400000096925));
#8409 = CARTESIAN_POINT('',(6.80509266169,38.793063856501,
    -4.400000090034));
#8410 = CARTESIAN_POINT('',(6.761109909982,38.761340751861,
    -4.400000074437));
#8411 = CARTESIAN_POINT('',(6.747969666334,38.751863188315,
    -4.400000069778));
#8412 = CARTESIAN_POINT('',(6.734635953773,38.742375102145,
    -4.400000064341));
#8413 = CARTESIAN_POINT('',(6.721122704662,38.732898962246,
    -4.400000058053));
#8414 = CARTESIAN_POINT('',(6.69159091041,38.712189848434,
    -4.400000044313));
#8415 = CARTESIAN_POINT('',(6.66165623687,38.691856314859,
    -4.400000033824));
#8416 = CARTESIAN_POINT('',(6.631386178833,38.672017935795,
    -4.400000025842));
#8417 = CARTESIAN_POINT('',(6.596841873917,38.649378302447,
    -4.400000016732));
#8418 = CARTESIAN_POINT('',(6.561860836706,38.627382336541,
    -4.400000010886));
#8419 = CARTESIAN_POINT('',(6.52648241545,38.606178123249,
    -4.400000007195));
#8420 = CARTESIAN_POINT('',(6.488231542426,38.583252293281,
    -4.400000003203));
#8421 = CARTESIAN_POINT('',(6.449515220748,38.56124942162,-4.40000000173
    ));
#8422 = CARTESIAN_POINT('',(6.410324000015,38.540355408441,
    -4.400000001374));
#8423 = CARTESIAN_POINT('',(6.383330109288,38.525964157082,
    -4.400000001128));
#8424 = CARTESIAN_POINT('',(6.356109649078,38.512098915341,
    -4.400000001412));
#8425 = CARTESIAN_POINT('',(6.328649040077,38.498830490001,
    -4.400000001768));
#8426 = CARTESIAN_POINT('',(6.296444682447,38.483269978769,
    -4.400000002185));
#8427 = CARTESIAN_POINT('',(6.263974899227,38.468558988091,
    -4.40000000231));
#8428 = CARTESIAN_POINT('',(6.231143117722,38.454802781546,
    -4.400000002257));
#8429 = CARTESIAN_POINT('',(6.20198514177,38.44258586485,-4.40000000221)
  );
#8430 = CARTESIAN_POINT('',(6.172541033706,38.43112180253,
    -4.400000002023));
#8431 = CARTESIAN_POINT('',(6.142741199992,38.420525173999,
    -4.400000001776));
#8432 = CARTESIAN_POINT('',(6.114511005237,38.410486698951,
    -4.400000001542));
#8433 = CARTESIAN_POINT('',(6.085961191776,38.401226249995,
    -4.400000001254));
#8434 = CARTESIAN_POINT('',(6.057037324912,38.392885045615,
    -4.40000000098));
#8435 = CARTESIAN_POINT('',(6.030248785132,38.385159637169,
    -4.400000000726));
#8436 = CARTESIAN_POINT('',(6.00313915588,38.378222622128,
    -4.400000000485));
#8437 = CARTESIAN_POINT('',(5.975673425122,38.372228346674,
    -4.40000000031));
#8438 = CARTESIAN_POINT('',(5.949927032871,38.366609309319,
    -4.400000000145));
#8439 = CARTESIAN_POINT('',(5.923867564347,38.361818544548,
    -4.400000000039));
#8440 = CARTESIAN_POINT('',(5.897476361186,38.358023589253,
    -4.400000000036));
#8441 = PCURVE('',#3152,#8442);
#8442 = DEFINITIONAL_REPRESENTATION('',(#8443),#8446);
#8443 = B_SPLINE_CURVE_WITH_KNOTS('',1,(#8444,#8445),.UNSPECIFIED.,.F.,
  .F.,(2,2),(0.,1.830980984862E-03),.PIECEWISE_BEZIER_KNOTS.);
#8444 = CARTESIAN_POINT('',(1.,0.625));
#8445 = CARTESIAN_POINT('',(3.281523357838E-07,0.624999999996));
#8446 = ( GEOMETRIC_REPRESENTATION_CONTEXT(2) 
PARAMETRIC_REPRESENTATION_CONTEXT() REPRESENTATION_CONTEXT('2D SPACE',''
  ) );
#8447 = PCURVE('',#94,#8448);
#8448 = DEFINITIONAL_REPRESENTATION('',(#8449),#8493);
#8449 = B_SPLINE_CURVE_WITH_KNOTS('',3,(#8450,#8451,#8452,#8453,#8454,
    #8455,#8456,#8457,#8458,#8459,#8460,#8461,#8462,#8463,#8464,#8465,
    #8466,#8467,#8468,#8469,#8470,#8471,#8472,#8473,#8474,#8475,#8476,
    #8477,#8478,#8479,#8480,#8481,#8482,#8483,#8484,#8485,#8486,#8487,
    #8488,#8489,#8490,#8491,#8492),.UNSPECIFIED.,.F.,.F.,(4,3,3,3,3,3,3,
    3,3,3,3,3,3,3,4),(0.,2.423319407407E-04,4.768671530056E-04,
    6.999732270068E-04,8.659145373165E-04,9.15491E-04,1.023835180129E-03
    ,1.147477968971E-03,1.281159587557E-03,1.373236E-03,
    1.48121837269E-03,1.577117750727E-03,1.667965845545E-03,
    1.752107008737E-03,1.830980984862E-03),.UNSPECIFIED.);
#8450 = CARTESIAN_POINT('',(-7.39954544,10.654850043));
#8451 = CARTESIAN_POINT('',(-7.34569498427,10.715290533696));
#8452 = CARTESIAN_POINT('',(-7.289993728729,10.774705151468));
#8453 = CARTESIAN_POINT('',(-7.232637366411,10.832532217976));
#8454 = CARTESIAN_POINT('',(-7.177126373639,10.888498770617));
#8455 = CARTESIAN_POINT('',(-7.120065436009,10.942977513173));
#8456 = CARTESIAN_POINT('',(-7.061665886752,10.995492158206));
#8457 = CARTESIAN_POINT('',(-7.006112206636,11.045447711436));
#8458 = CARTESIAN_POINT('',(-6.949347616073,11.093625483155));
#8459 = CARTESIAN_POINT('',(-6.891579463714,11.139654152855));
#8460 = CARTESIAN_POINT('',(-6.848612803395,11.173889248407));
#8461 = CARTESIAN_POINT('',(-6.80509149969,11.206936174499));
#8462 = CARTESIAN_POINT('',(-6.761108747982,11.238659279139));
#8463 = CARTESIAN_POINT('',(-6.747968504334,11.248136842685));
#8464 = CARTESIAN_POINT('',(-6.734634791773,11.257624928855));
#8465 = CARTESIAN_POINT('',(-6.721121542662,11.267101068754));
#8466 = CARTESIAN_POINT('',(-6.69158974841,11.287810182566));
#8467 = CARTESIAN_POINT('',(-6.66165507487,11.308143716141));
#8468 = CARTESIAN_POINT('',(-6.631385016833,11.327982095205));
#8469 = CARTESIAN_POINT('',(-6.596840711917,11.350621728553));
#8470 = CARTESIAN_POINT('',(-6.561859674706,11.372617694459));
#8471 = CARTESIAN_POINT('',(-6.52648125345,11.393821907751));
#8472 = CARTESIAN_POINT('',(-6.488230380426,11.416747737719));
#8473 = CARTESIAN_POINT('',(-6.449514058748,11.43875060938));
#8474 = CARTESIAN_POINT('',(-6.410322838015,11.459644622559));
#8475 = CARTESIAN_POINT('',(-6.383328947288,11.474035873918));
#8476 = CARTESIAN_POINT('',(-6.356108487078,11.487901115659));
#8477 = CARTESIAN_POINT('',(-6.328647878077,11.501169540999));
#8478 = CARTESIAN_POINT('',(-6.296443520447,11.516730052231));
#8479 = CARTESIAN_POINT('',(-6.263973737227,11.531441042909));
#8480 = CARTESIAN_POINT('',(-6.231141955722,11.545197249454));
#8481 = CARTESIAN_POINT('',(-6.20198397977,11.55741416615));
#8482 = CARTESIAN_POINT('',(-6.172539871706,11.56887822847));
#8483 = CARTESIAN_POINT('',(-6.142740037992,11.579474857001));
#8484 = CARTESIAN_POINT('',(-6.114509843237,11.589513332049));
#8485 = CARTESIAN_POINT('',(-6.085960029776,11.598773781005));
#8486 = CARTESIAN_POINT('',(-6.057036162912,11.607114985385));
#8487 = CARTESIAN_POINT('',(-6.030247623132,11.614840393831));
#8488 = CARTESIAN_POINT('',(-6.00313799388,11.621777408872));
#8489 = CARTESIAN_POINT('',(-5.975672263122,11.627771684326));
#8490 = CARTESIAN_POINT('',(-5.949925870871,11.633390721681));
#8491 = CARTESIAN_POINT('',(-5.923866402347,11.638181486452));
#8492 = CARTESIAN_POINT('',(-5.897475199186,11.641976441747));
#8493 = ( GEOMETRIC_REPRESENTATION_CONTEXT(2) 
PARAMETRIC_REPRESENTATION_CONTEXT() REPRESENTATION_CONTEXT('2D SPACE',''
  ) );
#8494 = ORIENTED_EDGE('',*,*,#8296,.F.);
#8495 = ORIENTED_EDGE('',*,*,#3050,.T.);
#8496 = ADVANCED_FACE('',(#8497),#3007,.T.);
#8497 = FACE_BOUND('',#8498,.T.);
#8498 = EDGE_LOOP('',(#8499,#8524,#8549,#8550));
#8499 = ORIENTED_EDGE('',*,*,#8500,.T.);
#8500 = EDGE_CURVE('',#2846,#8501,#8503,.T.);
#8501 = VERTEX_POINT('',#8502);
#8502 = CARTESIAN_POINT('',(7.320043661921,39.732456118685,
    -4.400000000015));
#8503 = SURFACE_CURVE('',#8504,(#8511,#8518),.PCURVE_S1.);
#8504 = B_SPLINE_CURVE_WITH_KNOTS('',3,(#8505,#8506,#8507,#8508,#8509,
    #8510),.UNSPECIFIED.,.F.,.F.,(4,2,4),(0.,0.5,0.625),.UNSPECIFIED.);
#8505 = CARTESIAN_POINT('',(7.342440766,36.42898878,-9.4));
#8506 = CARTESIAN_POINT('',(7.532501107,37.296765446,-8.066666667));
#8507 = CARTESIAN_POINT('',(7.566249907,38.198238221,-6.733333333));
#8508 = CARTESIAN_POINT('',(7.411310155,39.29771954,-5.066666667));
#8509 = CARTESIAN_POINT('',(7.370471713,39.516206691,-4.733333333));
#8510 = CARTESIAN_POINT('',(7.320043651,39.732456055,-4.4));
#8511 = PCURVE('',#3007,#8512);
#8512 = DEFINITIONAL_REPRESENTATION('',(#8513),#8517);
#8513 = LINE('',#8514,#8515);
#8514 = CARTESIAN_POINT('',(1.,-3.481667522514E-17));
#8515 = VECTOR('',#8516,1.);
#8516 = DIRECTION('',(7.371813377528E-10,1.));
#8517 = ( GEOMETRIC_REPRESENTATION_CONTEXT(2) 
PARAMETRIC_REPRESENTATION_CONTEXT() REPRESENTATION_CONTEXT('2D SPACE',''
  ) );
#8518 = PCURVE('',#2947,#8519);
#8519 = DEFINITIONAL_REPRESENTATION('',(#8520),#8523);
#8520 = B_SPLINE_CURVE_WITH_KNOTS('',1,(#8521,#8522),.UNSPECIFIED.,.F.,
  .F.,(2,2),(0.,0.625),.PIECEWISE_BEZIER_KNOTS.);
#8521 = CARTESIAN_POINT('',(-1.252345887932E-15,-3.501470247697E-16));
#8522 = CARTESIAN_POINT('',(1.153906503147E-07,0.62499999272));
#8523 = ( GEOMETRIC_REPRESENTATION_CONTEXT(2) 
PARAMETRIC_REPRESENTATION_CONTEXT() REPRESENTATION_CONTEXT('2D SPACE',''
  ) );
#8524 = ORIENTED_EDGE('',*,*,#8525,.T.);
#8525 = EDGE_CURVE('',#8501,#8370,#8526,.T.);
#8526 = SURFACE_CURVE('',#8527,(#8532,#8538),.PCURVE_S1.);
#8527 = CIRCLE('',#8528,7.499939968471);
#8528 = AXIS2_PLACEMENT_3D('',#8529,#8530,#8531);
#8529 = CARTESIAN_POINT('',(1.559387084662E-02,38.0312467956,
    -4.400000000367));
#8530 = DIRECTION('',(4.80022748217E-11,9.810507716307E-12,-1.));
#8531 = DIRECTION('',(0.984534911183,0.175188494661,4.897860345685E-11)
  );
#8532 = PCURVE('',#3007,#8533);
#8533 = DEFINITIONAL_REPRESENTATION('',(#8534),#8537);
#8534 = B_SPLINE_CURVE_WITH_KNOTS('',1,(#8535,#8536),.UNSPECIFIED.,.F.,
  .F.,(2,2),(6.230461207377,6.28318530718),.PIECEWISE_BEZIER_KNOTS.);
#8535 = CARTESIAN_POINT('',(1.00000015105,0.625000000375));
#8536 = CARTESIAN_POINT('',(-5.940810010509E-15,0.625000000375));
#8537 = ( GEOMETRIC_REPRESENTATION_CONTEXT(2) 
PARAMETRIC_REPRESENTATION_CONTEXT() REPRESENTATION_CONTEXT('2D SPACE',''
  ) );
#8538 = PCURVE('',#94,#8539);
#8539 = DEFINITIONAL_REPRESENTATION('',(#8540),#8548);
#8540 = ( BOUNDED_CURVE() B_SPLINE_CURVE(2,(#8541,#8542,#8543,#8544,
#8545,#8546,#8547),.UNSPECIFIED.,.T.,.F.) B_SPLINE_CURVE_WITH_KNOTS((1,2
    ,2,2,2,1),(-2.094395102393,0.,2.094395102393,4.188790204786,
6.28318530718,8.377580409573),.UNSPECIFIED.) CURVE() 
GEOMETRIC_REPRESENTATION_ITEM() RATIONAL_B_SPLINE_CURVE((1.,0.5,1.,0.5,
1.,0.5,1.)) REPRESENTATION_ITEM('') );
#8541 = CARTESIAN_POINT('',(-7.399545439584,10.654850042279));
#8542 = CARTESIAN_POINT('',(-9.675292526297,23.444231332604));
#8543 = CARTESIAN_POINT('',(2.538510113166,19.020395477123));
#8544 = CARTESIAN_POINT('',(14.752312752629,14.596559621643));
#8545 = CARTESIAN_POINT('',(4.814257199879,6.231014186799));
#8546 = CARTESIAN_POINT('',(-5.123798352871,-2.134531248046));
#8547 = CARTESIAN_POINT('',(-7.399545439584,10.654850042279));
#8548 = ( GEOMETRIC_REPRESENTATION_CONTEXT(2) 
PARAMETRIC_REPRESENTATION_CONTEXT() REPRESENTATION_CONTEXT('2D SPACE',''
  ) );
#8549 = ORIENTED_EDGE('',*,*,#8369,.F.);
#8550 = ORIENTED_EDGE('',*,*,#2990,.T.);
#8551 = ADVANCED_FACE('',(#8552),#2947,.T.);
#8552 = FACE_BOUND('',#8553,.T.);
#8553 = EDGE_LOOP('',(#8554,#8579,#8685,#8686));
#8554 = ORIENTED_EDGE('',*,*,#8555,.T.);
#8555 = EDGE_CURVE('',#2787,#8556,#8558,.T.);
#8556 = VERTEX_POINT('',#8557);
#8557 = CARTESIAN_POINT('',(5.550566308731,40.048026492271,
    -4.399999994087));
#8558 = SURFACE_CURVE('',#8559,(#8566,#8573),.PCURVE_S1.);
#8559 = B_SPLINE_CURVE_WITH_KNOTS('',3,(#8560,#8561,#8562,#8563,#8564,
    #8565),.UNSPECIFIED.,.F.,.F.,(4,2,4),(0.,0.5,0.625),.UNSPECIFIED.);
#8560 = CARTESIAN_POINT('',(5.880194991,37.474225184,-9.4));
#8561 = CARTESIAN_POINT('',(5.946395366,38.168844252,-8.066666667));
#8562 = CARTESIAN_POINT('',(5.88752604,38.874967477,-6.733333333));
#8563 = CARTESIAN_POINT('',(5.662813338,39.71765989,-5.066666667));
#8564 = CARTESIAN_POINT('',(5.610322903,39.884168762,-4.733333333));
#8565 = CARTESIAN_POINT('',(5.550566303,40.048026508,-4.4));
#8566 = PCURVE('',#2947,#8567);
#8567 = DEFINITIONAL_REPRESENTATION('',(#8568),#8572);
#8568 = LINE('',#8569,#8570);
#8569 = CARTESIAN_POINT('',(1.,-4.028444915636E-16));
#8570 = VECTOR('',#8571,1.);
#8571 = DIRECTION('',(2.84217094304E-15,1.));
#8572 = ( GEOMETRIC_REPRESENTATION_CONTEXT(2) 
PARAMETRIC_REPRESENTATION_CONTEXT() REPRESENTATION_CONTEXT('2D SPACE',''
  ) );
#8573 = PCURVE('',#2802,#8574);
#8574 = DEFINITIONAL_REPRESENTATION('',(#8575),#8578);
#8575 = B_SPLINE_CURVE_WITH_KNOTS('',1,(#8576,#8577),.UNSPECIFIED.,.F.,
  .F.,(2,2),(0.,0.625),.PIECEWISE_BEZIER_KNOTS.);
#8576 = CARTESIAN_POINT('',(-2.738798047567E-15,-3.319461527786E-15));
#8577 = CARTESIAN_POINT('',(1.816174338442E-06,0.625000001967));
#8578 = ( GEOMETRIC_REPRESENTATION_CONTEXT(2) 
PARAMETRIC_REPRESENTATION_CONTEXT() REPRESENTATION_CONTEXT('2D SPACE',''
  ) );
#8579 = ORIENTED_EDGE('',*,*,#8580,.T.);
#8580 = EDGE_CURVE('',#8556,#8501,#8581,.T.);
#8581 = SURFACE_CURVE('',#8582,(#8629,#8635),.PCURVE_S1.);
#8582 = B_SPLINE_CURVE_WITH_KNOTS('',3,(#8583,#8584,#8585,#8586,#8587,
    #8588,#8589,#8590,#8591,#8592,#8593,#8594,#8595,#8596,#8597,#8598,
    #8599,#8600,#8601,#8602,#8603,#8604,#8605,#8606,#8607,#8608,#8609,
    #8610,#8611,#8612,#8613,#8614,#8615,#8616,#8617,#8618,#8619,#8620,
    #8621,#8622,#8623,#8624,#8625,#8626,#8627,#8628),.UNSPECIFIED.,.F.,
  .F.,(4,3,3,3,3,3,3,3,3,3,3,3,3,3,3,4),(1.429244341553E-12,
    8.255021286672E-05,1.692934932452E-04,2.634105382541E-04,
    3.672477637932E-04,4.53639E-04,5.837943321014E-04,7.11018354495E-04,
    8.216506375151E-04,9.07278E-04,9.556253004381E-04,1.096459520413E-03
    ,1.24215987937E-03,1.360917E-03,1.587736997038E-03,
    1.814556994075E-03),.UNSPECIFIED.);
#8583 = CARTESIAN_POINT('',(5.550566304412,40.048026508379,-4.4));
#8584 = CARTESIAN_POINT('',(5.577751836223,40.055316016339,-4.4));
#8585 = CARTESIAN_POINT('',(5.605041014933,40.06144337111,-4.4));
#8586 = CARTESIAN_POINT('',(5.632377847442,40.06659498613,
    -4.400000000004));
#8587 = CARTESIAN_POINT('',(5.661103231491,40.072008273126,
    -4.400000000008));
#8588 = CARTESIAN_POINT('',(5.689881613251,40.076343966956,
    -4.400000000017));
#8589 = CARTESIAN_POINT('',(5.718682753812,40.079772281344,
    -4.400000000035));
#8590 = CARTESIAN_POINT('',(5.749932185823,40.083492025608,
    -4.400000000054));
#8591 = CARTESIAN_POINT('',(5.78120877388,40.086143533387,
    -4.400000000085));
#8592 = CARTESIAN_POINT('',(5.812508042459,40.087892963711,
    -4.400000000132));
#8593 = CARTESIAN_POINT('',(5.847039823714,40.089823070964,
    -4.400000000184));
#8594 = CARTESIAN_POINT('',(5.881599840811,40.090655138966,
    -4.400000000256));
#8595 = CARTESIAN_POINT('',(5.916214126863,40.09055246636,
    -4.400000000357));
#8596 = CARTESIAN_POINT('',(5.945012767687,40.090467044071,
    -4.400000000441));
#8597 = CARTESIAN_POINT('',(5.973849901133,40.089733222283,
    -4.400000000545));
#8598 = CARTESIAN_POINT('',(6.002749176623,40.088419338143,
    -4.400000000673));
#8599 = CARTESIAN_POINT('',(6.046288254938,40.086439866218,
    -4.400000000866));
#8600 = CARTESIAN_POINT('',(6.089819115746,40.083151966375,
    -4.40000000907));
#8601 = CARTESIAN_POINT('',(6.133312447184,40.078756952613,
    -4.400000019499));
#8602 = CARTESIAN_POINT('',(6.175826238079,40.074460921707,
    -4.400000029693));
#8603 = CARTESIAN_POINT('',(6.218306482879,40.069105197551,
    -4.400000042013));
#8604 = CARTESIAN_POINT('',(6.260702297882,40.062836803429,
    -4.400000051055));
#8605 = CARTESIAN_POINT('',(6.297569123155,40.057385892984,
    -4.400000058918));
#8606 = CARTESIAN_POINT('',(6.334372773543,40.051243531158,
    -4.400000064303));
#8607 = CARTESIAN_POINT('',(6.371043967094,40.044496518056,
    -4.400000063656));
#8608 = CARTESIAN_POINT('',(6.39942679982,40.039274453386,
    -4.400000063155));
#8609 = CARTESIAN_POINT('',(6.427729823027,40.033689860456,
    -4.400000059041));
#8610 = CARTESIAN_POINT('',(6.455899153817,40.027784562102,
    -4.400000049666));
#8611 = CARTESIAN_POINT('',(6.471804246059,40.024450286406,
    -4.400000044373));
#8612 = CARTESIAN_POINT('',(6.487592883032,40.021029153356,
    -4.400000039644));
#8613 = CARTESIAN_POINT('',(6.503232717209,40.017536914222,
    -4.400000035431));
#8614 = CARTESIAN_POINT('',(6.548791079866,40.007364127532,
    -4.400000023159));
#8615 = CARTESIAN_POINT('',(6.594665536878,39.996093184645,
    -4.400000015269));
#8616 = CARTESIAN_POINT('',(6.640534959464,39.983821145904,
    -4.400000010577));
#8617 = CARTESIAN_POINT('',(6.687989273744,39.971125080628,
    -4.400000005723));
#8618 = CARTESIAN_POINT('',(6.735437909458,39.957357587772,
    -4.400000004294));
#8619 = CARTESIAN_POINT('',(6.782521674185,39.942683119754,
    -4.400000004979));
#8620 = CARTESIAN_POINT('',(6.820898603161,39.930722287393,
    -4.400000005537));
#8621 = CARTESIAN_POINT('',(6.859032988424,39.918160108162,
    -4.400000007501));
#8622 = CARTESIAN_POINT('',(6.89673074653,39.905111136522,
    -4.400000010161));
#8623 = CARTESIAN_POINT('',(6.968731527088,39.880188271323,
    -4.400000015242));
#8624 = CARTESIAN_POINT('',(7.039969279403,39.85321382074,
    -4.400000012702));
#8625 = CARTESIAN_POINT('',(7.11050054473,39.82438286916,-4.400000008897
    ));
#8626 = CARTESIAN_POINT('',(7.181031810056,39.795551917581,
    -4.400000005092));
#8627 = CARTESIAN_POINT('',(7.250857012455,39.764863887527,
    -4.400000000023));
#8628 = CARTESIAN_POINT('',(7.320043695616,39.732456190619,
    -4.400000000046));
#8629 = PCURVE('',#2947,#8630);
#8630 = DEFINITIONAL_REPRESENTATION('',(#8631),#8634);
#8631 = B_SPLINE_CURVE_WITH_KNOTS('',1,(#8632,#8633),.UNSPECIFIED.,.F.,
  .F.,(2,2),(1.429244341553E-12,1.814556994075E-03),
  .PIECEWISE_BEZIER_KNOTS.);
#8632 = CARTESIAN_POINT('',(0.99999999916,0.625));
#8633 = CARTESIAN_POINT('',(1.117619671827E-07,0.624999999994));
#8634 = ( GEOMETRIC_REPRESENTATION_CONTEXT(2) 
PARAMETRIC_REPRESENTATION_CONTEXT() REPRESENTATION_CONTEXT('2D SPACE',''
  ) );
#8635 = PCURVE('',#94,#8636);
#8636 = DEFINITIONAL_REPRESENTATION('',(#8637),#8684);
#8637 = B_SPLINE_CURVE_WITH_KNOTS('',3,(#8638,#8639,#8640,#8641,#8642,
    #8643,#8644,#8645,#8646,#8647,#8648,#8649,#8650,#8651,#8652,#8653,
    #8654,#8655,#8656,#8657,#8658,#8659,#8660,#8661,#8662,#8663,#8664,
    #8665,#8666,#8667,#8668,#8669,#8670,#8671,#8672,#8673,#8674,#8675,
    #8676,#8677,#8678,#8679,#8680,#8681,#8682,#8683),.UNSPECIFIED.,.F.,
  .F.,(4,3,3,3,3,3,3,3,3,3,3,3,3,3,3,4),(1.429244341553E-12,
    8.255021286672E-05,1.692934932452E-04,2.634105382541E-04,
    3.672477637932E-04,4.53639E-04,5.837943321014E-04,7.11018354495E-04,
    8.216506375151E-04,9.07278E-04,9.556253004381E-04,1.096459520413E-03
    ,1.24215987937E-03,1.360917E-03,1.587736997038E-03,
    1.814556994075E-03),.UNSPECIFIED.);
#8638 = CARTESIAN_POINT('',(-5.550565142412,9.951973522621));
#8639 = CARTESIAN_POINT('',(-5.577750674223,9.944684014661));
#8640 = CARTESIAN_POINT('',(-5.605039852933,9.93855665989));
#8641 = CARTESIAN_POINT('',(-5.632376685442,9.93340504487));
#8642 = CARTESIAN_POINT('',(-5.661102069491,9.927991757874));
#8643 = CARTESIAN_POINT('',(-5.689880451251,9.923656064044));
#8644 = CARTESIAN_POINT('',(-5.718681591812,9.920227749656));
#8645 = CARTESIAN_POINT('',(-5.749931023823,9.916508005392));
#8646 = CARTESIAN_POINT('',(-5.78120761188,9.913856497613));
#8647 = CARTESIAN_POINT('',(-5.812506880459,9.912107067289));
#8648 = CARTESIAN_POINT('',(-5.847038661714,9.910176960036));
#8649 = CARTESIAN_POINT('',(-5.881598678811,9.909344892034));
#8650 = CARTESIAN_POINT('',(-5.916212964863,9.90944756464));
#8651 = CARTESIAN_POINT('',(-5.945011605687,9.909532986929));
#8652 = CARTESIAN_POINT('',(-5.973848739133,9.910266808717));
#8653 = CARTESIAN_POINT('',(-6.002748014623,9.911580692857));
#8654 = CARTESIAN_POINT('',(-6.046287092938,9.913560164782));
#8655 = CARTESIAN_POINT('',(-6.089817953746,9.916848064625));
#8656 = CARTESIAN_POINT('',(-6.133311285184,9.921243078387));
#8657 = CARTESIAN_POINT('',(-6.175825076079,9.925539109293));
#8658 = CARTESIAN_POINT('',(-6.218305320879,9.930894833449));
#8659 = CARTESIAN_POINT('',(-6.260701135882,9.937163227571));
#8660 = CARTESIAN_POINT('',(-6.297567961155,9.942614138016));
#8661 = CARTESIAN_POINT('',(-6.334371611543,9.948756499842));
#8662 = CARTESIAN_POINT('',(-6.371042805094,9.955503512944));
#8663 = CARTESIAN_POINT('',(-6.39942563782,9.960725577614));
#8664 = CARTESIAN_POINT('',(-6.427728661027,9.966310170544));
#8665 = CARTESIAN_POINT('',(-6.455897991817,9.972215468898));
#8666 = CARTESIAN_POINT('',(-6.471803084059,9.975549744594));
#8667 = CARTESIAN_POINT('',(-6.487591721032,9.978970877644));
#8668 = CARTESIAN_POINT('',(-6.503231555209,9.982463116778));
#8669 = CARTESIAN_POINT('',(-6.548789917866,9.992635903468));
#8670 = CARTESIAN_POINT('',(-6.594664374878,10.003906846355));
#8671 = CARTESIAN_POINT('',(-6.640533797464,10.016178885096));
#8672 = CARTESIAN_POINT('',(-6.687988111744,10.028874950372));
#8673 = CARTESIAN_POINT('',(-6.735436747458,10.042642443228));
#8674 = CARTESIAN_POINT('',(-6.782520512185,10.057316911246));
#8675 = CARTESIAN_POINT('',(-6.820897441161,10.069277743607));
#8676 = CARTESIAN_POINT('',(-6.859031826424,10.081839922838));
#8677 = CARTESIAN_POINT('',(-6.89672958453,10.094888894478));
#8678 = CARTESIAN_POINT('',(-6.968730365088,10.119811759677));
#8679 = CARTESIAN_POINT('',(-7.039968117403,10.14678621026));
#8680 = CARTESIAN_POINT('',(-7.11049938273,10.17561716184));
#8681 = CARTESIAN_POINT('',(-7.181030648056,10.204448113419));
#8682 = CARTESIAN_POINT('',(-7.250855850455,10.235136143473));
#8683 = CARTESIAN_POINT('',(-7.320042533616,10.267543840381));
#8684 = ( GEOMETRIC_REPRESENTATION_CONTEXT(2) 
PARAMETRIC_REPRESENTATION_CONTEXT() REPRESENTATION_CONTEXT('2D SPACE',''
  ) );
#8685 = ORIENTED_EDGE('',*,*,#8500,.F.);
#8686 = ORIENTED_EDGE('',*,*,#2845,.T.);
#8687 = ADVANCED_FACE('',(#8688),#2714,.T.);
#8688 = FACE_BOUND('',#8689,.T.);
#8689 = EDGE_LOOP('',(#8690,#8715,#8737,#8761));
#8690 = ORIENTED_EDGE('',*,*,#8691,.T.);
#8691 = EDGE_CURVE('',#2633,#8692,#8694,.T.);
#8692 = VERTEX_POINT('',#8693);
#8693 = CARTESIAN_POINT('',(5.071882439401,41.054044117817,
    -4.40000001138));
#8694 = SURFACE_CURVE('',#8695,(#8702,#8709),.PCURVE_S1.);
#8695 = B_SPLINE_CURVE_WITH_KNOTS('',3,(#8696,#8697,#8698,#8699,#8700,
    #8701),.UNSPECIFIED.,.F.,.F.,(4,2,4),(0.,0.5,0.624999995733),
  .UNSPECIFIED.);
#8696 = CARTESIAN_POINT('',(5.880189008,38.588328943,-9.4));
#8697 = CARTESIAN_POINT('',(5.814428052,39.282989749,-8.066666667));
#8698 = CARTESIAN_POINT('',(5.623671381,39.965402974,-6.733333333));
#8699 = CARTESIAN_POINT('',(5.24432147259,40.750718703638,-5.06666667838
    ));
#8700 = CARTESIAN_POINT('',(5.16142052666,40.904367334509,-4.73333335576
    ));
#8701 = CARTESIAN_POINT('',(5.07188240817,41.05404415867,-4.40000003414)
  );
#8702 = PCURVE('',#2714,#8703);
#8703 = DEFINITIONAL_REPRESENTATION('',(#8704),#8708);
#8704 = LINE('',#8705,#8706);
#8705 = CARTESIAN_POINT('',(0.999996524715,1.693044685383E-15));
#8706 = VECTOR('',#8707,1.);
#8707 = DIRECTION('',(-2.735589551355E-14,1.));
#8708 = ( GEOMETRIC_REPRESENTATION_CONTEXT(2) 
PARAMETRIC_REPRESENTATION_CONTEXT() REPRESENTATION_CONTEXT('2D SPACE',''
  ) );
#8709 = PCURVE('',#2654,#8710);
#8710 = DEFINITIONAL_REPRESENTATION('',(#8711),#8714);
#8711 = B_SPLINE_CURVE_WITH_KNOTS('',1,(#8712,#8713),.UNSPECIFIED.,.F.,
  .F.,(2,2),(0.,0.624999995733),.PIECEWISE_BEZIER_KNOTS.);
#8712 = CARTESIAN_POINT('',(-2.688019733622E-10,1.46489569678E-13));
#8713 = CARTESIAN_POINT('',(-6.14786650306E-07,0.625000002148));
#8714 = ( GEOMETRIC_REPRESENTATION_CONTEXT(2) 
PARAMETRIC_REPRESENTATION_CONTEXT() REPRESENTATION_CONTEXT('2D SPACE',''
  ) );
#8715 = ORIENTED_EDGE('',*,*,#8716,.T.);
#8716 = EDGE_CURVE('',#8692,#8717,#8719,.T.);
#8717 = VERTEX_POINT('',#8718);
#8718 = CARTESIAN_POINT('',(4.521736371,40.725150874,-4.4));
#8719 = SURFACE_CURVE('',#8720,(#8724,#8730),.PCURVE_S1.);
#8720 = LINE('',#8721,#8722);
#8721 = CARTESIAN_POINT('',(5.071882399,41.054044174,-4.4));
#8722 = VECTOR('',#8723,1.);
#8723 = DIRECTION('',(-0.85831388396,-0.513125010695,0.));
#8724 = PCURVE('',#2714,#8725);
#8725 = DEFINITIONAL_REPRESENTATION('',(#8726),#8729);
#8726 = B_SPLINE_CURVE_WITH_KNOTS('',1,(#8727,#8728),.UNSPECIFIED.,.F.,
  .F.,(2,2),(-5.848326361484E-09,0.640961352118),
  .PIECEWISE_BEZIER_KNOTS.);
#8727 = CARTESIAN_POINT('',(0.999996532607,0.625));
#8728 = CARTESIAN_POINT('',(0.135000800153,0.624999999982));
#8729 = ( GEOMETRIC_REPRESENTATION_CONTEXT(2) 
PARAMETRIC_REPRESENTATION_CONTEXT() REPRESENTATION_CONTEXT('2D SPACE',''
  ) );
#8730 = PCURVE('',#94,#8731);
#8731 = DEFINITIONAL_REPRESENTATION('',(#8732),#8736);
#8732 = LINE('',#8733,#8734);
#8733 = CARTESIAN_POINT('',(-5.071881237,8.945955857));
#8734 = VECTOR('',#8735,1.);
#8735 = DIRECTION('',(0.85831388396,0.513125010695));
#8736 = ( GEOMETRIC_REPRESENTATION_CONTEXT(2) 
PARAMETRIC_REPRESENTATION_CONTEXT() REPRESENTATION_CONTEXT('2D SPACE',''
  ) );
#8737 = ORIENTED_EDGE('',*,*,#8738,.F.);
#8738 = EDGE_CURVE('',#2699,#8717,#8739,.T.);
#8739 = SURFACE_CURVE('',#8740,(#8749,#8755),.PCURVE_S1.);
#8740 = B_SPLINE_CURVE_WITH_KNOTS('',3,(#8741,#8742,#8743,#8744,#8745,
    #8746,#8747,#8748),.UNSPECIFIED.,.F.,.F.,(4,2,2,4),(
    1.285240620523E-11,0.276143067327,0.414086023618,0.552031631855),
  .UNSPECIFIED.);
#8741 = CARTESIAN_POINT('',(5.242060924643,38.52771262181,
    -9.399999999884));
#8742 = CARTESIAN_POINT('',(5.205269296391,38.915030273939,
    -8.56578832445));
#8743 = CARTESIAN_POINT('',(5.125539267886,39.297038300191,
    -7.73400339654));
#8744 = CARTESIAN_POINT('',(4.943818728114,39.851356526389,
    -6.48303624318));
#8745 = CARTESIAN_POINT('',(4.873076489084,40.032512302441,
    -6.066612736376));
#8746 = CARTESIAN_POINT('',(4.711830472814,40.386149194755,
    -5.233147147454));
#8747 = CARTESIAN_POINT('',(4.621451870174,40.558354794051,
    -4.816738919469));
#8748 = CARTESIAN_POINT('',(4.521736371439,40.725150873781,
    -4.400000000047));
#8749 = PCURVE('',#2714,#8750);
#8750 = DEFINITIONAL_REPRESENTATION('',(#8751),#8754);
#8751 = B_SPLINE_CURVE_WITH_KNOTS('',1,(#8752,#8753),.UNSPECIFIED.,.F.,
  .F.,(2,2),(1.285240620523E-11,0.552031631855),
  .PIECEWISE_BEZIER_KNOTS.);
#8752 = CARTESIAN_POINT('',(0.134952654668,1.455821413139E-11));
#8753 = CARTESIAN_POINT('',(0.13500080051,0.624999999994));
#8754 = ( GEOMETRIC_REPRESENTATION_CONTEXT(2) 
PARAMETRIC_REPRESENTATION_CONTEXT() REPRESENTATION_CONTEXT('2D SPACE',''
  ) );
#8755 = PCURVE('',#2774,#8756);
#8756 = DEFINITIONAL_REPRESENTATION('',(#8757),#8760);
#8757 = B_SPLINE_CURVE_WITH_KNOTS('',1,(#8758,#8759),.UNSPECIFIED.,.F.,
  .F.,(2,2),(1.285240620523E-11,0.552031631855),
  .PIECEWISE_BEZIER_KNOTS.);
#8758 = CARTESIAN_POINT('',(3.719615895951,1.1648104703E-10));
#8759 = CARTESIAN_POINT('',(4.163730724192,4.999999999953));
#8760 = ( GEOMETRIC_REPRESENTATION_CONTEXT(2) 
PARAMETRIC_REPRESENTATION_CONTEXT() REPRESENTATION_CONTEXT('2D SPACE',''
  ) );
#8761 = ORIENTED_EDGE('',*,*,#2698,.T.);
#8762 = ADVANCED_FACE('',(#8763),#2654,.T.);
#8763 = FACE_BOUND('',#8764,.T.);
#8764 = EDGE_LOOP('',(#8765,#8791,#8844,#8845));
#8765 = ORIENTED_EDGE('',*,*,#8766,.T.);
#8766 = EDGE_CURVE('',#2573,#8767,#8769,.T.);
#8767 = VERTEX_POINT('',#8768);
#8768 = CARTESIAN_POINT('',(5.943161085398,42.626149989502,
    -4.400000000322));
#8769 = SURFACE_CURVE('',#8770,(#8777,#8784),.PCURVE_S1.);
#8770 = B_SPLINE_CURVE_WITH_KNOTS('',3,(#8771,#8772,#8773,#8774,#8775,
    #8776),.UNSPECIFIED.,.F.,.F.,(4,2,4),(0.,0.5,0.625),.UNSPECIFIED.);
#8771 = CARTESIAN_POINT('',(7.342423556,39.633581052,-9.4));
#8772 = CARTESIAN_POINT('',(7.152912195,40.501477773,-8.066666667));
#8773 = CARTESIAN_POINT('',(6.807298416,41.334750823,-6.733333333));
#8774 = CARTESIAN_POINT('',(6.207562533,42.269194173,-5.066666667));
#8775 = CARTESIAN_POINT('',(6.079251956,42.450690337,-4.733333333));
#8776 = CARTESIAN_POINT('',(5.943161084,42.626149989,-4.4));
#8777 = PCURVE('',#2654,#8778);
#8778 = DEFINITIONAL_REPRESENTATION('',(#8779),#8783);
#8779 = LINE('',#8780,#8781);
#8780 = CARTESIAN_POINT('',(1.,3.488887988766E-17));
#8781 = VECTOR('',#8782,1.);
#8782 = DIRECTION('',(4.618527782441E-15,1.));
#8783 = ( GEOMETRIC_REPRESENTATION_CONTEXT(2) 
PARAMETRIC_REPRESENTATION_CONTEXT() REPRESENTATION_CONTEXT('2D SPACE',''
  ) );
#8784 = PCURVE('',#2589,#8785);
#8785 = DEFINITIONAL_REPRESENTATION('',(#8786),#8790);
#8786 = LINE('',#8787,#8788);
#8787 = CARTESIAN_POINT('',(-4.503044942921E-15,-6.952339538851E-17));
#8788 = VECTOR('',#8789,1.);
#8789 = DIRECTION('',(3.666200949405E-09,1.));
#8790 = ( GEOMETRIC_REPRESENTATION_CONTEXT(2) 
PARAMETRIC_REPRESENTATION_CONTEXT() REPRESENTATION_CONTEXT('2D SPACE',''
  ) );
#8791 = ORIENTED_EDGE('',*,*,#8792,.T.);
#8792 = EDGE_CURVE('',#8767,#8692,#8793,.T.);
#8793 = SURFACE_CURVE('',#8794,(#8803,#8832),.PCURVE_S1.);
#8794 = B_SPLINE_CURVE_WITH_KNOTS('',3,(#8795,#8796,#8797,#8798,#8799,
    #8800,#8801,#8802),.UNSPECIFIED.,.F.,.F.,(4,2,2,4),(0.,
    0.128082826349,0.234723756266,0.339078191539),.UNSPECIFIED.);
#8795 = CARTESIAN_POINT('',(5.943161084,42.626149989,-4.4));
#8796 = CARTESIAN_POINT('',(5.839818974335,42.211903052999,-4.4));
#8797 = CARTESIAN_POINT('',(5.710762783755,41.93136512651,-4.4));
#8798 = CARTESIAN_POINT('',(5.557524134887,41.633989525341,-4.4));
#8799 = CARTESIAN_POINT('',(5.477058907523,41.49871715338,-4.4));
#8800 = CARTESIAN_POINT('',(5.297733173258,41.257238179876,-4.4));
#8801 = CARTESIAN_POINT('',(5.192458311591,41.141245276394,-4.4));
#8802 = CARTESIAN_POINT('',(5.071882473,41.054044073,-4.4));
#8803 = PCURVE('',#2654,#8804);
#8804 = DEFINITIONAL_REPRESENTATION('',(#8805),#8831);
#8805 = B_SPLINE_CURVE_WITH_KNOTS('',3,(#8806,#8807,#8808,#8809,#8810,
    #8811,#8812,#8813,#8814,#8815,#8816,#8817,#8818,#8819,#8820,#8821,
    #8822,#8823,#8824,#8825,#8826,#8827,#8828,#8829,#8830),
  .UNSPECIFIED.,.F.,.F.,(4,1,1,1,1,1,1,1,1,1,1,1,1,1,1,1,1,1,1,1,1,1,4),
  (0.,1.541264506995E-02,3.08252901399E-02,4.623793520985E-02,
    6.16505802798E-02,7.706322534975E-02,9.24758704197E-02,0.10788851549
    ,0.12330116056,0.13871380563,0.154126450699,0.169539095769,
    0.184951740839,0.200364385909,0.215777030979,0.231189676049,
    0.246602321119,0.262014966189,0.277427611259,0.292840256329,
    0.308252901399,0.323665546469,0.339078191539),
  .QUASI_UNIFORM_KNOTS.);
#8806 = CARTESIAN_POINT('',(1.,0.625));
#8807 = CARTESIAN_POINT('',(0.972841243109,0.624999998636));
#8808 = CARTESIAN_POINT('',(0.920086734482,0.625000006215));
#8809 = CARTESIAN_POINT('',(0.845739639003,0.625000062178));
#8810 = CARTESIAN_POINT('',(0.776259618111,0.625000155043));
#8811 = CARTESIAN_POINT('',(0.711775435976,0.625000351899));
#8812 = CARTESIAN_POINT('',(0.652442082438,0.62500080215));
#8813 = CARTESIAN_POINT('',(0.598435640312,0.625001394746));
#8814 = CARTESIAN_POINT('',(0.549968083518,0.625001922303));
#8815 = CARTESIAN_POINT('',(0.507207780544,0.624999563066));
#8816 = CARTESIAN_POINT('',(0.471199021681,0.625000116705));
#8817 = CARTESIAN_POINT('',(0.434430111086,0.624999973459));
#8818 = CARTESIAN_POINT('',(0.398324375113,0.62500002344));
#8819 = CARTESIAN_POINT('',(0.362434198642,0.625000021063));
#8820 = CARTESIAN_POINT('',(0.326829954718,0.625000023675));
#8821 = CARTESIAN_POINT('',(0.291438554197,0.625000011819));
#8822 = CARTESIAN_POINT('',(0.256287134361,0.624999998049));
#8823 = CARTESIAN_POINT('',(0.221180189494,0.624999999884));
#8824 = CARTESIAN_POINT('',(0.185360463666,0.625000013232));
#8825 = CARTESIAN_POINT('',(0.149085064467,0.625000039049));
#8826 = CARTESIAN_POINT('',(0.112361283662,0.625000058347));
#8827 = CARTESIAN_POINT('',(7.525307584047E-02,0.625000054884));
#8828 = CARTESIAN_POINT('',(3.780116712871E-02,0.62500002121));
#8829 = CARTESIAN_POINT('',(1.262959149104E-02,0.625000003542));
#8830 = CARTESIAN_POINT('',(-6.13E-07,0.625));
#8831 = ( GEOMETRIC_REPRESENTATION_CONTEXT(2) 
PARAMETRIC_REPRESENTATION_CONTEXT() REPRESENTATION_CONTEXT('2D SPACE',''
  ) );
#8832 = PCURVE('',#94,#8833);
#8833 = DEFINITIONAL_REPRESENTATION('',(#8834),#8843);
#8834 = B_SPLINE_CURVE_WITH_KNOTS('',3,(#8835,#8836,#8837,#8838,#8839,
    #8840,#8841,#8842),.UNSPECIFIED.,.F.,.F.,(4,2,2,4),(0.,
    0.128082826349,0.234723756266,0.339078191539),.UNSPECIFIED.);
#8835 = CARTESIAN_POINT('',(-5.943159922,7.373850042));
#8836 = CARTESIAN_POINT('',(-5.839817812335,7.788096978001));
#8837 = CARTESIAN_POINT('',(-5.710761621755,8.06863490449));
#8838 = CARTESIAN_POINT('',(-5.557522972887,8.366010505659));
#8839 = CARTESIAN_POINT('',(-5.477057745523,8.50128287762));
#8840 = CARTESIAN_POINT('',(-5.297732011258,8.742761851124));
#8841 = CARTESIAN_POINT('',(-5.192457149591,8.858754754606));
#8842 = CARTESIAN_POINT('',(-5.071881311,8.945955958));
#8843 = ( GEOMETRIC_REPRESENTATION_CONTEXT(2) 
PARAMETRIC_REPRESENTATION_CONTEXT() REPRESENTATION_CONTEXT('2D SPACE',''
  ) );
#8844 = ORIENTED_EDGE('',*,*,#8691,.F.);
#8845 = ORIENTED_EDGE('',*,*,#2632,.T.);
#8846 = ADVANCED_FACE('',(#8847),#2589,.T.);
#8847 = FACE_BOUND('',#8848,.T.);
#8848 = EDGE_LOOP('',(#8849,#8874,#8899,#8900));
#8849 = ORIENTED_EDGE('',*,*,#8850,.T.);
#8850 = EDGE_CURVE('',#2428,#8851,#8853,.T.);
#8851 = VERTEX_POINT('',#8852);
#8852 = CARTESIAN_POINT('',(5.692774432441,42.932146105292,
    -4.400000053355));
#8853 = SURFACE_CURVE('',#8854,(#8861,#8868),.PCURVE_S1.);
#8854 = B_SPLINE_CURVE_WITH_KNOTS('',3,(#8855,#8856,#8857,#8858,#8859,
    #8860),.UNSPECIFIED.,.F.,.F.,(4,2,4),(0.,0.5,0.625),.UNSPECIFIED.);
#8855 = CARTESIAN_POINT('',(7.247799774,40.017475954,-9.4));
#8856 = CARTESIAN_POINT('',(7.012813925,40.874179476,-8.066666667));
#8857 = CARTESIAN_POINT('',(6.623767233,41.688080903,-6.733333333));
#8858 = CARTESIAN_POINT('',(5.975619923,42.589619903,-5.066666667));
#8859 = CARTESIAN_POINT('',(5.837922865,42.764101942,-4.733333333));
#8860 = CARTESIAN_POINT('',(5.692774446,42.932145839,-4.4));
#8861 = PCURVE('',#2589,#8862);
#8862 = DEFINITIONAL_REPRESENTATION('',(#8863),#8867);
#8863 = LINE('',#8864,#8865);
#8864 = CARTESIAN_POINT('',(1.,-4.82697621926E-18));
#8865 = VECTOR('',#8866,1.);
#8866 = DIRECTION('',(-6.319396566649E-10,1.));
#8867 = ( GEOMETRIC_REPRESENTATION_CONTEXT(2) 
PARAMETRIC_REPRESENTATION_CONTEXT() REPRESENTATION_CONTEXT('2D SPACE',''
  ) );
#8868 = PCURVE('',#2529,#8869);
#8869 = DEFINITIONAL_REPRESENTATION('',(#8870),#8873);
#8870 = B_SPLINE_CURVE_WITH_KNOTS('',1,(#8871,#8872),.UNSPECIFIED.,.F.,
  .F.,(2,2),(0.,0.625),.PIECEWISE_BEZIER_KNOTS.);
#8871 = CARTESIAN_POINT('',(8.424042028834E-16,1.749688144129E-16));
#8872 = CARTESIAN_POINT('',(4.817200959273E-07,0.624999969198));
#8873 = ( GEOMETRIC_REPRESENTATION_CONTEXT(2) 
PARAMETRIC_REPRESENTATION_CONTEXT() REPRESENTATION_CONTEXT('2D SPACE',''
  ) );
#8874 = ORIENTED_EDGE('',*,*,#8875,.T.);
#8875 = EDGE_CURVE('',#8851,#8767,#8876,.T.);
#8876 = SURFACE_CURVE('',#8877,(#8882,#8888),.PCURVE_S1.);
#8877 = CIRCLE('',#8878,7.499945365261);
#8878 = AXIS2_PLACEMENT_3D('',#8879,#8880,#8881);
#8879 = CARTESIAN_POINT('',(1.559253830505E-02,38.031249383051,
    -4.400000000125));
#8880 = DIRECTION('',(1.304425241318E-11,1.029635976909E-11,-1.));
#8881 = DIRECTION('',(0.790348230468,0.612657877283,1.66176477324E-11));
#8882 = PCURVE('',#2589,#8883);
#8883 = DEFINITIONAL_REPRESENTATION('',(#8884),#8887);
#8884 = B_SPLINE_CURVE_WITH_KNOTS('',1,(#8885,#8886),.UNSPECIFIED.,.F.,
  .F.,(2,2),(6.230461187934,6.28318530718),.PIECEWISE_BEZIER_KNOTS.);
#8885 = CARTESIAN_POINT('',(1.000000531767,0.6249999995));
#8886 = CARTESIAN_POINT('',(1.191758829585E-09,0.6249999995));
#8887 = ( GEOMETRIC_REPRESENTATION_CONTEXT(2) 
PARAMETRIC_REPRESENTATION_CONTEXT() REPRESENTATION_CONTEXT('2D SPACE',''
  ) );
#8888 = PCURVE('',#94,#8889);
#8889 = DEFINITIONAL_REPRESENTATION('',(#8890),#8898);
#8890 = ( BOUNDED_CURVE() B_SPLINE_CURVE(2,(#8891,#8892,#8893,#8894,
#8895,#8896,#8897),.UNSPECIFIED.,.T.,.F.) B_SPLINE_CURVE_WITH_KNOTS((1,2
    ,2,2,2,1),(-2.094395102393,0.,2.094395102393,4.188790204786,
6.28318530718,8.377580409573),.UNSPECIFIED.) CURVE() 
GEOMETRIC_REPRESENTATION_ITEM() RATIONAL_B_SPLINE_CURVE((1.,0.5,1.,0.5,
1.,0.5,1.)) REPRESENTATION_ITEM('') );
#8891 = CARTESIAN_POINT('',(-5.943159924344,7.373850040733));
#8892 = CARTESIAN_POINT('',(-13.90176123177,17.640699931284));
#8893 = CARTESIAN_POINT('',(-1.031107755999,19.399625896832));
#8894 = CARTESIAN_POINT('',(11.839545719774,21.15855186238));
#8895 = CARTESIAN_POINT('',(6.927493551428,9.132776006281));
#8896 = CARTESIAN_POINT('',(2.015441383082,-2.892999849818));
#8897 = CARTESIAN_POINT('',(-5.943159924344,7.373850040733));
#8898 = ( GEOMETRIC_REPRESENTATION_CONTEXT(2) 
PARAMETRIC_REPRESENTATION_CONTEXT() REPRESENTATION_CONTEXT('2D SPACE',''
  ) );
#8899 = ORIENTED_EDGE('',*,*,#8766,.F.);
#8900 = ORIENTED_EDGE('',*,*,#2572,.T.);
#8901 = ADVANCED_FACE('',(#8902),#2529,.T.);
#8902 = FACE_BOUND('',#8903,.T.);
#8903 = EDGE_LOOP('',(#8904,#8929,#9035,#9036));
#8904 = ORIENTED_EDGE('',*,*,#8905,.T.);
#8905 = EDGE_CURVE('',#2369,#8906,#8908,.T.);
#8906 = VERTEX_POINT('',#8907);
#8907 = CARTESIAN_POINT('',(3.979326385776,42.389252562867,
    -4.400000006183));
#8908 = SURFACE_CURVE('',#8909,(#8916,#8923),.PCURVE_S1.);
#8909 = B_SPLINE_CURVE_WITH_KNOTS('',3,(#8910,#8911,#8912,#8913,#8914,
    #8915),.UNSPECIFIED.,.F.,.F.,(4,2,4),(0.,0.5,0.624999997662),
  .UNSPECIFIED.);
#8910 = CARTESIAN_POINT('',(5.467299865,40.263447332,-9.4));
#8911 = CARTESIAN_POINT('',(5.20311181,40.909266818,-8.066666667));
#8912 = CARTESIAN_POINT('',(4.822838382,41.507153283,-6.733333333));
#8913 = CARTESIAN_POINT('',(4.23224592121,42.148891758599,
    -5.066666673236));
#8914 = CARTESIAN_POINT('',(4.108387105634,42.271934340396,
    -4.733333345471));
#8915 = CARTESIAN_POINT('',(3.979326365243,42.389252554416,
    -4.400000018707));
#8916 = PCURVE('',#2529,#8917);
#8917 = DEFINITIONAL_REPRESENTATION('',(#8918),#8922);
#8918 = LINE('',#8919,#8920);
#8919 = CARTESIAN_POINT('',(1.,2.397140259592E-16));
#8920 = VECTOR('',#8921,1.);
#8921 = DIRECTION('',(2.736653580575E-10,1.));
#8922 = ( GEOMETRIC_REPRESENTATION_CONTEXT(2) 
PARAMETRIC_REPRESENTATION_CONTEXT() REPRESENTATION_CONTEXT('2D SPACE',''
  ) );
#8923 = PCURVE('',#2384,#8924);
#8924 = DEFINITIONAL_REPRESENTATION('',(#8925),#8928);
#8925 = B_SPLINE_CURVE_WITH_KNOTS('',1,(#8926,#8927),.UNSPECIFIED.,.F.,
  .F.,(2,2),(0.,0.624999997662),.PIECEWISE_BEZIER_KNOTS.);
#8926 = CARTESIAN_POINT('',(1.285267809352E-14,-9.807909104603E-16));
#8927 = CARTESIAN_POINT('',(2.211607332426E-06,0.624999999976));
#8928 = ( GEOMETRIC_REPRESENTATION_CONTEXT(2) 
PARAMETRIC_REPRESENTATION_CONTEXT() REPRESENTATION_CONTEXT('2D SPACE',''
  ) );
#8929 = ORIENTED_EDGE('',*,*,#8930,.T.);
#8930 = EDGE_CURVE('',#8906,#8851,#8931,.T.);
#8931 = SURFACE_CURVE('',#8932,(#8979,#8985),.PCURVE_S1.);
#8932 = B_SPLINE_CURVE_WITH_KNOTS('',3,(#8933,#8934,#8935,#8936,#8937,
    #8938,#8939,#8940,#8941,#8942,#8943,#8944,#8945,#8946,#8947,#8948,
    #8949,#8950,#8951,#8952,#8953,#8954,#8955,#8956,#8957,#8958,#8959,
    #8960,#8961,#8962,#8963,#8964,#8965,#8966,#8967,#8968,#8969,#8970,
    #8971,#8972,#8973,#8974,#8975,#8976,#8977,#8978),.UNSPECIFIED.,.F.,
  .F.,(4,3,3,3,3,3,3,3,3,3,3,3,3,3,3,4),(2.090295570092E-11,
    8.254244382178E-05,1.692776265323E-04,2.633865502968E-04,
    3.672168098788E-04,4.5364E-04,5.837816664145E-04,7.109914518557E-04,
    8.21606055553E-04,9.07279E-04,9.556336938973E-04,1.096450464754E-03,
    1.242129405019E-03,1.360919E-03,1.587738499173E-03,
    1.814557998346E-03),.UNSPECIFIED.);
#8933 = CARTESIAN_POINT('',(3.979326374138,42.389252575478,
    -4.399999999841));
#8934 = CARTESIAN_POINT('',(4.000008184886,42.408339203272,
    -4.39999999986));
#8935 = CARTESIAN_POINT('',(4.021321850856,42.426445004369,
    -4.39999999983));
#8936 = CARTESIAN_POINT('',(4.043131153606,42.443709024597,
    -4.399999999778));
#8937 = CARTESIAN_POINT('',(4.066048264491,42.461849974376,
    -4.399999999722));
#8938 = CARTESIAN_POINT('',(4.089513077903,42.47906144309,
    -4.399999999642));
#8939 = CARTESIAN_POINT('',(4.113419706604,42.495480101128,
    -4.399999999566));
#8940 = CARTESIAN_POINT('',(4.139358743425,42.51329458182,
    -4.399999999484));
#8941 = CARTESIAN_POINT('',(4.165818247388,42.530175860429,
    -4.399999999408));
#8942 = CARTESIAN_POINT('',(4.19271702432,42.546268994336,
    -4.399999999376));
#8943 = CARTESIAN_POINT('',(4.22239441175,42.564024529138,
    -4.399999999341));
#8944 = CARTESIAN_POINT('',(4.252607073898,42.580820962622,
    -4.39999999936));
#8945 = CARTESIAN_POINT('',(4.283302155368,42.59681501049,
    -4.399999999484));
#8946 = CARTESIAN_POINT('',(4.308851228175,42.610127667563,
    -4.399999999588));
#8947 = CARTESIAN_POINT('',(4.334735983138,42.622883644383,
    -4.399999999765));
#8948 = CARTESIAN_POINT('',(4.360945583599,42.63515454507,
    -4.400000000044));
#8949 = CARTESIAN_POINT('',(4.400413706395,42.653632866241,
    -4.400000000465));
#8950 = CARTESIAN_POINT('',(4.440482352698,42.670949036277,
    -4.400000008802));
#8951 = CARTESIAN_POINT('',(4.481032090323,42.687267752669,
    -4.400000018835));
#8952 = CARTESIAN_POINT('',(4.520668308031,42.70321883481,
    -4.400000028641));
#8953 = CARTESIAN_POINT('',(4.560767108824,42.718216303233,
    -4.400000040069));
#8954 = CARTESIAN_POINT('',(4.601215188328,42.732366752221,
    -4.400000047309));
#8955 = CARTESIAN_POINT('',(4.63638660434,42.74467120114,-4.400000053605
    ));
#8956 = CARTESIAN_POINT('',(4.67182331317,42.75633436433,-4.400000056734
    ));
#8957 = CARTESIAN_POINT('',(4.707423692061,42.767400939482,
    -4.400000052879));
#8958 = CARTESIAN_POINT('',(4.734996807917,42.775972195416,
    -4.400000049893));
#8959 = CARTESIAN_POINT('',(4.762667844897,42.784185080069,
    -4.400000042717));
#8960 = CARTESIAN_POINT('',(4.790369537952,42.792051629281,
    -4.400000029577));
#8961 = CARTESIAN_POINT('',(4.806004659363,42.79649159083,
    -4.400000022161));
#8962 = CARTESIAN_POINT('',(4.821576976864,42.800800519789,
    -4.400000015759));
#8963 = CARTESIAN_POINT('',(4.837050498065,42.80497733136,
    -4.400000010266));
#8964 = CARTESIAN_POINT('',(4.882111920518,42.817140889239,
    -4.399999994266));
#8965 = CARTESIAN_POINT('',(4.92796355057,42.828479199013,
    -4.399999985963));
#8966 = CARTESIAN_POINT('',(4.974275967794,42.838928928069,
    -4.399999982694));
#8967 = CARTESIAN_POINT('',(5.022187475929,42.849739468927,
    -4.399999979312));
#8968 = CARTESIAN_POINT('',(5.070591863981,42.85959891103,
    -4.399999981319));
#8969 = CARTESIAN_POINT('',(5.11909471681,42.868485902264,-4.39999998577
    ));
#8970 = CARTESIAN_POINT('',(5.15864493754,42.87573253714,-4.399999989399
    ));
#8971 = CARTESIAN_POINT('',(5.198259944376,42.882333578713,
    -4.399999994652));
#8972 = CARTESIAN_POINT('',(5.237714392088,42.888300259489,
    -4.399999999933));
#8973 = CARTESIAN_POINT('',(5.313049593555,42.899693172694,
    -4.400000010017));
#8974 = CARTESIAN_POINT('',(5.388662745475,42.908914736449,
    -4.400000009961));
#8975 = CARTESIAN_POINT('',(5.464513215924,42.916163921841,
    -4.40000000738));
#8976 = CARTESIAN_POINT('',(5.540363686373,42.923413107234,
    -4.400000004799));
#8977 = CARTESIAN_POINT('',(5.616452118648,42.928689600326,
    -4.399999999694));
#8978 = CARTESIAN_POINT('',(5.692774417358,42.932146438313,
    -4.39999999968));
#8979 = PCURVE('',#2529,#8980);
#8980 = DEFINITIONAL_REPRESENTATION('',(#8981),#8984);
#8981 = B_SPLINE_CURVE_WITH_KNOTS('',1,(#8982,#8983),.UNSPECIFIED.,.F.,
  .F.,(2,2),(2.090295570092E-11,1.814557998346E-03),
  .PIECEWISE_BEZIER_KNOTS.);
#8982 = CARTESIAN_POINT('',(0.999999987719,0.62500000002));
#8983 = CARTESIAN_POINT('',(4.287303704393E-07,0.62500000004));
#8984 = ( GEOMETRIC_REPRESENTATION_CONTEXT(2) 
PARAMETRIC_REPRESENTATION_CONTEXT() REPRESENTATION_CONTEXT('2D SPACE',''
  ) );
#8985 = PCURVE('',#94,#8986);
#8986 = DEFINITIONAL_REPRESENTATION('',(#8987),#9034);
#8987 = B_SPLINE_CURVE_WITH_KNOTS('',3,(#8988,#8989,#8990,#8991,#8992,
    #8993,#8994,#8995,#8996,#8997,#8998,#8999,#9000,#9001,#9002,#9003,
    #9004,#9005,#9006,#9007,#9008,#9009,#9010,#9011,#9012,#9013,#9014,
    #9015,#9016,#9017,#9018,#9019,#9020,#9021,#9022,#9023,#9024,#9025,
    #9026,#9027,#9028,#9029,#9030,#9031,#9032,#9033),.UNSPECIFIED.,.F.,
  .F.,(4,3,3,3,3,3,3,3,3,3,3,3,3,3,3,4),(2.090295570092E-11,
    8.254244382178E-05,1.692776265323E-04,2.633865502968E-04,
    3.672168098788E-04,4.5364E-04,5.837816664145E-04,7.109914518557E-04,
    8.21606055553E-04,9.07279E-04,9.556336938973E-04,1.096450464754E-03,
    1.242129405019E-03,1.360919E-03,1.587738499173E-03,
    1.814557998346E-03),.UNSPECIFIED.);
#8988 = CARTESIAN_POINT('',(-3.979325212138,7.610747455522));
#8989 = CARTESIAN_POINT('',(-4.000007022886,7.591660827728));
#8990 = CARTESIAN_POINT('',(-4.021320688856,7.573555026631));
#8991 = CARTESIAN_POINT('',(-4.043129991606,7.556291006403));
#8992 = CARTESIAN_POINT('',(-4.066047102491,7.538150056624));
#8993 = CARTESIAN_POINT('',(-4.089511915903,7.52093858791));
#8994 = CARTESIAN_POINT('',(-4.113418544604,7.504519929871));
#8995 = CARTESIAN_POINT('',(-4.139357581425,7.48670544918));
#8996 = CARTESIAN_POINT('',(-4.165817085388,7.469824170571));
#8997 = CARTESIAN_POINT('',(-4.19271586232,7.453731036664));
#8998 = CARTESIAN_POINT('',(-4.22239324975,7.435975501862));
#8999 = CARTESIAN_POINT('',(-4.252605911898,7.419179068378));
#9000 = CARTESIAN_POINT('',(-4.283300993368,7.40318502051));
#9001 = CARTESIAN_POINT('',(-4.308850066175,7.389872363437));
#9002 = CARTESIAN_POINT('',(-4.334734821138,7.377116386616));
#9003 = CARTESIAN_POINT('',(-4.360944421599,7.36484548593));
#9004 = CARTESIAN_POINT('',(-4.400412544395,7.346367164759));
#9005 = CARTESIAN_POINT('',(-4.440481190698,7.329050994723));
#9006 = CARTESIAN_POINT('',(-4.481030928323,7.312732278331));
#9007 = CARTESIAN_POINT('',(-4.520667146031,7.29678119619));
#9008 = CARTESIAN_POINT('',(-4.560765946824,7.281783727767));
#9009 = CARTESIAN_POINT('',(-4.601214026328,7.267633278779));
#9010 = CARTESIAN_POINT('',(-4.63638544234,7.25532882986));
#9011 = CARTESIAN_POINT('',(-4.67182215117,7.24366566667));
#9012 = CARTESIAN_POINT('',(-4.707422530061,7.232599091517));
#9013 = CARTESIAN_POINT('',(-4.734995645917,7.224027835584));
#9014 = CARTESIAN_POINT('',(-4.762666682897,7.215814950931));
#9015 = CARTESIAN_POINT('',(-4.790368375952,7.207948401719));
#9016 = CARTESIAN_POINT('',(-4.806003497363,7.20350844017));
#9017 = CARTESIAN_POINT('',(-4.821575814864,7.199199511211));
#9018 = CARTESIAN_POINT('',(-4.837049336065,7.19502269964));
#9019 = CARTESIAN_POINT('',(-4.882110758518,7.182859141761));
#9020 = CARTESIAN_POINT('',(-4.92796238857,7.171520831987));
#9021 = CARTESIAN_POINT('',(-4.974274805794,7.161071102931));
#9022 = CARTESIAN_POINT('',(-5.022186313929,7.150260562073));
#9023 = CARTESIAN_POINT('',(-5.070590701981,7.14040111997));
#9024 = CARTESIAN_POINT('',(-5.11909355481,7.131514128736));
#9025 = CARTESIAN_POINT('',(-5.15864377554,7.12426749386));
#9026 = CARTESIAN_POINT('',(-5.198258782376,7.117666452287));
#9027 = CARTESIAN_POINT('',(-5.237713230088,7.111699771511));
#9028 = CARTESIAN_POINT('',(-5.313048431555,7.100306858306));
#9029 = CARTESIAN_POINT('',(-5.388661583475,7.091085294551));
#9030 = CARTESIAN_POINT('',(-5.464512053924,7.083836109159));
#9031 = CARTESIAN_POINT('',(-5.540362524373,7.076586923766));
#9032 = CARTESIAN_POINT('',(-5.616450956648,7.071310430674));
#9033 = CARTESIAN_POINT('',(-5.692773255358,7.067853592687));
#9034 = ( GEOMETRIC_REPRESENTATION_CONTEXT(2) 
PARAMETRIC_REPRESENTATION_CONTEXT() REPRESENTATION_CONTEXT('2D SPACE',''
  ) );
#9035 = ORIENTED_EDGE('',*,*,#8850,.F.);
#9036 = ORIENTED_EDGE('',*,*,#2427,.T.);
#9037 = ADVANCED_FACE('',(#9038),#2296,.T.);
#9038 = FACE_BOUND('',#9039,.T.);
#9039 = EDGE_LOOP('',(#9040,#9066,#9088,#9112));
#9040 = ORIENTED_EDGE('',*,*,#9041,.T.);
#9041 = EDGE_CURVE('',#2136,#9042,#9044,.T.);
#9042 = VERTEX_POINT('',#9043);
#9043 = CARTESIAN_POINT('',(3.087949785716,43.057578304505,
    -4.400000028859));
#9044 = SURFACE_CURVE('',#9045,(#9053,#9060),.PCURVE_S1.);
#9045 = B_SPLINE_CURVE_WITH_KNOTS('',3,(#9046,#9047,#9048,#9049,#9050,
    #9051,#9052),.UNSPECIFIED.,.F.,.F.,(4,3,4),(0.,0.500000012936,0.625)
  ,.UNSPECIFIED.);
#9046 = CARTESIAN_POINT('',(4.949544735,41.249934438,-9.4));
#9047 = CARTESIAN_POINT('',(4.568491883687,41.834465829939,-8.066666667)
  );
#9048 = CARTESIAN_POINT('',(4.082450451525,42.350062243176,-6.733333333)
  );
#9049 = CARTESIAN_POINT('',(3.52176920274,42.765318667618,-5.4000000002)
  );
#9050 = CARTESIAN_POINT('',(3.381598908676,42.8691327603,-5.066666710119
    ));
#9051 = CARTESIAN_POINT('',(3.23678986232,42.966656174949,
    -4.733333419237));
#9052 = CARTESIAN_POINT('',(3.087949699783,43.057578372467,
    -4.400000129356));
#9053 = PCURVE('',#2296,#9054);
#9054 = DEFINITIONAL_REPRESENTATION('',(#9055),#9059);
#9055 = LINE('',#9056,#9057);
#9056 = CARTESIAN_POINT('',(0.999997415102,-3.293599094794E-15));
#9057 = VECTOR('',#9058,1.);
#9058 = DIRECTION('',(-4.673074300856E-08,1.));
#9059 = ( GEOMETRIC_REPRESENTATION_CONTEXT(2) 
PARAMETRIC_REPRESENTATION_CONTEXT() REPRESENTATION_CONTEXT('2D SPACE',''
  ) );
#9060 = PCURVE('',#2237,#9061);
#9061 = DEFINITIONAL_REPRESENTATION('',(#9062),#9065);
#9062 = B_SPLINE_CURVE_WITH_KNOTS('',1,(#9063,#9064),.UNSPECIFIED.,.F.,
  .F.,(2,2),(0.,0.625),.PIECEWISE_BEZIER_KNOTS.);
#9063 = CARTESIAN_POINT('',(2.955729677565E-15,2.825274900621E-16));
#9064 = CARTESIAN_POINT('',(1.523459110123E-06,0.62499998383));
#9065 = ( GEOMETRIC_REPRESENTATION_CONTEXT(2) 
PARAMETRIC_REPRESENTATION_CONTEXT() REPRESENTATION_CONTEXT('2D SPACE',''
  ) );
#9066 = ORIENTED_EDGE('',*,*,#9067,.T.);
#9067 = EDGE_CURVE('',#9042,#9068,#9070,.T.);
#9068 = VERTEX_POINT('',#9069);
#9069 = CARTESIAN_POINT('',(2.753664002,42.51069187,-4.4));
#9070 = SURFACE_CURVE('',#9071,(#9075,#9081),.PCURVE_S1.);
#9071 = LINE('',#9072,#9073);
#9072 = CARTESIAN_POINT('',(3.087949907322,43.057578237987,-4.4));
#9073 = VECTOR('',#9074,1.);
#9074 = DIRECTION('',(-0.521538119749,-0.853227982223,0.));
#9075 = PCURVE('',#2296,#9076);
#9076 = DEFINITIONAL_REPRESENTATION('',(#9077),#9080);
#9077 = B_SPLINE_CURVE_WITH_KNOTS('',1,(#9078,#9079),.UNSPECIFIED.,.F.,
  .F.,(2,2),(6.666782008272E-09,0.640961594783),
  .PIECEWISE_BEZIER_KNOTS.);
#9078 = CARTESIAN_POINT('',(0.999997368124,0.625));
#9079 = CARTESIAN_POINT('',(0.135000478808,0.625000000002));
#9080 = ( GEOMETRIC_REPRESENTATION_CONTEXT(2) 
PARAMETRIC_REPRESENTATION_CONTEXT() REPRESENTATION_CONTEXT('2D SPACE',''
  ) );
#9081 = PCURVE('',#94,#9082);
#9082 = DEFINITIONAL_REPRESENTATION('',(#9083),#9087);
#9083 = LINE('',#9084,#9085);
#9084 = CARTESIAN_POINT('',(-3.087948745322,6.942421793013));
#9085 = VECTOR('',#9086,1.);
#9086 = DIRECTION('',(0.521538119749,0.853227982223));
#9087 = ( GEOMETRIC_REPRESENTATION_CONTEXT(2) 
PARAMETRIC_REPRESENTATION_CONTEXT() REPRESENTATION_CONTEXT('2D SPACE',''
  ) );
#9088 = ORIENTED_EDGE('',*,*,#9089,.F.);
#9089 = EDGE_CURVE('',#2281,#9068,#9090,.T.);
#9090 = SURFACE_CURVE('',#9091,(#9100,#9106),.PCURVE_S1.);
#9091 = B_SPLINE_CURVE_WITH_KNOTS('',3,(#9092,#9093,#9094,#9095,#9096,
    #9097,#9098,#9099),.UNSPECIFIED.,.F.,.F.,(4,2,2,4),(0.,
    0.276143070956,0.414086026537,0.552031635286),.UNSPECIFIED.);
#9092 = CARTESIAN_POINT('',(4.412680186679,40.899708443804,-9.4));
#9093 = CARTESIAN_POINT('',(4.200107327265,41.225563274462,
    -8.565788313391));
#9094 = CARTESIAN_POINT('',(3.951981909035,41.526762193025,
    -7.734003414671));
#9095 = CARTESIAN_POINT('',(3.53347183898,41.93313685833,-6.483036251032
    ));
#9096 = CARTESIAN_POINT('',(3.38664541265,42.060666771866,
    -6.066612738531));
#9097 = CARTESIAN_POINT('',(3.07952590145,42.298861926023,
    -5.233147149459));
#9098 = CARTESIAN_POINT('',(2.919471692501,42.409341379631,
    -4.816738921976));
#9099 = CARTESIAN_POINT('',(2.753664002254,42.51069186957,-4.4));
#9100 = PCURVE('',#2296,#9101);
#9101 = DEFINITIONAL_REPRESENTATION('',(#9102),#9105);
#9102 = B_SPLINE_CURVE_WITH_KNOTS('',1,(#9103,#9104),.UNSPECIFIED.,.F.,
  .F.,(2,2),(0.,0.552031635286),.PIECEWISE_BEZIER_KNOTS.);
#9103 = CARTESIAN_POINT('',(0.134952653958,8.086544576955E-16));
#9104 = CARTESIAN_POINT('',(0.135000478492,0.625));
#9105 = ( GEOMETRIC_REPRESENTATION_CONTEXT(2) 
PARAMETRIC_REPRESENTATION_CONTEXT() REPRESENTATION_CONTEXT('2D SPACE',''
  ) );
#9106 = PCURVE('',#2356,#9107);
#9107 = DEFINITIONAL_REPRESENTATION('',(#9108),#9111);
#9108 = B_SPLINE_CURVE_WITH_KNOTS('',1,(#9109,#9110),.UNSPECIFIED.,.F.,
  .F.,(2,2),(0.,0.552031635286),.PIECEWISE_BEZIER_KNOTS.);
#9109 = CARTESIAN_POINT('',(4.202937842743,0.));
#9110 = CARTESIAN_POINT('',(4.64705266951,5.));
#9111 = ( GEOMETRIC_REPRESENTATION_CONTEXT(2) 
PARAMETRIC_REPRESENTATION_CONTEXT() REPRESENTATION_CONTEXT('2D SPACE',''
  ) );
#9112 = ORIENTED_EDGE('',*,*,#2280,.T.);
#9113 = ADVANCED_FACE('',(#9114),#2237,.T.);
#9114 = FACE_BOUND('',#9115,.T.);
#9115 = EDGE_LOOP('',(#9116,#9141,#9241,#9242));
#9116 = ORIENTED_EDGE('',*,*,#9117,.T.);
#9117 = EDGE_CURVE('',#2082,#9118,#9120,.T.);
#9118 = VERTEX_POINT('',#9119);
#9119 = CARTESIAN_POINT('',(3.128832728911,44.854507472895,
    -4.400000033315));
#9120 = SURFACE_CURVE('',#9121,(#9128,#9134),.PCURVE_S1.);
#9121 = B_SPLINE_CURVE_WITH_KNOTS('',3,(#9122,#9123,#9124,#9125,#9126,
    #9127),.UNSPECIFIED.,.F.,.F.,(4,2,4),(1.096868554401E-09,0.5,
    0.624999986157),.UNSPECIFIED.);
#9122 = CARTESIAN_POINT('',(5.758536260241,42.854993481478,
    -9.399999991225));
#9123 = CARTESIAN_POINT('',(5.187400569958,43.535407541532,
    -8.06666666115));
#9124 = CARTESIAN_POINT('',(4.494129907306,44.112614579963,
    -6.733333330075));
#9125 = CARTESIAN_POINT('',(3.52883345538,44.661311473847,
    -5.066666703915));
#9126 = CARTESIAN_POINT('',(3.330874891846,44.762389721612,
    -4.73333340683));
#9127 = CARTESIAN_POINT('',(3.128832573126,44.854507411395,
    -4.400000110745));
#9128 = PCURVE('',#2237,#9129);
#9129 = DEFINITIONAL_REPRESENTATION('',(#9130),#9133);
#9130 = B_SPLINE_CURVE_WITH_KNOTS('',1,(#9131,#9132),.UNSPECIFIED.,.F.,
  .F.,(2,2),(1.096868554401E-09,0.624999986157),
  .PIECEWISE_BEZIER_KNOTS.);
#9131 = CARTESIAN_POINT('',(0.999999994744,2.25839016294E-10));
#9132 = CARTESIAN_POINT('',(0.999999691102,0.625000007036));
#9133 = ( GEOMETRIC_REPRESENTATION_CONTEXT(2) 
PARAMETRIC_REPRESENTATION_CONTEXT() REPRESENTATION_CONTEXT('2D SPACE',''
  ) );
#9134 = PCURVE('',#2098,#9135);
#9135 = DEFINITIONAL_REPRESENTATION('',(#9136),#9140);
#9136 = LINE('',#9137,#9138);
#9137 = CARTESIAN_POINT('',(-5.400008149395E-08,-1.221404360005E-15));
#9138 = VECTOR('',#9139,1.);
#9139 = DIRECTION('',(2.10784545705E-13,1.));
#9140 = ( GEOMETRIC_REPRESENTATION_CONTEXT(2) 
PARAMETRIC_REPRESENTATION_CONTEXT() REPRESENTATION_CONTEXT('2D SPACE',''
  ) );
#9141 = ORIENTED_EDGE('',*,*,#9142,.T.);
#9142 = EDGE_CURVE('',#9118,#9042,#9143,.T.);
#9143 = SURFACE_CURVE('',#9144,(#9188,#9194),.PCURVE_S1.);
#9144 = B_SPLINE_CURVE_WITH_KNOTS('',3,(#9145,#9146,#9147,#9148,#9149,
    #9150,#9151,#9152,#9153,#9154,#9155,#9156,#9157,#9158,#9159,#9160,
    #9161,#9162,#9163,#9164,#9165,#9166,#9167,#9168,#9169,#9170,#9171,
    #9172,#9173,#9174,#9175,#9176,#9177,#9178,#9179,#9180,#9181,#9182,
    #9183,#9184,#9185,#9186,#9187),.UNSPECIFIED.,.F.,.F.,(4,3,3,3,3,3,3,
    3,3,3,3,3,3,3,4),(5.370351532582E-10,2.423026914926E-04,
    4.768080794927E-04,6.998864376536E-04,8.659100173694E-04,9.15489E-04
    ,1.023824473069E-03,1.14745825055E-03,1.281135397109E-03,
    1.373234E-03,1.481213711499E-03,1.577109728715E-03,
    1.667954453489E-03,1.752092090636E-03,1.830979E-03),.UNSPECIFIED.);
#9145 = CARTESIAN_POINT('',(3.128832906323,44.854507516093,-4.4));
#9146 = CARTESIAN_POINT('',(3.147981565904,44.775864948798,
    -4.400000000006));
#9147 = CARTESIAN_POINT('',(3.165235004878,44.696282087649,
    -4.400000012219));
#9148 = CARTESIAN_POINT('',(3.18024220795,44.616238971425,
    -4.400000028021));
#9149 = CARTESIAN_POINT('',(3.194766511241,44.538771471935,
    -4.400000043315));
#9150 = CARTESIAN_POINT('',(3.207186389138,44.460873605312,
    -4.400000061972));
#9151 = CARTESIAN_POINT('',(3.217229984796,44.382989764802,
    -4.400000076181));
#9152 = CARTESIAN_POINT('',(3.226784173928,44.308901065107,
    -4.400000089698));
#9153 = CARTESIAN_POINT('',(3.234187892998,44.234825652748,
    -4.40000009919));
#9154 = CARTESIAN_POINT('',(3.239253395361,44.161145023991,
    -4.400000097933));
#9155 = CARTESIAN_POINT('',(3.243023338991,44.106309037915,
    -4.400000096998));
#9156 = CARTESIAN_POINT('',(3.245499062643,44.051691745618,
    -4.400000090109));
#9157 = CARTESIAN_POINT('',(3.246621786424,43.997447154603,
    -4.400000074495));
#9158 = CARTESIAN_POINT('',(3.246957061106,43.981248301161,
    -4.400000069832));
#9159 = CARTESIAN_POINT('',(3.247191103342,43.964884212358,
    -4.400000064391));
#9160 = CARTESIAN_POINT('',(3.247313332637,43.948379125643,
    -4.400000058099));
#9161 = CARTESIAN_POINT('',(3.247580416949,43.91231371481,
    -4.400000044348));
#9162 = CARTESIAN_POINT('',(3.247309719491,43.876130116817,
    -4.400000033852));
#9163 = CARTESIAN_POINT('',(3.246441170411,43.839951788406,
    -4.400000025864));
#9164 = CARTESIAN_POINT('',(3.245449971494,43.798664633999,
    -4.400000016748));
#9165 = CARTESIAN_POINT('',(3.243681165509,43.757383708629,
    -4.400000010899));
#9166 = CARTESIAN_POINT('',(3.241035235202,43.716225492628,
    -4.400000007207));
#9167 = CARTESIAN_POINT('',(3.238174363193,43.671723795885,
    -4.400000003215));
#9168 = CARTESIAN_POINT('',(3.234289677392,43.627363334483,
    -4.400000001744));
#9169 = CARTESIAN_POINT('',(3.22922281184,43.583241905788,
    -4.400000001394));
#9170 = CARTESIAN_POINT('',(3.225731929139,43.552843875572,
    -4.400000001153));
#9171 = CARTESIAN_POINT('',(3.221679214284,43.52255823376,
    -4.400000001443));
#9172 = CARTESIAN_POINT('',(3.216998623719,43.492414039525,
    -4.400000001807));
#9173 = CARTESIAN_POINT('',(3.211510931149,43.457071903002,
    -4.400000002233));
#9174 = CARTESIAN_POINT('',(3.205173383936,43.421993890634,
    -4.400000002363));
#9175 = CARTESIAN_POINT('',(3.197844485458,43.387160315438,
    -4.400000002312));
#9176 = CARTESIAN_POINT('',(3.191335742613,43.356224863949,
    -4.400000002267));
#9177 = CARTESIAN_POINT('',(3.184044934112,43.32548157801,
    -4.400000002078));
#9178 = CARTESIAN_POINT('',(3.175838228594,43.294938267771,
    -4.400000001827));
#9179 = CARTESIAN_POINT('',(3.1680638087,43.266003816759,-4.400000001589
    ));
#9180 = CARTESIAN_POINT('',(3.15946758098,43.237248269492,
    -4.400000001295));
#9181 = CARTESIAN_POINT('',(3.149902403193,43.208707044373,
    -4.400000001012));
#9182 = CARTESIAN_POINT('',(3.141043424756,43.182273024689,
    -4.40000000075));
#9183 = CARTESIAN_POINT('',(3.131353271073,43.156022585967,
    -4.400000000499));
#9184 = CARTESIAN_POINT('',(3.120685031547,43.13001458801,
    -4.400000000312));
#9185 = CARTESIAN_POINT('',(3.110682558537,43.105629655807,
    -4.400000000136));
#9186 = CARTESIAN_POINT('',(3.09982028483,43.081457638921,
    -4.400000000018));
#9187 = CARTESIAN_POINT('',(3.08794963913,43.057578401932,-4.4));
#9188 = PCURVE('',#2237,#9189);
#9189 = DEFINITIONAL_REPRESENTATION('',(#9190),#9193);
#9190 = B_SPLINE_CURVE_WITH_KNOTS('',1,(#9191,#9192),.UNSPECIFIED.,.F.,
  .F.,(2,2),(5.370351773064E-10,1.830979E-03),.PIECEWISE_BEZIER_KNOTS.);
#9191 = CARTESIAN_POINT('',(0.999999715465,0.625));
#9192 = CARTESIAN_POINT('',(1.519724858466E-06,0.625));
#9193 = ( GEOMETRIC_REPRESENTATION_CONTEXT(2) 
PARAMETRIC_REPRESENTATION_CONTEXT() REPRESENTATION_CONTEXT('2D SPACE',''
  ) );
#9194 = PCURVE('',#94,#9195);
#9195 = DEFINITIONAL_REPRESENTATION('',(#9196),#9240);
#9196 = B_SPLINE_CURVE_WITH_KNOTS('',3,(#9197,#9198,#9199,#9200,#9201,
    #9202,#9203,#9204,#9205,#9206,#9207,#9208,#9209,#9210,#9211,#9212,
    #9213,#9214,#9215,#9216,#9217,#9218,#9219,#9220,#9221,#9222,#9223,
    #9224,#9225,#9226,#9227,#9228,#9229,#9230,#9231,#9232,#9233,#9234,
    #9235,#9236,#9237,#9238,#9239),.UNSPECIFIED.,.F.,.F.,(4,3,3,3,3,3,3,
    3,3,3,3,3,3,3,4),(5.370351532582E-10,2.423026914926E-04,
    4.768080794927E-04,6.998864376536E-04,8.659100173694E-04,9.15489E-04
    ,1.023824473069E-03,1.14745825055E-03,1.281135397109E-03,
    1.373234E-03,1.481213711499E-03,1.577109728715E-03,
    1.667954453489E-03,1.752092090636E-03,1.830979E-03),.UNSPECIFIED.);
#9197 = CARTESIAN_POINT('',(-3.128831744322,5.145492514907));
#9198 = CARTESIAN_POINT('',(-3.147980403904,5.224135082202));
#9199 = CARTESIAN_POINT('',(-3.165233842878,5.303717943351));
#9200 = CARTESIAN_POINT('',(-3.18024104595,5.383761059575));
#9201 = CARTESIAN_POINT('',(-3.194765349241,5.461228559065));
#9202 = CARTESIAN_POINT('',(-3.207185227138,5.539126425688));
#9203 = CARTESIAN_POINT('',(-3.217228822796,5.617010266198));
#9204 = CARTESIAN_POINT('',(-3.226783011928,5.691098965893));
#9205 = CARTESIAN_POINT('',(-3.234186730998,5.765174378252));
#9206 = CARTESIAN_POINT('',(-3.239252233361,5.838855007009));
#9207 = CARTESIAN_POINT('',(-3.243022176991,5.893690993085));
#9208 = CARTESIAN_POINT('',(-3.245497900643,5.948308285382));
#9209 = CARTESIAN_POINT('',(-3.246620624424,6.002552876397));
#9210 = CARTESIAN_POINT('',(-3.246955899106,6.018751729839));
#9211 = CARTESIAN_POINT('',(-3.247189941342,6.035115818642));
#9212 = CARTESIAN_POINT('',(-3.247312170637,6.051620905357));
#9213 = CARTESIAN_POINT('',(-3.247579254949,6.08768631619));
#9214 = CARTESIAN_POINT('',(-3.247308557491,6.123869914183));
#9215 = CARTESIAN_POINT('',(-3.246440008411,6.160048242594));
#9216 = CARTESIAN_POINT('',(-3.245448809494,6.201335397001));
#9217 = CARTESIAN_POINT('',(-3.243680003509,6.242616322371));
#9218 = CARTESIAN_POINT('',(-3.241034073202,6.283774538372));
#9219 = CARTESIAN_POINT('',(-3.238173201193,6.328276235115));
#9220 = CARTESIAN_POINT('',(-3.234288515392,6.372636696517));
#9221 = CARTESIAN_POINT('',(-3.22922164984,6.416758125212));
#9222 = CARTESIAN_POINT('',(-3.225730767139,6.447156155428));
#9223 = CARTESIAN_POINT('',(-3.221678052284,6.47744179724));
#9224 = CARTESIAN_POINT('',(-3.216997461719,6.507585991475));
#9225 = CARTESIAN_POINT('',(-3.211509769149,6.542928127998));
#9226 = CARTESIAN_POINT('',(-3.205172221936,6.578006140366));
#9227 = CARTESIAN_POINT('',(-3.197843323458,6.612839715562));
#9228 = CARTESIAN_POINT('',(-3.191334580613,6.643775167051));
#9229 = CARTESIAN_POINT('',(-3.184043772112,6.67451845299));
#9230 = CARTESIAN_POINT('',(-3.175837066594,6.705061763229));
#9231 = CARTESIAN_POINT('',(-3.1680626467,6.733996214241));
#9232 = CARTESIAN_POINT('',(-3.15946641898,6.762751761508));
#9233 = CARTESIAN_POINT('',(-3.149901241193,6.791292986627));
#9234 = CARTESIAN_POINT('',(-3.141042262756,6.817727006311));
#9235 = CARTESIAN_POINT('',(-3.131352109073,6.843977445033));
#9236 = CARTESIAN_POINT('',(-3.120683869547,6.86998544299));
#9237 = CARTESIAN_POINT('',(-3.110681396537,6.894370375193));
#9238 = CARTESIAN_POINT('',(-3.09981912283,6.918542392079));
#9239 = CARTESIAN_POINT('',(-3.08794847713,6.942421629068));
#9240 = ( GEOMETRIC_REPRESENTATION_CONTEXT(2) 
PARAMETRIC_REPRESENTATION_CONTEXT() REPRESENTATION_CONTEXT('2D SPACE',''
  ) );
#9241 = ORIENTED_EDGE('',*,*,#9041,.F.);
#9242 = ORIENTED_EDGE('',*,*,#2135,.T.);
#9243 = ADVANCED_FACE('',(#9244),#2098,.T.);
#9244 = FACE_BOUND('',#9245,.T.);
#9245 = EDGE_LOOP('',(#9246,#9271,#9296,#9297));
#9246 = ORIENTED_EDGE('',*,*,#9247,.T.);
#9247 = EDGE_CURVE('',#2016,#9248,#9250,.T.);
#9248 = VERTEX_POINT('',#9249);
#9249 = CARTESIAN_POINT('',(2.764923045775,45.009092699382,
    -4.400000009868));
#9250 = SURFACE_CURVE('',#9251,(#9258,#9265),.PCURVE_S1.);
#9251 = B_SPLINE_CURVE_WITH_KNOTS('',3,(#9252,#9253,#9254,#9255,#9256,
    #9257),.UNSPECIFIED.,.F.,.F.,(4,2,4),(0.,0.5,0.6249999963),
  .UNSPECIFIED.);
#9252 = CARTESIAN_POINT('',(5.496346196,43.150941684,-9.4));
#9253 = CARTESIAN_POINT('',(4.890146581,43.80031161,-8.066666667));
#9254 = CARTESIAN_POINT('',(4.167420684,44.340181462,-6.733333333));
#9255 = CARTESIAN_POINT('',(3.174549459878,44.837245137057,
    -5.066666676868));
#9256 = CARTESIAN_POINT('',(2.971539175019,44.927750591641,
    -4.733333352735));
#9257 = CARTESIAN_POINT('',(2.764923027349,45.009092724776,
    -4.400000029603));
#9258 = PCURVE('',#2098,#9259);
#9259 = DEFINITIONAL_REPRESENTATION('',(#9260),#9264);
#9260 = LINE('',#9261,#9262);
#9261 = CARTESIAN_POINT('',(1.,2.16747270316E-17));
#9262 = VECTOR('',#9263,1.);
#9263 = DIRECTION('',(-2.167155356899E-14,1.));
#9264 = ( GEOMETRIC_REPRESENTATION_CONTEXT(2) 
PARAMETRIC_REPRESENTATION_CONTEXT() REPRESENTATION_CONTEXT('2D SPACE',''
  ) );
#9265 = PCURVE('',#2037,#9266);
#9266 = DEFINITIONAL_REPRESENTATION('',(#9267),#9270);
#9267 = B_SPLINE_CURVE_WITH_KNOTS('',1,(#9268,#9269),.UNSPECIFIED.,.F.,
  .F.,(2,2),(0.,0.6249999963),.PIECEWISE_BEZIER_KNOTS.);
#9268 = CARTESIAN_POINT('',(3.583027158731E-10,2.280750490447E-11));
#9269 = CARTESIAN_POINT('',(-6.648572554549E-08,0.625000000726));
#9270 = ( GEOMETRIC_REPRESENTATION_CONTEXT(2) 
PARAMETRIC_REPRESENTATION_CONTEXT() REPRESENTATION_CONTEXT('2D SPACE',''
  ) );
#9271 = ORIENTED_EDGE('',*,*,#9272,.T.);
#9272 = EDGE_CURVE('',#9248,#9118,#9273,.T.);
#9273 = SURFACE_CURVE('',#9274,(#9279,#9285),.PCURVE_S1.);
#9274 = CIRCLE('',#9275,7.499927622717);
#9275 = AXIS2_PLACEMENT_3D('',#9276,#9277,#9278);
#9276 = CARTESIAN_POINT('',(1.559519801332E-02,38.031262773211,-4.4));
#9277 = DIRECTION('',(0.,0.,-1.));
#9278 = DIRECTION('',(0.415102313595,0.909774735442,0.));
#9279 = PCURVE('',#2098,#9280);
#9280 = DEFINITIONAL_REPRESENTATION('',(#9281),#9284);
#9281 = B_SPLINE_CURVE_WITH_KNOTS('',1,(#9282,#9283),.UNSPECIFIED.,.F.,
  .F.,(2,2),(6.230461130317,6.28318533251),.PIECEWISE_BEZIER_KNOTS.);
#9282 = CARTESIAN_POINT('',(0.999999883235,0.625));
#9283 = CARTESIAN_POINT('',(-5.344425448566E-07,0.625));
#9284 = ( GEOMETRIC_REPRESENTATION_CONTEXT(2) 
PARAMETRIC_REPRESENTATION_CONTEXT() REPRESENTATION_CONTEXT('2D SPACE',''
  ) );
#9285 = PCURVE('',#94,#9286);
#9286 = DEFINITIONAL_REPRESENTATION('',(#9287),#9295);
#9287 = ( BOUNDED_CURVE() B_SPLINE_CURVE(2,(#9288,#9289,#9290,#9291,
#9292,#9293,#9294),.UNSPECIFIED.,.T.,.F.) B_SPLINE_CURVE_WITH_KNOTS((1,2
    ,2,2,2,1),(-2.094395102393,0.,2.094395102393,4.188790204786,
6.28318530718,8.377580409573),.UNSPECIFIED.) CURVE() 
GEOMETRIC_REPRESENTATION_ITEM() RATIONAL_B_SPLINE_CURVE((1.,0.5,1.,0.5,
1.,0.5,1.)) REPRESENTATION_ITEM('') );
#9288 = CARTESIAN_POINT('',(-3.128831344,5.145492589));
#9289 = CARTESIAN_POINT('',(-14.94703778281,10.537777782452));
#9290 = CARTESIAN_POINT('',(-4.368078601428,18.076502188909));
#9291 = CARTESIAN_POINT('',(6.21088057996,25.615226595366));
#9292 = CARTESIAN_POINT('',(7.450127837388,12.684216995457));
#9293 = CARTESIAN_POINT('',(8.689375094815,-0.246792604452));
#9294 = CARTESIAN_POINT('',(-3.128831344,5.145492589));
#9295 = ( GEOMETRIC_REPRESENTATION_CONTEXT(2) 
PARAMETRIC_REPRESENTATION_CONTEXT() REPRESENTATION_CONTEXT('2D SPACE',''
  ) );
#9296 = ORIENTED_EDGE('',*,*,#9117,.F.);
#9297 = ORIENTED_EDGE('',*,*,#2081,.T.);
#9298 = ADVANCED_FACE('',(#9299),#2037,.T.);
#9299 = FACE_BOUND('',#9300,.T.);
#9300 = EDGE_LOOP('',(#9301,#9326,#9379,#9380));
#9301 = ORIENTED_EDGE('',*,*,#9302,.T.);
#9302 = EDGE_CURVE('',#1957,#9303,#9305,.T.);
#9303 = VERTEX_POINT('',#9304);
#9304 = CARTESIAN_POINT('',(1.500035800323,43.732105553331,
    -4.400000003019));
#9305 = SURFACE_CURVE('',#9306,(#9313,#9320),.PCURVE_S1.);
#9306 = B_SPLINE_CURVE_WITH_KNOTS('',3,(#9307,#9308,#9309,#9310,#9311,
    #9312),.UNSPECIFIED.,.F.,.F.,(4,2,4),(0.,0.5,0.624999998868),
  .UNSPECIFIED.);
#9307 = CARTESIAN_POINT('',(3.805483224,42.541298956,-9.4));
#9308 = CARTESIAN_POINT('',(3.271429038,42.990369401,-8.066666667));
#9309 = CARTESIAN_POINT('',(2.656859366,43.343044483,-6.733333333));
#9310 = CARTESIAN_POINT('',(1.835685761488,43.636813399468,
    -5.066666670019));
#9311 = CARTESIAN_POINT('',(1.668833687022,43.688202446069,
    -4.733333339038));
#9312 = CARTESIAN_POINT('',(1.500035794587,43.732105548807,
    -4.400000009057));
#9313 = PCURVE('',#2037,#9314);
#9314 = DEFINITIONAL_REPRESENTATION('',(#9315),#9319);
#9315 = LINE('',#9316,#9317);
#9316 = CARTESIAN_POINT('',(1.,-4.545914623527E-16));
#9317 = VECTOR('',#9318,1.);
#9318 = DIRECTION('',(1.62133418031E-10,1.));
#9319 = ( GEOMETRIC_REPRESENTATION_CONTEXT(2) 
PARAMETRIC_REPRESENTATION_CONTEXT() REPRESENTATION_CONTEXT('2D SPACE',''
  ) );
#9320 = PCURVE('',#1972,#9321);
#9321 = DEFINITIONAL_REPRESENTATION('',(#9322),#9325);
#9322 = B_SPLINE_CURVE_WITH_KNOTS('',1,(#9323,#9324),.UNSPECIFIED.,.F.,
  .F.,(2,2),(0.,0.624999998868),.PIECEWISE_BEZIER_KNOTS.);
#9323 = CARTESIAN_POINT('',(3.317547367434E-14,-1.222426407673E-15));
#9324 = CARTESIAN_POINT('',(8.667275650615E-07,0.624999999991));
#9325 = ( GEOMETRIC_REPRESENTATION_CONTEXT(2) 
PARAMETRIC_REPRESENTATION_CONTEXT() REPRESENTATION_CONTEXT('2D SPACE',''
  ) );
#9326 = ORIENTED_EDGE('',*,*,#9327,.T.);
#9327 = EDGE_CURVE('',#9303,#9248,#9328,.T.);
#9328 = SURFACE_CURVE('',#9329,(#9338,#9367),.PCURVE_S1.);
#9329 = B_SPLINE_CURVE_WITH_KNOTS('',3,(#9330,#9331,#9332,#9333,#9334,
    #9335,#9336,#9337),.UNSPECIFIED.,.F.,.F.,(4,2,2,4),(
    6.424663825867E-10,4.466547885215E-02,9.029359954066E-02,
    0.144532552291),.UNSPECIFIED.);
#9330 = CARTESIAN_POINT('',(1.500035792245,43.732105556208,-4.4));
#9331 = CARTESIAN_POINT('',(1.549992298638,43.872359145335,-4.4));
#9332 = CARTESIAN_POINT('',(1.631851610247,44.005940464489,-4.4));
#9333 = CARTESIAN_POINT('',(1.813485675738,44.245818099446,-4.4));
#9334 = CARTESIAN_POINT('',(1.920792907329,44.360947520199,-4.4));
#9335 = CARTESIAN_POINT('',(2.161971982574,44.590178330303,-4.4));
#9336 = CARTESIAN_POINT('',(2.394760486658,44.792910349284,-4.4));
#9337 = CARTESIAN_POINT('',(2.764923049678,45.009092661584,-4.4));
#9338 = PCURVE('',#2037,#9339);
#9339 = DEFINITIONAL_REPRESENTATION('',(#9340),#9366);
#9340 = B_SPLINE_CURVE_WITH_KNOTS('',3,(#9341,#9342,#9343,#9344,#9345,
    #9346,#9347,#9348,#9349,#9350,#9351,#9352,#9353,#9354,#9355,#9356,
    #9357,#9358,#9359,#9360,#9361,#9362,#9363,#9364,#9365),
  .UNSPECIFIED.,.F.,.F.,(4,1,1,1,1,1,1,1,1,1,1,1,1,1,1,1,1,1,1,1,1,1,4),
  (6.424663825867E-10,6.569662081028E-03,1.313932351959E-02,
    1.970898495815E-02,2.627864639671E-02,3.284830783528E-02,
    3.941796927384E-02,4.59876307124E-02,5.255729215096E-02,
    5.912695358952E-02,6.569661502808E-02,7.226627646665E-02,
    7.883593790521E-02,8.540559934377E-02,9.197526078233E-02,
    9.854492222089E-02,0.105114583659,0.111684245098,0.118253906537,
    0.124823567975,0.131393229414,0.137962890852,0.144532552291),
  .QUASI_UNIFORM_KNOTS.);
#9341 = CARTESIAN_POINT('',(1.,0.625000002));
#9342 = CARTESIAN_POINT('',(0.987421774015,0.624999997157));
#9343 = CARTESIAN_POINT('',(0.962352572341,0.624999977211));
#9344 = CARTESIAN_POINT('',(0.925048798312,0.624999941377));
#9345 = CARTESIAN_POINT('',(0.888082660377,0.62499993726));
#9346 = CARTESIAN_POINT('',(0.851494111087,0.624999957784));
#9347 = CARTESIAN_POINT('',(0.815345833433,0.624999985444));
#9348 = CARTESIAN_POINT('',(0.779644756007,0.625000000437));
#9349 = CARTESIAN_POINT('',(0.744643037256,0.625000001634));
#9350 = CARTESIAN_POINT('',(0.709625065734,0.624999992407));
#9351 = CARTESIAN_POINT('',(0.674363189862,0.624999983572));
#9352 = CARTESIAN_POINT('',(0.638893799208,0.624999986281));
#9353 = CARTESIAN_POINT('',(0.603139359578,0.624999980213));
#9354 = CARTESIAN_POINT('',(0.567180094711,0.625000030974));
#9355 = CARTESIAN_POINT('',(0.530535906862,0.624999872104));
#9356 = CARTESIAN_POINT('',(0.494754209276,0.625000479269));
#9357 = CARTESIAN_POINT('',(0.452439712227,0.624998051675));
#9358 = CARTESIAN_POINT('',(0.404088709717,0.624998534512));
#9359 = CARTESIAN_POINT('',(0.35007013502,0.624999199365));
#9360 = CARTESIAN_POINT('',(0.290549967998,0.624999682276));
#9361 = CARTESIAN_POINT('',(0.225723189021,0.624999882394));
#9362 = CARTESIAN_POINT('',(0.155744539214,0.62499995945));
#9363 = CARTESIAN_POINT('',(8.074568651225E-02,0.624999999052));
#9364 = CARTESIAN_POINT('',(2.745344090378E-02,0.625000002022));
#9365 = CARTESIAN_POINT('',(-5.9E-08,0.625000002));
#9366 = ( GEOMETRIC_REPRESENTATION_CONTEXT(2) 
PARAMETRIC_REPRESENTATION_CONTEXT() REPRESENTATION_CONTEXT('2D SPACE',''
  ) );
#9367 = PCURVE('',#94,#9368);
#9368 = DEFINITIONAL_REPRESENTATION('',(#9369),#9378);
#9369 = B_SPLINE_CURVE_WITH_KNOTS('',3,(#9370,#9371,#9372,#9373,#9374,
    #9375,#9376,#9377),.UNSPECIFIED.,.F.,.F.,(4,2,2,4),(
    6.424663825867E-10,4.466547885215E-02,9.029359954066E-02,
    0.144532552291),.UNSPECIFIED.);
#9370 = CARTESIAN_POINT('',(-1.500034630245,6.267894474792));
#9371 = CARTESIAN_POINT('',(-1.549991136638,6.127640885665));
#9372 = CARTESIAN_POINT('',(-1.631850448247,5.994059566511));
#9373 = CARTESIAN_POINT('',(-1.813484513738,5.754181931554));
#9374 = CARTESIAN_POINT('',(-1.920791745329,5.639052510801));
#9375 = CARTESIAN_POINT('',(-2.161970820574,5.409821700697));
#9376 = CARTESIAN_POINT('',(-2.394759324658,5.207089681716));
#9377 = CARTESIAN_POINT('',(-2.764921887678,4.990907369416));
#9378 = ( GEOMETRIC_REPRESENTATION_CONTEXT(2) 
PARAMETRIC_REPRESENTATION_CONTEXT() REPRESENTATION_CONTEXT('2D SPACE',''
  ) );
#9379 = ORIENTED_EDGE('',*,*,#9247,.F.);
#9380 = ORIENTED_EDGE('',*,*,#2015,.T.);
#9381 = ADVANCED_FACE('',(#9382),#1884,.T.);
#9382 = FACE_BOUND('',#9383,.T.);
#9383 = EDGE_LOOP('',(#9384,#9409,#9431,#9455));
#9384 = ORIENTED_EDGE('',*,*,#9385,.T.);
#9385 = EDGE_CURVE('',#1724,#9386,#9388,.T.);
#9386 = VERTEX_POINT('',#9387);
#9387 = CARTESIAN_POINT('',(0.400175779051,43.909637207865,
    -4.400000007885));
#9388 = SURFACE_CURVE('',#9389,(#9396,#9403),.PCURVE_S1.);
#9389 = B_SPLINE_CURVE_WITH_KNOTS('',3,(#9390,#9391,#9392,#9393,#9394,
    #9395),.UNSPECIFIED.,.F.,.F.,(4,2,4),(0.,0.5,0.625),.UNSPECIFIED.);
#9390 = CARTESIAN_POINT('',(2.888590407,43.174177102,-9.4));
#9391 = CARTESIAN_POINT('',(2.279539291,43.514669211,-8.066666667));
#9392 = CARTESIAN_POINT('',(1.609561287,43.745331574,-6.733333333));
#9393 = CARTESIAN_POINT('',(0.747764216,43.879242837,-5.066666667));
#9394 = CARTESIAN_POINT('',(0.574220831,43.898299243,-4.733333333));
#9395 = CARTESIAN_POINT('',(0.400175823,43.909637215,-4.4));
#9396 = PCURVE('',#1884,#9397);
#9397 = DEFINITIONAL_REPRESENTATION('',(#9398),#9402);
#9398 = LINE('',#9399,#9400);
#9399 = CARTESIAN_POINT('',(0.999998404292,7.730015167608E-16));
#9400 = VECTOR('',#9401,1.);
#9401 = DIRECTION('',(-9.041656312547E-14,1.));
#9402 = ( GEOMETRIC_REPRESENTATION_CONTEXT(2) 
PARAMETRIC_REPRESENTATION_CONTEXT() REPRESENTATION_CONTEXT('2D SPACE',''
  ) );
#9403 = PCURVE('',#1825,#9404);
#9404 = DEFINITIONAL_REPRESENTATION('',(#9405),#9408);
#9405 = B_SPLINE_CURVE_WITH_KNOTS('',1,(#9406,#9407),.UNSPECIFIED.,.F.,
  .F.,(2,2),(0.,0.625),.PIECEWISE_BEZIER_KNOTS.);
#9406 = CARTESIAN_POINT('',(1.804322758541E-15,5.791349146586E-17));
#9407 = CARTESIAN_POINT('',(4.596851022738E-07,0.624999995052));
#9408 = ( GEOMETRIC_REPRESENTATION_CONTEXT(2) 
PARAMETRIC_REPRESENTATION_CONTEXT() REPRESENTATION_CONTEXT('2D SPACE',''
  ) );
#9409 = ORIENTED_EDGE('',*,*,#9410,.T.);
#9410 = EDGE_CURVE('',#9386,#9411,#9413,.T.);
#9411 = VERTEX_POINT('',#9412);
#9412 = CARTESIAN_POINT('',(0.358331311664,43.270045712539,
    -4.400000000142));
#9413 = SURFACE_CURVE('',#9414,(#9418,#9424),.PCURVE_S1.);
#9414 = LINE('',#9415,#9416);
#9415 = CARTESIAN_POINT('',(0.400175823,43.909637215,-4.4));
#9416 = VECTOR('',#9417,1.);
#9417 = DIRECTION('',(-6.528423934361E-02,-0.997866708581,
    -1.709489466978E-10));
#9418 = PCURVE('',#1884,#9419);
#9419 = DEFINITIONAL_REPRESENTATION('',(#9420),#9423);
#9420 = B_SPLINE_CURVE_WITH_KNOTS('',1,(#9421,#9422),.UNSPECIFIED.,.F.,
  .F.,(2,2),(9.989325718242E-09,0.64095885449),
  .PIECEWISE_BEZIER_KNOTS.);
#9421 = CARTESIAN_POINT('',(0.999998390811,0.625));
#9422 = CARTESIAN_POINT('',(0.135003767763,0.62499999996));
#9423 = ( GEOMETRIC_REPRESENTATION_CONTEXT(2) 
PARAMETRIC_REPRESENTATION_CONTEXT() REPRESENTATION_CONTEXT('2D SPACE',''
  ) );
#9424 = PCURVE('',#94,#9425);
#9425 = DEFINITIONAL_REPRESENTATION('',(#9426),#9430);
#9426 = LINE('',#9427,#9428);
#9427 = CARTESIAN_POINT('',(-0.400174661,6.090362816));
#9428 = VECTOR('',#9429,1.);
#9429 = DIRECTION('',(6.528423934361E-02,0.997866708581));
#9430 = ( GEOMETRIC_REPRESENTATION_CONTEXT(2) 
PARAMETRIC_REPRESENTATION_CONTEXT() REPRESENTATION_CONTEXT('2D SPACE',''
  ) );
#9431 = ORIENTED_EDGE('',*,*,#9432,.F.);
#9432 = EDGE_CURVE('',#1869,#9411,#9433,.T.);
#9433 = SURFACE_CURVE('',#9434,(#9443,#9449),.PCURVE_S1.);
#9434 = B_SPLINE_CURVE_WITH_KNOTS('',3,(#9435,#9436,#9437,#9438,#9439,
    #9440,#9441,#9442),.UNSPECIFIED.,.F.,.F.,(4,2,2,4),(0.,
    0.276143067035,0.4140860134,0.552031600947),.UNSPECIFIED.);
#9435 = CARTESIAN_POINT('',(2.575978592865,42.614573989233,-9.4));
#9436 = CARTESIAN_POINT('',(2.236322387635,42.804316576502,
    -8.565788325321));
#9437 = CARTESIAN_POINT('',(1.876644109391,42.955705352002,
    -7.734003031028));
#9438 = CARTESIAN_POINT('',(1.317220073473,43.121040929367,
    -6.483035921783));
#9439 = CARTESIAN_POINT('',(1.127945613934,43.16572941696,
    -6.066612517032));
#9440 = CARTESIAN_POINT('',(0.745309981367,43.233915192626,
    -5.23314702754));
#9441 = CARTESIAN_POINT('',(0.552246656449,43.257358988537,
    -4.816738846106));
#9442 = CARTESIAN_POINT('',(0.358331311273,43.270045712324,
    -4.400000000318));
#9443 = PCURVE('',#1884,#9444);
#9444 = DEFINITIONAL_REPRESENTATION('',(#9445),#9448);
#9445 = B_SPLINE_CURVE_WITH_KNOTS('',1,(#9446,#9447),.UNSPECIFIED.,.F.,
  .F.,(2,2),(0.,0.552031600947),.PIECEWISE_BEZIER_KNOTS.);
#9446 = CARTESIAN_POINT('',(0.134952653137,-1.804689959766E-15));
#9447 = CARTESIAN_POINT('',(0.135003767438,0.62499999996));
#9448 = ( GEOMETRIC_REPRESENTATION_CONTEXT(2) 
PARAMETRIC_REPRESENTATION_CONTEXT() REPRESENTATION_CONTEXT('2D SPACE',''
  ) );
#9449 = PCURVE('',#1944,#9450);
#9450 = DEFINITIONAL_REPRESENTATION('',(#9451),#9454);
#9451 = B_SPLINE_CURVE_WITH_KNOTS('',1,(#9452,#9453),.UNSPECIFIED.,.F.,
  .F.,(2,2),(0.,0.552031600947),.PIECEWISE_BEZIER_KNOTS.);
#9452 = CARTESIAN_POINT('',(4.686259789361,0.));
#9453 = CARTESIAN_POINT('',(5.130374630781,4.999999999682));
#9454 = ( GEOMETRIC_REPRESENTATION_CONTEXT(2) 
PARAMETRIC_REPRESENTATION_CONTEXT() REPRESENTATION_CONTEXT('2D SPACE',''
  ) );
#9455 = ORIENTED_EDGE('',*,*,#1868,.T.);
#9456 = ADVANCED_FACE('',(#9457),#1825,.T.);
#9457 = FACE_BOUND('',#9458,.T.);
#9458 = EDGE_LOOP('',(#9459,#9485,#9585,#9586));
#9459 = ORIENTED_EDGE('',*,*,#9460,.T.);
#9460 = EDGE_CURVE('',#1664,#9461,#9463,.T.);
#9461 = VERTEX_POINT('',#9462);
#9462 = CARTESIAN_POINT('',(-0.398698817044,45.519740325072,
    -4.400000000272));
#9463 = SURFACE_CURVE('',#9464,(#9471,#9478),.PCURVE_S1.);
#9464 = B_SPLINE_CURVE_WITH_KNOTS('',3,(#9465,#9466,#9467,#9468,#9469,
    #9470),.UNSPECIFIED.,.F.,.F.,(4,2,4),(0.,0.5,0.625),.UNSPECIFIED.);
#9465 = CARTESIAN_POINT('',(2.859008683,44.971343418,-9.4));
#9466 = CARTESIAN_POINT('',(2.037088962,45.308400156,-8.066666667));
#9467 = CARTESIAN_POINT('',(1.154986702,45.497312072,-6.733333333));
#9468 = CARTESIAN_POINT('',(4.5267037E-02,45.534563409,-5.066666667));
#9469 = CARTESIAN_POINT('',(-0.176989984,45.532067856,-4.733333333));
#9470 = CARTESIAN_POINT('',(-0.398698817,45.519740323,-4.4));
#9471 = PCURVE('',#1825,#9472);
#9472 = DEFINITIONAL_REPRESENTATION('',(#9473),#9477);
#9473 = LINE('',#9474,#9475);
#9474 = CARTESIAN_POINT('',(1.,3.536563711096E-17));
#9475 = VECTOR('',#9476,1.);
#9476 = DIRECTION('',(1.030286966852E-14,1.));
#9477 = ( GEOMETRIC_REPRESENTATION_CONTEXT(2) 
PARAMETRIC_REPRESENTATION_CONTEXT() REPRESENTATION_CONTEXT('2D SPACE',''
  ) );
#9478 = PCURVE('',#1680,#9479);
#9479 = DEFINITIONAL_REPRESENTATION('',(#9480),#9484);
#9480 = LINE('',#9481,#9482);
#9481 = CARTESIAN_POINT('',(3.277444916158E-15,-2.117124482033E-16));
#9482 = VECTOR('',#9483,1.);
#9483 = DIRECTION('',(-2.013604893338E-09,1.));
#9484 = ( GEOMETRIC_REPRESENTATION_CONTEXT(2) 
PARAMETRIC_REPRESENTATION_CONTEXT() REPRESENTATION_CONTEXT('2D SPACE',''
  ) );
#9485 = ORIENTED_EDGE('',*,*,#9486,.T.);
#9486 = EDGE_CURVE('',#9461,#9386,#9487,.T.);
#9487 = SURFACE_CURVE('',#9488,(#9532,#9538),.PCURVE_S1.);
#9488 = B_SPLINE_CURVE_WITH_KNOTS('',3,(#9489,#9490,#9491,#9492,#9493,
    #9494,#9495,#9496,#9497,#9498,#9499,#9500,#9501,#9502,#9503,#9504,
    #9505,#9506,#9507,#9508,#9509,#9510,#9511,#9512,#9513,#9514,#9515,
    #9516,#9517,#9518,#9519,#9520,#9521,#9522,#9523,#9524,#9525,#9526,
    #9527,#9528,#9529,#9530,#9531),.UNSPECIFIED.,.F.,.F.,(4,3,3,3,3,3,3,
    3,3,3,3,3,3,3,4),(0.,2.423356932236E-04,4.768746477417E-04,
    6.999841498895E-04,8.659150246004E-04,9.15491E-04,1.02383601785E-03,
    1.147479652807E-03,1.281161730998E-03,1.373236E-03,
    1.481218798086E-03,1.577118651781E-03,1.667967212582E-03,
    1.752108855148E-03,1.830981E-03),.UNSPECIFIED.);
#9489 = CARTESIAN_POINT('',(-0.398698817,45.519740323,-4.4));
#9490 = CARTESIAN_POINT('',(-0.345189140028,45.458996268575,
    -4.400000000039));
#9491 = CARTESIAN_POINT('',(-0.292920986846,45.39653852397,
    -4.400000012264));
#9492 = CARTESIAN_POINT('',(-0.242428366491,45.332629064038,
    -4.400000028068));
#9493 = CARTESIAN_POINT('',(-0.193560260305,45.270775782267,
    -4.400000043363));
#9494 = CARTESIAN_POINT('',(-0.146355995224,45.20756315879,
    -4.40000006201));
#9495 = CARTESIAN_POINT('',(-0.101262927009,45.143258403028,
    -4.400000076204));
#9496 = CARTESIAN_POINT('',(-5.836731497511E-02,45.082087319216,
    -4.400000089706));
#9497 = CARTESIAN_POINT('',(-1.738254088206E-02,45.019928419011,
    -4.400000099179));
#9498 = CARTESIAN_POINT('',(2.134776319693E-02,44.957032303303,
    -4.400000097905));
#9499 = CARTESIAN_POINT('',(5.015224338169E-02,44.910255239149,
    -4.400000096957));
#9500 = CARTESIAN_POINT('',(7.771051811881E-02,44.863070848324,
    -4.400000090064));
#9501 = CARTESIAN_POINT('',(0.103899181348,44.815587974771,
    -4.400000074463));
#9502 = CARTESIAN_POINT('',(0.111723695781,44.801401285432,
    -4.400000069802));
#9503 = CARTESIAN_POINT('',(0.119535333586,44.78702127392,
    -4.400000064363));
#9504 = CARTESIAN_POINT('',(0.127313470028,44.772464478543,
    -4.400000058073));
#9505 = CARTESIAN_POINT('',(0.144312073179,44.740651564277,
    -4.400000044328));
#9506 = CARTESIAN_POINT('',(0.160889258243,44.70848397048,
    -4.400000033836));
#9507 = CARTESIAN_POINT('',(0.176934458256,44.676043114315,
    -4.400000025851));
#9508 = CARTESIAN_POINT('',(0.195245285025,44.639021519256,
    -4.400000016739));
#9509 = CARTESIAN_POINT('',(0.212864477337,44.601643952583,
    -4.400000010892));
#9510 = CARTESIAN_POINT('',(0.229649771912,44.563967327101,
    -4.400000007201));
#9511 = CARTESIAN_POINT('',(0.247797839643,44.523231792309,
    -4.400000003211));
#9512 = CARTESIAN_POINT('',(0.264973559788,44.482145446573,
    -4.400000001741));
#9513 = CARTESIAN_POINT('',(0.280991248182,44.440721318488,
    -4.40000000139));
#9514 = CARTESIAN_POINT('',(0.292023519447,44.412190221695,
    -4.400000001149));
#9515 = CARTESIAN_POINT('',(0.302506328362,44.38349761757,
    -4.400000001438));
#9516 = CARTESIAN_POINT('',(0.312367753258,44.354638562015,-4.4000000018
    ));
#9517 = CARTESIAN_POINT('',(0.323933028388,44.320793258622,
    -4.400000002225));
#9518 = CARTESIAN_POINT('',(0.334622975397,44.286786861059,
    -4.400000002365));
#9519 = CARTESIAN_POINT('',(0.344321457642,44.252536189883,
    -4.400000002331));
#9520 = CARTESIAN_POINT('',(0.352934709428,44.222118063913,
    -4.400000002301));
#9521 = CARTESIAN_POINT('',(0.360766098665,44.19150663727,
    -4.400000002132));
#9522 = CARTESIAN_POINT('',(0.367693492408,44.16064663533,
    -4.400000001903));
#9523 = CARTESIAN_POINT('',(0.374256002436,44.131412109369,
    -4.400000001686));
#9524 = CARTESIAN_POINT('',(0.380007625568,44.101954074898,
    -4.400000001414));
#9525 = CARTESIAN_POINT('',(0.384801611111,44.072235516494,
    -4.400000001153));
#9526 = CARTESIAN_POINT('',(0.389241679445,44.044710938265,
    -4.400000000911));
#9527 = CARTESIAN_POINT('',(0.392860391637,44.016962641314,
    -4.400000000678));
#9528 = CARTESIAN_POINT('',(0.395500305911,43.988974473548,
    -4.400000000506));
#9529 = CARTESIAN_POINT('',(0.397974891559,43.962739107149,
    -4.400000000344));
#9530 = CARTESIAN_POINT('',(0.399589548395,43.936292796324,
    -4.400000000236));
#9531 = CARTESIAN_POINT('',(0.400175726569,43.909637212991,
    -4.400000000225));
#9532 = PCURVE('',#1825,#9533);
#9533 = DEFINITIONAL_REPRESENTATION('',(#9534),#9537);
#9534 = B_SPLINE_CURVE_WITH_KNOTS('',1,(#9535,#9536),.UNSPECIFIED.,.F.,
  .F.,(2,2),(0.,1.830981E-03),.PIECEWISE_BEZIER_KNOTS.);
#9535 = CARTESIAN_POINT('',(1.,0.625));
#9536 = CARTESIAN_POINT('',(4.58720109566E-07,0.624999999972));
#9537 = ( GEOMETRIC_REPRESENTATION_CONTEXT(2) 
PARAMETRIC_REPRESENTATION_CONTEXT() REPRESENTATION_CONTEXT('2D SPACE',''
  ) );
#9538 = PCURVE('',#94,#9539);
#9539 = DEFINITIONAL_REPRESENTATION('',(#9540),#9584);
#9540 = B_SPLINE_CURVE_WITH_KNOTS('',3,(#9541,#9542,#9543,#9544,#9545,
    #9546,#9547,#9548,#9549,#9550,#9551,#9552,#9553,#9554,#9555,#9556,
    #9557,#9558,#9559,#9560,#9561,#9562,#9563,#9564,#9565,#9566,#9567,
    #9568,#9569,#9570,#9571,#9572,#9573,#9574,#9575,#9576,#9577,#9578,
    #9579,#9580,#9581,#9582,#9583),.UNSPECIFIED.,.F.,.F.,(4,3,3,3,3,3,3,
    3,3,3,3,3,3,3,4),(0.,2.423356932236E-04,4.768746477417E-04,
    6.999841498895E-04,8.659150246004E-04,9.15491E-04,1.02383601785E-03,
    1.147479652807E-03,1.281161730998E-03,1.373236E-03,
    1.481218798086E-03,1.577118651781E-03,1.667967212582E-03,
    1.752108855148E-03,1.830981E-03),.UNSPECIFIED.);
#9541 = CARTESIAN_POINT('',(0.398699979,4.480259708));
#9542 = CARTESIAN_POINT('',(0.345190302028,4.541003762425));
#9543 = CARTESIAN_POINT('',(0.292922148846,4.60346150703));
#9544 = CARTESIAN_POINT('',(0.242429528491,4.667370966962));
#9545 = CARTESIAN_POINT('',(0.193561422305,4.729224248733));
#9546 = CARTESIAN_POINT('',(0.146357157224,4.792436872209));
#9547 = CARTESIAN_POINT('',(0.101264089009,4.856741627972));
#9548 = CARTESIAN_POINT('',(5.836847697511E-02,4.917912711784));
#9549 = CARTESIAN_POINT('',(1.738370288206E-02,4.980071611988));
#9550 = CARTESIAN_POINT('',(-2.134660119693E-02,5.042967727697));
#9551 = CARTESIAN_POINT('',(-5.015108138169E-02,5.089744791851));
#9552 = CARTESIAN_POINT('',(-7.770935611881E-02,5.136929182676));
#9553 = CARTESIAN_POINT('',(-0.103898019348,5.184412056229));
#9554 = CARTESIAN_POINT('',(-0.111722533781,5.198598745568));
#9555 = CARTESIAN_POINT('',(-0.119534171586,5.21297875708));
#9556 = CARTESIAN_POINT('',(-0.127312308028,5.227535552457));
#9557 = CARTESIAN_POINT('',(-0.144310911179,5.259348466723));
#9558 = CARTESIAN_POINT('',(-0.160888096243,5.29151606052));
#9559 = CARTESIAN_POINT('',(-0.176933296256,5.323956916685));
#9560 = CARTESIAN_POINT('',(-0.195244123025,5.360978511744));
#9561 = CARTESIAN_POINT('',(-0.212863315337,5.398356078417));
#9562 = CARTESIAN_POINT('',(-0.229648609912,5.436032703899));
#9563 = CARTESIAN_POINT('',(-0.247796677643,5.476768238691));
#9564 = CARTESIAN_POINT('',(-0.264972397788,5.517854584427));
#9565 = CARTESIAN_POINT('',(-0.280990086182,5.559278712512));
#9566 = CARTESIAN_POINT('',(-0.292022357447,5.587809809305));
#9567 = CARTESIAN_POINT('',(-0.302505166362,5.61650241343));
#9568 = CARTESIAN_POINT('',(-0.312366591258,5.645361468985));
#9569 = CARTESIAN_POINT('',(-0.323931866388,5.679206772378));
#9570 = CARTESIAN_POINT('',(-0.334621813397,5.713213169941));
#9571 = CARTESIAN_POINT('',(-0.344320295642,5.747463841117));
#9572 = CARTESIAN_POINT('',(-0.352933547428,5.777881967087));
#9573 = CARTESIAN_POINT('',(-0.360764936665,5.80849339373));
#9574 = CARTESIAN_POINT('',(-0.367692330408,5.83935339567));
#9575 = CARTESIAN_POINT('',(-0.374254840436,5.868587921631));
#9576 = CARTESIAN_POINT('',(-0.380006463568,5.898045956102));
#9577 = CARTESIAN_POINT('',(-0.384800449111,5.927764514506));
#9578 = CARTESIAN_POINT('',(-0.389240517445,5.955289092735));
#9579 = CARTESIAN_POINT('',(-0.392859229637,5.983037389686));
#9580 = CARTESIAN_POINT('',(-0.395499143911,6.011025557452));
#9581 = CARTESIAN_POINT('',(-0.397973729559,6.037260923851));
#9582 = CARTESIAN_POINT('',(-0.399588386395,6.063707234676));
#9583 = CARTESIAN_POINT('',(-0.400174564569,6.090362818009));
#9584 = ( GEOMETRIC_REPRESENTATION_CONTEXT(2) 
PARAMETRIC_REPRESENTATION_CONTEXT() REPRESENTATION_CONTEXT('2D SPACE',''
  ) );
#9585 = ORIENTED_EDGE('',*,*,#9385,.F.);
#9586 = ORIENTED_EDGE('',*,*,#1723,.T.);
#9587 = ADVANCED_FACE('',(#9588),#1680,.T.);
#9588 = FACE_BOUND('',#9589,.T.);
#9589 = EDGE_LOOP('',(#9590,#9615,#9640,#9641));
#9590 = ORIENTED_EDGE('',*,*,#9591,.T.);
#9591 = EDGE_CURVE('',#1507,#9592,#9594,.T.);
#9592 = VERTEX_POINT('',#9593);
#9593 = CARTESIAN_POINT('',(-0.792764003032,45.487501645266,
    -4.400000003992));
#9594 = SURFACE_CURVE('',#9595,(#9602,#9609),.PCURVE_S1.);
#9595 = B_SPLINE_CURVE_WITH_KNOTS('',3,(#9596,#9597,#9598,#9599,#9600,
    #9601),.UNSPECIFIED.,.F.,.F.,(4,2,4),(0.,0.5,0.625),.UNSPECIFIED.);
#9596 = CARTESIAN_POINT('',(2.489316938,45.111546732,-9.4));
#9597 = CARTESIAN_POINT('',(1.650776585,45.404820239,-8.066666667));
#9598 = CARTESIAN_POINT('',(0.759944499,45.546983189,-6.733333333));
#9599 = CARTESIAN_POINT('',(-0.350196241,45.525700952,-5.066666667));
#9600 = CARTESIAN_POINT('',(-0.572012902,45.511496004,-4.733333333));
#9601 = CARTESIAN_POINT('',(-0.792763994,45.487501629,-4.4));
#9602 = PCURVE('',#1680,#9603);
#9603 = DEFINITIONAL_REPRESENTATION('',(#9604),#9608);
#9604 = LINE('',#9605,#9606);
#9605 = CARTESIAN_POINT('',(1.,-6.944043380778E-17));
#9606 = VECTOR('',#9607,1.);
#9607 = DIRECTION('',(1.408833582282E-09,1.));
#9608 = ( GEOMETRIC_REPRESENTATION_CONTEXT(2) 
PARAMETRIC_REPRESENTATION_CONTEXT() REPRESENTATION_CONTEXT('2D SPACE',''
  ) );
#9609 = PCURVE('',#1620,#9610);
#9610 = DEFINITIONAL_REPRESENTATION('',(#9611),#9614);
#9611 = B_SPLINE_CURVE_WITH_KNOTS('',1,(#9612,#9613),.UNSPECIFIED.,.F.,
  .F.,(2,2),(0.,0.625),.PIECEWISE_BEZIER_KNOTS.);
#9612 = CARTESIAN_POINT('',(4.167411384396E-15,-5.220690652243E-16));
#9613 = CARTESIAN_POINT('',(3.253716843781E-08,0.624999997934));
#9614 = ( GEOMETRIC_REPRESENTATION_CONTEXT(2) 
PARAMETRIC_REPRESENTATION_CONTEXT() REPRESENTATION_CONTEXT('2D SPACE',''
  ) );
#9615 = ORIENTED_EDGE('',*,*,#9616,.T.);
#9616 = EDGE_CURVE('',#9592,#9461,#9617,.T.);
#9617 = SURFACE_CURVE('',#9618,(#9623,#9629),.PCURVE_S1.);
#9618 = CIRCLE('',#9619,7.499939585767);
#9619 = AXIS2_PLACEMENT_3D('',#9620,#9621,#9622);
#9620 = CARTESIAN_POINT('',(1.558738079947E-02,38.031251778026,
    -4.399999999848));
#9621 = DIRECTION('',(1.557726597463E-12,-2.017709246779E-11,-1.));
#9622 = DIRECTION('',(-5.523860475624E-02,0.998473182687,
    -2.023233237752E-11));
#9623 = PCURVE('',#1680,#9624);
#9624 = DEFINITIONAL_REPRESENTATION('',(#9625),#9628);
#9625 = B_SPLINE_CURVE_WITH_KNOTS('',1,(#9626,#9627),.UNSPECIFIED.,.F.,
  .F.,(2,2),(6.230461213573,6.28318530718),.PIECEWISE_BEZIER_KNOTS.);
#9626 = CARTESIAN_POINT('',(1.000000019156,0.625000000375));
#9627 = CARTESIAN_POINT('',(5.924160327766E-15,0.625000000375));
#9628 = ( GEOMETRIC_REPRESENTATION_CONTEXT(2) 
PARAMETRIC_REPRESENTATION_CONTEXT() REPRESENTATION_CONTEXT('2D SPACE',''
  ) );
#9629 = PCURVE('',#94,#9630);
#9630 = DEFINITIONAL_REPRESENTATION('',(#9631),#9639);
#9631 = ( BOUNDED_CURVE() B_SPLINE_CURVE(2,(#9632,#9633,#9634,#9635,
#9636,#9637,#9638),.UNSPECIFIED.,.T.,.F.) B_SPLINE_CURVE_WITH_KNOTS((1,2
    ,2,2,2,1),(-2.094395102393,0.,2.094395102393,4.188790204786,
6.28318530718,8.377580409573),.UNSPECIFIED.) CURVE() 
GEOMETRIC_REPRESENTATION_ITEM() RATIONAL_B_SPLINE_CURVE((1.,0.5,1.,0.5,
1.,0.5,1.)) REPRESENTATION_ITEM('') );
#9632 = CARTESIAN_POINT('',(0.398699979674,4.480259704815));
#9633 = CARTESIAN_POINT('',(-12.57174265763,3.762694960184));
#9634 = CARTESIAN_POINT('',(-6.707950636691,15.354210154737));
#9635 = CARTESIAN_POINT('',(-0.844158615747,26.945725349291));
#9636 = CARTESIAN_POINT('',(6.262492000618,16.071774899369));
#9637 = CARTESIAN_POINT('',(13.369142616983,5.197824449446));
#9638 = CARTESIAN_POINT('',(0.398699979674,4.480259704815));
#9639 = ( GEOMETRIC_REPRESENTATION_CONTEXT(2) 
PARAMETRIC_REPRESENTATION_CONTEXT() REPRESENTATION_CONTEXT('2D SPACE',''
  ) );
#9640 = ORIENTED_EDGE('',*,*,#9460,.F.);
#9641 = ORIENTED_EDGE('',*,*,#1663,.T.);
#9642 = ADVANCED_FACE('',(#9643),#1620,.T.);
#9643 = FACE_BOUND('',#9644,.T.);
#9644 = EDGE_LOOP('',(#9645,#9670,#9776,#9777));
#9645 = ORIENTED_EDGE('',*,*,#9646,.T.);
#9646 = EDGE_CURVE('',#1448,#9647,#9649,.T.);
#9647 = VERTEX_POINT('',#9648);
#9648 = CARTESIAN_POINT('',(-1.319320450211,43.768963522667,
    -4.40000000494));
#9649 = SURFACE_CURVE('',#9650,(#9657,#9664),.PCURVE_S1.);
#9650 = B_SPLINE_CURVE_WITH_KNOTS('',3,(#9651,#9652,#9653,#9654,#9655,
    #9656),.UNSPECIFIED.,.F.,.F.,(4,2,4),(0.,0.5,0.624999998137),
  .UNSPECIFIED.);
#9651 = CARTESIAN_POINT('',(1.275447233,43.785951702,-9.4));
#9652 = CARTESIAN_POINT('',(0.593872294,43.935396478,-8.066666667));
#9653 = CARTESIAN_POINT('',(-0.114198399,43.962069713,-6.733333333));
#9654 = CARTESIAN_POINT('',(-0.977832699426,43.840570773362,
    -5.066666671968));
#9655 = CARTESIAN_POINT('',(-1.149454552884,43.808533505955,
    -4.733333342936));
#9656 = CARTESIAN_POINT('',(-1.319320454405,43.768963507769,
    -4.400000014904));
#9657 = PCURVE('',#1620,#9658);
#9658 = DEFINITIONAL_REPRESENTATION('',(#9659),#9663);
#9659 = LINE('',#9660,#9661);
#9660 = CARTESIAN_POINT('',(1.,-1.519405566558E-16));
#9661 = VECTOR('',#9662,1.);
#9662 = DIRECTION('',(-1.70708070408E-10,1.));
#9663 = ( GEOMETRIC_REPRESENTATION_CONTEXT(2) 
PARAMETRIC_REPRESENTATION_CONTEXT() REPRESENTATION_CONTEXT('2D SPACE',''
  ) );
#9664 = PCURVE('',#1463,#9665);
#9665 = DEFINITIONAL_REPRESENTATION('',(#9666),#9669);
#9666 = B_SPLINE_CURVE_WITH_KNOTS('',1,(#9667,#9668),.UNSPECIFIED.,.F.,
  .F.,(2,2),(0.,0.624999998137),.PIECEWISE_BEZIER_KNOTS.);
#9667 = CARTESIAN_POINT('',(2.070586671127E-15,-1.752419334164E-16));
#9668 = CARTESIAN_POINT('',(1.471285122376E-06,0.624999999984));
#9669 = ( GEOMETRIC_REPRESENTATION_CONTEXT(2) 
PARAMETRIC_REPRESENTATION_CONTEXT() REPRESENTATION_CONTEXT('2D SPACE',''
  ) );
#9670 = ORIENTED_EDGE('',*,*,#9671,.T.);
#9671 = EDGE_CURVE('',#9647,#9592,#9672,.T.);
#9672 = SURFACE_CURVE('',#9673,(#9720,#9726),.PCURVE_S1.);
#9673 = B_SPLINE_CURVE_WITH_KNOTS('',3,(#9674,#9675,#9676,#9677,#9678,
    #9679,#9680,#9681,#9682,#9683,#9684,#9685,#9686,#9687,#9688,#9689,
    #9690,#9691,#9692,#9693,#9694,#9695,#9696,#9697,#9698,#9699,#9700,
    #9701,#9702,#9703,#9704,#9705,#9706,#9707,#9708,#9709,#9710,#9711,
    #9712,#9713,#9714,#9715,#9716,#9717,#9718,#9719),.UNSPECIFIED.,.F.,
  .F.,(4,3,3,3,3,3,3,3,3,3,3,3,3,3,3,4),(1.451095622963E-11,
    8.25504512412E-05,1.692939649566E-04,2.634110610551E-04,
    3.672477545677E-04,4.5362E-04,5.837803547155E-04,7.110108533084E-04,
    8.216498835601E-04,9.07239E-04,9.556251940933E-04,1.096492589959E-03
    ,1.242224292454E-03,1.360859E-03,1.58766897739E-03,1.81447895478E-03
    ),.UNSPECIFIED.);
#9674 = CARTESIAN_POINT('',(-1.319320463927,43.768963520718,
    -4.399999999915));
#9675 = CARTESIAN_POINT('',(-1.323279957547,43.796829545621,
    -4.399999999946));
#9676 = CARTESIAN_POINT('',(-1.326073287467,43.82465837588,
    -4.399999999931));
#9677 = CARTESIAN_POINT('',(-1.3278922541,43.852416899233,
    -4.399999999894));
#9678 = CARTESIAN_POINT('',(-1.329803613546,43.881585392417,
    -4.399999999855));
#9679 = CARTESIAN_POINT('',(-1.33063885552,43.910676606497,
    -4.399999999792));
#9680 = CARTESIAN_POINT('',(-1.330570594294,43.939681043182,
    -4.399999999733));
#9681 = CARTESIAN_POINT('',(-1.330496530562,43.971150985289,
    -4.399999999669));
#9682 = CARTESIAN_POINT('',(-1.329358754596,44.00251912686,
    -4.399999999608));
#9683 = CARTESIAN_POINT('',(-1.327322748475,44.03380105678,
    -4.399999999588));
#9684 = CARTESIAN_POINT('',(-1.325076481299,44.068313513116,
    -4.399999999566));
#9685 = CARTESIAN_POINT('',(-1.321736794544,44.102721654671,
    -4.399999999592));
#9686 = CARTESIAN_POINT('',(-1.317462649861,44.13707101134,
    -4.399999999714));
#9687 = CARTESIAN_POINT('',(-1.313907379936,44.165643098568,
    -4.399999999816));
#9688 = CARTESIAN_POINT('',(-1.309704082065,44.194175267545,
    -4.399999999984));
#9689 = CARTESIAN_POINT('',(-1.304917700757,44.2226992132,
    -4.400000000246));
#9690 = CARTESIAN_POINT('',(-1.297704769268,44.265683934343,
    -4.400000000642));
#9691 = CARTESIAN_POINT('',(-1.289193792686,44.308502836563,
    -4.400000008966));
#9692 = CARTESIAN_POINT('',(-1.279588178313,44.351151041448,
    -4.400000019181));
#9693 = CARTESIAN_POINT('',(-1.270198782374,44.392839252759,
    -4.400000029165));
#9694 = CARTESIAN_POINT('',(-1.259761323012,44.434366432759,
    -4.400000040955));
#9695 = CARTESIAN_POINT('',(-1.248427916563,44.475699747152,
    -4.40000004891));
#9696 = CARTESIAN_POINT('',(-1.238572440771,44.511642998747,
    -4.400000055828));
#9697 = CARTESIAN_POINT('',(-1.228038074212,44.547440156849,
    -4.400000059845));
#9698 = CARTESIAN_POINT('',(-1.216919358628,44.583032875471,
    -4.400000057254));
#9699 = CARTESIAN_POINT('',(-1.208318044602,44.610567004536,
    -4.400000055248));
#9700 = CARTESIAN_POINT('',(-1.199366778362,44.637978291512,
    -4.400000049288));
#9701 = CARTESIAN_POINT('',(-1.190113509175,44.665218350471,
    -4.400000037655));
#9702 = CARTESIAN_POINT('',(-1.184882347813,44.680618004477,
    -4.400000031078));
#9703 = CARTESIAN_POINT('',(-1.179578860805,44.695891421545,
    -4.400000025257));
#9704 = CARTESIAN_POINT('',(-1.174222625163,44.711008326741,
    -4.400000020129));
#9705 = CARTESIAN_POINT('',(-1.158628942281,44.755018381847,
    -4.400000005199));
#9706 = CARTESIAN_POINT('',(-1.14190642587,44.799210139397,
    -4.399999996139));
#9707 = CARTESIAN_POINT('',(-1.124190084056,44.843276579389,
    -4.399999991394));
#9708 = CARTESIAN_POINT('',(-1.105861977409,44.888864682182,
    -4.399999986485));
#9709 = CARTESIAN_POINT('',(-1.086470302972,44.934318380416,
    -4.399999986194));
#9710 = CARTESIAN_POINT('',(-1.066221537819,44.979301016477,
    -4.399999988799));
#9711 = CARTESIAN_POINT('',(-1.049737778342,45.015919691634,
    -4.399999990919));
#9712 = CARTESIAN_POINT('',(-1.032687239836,45.052226200797,
    -4.399999994959));
#9713 = CARTESIAN_POINT('',(-1.015206470481,45.088042397991,
    -4.399999999989));
#9714 = CARTESIAN_POINT('',(-0.981786125084,45.156517054722,
    -4.400000009605));
#9715 = CARTESIAN_POINT('',(-0.94641971077,45.223989383235,
    -4.400000009653));
#9716 = CARTESIAN_POINT('',(-0.909293823882,45.290538665947,
    -4.400000007271));
#9717 = CARTESIAN_POINT('',(-0.872167936995,45.357087948659,
    -4.40000000489));
#9718 = CARTESIAN_POINT('',(-0.833281954745,45.422714536327,
    -4.400000000079));
#9719 = CARTESIAN_POINT('',(-0.792764023355,45.487501657976,
    -4.399999999978));
#9720 = PCURVE('',#1620,#9721);
#9721 = DEFINITIONAL_REPRESENTATION('',(#9722),#9725);
#9722 = B_SPLINE_CURVE_WITH_KNOTS('',1,(#9723,#9724),.UNSPECIFIED.,.F.,
  .F.,(2,2),(1.451095622963E-11,1.81447895478E-03),
  .PIECEWISE_BEZIER_KNOTS.);
#9723 = CARTESIAN_POINT('',(0.999999991368,0.625000000011));
#9724 = CARTESIAN_POINT('',(2.416892654438E-08,0.625000000003));
#9725 = ( GEOMETRIC_REPRESENTATION_CONTEXT(2) 
PARAMETRIC_REPRESENTATION_CONTEXT() REPRESENTATION_CONTEXT('2D SPACE',''
  ) );
#9726 = PCURVE('',#94,#9727);
#9727 = DEFINITIONAL_REPRESENTATION('',(#9728),#9775);
#9728 = B_SPLINE_CURVE_WITH_KNOTS('',3,(#9729,#9730,#9731,#9732,#9733,
    #9734,#9735,#9736,#9737,#9738,#9739,#9740,#9741,#9742,#9743,#9744,
    #9745,#9746,#9747,#9748,#9749,#9750,#9751,#9752,#9753,#9754,#9755,
    #9756,#9757,#9758,#9759,#9760,#9761,#9762,#9763,#9764,#9765,#9766,
    #9767,#9768,#9769,#9770,#9771,#9772,#9773,#9774),.UNSPECIFIED.,.F.,
  .F.,(4,3,3,3,3,3,3,3,3,3,3,3,3,3,3,4),(1.451095622963E-11,
    8.25504512412E-05,1.692939649566E-04,2.634110610551E-04,
    3.672477545677E-04,4.5362E-04,5.837803547155E-04,7.110108533084E-04,
    8.216498835601E-04,9.07239E-04,9.556251940933E-04,1.096492589959E-03
    ,1.242224292454E-03,1.360859E-03,1.58766897739E-03,1.81447895478E-03
    ),.UNSPECIFIED.);
#9729 = CARTESIAN_POINT('',(1.319321625927,6.231036510282));
#9730 = CARTESIAN_POINT('',(1.323281119547,6.203170485379));
#9731 = CARTESIAN_POINT('',(1.326074449467,6.17534165512));
#9732 = CARTESIAN_POINT('',(1.3278934161,6.147583131767));
#9733 = CARTESIAN_POINT('',(1.329804775546,6.118414638583));
#9734 = CARTESIAN_POINT('',(1.33064001752,6.089323424503));
#9735 = CARTESIAN_POINT('',(1.330571756294,6.060318987818));
#9736 = CARTESIAN_POINT('',(1.330497692562,6.028849045711));
#9737 = CARTESIAN_POINT('',(1.329359916596,5.99748090414));
#9738 = CARTESIAN_POINT('',(1.327323910475,5.96619897422));
#9739 = CARTESIAN_POINT('',(1.325077643299,5.931686517884));
#9740 = CARTESIAN_POINT('',(1.321737956544,5.897278376329));
#9741 = CARTESIAN_POINT('',(1.317463811861,5.86292901966));
#9742 = CARTESIAN_POINT('',(1.313908541936,5.834356932432));
#9743 = CARTESIAN_POINT('',(1.309705244065,5.805824763455));
#9744 = CARTESIAN_POINT('',(1.304918862757,5.7773008178));
#9745 = CARTESIAN_POINT('',(1.297705931268,5.734316096657));
#9746 = CARTESIAN_POINT('',(1.289194954686,5.691497194437));
#9747 = CARTESIAN_POINT('',(1.279589340313,5.648848989552));
#9748 = CARTESIAN_POINT('',(1.270199944374,5.607160778241));
#9749 = CARTESIAN_POINT('',(1.259762485012,5.565633598241));
#9750 = CARTESIAN_POINT('',(1.248429078563,5.524300283848));
#9751 = CARTESIAN_POINT('',(1.238573602771,5.488357032253));
#9752 = CARTESIAN_POINT('',(1.228039236212,5.452559874151));
#9753 = CARTESIAN_POINT('',(1.216920520628,5.416967155529));
#9754 = CARTESIAN_POINT('',(1.208319206602,5.389433026464));
#9755 = CARTESIAN_POINT('',(1.199367940362,5.362021739488));
#9756 = CARTESIAN_POINT('',(1.190114671175,5.334781680529));
#9757 = CARTESIAN_POINT('',(1.184883509813,5.319382026523));
#9758 = CARTESIAN_POINT('',(1.179580022805,5.304108609455));
#9759 = CARTESIAN_POINT('',(1.174223787163,5.288991704259));
#9760 = CARTESIAN_POINT('',(1.158630104281,5.244981649153));
#9761 = CARTESIAN_POINT('',(1.14190758787,5.200789891603));
#9762 = CARTESIAN_POINT('',(1.124191246056,5.156723451611));
#9763 = CARTESIAN_POINT('',(1.105863139409,5.111135348818));
#9764 = CARTESIAN_POINT('',(1.086471464972,5.065681650584));
#9765 = CARTESIAN_POINT('',(1.066222699819,5.020699014523));
#9766 = CARTESIAN_POINT('',(1.049738940342,4.984080339366));
#9767 = CARTESIAN_POINT('',(1.032688401836,4.947773830203));
#9768 = CARTESIAN_POINT('',(1.015207632481,4.911957633009));
#9769 = CARTESIAN_POINT('',(0.981787287084,4.843482976278));
#9770 = CARTESIAN_POINT('',(0.94642087277,4.776010647765));
#9771 = CARTESIAN_POINT('',(0.909294985882,4.709461365053));
#9772 = CARTESIAN_POINT('',(0.872169098995,4.642912082341));
#9773 = CARTESIAN_POINT('',(0.833283116745,4.577285494673));
#9774 = CARTESIAN_POINT('',(0.792765185355,4.512498373024));
#9775 = ( GEOMETRIC_REPRESENTATION_CONTEXT(2) 
PARAMETRIC_REPRESENTATION_CONTEXT() REPRESENTATION_CONTEXT('2D SPACE',''
  ) );
#9776 = ORIENTED_EDGE('',*,*,#9591,.F.);
#9777 = ORIENTED_EDGE('',*,*,#1506,.T.);
#9778 = ADVANCED_FACE('',(#9779),#1375,.T.);
#9779 = FACE_BOUND('',#9780,.T.);
#9780 = EDGE_LOOP('',(#9781,#9806,#9828,#9852));
#9781 = ORIENTED_EDGE('',*,*,#9782,.T.);
#9782 = EDGE_CURVE('',#1294,#9783,#9785,.T.);
#9783 = VERTEX_POINT('',#9784);
#9784 = CARTESIAN_POINT('',(-2.375701721134,43.415031134521,
    -4.400000006349));
#9785 = SURFACE_CURVE('',#9786,(#9793,#9800),.PCURVE_S1.);
#9786 = B_SPLINE_CURVE_WITH_KNOTS('',3,(#9787,#9788,#9789,#9790,#9791,
    #9792),.UNSPECIFIED.,.F.,.F.,(4,2,4),(0.,0.5,0.624999997619),
  .UNSPECIFIED.);
#9787 = CARTESIAN_POINT('',(0.169465824,43.920236131,-9.4));
#9788 = CARTESIAN_POINT('',(-0.528056729,43.938686754,-8.066666667));
#9789 = CARTESIAN_POINT('',(-1.228487297,43.831575481,-6.733333333));
#9790 = CARTESIAN_POINT('',(-2.053802596856,43.549650871074,
    -5.066666673349));
#9791 = CARTESIAN_POINT('',(-2.216323571809,43.48587474243,
    -4.733333345698));
#9792 = CARTESIAN_POINT('',(-2.375701745893,43.415031120048,
    -4.400000019047));
#9793 = PCURVE('',#1375,#9794);
#9794 = DEFINITIONAL_REPRESENTATION('',(#9795),#9799);
#9795 = LINE('',#9796,#9797);
#9796 = CARTESIAN_POINT('',(0.999996015216,-1.610282420299E-16));
#9797 = VECTOR('',#9798,1.);
#9798 = DIRECTION('',(8.011369376214E-14,1.));
#9799 = ( GEOMETRIC_REPRESENTATION_CONTEXT(2) 
PARAMETRIC_REPRESENTATION_CONTEXT() REPRESENTATION_CONTEXT('2D SPACE',''
  ) );
#9800 = PCURVE('',#1315,#9801);
#9801 = DEFINITIONAL_REPRESENTATION('',(#9802),#9805);
#9802 = B_SPLINE_CURVE_WITH_KNOTS('',1,(#9803,#9804),.UNSPECIFIED.,.F.,
  .F.,(2,2),(0.,0.624999997619),.PIECEWISE_BEZIER_KNOTS.);
#9803 = CARTESIAN_POINT('',(-2.757445072165E-10,-1.312141111889E-11));
#9804 = CARTESIAN_POINT('',(-3.378760392755E-07,0.625000001197));
#9805 = ( GEOMETRIC_REPRESENTATION_CONTEXT(2) 
PARAMETRIC_REPRESENTATION_CONTEXT() REPRESENTATION_CONTEXT('2D SPACE',''
  ) );
#9806 = ORIENTED_EDGE('',*,*,#9807,.T.);
#9807 = EDGE_CURVE('',#9783,#9808,#9810,.T.);
#9808 = VERTEX_POINT('',#9809);
#9809 = CARTESIAN_POINT('',(-2.115519666612,42.82925355351,-4.4));
#9810 = SURFACE_CURVE('',#9811,(#9815,#9821),.PCURVE_S1.);
#9811 = LINE('',#9812,#9813);
#9812 = CARTESIAN_POINT('',(-2.375701755,43.415031116,-4.4));
#9813 = VECTOR('',#9814,1.);
#9814 = DIRECTION('',(0.40592545142,-0.913906192062,0.));
#9815 = PCURVE('',#1375,#9816);
#9816 = DEFINITIONAL_REPRESENTATION('',(#9817),#9820);
#9817 = B_SPLINE_CURVE_WITH_KNOTS('',1,(#9818,#9819),.UNSPECIFIED.,.F.,
  .F.,(2,2),(-3.179448408668E-09,0.640960273211),
  .PIECEWISE_BEZIER_KNOTS.);
#9818 = CARTESIAN_POINT('',(0.999996019507,0.625));
#9819 = CARTESIAN_POINT('',(0.135002082072,0.625000000022));
#9820 = ( GEOMETRIC_REPRESENTATION_CONTEXT(2) 
PARAMETRIC_REPRESENTATION_CONTEXT() REPRESENTATION_CONTEXT('2D SPACE',''
  ) );
#9821 = PCURVE('',#94,#9822);
#9822 = DEFINITIONAL_REPRESENTATION('',(#9823),#9827);
#9823 = LINE('',#9824,#9825);
#9824 = CARTESIAN_POINT('',(2.375702917,6.584968915));
#9825 = VECTOR('',#9826,1.);
#9826 = DIRECTION('',(-0.40592545142,0.913906192062));
#9827 = ( GEOMETRIC_REPRESENTATION_CONTEXT(2) 
PARAMETRIC_REPRESENTATION_CONTEXT() REPRESENTATION_CONTEXT('2D SPACE',''
  ) );
#9828 = ORIENTED_EDGE('',*,*,#9829,.F.);
#9829 = EDGE_CURVE('',#1360,#9808,#9830,.T.);
#9830 = SURFACE_CURVE('',#9831,(#9840,#9846),.PCURVE_S1.);
#9831 = B_SPLINE_CURVE_WITH_KNOTS('',3,(#9832,#9833,#9834,#9835,#9836,
    #9837,#9838,#9839),.UNSPECIFIED.,.F.,.F.,(4,2,2,4),(0.,
    0.276143052841,0.414086012028,0.55203161818),.UNSPECIFIED.);
#9832 = CARTESIAN_POINT('',(0.152722342663,43.279454229076,-9.4));
#9833 = CARTESIAN_POINT('',(-0.236206047658,43.289616836643,
    -8.56578836813));
#9834 = CARTESIAN_POINT('',(-0.625039186709,43.256514113408,
    -7.734003326219));
#9835 = CARTESIAN_POINT('',(-1.197219810269,43.142934201574,
    -6.483036213425));
#9836 = CARTESIAN_POINT('',(-1.385581803832,43.094543666362,
    -6.066612728879));
#9837 = CARTESIAN_POINT('',(-1.756076361886,42.977099526356,
    -5.233147140184));
#9838 = CARTESIAN_POINT('',(-1.937920332818,42.908136973557,
    -4.816738908651));
#9839 = CARTESIAN_POINT('',(-2.115519666204,42.829253553361,-4.4));
#9840 = PCURVE('',#1375,#9841);
#9841 = DEFINITIONAL_REPRESENTATION('',(#9842),#9845);
#9842 = B_SPLINE_CURVE_WITH_KNOTS('',1,(#9843,#9844),.UNSPECIFIED.,.F.,
  .F.,(2,2),(0.,0.55203161818),.PIECEWISE_BEZIER_KNOTS.);
#9843 = CARTESIAN_POINT('',(0.134952653889,-7.99903204352E-17));
#9844 = CARTESIAN_POINT('',(0.135002081664,0.625));
#9845 = ( GEOMETRIC_REPRESENTATION_CONTEXT(2) 
PARAMETRIC_REPRESENTATION_CONTEXT() REPRESENTATION_CONTEXT('2D SPACE',''
  ) );
#9846 = PCURVE('',#1435,#9847);
#9847 = DEFINITIONAL_REPRESENTATION('',(#9848),#9851);
#9848 = B_SPLINE_CURVE_WITH_KNOTS('',1,(#9849,#9850),.UNSPECIFIED.,.F.,
  .F.,(2,2),(0.,0.55203161818),.PIECEWISE_BEZIER_KNOTS.);
#9849 = CARTESIAN_POINT('',(5.16958173613,0.));
#9850 = CARTESIAN_POINT('',(5.613696569692,5.));
#9851 = ( GEOMETRIC_REPRESENTATION_CONTEXT(2) 
PARAMETRIC_REPRESENTATION_CONTEXT() REPRESENTATION_CONTEXT('2D SPACE',''
  ) );
#9852 = ORIENTED_EDGE('',*,*,#1359,.T.);
#9853 = ADVANCED_FACE('',(#9854),#1315,.T.);
#9854 = FACE_BOUND('',#9855,.T.);
#9855 = EDGE_LOOP('',(#9856,#9882,#9935,#9936));
#9856 = ORIENTED_EDGE('',*,*,#9857,.T.);
#9857 = EDGE_CURVE('',#1234,#9858,#9860,.T.);
#9858 = VERTEX_POINT('',#9859);
#9859 = CARTESIAN_POINT('',(-3.831323545,44.469452875,-4.4));
#9860 = SURFACE_CURVE('',#9861,(#9868,#9875),.PCURVE_S1.);
#9861 = B_SPLINE_CURVE_WITH_KNOTS('',3,(#9862,#9863,#9864,#9865,#9866,
    #9867),.UNSPECIFIED.,.F.,.F.,(4,2,4),(0.,0.5,0.625),.UNSPECIFIED.);
#9862 = CARTESIAN_POINT('',(-0.691912322,45.497800562,-9.4));
#9863 = CARTESIAN_POINT('',(-1.576324169,45.414284342,-8.066666667));
#9864 = CARTESIAN_POINT('',(-2.445180083,45.171628202,-6.733333333));
#9865 = CARTESIAN_POINT('',(-3.445100149,44.688899918,-5.066666667));
#9866 = CARTESIAN_POINT('',(-3.640739166,44.583401962,-4.733333333));
#9867 = CARTESIAN_POINT('',(-3.831323545,44.469452875,-4.4));
#9868 = PCURVE('',#1315,#9869);
#9869 = DEFINITIONAL_REPRESENTATION('',(#9870),#9874);
#9870 = LINE('',#9871,#9872);
#9871 = CARTESIAN_POINT('',(1.,3.097519697049E-16));
#9872 = VECTOR('',#9873,1.);
#9873 = DIRECTION('',(8.171241461241E-15,1.));
#9874 = ( GEOMETRIC_REPRESENTATION_CONTEXT(2) 
PARAMETRIC_REPRESENTATION_CONTEXT() REPRESENTATION_CONTEXT('2D SPACE',''
  ) );
#9875 = PCURVE('',#1250,#9876);
#9876 = DEFINITIONAL_REPRESENTATION('',(#9877),#9881);
#9877 = LINE('',#9878,#9879);
#9878 = CARTESIAN_POINT('',(2.325341403984E-15,-1.275299859453E-16));
#9879 = VECTOR('',#9880,1.);
#9880 = DIRECTION('',(-3.789521147049E-09,1.));
#9881 = ( GEOMETRIC_REPRESENTATION_CONTEXT(2) 
PARAMETRIC_REPRESENTATION_CONTEXT() REPRESENTATION_CONTEXT('2D SPACE',''
  ) );
#9882 = ORIENTED_EDGE('',*,*,#9883,.T.);
#9883 = EDGE_CURVE('',#9858,#9783,#9884,.T.);
#9884 = SURFACE_CURVE('',#9885,(#9894,#9923),.PCURVE_S1.);
#9885 = B_SPLINE_CURVE_WITH_KNOTS('',3,(#9886,#9887,#9888,#9889,#9890,
    #9891,#9892,#9893),.UNSPECIFIED.,.F.,.F.,(4,2,2,4),(0.,
    0.128077706431,0.234704901727,0.339046207051),.UNSPECIFIED.);
#9886 = CARTESIAN_POINT('',(-3.831323545,44.469452875,-4.4));
#9887 = CARTESIAN_POINT('',(-3.432569401734,44.316938362932,-4.4));
#9888 = CARTESIAN_POINT('',(-3.169630051213,44.155012938877,-4.4));
#9889 = CARTESIAN_POINT('',(-2.892879475055,43.967039093399,-4.4));
#9890 = CARTESIAN_POINT('',(-2.76829269901,43.87085481721,-4.4));
#9891 = CARTESIAN_POINT('',(-2.550190311084,43.663727989215,-4.4));
#9892 = CARTESIAN_POINT('',(-2.44773385851,43.54523897545,-4.4));
#9893 = CARTESIAN_POINT('',(-2.375701694,43.41503115,-4.4));
#9894 = PCURVE('',#1315,#9895);
#9895 = DEFINITIONAL_REPRESENTATION('',(#9896),#9922);
#9896 = B_SPLINE_CURVE_WITH_KNOTS('',3,(#9897,#9898,#9899,#9900,#9901,
    #9902,#9903,#9904,#9905,#9906,#9907,#9908,#9909,#9910,#9911,#9912,
    #9913,#9914,#9915,#9916,#9917,#9918,#9919,#9920,#9921),
  .UNSPECIFIED.,.F.,.F.,(4,1,1,1,1,1,1,1,1,1,1,1,1,1,1,1,1,1,1,1,1,1,4),
  (0.,1.541119122961E-02,3.082238245923E-02,4.623357368884E-02,
    6.164476491845E-02,7.705595614807E-02,9.246714737768E-02,
    0.107878338607,0.123289529837,0.138700721067,0.154111912296,
    0.169523103526,0.184934294755,0.200345485985,0.215756677215,
    0.231167868444,0.246579059674,0.261990250903,0.277401442133,
    0.292812633363,0.308223824592,0.323635015822,0.339046207051),
  .QUASI_UNIFORM_KNOTS.);
#9897 = CARTESIAN_POINT('',(1.,0.625));
#9898 = CARTESIAN_POINT('',(0.972843768522,0.624999998617));
#9899 = CARTESIAN_POINT('',(0.920093957103,0.625000006264));
#9900 = CARTESIAN_POINT('',(0.845752773042,0.625000062421));
#9901 = CARTESIAN_POINT('',(0.776277459852,0.625000155405));
#9902 = CARTESIAN_POINT('',(0.711796697619,0.625000351946));
#9903 = CARTESIAN_POINT('',(0.652465428369,0.625000801319));
#9904 = CARTESIAN_POINT('',(0.598459546865,0.625001392698));
#9905 = CARTESIAN_POINT('',(0.549991362197,0.625001920431));
#9906 = CARTESIAN_POINT('',(0.507227631528,0.624999563867));
#9907 = CARTESIAN_POINT('',(0.471216636776,0.625000116488));
#9908 = CARTESIAN_POINT('',(0.434446499797,0.624999973539));
#9909 = CARTESIAN_POINT('',(0.398339237367,0.6250000235));
#9910 = CARTESIAN_POINT('',(0.362447597696,0.625000021189));
#9911 = CARTESIAN_POINT('',(0.326841862096,0.625000023798));
#9912 = CARTESIAN_POINT('',(0.29144899392,0.625000011887));
#9913 = CARTESIAN_POINT('',(0.256296059834,0.624999998038));
#9914 = CARTESIAN_POINT('',(0.221187831876,0.624999999887));
#9915 = CARTESIAN_POINT('',(0.185366853372,0.625000013199));
#9916 = CARTESIAN_POINT('',(0.149090216658,0.625000038963));
#9917 = CARTESIAN_POINT('',(0.112365211343,0.625000058222));
#9918 = CARTESIAN_POINT('',(7.525578630698E-02,0.625000054768));
#9919 = CARTESIAN_POINT('',(3.780266272371E-02,0.625000021165));
#9920 = CARTESIAN_POINT('',(1.263027498941E-02,0.625000003535));
#9921 = CARTESIAN_POINT('',(-3.37E-07,0.625));
#9922 = ( GEOMETRIC_REPRESENTATION_CONTEXT(2) 
PARAMETRIC_REPRESENTATION_CONTEXT() REPRESENTATION_CONTEXT('2D SPACE',''
  ) );
#9923 = PCURVE('',#94,#9924);
#9924 = DEFINITIONAL_REPRESENTATION('',(#9925),#9934);
#9925 = B_SPLINE_CURVE_WITH_KNOTS('',3,(#9926,#9927,#9928,#9929,#9930,
    #9931,#9932,#9933),.UNSPECIFIED.,.F.,.F.,(4,2,2,4),(0.,
    0.128077706431,0.234704901727,0.339046207051),.UNSPECIFIED.);
#9926 = CARTESIAN_POINT('',(3.831324707,5.530547156));
#9927 = CARTESIAN_POINT('',(3.432570563734,5.683061668068));
#9928 = CARTESIAN_POINT('',(3.169631213213,5.844987092123));
#9929 = CARTESIAN_POINT('',(2.892880637055,6.032960937601));
#9930 = CARTESIAN_POINT('',(2.76829386101,6.12914521379));
#9931 = CARTESIAN_POINT('',(2.550191473084,6.336272041785));
#9932 = CARTESIAN_POINT('',(2.44773502051,6.45476105555));
#9933 = CARTESIAN_POINT('',(2.375702856,6.584968881));
#9934 = ( GEOMETRIC_REPRESENTATION_CONTEXT(2) 
PARAMETRIC_REPRESENTATION_CONTEXT() REPRESENTATION_CONTEXT('2D SPACE',''
  ) );
#9935 = ORIENTED_EDGE('',*,*,#9782,.F.);
#9936 = ORIENTED_EDGE('',*,*,#1293,.T.);
#9937 = ADVANCED_FACE('',(#9938),#1250,.T.);
#9938 = FACE_BOUND('',#9939,.T.);
#9939 = EDGE_LOOP('',(#9940,#9965,#9990,#9991));
#9940 = ORIENTED_EDGE('',*,*,#9941,.T.);
#9941 = EDGE_CURVE('',#1089,#9942,#9944,.T.);
#9942 = VERTEX_POINT('',#9943);
#9943 = CARTESIAN_POINT('',(-4.165269237545,44.257775626374,
    -4.400000042427));
#9944 = SURFACE_CURVE('',#9945,(#9952,#9959),.PCURVE_S1.);
#9945 = B_SPLINE_CURVE_WITH_KNOTS('',3,(#9946,#9947,#9948,#9949,#9950,
    #9951),.UNSPECIFIED.,.F.,.F.,(4,2,4),(0.,0.5,0.625),.UNSPECIFIED.);
#9946 = CARTESIAN_POINT('',(-1.084413835,45.450140111,-9.4));
#9947 = CARTESIAN_POINT('',(-1.963195438,45.320131772,-8.066666667));
#9948 = CARTESIAN_POINT('',(-2.81805611,45.032024443,-6.733333333));
#9949 = CARTESIAN_POINT('',(-3.791147097,44.497271542,-5.066666667));
#9950 = CARTESIAN_POINT('',(-3.980954553,44.381610082,-4.733333333));
#9951 = CARTESIAN_POINT('',(-4.165269024,44.257775612,-4.4));
#9952 = PCURVE('',#1250,#9953);
#9953 = DEFINITIONAL_REPRESENTATION('',(#9954),#9958);
#9954 = LINE('',#9955,#9956);
#9955 = CARTESIAN_POINT('',(1.,-1.763899236027E-16));
#9956 = VECTOR('',#9957,1.);
#9957 = DIRECTION('',(-4.475314344915E-10,1.));
#9958 = ( GEOMETRIC_REPRESENTATION_CONTEXT(2) 
PARAMETRIC_REPRESENTATION_CONTEXT() REPRESENTATION_CONTEXT('2D SPACE',''
  ) );
#9959 = PCURVE('',#1190,#9960);
#9960 = DEFINITIONAL_REPRESENTATION('',(#9961),#9964);
#9961 = B_SPLINE_CURVE_WITH_KNOTS('',1,(#9962,#9963),.UNSPECIFIED.,.F.,
  .F.,(2,2),(0.,0.625),.PIECEWISE_BEZIER_KNOTS.);
#9962 = CARTESIAN_POINT('',(-3.900147375586E-15,1.097478647449E-16));
#9963 = CARTESIAN_POINT('',(3.876667139787E-07,0.624999975543));
#9964 = ( GEOMETRIC_REPRESENTATION_CONTEXT(2) 
PARAMETRIC_REPRESENTATION_CONTEXT() REPRESENTATION_CONTEXT('2D SPACE',''
  ) );
#9965 = ORIENTED_EDGE('',*,*,#9966,.T.);
#9966 = EDGE_CURVE('',#9942,#9858,#9967,.T.);
#9967 = SURFACE_CURVE('',#9968,(#9973,#9979),.PCURVE_S1.);
#9968 = CIRCLE('',#9969,7.499942343292);
#9969 = AXIS2_PLACEMENT_3D('',#9970,#9971,#9972);
#9970 = CARTESIAN_POINT('',(1.558411167317E-02,38.031251523971,
    -4.400000000342));
#9971 = DIRECTION('',(-2.421600227974E-11,3.862314822678E-11,-1.));
#9972 = DIRECTION('',(-0.512924964127,0.858433445979,4.55763943275E-11)
  );
#9973 = PCURVE('',#1250,#9974);
#9974 = DEFINITIONAL_REPRESENTATION('',(#9975),#9978);
#9975 = B_SPLINE_CURVE_WITH_KNOTS('',1,(#9976,#9977),.UNSPECIFIED.,.F.,
  .F.,(2,2),(6.230461186213,6.28318530718),.PIECEWISE_BEZIER_KNOTS.);
#9976 = CARTESIAN_POINT('',(1.000000427797,0.6249999995));
#9977 = CARTESIAN_POINT('',(8.679282530303E-15,0.6249999995));
#9978 = ( GEOMETRIC_REPRESENTATION_CONTEXT(2) 
PARAMETRIC_REPRESENTATION_CONTEXT() REPRESENTATION_CONTEXT('2D SPACE',''
  ) );
#9979 = PCURVE('',#94,#9980);
#9980 = DEFINITIONAL_REPRESENTATION('',(#9981),#9989);
#9981 = ( BOUNDED_CURVE() B_SPLINE_CURVE(2,(#9982,#9983,#9984,#9985,
#9986,#9987,#9988),.UNSPECIFIED.,.T.,.F.) B_SPLINE_CURVE_WITH_KNOTS((1,2
    ,2,2,2,1),(-2.094395102393,0.,2.094395102393,4.188790204786,
6.28318530718,8.377580409573),.UNSPECIFIED.) CURVE() 
GEOMETRIC_REPRESENTATION_ITEM() RATIONAL_B_SPLINE_CURVE((1.,0.5,1.,0.5,
1.,0.5,1.)) REPRESENTATION_ITEM('') );
#9982 = CARTESIAN_POINT('',(3.831324707713,5.530547156633));
#9983 = CARTESIAN_POINT('',(-7.319967140532,-1.132492357986));
#9984 = CARTESIAN_POINT('',(-7.514682702489,11.856329424918));
#9985 = CARTESIAN_POINT('',(-7.709398264445,24.845151207821));
#9986 = CARTESIAN_POINT('',(3.636609145756,18.519368939536));
#9987 = CARTESIAN_POINT('',(14.982616555958,12.193586671251));
#9988 = CARTESIAN_POINT('',(3.831324707713,5.530547156633));
#9989 = ( GEOMETRIC_REPRESENTATION_CONTEXT(2) 
PARAMETRIC_REPRESENTATION_CONTEXT() REPRESENTATION_CONTEXT('2D SPACE',''
  ) );
#9990 = ORIENTED_EDGE('',*,*,#9857,.F.);
#9991 = ORIENTED_EDGE('',*,*,#1233,.T.);
#9992 = ADVANCED_FACE('',(#9993),#1190,.T.);
#9993 = FACE_BOUND('',#9994,.T.);
#9994 = EDGE_LOOP('',(#9995,#10020,#10126,#10127));
#9995 = ORIENTED_EDGE('',*,*,#9996,.T.);
#9996 = EDGE_CURVE('',#1030,#9997,#9999,.T.);
#9997 = VERTEX_POINT('',#9998);
#9998 = CARTESIAN_POINT('',(-3.832867366357,42.491382322788,
    -4.400000007834));
#9999 = SURFACE_CURVE('',#10000,(#10007,#10014),.PCURVE_S1.);
#10000 = B_SPLINE_CURVE_WITH_KNOTS('',3,(#10001,#10002,#10003,#10004,
    #10005,#10006),.UNSPECIFIED.,.F.,.F.,(4,2,4),(0.,0.5,0.624999997061)
  ,.UNSPECIFIED.);
#10001 = CARTESIAN_POINT('',(-1.543207352,43.712270624,-9.4));
#10002 = CARTESIAN_POINT('',(-2.216162439,43.527853734,-8.066666667));
#10003 = CARTESIAN_POINT('',(-2.855525543,43.222418382,-6.733333333));
#10004 = CARTESIAN_POINT('',(-3.56377282967,42.713485208393,
    -5.066666674836));
#10005 = CARTESIAN_POINT('',(-3.700847872555,42.605360728084,
    -4.733333348673));
#10006 = CARTESIAN_POINT('',(-3.832867359689,42.491382297038,
    -4.400000023509));
#10007 = PCURVE('',#1190,#10008);
#10008 = DEFINITIONAL_REPRESENTATION('',(#10009),#10013);
#10009 = LINE('',#10010,#10011);
#10010 = CARTESIAN_POINT('',(1.,-1.168650870861E-16));
#10011 = VECTOR('',#10012,1.);
#10012 = DIRECTION('',(-3.19826477789E-10,1.));
#10013 = ( GEOMETRIC_REPRESENTATION_CONTEXT(2) 
PARAMETRIC_REPRESENTATION_CONTEXT() REPRESENTATION_CONTEXT('2D SPACE',''
  ) );
#10014 = PCURVE('',#1045,#10015);
#10015 = DEFINITIONAL_REPRESENTATION('',(#10016),#10019);
#10016 = B_SPLINE_CURVE_WITH_KNOTS('',1,(#10017,#10018),.UNSPECIFIED.,
  .F.,.F.,(2,2),(0.,0.624999997061),.PIECEWISE_BEZIER_KNOTS.);
#10017 = CARTESIAN_POINT('',(6.944153406432E-17,-6.747367536704E-16));
#10018 = CARTESIAN_POINT('',(2.61306757327E-06,0.624999999972));
#10019 = ( GEOMETRIC_REPRESENTATION_CONTEXT(2) 
PARAMETRIC_REPRESENTATION_CONTEXT() REPRESENTATION_CONTEXT('2D SPACE',''
  ) );
#10020 = ORIENTED_EDGE('',*,*,#10021,.T.);
#10021 = EDGE_CURVE('',#9997,#9942,#10022,.T.);
#10022 = SURFACE_CURVE('',#10023,(#10070,#10076),.PCURVE_S1.);
#10023 = B_SPLINE_CURVE_WITH_KNOTS('',3,(#10024,#10025,#10026,#10027,
    #10028,#10029,#10030,#10031,#10032,#10033,#10034,#10035,#10036,
    #10037,#10038,#10039,#10040,#10041,#10042,#10043,#10044,#10045,
    #10046,#10047,#10048,#10049,#10050,#10051,#10052,#10053,#10054,
    #10055,#10056,#10057,#10058,#10059,#10060,#10061,#10062,#10063,
    #10064,#10065,#10066,#10067,#10068,#10069),.UNSPECIFIED.,.F.,.F.,(4,
    3,3,3,3,3,3,3,3,3,3,3,3,3,3,4),(2.52874517363E-11,8.254534671853E-05
    ,1.692835285618E-04,2.633954250301E-04,3.672281689899E-04,
    4.53639E-04,5.837841155768E-04,7.10998466183E-04,8.21619046084E-04,
    9.07279E-04,9.556307692065E-04,1.096452553197E-03,1.24213775982E-03,
    1.360918E-03,1.587737499283E-03,1.814556998567E-03),.UNSPECIFIED.);
#10024 = CARTESIAN_POINT('',(-3.832867384111,42.491382309993,
    -4.399999999992));
#10025 = CARTESIAN_POINT('',(-3.849322470926,42.514214874556,
    -4.399999999997));
#10026 = CARTESIAN_POINT('',(-3.864727701469,42.537556461622,
    -4.399999999955));
#10027 = CARTESIAN_POINT('',(-3.879237524554,42.561288606788,
    -4.399999999892));
#10028 = CARTESIAN_POINT('',(-3.894484368972,42.586226217876,
    -4.399999999825));
#10029 = CARTESIAN_POINT('',(-3.908742468159,42.611595501696,
    -4.399999999737));
#10030 = CARTESIAN_POINT('',(-3.922160256728,42.63730781785,
    -4.399999999655));
#10031 = CARTESIAN_POINT('',(-3.936718707249,42.665205968174,
    -4.399999999567));
#10032 = CARTESIAN_POINT('',(-3.950288000337,42.693508304719,
    -4.399999999488));
#10033 = CARTESIAN_POINT('',(-3.963021918273,42.722151711714,
    -4.399999999457));
#10034 = CARTESIAN_POINT('',(-3.977071126613,42.753753705258,
    -4.399999999423));
#10035 = CARTESIAN_POINT('',(-3.990103687326,42.785771458312,
    -4.399999999447));
#10036 = CARTESIAN_POINT('',(-4.002281535239,42.818171392935,
    -4.399999999581));
#10037 = CARTESIAN_POINT('',(-4.012416083532,42.84513499968,
    -4.399999999694));
#10038 = CARTESIAN_POINT('',(-4.021957726376,42.872364649656,
    -4.399999999882));
#10039 = CARTESIAN_POINT('',(-4.030978812124,42.899858216808,
    -4.400000000178));
#10040 = CARTESIAN_POINT('',(-4.044565653422,42.941266839231,
    -4.400000000623));
#10041 = CARTESIAN_POINT('',(-4.056926362503,42.983131576964,
    -4.400000008969));
#10042 = CARTESIAN_POINT('',(-4.068238811409,43.025353703985,
    -4.400000018931));
#10043 = CARTESIAN_POINT('',(-4.079296512921,43.066625022132,
    -4.400000028668));
#10044 = CARTESIAN_POINT('',(-4.089351690913,43.108240645251,
    -4.40000003995));
#10045 = CARTESIAN_POINT('',(-4.098523803543,43.150100926935,
    -4.400000046905));
#10046 = CARTESIAN_POINT('',(-4.10649951079,43.186500976242,
    -4.400000052953));
#10047 = CARTESIAN_POINT('',(-4.113806515012,43.223087110156,
    -4.40000005573));
#10048 = CARTESIAN_POINT('',(-4.120501426877,43.259763820426,
    -4.400000051375));
#10049 = CARTESIAN_POINT('',(-4.125685686826,43.288164732032,
    -4.400000048003));
#10050 = CARTESIAN_POINT('',(-4.130502460801,43.316619637145,
    -4.400000040355));
#10051 = CARTESIAN_POINT('',(-4.134971786091,43.34506324783,
    -4.400000026639));
#10052 = CARTESIAN_POINT('',(-4.137494549354,43.361118578662,
    -4.400000018896));
#10053 = CARTESIAN_POINT('',(-4.139894806544,43.377095792835,
    -4.400000012276));
#10054 = CARTESIAN_POINT('',(-4.142175817305,43.392959040449,
    -4.400000006651));
#10055 = CARTESIAN_POINT('',(-4.148819131706,43.439159848933,
    -4.399999990267));
#10056 = CARTESIAN_POINT('',(-4.154547905746,43.48604563751,
    -4.399999982325));
#10057 = CARTESIAN_POINT('',(-4.159338988344,43.533281744581,
    -4.399999979691));
#10058 = CARTESIAN_POINT('',(-4.164295535822,43.582149198348,
    -4.399999976967));
#10059 = CARTESIAN_POINT('',(-4.168248443073,43.631391298959,
    -4.399999979924));
#10060 = CARTESIAN_POINT('',(-4.171224069646,43.680613915408,
    -4.399999985095));
#10061 = CARTESIAN_POINT('',(-4.173650161129,43.720746159029,
    -4.399999989311));
#10062 = CARTESIAN_POINT('',(-4.175427681524,43.760864891883,
    -4.399999994999));
#10063 = CARTESIAN_POINT('',(-4.176594936532,43.800747838484,
    -4.400000000279));
#10064 = CARTESIAN_POINT('',(-4.178823894785,43.876907222944,
    -4.40000001036));
#10065 = CARTESIAN_POINT('',(-4.178863898081,43.95308074197,
    -4.40000001034));
#10066 = CARTESIAN_POINT('',(-4.176917378511,44.02925206407,
    -4.400000007763));
#10067 = CARTESIAN_POINT('',(-4.174970858942,44.105423386171,
    -4.400000005186));
#10068 = CARTESIAN_POINT('',(-4.17103742717,44.181593112307,
    -4.400000000054));
#10069 = CARTESIAN_POINT('',(-4.165269503941,44.257775646543,
    -4.399999999912));
#10070 = PCURVE('',#1190,#10071);
#10071 = DEFINITIONAL_REPRESENTATION('',(#10072),#10075);
#10072 = B_SPLINE_CURVE_WITH_KNOTS('',1,(#10073,#10074),.UNSPECIFIED.,
  .F.,.F.,(2,2),(2.52874517363E-11,1.814556998567E-03),
  .PIECEWISE_BEZIER_KNOTS.);
#10073 = CARTESIAN_POINT('',(0.999999984943,0.625000000251));
#10074 = CARTESIAN_POINT('',(3.455108204647E-07,0.625000000261));
#10075 = ( GEOMETRIC_REPRESENTATION_CONTEXT(2) 
PARAMETRIC_REPRESENTATION_CONTEXT() REPRESENTATION_CONTEXT('2D SPACE',''
  ) );
#10076 = PCURVE('',#94,#10077);
#10077 = DEFINITIONAL_REPRESENTATION('',(#10078),#10125);
#10078 = B_SPLINE_CURVE_WITH_KNOTS('',3,(#10079,#10080,#10081,#10082,
    #10083,#10084,#10085,#10086,#10087,#10088,#10089,#10090,#10091,
    #10092,#10093,#10094,#10095,#10096,#10097,#10098,#10099,#10100,
    #10101,#10102,#10103,#10104,#10105,#10106,#10107,#10108,#10109,
    #10110,#10111,#10112,#10113,#10114,#10115,#10116,#10117,#10118,
    #10119,#10120,#10121,#10122,#10123,#10124),.UNSPECIFIED.,.F.,.F.,(4,
    3,3,3,3,3,3,3,3,3,3,3,3,3,3,4),(2.52874517363E-11,8.254534671853E-05
    ,1.692835285618E-04,2.633954250301E-04,3.672281689899E-04,
    4.53639E-04,5.837841155768E-04,7.10998466183E-04,8.21619046084E-04,
    9.07279E-04,9.556307692065E-04,1.096452553197E-03,1.24213775982E-03,
    1.360918E-03,1.587737499283E-03,1.814556998567E-03),.UNSPECIFIED.);
#10079 = CARTESIAN_POINT('',(3.832868546111,7.508617721007));
#10080 = CARTESIAN_POINT('',(3.849323632926,7.485785156444));
#10081 = CARTESIAN_POINT('',(3.864728863469,7.462443569378));
#10082 = CARTESIAN_POINT('',(3.879238686554,7.438711424212));
#10083 = CARTESIAN_POINT('',(3.894485530972,7.413773813124));
#10084 = CARTESIAN_POINT('',(3.908743630159,7.388404529304));
#10085 = CARTESIAN_POINT('',(3.922161418728,7.36269221315));
#10086 = CARTESIAN_POINT('',(3.936719869249,7.334794062826));
#10087 = CARTESIAN_POINT('',(3.950289162337,7.306491726281));
#10088 = CARTESIAN_POINT('',(3.963023080273,7.277848319286));
#10089 = CARTESIAN_POINT('',(3.977072288613,7.246246325742));
#10090 = CARTESIAN_POINT('',(3.990104849326,7.214228572688));
#10091 = CARTESIAN_POINT('',(4.002282697239,7.181828638065));
#10092 = CARTESIAN_POINT('',(4.012417245532,7.15486503132));
#10093 = CARTESIAN_POINT('',(4.021958888376,7.127635381344));
#10094 = CARTESIAN_POINT('',(4.030979974124,7.100141814192));
#10095 = CARTESIAN_POINT('',(4.044566815422,7.058733191769));
#10096 = CARTESIAN_POINT('',(4.056927524503,7.016868454036));
#10097 = CARTESIAN_POINT('',(4.068239973409,6.974646327015));
#10098 = CARTESIAN_POINT('',(4.079297674921,6.933375008868));
#10099 = CARTESIAN_POINT('',(4.089352852913,6.891759385749));
#10100 = CARTESIAN_POINT('',(4.098524965543,6.849899104065));
#10101 = CARTESIAN_POINT('',(4.10650067279,6.813499054758));
#10102 = CARTESIAN_POINT('',(4.113807677012,6.776912920844));
#10103 = CARTESIAN_POINT('',(4.120502588877,6.740236210574));
#10104 = CARTESIAN_POINT('',(4.125686848826,6.711835298968));
#10105 = CARTESIAN_POINT('',(4.130503622801,6.683380393855));
#10106 = CARTESIAN_POINT('',(4.134972948091,6.65493678317));
#10107 = CARTESIAN_POINT('',(4.137495711354,6.638881452338));
#10108 = CARTESIAN_POINT('',(4.139895968544,6.622904238165));
#10109 = CARTESIAN_POINT('',(4.142176979305,6.607040990551));
#10110 = CARTESIAN_POINT('',(4.148820293706,6.560840182067));
#10111 = CARTESIAN_POINT('',(4.154549067746,6.51395439349));
#10112 = CARTESIAN_POINT('',(4.159340150344,6.466718286419));
#10113 = CARTESIAN_POINT('',(4.164296697822,6.417850832652));
#10114 = CARTESIAN_POINT('',(4.168249605073,6.368608732041));
#10115 = CARTESIAN_POINT('',(4.171225231646,6.319386115592));
#10116 = CARTESIAN_POINT('',(4.173651323129,6.279253871971));
#10117 = CARTESIAN_POINT('',(4.175428843524,6.239135139117));
#10118 = CARTESIAN_POINT('',(4.176596098532,6.199252192516));
#10119 = CARTESIAN_POINT('',(4.178825056785,6.123092808056));
#10120 = CARTESIAN_POINT('',(4.178865060081,6.04691928903));
#10121 = CARTESIAN_POINT('',(4.176918540512,5.97074796693));
#10122 = CARTESIAN_POINT('',(4.174972020942,5.894576644829));
#10123 = CARTESIAN_POINT('',(4.17103858917,5.818406918693));
#10124 = CARTESIAN_POINT('',(4.165270665941,5.742224384457));
#10125 = ( GEOMETRIC_REPRESENTATION_CONTEXT(2) 
PARAMETRIC_REPRESENTATION_CONTEXT() REPRESENTATION_CONTEXT('2D SPACE',''
  ) );
#10126 = ORIENTED_EDGE('',*,*,#9941,.F.);
#10127 = ORIENTED_EDGE('',*,*,#1088,.T.);
#10128 = ADVANCED_FACE('',(#10129),#957,.T.);
#10129 = FACE_BOUND('',#10130,.T.);
#10130 = EDGE_LOOP('',(#10131,#10157,#10179,#10203));
#10131 = ORIENTED_EDGE('',*,*,#10132,.T.);
#10132 = EDGE_CURVE('',#797,#10133,#10135,.T.);
#10133 = VERTEX_POINT('',#10134);
#10134 = CARTESIAN_POINT('',(-4.603766487355,41.687065302266,
    -4.400000039667));
#10135 = SURFACE_CURVE('',#10136,(#10144,#10151),.PCURVE_S1.);
#10136 = B_SPLINE_CURVE_WITH_KNOTS('',3,(#10137,#10138,#10139,#10140,
    #10141,#10142,#10143),.UNSPECIFIED.,.F.,.F.,(4,3,4),(0.,0.500000012,
    0.625),.UNSPECIFIED.);
#10137 = CARTESIAN_POINT('',(-2.584910341,43.317198393,-9.4));
#10138 = CARTESIAN_POINT('',(-3.211110663379,43.009381280645,
    -8.066666667));
#10139 = CARTESIAN_POINT('',(-3.781535270721,42.589033900479,
    -6.733333333));
#10140 = CARTESIAN_POINT('',(-4.261346826176,42.082494047292,
    -5.3999999994));
#10141 = CARTESIAN_POINT('',(-4.381299700645,41.955859099191,
    -5.066666706));
#10142 = CARTESIAN_POINT('',(-4.495566757108,41.823860878241,
    -4.733333413));
#10143 = CARTESIAN_POINT('',(-4.603766550225,41.687065206749,
    -4.400000119));
#10144 = PCURVE('',#957,#10145);
#10145 = DEFINITIONAL_REPRESENTATION('',(#10146),#10150);
#10146 = LINE('',#10147,#10148);
#10147 = CARTESIAN_POINT('',(1.,8.630149734011E-16));
#10148 = VECTOR('',#10149,1.);
#10149 = DIRECTION('',(-4.291003748068E-08,1.));
#10150 = ( GEOMETRIC_REPRESENTATION_CONTEXT(2) 
PARAMETRIC_REPRESENTATION_CONTEXT() REPRESENTATION_CONTEXT('2D SPACE',''
  ) );
#10151 = PCURVE('',#898,#10152);
#10152 = DEFINITIONAL_REPRESENTATION('',(#10153),#10156);
#10153 = B_SPLINE_CURVE_WITH_KNOTS('',1,(#10154,#10155),.UNSPECIFIED.,
  .F.,.F.,(2,2),(0.,0.625),.PIECEWISE_BEZIER_KNOTS.);
#10154 = CARTESIAN_POINT('',(-1.908749620072E-15,6.36929748402E-17));
#10155 = CARTESIAN_POINT('',(1.42646515553E-06,0.624999985));
#10156 = ( GEOMETRIC_REPRESENTATION_CONTEXT(2) 
PARAMETRIC_REPRESENTATION_CONTEXT() REPRESENTATION_CONTEXT('2D SPACE',''
  ) );
#10157 = ORIENTED_EDGE('',*,*,#10158,.T.);
#10158 = EDGE_CURVE('',#10133,#10159,#10161,.T.);
#10159 = VERTEX_POINT('',#10160);
#10160 = CARTESIAN_POINT('',(-4.101159573,41.28929566,-4.4));
#10161 = SURFACE_CURVE('',#10162,(#10166,#10172),.PCURVE_S1.);
#10162 = LINE('',#10163,#10164);
#10163 = CARTESIAN_POINT('',(-4.603766425,41.687065397,-4.4));
#10164 = VECTOR('',#10165,1.);
#10165 = DIRECTION('',(0.784142510092,-0.6205807956,-5.69398296018E-11)
  );
#10166 = PCURVE('',#957,#10167);
#10167 = DEFINITIONAL_REPRESENTATION('',(#10168),#10171);
#10168 = B_SPLINE_CURVE_WITH_KNOTS('',1,(#10169,#10170),.UNSPECIFIED.,
  .F.,.F.,(2,2),(9.895034115164E-09,0.640963658369),
  .PIECEWISE_BEZIER_KNOTS.);
#10169 = CARTESIAN_POINT('',(0.999999986646,0.625));
#10170 = CARTESIAN_POINT('',(0.134998059922,0.624999999988));
#10171 = ( GEOMETRIC_REPRESENTATION_CONTEXT(2) 
PARAMETRIC_REPRESENTATION_CONTEXT() REPRESENTATION_CONTEXT('2D SPACE',''
  ) );
#10172 = PCURVE('',#94,#10173);
#10173 = DEFINITIONAL_REPRESENTATION('',(#10174),#10178);
#10174 = LINE('',#10175,#10176);
#10175 = CARTESIAN_POINT('',(4.603767587,8.312934634));
#10176 = VECTOR('',#10177,1.);
#10177 = DIRECTION('',(-0.784142510092,0.6205807956));
#10178 = ( GEOMETRIC_REPRESENTATION_CONTEXT(2) 
PARAMETRIC_REPRESENTATION_CONTEXT() REPRESENTATION_CONTEXT('2D SPACE',''
  ) );
#10179 = ORIENTED_EDGE('',*,*,#10180,.F.);
#10180 = EDGE_CURVE('',#942,#10159,#10181,.T.);
#10181 = SURFACE_CURVE('',#10182,(#10191,#10197),.PCURVE_S1.);
#10182 = B_SPLINE_CURVE_WITH_KNOTS('',3,(#10183,#10184,#10185,#10186,
    #10187,#10188,#10189,#10190),.UNSPECIFIED.,.F.,.F.,(4,2,2,4),(0.,
    0.276143097775,0.414086047742,0.552031660212),.UNSPECIFIED.);
#10183 = CARTESIAN_POINT('',(-2.301949759237,42.742033112655,-9.4));
#10184 = CARTESIAN_POINT('',(-2.651051601925,42.570287591644,
    -8.565788232309));
#10185 = CARTESIAN_POINT('',(-2.979962670214,42.360276788264,
    -7.734003544724));
#10186 = CARTESIAN_POINT('',(-3.433820200946,41.993801188326,
    -6.483036305552));
#10187 = CARTESIAN_POINT('',(-3.578118229884,41.863417339387,
    -6.066612750791));
#10188 = CARTESIAN_POINT('',(-3.851595817639,41.587248351256,
    -5.23314716338));
#10189 = CARTESIAN_POINT('',(-3.980562144989,41.441677955901,
    -4.816738942641));
#10190 = CARTESIAN_POINT('',(-4.10115957285,41.28929565962,
    -4.400000000096));
#10191 = PCURVE('',#957,#10192);
#10192 = DEFINITIONAL_REPRESENTATION('',(#10193),#10196);
#10193 = B_SPLINE_CURVE_WITH_KNOTS('',1,(#10194,#10195),.UNSPECIFIED.,
  .F.,.F.,(2,2),(0.,0.552031660212),.PIECEWISE_BEZIER_KNOTS.);
#10194 = CARTESIAN_POINT('',(0.134952653331,1.02324444432E-16));
#10195 = CARTESIAN_POINT('',(0.134998059445,0.624999999988));
#10196 = ( GEOMETRIC_REPRESENTATION_CONTEXT(2) 
PARAMETRIC_REPRESENTATION_CONTEXT() REPRESENTATION_CONTEXT('2D SPACE',''
  ) );
#10197 = PCURVE('',#1017,#10198);
#10198 = DEFINITIONAL_REPRESENTATION('',(#10199),#10202);
#10199 = B_SPLINE_CURVE_WITH_KNOTS('',1,(#10200,#10201),.UNSPECIFIED.,
  .F.,.F.,(2,2),(0.,0.552031660212),.PIECEWISE_BEZIER_KNOTS.);
#10200 = CARTESIAN_POINT('',(5.652903682772,0.));
#10201 = CARTESIAN_POINT('',(6.097018499515,4.999999999904));
#10202 = ( GEOMETRIC_REPRESENTATION_CONTEXT(2) 
PARAMETRIC_REPRESENTATION_CONTEXT() REPRESENTATION_CONTEXT('2D SPACE',''
  ) );
#10203 = ORIENTED_EDGE('',*,*,#941,.T.);
#10204 = ADVANCED_FACE('',(#10205),#898,.T.);
#10205 = FACE_BOUND('',#10206,.T.);
#10206 = EDGE_LOOP('',(#10207,#10247,#10347,#10348));
#10207 = ORIENTED_EDGE('',*,*,#10208,.T.);
#10208 = EDGE_CURVE('',#737,#10209,#10211,.T.);
#10209 = VERTEX_POINT('',#10210);
#10210 = CARTESIAN_POINT('',(-6.382666350873,41.944246542023,
    -4.400000079333));
#10211 = SURFACE_CURVE('',#10212,(#10235,#10241),.PCURVE_S1.);
#10212 = B_SPLINE_CURVE_WITH_KNOTS('',3,(#10213,#10214,#10215,#10216,
    #10217,#10218,#10219,#10220,#10221,#10222,#10223,#10224,#10225,
    #10226,#10227,#10228,#10229,#10230,#10231,#10232,#10233,#10234),
  .UNSPECIFIED.,.F.,.F.,(4,3,3,3,3,3,3,4),(0.,1.512973859575E-03,
    3.007093E-03,3.912079421869E-03,4.510639E-03,4.81090764275E-03,
    5.839392891182E-03,6.014185E-03),.UNSPECIFIED.);
#10213 = CARTESIAN_POINT('',(-4.080753558,44.31375994,-9.4));
#10214 = CARTESIAN_POINT('',(-4.315072370995,44.16108616688,
    -8.980240742601));
#10215 = CARTESIAN_POINT('',(-4.540498880015,43.995296778728,
    -8.560837615325));
#10216 = CARTESIAN_POINT('',(-4.755915014149,43.817576484896,
    -8.1416207472));
#10217 = CARTESIAN_POINT('',(-4.96864662688,43.642070945936,
    -7.727628170468));
#10218 = CARTESIAN_POINT('',(-5.171616397821,43.454929296261,
    -7.31381723948));
#10219 = CARTESIAN_POINT('',(-5.363723138174,43.257249000072,
    -6.900024355259));
#10220 = CARTESIAN_POINT('',(-5.480081992608,43.137514248617,
    -6.649390432198));
#10221 = CARTESIAN_POINT('',(-5.592596433589,43.013759859522,
    -6.398451179328));
#10222 = CARTESIAN_POINT('',(-5.700853144133,42.886373312359,
    -6.147499952247));
#10223 = CARTESIAN_POINT('',(-5.772454318944,42.802119630661,
    -5.981520378429));
#10224 = CARTESIAN_POINT('',(-5.842193635878,42.716277863409,
    -5.815535566466));
#10225 = CARTESIAN_POINT('',(-5.909960892001,42.628968442651,
    -5.649630393421));
#10226 = CARTESIAN_POINT('',(-5.943956475336,42.585169492257,
    -5.566403722333));
#10227 = CARTESIAN_POINT('',(-5.977456532727,42.541000626992,
    -5.483195723031));
#10228 = CARTESIAN_POINT('',(-6.010454466667,42.496468257885,
    -5.3999999994));
#10229 = CARTESIAN_POINT('',(-6.123479549721,42.343935231843,
    -5.115036595617));
#10230 = CARTESIAN_POINT('',(-6.230598803922,42.187164305545,
    -4.83021721165));
#10231 = CARTESIAN_POINT('',(-6.331663803763,42.026498554341,
    -4.5452848186));
#10232 = CARTESIAN_POINT('',(-6.348839902765,41.999193247327,
    -4.496860270045));
#10233 = CARTESIAN_POINT('',(-6.36584103335,41.971775377033,
    -4.448432457408));
#10234 = CARTESIAN_POINT('',(-6.382666340374,41.944246548478,
    -4.400000119));
#10235 = PCURVE('',#898,#10236);
#10236 = DEFINITIONAL_REPRESENTATION('',(#10237),#10240);
#10237 = B_SPLINE_CURVE_WITH_KNOTS('',1,(#10238,#10239),.UNSPECIFIED.,
  .F.,.F.,(2,2),(0.,6.014185E-03),.PIECEWISE_BEZIER_KNOTS.);
#10238 = CARTESIAN_POINT('',(1.,3.562834279303E-16));
#10239 = CARTESIAN_POINT('',(0.999999423082,0.624999985));
#10240 = ( GEOMETRIC_REPRESENTATION_CONTEXT(2) 
PARAMETRIC_REPRESENTATION_CONTEXT() REPRESENTATION_CONTEXT('2D SPACE',''
  ) );
#10241 = PCURVE('',#753,#10242);
#10242 = DEFINITIONAL_REPRESENTATION('',(#10243),#10246);
#10243 = B_SPLINE_CURVE_WITH_KNOTS('',1,(#10244,#10245),.UNSPECIFIED.,
  .F.,.F.,(2,2),(0.,6.014185E-03),.PIECEWISE_BEZIER_KNOTS.);
#10244 = CARTESIAN_POINT('',(1.904689026424E-09,1.000854191906E-14));
#10245 = CARTESIAN_POINT('',(-1.77374904334E-06,0.6249999855));
#10246 = ( GEOMETRIC_REPRESENTATION_CONTEXT(2) 
PARAMETRIC_REPRESENTATION_CONTEXT() REPRESENTATION_CONTEXT('2D SPACE',''
  ) );
#10247 = ORIENTED_EDGE('',*,*,#10248,.T.);
#10248 = EDGE_CURVE('',#10209,#10133,#10249,.T.);
#10249 = SURFACE_CURVE('',#10250,(#10294,#10300),.PCURVE_S1.);
#10250 = B_SPLINE_CURVE_WITH_KNOTS('',3,(#10251,#10252,#10253,#10254,
    #10255,#10256,#10257,#10258,#10259,#10260,#10261,#10262,#10263,
    #10264,#10265,#10266,#10267,#10268,#10269,#10270,#10271,#10272,
    #10273,#10274,#10275,#10276,#10277,#10278,#10279,#10280,#10281,
    #10282,#10283,#10284,#10285,#10286,#10287,#10288,#10289,#10290,
    #10291,#10292,#10293),.UNSPECIFIED.,.F.,.F.,(4,3,3,3,3,3,3,3,3,3,3,3
    ,3,3,4),(1.07772384532E-09,2.422776227437E-04,4.767571193699E-04,
    6.998116373743E-04,8.659081371636E-04,9.1549E-04,1.023819480227E-03,
    1.14744723465E-03,1.281121212106E-03,1.373235E-03,1.481211525697E-03
    ,1.577103972451E-03,1.6679451961E-03,1.752079226962E-03,
    1.830979930422E-03),.UNSPECIFIED.);
#10251 = CARTESIAN_POINT('',(-6.382666351482,41.944246547161,
    -4.400000119));
#10252 = CARTESIAN_POINT('',(-6.302297618148,41.953775262081,
    -4.400000119));
#10253 = CARTESIAN_POINT('',(-6.221223961139,41.961309625939,
    -4.400000122874));
#10254 = CARTESIAN_POINT('',(-6.13996413653,41.966559103585,
    -4.400000127888));
#10255 = CARTESIAN_POINT('',(-6.061319450686,41.971639640274,
    -4.400000132741));
#10256 = CARTESIAN_POINT('',(-5.982501176541,41.974579661755,
    -4.400000138662));
#10257 = CARTESIAN_POINT('',(-5.903983132619,41.97516291549,
    -4.400000143172));
#10258 = CARTESIAN_POINT('',(-5.829290868716,41.975717750273,
    -4.400000147462));
#10259 = CARTESIAN_POINT('',(-5.754870896248,41.974139831615,
    -4.400000150476));
#10260 = CARTESIAN_POINT('',(-5.681124469642,41.970288811444,
    -4.40000015008));
#10261 = CARTESIAN_POINT('',(-5.626209539243,41.967421167351,
    -4.400000149785));
#10262 = CARTESIAN_POINT('',(-5.571668006128,41.963293990531,
    -4.4000001476));
#10263 = CARTESIAN_POINT('',(-5.517660062462,41.95786745033,
    -4.400000142642));
#10264 = CARTESIAN_POINT('',(-5.501538022213,41.956247560854,
    -4.400000141163));
#10265 = CARTESIAN_POINT('',(-5.485264119926,41.954507259692,
    -4.400000139436));
#10266 = CARTESIAN_POINT('',(-5.468863699446,41.952638962791,
    -4.400000137439));
#10267 = CARTESIAN_POINT('',(-5.433031059757,41.948556993689,
    -4.400000133075));
#10268 = CARTESIAN_POINT('',(-5.397145904782,41.943927040225,
    -4.400000129744));
#10269 = CARTESIAN_POINT('',(-5.361338024114,41.938704346705,
    -4.400000127201));
#10270 = CARTESIAN_POINT('',(-5.320473359497,41.932744105129,
    -4.4000001243));
#10271 = CARTESIAN_POINT('',(-5.279708584248,41.926012819557,
    -4.400000122425));
#10272 = CARTESIAN_POINT('',(-5.239171313376,41.918425735793,
    -4.400000121213));
#10273 = CARTESIAN_POINT('',(-5.195339907896,41.910222111382,
    -4.400000119903));
#10274 = CARTESIAN_POINT('',(-5.151772086448,41.901019275735,
    -4.400000119368));
#10275 = CARTESIAN_POINT('',(-5.108584009904,41.890671798103,
    -4.40000011915));
#10276 = CARTESIAN_POINT('',(-5.07882341328,41.883541424802,-4.400000119
    ));
#10277 = CARTESIAN_POINT('',(-5.049242154797,41.875866708283,
    -4.400000119));
#10278 = CARTESIAN_POINT('',(-5.019877057792,41.867585550703,
    -4.400000119));
#10279 = CARTESIAN_POINT('',(-4.985455054052,41.857878310944,
    -4.400000119));
#10280 = CARTESIAN_POINT('',(-4.951397666478,41.847359309768,
    -4.400000119));
#10281 = CARTESIAN_POINT('',(-4.917702401066,41.835885705376,
    -4.400000119));
#10282 = CARTESIAN_POINT('',(-4.887778105729,41.825696157312,
    -4.400000119));
#10283 = CARTESIAN_POINT('',(-4.858138816763,41.814753464806,
    -4.400000119));
#10284 = CARTESIAN_POINT('',(-4.828808414542,41.802925714335,
    -4.400000119));
#10285 = CARTESIAN_POINT('',(-4.801023018319,41.791721001533,
    -4.400000119));
#10286 = CARTESIAN_POINT('',(-4.773514251693,41.779722090271,
    -4.400000119));
#10287 = CARTESIAN_POINT('',(-4.746335006684,41.766787182088,
    -4.400000119));
#10288 = CARTESIAN_POINT('',(-4.721162520597,41.754807313032,
    -4.400000119));
#10289 = CARTESIAN_POINT('',(-4.696272434279,41.742024511059,
    -4.400000119));
#10290 = CARTESIAN_POINT('',(-4.671740881814,41.728300035082,
    -4.400000119));
#10291 = CARTESIAN_POINT('',(-4.64873524751,41.715429252616,-4.400000119
    ));
#10292 = CARTESIAN_POINT('',(-4.626044719129,41.701730293408,
    -4.400000119));
#10293 = CARTESIAN_POINT('',(-4.603766550229,41.687065206752,
    -4.400000119));
#10294 = PCURVE('',#898,#10295);
#10295 = DEFINITIONAL_REPRESENTATION('',(#10296),#10299);
#10296 = B_SPLINE_CURVE_WITH_KNOTS('',1,(#10297,#10298),.UNSPECIFIED.,
  .F.,.F.,(2,2),(1.07772384532E-09,1.830979930422E-03),
  .PIECEWISE_BEZIER_KNOTS.);
#10297 = CARTESIAN_POINT('',(0.999999428996,0.624999985));
#10298 = CARTESIAN_POINT('',(1.426467985504E-06,0.624999985));
#10299 = ( GEOMETRIC_REPRESENTATION_CONTEXT(2) 
PARAMETRIC_REPRESENTATION_CONTEXT() REPRESENTATION_CONTEXT('2D SPACE',''
  ) );
#10300 = PCURVE('',#94,#10301);
#10301 = DEFINITIONAL_REPRESENTATION('',(#10302),#10346);
#10302 = B_SPLINE_CURVE_WITH_KNOTS('',3,(#10303,#10304,#10305,#10306,
    #10307,#10308,#10309,#10310,#10311,#10312,#10313,#10314,#10315,
    #10316,#10317,#10318,#10319,#10320,#10321,#10322,#10323,#10324,
    #10325,#10326,#10327,#10328,#10329,#10330,#10331,#10332,#10333,
    #10334,#10335,#10336,#10337,#10338,#10339,#10340,#10341,#10342,
    #10343,#10344,#10345),.UNSPECIFIED.,.F.,.F.,(4,3,3,3,3,3,3,3,3,3,3,3
    ,3,3,4),(1.07772384532E-09,2.422776227437E-04,4.767571193699E-04,
    6.998116373743E-04,8.659081371636E-04,9.1549E-04,1.023819480227E-03,
    1.14744723465E-03,1.281121212106E-03,1.373235E-03,1.481211525697E-03
    ,1.577103972451E-03,1.6679451961E-03,1.752079226962E-03,
    1.830979930422E-03),.UNSPECIFIED.);
#10303 = CARTESIAN_POINT('',(6.382667513482,8.055753483839));
#10304 = CARTESIAN_POINT('',(6.302298780148,8.046224768919));
#10305 = CARTESIAN_POINT('',(6.221225123139,8.038690405061));
#10306 = CARTESIAN_POINT('',(6.13996529853,8.033440927415));
#10307 = CARTESIAN_POINT('',(6.061320612686,8.028360390726));
#10308 = CARTESIAN_POINT('',(5.982502338541,8.025420369245));
#10309 = CARTESIAN_POINT('',(5.903984294619,8.02483711551));
#10310 = CARTESIAN_POINT('',(5.829292030716,8.024282280727));
#10311 = CARTESIAN_POINT('',(5.754872058248,8.025860199385));
#10312 = CARTESIAN_POINT('',(5.681125631642,8.029711219556));
#10313 = CARTESIAN_POINT('',(5.626210701243,8.032578863649));
#10314 = CARTESIAN_POINT('',(5.571669168128,8.036706040469));
#10315 = CARTESIAN_POINT('',(5.517661224462,8.04213258067));
#10316 = CARTESIAN_POINT('',(5.501539184213,8.043752470146));
#10317 = CARTESIAN_POINT('',(5.485265281926,8.045492771308));
#10318 = CARTESIAN_POINT('',(5.468864861446,8.047361068209));
#10319 = CARTESIAN_POINT('',(5.433032221757,8.051443037311));
#10320 = CARTESIAN_POINT('',(5.397147066782,8.056072990775));
#10321 = CARTESIAN_POINT('',(5.361339186114,8.061295684295));
#10322 = CARTESIAN_POINT('',(5.320474521497,8.067255925871));
#10323 = CARTESIAN_POINT('',(5.279709746248,8.073987211443));
#10324 = CARTESIAN_POINT('',(5.239172475376,8.081574295207));
#10325 = CARTESIAN_POINT('',(5.195341069896,8.089777919618));
#10326 = CARTESIAN_POINT('',(5.151773248448,8.098980755265));
#10327 = CARTESIAN_POINT('',(5.108585171904,8.109328232897));
#10328 = CARTESIAN_POINT('',(5.07882457528,8.116458606198));
#10329 = CARTESIAN_POINT('',(5.049243316797,8.124133322717));
#10330 = CARTESIAN_POINT('',(5.019878219792,8.132414480297));
#10331 = CARTESIAN_POINT('',(4.985456216052,8.142121720056));
#10332 = CARTESIAN_POINT('',(4.951398828478,8.152640721232));
#10333 = CARTESIAN_POINT('',(4.917703563066,8.164114325624));
#10334 = CARTESIAN_POINT('',(4.887779267729,8.174303873688));
#10335 = CARTESIAN_POINT('',(4.858139978763,8.185246566194));
#10336 = CARTESIAN_POINT('',(4.828809576542,8.197074316665));
#10337 = CARTESIAN_POINT('',(4.801024180319,8.208279029467));
#10338 = CARTESIAN_POINT('',(4.773515413693,8.220277940729));
#10339 = CARTESIAN_POINT('',(4.746336168684,8.233212848911));
#10340 = CARTESIAN_POINT('',(4.721163682597,8.245192717968));
#10341 = CARTESIAN_POINT('',(4.696273596279,8.257975519941));
#10342 = CARTESIAN_POINT('',(4.671742043814,8.271699995918));
#10343 = CARTESIAN_POINT('',(4.64873640951,8.284570778384));
#10344 = CARTESIAN_POINT('',(4.626045881129,8.298269737592));
#10345 = CARTESIAN_POINT('',(4.603767712229,8.312934824248));
#10346 = ( GEOMETRIC_REPRESENTATION_CONTEXT(2) 
PARAMETRIC_REPRESENTATION_CONTEXT() REPRESENTATION_CONTEXT('2D SPACE',''
  ) );
#10347 = ORIENTED_EDGE('',*,*,#10132,.F.);
#10348 = ORIENTED_EDGE('',*,*,#796,.T.);
#10349 = ADVANCED_FACE('',(#10350),#753,.T.);
#10350 = FACE_BOUND('',#10351,.T.);
#10351 = EDGE_LOOP('',(#10352,#10377,#10402,#10403));
#10352 = ORIENTED_EDGE('',*,*,#10353,.T.);
#10353 = EDGE_CURVE('',#672,#10354,#10356,.T.);
#10354 = VERTEX_POINT('',#10355);
#10355 = CARTESIAN_POINT('',(-6.579989310544,41.601622919792,
    -4.399999989217));
#10356 = SURFACE_CURVE('',#10357,(#10364,#10371),.PCURVE_S1.);
#10357 = B_SPLINE_CURVE_WITH_KNOTS('',3,(#10358,#10359,#10360,#10361,
    #10362,#10363),.UNSPECIFIED.,.F.,.F.,(4,2,4),(5.788069984799E-09,0.5
    ,0.625000003794),.UNSPECIFIED.);
#10358 = CARTESIAN_POINT('',(-4.406147482925,44.089154485819,
    -9.399999953695));
#10359 = CARTESIAN_POINT('',(-5.123852092425,43.565647647896,
    -8.06666663613));
#10360 = CARTESIAN_POINT('',(-5.746902727678,42.913267060427,
    -6.733333317565));
#10361 = CARTESIAN_POINT('',(-6.36001990595,41.987549060155,
    -5.066666657884));
#10362 = CARTESIAN_POINT('',(-6.47433555799,41.796928039029,
    -4.733333314767));
#10363 = CARTESIAN_POINT('',(-6.579989257191,41.601622902466,
    -4.399999972651));
#10364 = PCURVE('',#753,#10365);
#10365 = DEFINITIONAL_REPRESENTATION('',(#10366),#10370);
#10366 = LINE('',#10367,#10368);
#10367 = CARTESIAN_POINT('',(0.999999457481,7.281487598262E-12));
#10368 = VECTOR('',#10369,1.);
#10369 = DIRECTION('',(5.317047033011E-08,1.));
#10370 = ( GEOMETRIC_REPRESENTATION_CONTEXT(2) 
PARAMETRIC_REPRESENTATION_CONTEXT() REPRESENTATION_CONTEXT('2D SPACE',''
  ) );
#10371 = PCURVE('',#693,#10372);
#10372 = DEFINITIONAL_REPRESENTATION('',(#10373),#10376);
#10373 = B_SPLINE_CURVE_WITH_KNOTS('',1,(#10374,#10375),.UNSPECIFIED.,
  .F.,.F.,(2,2),(5.788069984799E-09,0.625000003794),
  .PIECEWISE_BEZIER_KNOTS.);
#10374 = CARTESIAN_POINT('',(-1.43527555767E-07,2.894034877451E-09));
#10375 = CARTESIAN_POINT('',(-1.829999963719E-07,0.625000003794));
#10376 = ( GEOMETRIC_REPRESENTATION_CONTEXT(2) 
PARAMETRIC_REPRESENTATION_CONTEXT() REPRESENTATION_CONTEXT('2D SPACE',''
  ) );
#10377 = ORIENTED_EDGE('',*,*,#10378,.T.);
#10378 = EDGE_CURVE('',#10354,#10209,#10379,.T.);
#10379 = SURFACE_CURVE('',#10380,(#10385,#10391),.PCURVE_S1.);
#10380 = CIRCLE('',#10381,7.499942408821);
#10381 = AXIS2_PLACEMENT_3D('',#10382,#10383,#10384);
#10382 = CARTESIAN_POINT('',(1.55822476273E-02,38.031248831682,
    -4.400005394085));
#10383 = DIRECTION('',(-6.234621759699E-07,3.590648121196E-07,-1.));
#10384 = DIRECTION('',(-0.85310641521,0.52173694936,7.192169616585E-07)
  );
#10385 = PCURVE('',#753,#10386);
#10386 = DEFINITIONAL_REPRESENTATION('',(#10387),#10390);
#10387 = B_SPLINE_CURVE_WITH_KNOTS('',1,(#10388,#10389),.UNSPECIFIED.,
  .F.,.F.,(2,2),(6.230461232234,6.283185406429),
  .PIECEWISE_BEZIER_KNOTS.);
#10388 = CARTESIAN_POINT('',(0.999999562536,0.625000000375));
#10389 = CARTESIAN_POINT('',(-1.94644883932E-06,0.625000000375));
#10390 = ( GEOMETRIC_REPRESENTATION_CONTEXT(2) 
PARAMETRIC_REPRESENTATION_CONTEXT() REPRESENTATION_CONTEXT('2D SPACE',''
  ) );
#10391 = PCURVE('',#94,#10392);
#10392 = DEFINITIONAL_REPRESENTATION('',(#10393),#10401);
#10393 = ( BOUNDED_CURVE() B_SPLINE_CURVE(2,(#10394,#10395,#10396,#10397
    ,#10398,#10399,#10400),.UNSPECIFIED.,.T.,.F.) 
B_SPLINE_CURVE_WITH_KNOTS((1,2,2,2,2,1),(-2.094395102393,0.,
    2.094395102393,4.188790204786,6.28318530718,8.377580409573),
.UNSPECIFIED.) CURVE() GEOMETRIC_REPRESENTATION_ITEM() 
RATIONAL_B_SPLINE_CURVE((1.,0.5,1.,0.5,1.,0.5,1.)) REPRESENTATION_ITEM(
  '') );
#10394 = CARTESIAN_POINT('',(6.382667897042,8.055754126566));
#10395 = CARTESIAN_POINT('',(-0.394841842834,-3.026338190893));
#10396 = CARTESIAN_POINT('',(-6.6034604469,8.384203576966));
#10397 = CARTESIAN_POINT('',(-12.81207905096,19.794745344824));
#10398 = CARTESIAN_POINT('',(0.174049292976,19.466295894424));
#10399 = CARTESIAN_POINT('',(13.160177636918,19.137846444024));
#10400 = CARTESIAN_POINT('',(6.382667897042,8.055754126566));
#10401 = ( GEOMETRIC_REPRESENTATION_CONTEXT(2) 
PARAMETRIC_REPRESENTATION_CONTEXT() REPRESENTATION_CONTEXT('2D SPACE',''
  ) );
#10402 = ORIENTED_EDGE('',*,*,#10208,.F.);
#10403 = ORIENTED_EDGE('',*,*,#736,.T.);
#10404 = ADVANCED_FACE('',(#10405),#693,.T.);
#10405 = FACE_BOUND('',#10406,.T.);
#10406 = EDGE_LOOP('',(#10407,#10432,#10485,#10486));
#10407 = ORIENTED_EDGE('',*,*,#10408,.T.);
#10408 = EDGE_CURVE('',#613,#10409,#10411,.T.);
#10409 = VERTEX_POINT('',#10410);
#10410 = CARTESIAN_POINT('',(-5.464777641999,40.192033622153,-4.4));
#10411 = SURFACE_CURVE('',#10412,(#10419,#10426),.PCURVE_S1.);
#10412 = B_SPLINE_CURVE_WITH_KNOTS('',3,(#10413,#10414,#10415,#10416,
    #10417,#10418),.UNSPECIFIED.,.F.,.F.,(4,2,4),(0.,0.5,0.625),
  .UNSPECIFIED.);
#10413 = CARTESIAN_POINT('',(-4.004760735,42.33713517,-9.4));
#10414 = CARTESIAN_POINT('',(-4.514930069,41.861104301,-8.066666667));
#10415 = CARTESIAN_POINT('',(-4.939113794,41.293527025,-6.733333333));
#10416 = CARTESIAN_POINT('',(-5.329722484,40.513750351,-5.066666667));
#10417 = CARTESIAN_POINT('',(-5.400848534,40.35430899,-4.733333333));
#10418 = CARTESIAN_POINT('',(-5.464777693,40.192033655,-4.4));
#10419 = PCURVE('',#693,#10420);
#10420 = DEFINITIONAL_REPRESENTATION('',(#10421),#10425);
#10421 = LINE('',#10422,#10423);
#10422 = CARTESIAN_POINT('',(1.,-3.905530331676E-16));
#10423 = VECTOR('',#10424,1.);
#10424 = DIRECTION('',(-1.505402024445E-10,1.));
#10425 = ( GEOMETRIC_REPRESENTATION_CONTEXT(2) 
PARAMETRIC_REPRESENTATION_CONTEXT() REPRESENTATION_CONTEXT('2D SPACE',''
  ) );
#10426 = PCURVE('',#628,#10427);
#10427 = DEFINITIONAL_REPRESENTATION('',(#10428),#10431);
#10428 = B_SPLINE_CURVE_WITH_KNOTS('',1,(#10429,#10430),.UNSPECIFIED.,
  .F.,.F.,(2,2),(0.,0.625),.PIECEWISE_BEZIER_KNOTS.);
#10429 = CARTESIAN_POINT('',(3.309554568361E-14,1.181348629378E-15));
#10430 = CARTESIAN_POINT('',(-1.444521541206E-06,0.624999998212));
#10431 = ( GEOMETRIC_REPRESENTATION_CONTEXT(2) 
PARAMETRIC_REPRESENTATION_CONTEXT() REPRESENTATION_CONTEXT('2D SPACE',''
  ) );
#10432 = ORIENTED_EDGE('',*,*,#10433,.T.);
#10433 = EDGE_CURVE('',#10409,#10354,#10434,.T.);
#10434 = SURFACE_CURVE('',#10435,(#10444,#10473),.PCURVE_S1.);
#10435 = B_SPLINE_CURVE_WITH_KNOTS('',3,(#10436,#10437,#10438,#10439,
    #10440,#10441,#10442,#10443),.UNSPECIFIED.,.F.,.F.,(4,2,2,4),(0.,
    4.466541499263E-02,9.029353067169E-02,0.144528635069),
  .UNSPECIFIED.);
#10436 = CARTESIAN_POINT('',(-5.464777693164,40.192033654275,-4.4));
#10437 = CARTESIAN_POINT('',(-5.597987134385,40.258531049857,-4.4));
#10438 = CARTESIAN_POINT('',(-5.720727227192,40.355895956569,-4.4));
#10439 = CARTESIAN_POINT('',(-5.936961062107,40.565120484027,-4.4));
#10440 = CARTESIAN_POINT('',(-6.038316026581,40.685522912881,-4.4));
#10441 = CARTESIAN_POINT('',(-6.236797777037,40.952563516656,-4.4));
#10442 = CARTESIAN_POINT('',(-6.409997441773,41.208091069374,-4.4));
#10443 = CARTESIAN_POINT('',(-6.579989248523,41.60162291849,-4.4));
#10444 = PCURVE('',#693,#10445);
#10445 = DEFINITIONAL_REPRESENTATION('',(#10446),#10472);
#10446 = B_SPLINE_CURVE_WITH_KNOTS('',3,(#10447,#10448,#10449,#10450,
    #10451,#10452,#10453,#10454,#10455,#10456,#10457,#10458,#10459,
    #10460,#10461,#10462,#10463,#10464,#10465,#10466,#10467,#10468,
    #10469,#10470,#10471),.UNSPECIFIED.,.F.,.F.,(4,1,1,1,1,1,1,1,1,1,1,1
    ,1,1,1,1,1,1,1,1,1,1,4),(0.,6.569483412222E-03,1.313896682444E-02,
    1.970845023667E-02,2.627793364889E-02,3.284741706111E-02,
    3.941690047333E-02,4.598638388555E-02,5.255586729777E-02,
    5.912535071E-02,6.569483412222E-02,7.226431753444E-02,
    7.883380094666E-02,8.540328435888E-02,9.197276777111E-02,
    9.854225118333E-02,0.105111734596,0.111681218008,0.11825070142,
    0.124820184832,0.131389668244,0.137959151657,0.144528635069),
  .QUASI_UNIFORM_KNOTS.);
#10447 = CARTESIAN_POINT('',(1.,0.625000000375));
#10448 = CARTESIAN_POINT('',(0.987422120078,0.624999996594));
#10449 = CARTESIAN_POINT('',(0.962353602985,0.624999977608));
#10450 = CARTESIAN_POINT('',(0.925050840464,0.624999941301));
#10451 = CARTESIAN_POINT('',(0.888085707909,0.624999937279));
#10452 = CARTESIAN_POINT('',(0.851498160242,0.624999957812));
#10453 = CARTESIAN_POINT('',(0.815350883603,0.624999985533));
#10454 = CARTESIAN_POINT('',(0.779650811168,0.625000000563));
#10455 = CARTESIAN_POINT('',(0.744650097689,0.625000001748));
#10456 = CARTESIAN_POINT('',(0.709633325931,0.624999992594));
#10457 = CARTESIAN_POINT('',(0.674372612676,0.624999983818));
#10458 = CARTESIAN_POINT('',(0.638904402959,0.624999986531));
#10459 = CARTESIAN_POINT('',(0.603151124958,0.624999980408));
#10460 = CARTESIAN_POINT('',(0.56719305005,0.625000031162));
#10461 = CARTESIAN_POINT('',(0.530549878741,0.624999872089));
#10462 = CARTESIAN_POINT('',(0.494769731533,0.625000479908));
#10463 = CARTESIAN_POINT('',(0.452458116925,0.624998050575));
#10464 = CARTESIAN_POINT('',(0.404107488731,0.624998532867));
#10465 = CARTESIAN_POINT('',(0.350088345297,0.624999198643));
#10466 = CARTESIAN_POINT('',(0.290566385256,0.62499968226));
#10467 = CARTESIAN_POINT('',(0.225736800363,0.624999882762));
#10468 = CARTESIAN_POINT('',(0.155754407336,0.62499995971));
#10469 = CARTESIAN_POINT('',(8.075098158385E-02,0.624999999564));
#10470 = CARTESIAN_POINT('',(2.745519471979E-02,0.625000001464));
#10471 = CARTESIAN_POINT('',(-1.83E-07,0.625000000375));
#10472 = ( GEOMETRIC_REPRESENTATION_CONTEXT(2) 
PARAMETRIC_REPRESENTATION_CONTEXT() REPRESENTATION_CONTEXT('2D SPACE',''
  ) );
#10473 = PCURVE('',#94,#10474);
#10474 = DEFINITIONAL_REPRESENTATION('',(#10475),#10484);
#10475 = B_SPLINE_CURVE_WITH_KNOTS('',3,(#10476,#10477,#10478,#10479,
    #10480,#10481,#10482,#10483),.UNSPECIFIED.,.F.,.F.,(4,2,2,4),(0.,
    4.466541499263E-02,9.029353067169E-02,0.144528635069),
  .UNSPECIFIED.);
#10476 = CARTESIAN_POINT('',(5.464778855164,9.807966376725));
#10477 = CARTESIAN_POINT('',(5.597988296385,9.741468981143));
#10478 = CARTESIAN_POINT('',(5.720728389192,9.644104074431));
#10479 = CARTESIAN_POINT('',(5.936962224107,9.434879546973));
#10480 = CARTESIAN_POINT('',(6.038317188581,9.314477118119));
#10481 = CARTESIAN_POINT('',(6.236798939037,9.047436514344));
#10482 = CARTESIAN_POINT('',(6.409998603773,8.791908961626));
#10483 = CARTESIAN_POINT('',(6.579990410523,8.39837711251));
#10484 = ( GEOMETRIC_REPRESENTATION_CONTEXT(2) 
PARAMETRIC_REPRESENTATION_CONTEXT() REPRESENTATION_CONTEXT('2D SPACE',''
  ) );
#10485 = ORIENTED_EDGE('',*,*,#10353,.F.);
#10486 = ORIENTED_EDGE('',*,*,#671,.T.);
#10487 = ADVANCED_FACE('',(#10488),#628,.T.);
#10488 = FACE_BOUND('',#10489,.T.);
#10489 = EDGE_LOOP('',(#10490,#10516,#10536,#10537));
#10490 = ORIENTED_EDGE('',*,*,#10491,.T.);
#10491 = EDGE_CURVE('',#584,#10492,#10494,.T.);
#10492 = VERTEX_POINT('',#10493);
#10493 = CARTESIAN_POINT('',(-4.868491813,39.9569313,-4.4));
#10494 = SURFACE_CURVE('',#10495,(#10504,#10510),.PCURVE_S1.);
#10495 = B_SPLINE_CURVE_WITH_KNOTS('',3,(#10496,#10497,#10498,#10499,
    #10500,#10501,#10502,#10503),.UNSPECIFIED.,.F.,.F.,(4,2,2,4),(
    -0.552035385861,-0.27593927872,-0.137971461001,-1.00000000558E-06),
  .UNSPECIFIED.);
#10496 = CARTESIAN_POINT('',(-3.567306029087,41.868610709548,
    -9.39999999984));
#10497 = CARTESIAN_POINT('',(-3.851632401419,41.603139170907,
    -8.565931525971));
#10498 = CARTESIAN_POINT('',(-4.105556180482,41.306906433414,
    -7.734297240057));
#10499 = CARTESIAN_POINT('',(-4.43378104105,40.824700930377,
    -6.483398868802));
#10500 = CARTESIAN_POINT('',(-4.534140806251,40.658077590216,
    -6.066901163905));
#10501 = CARTESIAN_POINT('',(-4.715921802521,40.314465916934,
    -5.233286727798));
#10502 = CARTESIAN_POINT('',(-4.797199392956,40.137748893822,
    -4.816813321078));
#10503 = CARTESIAN_POINT('',(-4.868491812918,39.95693129977,
    -4.400000000086));
#10504 = PCURVE('',#628,#10505);
#10505 = DEFINITIONAL_REPRESENTATION('',(#10506),#10509);
#10506 = B_SPLINE_CURVE_WITH_KNOTS('',1,(#10507,#10508),.UNSPECIFIED.,
  .F.,.F.,(2,2),(-0.552035385861,-1.00000000558E-06),
  .PIECEWISE_BEZIER_KNOTS.);
#10507 = CARTESIAN_POINT('',(0.865047346097,2.001430405609E-11));
#10508 = CARTESIAN_POINT('',(0.864996550273,0.624999999989));
#10509 = ( GEOMETRIC_REPRESENTATION_CONTEXT(2) 
PARAMETRIC_REPRESENTATION_CONTEXT() REPRESENTATION_CONTEXT('2D SPACE',''
  ) );
#10510 = PCURVE('',#600,#10511);
#10511 = DEFINITIONAL_REPRESENTATION('',(#10512),#10515);
#10512 = B_SPLINE_CURVE_WITH_KNOTS('',1,(#10513,#10514),.UNSPECIFIED.,
  .F.,.F.,(2,2),(-0.552035385861,-1.00000000558E-06),
  .PIECEWISE_BEZIER_KNOTS.);
#10513 = CARTESIAN_POINT('',(5.946823038617,1.601208055035E-10));
#10514 = CARTESIAN_POINT('',(6.390937878538,4.999999999914));
#10515 = ( GEOMETRIC_REPRESENTATION_CONTEXT(2) 
PARAMETRIC_REPRESENTATION_CONTEXT() REPRESENTATION_CONTEXT('2D SPACE',''
  ) );
#10516 = ORIENTED_EDGE('',*,*,#10517,.T.);
#10517 = EDGE_CURVE('',#10492,#10409,#10518,.T.);
#10518 = SURFACE_CURVE('',#10519,(#10523,#10529),.PCURVE_S1.);
#10519 = LINE('',#10520,#10521);
#10520 = CARTESIAN_POINT('',(-4.868491812981,39.956931300048,-4.4));
#10521 = VECTOR('',#10522,1.);
#10522 = DIRECTION('',(-0.930300976605,0.366797073228,0.));
#10523 = PCURVE('',#628,#10524);
#10524 = DEFINITIONAL_REPRESENTATION('',(#10525),#10528);
#10525 = B_SPLINE_CURVE_WITH_KNOTS('',1,(#10526,#10527),.UNSPECIFIED.,
  .F.,.F.,(2,2),(-6.030064288084E-15,0.640960132728),
  .PIECEWISE_BEZIER_KNOTS.);
#10526 = CARTESIAN_POINT('',(0.864996550056,0.624999999987));
#10527 = CARTESIAN_POINT('',(-1.364233115311E-06,0.625));
#10528 = ( GEOMETRIC_REPRESENTATION_CONTEXT(2) 
PARAMETRIC_REPRESENTATION_CONTEXT() REPRESENTATION_CONTEXT('2D SPACE',''
  ) );
#10529 = PCURVE('',#94,#10530);
#10530 = DEFINITIONAL_REPRESENTATION('',(#10531),#10535);
#10531 = LINE('',#10532,#10533);
#10532 = CARTESIAN_POINT('',(4.868492974981,10.043068730952));
#10533 = VECTOR('',#10534,1.);
#10534 = DIRECTION('',(0.930300976605,-0.366797073228));
#10535 = ( GEOMETRIC_REPRESENTATION_CONTEXT(2) 
PARAMETRIC_REPRESENTATION_CONTEXT() REPRESENTATION_CONTEXT('2D SPACE',''
  ) );
#10536 = ORIENTED_EDGE('',*,*,#10408,.F.);
#10537 = ORIENTED_EDGE('',*,*,#612,.T.);
#10538 = ADVANCED_FACE('',(#10539),#1017,.T.);
#10539 = FACE_BOUND('',#10540,.T.);
#10540 = EDGE_LOOP('',(#10541,#10542,#10570,#10594));
#10541 = ORIENTED_EDGE('',*,*,#10180,.T.);
#10542 = ORIENTED_EDGE('',*,*,#10543,.T.);
#10543 = EDGE_CURVE('',#10159,#10544,#10546,.T.);
#10544 = VERTEX_POINT('',#10545);
#10545 = CARTESIAN_POINT('',(-3.414139045613,42.006100686517,
    -4.400000000078));
#10546 = SURFACE_CURVE('',#10547,(#10552,#10559),.PCURVE_S1.);
#10547 = CIRCLE('',#10548,5.25);
#10548 = AXIS2_PLACEMENT_3D('',#10549,#10550,#10551);
#10549 = CARTESIAN_POINT('',(1.5587882E-02,38.031245569,-4.4));
#10550 = DIRECTION('',(0.,0.,-1.));
#10551 = DIRECTION('',(-1.,0.,0.));
#10552 = PCURVE('',#1017,#10553);
#10553 = DEFINITIONAL_REPRESENTATION('',(#10554),#10558);
#10554 = LINE('',#10555,#10556);
#10555 = CARTESIAN_POINT('',(6.766501883858,5.));
#10556 = VECTOR('',#10557,1.);
#10557 = DIRECTION('',(-1.,0.));
#10558 = ( GEOMETRIC_REPRESENTATION_CONTEXT(2) 
PARAMETRIC_REPRESENTATION_CONTEXT() REPRESENTATION_CONTEXT('2D SPACE',''
  ) );
#10559 = PCURVE('',#94,#10560);
#10560 = DEFINITIONAL_REPRESENTATION('',(#10561),#10569);
#10561 = ( BOUNDED_CURVE() B_SPLINE_CURVE(2,(#10562,#10563,#10564,#10565
    ,#10566,#10567,#10568),.UNSPECIFIED.,.T.,.F.) 
B_SPLINE_CURVE_WITH_KNOTS((1,2,2,2,2,1),(-2.094395102393,0.,
    2.094395102393,4.188790204786,6.28318530718,8.377580409573),
.UNSPECIFIED.) CURVE() GEOMETRIC_REPRESENTATION_ITEM() 
RATIONAL_B_SPLINE_CURVE((1.,0.5,1.,0.5,1.,0.5,1.)) REPRESENTATION_ITEM(
  '') );
#10562 = CARTESIAN_POINT('',(5.23441328,11.968754462));
#10563 = CARTESIAN_POINT('',(5.23441328,2.875487722263));
#10564 = CARTESIAN_POINT('',(-2.64058672,7.422121092132));
#10565 = CARTESIAN_POINT('',(-10.51558672,11.968754462));
#10566 = CARTESIAN_POINT('',(-2.64058672,16.515387831868));
#10567 = CARTESIAN_POINT('',(5.23441328,21.062021201737));
#10568 = CARTESIAN_POINT('',(5.23441328,11.968754462));
#10569 = ( GEOMETRIC_REPRESENTATION_CONTEXT(2) 
PARAMETRIC_REPRESENTATION_CONTEXT() REPRESENTATION_CONTEXT('2D SPACE',''
  ) );
#10570 = ORIENTED_EDGE('',*,*,#10571,.T.);
#10571 = EDGE_CURVE('',#10544,#1001,#10572,.T.);
#10572 = SURFACE_CURVE('',#10573,(#10582,#10588),.PCURVE_S1.);
#10573 = B_SPLINE_CURVE_WITH_KNOTS('',3,(#10574,#10575,#10576,#10577,
    #10578,#10579,#10580,#10581),.UNSPECIFIED.,.F.,.F.,(4,2,2,4),(0.,
    0.137957571501,0.27591248098,0.552034486963),.UNSPECIFIED.);
#10574 = CARTESIAN_POINT('',(-3.414139045067,42.00610068658,-4.4));
#10575 = CARTESIAN_POINT('',(-3.266996934213,42.133063115341,
    -4.816772895995));
#10576 = CARTESIAN_POINT('',(-3.112916957442,42.25175847361,
    -5.233214988021));
#10577 = CARTESIAN_POINT('',(-2.79230694951,42.471515478128,
    -6.066748487126));
#10578 = CARTESIAN_POINT('',(-2.626026826639,42.572406328681,
    -6.483205911321));
#10579 = CARTESIAN_POINT('',(-2.1112975813,42.846862657431,
    -7.734139034106));
#10580 = CARTESIAN_POINT('',(-1.748757729213,42.991177875352,
    -8.565856300275));
#10581 = CARTESIAN_POINT('',(-1.37359462136,43.094117478535,-9.4));
#10582 = PCURVE('',#1017,#10583);
#10583 = DEFINITIONAL_REPRESENTATION('',(#10584),#10587);
#10584 = B_SPLINE_CURVE_WITH_KNOTS('',1,(#10585,#10586),.UNSPECIFIED.,
  .F.,.F.,(2,2),(0.,0.552034486963),.PIECEWISE_BEZIER_KNOTS.);
#10585 = CARTESIAN_POINT('',(5.907615909842,5.));
#10586 = CARTESIAN_POINT('',(5.463501092092,0.));
#10587 = ( GEOMETRIC_REPRESENTATION_CONTEXT(2) 
PARAMETRIC_REPRESENTATION_CONTEXT() REPRESENTATION_CONTEXT('2D SPACE',''
  ) );
#10588 = PCURVE('',#1045,#10589);
#10589 = DEFINITIONAL_REPRESENTATION('',(#10590),#10593);
#10590 = B_SPLINE_CURVE_WITH_KNOTS('',1,(#10591,#10592),.UNSPECIFIED.,
  .F.,.F.,(2,2),(0.,0.552034486963),.PIECEWISE_BEZIER_KNOTS.);
#10591 = CARTESIAN_POINT('',(0.865001674096,0.625));
#10592 = CARTESIAN_POINT('',(0.8650473463,-1.89536052114E-17));
#10593 = ( GEOMETRIC_REPRESENTATION_CONTEXT(2) 
PARAMETRIC_REPRESENTATION_CONTEXT() REPRESENTATION_CONTEXT('2D SPACE',''
  ) );
#10594 = ORIENTED_EDGE('',*,*,#1000,.T.);
#10595 = ADVANCED_FACE('',(#10596),#600,.T.);
#10596 = FACE_BOUND('',#10597,.T.);
#10597 = EDGE_LOOP('',(#10598,#10624,#10650,#10651,#10652));
#10598 = ORIENTED_EDGE('',*,*,#10599,.T.);
#10599 = EDGE_CURVE('',#10600,#10602,#10604,.T.);
#10600 = VERTEX_POINT('',#10601);
#10601 = CARTESIAN_POINT('',(-4.633065349981,40.47102488869,
    -7.745524149727));
#10602 = VERTEX_POINT('',#10603);
#10603 = CARTESIAN_POINT('',(-5.143702354438,39.002957593519,-4.4));
#10604 = SURFACE_CURVE('',#10605,(#10612,#10618),.PCURVE_S1.);
#10605 = B_SPLINE_CURVE_WITH_KNOTS('',3,(#10606,#10607,#10608,#10609,
    #10610,#10611),.UNSPECIFIED.,.F.,.F.,(4,2,4),(1.946901639044E-06,
    0.184611488554,0.369226662659),.UNSPECIFIED.);
#10606 = CARTESIAN_POINT('',(-4.633065349981,40.47102488869,
    -7.745524149727));
#10607 = CARTESIAN_POINT('',(-4.753924335724,40.240745244072,
    -7.18781578248));
#10608 = CARTESIAN_POINT('',(-4.857516308667,40.001808310358,
    -6.630877206667));
#10609 = CARTESIAN_POINT('',(-5.02848156608,39.510309294697,
    -5.51491799709));
#10610 = CARTESIAN_POINT('',(-5.095565776074,39.258538023957,
    -4.957726497055));
#10611 = CARTESIAN_POINT('',(-5.143702354157,39.002957593779,-4.4));
#10612 = PCURVE('',#600,#10613);
#10613 = DEFINITIONAL_REPRESENTATION('',(#10614),#10617);
#10614 = B_SPLINE_CURVE_WITH_KNOTS('',1,(#10615,#10616),.UNSPECIFIED.,
  .F.,.F.,(2,2),(1.946901639044E-06,0.369226662659),
  .PIECEWISE_BEZIER_KNOTS.);
#10615 = CARTESIAN_POINT('',(6.283183665878,1.654475850273));
#10616 = CARTESIAN_POINT('',(6.580340470278,5.));
#10617 = ( GEOMETRIC_REPRESENTATION_CONTEXT(2) 
PARAMETRIC_REPRESENTATION_CONTEXT() REPRESENTATION_CONTEXT('2D SPACE',''
  ) );
#10618 = PCURVE('',#552,#10619);
#10619 = DEFINITIONAL_REPRESENTATION('',(#10620),#10623);
#10620 = B_SPLINE_CURVE_WITH_KNOTS('',1,(#10621,#10622),.UNSPECIFIED.,
  .F.,.F.,(2,2),(1.946901639044E-06,0.369226662659),
  .PIECEWISE_BEZIER_KNOTS.);
#10621 = CARTESIAN_POINT('',(0.135074499845,0.206809481291));
#10622 = CARTESIAN_POINT('',(0.135003691347,0.625));
#10623 = ( GEOMETRIC_REPRESENTATION_CONTEXT(2) 
PARAMETRIC_REPRESENTATION_CONTEXT() REPRESENTATION_CONTEXT('2D SPACE',''
  ) );
#10624 = ORIENTED_EDGE('',*,*,#10625,.T.);
#10625 = EDGE_CURVE('',#10602,#10492,#10626,.T.);
#10626 = SURFACE_CURVE('',#10627,(#10632,#10639),.PCURVE_S1.);
#10627 = CIRCLE('',#10628,5.25);
#10628 = AXIS2_PLACEMENT_3D('',#10629,#10630,#10631);
#10629 = CARTESIAN_POINT('',(1.5587882E-02,38.031245569,-4.4));
#10630 = DIRECTION('',(0.,0.,-1.));
#10631 = DIRECTION('',(-1.,0.,0.));
#10632 = PCURVE('',#600,#10633);
#10633 = DEFINITIONAL_REPRESENTATION('',(#10634),#10638);
#10634 = LINE('',#10635,#10636);
#10635 = CARTESIAN_POINT('',(6.766501883858,5.));
#10636 = VECTOR('',#10637,1.);
#10637 = DIRECTION('',(-1.,0.));
#10638 = ( GEOMETRIC_REPRESENTATION_CONTEXT(2) 
PARAMETRIC_REPRESENTATION_CONTEXT() REPRESENTATION_CONTEXT('2D SPACE',''
  ) );
#10639 = PCURVE('',#94,#10640);
#10640 = DEFINITIONAL_REPRESENTATION('',(#10641),#10649);
#10641 = ( BOUNDED_CURVE() B_SPLINE_CURVE(2,(#10642,#10643,#10644,#10645
    ,#10646,#10647,#10648),.UNSPECIFIED.,.T.,.F.) 
B_SPLINE_CURVE_WITH_KNOTS((1,2,2,2,2,1),(-2.094395102393,0.,
    2.094395102393,4.188790204786,6.28318530718,8.377580409573),
.UNSPECIFIED.) CURVE() GEOMETRIC_REPRESENTATION_ITEM() 
RATIONAL_B_SPLINE_CURVE((1.,0.5,1.,0.5,1.,0.5,1.)) REPRESENTATION_ITEM(
  '') );
#10642 = CARTESIAN_POINT('',(5.23441328,11.968754462));
#10643 = CARTESIAN_POINT('',(5.23441328,2.875487722263));
#10644 = CARTESIAN_POINT('',(-2.64058672,7.422121092132));
#10645 = CARTESIAN_POINT('',(-10.51558672,11.968754462));
#10646 = CARTESIAN_POINT('',(-2.64058672,16.515387831868));
#10647 = CARTESIAN_POINT('',(5.23441328,21.062021201737));
#10648 = CARTESIAN_POINT('',(5.23441328,11.968754462));
#10649 = ( GEOMETRIC_REPRESENTATION_CONTEXT(2) 
PARAMETRIC_REPRESENTATION_CONTEXT() REPRESENTATION_CONTEXT('2D SPACE',''
  ) );
#10650 = ORIENTED_EDGE('',*,*,#10491,.F.);
#10651 = ORIENTED_EDGE('',*,*,#583,.T.);
#10652 = ORIENTED_EDGE('',*,*,#10653,.T.);
#10653 = EDGE_CURVE('',#537,#10600,#10654,.T.);
#10654 = SURFACE_CURVE('',#10655,(#10662,#10668),.PCURVE_S1.);
#10655 = B_SPLINE_CURVE_WITH_KNOTS('',3,(#10656,#10657,#10658,#10659,
    #10660,#10661),.UNSPECIFIED.,.F.,.F.,(4,2,4),(0.,9.129837003901E-02,
    0.182571436767),.UNSPECIFIED.);
#10656 = CARTESIAN_POINT('',(-4.225701916733,41.125427341805,-9.4));
#10657 = CARTESIAN_POINT('',(-4.301513100614,41.021510628299,
    -9.124193089553));
#10658 = CARTESIAN_POINT('',(-4.373475386495,40.914848524816,
    -8.848460231229));
#10659 = CARTESIAN_POINT('',(-4.509394497034,40.696497467587,
    -8.296909267267));
#10660 = CARTESIAN_POINT('',(-4.573311246442,40.584877852481,
    -8.021261723697));
#10661 = CARTESIAN_POINT('',(-4.633065349981,40.47102488869,
    -7.745524149727));
#10662 = PCURVE('',#600,#10663);
#10663 = DEFINITIONAL_REPRESENTATION('',(#10664),#10667);
#10664 = B_SPLINE_CURVE_WITH_KNOTS('',1,(#10665,#10666),.UNSPECIFIED.,
  .F.,.F.,(2,2),(0.,0.182571436767),.PIECEWISE_BEZIER_KNOTS.);
#10665 = CARTESIAN_POINT('',(6.13622562932,0.));
#10666 = CARTESIAN_POINT('',(6.283183665878,1.654475850273));
#10667 = ( GEOMETRIC_REPRESENTATION_CONTEXT(2) 
PARAMETRIC_REPRESENTATION_CONTEXT() REPRESENTATION_CONTEXT('2D SPACE',''
  ) );
#10668 = PCURVE('',#552,#10669);
#10669 = DEFINITIONAL_REPRESENTATION('',(#10670),#10673);
#10670 = B_SPLINE_CURVE_WITH_KNOTS('',1,(#10671,#10672),.UNSPECIFIED.,
  .F.,.F.,(2,2),(0.,0.182571436767),.PIECEWISE_BEZIER_KNOTS.);
#10671 = CARTESIAN_POINT('',(0.134952653554,-1.186825667508E-15));
#10672 = CARTESIAN_POINT('',(0.135074499845,0.206809481291));
#10673 = ( GEOMETRIC_REPRESENTATION_CONTEXT(2) 
PARAMETRIC_REPRESENTATION_CONTEXT() REPRESENTATION_CONTEXT('2D SPACE',''
  ) );
#10674 = ADVANCED_FACE('',(#10675),#1045,.T.);
#10675 = FACE_BOUND('',#10676,.T.);
#10676 = EDGE_LOOP('',(#10677,#10678,#10698,#10699));
#10677 = ORIENTED_EDGE('',*,*,#10571,.F.);
#10678 = ORIENTED_EDGE('',*,*,#10679,.T.);
#10679 = EDGE_CURVE('',#10544,#9997,#10680,.T.);
#10680 = SURFACE_CURVE('',#10681,(#10685,#10691),.PCURVE_S1.);
#10681 = LINE('',#10682,#10683);
#10682 = CARTESIAN_POINT('',(-3.414139046379,42.006100686673,
    -4.400000000233));
#10683 = VECTOR('',#10684,1.);
#10684 = DIRECTION('',(-0.653281485875,0.757115116883,3.640604728109E-10
    ));
#10685 = PCURVE('',#1045,#10686);
#10686 = DEFINITIONAL_REPRESENTATION('',(#10687),#10690);
#10687 = B_SPLINE_CURVE_WITH_KNOTS('',1,(#10688,#10689),.UNSPECIFIED.,
  .F.,.F.,(2,2),(-6.18350742522E-10,0.640961521701),
  .PIECEWISE_BEZIER_KNOTS.);
#10688 = CARTESIAN_POINT('',(0.865001673679,0.625000000021));
#10689 = CARTESIAN_POINT('',(2.580879190126E-06,0.625));
#10690 = ( GEOMETRIC_REPRESENTATION_CONTEXT(2) 
PARAMETRIC_REPRESENTATION_CONTEXT() REPRESENTATION_CONTEXT('2D SPACE',''
  ) );
#10691 = PCURVE('',#94,#10692);
#10692 = DEFINITIONAL_REPRESENTATION('',(#10693),#10697);
#10693 = LINE('',#10694,#10695);
#10694 = CARTESIAN_POINT('',(3.414140208379,7.993899344327));
#10695 = VECTOR('',#10696,1.);
#10696 = DIRECTION('',(0.653281485875,-0.757115116883));
#10697 = ( GEOMETRIC_REPRESENTATION_CONTEXT(2) 
PARAMETRIC_REPRESENTATION_CONTEXT() REPRESENTATION_CONTEXT('2D SPACE',''
  ) );
#10698 = ORIENTED_EDGE('',*,*,#9996,.F.);
#10699 = ORIENTED_EDGE('',*,*,#1029,.T.);
#10700 = ADVANCED_FACE('',(#10701),#1435,.T.);
#10701 = FACE_BOUND('',#10702,.T.);
#10702 = EDGE_LOOP('',(#10703,#10704,#10732,#10756));
#10703 = ORIENTED_EDGE('',*,*,#9829,.T.);
#10704 = ORIENTED_EDGE('',*,*,#10705,.T.);
#10705 = EDGE_CURVE('',#9808,#10706,#10708,.T.);
#10706 = VERTEX_POINT('',#10707);
#10707 = CARTESIAN_POINT('',(-1.174077324,43.144678535,-4.4));
#10708 = SURFACE_CURVE('',#10709,(#10714,#10721),.PCURVE_S1.);
#10709 = CIRCLE('',#10710,5.25);
#10710 = AXIS2_PLACEMENT_3D('',#10711,#10712,#10713);
#10711 = CARTESIAN_POINT('',(1.5587882E-02,38.031245569,-4.4));
#10712 = DIRECTION('',(0.,0.,-1.));
#10713 = DIRECTION('',(-1.,0.,0.));
#10714 = PCURVE('',#1435,#10715);
#10715 = DEFINITIONAL_REPRESENTATION('',(#10716),#10720);
#10716 = LINE('',#10717,#10718);
#10717 = CARTESIAN_POINT('',(6.766501883858,5.));
#10718 = VECTOR('',#10719,1.);
#10719 = DIRECTION('',(-1.,0.));
#10720 = ( GEOMETRIC_REPRESENTATION_CONTEXT(2) 
PARAMETRIC_REPRESENTATION_CONTEXT() REPRESENTATION_CONTEXT('2D SPACE',''
  ) );
#10721 = PCURVE('',#94,#10722);
#10722 = DEFINITIONAL_REPRESENTATION('',(#10723),#10731);
#10723 = ( BOUNDED_CURVE() B_SPLINE_CURVE(2,(#10724,#10725,#10726,#10727
    ,#10728,#10729,#10730),.UNSPECIFIED.,.T.,.F.) 
B_SPLINE_CURVE_WITH_KNOTS((1,2,2,2,2,1),(-2.094395102393,0.,
    2.094395102393,4.188790204786,6.28318530718,8.377580409573),
.UNSPECIFIED.) CURVE() GEOMETRIC_REPRESENTATION_ITEM() 
RATIONAL_B_SPLINE_CURVE((1.,0.5,1.,0.5,1.,0.5,1.)) REPRESENTATION_ITEM(
  '') );
#10724 = CARTESIAN_POINT('',(5.23441328,11.968754462));
#10725 = CARTESIAN_POINT('',(5.23441328,2.875487722263));
#10726 = CARTESIAN_POINT('',(-2.64058672,7.422121092132));
#10727 = CARTESIAN_POINT('',(-10.51558672,11.968754462));
#10728 = CARTESIAN_POINT('',(-2.64058672,16.515387831868));
#10729 = CARTESIAN_POINT('',(5.23441328,21.062021201737));
#10730 = CARTESIAN_POINT('',(5.23441328,11.968754462));
#10731 = ( GEOMETRIC_REPRESENTATION_CONTEXT(2) 
PARAMETRIC_REPRESENTATION_CONTEXT() REPRESENTATION_CONTEXT('2D SPACE',''
  ) );
#10732 = ORIENTED_EDGE('',*,*,#10733,.T.);
#10733 = EDGE_CURVE('',#10706,#1419,#10734,.T.);
#10734 = SURFACE_CURVE('',#10735,(#10744,#10750),.PCURVE_S1.);
#10735 = B_SPLINE_CURVE_WITH_KNOTS('',3,(#10736,#10737,#10738,#10739,
    #10740,#10741,#10742,#10743),.UNSPECIFIED.,.F.,.F.,(4,2,2,4),(0.,
    0.137957565769,0.275912488525,0.552034441203),.UNSPECIFIED.);
#10736 = CARTESIAN_POINT('',(-1.174077323796,43.144678535033,-4.4));
#10737 = CARTESIAN_POINT('',(-0.984787031445,43.188717847977,
    -4.816772854807));
#10738 = CARTESIAN_POINT('',(-0.793195472265,43.222212839448,
    -5.233214957303));
#10739 = CARTESIAN_POINT('',(-0.407183166222,43.267803112895,
    -6.066748458786));
#10740 = CARTESIAN_POINT('',(-0.213063063563,43.279863299334,
    -6.483205794563));
#10741 = CARTESIAN_POINT('',(0.370253305352,43.283675687156,
    -7.734138757998));
#10742 = CARTESIAN_POINT('',(0.758332981266,43.242979788534,
    -8.5658564706));
#10743 = CARTESIAN_POINT('',(1.138361756987,43.159781307946,-9.4));
#10744 = PCURVE('',#1435,#10745);
#10745 = DEFINITIONAL_REPRESENTATION('',(#10746),#10749);
#10746 = B_SPLINE_CURVE_WITH_KNOTS('',1,(#10747,#10748),.UNSPECIFIED.,
  .F.,.F.,(2,2),(0.,0.552034441203),.PIECEWISE_BEZIER_KNOTS.);
#10747 = CARTESIAN_POINT('',(5.424293984753,5.));
#10748 = CARTESIAN_POINT('',(4.980179145412,0.));
#10749 = ( GEOMETRIC_REPRESENTATION_CONTEXT(2) 
PARAMETRIC_REPRESENTATION_CONTEXT() REPRESENTATION_CONTEXT('2D SPACE',''
  ) );
#10750 = PCURVE('',#1463,#10751);
#10751 = DEFINITIONAL_REPRESENTATION('',(#10752),#10755);
#10752 = B_SPLINE_CURVE_WITH_KNOTS('',1,(#10753,#10754),.UNSPECIFIED.,
  .F.,.F.,(2,2),(0.,0.552034441203),.PIECEWISE_BEZIER_KNOTS.);
#10753 = CARTESIAN_POINT('',(0.864996638152,0.625));
#10754 = CARTESIAN_POINT('',(0.865047345992,-6.926764041375E-17));
#10755 = ( GEOMETRIC_REPRESENTATION_CONTEXT(2) 
PARAMETRIC_REPRESENTATION_CONTEXT() REPRESENTATION_CONTEXT('2D SPACE',''
  ) );
#10756 = ORIENTED_EDGE('',*,*,#1418,.T.);
#10757 = ADVANCED_FACE('',(#10758),#1463,.T.);
#10758 = FACE_BOUND('',#10759,.T.);
#10759 = EDGE_LOOP('',(#10760,#10761,#10781,#10782));
#10760 = ORIENTED_EDGE('',*,*,#10733,.F.);
#10761 = ORIENTED_EDGE('',*,*,#10762,.T.);
#10762 = EDGE_CURVE('',#10706,#9647,#10763,.T.);
#10763 = SURFACE_CURVE('',#10764,(#10768,#10774),.PCURVE_S1.);
#10764 = LINE('',#10765,#10766);
#10765 = CARTESIAN_POINT('',(-1.174077324358,43.144678534917,
    -4.400000000171));
#10766 = VECTOR('',#10767,1.);
#10767 = DIRECTION('',(-0.226603113603,0.973987181079,2.671512144068E-10
    ));
#10768 = PCURVE('',#1463,#10769);
#10769 = DEFINITIONAL_REPRESENTATION('',(#10770),#10773);
#10770 = B_SPLINE_CURVE_WITH_KNOTS('',1,(#10771,#10772),.UNSPECIFIED.,
  .F.,.F.,(2,2),(-1.364884905133E-14,0.640958119956),
  .PIECEWISE_BEZIER_KNOTS.);
#10771 = CARTESIAN_POINT('',(0.864996638134,0.62500000001));
#10772 = CARTESIAN_POINT('',(1.452985430529E-06,0.625));
#10773 = ( GEOMETRIC_REPRESENTATION_CONTEXT(2) 
PARAMETRIC_REPRESENTATION_CONTEXT() REPRESENTATION_CONTEXT('2D SPACE',''
  ) );
#10774 = PCURVE('',#94,#10775);
#10775 = DEFINITIONAL_REPRESENTATION('',(#10776),#10780);
#10776 = LINE('',#10777,#10778);
#10777 = CARTESIAN_POINT('',(1.174078486358,6.855321496083));
#10778 = VECTOR('',#10779,1.);
#10779 = DIRECTION('',(0.226603113603,-0.973987181079));
#10780 = ( GEOMETRIC_REPRESENTATION_CONTEXT(2) 
PARAMETRIC_REPRESENTATION_CONTEXT() REPRESENTATION_CONTEXT('2D SPACE',''
  ) );
#10781 = ORIENTED_EDGE('',*,*,#9646,.F.);
#10782 = ORIENTED_EDGE('',*,*,#1447,.T.);
#10783 = ADVANCED_FACE('',(#10784),#1944,.T.);
#10784 = FACE_BOUND('',#10785,.T.);
#10785 = EDGE_LOOP('',(#10786,#10787,#10815,#10839));
#10786 = ORIENTED_EDGE('',*,*,#9432,.T.);
#10787 = ORIENTED_EDGE('',*,*,#10788,.T.);
#10788 = EDGE_CURVE('',#9411,#10789,#10791,.T.);
#10789 = VERTEX_POINT('',#10790);
#10790 = CARTESIAN_POINT('',(1.338522439,43.111830591,-4.4));
#10791 = SURFACE_CURVE('',#10792,(#10797,#10804),.PCURVE_S1.);
#10792 = CIRCLE('',#10793,5.25);
#10793 = AXIS2_PLACEMENT_3D('',#10794,#10795,#10796);
#10794 = CARTESIAN_POINT('',(1.5587882E-02,38.031245569,-4.4));
#10795 = DIRECTION('',(0.,0.,-1.));
#10796 = DIRECTION('',(-1.,0.,0.));
#10797 = PCURVE('',#1944,#10798);
#10798 = DEFINITIONAL_REPRESENTATION('',(#10799),#10803);
#10799 = LINE('',#10800,#10801);
#10800 = CARTESIAN_POINT('',(6.766501883858,5.));
#10801 = VECTOR('',#10802,1.);
#10802 = DIRECTION('',(-1.,0.));
#10803 = ( GEOMETRIC_REPRESENTATION_CONTEXT(2) 
PARAMETRIC_REPRESENTATION_CONTEXT() REPRESENTATION_CONTEXT('2D SPACE',''
  ) );
#10804 = PCURVE('',#94,#10805);
#10805 = DEFINITIONAL_REPRESENTATION('',(#10806),#10814);
#10806 = ( BOUNDED_CURVE() B_SPLINE_CURVE(2,(#10807,#10808,#10809,#10810
    ,#10811,#10812,#10813),.UNSPECIFIED.,.T.,.F.) 
B_SPLINE_CURVE_WITH_KNOTS((1,2,2,2,2,1),(-2.094395102393,0.,
    2.094395102393,4.188790204786,6.28318530718,8.377580409573),
.UNSPECIFIED.) CURVE() GEOMETRIC_REPRESENTATION_ITEM() 
RATIONAL_B_SPLINE_CURVE((1.,0.5,1.,0.5,1.,0.5,1.)) REPRESENTATION_ITEM(
  '') );
#10807 = CARTESIAN_POINT('',(5.23441328,11.968754462));
#10808 = CARTESIAN_POINT('',(5.23441328,2.875487722263));
#10809 = CARTESIAN_POINT('',(-2.64058672,7.422121092132));
#10810 = CARTESIAN_POINT('',(-10.51558672,11.968754462));
#10811 = CARTESIAN_POINT('',(-2.64058672,16.515387831868));
#10812 = CARTESIAN_POINT('',(5.23441328,21.062021201737));
#10813 = CARTESIAN_POINT('',(5.23441328,11.968754462));
#10814 = ( GEOMETRIC_REPRESENTATION_CONTEXT(2) 
PARAMETRIC_REPRESENTATION_CONTEXT() REPRESENTATION_CONTEXT('2D SPACE',''
  ) );
#10815 = ORIENTED_EDGE('',*,*,#10816,.T.);
#10816 = EDGE_CURVE('',#10789,#1928,#10817,.T.);
#10817 = SURFACE_CURVE('',#10818,(#10827,#10833),.PCURVE_S1.);
#10818 = B_SPLINE_CURVE_WITH_KNOTS('',3,(#10819,#10820,#10821,#10822,
    #10823,#10824,#10825,#10826),.UNSPECIFIED.,.F.,.F.,(4,2,2,4),(0.,
    0.137957565503,0.275912488924,0.552034438802),.UNSPECIFIED.);
#10819 = CARTESIAN_POINT('',(1.338522438681,43.111830590308,
    -4.400000000062));
#10820 = CARTESIAN_POINT('',(1.526596760294,43.062857879834,
    -4.816772852739));
#10821 = CARTESIAN_POINT('',(1.711808561399,43.003479184218,
    -5.233214955596));
#10822 = CARTESIAN_POINT('',(2.074792344053,42.864458501847,
    -6.066748457353));
#10823 = CARTESIAN_POINT('',(2.252281809128,42.784925155538,
    -6.48320578846));
#10824 = CARTESIAN_POINT('',(2.770554509384,42.517220222323,
    -7.734138743818));
#10825 = CARTESIAN_POINT('',(3.095269667381,42.300836176441,
    -8.565856479829));
#10826 = CARTESIAN_POINT('',(3.393104171804,42.050559404981,-9.4));
#10827 = PCURVE('',#1944,#10828);
#10828 = DEFINITIONAL_REPRESENTATION('',(#10829),#10832);
#10829 = B_SPLINE_CURVE_WITH_KNOTS('',1,(#10830,#10831),.UNSPECIFIED.,
  .F.,.F.,(2,2),(0.,0.552034438802),.PIECEWISE_BEZIER_KNOTS.);
#10830 = CARTESIAN_POINT('',(4.940972039295,4.999999999938));
#10831 = CARTESIAN_POINT('',(4.496857198654,0.));
#10832 = ( GEOMETRIC_REPRESENTATION_CONTEXT(2) 
PARAMETRIC_REPRESENTATION_CONTEXT() REPRESENTATION_CONTEXT('2D SPACE',''
  ) );
#10833 = PCURVE('',#1972,#10834);
#10834 = DEFINITIONAL_REPRESENTATION('',(#10835),#10838);
#10835 = B_SPLINE_CURVE_WITH_KNOTS('',1,(#10836,#10837),.UNSPECIFIED.,
  .F.,.F.,(2,2),(0.,0.552034438802),.PIECEWISE_BEZIER_KNOTS.);
#10836 = CARTESIAN_POINT('',(0.864996378277,0.624999999992));
#10837 = CARTESIAN_POINT('',(0.865047346149,9.979865144948E-17));
#10838 = ( GEOMETRIC_REPRESENTATION_CONTEXT(2) 
PARAMETRIC_REPRESENTATION_CONTEXT() REPRESENTATION_CONTEXT('2D SPACE',''
  ) );
#10839 = ORIENTED_EDGE('',*,*,#1927,.T.);
#10840 = ADVANCED_FACE('',(#10841),#1972,.T.);
#10841 = FACE_BOUND('',#10842,.T.);
#10842 = EDGE_LOOP('',(#10843,#10844,#10864,#10865));
#10843 = ORIENTED_EDGE('',*,*,#10816,.F.);
#10844 = ORIENTED_EDGE('',*,*,#10845,.T.);
#10845 = EDGE_CURVE('',#10789,#9303,#10846,.T.);
#10846 = SURFACE_CURVE('',#10847,(#10851,#10857),.PCURVE_S1.);
#10847 = LINE('',#10848,#10849);
#10848 = CARTESIAN_POINT('',(1.338522439013,43.111830590997,-4.4));
#10849 = VECTOR('',#10850,1.);
#10850 = DIRECTION('',(0.251987318537,0.967730536511,0.));
#10851 = PCURVE('',#1972,#10852);
#10852 = DEFINITIONAL_REPRESENTATION('',(#10853),#10856);
#10853 = B_SPLINE_CURVE_WITH_KNOTS('',1,(#10854,#10855),.UNSPECIFIED.,
  .F.,.F.,(2,2),(-3.496091096602E-14,0.640958340909),
  .PIECEWISE_BEZIER_KNOTS.);
#10854 = CARTESIAN_POINT('',(0.864996377265,0.624999999992));
#10855 = CARTESIAN_POINT('',(8.588684081375E-07,0.625));
#10856 = ( GEOMETRIC_REPRESENTATION_CONTEXT(2) 
PARAMETRIC_REPRESENTATION_CONTEXT() REPRESENTATION_CONTEXT('2D SPACE',''
  ) );
#10857 = PCURVE('',#94,#10858);
#10858 = DEFINITIONAL_REPRESENTATION('',(#10859),#10863);
#10859 = LINE('',#10860,#10861);
#10860 = CARTESIAN_POINT('',(-1.338521277013,6.888169440003));
#10861 = VECTOR('',#10862,1.);
#10862 = DIRECTION('',(-0.251987318537,-0.967730536511));
#10863 = ( GEOMETRIC_REPRESENTATION_CONTEXT(2) 
PARAMETRIC_REPRESENTATION_CONTEXT() REPRESENTATION_CONTEXT('2D SPACE',''
  ) );
#10864 = ORIENTED_EDGE('',*,*,#9302,.F.);
#10865 = ORIENTED_EDGE('',*,*,#1956,.T.);
#10866 = ADVANCED_FACE('',(#10867),#2356,.T.);
#10867 = FACE_BOUND('',#10868,.T.);
#10868 = EDGE_LOOP('',(#10869,#10870,#10898,#10922));
#10869 = ORIENTED_EDGE('',*,*,#9089,.T.);
#10870 = ORIENTED_EDGE('',*,*,#10871,.T.);
#10871 = EDGE_CURVE('',#9068,#10872,#10874,.T.);
#10872 = VERTEX_POINT('',#10873);
#10873 = CARTESIAN_POINT('',(3.548053958,41.915081743,-4.4));
#10874 = SURFACE_CURVE('',#10875,(#10880,#10887),.PCURVE_S1.);
#10875 = CIRCLE('',#10876,5.25);
#10876 = AXIS2_PLACEMENT_3D('',#10877,#10878,#10879);
#10877 = CARTESIAN_POINT('',(1.5587882E-02,38.031245569,-4.4));
#10878 = DIRECTION('',(0.,0.,-1.));
#10879 = DIRECTION('',(-1.,0.,0.));
#10880 = PCURVE('',#2356,#10881);
#10881 = DEFINITIONAL_REPRESENTATION('',(#10882),#10886);
#10882 = LINE('',#10883,#10884);
#10883 = CARTESIAN_POINT('',(6.766501883858,5.));
#10884 = VECTOR('',#10885,1.);
#10885 = DIRECTION('',(-1.,0.));
#10886 = ( GEOMETRIC_REPRESENTATION_CONTEXT(2) 
PARAMETRIC_REPRESENTATION_CONTEXT() REPRESENTATION_CONTEXT('2D SPACE',''
  ) );
#10887 = PCURVE('',#94,#10888);
#10888 = DEFINITIONAL_REPRESENTATION('',(#10889),#10897);
#10889 = ( BOUNDED_CURVE() B_SPLINE_CURVE(2,(#10890,#10891,#10892,#10893
    ,#10894,#10895,#10896),.UNSPECIFIED.,.T.,.F.) 
B_SPLINE_CURVE_WITH_KNOTS((1,2,2,2,2,1),(-2.094395102393,0.,
    2.094395102393,4.188790204786,6.28318530718,8.377580409573),
.UNSPECIFIED.) CURVE() GEOMETRIC_REPRESENTATION_ITEM() 
RATIONAL_B_SPLINE_CURVE((1.,0.5,1.,0.5,1.,0.5,1.)) REPRESENTATION_ITEM(
  '') );
#10890 = CARTESIAN_POINT('',(5.23441328,11.968754462));
#10891 = CARTESIAN_POINT('',(5.23441328,2.875487722263));
#10892 = CARTESIAN_POINT('',(-2.64058672,7.422121092132));
#10893 = CARTESIAN_POINT('',(-10.51558672,11.968754462));
#10894 = CARTESIAN_POINT('',(-2.64058672,16.515387831868));
#10895 = CARTESIAN_POINT('',(5.23441328,21.062021201737));
#10896 = CARTESIAN_POINT('',(5.23441328,11.968754462));
#10897 = ( GEOMETRIC_REPRESENTATION_CONTEXT(2) 
PARAMETRIC_REPRESENTATION_CONTEXT() REPRESENTATION_CONTEXT('2D SPACE',''
  ) );
#10898 = ORIENTED_EDGE('',*,*,#10899,.T.);
#10899 = EDGE_CURVE('',#10872,#2340,#10900,.T.);
#10900 = SURFACE_CURVE('',#10901,(#10910,#10916),.PCURVE_S1.);
#10901 = B_SPLINE_CURVE_WITH_KNOTS('',3,(#10902,#10903,#10904,#10905,
    #10906,#10907,#10908,#10909),.UNSPECIFIED.,.F.,.F.,(4,2,2,4),(0.,
    0.137957573572,0.275912478491,0.552034501745),.UNSPECIFIED.);
#10902 = CARTESIAN_POINT('',(3.54805395773,41.915081742659,-4.4));
#10903 = CARTESIAN_POINT('',(3.691826698108,41.784316101346,
    -4.816772909946));
#10904 = CARTESIAN_POINT('',(3.828228915607,41.645666692097,
    -5.233214997455));
#10905 = CARTESIAN_POINT('',(4.08502889634,41.353883086959,
    -6.066748494739));
#10906 = CARTESIAN_POINT('',(4.205226983488,41.200976394582,
    -6.483205948604));
#10907 = CARTESIAN_POINT('',(4.53972596621,40.72308217495,
    -7.734139123218));
#10908 = CARTESIAN_POINT('',(4.726688324602,40.380580913209,
    -8.565856244447));
#10909 = CARTESIAN_POINT('',(4.874098307717,40.020561140546,-9.4));
#10910 = PCURVE('',#2356,#10911);
#10911 = DEFINITIONAL_REPRESENTATION('',(#10912),#10915);
#10912 = B_SPLINE_CURVE_WITH_KNOTS('',1,(#10913,#10914),.UNSPECIFIED.,
  .F.,.F.,(2,2),(0.,0.552034501745),.PIECEWISE_BEZIER_KNOTS.);
#10913 = CARTESIAN_POINT('',(4.457650063229,5.));
#10914 = CARTESIAN_POINT('',(4.013535252012,0.));
#10915 = ( GEOMETRIC_REPRESENTATION_CONTEXT(2) 
PARAMETRIC_REPRESENTATION_CONTEXT() REPRESENTATION_CONTEXT('2D SPACE',''
  ) );
#10916 = PCURVE('',#2384,#10917);
#10917 = DEFINITIONAL_REPRESENTATION('',(#10918),#10921);
#10918 = B_SPLINE_CURVE_WITH_KNOTS('',1,(#10919,#10920),.UNSPECIFIED.,
  .F.,.F.,(2,2),(0.,0.552034501745),.PIECEWISE_BEZIER_KNOTS.);
#10919 = CARTESIAN_POINT('',(0.865003365218,0.625));
#10920 = CARTESIAN_POINT('',(0.86504734636,1.732012517063E-15));
#10921 = ( GEOMETRIC_REPRESENTATION_CONTEXT(2) 
PARAMETRIC_REPRESENTATION_CONTEXT() REPRESENTATION_CONTEXT('2D SPACE',''
  ) );
#10922 = ORIENTED_EDGE('',*,*,#2339,.T.);
#10923 = ADVANCED_FACE('',(#10924),#2384,.T.);
#10924 = FACE_BOUND('',#10925,.T.);
#10925 = EDGE_LOOP('',(#10926,#10927,#10947,#10948));
#10926 = ORIENTED_EDGE('',*,*,#10899,.F.);
#10927 = ORIENTED_EDGE('',*,*,#10928,.T.);
#10928 = EDGE_CURVE('',#10872,#8906,#10929,.T.);
#10929 = SURFACE_CURVE('',#10930,(#10934,#10940),.PCURVE_S1.);
#10930 = LINE('',#10931,#10932);
#10931 = CARTESIAN_POINT('',(3.548053957494,41.91508174346,
    -4.400000000319));
#10932 = VECTOR('',#10933,1.);
#10933 = DIRECTION('',(0.672850518274,0.739778466879,4.973933282993E-10)
  );
#10934 = PCURVE('',#2384,#10935);
#10935 = DEFINITIONAL_REPRESENTATION('',(#10936),#10939);
#10936 = B_SPLINE_CURVE_WITH_KNOTS('',1,(#10937,#10938),.UNSPECIFIED.,
  .F.,.F.,(2,2),(1.773272716315E-14,0.640963238707),
  .PIECEWISE_BEZIER_KNOTS.);
#10937 = CARTESIAN_POINT('',(0.865003364632,0.625000000001));
#10938 = CARTESIAN_POINT('',(2.184524566691E-06,0.625));
#10939 = ( GEOMETRIC_REPRESENTATION_CONTEXT(2) 
PARAMETRIC_REPRESENTATION_CONTEXT() REPRESENTATION_CONTEXT('2D SPACE',''
  ) );
#10940 = PCURVE('',#94,#10941);
#10941 = DEFINITIONAL_REPRESENTATION('',(#10942),#10946);
#10942 = LINE('',#10943,#10944);
#10943 = CARTESIAN_POINT('',(-3.548052795494,8.08491828754));
#10944 = VECTOR('',#10945,1.);
#10945 = DIRECTION('',(-0.672850518274,-0.739778466879));
#10946 = ( GEOMETRIC_REPRESENTATION_CONTEXT(2) 
PARAMETRIC_REPRESENTATION_CONTEXT() REPRESENTATION_CONTEXT('2D SPACE',''
  ) );
#10947 = ORIENTED_EDGE('',*,*,#8905,.F.);
#10948 = ORIENTED_EDGE('',*,*,#2368,.T.);
#10949 = ADVANCED_FACE('',(#10950),#2774,.T.);
#10950 = FACE_BOUND('',#10951,.T.);
#10951 = EDGE_LOOP('',(#10952,#10953,#10981,#11005));
#10952 = ORIENTED_EDGE('',*,*,#8738,.T.);
#10953 = ORIENTED_EDGE('',*,*,#10954,.T.);
#10954 = EDGE_CURVE('',#8717,#10955,#10957,.T.);
#10955 = VERTEX_POINT('',#10956);
#10956 = CARTESIAN_POINT('',(4.948339875,39.828592995,-4.4));
#10957 = SURFACE_CURVE('',#10958,(#10963,#10970),.PCURVE_S1.);
#10958 = CIRCLE('',#10959,5.25);
#10959 = AXIS2_PLACEMENT_3D('',#10960,#10961,#10962);
#10960 = CARTESIAN_POINT('',(1.5587882E-02,38.031245569,-4.4));
#10961 = DIRECTION('',(0.,0.,-1.));
#10962 = DIRECTION('',(-1.,0.,0.));
#10963 = PCURVE('',#2774,#10964);
#10964 = DEFINITIONAL_REPRESENTATION('',(#10965),#10969);
#10965 = LINE('',#10966,#10967);
#10966 = CARTESIAN_POINT('',(6.766501883858,5.));
#10967 = VECTOR('',#10968,1.);
#10968 = DIRECTION('',(-1.,0.));
#10969 = ( GEOMETRIC_REPRESENTATION_CONTEXT(2) 
PARAMETRIC_REPRESENTATION_CONTEXT() REPRESENTATION_CONTEXT('2D SPACE',''
  ) );
#10970 = PCURVE('',#94,#10971);
#10971 = DEFINITIONAL_REPRESENTATION('',(#10972),#10980);
#10972 = ( BOUNDED_CURVE() B_SPLINE_CURVE(2,(#10973,#10974,#10975,#10976
    ,#10977,#10978,#10979),.UNSPECIFIED.,.T.,.F.) 
B_SPLINE_CURVE_WITH_KNOTS((1,2,2,2,2,1),(-2.094395102393,0.,
    2.094395102393,4.188790204786,6.28318530718,8.377580409573),
.UNSPECIFIED.) CURVE() GEOMETRIC_REPRESENTATION_ITEM() 
RATIONAL_B_SPLINE_CURVE((1.,0.5,1.,0.5,1.,0.5,1.)) REPRESENTATION_ITEM(
  '') );
#10973 = CARTESIAN_POINT('',(5.23441328,11.968754462));
#10974 = CARTESIAN_POINT('',(5.23441328,2.875487722263));
#10975 = CARTESIAN_POINT('',(-2.64058672,7.422121092132));
#10976 = CARTESIAN_POINT('',(-10.51558672,11.968754462));
#10977 = CARTESIAN_POINT('',(-2.64058672,16.515387831868));
#10978 = CARTESIAN_POINT('',(5.23441328,21.062021201737));
#10979 = CARTESIAN_POINT('',(5.23441328,11.968754462));
#10980 = ( GEOMETRIC_REPRESENTATION_CONTEXT(2) 
PARAMETRIC_REPRESENTATION_CONTEXT() REPRESENTATION_CONTEXT('2D SPACE',''
  ) );
#10981 = ORIENTED_EDGE('',*,*,#10982,.T.);
#10982 = EDGE_CURVE('',#10955,#2758,#10983,.T.);
#10983 = SURFACE_CURVE('',#10984,(#10993,#10999),.PCURVE_S1.);
#10984 = B_SPLINE_CURVE_WITH_KNOTS('',3,(#10985,#10986,#10987,#10988,
    #10989,#10990,#10991,#10992),.UNSPECIFIED.,.F.,.F.,(4,2,2,4),(
    1.980800466301E-09,0.137957568962,0.275912490239,0.552034449512),
  .UNSPECIFIED.);
#10985 = CARTESIAN_POINT('',(4.948339875555,39.828592995093,
    -4.399999999952));
#10986 = CARTESIAN_POINT('',(5.014874513645,39.645991198738,
    -4.816772863153));
#10987 = CARTESIAN_POINT('',(5.071219095907,39.459833943971,
    -5.233214950557));
#10988 = CARTESIAN_POINT('',(5.163005605051,39.08213141048,
    -6.06674845785));
#10989 = CARTESIAN_POINT('',(5.198376451229,38.890880362651,
    -6.483205808925));
#10990 = CARTESIAN_POINT('',(5.27247206275,38.312276563894,
    -7.734138798234));
#10991 = CARTESIAN_POINT('',(5.278850720819,37.922121070546,
    -8.56585644651));
#10992 = CARTESIAN_POINT('',(5.242066256743,37.534834652174,-9.4));
#10993 = PCURVE('',#2774,#10994);
#10994 = DEFINITIONAL_REPRESENTATION('',(#10995),#10998);
#10995 = B_SPLINE_CURVE_WITH_KNOTS('',1,(#10996,#10997),.UNSPECIFIED.,
  .F.,.F.,(2,2),(1.980800466301E-09,0.552034449512),
  .PIECEWISE_BEZIER_KNOTS.);
#10996 = CARTESIAN_POINT('',(3.974328141524,5.000000000048));
#10997 = CARTESIAN_POINT('',(3.530213305281,0.));
#10998 = ( GEOMETRIC_REPRESENTATION_CONTEXT(2) 
PARAMETRIC_REPRESENTATION_CONTEXT() REPRESENTATION_CONTEXT('2D SPACE',''
  ) );
#10999 = PCURVE('',#2802,#11000);
#11000 = DEFINITIONAL_REPRESENTATION('',(#11001),#11004);
#11001 = B_SPLINE_CURVE_WITH_KNOTS('',1,(#11002,#11003),.UNSPECIFIED.,
  .F.,.F.,(2,2),(1.980800466301E-09,0.552034449512),
  .PIECEWISE_BEZIER_KNOTS.);
#11002 = CARTESIAN_POINT('',(0.864997351785,0.624999999756));
#11003 = CARTESIAN_POINT('',(0.865047345688,1.765381548639E-15));
#11004 = ( GEOMETRIC_REPRESENTATION_CONTEXT(2) 
PARAMETRIC_REPRESENTATION_CONTEXT() REPRESENTATION_CONTEXT('2D SPACE',''
  ) );
#11005 = ORIENTED_EDGE('',*,*,#2757,.T.);
#11006 = ADVANCED_FACE('',(#11007),#2802,.T.);
#11007 = FACE_BOUND('',#11008,.T.);
#11008 = EDGE_LOOP('',(#11009,#11010,#11030,#11031));
#11009 = ORIENTED_EDGE('',*,*,#10982,.F.);
#11010 = ORIENTED_EDGE('',*,*,#11011,.T.);
#11011 = EDGE_CURVE('',#10955,#8556,#11012,.T.);
#11012 = SURFACE_CURVE('',#11013,(#11017,#11023),.PCURVE_S1.);
#11013 = LINE('',#11014,#11015);
#11014 = CARTESIAN_POINT('',(4.948339875155,39.828592994575,
    -4.399999999789));
#11015 = VECTOR('',#11016,1.);
#11016 = DIRECTION('',(0.939571731584,0.342352101218,-3.706263411722E-10
    ));
#11017 = PCURVE('',#2802,#11018);
#11018 = DEFINITIONAL_REPRESENTATION('',(#11019),#11022);
#11019 = B_SPLINE_CURVE_WITH_KNOTS('',1,(#11020,#11021),.UNSPECIFIED.,
  .F.,.F.,(2,2),(-1.172091415744E-15,0.640958452015),
  .PIECEWISE_BEZIER_KNOTS.);
#11020 = CARTESIAN_POINT('',(0.864997352531,0.624999999756));
#11021 = CARTESIAN_POINT('',(1.81617776175E-06,0.624999999747));
#11022 = ( GEOMETRIC_REPRESENTATION_CONTEXT(2) 
PARAMETRIC_REPRESENTATION_CONTEXT() REPRESENTATION_CONTEXT('2D SPACE',''
  ) );
#11023 = PCURVE('',#94,#11024);
#11024 = DEFINITIONAL_REPRESENTATION('',(#11025),#11029);
#11025 = LINE('',#11026,#11027);
#11026 = CARTESIAN_POINT('',(-4.948338713155,10.171407036425));
#11027 = VECTOR('',#11028,1.);
#11028 = DIRECTION('',(-0.939571731584,-0.342352101218));
#11029 = ( GEOMETRIC_REPRESENTATION_CONTEXT(2) 
PARAMETRIC_REPRESENTATION_CONTEXT() REPRESENTATION_CONTEXT('2D SPACE',''
  ) );
#11030 = ORIENTED_EDGE('',*,*,#8555,.F.);
#11031 = ORIENTED_EDGE('',*,*,#2786,.T.);
#11032 = ADVANCED_FACE('',(#11033),#3271,.T.);
#11033 = FACE_BOUND('',#11034,.T.);
#11034 = EDGE_LOOP('',(#11035,#11036,#11064,#11088));
#11035 = ORIENTED_EDGE('',*,*,#8343,.F.);
#11036 = ORIENTED_EDGE('',*,*,#11037,.T.);
#11037 = EDGE_CURVE('',#8322,#11038,#11040,.T.);
#11038 = VERTEX_POINT('',#11039);
#11039 = CARTESIAN_POINT('',(5.218591858,37.33035355,-4.4));
#11040 = SURFACE_CURVE('',#11041,(#11046,#11053),.PCURVE_S1.);
#11041 = CIRCLE('',#11042,5.25);
#11042 = AXIS2_PLACEMENT_3D('',#11043,#11044,#11045);
#11043 = CARTESIAN_POINT('',(1.5587882E-02,38.031245569,-4.4));
#11044 = DIRECTION('',(0.,0.,-1.));
#11045 = DIRECTION('',(-1.,0.,0.));
#11046 = PCURVE('',#3271,#11047);
#11047 = DEFINITIONAL_REPRESENTATION('',(#11048),#11052);
#11048 = LINE('',#11049,#11050);
#11049 = CARTESIAN_POINT('',(9.552802064055,5.));
#11050 = VECTOR('',#11051,1.);
#11051 = DIRECTION('',(-1.,0.));
#11052 = ( GEOMETRIC_REPRESENTATION_CONTEXT(2) 
PARAMETRIC_REPRESENTATION_CONTEXT() REPRESENTATION_CONTEXT('2D SPACE',''
  ) );
#11053 = PCURVE('',#94,#11054);
#11054 = DEFINITIONAL_REPRESENTATION('',(#11055),#11063);
#11055 = ( BOUNDED_CURVE() B_SPLINE_CURVE(2,(#11056,#11057,#11058,#11059
    ,#11060,#11061,#11062),.UNSPECIFIED.,.T.,.F.) 
B_SPLINE_CURVE_WITH_KNOTS((1,2,2,2,2,1),(-2.094395102393,0.,
    2.094395102393,4.188790204786,6.28318530718,8.377580409573),
.UNSPECIFIED.) CURVE() GEOMETRIC_REPRESENTATION_ITEM() 
RATIONAL_B_SPLINE_CURVE((1.,0.5,1.,0.5,1.,0.5,1.)) REPRESENTATION_ITEM(
  '') );
#11056 = CARTESIAN_POINT('',(5.23441328,11.968754462));
#11057 = CARTESIAN_POINT('',(5.23441328,2.875487722263));
#11058 = CARTESIAN_POINT('',(-2.64058672,7.422121092132));
#11059 = CARTESIAN_POINT('',(-10.51558672,11.968754462));
#11060 = CARTESIAN_POINT('',(-2.64058672,16.515387831868));
#11061 = CARTESIAN_POINT('',(5.23441328,21.062021201737));
#11062 = CARTESIAN_POINT('',(5.23441328,11.968754462));
#11063 = ( GEOMETRIC_REPRESENTATION_CONTEXT(2) 
PARAMETRIC_REPRESENTATION_CONTEXT() REPRESENTATION_CONTEXT('2D SPACE',''
  ) );
#11064 = ORIENTED_EDGE('',*,*,#11065,.T.);
#11065 = EDGE_CURVE('',#11038,#3255,#11066,.T.);
#11066 = SURFACE_CURVE('',#11067,(#11076,#11082),.PCURVE_S1.);
#11067 = B_SPLINE_CURVE_WITH_KNOTS('',3,(#11068,#11069,#11070,#11071,
    #11072,#11073,#11074,#11075),.UNSPECIFIED.,.F.,.F.,(4,2,2,4),(
    1.005834731851E-09,0.13795756679,0.275912490652,0.552034438848),
  .UNSPECIFIED.);
#11068 = CARTESIAN_POINT('',(5.218591858357,37.330353550203,
    -4.400000000116));
#11069 = CARTESIAN_POINT('',(5.19264606832,37.137747492336,
    -4.81677285388));
#11070 = CARTESIAN_POINT('',(5.156025126465,36.946728785428,
    -5.233214948704));
#11071 = CARTESIAN_POINT('',(5.061770920896,36.569634468389,
    -6.066748453477));
#11072 = CARTESIAN_POINT('',(5.004211452611,36.383852414199,
    -6.483205784438));
#11073 = CARTESIAN_POINT('',(4.800929259814,35.837090240466,
    -7.734138737462));
#11074 = CARTESIAN_POINT('',(4.625262984592,35.488660407788,
    -8.565856483989));
#11075 = CARTESIAN_POINT('',(4.412710995608,35.162829922031,-9.4));
#11076 = PCURVE('',#3271,#11077);
#11077 = DEFINITIONAL_REPRESENTATION('',(#11078),#11081);
#11078 = B_SPLINE_CURVE_WITH_KNOTS('',1,(#11079,#11080),.UNSPECIFIED.,
  .F.,.F.,(2,2),(1.005834731851E-09,0.552034438848),
  .PIECEWISE_BEZIER_KNOTS.);
#11079 = CARTESIAN_POINT('',(6.277306379998,4.999999999884));
#11080 = CARTESIAN_POINT('',(5.83319153865,0.));
#11081 = ( GEOMETRIC_REPRESENTATION_CONTEXT(2) 
PARAMETRIC_REPRESENTATION_CONTEXT() REPRESENTATION_CONTEXT('2D SPACE',''
  ) );
#11082 = PCURVE('',#3299,#11083);
#11083 = DEFINITIONAL_REPRESENTATION('',(#11084),#11087);
#11084 = B_SPLINE_CURVE_WITH_KNOTS('',1,(#11085,#11086),.UNSPECIFIED.,
  .F.,.F.,(2,2),(1.005834731851E-09,0.552034438848),
  .PIECEWISE_BEZIER_KNOTS.);
#11085 = CARTESIAN_POINT('',(0.864996267711,0.624999999861));
#11086 = CARTESIAN_POINT('',(0.865047345197,-1.404202736651E-15));
#11087 = ( GEOMETRIC_REPRESENTATION_CONTEXT(2) 
PARAMETRIC_REPRESENTATION_CONTEXT() REPRESENTATION_CONTEXT('2D SPACE',''
  ) );
#11088 = ORIENTED_EDGE('',*,*,#3254,.T.);
#11089 = ADVANCED_FACE('',(#11090),#3299,.T.);
#11090 = FACE_BOUND('',#11091,.T.);
#11091 = EDGE_LOOP('',(#11092,#11093,#11113,#11114));
#11092 = ORIENTED_EDGE('',*,*,#11065,.F.);
#11093 = ORIENTED_EDGE('',*,*,#11094,.T.);
#11094 = EDGE_CURVE('',#11038,#8161,#11095,.T.);
#11095 = SURFACE_CURVE('',#11096,(#11100,#11106),.PCURVE_S1.);
#11096 = LINE('',#11097,#11098);
#11097 = CARTESIAN_POINT('',(5.218591857994,37.330353549959,
    -4.399999999981));
#11098 = VECTOR('',#11099,1.);
#11099 = DIRECTION('',(0.991048406336,-0.133503019814,
    -2.732539280231E-10));
#11100 = PCURVE('',#3299,#11101);
#11101 = DEFINITIONAL_REPRESENTATION('',(#11102),#11105);
#11102 = B_SPLINE_CURVE_WITH_KNOTS('',1,(#11103,#11104),.UNSPECIFIED.,
  .F.,.F.,(2,2),(8.146926807657E-16,0.640958191305),
  .PIECEWISE_BEZIER_KNOTS.);
#11103 = CARTESIAN_POINT('',(0.864996268152,0.624999999861));
#11104 = CARTESIAN_POINT('',(9.359870637935E-07,0.624999999856));
#11105 = ( GEOMETRIC_REPRESENTATION_CONTEXT(2) 
PARAMETRIC_REPRESENTATION_CONTEXT() REPRESENTATION_CONTEXT('2D SPACE',''
  ) );
#11106 = PCURVE('',#94,#11107);
#11107 = DEFINITIONAL_REPRESENTATION('',(#11108),#11112);
#11108 = LINE('',#11109,#11110);
#11109 = CARTESIAN_POINT('',(-5.218590695994,12.669646481041));
#11110 = VECTOR('',#11111,1.);
#11111 = DIRECTION('',(-0.991048406336,0.133503019814));
#11112 = ( GEOMETRIC_REPRESENTATION_CONTEXT(2) 
PARAMETRIC_REPRESENTATION_CONTEXT() REPRESENTATION_CONTEXT('2D SPACE',''
  ) );
#11113 = ORIENTED_EDGE('',*,*,#8160,.F.);
#11114 = ORIENTED_EDGE('',*,*,#3283,.T.);
#11115 = ADVANCED_FACE('',(#11116),#3780,.T.);
#11116 = FACE_BOUND('',#11117,.T.);
#11117 = EDGE_LOOP('',(#11118,#11119,#11147,#11171));
#11118 = ORIENTED_EDGE('',*,*,#7947,.F.);
#11119 = ORIENTED_EDGE('',*,*,#11120,.T.);
#11120 = EDGE_CURVE('',#7926,#11121,#11123,.T.);
#11121 = VERTEX_POINT('',#11122);
#11122 = CARTESIAN_POINT('',(4.296898280883,34.992679909651,-4.4));
#11123 = SURFACE_CURVE('',#11124,(#11129,#11136),.PCURVE_S1.);
#11124 = CIRCLE('',#11125,5.25);
#11125 = AXIS2_PLACEMENT_3D('',#11126,#11127,#11128);
#11126 = CARTESIAN_POINT('',(1.5587882E-02,38.031245569,-4.4));
#11127 = DIRECTION('',(0.,0.,-1.));
#11128 = DIRECTION('',(-1.,0.,0.));
#11129 = PCURVE('',#3780,#11130);
#11130 = DEFINITIONAL_REPRESENTATION('',(#11131),#11135);
#11131 = LINE('',#11132,#11133);
#11132 = CARTESIAN_POINT('',(10.036124010933,5.));
#11133 = VECTOR('',#11134,1.);
#11134 = DIRECTION('',(-1.,0.));
#11135 = ( GEOMETRIC_REPRESENTATION_CONTEXT(2) 
PARAMETRIC_REPRESENTATION_CONTEXT() REPRESENTATION_CONTEXT('2D SPACE',''
  ) );
#11136 = PCURVE('',#94,#11137);
#11137 = DEFINITIONAL_REPRESENTATION('',(#11138),#11146);
#11138 = ( BOUNDED_CURVE() B_SPLINE_CURVE(2,(#11139,#11140,#11141,#11142
    ,#11143,#11144,#11145),.UNSPECIFIED.,.T.,.F.) 
B_SPLINE_CURVE_WITH_KNOTS((1,2,2,2,2,1),(-2.094395102393,0.,
    2.094395102393,4.188790204786,6.28318530718,8.377580409573),
.UNSPECIFIED.) CURVE() GEOMETRIC_REPRESENTATION_ITEM() 
RATIONAL_B_SPLINE_CURVE((1.,0.5,1.,0.5,1.,0.5,1.)) REPRESENTATION_ITEM(
  '') );
#11139 = CARTESIAN_POINT('',(5.23441328,11.968754462));
#11140 = CARTESIAN_POINT('',(5.23441328,2.875487722263));
#11141 = CARTESIAN_POINT('',(-2.64058672,7.422121092132));
#11142 = CARTESIAN_POINT('',(-10.51558672,11.968754462));
#11143 = CARTESIAN_POINT('',(-2.64058672,16.515387831868));
#11144 = CARTESIAN_POINT('',(5.23441328,21.062021201737));
#11145 = CARTESIAN_POINT('',(5.23441328,11.968754462));
#11146 = ( GEOMETRIC_REPRESENTATION_CONTEXT(2) 
PARAMETRIC_REPRESENTATION_CONTEXT() REPRESENTATION_CONTEXT('2D SPACE',''
  ) );
#11147 = ORIENTED_EDGE('',*,*,#11148,.T.);
#11148 = EDGE_CURVE('',#11121,#3764,#11149,.T.);
#11149 = SURFACE_CURVE('',#11150,(#11159,#11165),.PCURVE_S1.);
#11150 = B_SPLINE_CURVE_WITH_KNOTS('',3,(#11151,#11152,#11153,#11154,
    #11155,#11156,#11157,#11158),.UNSPECIFIED.,.F.,.F.,(4,2,2,4),(0.,
    0.137957570422,0.275912482146,0.552034480021),.UNSPECIFIED.);
#11151 = CARTESIAN_POINT('',(4.296898280649,34.992679908953,-4.4));
#11152 = CARTESIAN_POINT('',(4.184415946619,34.834193359631,
    -4.816772888807));
#11153 = CARTESIAN_POINT('',(4.063218909654,34.682073317026,
    -5.233214984092));
#11154 = CARTESIAN_POINT('',(3.804516532904,34.391975047051,
    -6.066748483259));
#11155 = CARTESIAN_POINT('',(3.667212963488,34.254222457925,
    -6.483205893331));
#11156 = CARTESIAN_POINT('',(3.233122506597,33.864558557137,
    -7.734138991314));
#11157 = CARTESIAN_POINT('',(2.915654300235,33.63767541704,
    -8.565856327003));
#11158 = CARTESIAN_POINT('',(2.576027820083,33.447944648979,-9.4));
#11159 = PCURVE('',#3780,#11160);
#11160 = DEFINITIONAL_REPRESENTATION('',(#11161),#11164);
#11161 = B_SPLINE_CURVE_WITH_KNOTS('',1,(#11162,#11163),.UNSPECIFIED.,
  .F.,.F.,(2,2),(0.,0.552034480021),.PIECEWISE_BEZIER_KNOTS.);
#11162 = CARTESIAN_POINT('',(6.277306359937,5.));
#11163 = CARTESIAN_POINT('',(5.833191538778,0.));
#11164 = ( GEOMETRIC_REPRESENTATION_CONTEXT(2) 
PARAMETRIC_REPRESENTATION_CONTEXT() REPRESENTATION_CONTEXT('2D SPACE',''
  ) );
#11165 = PCURVE('',#3808,#11166);
#11166 = DEFINITIONAL_REPRESENTATION('',(#11167),#11170);
#11167 = B_SPLINE_CURVE_WITH_KNOTS('',1,(#11168,#11169),.UNSPECIFIED.,
  .F.,.F.,(2,2),(0.,0.552034480021),.PIECEWISE_BEZIER_KNOTS.);
#11168 = CARTESIAN_POINT('',(0.865000879786,0.625));
#11169 = CARTESIAN_POINT('',(0.865047345001,-3.288391712428E-16));
#11170 = ( GEOMETRIC_REPRESENTATION_CONTEXT(2) 
PARAMETRIC_REPRESENTATION_CONTEXT() REPRESENTATION_CONTEXT('2D SPACE',''
  ) );
#11171 = ORIENTED_EDGE('',*,*,#3763,.T.);
#11172 = ADVANCED_FACE('',(#11173),#3808,.T.);
#11173 = FACE_BOUND('',#11174,.T.);
#11174 = EDGE_LOOP('',(#11175,#11176,#11196,#11197));
#11175 = ORIENTED_EDGE('',*,*,#11148,.F.);
#11176 = ORIENTED_EDGE('',*,*,#11177,.T.);
#11177 = EDGE_CURVE('',#11121,#7764,#11178,.T.);
#11178 = SURFACE_CURVE('',#11179,(#11183,#11189),.PCURVE_S1.);
#11179 = LINE('',#11180,#11181);
#11180 = CARTESIAN_POINT('',(4.296898280309,34.992679909027,-4.4));
#11181 = VECTOR('',#11182,1.);
#11182 = DIRECTION('',(0.815487823536,-0.578774230305,0.));
#11183 = PCURVE('',#3808,#11184);
#11184 = DEFINITIONAL_REPRESENTATION('',(#11185),#11188);
#11185 = B_SPLINE_CURVE_WITH_KNOTS('',1,(#11186,#11187),.UNSPECIFIED.,
  .F.,.F.,(2,2),(1.066208209403E-10,0.640963798106),
  .PIECEWISE_BEZIER_KNOTS.);
#11186 = CARTESIAN_POINT('',(0.865000880074,0.624999999993));
#11187 = CARTESIAN_POINT('',(-1.391757467076E-06,0.625));
#11188 = ( GEOMETRIC_REPRESENTATION_CONTEXT(2) 
PARAMETRIC_REPRESENTATION_CONTEXT() REPRESENTATION_CONTEXT('2D SPACE',''
  ) );
#11189 = PCURVE('',#94,#11190);
#11190 = DEFINITIONAL_REPRESENTATION('',(#11191),#11195);
#11191 = LINE('',#11192,#11193);
#11192 = CARTESIAN_POINT('',(-4.296897118309,15.007320121973));
#11193 = VECTOR('',#11194,1.);
#11194 = DIRECTION('',(-0.815487823536,0.578774230305));
#11195 = ( GEOMETRIC_REPRESENTATION_CONTEXT(2) 
PARAMETRIC_REPRESENTATION_CONTEXT() REPRESENTATION_CONTEXT('2D SPACE',''
  ) );
#11196 = ORIENTED_EDGE('',*,*,#7763,.F.);
#11197 = ORIENTED_EDGE('',*,*,#3792,.T.);
#11198 = ADVANCED_FACE('',(#11199),#4198,.T.);
#11199 = FACE_BOUND('',#11200,.T.);
#11200 = EDGE_LOOP('',(#11201,#11202,#11230,#11254));
#11201 = ORIENTED_EDGE('',*,*,#7596,.T.);
#11202 = ORIENTED_EDGE('',*,*,#11203,.T.);
#11203 = EDGE_CURVE('',#7575,#11204,#11206,.T.);
#11204 = VERTEX_POINT('',#11205);
#11205 = CARTESIAN_POINT('',(2.394408149,33.351105172,-4.4));
#11206 = SURFACE_CURVE('',#11207,(#11212,#11219),.PCURVE_S1.);
#11207 = CIRCLE('',#11208,5.25);
#11208 = AXIS2_PLACEMENT_3D('',#11209,#11210,#11211);
#11209 = CARTESIAN_POINT('',(1.5587882E-02,38.031245569,-4.4));
#11210 = DIRECTION('',(0.,0.,-1.));
#11211 = DIRECTION('',(-1.,0.,0.));
#11212 = PCURVE('',#4198,#11213);
#11213 = DEFINITIONAL_REPRESENTATION('',(#11214),#11218);
#11214 = LINE('',#11215,#11216);
#11215 = CARTESIAN_POINT('',(6.766501883858,5.));
#11216 = VECTOR('',#11217,1.);
#11217 = DIRECTION('',(-1.,0.));
#11218 = ( GEOMETRIC_REPRESENTATION_CONTEXT(2) 
PARAMETRIC_REPRESENTATION_CONTEXT() REPRESENTATION_CONTEXT('2D SPACE',''
  ) );
#11219 = PCURVE('',#94,#11220);
#11220 = DEFINITIONAL_REPRESENTATION('',(#11221),#11229);
#11221 = ( BOUNDED_CURVE() B_SPLINE_CURVE(2,(#11222,#11223,#11224,#11225
    ,#11226,#11227,#11228),.UNSPECIFIED.,.T.,.F.) 
B_SPLINE_CURVE_WITH_KNOTS((1,2,2,2,2,1),(-2.094395102393,0.,
    2.094395102393,4.188790204786,6.28318530718,8.377580409573),
.UNSPECIFIED.) CURVE() GEOMETRIC_REPRESENTATION_ITEM() 
RATIONAL_B_SPLINE_CURVE((1.,0.5,1.,0.5,1.,0.5,1.)) REPRESENTATION_ITEM(
  '') );
#11222 = CARTESIAN_POINT('',(5.23441328,11.968754462));
#11223 = CARTESIAN_POINT('',(5.23441328,2.875487722263));
#11224 = CARTESIAN_POINT('',(-2.64058672,7.422121092132));
#11225 = CARTESIAN_POINT('',(-10.51558672,11.968754462));
#11226 = CARTESIAN_POINT('',(-2.64058672,16.515387831868));
#11227 = CARTESIAN_POINT('',(5.23441328,21.062021201737));
#11228 = CARTESIAN_POINT('',(5.23441328,11.968754462));
#11229 = ( GEOMETRIC_REPRESENTATION_CONTEXT(2) 
PARAMETRIC_REPRESENTATION_CONTEXT() REPRESENTATION_CONTEXT('2D SPACE',''
  ) );
#11230 = ORIENTED_EDGE('',*,*,#11231,.T.);
#11231 = EDGE_CURVE('',#11204,#4182,#11232,.T.);
#11232 = SURFACE_CURVE('',#11233,(#11242,#11248),.PCURVE_S1.);
#11233 = B_SPLINE_CURVE_WITH_KNOTS('',3,(#11234,#11235,#11236,#11237,
    #11238,#11239,#11240,#11241),.UNSPECIFIED.,.F.,.F.,(4,2,2,4),(
    2.290259184113E-09,0.137957570635,0.275912489319,0.552034459895),
  .UNSPECIFIED.);
#11234 = CARTESIAN_POINT('',(2.394408148607,33.351105171621,
    -4.399999999757));
#11235 = CARTESIAN_POINT('',(2.22115759799,33.26304543708,-4.81677287301
    ));
#11236 = CARTESIAN_POINT('',(2.043149236019,33.18467289648,
    -5.233214953574));
#11237 = CARTESIAN_POINT('',(1.679264234205,33.048028610193,
    -6.066748462174));
#11238 = CARTESIAN_POINT('',(1.493671116193,32.989862893532,
    -6.483205833449));
#11239 = CARTESIAN_POINT('',(0.928217238423,32.846564540293,
    -7.734138857937));
#11240 = CARTESIAN_POINT('',(0.541675270593,32.793204337795,
    -8.565856409662));
#11241 = CARTESIAN_POINT('',(0.152778711608,32.783038382134,-9.4));
#11242 = PCURVE('',#4198,#11243);
#11243 = DEFINITIONAL_REPRESENTATION('',(#11244),#11247);
#11244 = B_SPLINE_CURVE_WITH_KNOTS('',1,(#11245,#11246),.UNSPECIFIED.,
  .F.,.F.,(2,2),(2.290259184113E-09,0.552034459895),
  .PIECEWISE_BEZIER_KNOTS.);
#11245 = CARTESIAN_POINT('',(2.524362296505,5.000000000243));
#11246 = CARTESIAN_POINT('',(2.080247465015,0.));
#11247 = ( GEOMETRIC_REPRESENTATION_CONTEXT(2) 
PARAMETRIC_REPRESENTATION_CONTEXT() REPRESENTATION_CONTEXT('2D SPACE',''
  ) );
#11248 = PCURVE('',#4226,#11249);
#11249 = DEFINITIONAL_REPRESENTATION('',(#11250),#11253);
#11250 = B_SPLINE_CURVE_WITH_KNOTS('',1,(#11251,#11252),.UNSPECIFIED.,
  .F.,.F.,(2,2),(2.290259184113E-09,0.552034459895),
  .PIECEWISE_BEZIER_KNOTS.);
#11251 = CARTESIAN_POINT('',(0.864998429784,0.625000000405));
#11252 = CARTESIAN_POINT('',(0.86504734533,-3.706404527192E-18));
#11253 = ( GEOMETRIC_REPRESENTATION_CONTEXT(2) 
PARAMETRIC_REPRESENTATION_CONTEXT() REPRESENTATION_CONTEXT('2D SPACE',''
  ) );
#11254 = ORIENTED_EDGE('',*,*,#4181,.T.);
#11255 = ADVANCED_FACE('',(#11256),#4226,.T.);
#11256 = FACE_BOUND('',#11257,.T.);
#11257 = EDGE_LOOP('',(#11258,#11259,#11279,#11280));
#11258 = ORIENTED_EDGE('',*,*,#11231,.F.);
#11259 = ORIENTED_EDGE('',*,*,#11260,.T.);
#11260 = EDGE_CURVE('',#11204,#7414,#11261,.T.);
#11261 = SURFACE_CURVE('',#11262,(#11266,#11272),.PCURVE_S1.);
#11262 = LINE('',#11263,#11264);
#11263 = CARTESIAN_POINT('',(2.394408148719,33.351105171857,
    -4.399999999853));
#11264 = VECTOR('',#11265,1.);
#11265 = DIRECTION('',(0.453108820153,-0.891455213176,5.090272835657E-10
    ));
#11266 = PCURVE('',#4226,#11267);
#11267 = DEFINITIONAL_REPRESENTATION('',(#11268),#11271);
#11268 = B_SPLINE_CURVE_WITH_KNOTS('',1,(#11269,#11270),.UNSPECIFIED.,
  .F.,.F.,(2,2),(1.606956377798E-14,0.640959122767),
  .PIECEWISE_BEZIER_KNOTS.);
#11269 = CARTESIAN_POINT('',(0.86499843,0.625000000405));
#11270 = CARTESIAN_POINT('',(2.135017136859E-06,0.625000000434));
#11271 = ( GEOMETRIC_REPRESENTATION_CONTEXT(2) 
PARAMETRIC_REPRESENTATION_CONTEXT() REPRESENTATION_CONTEXT('2D SPACE',''
  ) );
#11272 = PCURVE('',#94,#11273);
#11273 = DEFINITIONAL_REPRESENTATION('',(#11274),#11278);
#11274 = LINE('',#11275,#11276);
#11275 = CARTESIAN_POINT('',(-2.394406986719,16.648894859143));
#11276 = VECTOR('',#11277,1.);
#11277 = DIRECTION('',(-0.453108820153,0.891455213176));
#11278 = ( GEOMETRIC_REPRESENTATION_CONTEXT(2) 
PARAMETRIC_REPRESENTATION_CONTEXT() REPRESENTATION_CONTEXT('2D SPACE',''
  ) );
#11279 = ORIENTED_EDGE('',*,*,#7413,.F.);
#11280 = ORIENTED_EDGE('',*,*,#4210,.T.);
#11281 = ADVANCED_FACE('',(#11282),#4695,.T.);
#11282 = FACE_BOUND('',#11283,.T.);
#11283 = EDGE_LOOP('',(#11284,#11285,#11313,#11337));
#11284 = ORIENTED_EDGE('',*,*,#7198,.T.);
#11285 = ORIENTED_EDGE('',*,*,#11286,.T.);
#11286 = EDGE_CURVE('',#7177,#11287,#11289,.T.);
#11287 = VERTEX_POINT('',#11288);
#11288 = CARTESIAN_POINT('',(-5.3041018E-02,32.781694153,-4.4));
#11289 = SURFACE_CURVE('',#11290,(#11295,#11302),.PCURVE_S1.);
#11290 = CIRCLE('',#11291,5.25);
#11291 = AXIS2_PLACEMENT_3D('',#11292,#11293,#11294);
#11292 = CARTESIAN_POINT('',(1.5587882E-02,38.031245569,-4.4));
#11293 = DIRECTION('',(0.,0.,-1.));
#11294 = DIRECTION('',(-1.,0.,0.));
#11295 = PCURVE('',#4695,#11296);
#11296 = DEFINITIONAL_REPRESENTATION('',(#11297),#11301);
#11297 = LINE('',#11298,#11299);
#11298 = CARTESIAN_POINT('',(6.766501883858,5.));
#11299 = VECTOR('',#11300,1.);
#11300 = DIRECTION('',(-1.,0.));
#11301 = ( GEOMETRIC_REPRESENTATION_CONTEXT(2) 
PARAMETRIC_REPRESENTATION_CONTEXT() REPRESENTATION_CONTEXT('2D SPACE',''
  ) );
#11302 = PCURVE('',#94,#11303);
#11303 = DEFINITIONAL_REPRESENTATION('',(#11304),#11312);
#11304 = ( BOUNDED_CURVE() B_SPLINE_CURVE(2,(#11305,#11306,#11307,#11308
    ,#11309,#11310,#11311),.UNSPECIFIED.,.T.,.F.) 
B_SPLINE_CURVE_WITH_KNOTS((1,2,2,2,2,1),(-2.094395102393,0.,
    2.094395102393,4.188790204786,6.28318530718,8.377580409573),
.UNSPECIFIED.) CURVE() GEOMETRIC_REPRESENTATION_ITEM() 
RATIONAL_B_SPLINE_CURVE((1.,0.5,1.,0.5,1.,0.5,1.)) REPRESENTATION_ITEM(
  '') );
#11305 = CARTESIAN_POINT('',(5.23441328,11.968754462));
#11306 = CARTESIAN_POINT('',(5.23441328,2.875487722263));
#11307 = CARTESIAN_POINT('',(-2.64058672,7.422121092132));
#11308 = CARTESIAN_POINT('',(-10.51558672,11.968754462));
#11309 = CARTESIAN_POINT('',(-2.64058672,16.515387831868));
#11310 = CARTESIAN_POINT('',(5.23441328,21.062021201737));
#11311 = CARTESIAN_POINT('',(5.23441328,11.968754462));
#11312 = ( GEOMETRIC_REPRESENTATION_CONTEXT(2) 
PARAMETRIC_REPRESENTATION_CONTEXT() REPRESENTATION_CONTEXT('2D SPACE',''
  ) );
#11313 = ORIENTED_EDGE('',*,*,#11314,.T.);
#11314 = EDGE_CURVE('',#11287,#4679,#11315,.T.);
#11315 = SURFACE_CURVE('',#11316,(#11325,#11331),.PCURVE_S1.);
#11316 = B_SPLINE_CURVE_WITH_KNOTS('',3,(#11317,#11318,#11319,#11320,
    #11321,#11322,#11323,#11324),.UNSPECIFIED.,.F.,.F.,(4,2,2,4),(
    1.090025016906E-09,0.137957566808,0.275912490861,0.552034438546),
  .UNSPECIFIED.);
#11317 = CARTESIAN_POINT('',(-5.304101826558E-02,32.781694152541,
    -4.399999999879));
#11318 = CARTESIAN_POINT('',(-0.247370180719,32.784234673749,
    -4.816772853404));
#11319 = CARTESIAN_POINT('',(-0.441410312782,32.797563846907,
    -5.233214947638));
#11320 = CARTESIAN_POINT('',(-0.827116277428,32.845677136189,
    -6.066748452823));
#11321 = CARTESIAN_POINT('',(-1.018481799105,32.880423379228,
    -6.483205782837));
#11322 = CARTESIAN_POINT('',(-1.585760422465,33.016318519094,
    -7.734138734673));
#11323 = CARTESIAN_POINT('',(-1.952824038445,33.1487054141,
    -8.565856485349));
#11324 = CARTESIAN_POINT('',(-2.301899163391,33.320433134351,
    -9.399999999764));
#11325 = PCURVE('',#4695,#11326);
#11326 = DEFINITIONAL_REPRESENTATION('',(#11327),#11330);
#11327 = B_SPLINE_CURVE_WITH_KNOTS('',1,(#11328,#11329),.UNSPECIFIED.,
  .F.,.F.,(2,2),(1.090025016906E-09,0.552034438546),
  .PIECEWISE_BEZIER_KNOTS.);
#11328 = CARTESIAN_POINT('',(2.041040359667,5.000000000121));
#11329 = CARTESIAN_POINT('',(1.596925518158,2.357012363063E-10));
#11330 = ( GEOMETRIC_REPRESENTATION_CONTEXT(2) 
PARAMETRIC_REPRESENTATION_CONTEXT() REPRESENTATION_CONTEXT('2D SPACE',''
  ) );
#11331 = PCURVE('',#4723,#11332);
#11332 = DEFINITIONAL_REPRESENTATION('',(#11333),#11336);
#11333 = B_SPLINE_CURVE_WITH_KNOTS('',1,(#11334,#11335),.UNSPECIFIED.,
  .F.,.F.,(2,2),(1.090025016906E-09,0.552034438546),
  .PIECEWISE_BEZIER_KNOTS.);
#11334 = CARTESIAN_POINT('',(0.864996215804,0.624999999765));
#11335 = CARTESIAN_POINT('',(0.865047345304,2.946237127064E-11));
#11336 = ( GEOMETRIC_REPRESENTATION_CONTEXT(2) 
PARAMETRIC_REPRESENTATION_CONTEXT() REPRESENTATION_CONTEXT('2D SPACE',''
  ) );
#11337 = ORIENTED_EDGE('',*,*,#4678,.T.);
#11338 = ADVANCED_FACE('',(#11339),#4723,.T.);
#11339 = FACE_BOUND('',#11340,.T.);
#11340 = EDGE_LOOP('',(#11341,#11342,#11362,#11363));
#11341 = ORIENTED_EDGE('',*,*,#11314,.F.);
#11342 = ORIENTED_EDGE('',*,*,#11343,.T.);
#11343 = EDGE_CURVE('',#11287,#7016,#11344,.T.);
#11344 = SURFACE_CURVE('',#11345,(#11349,#11355),.PCURVE_S1.);
#11345 = LINE('',#11346,#11347);
#11346 = CARTESIAN_POINT('',(-5.304101795396E-02,32.781694152999,
    -4.400000000021));
#11347 = VECTOR('',#11348,1.);
#11348 = DIRECTION('',(-1.307194734587E-02,-0.999914558446,
    1.8273369766E-10));
#11349 = PCURVE('',#4723,#11350);
#11350 = DEFINITIONAL_REPRESENTATION('',(#11351),#11354);
#11351 = B_SPLINE_CURVE_WITH_KNOTS('',1,(#11352,#11353),.UNSPECIFIED.,
  .F.,.F.,(2,2),(5.052387620771E-15,0.640958098135),
  .PIECEWISE_BEZIER_KNOTS.);
#11352 = CARTESIAN_POINT('',(0.864996216428,0.624999999765));
#11353 = CARTESIAN_POINT('',(1.003143724452E-06,0.624999999762));
#11354 = ( GEOMETRIC_REPRESENTATION_CONTEXT(2) 
PARAMETRIC_REPRESENTATION_CONTEXT() REPRESENTATION_CONTEXT('2D SPACE',''
  ) );
#11355 = PCURVE('',#94,#11356);
#11356 = DEFINITIONAL_REPRESENTATION('',(#11357),#11361);
#11357 = LINE('',#11358,#11359);
#11358 = CARTESIAN_POINT('',(5.304217995396E-02,17.218305878001));
#11359 = VECTOR('',#11360,1.);
#11360 = DIRECTION('',(1.307194734587E-02,0.999914558446));
#11361 = ( GEOMETRIC_REPRESENTATION_CONTEXT(2) 
PARAMETRIC_REPRESENTATION_CONTEXT() REPRESENTATION_CONTEXT('2D SPACE',''
  ) );
#11362 = ORIENTED_EDGE('',*,*,#7015,.F.);
#11363 = ORIENTED_EDGE('',*,*,#4707,.T.);
#11364 = ADVANCED_FACE('',(#11365),#5192,.T.);
#11365 = FACE_BOUND('',#11366,.T.);
#11366 = EDGE_LOOP('',(#11367,#11368,#11396,#11420));
#11367 = ORIENTED_EDGE('',*,*,#6800,.T.);
#11368 = ORIENTED_EDGE('',*,*,#11369,.T.);
#11369 = EDGE_CURVE('',#6779,#11370,#11372,.T.);
#11370 = VERTEX_POINT('',#11371);
#11371 = CARTESIAN_POINT('',(-2.484768224,33.414892101,-4.4));
#11372 = SURFACE_CURVE('',#11373,(#11378,#11385),.PCURVE_S1.);
#11373 = CIRCLE('',#11374,5.25);
#11374 = AXIS2_PLACEMENT_3D('',#11375,#11376,#11377);
#11375 = CARTESIAN_POINT('',(1.5587882E-02,38.031245569,-4.4));
#11376 = DIRECTION('',(0.,0.,-1.));
#11377 = DIRECTION('',(-1.,0.,0.));
#11378 = PCURVE('',#5192,#11379);
#11379 = DEFINITIONAL_REPRESENTATION('',(#11380),#11384);
#11380 = LINE('',#11381,#11382);
#11381 = CARTESIAN_POINT('',(6.766501883858,5.));
#11382 = VECTOR('',#11383,1.);
#11383 = DIRECTION('',(-1.,0.));
#11384 = ( GEOMETRIC_REPRESENTATION_CONTEXT(2) 
PARAMETRIC_REPRESENTATION_CONTEXT() REPRESENTATION_CONTEXT('2D SPACE',''
  ) );
#11385 = PCURVE('',#94,#11386);
#11386 = DEFINITIONAL_REPRESENTATION('',(#11387),#11395);
#11387 = ( BOUNDED_CURVE() B_SPLINE_CURVE(2,(#11388,#11389,#11390,#11391
    ,#11392,#11393,#11394),.UNSPECIFIED.,.T.,.F.) 
B_SPLINE_CURVE_WITH_KNOTS((1,2,2,2,2,1),(-2.094395102393,0.,
    2.094395102393,4.188790204786,6.28318530718,8.377580409573),
.UNSPECIFIED.) CURVE() GEOMETRIC_REPRESENTATION_ITEM() 
RATIONAL_B_SPLINE_CURVE((1.,0.5,1.,0.5,1.,0.5,1.)) REPRESENTATION_ITEM(
  '') );
#11388 = CARTESIAN_POINT('',(5.23441328,11.968754462));
#11389 = CARTESIAN_POINT('',(5.23441328,2.875487722263));
#11390 = CARTESIAN_POINT('',(-2.64058672,7.422121092132));
#11391 = CARTESIAN_POINT('',(-10.51558672,11.968754462));
#11392 = CARTESIAN_POINT('',(-2.64058672,16.515387831868));
#11393 = CARTESIAN_POINT('',(5.23441328,21.062021201737));
#11394 = CARTESIAN_POINT('',(5.23441328,11.968754462));
#11395 = ( GEOMETRIC_REPRESENTATION_CONTEXT(2) 
PARAMETRIC_REPRESENTATION_CONTEXT() REPRESENTATION_CONTEXT('2D SPACE',''
  ) );
#11396 = ORIENTED_EDGE('',*,*,#11397,.T.);
#11397 = EDGE_CURVE('',#11370,#5176,#11398,.T.);
#11398 = SURFACE_CURVE('',#11399,(#11408,#11414),.PCURVE_S1.);
#11399 = B_SPLINE_CURVE_WITH_KNOTS('',3,(#11400,#11401,#11402,#11403,
    #11404,#11405,#11406,#11407),.UNSPECIFIED.,.F.,.F.,(4,2,2,4),(0.,
    0.137957567463,0.275912485192,0.552034457884),.UNSPECIFIED.);
#11400 = CARTESIAN_POINT('',(-2.4847682242,33.414892100927,-4.4));
#11401 = CARTESIAN_POINT('',(-2.655657494109,33.507450877558,
    -4.816772868427));
#11402 = CARTESIAN_POINT('',(-2.821277112306,33.60942821439,
    -5.233214969666));
#11403 = CARTESIAN_POINT('',(-3.140443392352,33.831276895567,
    -6.066748470192));
#11404 = CARTESIAN_POINT('',(-3.293741744134,33.950975142635,
    -6.483205838958));
#11405 = CARTESIAN_POINT('',(-3.732888389139,34.334931816539,
    -7.734138862223));
#11406 = CARTESIAN_POINT('',(-3.996383840591,34.622737570127,
    -8.565856406732));
#11407 = CARTESIAN_POINT('',(-4.225668684096,34.937018243714,-9.4));
#11408 = PCURVE('',#5192,#11409);
#11409 = DEFINITIONAL_REPRESENTATION('',(#11410),#11413);
#11410 = B_SPLINE_CURVE_WITH_KNOTS('',1,(#11411,#11412),.UNSPECIFIED.,
  .F.,.F.,(2,2),(0.,0.552034457884),.PIECEWISE_BEZIER_KNOTS.);
#11411 = CARTESIAN_POINT('',(1.557718402809,5.));
#11412 = CARTESIAN_POINT('',(1.113603571501,0.));
#11413 = ( GEOMETRIC_REPRESENTATION_CONTEXT(2) 
PARAMETRIC_REPRESENTATION_CONTEXT() REPRESENTATION_CONTEXT('2D SPACE',''
  ) );
#11414 = PCURVE('',#5220,#11415);
#11415 = DEFINITIONAL_REPRESENTATION('',(#11416),#11419);
#11416 = B_SPLINE_CURVE_WITH_KNOTS('',1,(#11417,#11418),.UNSPECIFIED.,
  .F.,.F.,(2,2),(0.,0.552034457884),.PIECEWISE_BEZIER_KNOTS.);
#11417 = CARTESIAN_POINT('',(0.864998507116,0.625));
#11418 = CARTESIAN_POINT('',(0.865047345946,3.124312348005E-15));
#11419 = ( GEOMETRIC_REPRESENTATION_CONTEXT(2) 
PARAMETRIC_REPRESENTATION_CONTEXT() REPRESENTATION_CONTEXT('2D SPACE',''
  ) );
#11420 = ORIENTED_EDGE('',*,*,#5175,.T.);
#11421 = ADVANCED_FACE('',(#11422),#5220,.T.);
#11422 = FACE_BOUND('',#11423,.T.);
#11423 = EDGE_LOOP('',(#11424,#11425,#11445,#11446));
#11424 = ORIENTED_EDGE('',*,*,#11397,.F.);
#11425 = ORIENTED_EDGE('',*,*,#11426,.T.);
#11426 = EDGE_CURVE('',#11370,#6671,#11427,.T.);
#11427 = SURFACE_CURVE('',#11428,(#11432,#11438),.PCURVE_S1.);
#11428 = LINE('',#11429,#11430);
#11429 = CARTESIAN_POINT('',(-2.484768224593,33.414892101321,-4.4));
#11430 = VECTOR('',#11431,1.);
#11431 = DIRECTION('',(-0.476258109641,-0.879305528813,0.));
#11432 = PCURVE('',#5220,#11433);
#11433 = DEFINITIONAL_REPRESENTATION('',(#11434),#11437);
#11434 = B_SPLINE_CURVE_WITH_KNOTS('',1,(#11435,#11436),.UNSPECIFIED.,
  .F.,.F.,(2,2),(-4.964937568441E-14,0.640962171371),
  .PIECEWISE_BEZIER_KNOTS.);
#11435 = CARTESIAN_POINT('',(0.864998507332,0.624999999974));
#11436 = CARTESIAN_POINT('',(-1.891976257747E-06,0.625));
#11437 = ( GEOMETRIC_REPRESENTATION_CONTEXT(2) 
PARAMETRIC_REPRESENTATION_CONTEXT() REPRESENTATION_CONTEXT('2D SPACE',''
  ) );
#11438 = PCURVE('',#94,#11439);
#11439 = DEFINITIONAL_REPRESENTATION('',(#11440),#11444);
#11440 = LINE('',#11441,#11442);
#11441 = CARTESIAN_POINT('',(2.484769386593,16.585107929679));
#11442 = VECTOR('',#11443,1.);
#11443 = DIRECTION('',(0.476258109641,0.879305528813));
#11444 = ( GEOMETRIC_REPRESENTATION_CONTEXT(2) 
PARAMETRIC_REPRESENTATION_CONTEXT() REPRESENTATION_CONTEXT('2D SPACE',''
  ) );
#11445 = ORIENTED_EDGE('',*,*,#6670,.F.);
#11446 = ORIENTED_EDGE('',*,*,#5204,.T.);
#11447 = ADVANCED_FACE('',(#11448),#5610,.T.);
#11448 = FACE_BOUND('',#11449,.T.);
#11449 = EDGE_LOOP('',(#11450,#11451,#11479,#11503));
#11450 = ORIENTED_EDGE('',*,*,#6441,.T.);
#11451 = ORIENTED_EDGE('',*,*,#11452,.T.);
#11452 = EDGE_CURVE('',#6420,#11453,#11455,.T.);
#11453 = VERTEX_POINT('',#11454);
#11454 = CARTESIAN_POINT('',(-4.343693943,35.105641021,-4.4));
#11455 = SURFACE_CURVE('',#11456,(#11461,#11468),.PCURVE_S1.);
#11456 = CIRCLE('',#11457,5.25);
#11457 = AXIS2_PLACEMENT_3D('',#11458,#11459,#11460);
#11458 = CARTESIAN_POINT('',(1.5587882E-02,38.031245569,-4.4));
#11459 = DIRECTION('',(0.,0.,-1.));
#11460 = DIRECTION('',(-1.,0.,0.));
#11461 = PCURVE('',#5610,#11462);
#11462 = DEFINITIONAL_REPRESENTATION('',(#11463),#11467);
#11463 = LINE('',#11464,#11465);
#11464 = CARTESIAN_POINT('',(6.766501883858,5.));
#11465 = VECTOR('',#11466,1.);
#11466 = DIRECTION('',(-1.,0.));
#11467 = ( GEOMETRIC_REPRESENTATION_CONTEXT(2) 
PARAMETRIC_REPRESENTATION_CONTEXT() REPRESENTATION_CONTEXT('2D SPACE',''
  ) );
#11468 = PCURVE('',#94,#11469);
#11469 = DEFINITIONAL_REPRESENTATION('',(#11470),#11478);
#11470 = ( BOUNDED_CURVE() B_SPLINE_CURVE(2,(#11471,#11472,#11473,#11474
    ,#11475,#11476,#11477),.UNSPECIFIED.,.T.,.F.) 
B_SPLINE_CURVE_WITH_KNOTS((1,2,2,2,2,1),(-2.094395102393,0.,
    2.094395102393,4.188790204786,6.28318530718,8.377580409573),
.UNSPECIFIED.) CURVE() GEOMETRIC_REPRESENTATION_ITEM() 
RATIONAL_B_SPLINE_CURVE((1.,0.5,1.,0.5,1.,0.5,1.)) REPRESENTATION_ITEM(
  '') );
#11471 = CARTESIAN_POINT('',(5.23441328,11.968754462));
#11472 = CARTESIAN_POINT('',(5.23441328,2.875487722263));
#11473 = CARTESIAN_POINT('',(-2.64058672,7.422121092132));
#11474 = CARTESIAN_POINT('',(-10.51558672,11.968754462));
#11475 = CARTESIAN_POINT('',(-2.64058672,16.515387831868));
#11476 = CARTESIAN_POINT('',(5.23441328,21.062021201737));
#11477 = CARTESIAN_POINT('',(5.23441328,11.968754462));
#11478 = ( GEOMETRIC_REPRESENTATION_CONTEXT(2) 
PARAMETRIC_REPRESENTATION_CONTEXT() REPRESENTATION_CONTEXT('2D SPACE',''
  ) );
#11479 = ORIENTED_EDGE('',*,*,#11480,.T.);
#11480 = EDGE_CURVE('',#11453,#5594,#11481,.T.);
#11481 = SURFACE_CURVE('',#11482,(#11491,#11497),.PCURVE_S1.);
#11482 = B_SPLINE_CURVE_WITH_KNOTS('',3,(#11483,#11484,#11485,#11486,
    #11487,#11488,#11489,#11490),.UNSPECIFIED.,.F.,.F.,(4,2,2,4),(
    2.457718568628E-09,0.137957572145,0.275912487072,0.552034472707),
  .UNSPECIFIED.);
#11483 = CARTESIAN_POINT('',(-4.343693942589,35.105641020567,
    -4.400000000274));
#11484 = CARTESIAN_POINT('',(-4.45199466159,35.267013943023,
    -4.816772883775));
#11485 = CARTESIAN_POINT('',(-4.551252309867,35.434277649744,
    -5.233214962304));
#11486 = CARTESIAN_POINT('',(-4.730761785684,35.779038853335,
    -6.066748470025));
#11487 = CARTESIAN_POINT('',(-4.8108741818,35.956267673032,
    -6.483205866401));
#11488 = CARTESIAN_POINT('',(-5.021285661645,36.500326035144,
    -7.734138936518));
#11489 = CARTESIAN_POINT('',(-5.120849300472,36.877617826565,
    -8.565856360934));
#11490 = CARTESIAN_POINT('',(-5.177817438327,37.262453543287,-9.4));
#11491 = PCURVE('',#5610,#11492);
#11492 = DEFINITIONAL_REPRESENTATION('',(#11493),#11496);
#11493 = B_SPLINE_CURVE_WITH_KNOTS('',1,(#11494,#11495),.UNSPECIFIED.,
  .F.,.F.,(2,2),(2.457718568628E-09,0.552034472707),
  .PIECEWISE_BEZIER_KNOTS.);
#11494 = CARTESIAN_POINT('',(1.074396450252,4.999999999726));
#11495 = CARTESIAN_POINT('',(0.630281624919,0.));
#11496 = ( GEOMETRIC_REPRESENTATION_CONTEXT(2) 
PARAMETRIC_REPRESENTATION_CONTEXT() REPRESENTATION_CONTEXT('2D SPACE',''
  ) );
#11497 = PCURVE('',#5638,#11498);
#11498 = DEFINITIONAL_REPRESENTATION('',(#11499),#11502);
#11499 = B_SPLINE_CURVE_WITH_KNOTS('',1,(#11500,#11501),.UNSPECIFIED.,
  .F.,.F.,(2,2),(2.457718568628E-09,0.552034472707),
  .PIECEWISE_BEZIER_KNOTS.);
#11500 = CARTESIAN_POINT('',(0.864999865198,0.625000000216));
#11501 = CARTESIAN_POINT('',(0.865047346576,1.520957004239E-15));
#11502 = ( GEOMETRIC_REPRESENTATION_CONTEXT(2) 
PARAMETRIC_REPRESENTATION_CONTEXT() REPRESENTATION_CONTEXT('2D SPACE',''
  ) );
#11503 = ORIENTED_EDGE('',*,*,#5593,.T.);
#11504 = ADVANCED_FACE('',(#11505),#5638,.T.);
#11505 = FACE_BOUND('',#11506,.T.);
#11506 = EDGE_LOOP('',(#11507,#11508,#11528,#11529));
#11507 = ORIENTED_EDGE('',*,*,#11480,.F.);
#11508 = ORIENTED_EDGE('',*,*,#11509,.T.);
#11509 = EDGE_CURVE('',#11453,#6259,#11510,.T.);
#11510 = SURFACE_CURVE('',#11511,(#11515,#11521),.PCURVE_S1.);
#11511 = LINE('',#11512,#11513);
#11512 = CARTESIAN_POINT('',(-4.343693942703,35.105641020558,
    -4.400000000248));
#11513 = VECTOR('',#11514,1.);
#11514 = DIRECTION('',(-0.830339271578,-0.557258193367,
    -5.644908476797E-11));
#11515 = PCURVE('',#5638,#11516);
#11516 = DEFINITIONAL_REPRESENTATION('',(#11517),#11520);
#11517 = B_SPLINE_CURVE_WITH_KNOTS('',1,(#11518,#11519),.UNSPECIFIED.,
  .F.,.F.,(2,2),(-1.897433263972E-14,0.640960139739),
  .PIECEWISE_BEZIER_KNOTS.);
#11518 = CARTESIAN_POINT('',(0.864999865062,0.625000000216));
#11519 = CARTESIAN_POINT('',(2.391227952812E-06,0.625000000214));
#11520 = ( GEOMETRIC_REPRESENTATION_CONTEXT(2) 
PARAMETRIC_REPRESENTATION_CONTEXT() REPRESENTATION_CONTEXT('2D SPACE',''
  ) );
#11521 = PCURVE('',#94,#11522);
#11522 = DEFINITIONAL_REPRESENTATION('',(#11523),#11527);
#11523 = LINE('',#11524,#11525);
#11524 = CARTESIAN_POINT('',(4.343695104703,14.894359010442));
#11525 = VECTOR('',#11526,1.);
#11526 = DIRECTION('',(0.830339271578,0.557258193367));
#11527 = ( GEOMETRIC_REPRESENTATION_CONTEXT(2) 
PARAMETRIC_REPRESENTATION_CONTEXT() REPRESENTATION_CONTEXT('2D SPACE',''
  ) );
#11528 = ORIENTED_EDGE('',*,*,#6258,.F.);
#11529 = ORIENTED_EDGE('',*,*,#5622,.T.);
#11530 = ADVANCED_FACE('',(#11531),#6026,.T.);
#11531 = FACE_BOUND('',#11532,.T.);
#11532 = EDGE_LOOP('',(#11533,#11534,#11562,#11586));
#11533 = ORIENTED_EDGE('',*,*,#6091,.T.);
#11534 = ORIENTED_EDGE('',*,*,#11535,.T.);
#11535 = EDGE_CURVE('',#6070,#11536,#11538,.T.);
#11536 = VERTEX_POINT('',#11537);
#11537 = CARTESIAN_POINT('',(-5.203960694,37.466610588,-4.4));
#11538 = SURFACE_CURVE('',#11539,(#11544,#11551),.PCURVE_S1.);
#11539 = CIRCLE('',#11540,5.25);
#11540 = AXIS2_PLACEMENT_3D('',#11541,#11542,#11543);
#11541 = CARTESIAN_POINT('',(1.5587882E-02,38.031245569,-4.4));
#11542 = DIRECTION('',(0.,0.,-1.));
#11543 = DIRECTION('',(-1.,0.,0.));
#11544 = PCURVE('',#6026,#11545);
#11545 = DEFINITIONAL_REPRESENTATION('',(#11546),#11550);
#11546 = LINE('',#11547,#11548);
#11547 = CARTESIAN_POINT('',(6.766501883858,5.));
#11548 = VECTOR('',#11549,1.);
#11549 = DIRECTION('',(-1.,0.));
#11550 = ( GEOMETRIC_REPRESENTATION_CONTEXT(2) 
PARAMETRIC_REPRESENTATION_CONTEXT() REPRESENTATION_CONTEXT('2D SPACE',''
  ) );
#11551 = PCURVE('',#94,#11552);
#11552 = DEFINITIONAL_REPRESENTATION('',(#11553),#11561);
#11553 = ( BOUNDED_CURVE() B_SPLINE_CURVE(2,(#11554,#11555,#11556,#11557
    ,#11558,#11559,#11560),.UNSPECIFIED.,.T.,.F.) 
B_SPLINE_CURVE_WITH_KNOTS((1,2,2,2,2,1),(-2.094395102393,0.,
    2.094395102393,4.188790204786,6.28318530718,8.377580409573),
.UNSPECIFIED.) CURVE() GEOMETRIC_REPRESENTATION_ITEM() 
RATIONAL_B_SPLINE_CURVE((1.,0.5,1.,0.5,1.,0.5,1.)) REPRESENTATION_ITEM(
  '') );
#11554 = CARTESIAN_POINT('',(5.23441328,11.968754462));
#11555 = CARTESIAN_POINT('',(5.23441328,2.875487722263));
#11556 = CARTESIAN_POINT('',(-2.64058672,7.422121092132));
#11557 = CARTESIAN_POINT('',(-10.51558672,11.968754462));
#11558 = CARTESIAN_POINT('',(-2.64058672,16.515387831868));
#11559 = CARTESIAN_POINT('',(5.23441328,21.062021201737));
#11560 = CARTESIAN_POINT('',(5.23441328,11.968754462));
#11561 = ( GEOMETRIC_REPRESENTATION_CONTEXT(2) 
PARAMETRIC_REPRESENTATION_CONTEXT() REPRESENTATION_CONTEXT('2D SPACE',''
  ) );
#11562 = ORIENTED_EDGE('',*,*,#11563,.T.);
#11563 = EDGE_CURVE('',#11536,#116,#11564,.T.);
#11564 = SURFACE_CURVE('',#11565,(#11574,#11580),.PCURVE_S1.);
#11565 = B_SPLINE_CURVE_WITH_KNOTS('',3,(#11566,#11567,#11568,#11569,
    #11570,#11571,#11572,#11573),.UNSPECIFIED.,.F.,.F.,(4,2,2,4),(
    1.21545679026E-09,0.137957567129,0.27591249095,0.552034439215),
  .UNSPECIFIED.);
#11566 = CARTESIAN_POINT('',(-5.203960694092,37.466610587956,
    -4.400000000016));
#11567 = CARTESIAN_POINT('',(-5.224862488206,37.659829097908,
    -4.816772854402));
#11568 = CARTESIAN_POINT('',(-5.235019453029,37.854061112661,
    -5.233214947468));
#11569 = CARTESIAN_POINT('',(-5.233748680287,38.242754262241,
    -6.066748452816));
#11570 = CARTESIAN_POINT('',(-5.222322341218,38.436912709924,
    -6.483205784091));
#11571 = CARTESIAN_POINT('',(-5.155795912223,39.016435581558,
    -7.734138737753));
#11572 = CARTESIAN_POINT('',(-5.068618896522,39.39678036768,
    -8.565856483767));
#11573 = CARTESIAN_POINT('',(-4.940219621288,39.764009831775,
    -9.39999999999));
#11574 = PCURVE('',#6026,#11575);
#11575 = DEFINITIONAL_REPRESENTATION('',(#11576),#11579);
#11576 = B_SPLINE_CURVE_WITH_KNOTS('',1,(#11577,#11578),.UNSPECIFIED.,
  .F.,.F.,(2,2),(1.21545679026E-09,0.552034439215),
  .PIECEWISE_BEZIER_KNOTS.);
#11577 = CARTESIAN_POINT('',(0.591074519316,4.999999999984));
#11578 = CARTESIAN_POINT('',(0.146959678164,1.046984721143E-11));
#11579 = ( GEOMETRIC_REPRESENTATION_CONTEXT(2) 
PARAMETRIC_REPRESENTATION_CONTEXT() REPRESENTATION_CONTEXT('2D SPACE',''
  ) );
#11580 = PCURVE('',#131,#11581);
#11581 = DEFINITIONAL_REPRESENTATION('',(#11582),#11585);
#11582 = B_SPLINE_CURVE_WITH_KNOTS('',1,(#11583,#11584),.UNSPECIFIED.,
  .F.,.F.,(2,2),(1.21545679026E-09,0.552034439215),
  .PIECEWISE_BEZIER_KNOTS.);
#11583 = CARTESIAN_POINT('',(0.864996270392,0.624999999623));
#11584 = CARTESIAN_POINT('',(0.865047347066,1.306801920687E-12));
#11585 = ( GEOMETRIC_REPRESENTATION_CONTEXT(2) 
PARAMETRIC_REPRESENTATION_CONTEXT() REPRESENTATION_CONTEXT('2D SPACE',''
  ) );
#11586 = ORIENTED_EDGE('',*,*,#6011,.T.);
#11587 = ADVANCED_FACE('',(#11588),#552,.T.);
#11588 = FACE_BOUND('',#11589,.T.);
#11589 = EDGE_LOOP('',(#11590,#11615,#11635,#11636,#11637));
#11590 = ORIENTED_EDGE('',*,*,#11591,.T.);
#11591 = EDGE_CURVE('',#392,#11592,#11594,.T.);
#11592 = VERTEX_POINT('',#11593);
#11593 = CARTESIAN_POINT('',(-5.773586782912,39.12159122055,
    -4.400000013949));
#11594 = SURFACE_CURVE('',#11595,(#11602,#11609),.PCURVE_S1.);
#11595 = B_SPLINE_CURVE_WITH_KNOTS('',3,(#11596,#11597,#11598,#11599,
    #11600,#11601),.UNSPECIFIED.,.F.,.F.,(4,2,4),(0.,0.5,0.625),
  .UNSPECIFIED.);
#11596 = CARTESIAN_POINT('',(-4.743543703,41.503212565,-9.4));
#11597 = CARTESIAN_POINT('',(-5.15496624,40.939643906,-8.066666667));
#11598 = CARTESIAN_POINT('',(-5.464703811,40.3023541,-6.733333333));
#11599 = CARTESIAN_POINT('',(-5.701516871,39.462981709,-5.066666667));
#11600 = CARTESIAN_POINT('',(-5.741352674,39.293000644,-4.733333333));
#11601 = CARTESIAN_POINT('',(-5.773586779,39.12159126,-4.4));
#11602 = PCURVE('',#552,#11603);
#11603 = DEFINITIONAL_REPRESENTATION('',(#11604),#11608);
#11604 = LINE('',#11605,#11606);
#11605 = CARTESIAN_POINT('',(1.,-2.794635684691E-16));
#11606 = VECTOR('',#11607,1.);
#11607 = DIRECTION('',(-3.5527136788E-15,1.));
#11608 = ( GEOMETRIC_REPRESENTATION_CONTEXT(2) 
PARAMETRIC_REPRESENTATION_CONTEXT() REPRESENTATION_CONTEXT('2D SPACE',''
  ) );
#11609 = PCURVE('',#493,#11610);
#11610 = DEFINITIONAL_REPRESENTATION('',(#11611),#11614);
#11611 = B_SPLINE_CURVE_WITH_KNOTS('',1,(#11612,#11613),.UNSPECIFIED.,
  .F.,.F.,(2,2),(0.,0.625),.PIECEWISE_BEZIER_KNOTS.);
#11612 = CARTESIAN_POINT('',(-3.976044276537E-15,4.80325922745E-16));
#11613 = CARTESIAN_POINT('',(4.86830074791E-07,0.624999994769));
#11614 = ( GEOMETRIC_REPRESENTATION_CONTEXT(2) 
PARAMETRIC_REPRESENTATION_CONTEXT() REPRESENTATION_CONTEXT('2D SPACE',''
  ) );
#11615 = ORIENTED_EDGE('',*,*,#11616,.T.);
#11616 = EDGE_CURVE('',#11592,#10602,#11617,.T.);
#11617 = SURFACE_CURVE('',#11618,(#11622,#11628),.PCURVE_S1.);
#11618 = LINE('',#11619,#11620);
#11619 = CARTESIAN_POINT('',(-5.773586779,39.12159126,-4.4));
#11620 = VECTOR('',#11621,1.);
#11621 = DIRECTION('',(0.982721991218,-0.185087784514,0.));
#11622 = PCURVE('',#552,#11623);
#11623 = DEFINITIONAL_REPRESENTATION('',(#11624),#11627);
#11624 = B_SPLINE_CURVE_WITH_KNOTS('',1,(#11625,#11626),.UNSPECIFIED.,
  .F.,.F.,(2,2),(3.457232614187E-09,0.640958918441),
  .PIECEWISE_BEZIER_KNOTS.);
#11625 = CARTESIAN_POINT('',(0.999999995334,0.625));
#11626 = CARTESIAN_POINT('',(0.135003691655,0.625));
#11627 = ( GEOMETRIC_REPRESENTATION_CONTEXT(2) 
PARAMETRIC_REPRESENTATION_CONTEXT() REPRESENTATION_CONTEXT('2D SPACE',''
  ) );
#11628 = PCURVE('',#94,#11629);
#11629 = DEFINITIONAL_REPRESENTATION('',(#11630),#11634);
#11630 = LINE('',#11631,#11632);
#11631 = CARTESIAN_POINT('',(5.773587941,10.878408771));
#11632 = VECTOR('',#11633,1.);
#11633 = DIRECTION('',(-0.982721991218,0.185087784514));
#11634 = ( GEOMETRIC_REPRESENTATION_CONTEXT(2) 
PARAMETRIC_REPRESENTATION_CONTEXT() REPRESENTATION_CONTEXT('2D SPACE',''
  ) );
#11635 = ORIENTED_EDGE('',*,*,#10599,.F.);
#11636 = ORIENTED_EDGE('',*,*,#10653,.F.);
#11637 = ORIENTED_EDGE('',*,*,#536,.T.);
#11638 = ADVANCED_FACE('',(#11639),#493,.T.);
#11639 = FACE_BOUND('',#11640,.T.);
#11640 = EDGE_LOOP('',(#11641,#11668,#11768,#11769));
#11641 = ORIENTED_EDGE('',*,*,#11642,.T.);
#11642 = EDGE_CURVE('',#332,#11643,#11645,.T.);
#11643 = VERTEX_POINT('',#11644);
#11644 = CARTESIAN_POINT('',(-7.468244064312,38.522617788347,
    -4.400000000001));
#11645 = SURFACE_CURVE('',#11646,(#11654,#11661),.PCURVE_S1.);
#11646 = B_SPLINE_CURVE_WITH_KNOTS('',3,(#11647,#11648,#11649,#11650,
    #11651,#11652,#11653),.UNSPECIFIED.,.F.,.F.,(4,3,4),(0.,0.4999999997
    ,0.625),.UNSPECIFIED.);
#11647 = CARTESIAN_POINT('',(-6.531172335,41.690470987,-9.4));
#11648 = CARTESIAN_POINT('',(-6.964843025,40.915171686,-8.066666667));
#11649 = CARTESIAN_POINT('',(-7.258703244,40.062271762,-6.733333333));
#11650 = CARTESIAN_POINT('',(-7.395296570181,39.184561036204,
    -5.400000000733));
#11651 = CARTESIAN_POINT('',(-7.429444901829,38.965133354098,
    -5.066666666668));
#11652 = CARTESIAN_POINT('',(-7.453757666757,38.74419603121,
    -4.733333333335));
#11653 = CARTESIAN_POINT('',(-7.468244061783,38.522617785325,
    -4.400000000003));
#11654 = PCURVE('',#493,#11655);
#11655 = DEFINITIONAL_REPRESENTATION('',(#11656),#11660);
#11656 = LINE('',#11657,#11658);
#11657 = CARTESIAN_POINT('',(1.,-1.811603838014E-17));
#11658 = VECTOR('',#11659,1.);
#11659 = DIRECTION('',(-1.202120553169E-08,1.));
#11660 = ( GEOMETRIC_REPRESENTATION_CONTEXT(2) 
PARAMETRIC_REPRESENTATION_CONTEXT() REPRESENTATION_CONTEXT('2D SPACE',''
  ) );
#11661 = PCURVE('',#348,#11662);
#11662 = DEFINITIONAL_REPRESENTATION('',(#11663),#11667);
#11663 = LINE('',#11664,#11665);
#11664 = CARTESIAN_POINT('',(1.449452015522E-14,-1.798756490537E-16));
#11665 = VECTOR('',#11666,1.);
#11666 = DIRECTION('',(1.382920164936E-14,1.));
#11667 = ( GEOMETRIC_REPRESENTATION_CONTEXT(2) 
PARAMETRIC_REPRESENTATION_CONTEXT() REPRESENTATION_CONTEXT('2D SPACE',''
  ) );
#11668 = ORIENTED_EDGE('',*,*,#11669,.T.);
#11669 = EDGE_CURVE('',#11643,#11592,#11670,.T.);
#11670 = SURFACE_CURVE('',#11671,(#11715,#11721),.PCURVE_S1.);
#11671 = B_SPLINE_CURVE_WITH_KNOTS('',3,(#11672,#11673,#11674,#11675,
    #11676,#11677,#11678,#11679,#11680,#11681,#11682,#11683,#11684,
    #11685,#11686,#11687,#11688,#11689,#11690,#11691,#11692,#11693,
    #11694,#11695,#11696,#11697,#11698,#11699,#11700,#11701,#11702,
    #11703,#11704,#11705,#11706,#11707,#11708,#11709,#11710,#11711,
    #11712,#11713,#11714),.UNSPECIFIED.,.F.,.F.,(4,3,3,3,3,3,3,3,3,3,3,3
    ,3,3,4),(1.202312262702E-11,2.42332258311E-04,4.768678346088E-04,
    6.999742039795E-04,8.659141862333E-04,9.1549E-04,1.023833754298E-03,
    1.147476012787E-03,1.281156505054E-03,1.373236E-03,
    1.481218692828E-03,1.577118440143E-03,1.667966906032E-03,
    1.752108461973E-03,1.830980978101E-03),.UNSPECIFIED.);
#11672 = CARTESIAN_POINT('',(-7.468244068065,38.522617793817,-4.4));
#11673 = CARTESIAN_POINT('',(-7.401493906047,38.568414835691,-4.4));
#11674 = CARTESIAN_POINT('',(-7.333192232764,38.612772881488,
    -4.400000012221));
#11675 = CARTESIAN_POINT('',(-7.263663476553,38.655193405689,
    -4.400000028036));
#11676 = CARTESIAN_POINT('',(-7.196371701905,38.696249114298,
    -4.400000043342));
#11677 = CARTESIAN_POINT('',(-7.127931079929,38.735489310568,
    -4.400000062016));
#11678 = CARTESIAN_POINT('',(-7.058660789689,38.77250212099,
    -4.400000076236));
#11679 = CARTESIAN_POINT('',(-6.99276612584,38.807711251664,
    -4.400000089763));
#11680 = CARTESIAN_POINT('',(-6.92612119555,38.840904461319,
    -4.40000009926));
#11681 = CARTESIAN_POINT('',(-6.859016188301,38.871770840031,
    -4.400000097996));
#11682 = CARTESIAN_POINT('',(-6.809105449565,38.894728348371,
    -4.400000097055));
#11683 = CARTESIAN_POINT('',(-6.758940541872,38.916399497009,
    -4.400000090162));
#11684 = CARTESIAN_POINT('',(-6.708644414017,38.936674881412,
    -4.400000074545));
#11685 = CARTESIAN_POINT('',(-6.693618068745,38.942732304509,
    -4.400000069879));
#11686 = CARTESIAN_POINT('',(-6.678401364485,38.94875364361,
    -4.400000064435));
#11687 = CARTESIAN_POINT('',(-6.663013205071,38.954720417855,
    -4.400000058138));
#11688 = CARTESIAN_POINT('',(-6.629383682205,38.967760299073,
    -4.400000044378));
#11689 = CARTESIAN_POINT('',(-6.595452885111,38.980339092497,
    -4.400000033874));
#11690 = CARTESIAN_POINT('',(-6.561314958024,38.99235685633,
    -4.400000025881));
#11691 = CARTESIAN_POINT('',(-6.522356640283,39.006071569023,
    -4.40000001676));
#11692 = CARTESIAN_POINT('',(-6.483128334602,39.019056800949,
    -4.400000010908));
#11693 = CARTESIAN_POINT('',(-6.443703676775,39.031178193996,
    -4.400000007218));
#11694 = CARTESIAN_POINT('',(-6.401078220639,39.044283695377,
    -4.400000003228));
#11695 = CARTESIAN_POINT('',(-6.358221728029,39.056381685369,
    -4.400000001765));
#11696 = CARTESIAN_POINT('',(-6.315169501163,39.067289414751,
    -4.400000001426));
#11697 = CARTESIAN_POINT('',(-6.285515007535,39.074802689092,
    -4.400000001193));
#11698 = CARTESIAN_POINT('',(-6.255766401611,39.081750982735,
    -4.400000001493));
#11699 = CARTESIAN_POINT('',(-6.225927440797,39.088062290809,
    -4.400000001869));
#11700 = CARTESIAN_POINT('',(-6.190934944999,39.095463635065,
    -4.40000000231));
#11701 = CARTESIAN_POINT('',(-6.155888030451,39.101976621946,
    -4.400000002439));
#11702 = CARTESIAN_POINT('',(-6.120718124183,39.107475933789,
    -4.400000002379));
#11703 = CARTESIAN_POINT('',(-6.089483626914,39.112359888822,
    -4.400000002325));
#11704 = CARTESIAN_POINT('',(-6.058151475977,39.116444386113,
    -4.400000002122));
#11705 = CARTESIAN_POINT('',(-6.026681522406,39.119601519539,
    -4.400000001856));
#11706 = CARTESIAN_POINT('',(-5.996869170615,39.12259235879,
    -4.400000001603));
#11707 = CARTESIAN_POINT('',(-5.966932677644,39.124751284969,
    -4.400000001294));
#11708 = CARTESIAN_POINT('',(-5.936852987881,39.125928154792,
    -4.400000001));
#11709 = CARTESIAN_POINT('',(-5.908993938484,39.127018141916,
    -4.400000000729));
#11710 = CARTESIAN_POINT('',(-5.881011802643,39.127265796601,
    -4.400000000471));
#11711 = CARTESIAN_POINT('',(-5.852909524463,39.126512877441,
    -4.400000000285));
#11712 = CARTESIAN_POINT('',(-5.826567042864,39.125807106935,
    -4.400000000111));
#11713 = CARTESIAN_POINT('',(-5.800118805272,39.12422224155,-4.4));
#11714 = CARTESIAN_POINT('',(-5.773586789075,39.121591158407,-4.4));
#11715 = PCURVE('',#493,#11716);
#11716 = DEFINITIONAL_REPRESENTATION('',(#11717),#11720);
#11717 = B_SPLINE_CURVE_WITH_KNOTS('',1,(#11718,#11719),.UNSPECIFIED.,
  .F.,.F.,(2,2),(1.202312262702E-11,1.830980978101E-03),
  .PIECEWISE_BEZIER_KNOTS.);
#11718 = CARTESIAN_POINT('',(0.99999999363,0.625));
#11719 = CARTESIAN_POINT('',(4.857361922702E-07,0.625));
#11720 = ( GEOMETRIC_REPRESENTATION_CONTEXT(2) 
PARAMETRIC_REPRESENTATION_CONTEXT() REPRESENTATION_CONTEXT('2D SPACE',''
  ) );
#11721 = PCURVE('',#94,#11722);
#11722 = DEFINITIONAL_REPRESENTATION('',(#11723),#11767);
#11723 = B_SPLINE_CURVE_WITH_KNOTS('',3,(#11724,#11725,#11726,#11727,
    #11728,#11729,#11730,#11731,#11732,#11733,#11734,#11735,#11736,
    #11737,#11738,#11739,#11740,#11741,#11742,#11743,#11744,#11745,
    #11746,#11747,#11748,#11749,#11750,#11751,#11752,#11753,#11754,
    #11755,#11756,#11757,#11758,#11759,#11760,#11761,#11762,#11763,
    #11764,#11765,#11766),.UNSPECIFIED.,.F.,.F.,(4,3,3,3,3,3,3,3,3,3,3,3
    ,3,3,4),(1.202312262702E-11,2.42332258311E-04,4.768678346088E-04,
    6.999742039795E-04,8.659141862333E-04,9.1549E-04,1.023833754298E-03,
    1.147476012787E-03,1.281156505054E-03,1.373236E-03,
    1.481218692828E-03,1.577118440143E-03,1.667966906032E-03,
    1.752108461973E-03,1.830980978101E-03),.UNSPECIFIED.);
#11724 = CARTESIAN_POINT('',(7.468245230065,11.477382237183));
#11725 = CARTESIAN_POINT('',(7.401495068047,11.431585195309));
#11726 = CARTESIAN_POINT('',(7.333193394764,11.387227149512));
#11727 = CARTESIAN_POINT('',(7.263664638553,11.344806625311));
#11728 = CARTESIAN_POINT('',(7.196372863905,11.303750916702));
#11729 = CARTESIAN_POINT('',(7.127932241929,11.264510720432));
#11730 = CARTESIAN_POINT('',(7.058661951689,11.22749791001));
#11731 = CARTESIAN_POINT('',(6.99276728784,11.192288779336));
#11732 = CARTESIAN_POINT('',(6.92612235755,11.159095569681));
#11733 = CARTESIAN_POINT('',(6.859017350301,11.128229190969));
#11734 = CARTESIAN_POINT('',(6.809106611565,11.105271682629));
#11735 = CARTESIAN_POINT('',(6.758941703872,11.083600533991));
#11736 = CARTESIAN_POINT('',(6.708645576017,11.063325149588));
#11737 = CARTESIAN_POINT('',(6.693619230745,11.057267726491));
#11738 = CARTESIAN_POINT('',(6.678402526485,11.05124638739));
#11739 = CARTESIAN_POINT('',(6.663014367071,11.045279613145));
#11740 = CARTESIAN_POINT('',(6.629384844205,11.032239731927));
#11741 = CARTESIAN_POINT('',(6.595454047111,11.019660938503));
#11742 = CARTESIAN_POINT('',(6.561316120024,11.00764317467));
#11743 = CARTESIAN_POINT('',(6.522357802283,10.993928461977));
#11744 = CARTESIAN_POINT('',(6.483129496602,10.98094323005));
#11745 = CARTESIAN_POINT('',(6.443704838775,10.968821837004));
#11746 = CARTESIAN_POINT('',(6.401079382639,10.955716335623));
#11747 = CARTESIAN_POINT('',(6.358222890029,10.943618345631));
#11748 = CARTESIAN_POINT('',(6.315170663163,10.932710616249));
#11749 = CARTESIAN_POINT('',(6.285516169535,10.925197341908));
#11750 = CARTESIAN_POINT('',(6.255767563611,10.918249048265));
#11751 = CARTESIAN_POINT('',(6.225928602797,10.911937740191));
#11752 = CARTESIAN_POINT('',(6.190936106999,10.904536395935));
#11753 = CARTESIAN_POINT('',(6.155889192451,10.898023409054));
#11754 = CARTESIAN_POINT('',(6.120719286183,10.892524097211));
#11755 = CARTESIAN_POINT('',(6.089484788914,10.887640142178));
#11756 = CARTESIAN_POINT('',(6.058152637977,10.883555644887));
#11757 = CARTESIAN_POINT('',(6.026682684406,10.880398511461));
#11758 = CARTESIAN_POINT('',(5.996870332615,10.87740767221));
#11759 = CARTESIAN_POINT('',(5.966933839644,10.875248746031));
#11760 = CARTESIAN_POINT('',(5.936854149881,10.874071876208));
#11761 = CARTESIAN_POINT('',(5.908995100484,10.872981889084));
#11762 = CARTESIAN_POINT('',(5.881012964643,10.872734234399));
#11763 = CARTESIAN_POINT('',(5.852910686463,10.873487153559));
#11764 = CARTESIAN_POINT('',(5.826568204864,10.874192924065));
#11765 = CARTESIAN_POINT('',(5.800119967272,10.87577778945));
#11766 = CARTESIAN_POINT('',(5.773587951075,10.878408872593));
#11767 = ( GEOMETRIC_REPRESENTATION_CONTEXT(2) 
PARAMETRIC_REPRESENTATION_CONTEXT() REPRESENTATION_CONTEXT('2D SPACE',''
  ) );
#11768 = ORIENTED_EDGE('',*,*,#11591,.F.);
#11769 = ORIENTED_EDGE('',*,*,#391,.T.);
#11770 = ADVANCED_FACE('',(#11771),#348,.T.);
#11771 = FACE_BOUND('',#11772,.T.);
#11772 = EDGE_LOOP('',(#11773,#11799,#11824,#11825));
#11773 = ORIENTED_EDGE('',*,*,#11774,.T.);
#11774 = EDGE_CURVE('',#175,#11775,#11777,.T.);
#11775 = VERTEX_POINT('',#11776);
#11776 = CARTESIAN_POINT('',(-7.48373973,38.127539842,-4.4));
#11777 = SURFACE_CURVE('',#11778,(#11785,#11792),.PCURVE_S1.);
#11778 = B_SPLINE_CURVE_WITH_KNOTS('',3,(#11779,#11780,#11781,#11782,
    #11783,#11784),.UNSPECIFIED.,.F.,.F.,(4,2,4),(0.,0.5,0.625),
  .UNSPECIFIED.);
#11779 = CARTESIAN_POINT('',(-6.714914826,41.340374353,-9.4));
#11780 = CARTESIAN_POINT('',(-7.107124908,40.543298118,-8.066666667));
#11781 = CARTESIAN_POINT('',(-7.355629275,39.676097052,-6.733333333));
#11782 = CARTESIAN_POINT('',(-7.468314889,38.571485197,-5.066666667));
#11783 = CARTESIAN_POINT('',(-7.480950555,38.349573612,-4.733333333));
#11784 = CARTESIAN_POINT('',(-7.48373973,38.127539842,-4.4));
#11785 = PCURVE('',#348,#11786);
#11786 = DEFINITIONAL_REPRESENTATION('',(#11787),#11791);
#11787 = LINE('',#11788,#11789);
#11788 = CARTESIAN_POINT('',(1.,2.731324854556E-17));
#11789 = VECTOR('',#11790,1.);
#11790 = DIRECTION('',(-2.70648676641E-09,1.));
#11791 = ( GEOMETRIC_REPRESENTATION_CONTEXT(2) 
PARAMETRIC_REPRESENTATION_CONTEXT() REPRESENTATION_CONTEXT('2D SPACE',''
  ) );
#11792 = PCURVE('',#288,#11793);
#11793 = DEFINITIONAL_REPRESENTATION('',(#11794),#11798);
#11794 = LINE('',#11795,#11796);
#11795 = CARTESIAN_POINT('',(-1.292234332597E-15,-2.109126386248E-16));
#11796 = VECTOR('',#11797,1.);
#11797 = DIRECTION('',(-4.203991234446E-10,1.));
#11798 = ( GEOMETRIC_REPRESENTATION_CONTEXT(2) 
PARAMETRIC_REPRESENTATION_CONTEXT() REPRESENTATION_CONTEXT('2D SPACE',''
  ) );
#11799 = ORIENTED_EDGE('',*,*,#11800,.T.);
#11800 = EDGE_CURVE('',#11775,#11643,#11801,.T.);
#11801 = SURFACE_CURVE('',#11802,(#11807,#11813),.PCURVE_S1.);
#11802 = CIRCLE('',#11803,7.499939820074);
#11803 = AXIS2_PLACEMENT_3D('',#11804,#11805,#11806);
#11804 = CARTESIAN_POINT('',(1.55818902259E-02,38.031245803243,
    -4.400000000009));
#11805 = DIRECTION('',(-1.172705145215E-12,-5.991921937632E-15,-1.));
#11806 = DIRECTION('',(-0.997851467021,6.551678993859E-02,
    1.169792978045E-12));
#11807 = PCURVE('',#348,#11808);
#11808 = DEFINITIONAL_REPRESENTATION('',(#11809),#11812);
#11809 = B_SPLINE_CURVE_WITH_KNOTS('',1,(#11810,#11811),.UNSPECIFIED.,
  .F.,.F.,(2,2),(6.230461216189,6.28318530718),
  .PIECEWISE_BEZIER_KNOTS.);
#11810 = CARTESIAN_POINT('',(0.999999998308,0.625000000375));
#11811 = CARTESIAN_POINT('',(8.529162817865E-10,0.625000000375));
#11812 = ( GEOMETRIC_REPRESENTATION_CONTEXT(2) 
PARAMETRIC_REPRESENTATION_CONTEXT() REPRESENTATION_CONTEXT('2D SPACE',''
  ) );
#11813 = PCURVE('',#94,#11814);
#11814 = DEFINITIONAL_REPRESENTATION('',(#11815),#11823);
#11815 = ( BOUNDED_CURVE() B_SPLINE_CURVE(2,(#11816,#11817,#11818,#11819
    ,#11820,#11821,#11822),.UNSPECIFIED.,.T.,.F.) 
B_SPLINE_CURVE_WITH_KNOTS((1,2,2,2,2,1),(-2.094395102393,0.,
    2.094395102393,4.188790204786,6.28318530718,8.377580409573),
.UNSPECIFIED.) CURVE() GEOMETRIC_REPRESENTATION_ITEM() 
RATIONAL_B_SPLINE_CURVE((1.,0.5,1.,0.5,1.,0.5,1.)) REPRESENTATION_ITEM(
  '') );
#11816 = CARTESIAN_POINT('',(7.468245223805,11.477382246013));
#11817 = CARTESIAN_POINT('',(6.617163986009,-1.484984537907));
#11818 = CARTESIAN_POINT('',(-4.183034323139,5.733256826669));
#11819 = CARTESIAN_POINT('',(-14.98323263228,12.951498191244));
#11820 = CARTESIAN_POINT('',(-3.331953085343,18.695623610588));
#11821 = CARTESIAN_POINT('',(8.319326461601,24.439749029933));
#11822 = CARTESIAN_POINT('',(7.468245223805,11.477382246013));
#11823 = ( GEOMETRIC_REPRESENTATION_CONTEXT(2) 
PARAMETRIC_REPRESENTATION_CONTEXT() REPRESENTATION_CONTEXT('2D SPACE',''
  ) );
#11824 = ORIENTED_EDGE('',*,*,#11642,.F.);
#11825 = ORIENTED_EDGE('',*,*,#331,.T.);
#11826 = ADVANCED_FACE('',(#11827),#288,.T.);
#11827 = FACE_BOUND('',#11828,.T.);
#11828 = EDGE_LOOP('',(#11829,#11854,#11960,#11961));
#11829 = ORIENTED_EDGE('',*,*,#11830,.T.);
#11830 = EDGE_CURVE('',#114,#11831,#11833,.T.);
#11831 = VERTEX_POINT('',#11832);
#11832 = CARTESIAN_POINT('',(-5.841201001116,37.397675697316,
    -4.399999996333));
#11833 = SURFACE_CURVE('',#11834,(#11841,#11848),.PCURVE_S1.);
#11834 = B_SPLINE_CURVE_WITH_KNOTS('',3,(#11835,#11836,#11837,#11838,
    #11839,#11840),.UNSPECIFIED.,.F.,.F.,(4,2,4),(0.,0.5,0.625),
  .UNSPECIFIED.);
#11835 = CARTESIAN_POINT('',(-5.5453007,39.9755723,-9.4));
#11836 = CARTESIAN_POINT('',(-5.775810636,39.316980388,-8.066666667));
#11837 = CARTESIAN_POINT('',(-5.887637823,38.617287424,-6.733333333));
#11838 = CARTESIAN_POINT('',(-5.871124359,37.745304917,-5.066666667));
#11839 = CARTESIAN_POINT('',(-5.860007412,37.571072713,-4.733333333));
#11840 = CARTESIAN_POINT('',(-5.841201,37.397675687,-4.4));
#11841 = PCURVE('',#288,#11842);
#11842 = DEFINITIONAL_REPRESENTATION('',(#11843),#11847);
#11843 = LINE('',#11844,#11845);
#11844 = CARTESIAN_POINT('',(1.,-4.489088093969E-16));
#11845 = VECTOR('',#11846,1.);
#11846 = DIRECTION('',(3.19744231092E-15,1.));
#11847 = ( GEOMETRIC_REPRESENTATION_CONTEXT(2) 
PARAMETRIC_REPRESENTATION_CONTEXT() REPRESENTATION_CONTEXT('2D SPACE',''
  ) );
#11848 = PCURVE('',#131,#11849);
#11849 = DEFINITIONAL_REPRESENTATION('',(#11850),#11853);
#11850 = B_SPLINE_CURVE_WITH_KNOTS('',1,(#11851,#11852),.UNSPECIFIED.,
  .F.,.F.,(2,2),(0.,0.625),.PIECEWISE_BEZIER_KNOTS.);
#11851 = CARTESIAN_POINT('',(-3.158675733483E-15,-4.952776426821E-16));
#11852 = CARTESIAN_POINT('',(1.122157685723E-06,0.625000001027));
#11853 = ( GEOMETRIC_REPRESENTATION_CONTEXT(2) 
PARAMETRIC_REPRESENTATION_CONTEXT() REPRESENTATION_CONTEXT('2D SPACE',''
  ) );
#11854 = ORIENTED_EDGE('',*,*,#11855,.T.);
#11855 = EDGE_CURVE('',#11831,#11775,#11856,.T.);
#11856 = SURFACE_CURVE('',#11857,(#11904,#11910),.PCURVE_S1.);
#11857 = B_SPLINE_CURVE_WITH_KNOTS('',3,(#11858,#11859,#11860,#11861,
    #11862,#11863,#11864,#11865,#11866,#11867,#11868,#11869,#11870,
    #11871,#11872,#11873,#11874,#11875,#11876,#11877,#11878,#11879,
    #11880,#11881,#11882,#11883,#11884,#11885,#11886,#11887,#11888,
    #11889,#11890,#11891,#11892,#11893,#11894,#11895,#11896,#11897,
    #11898,#11899,#11900,#11901,#11902,#11903),.UNSPECIFIED.,.F.,.F.,(4,
    3,3,3,3,3,3,3,3,3,3,3,3,3,3,4),(8.85940815318E-13,8.255049321266E-05
    ,1.692940649727E-04,2.634112200258E-04,3.672479658839E-04,4.5362E-04
    ,5.837804476057E-04,7.110110390605E-04,8.216501890303E-04,
    9.07239E-04,9.556251497364E-04,1.096492685104E-03,1.242224569281E-03
    ,1.360859E-03,1.587669E-03,1.814479E-03),.UNSPECIFIED.);
#11858 = CARTESIAN_POINT('',(-5.841201000906,37.397675686982,-4.4));
#11859 = CARTESIAN_POINT('',(-5.869341134181,37.397103942732,-4.4));
#11860 = CARTESIAN_POINT('',(-5.897303778318,37.397685376354,-4.4));
#11861 = CARTESIAN_POINT('',(-5.925079181477,37.399225594705,
    -4.400000000004));
#11862 = CARTESIAN_POINT('',(-5.954265411737,37.40084404709,
    -4.400000000009));
#11863 = CARTESIAN_POINT('',(-5.983245214528,37.403521456094,
    -4.400000000018));
#11864 = CARTESIAN_POINT('',(-6.012029967188,37.407085321181,
    -4.400000000038));
#11865 = CARTESIAN_POINT('',(-6.04326154982,37.4109521304,
    -4.400000000058));
#11866 = CARTESIAN_POINT('',(-6.074263857641,37.415862625756,
    -4.400000000091));
#11867 = CARTESIAN_POINT('',(-6.105072312558,37.421654410866,
    -4.400000000142));
#11868 = CARTESIAN_POINT('',(-6.139062393343,37.42804432053,
    -4.400000000197));
#11869 = CARTESIAN_POINT('',(-6.172817122627,37.435507103948,
    -4.400000000275));
#11870 = CARTESIAN_POINT('',(-6.206400859043,37.443890446695,
    -4.400000000384));
#11871 = CARTESIAN_POINT('',(-6.234336014402,37.450863761967,
    -4.400000000474));
#11872 = CARTESIAN_POINT('',(-6.262153432023,37.458475565226,
    -4.400000000585));
#11873 = CARTESIAN_POINT('',(-6.289892403579,37.46666520649,
    -4.400000000723));
#11874 = CARTESIAN_POINT('',(-6.33169432466,37.479006786535,
    -4.40000000093));
#11875 = CARTESIAN_POINT('',(-6.373175174213,37.492616962363,
    -4.400000009126));
#11876 = CARTESIAN_POINT('',(-6.414354626734,37.5072932219,
    -4.400000019537));
#11877 = CARTESIAN_POINT('',(-6.454607147345,37.521639125097,
    -4.400000029713));
#11878 = CARTESIAN_POINT('',(-6.494573480394,37.537006042247,
    -4.400000042007));
#11879 = CARTESIAN_POINT('',(-6.534239365912,37.553239008537,
    -4.400000051024));
#11880 = CARTESIAN_POINT('',(-6.568732641518,37.567355122997,
    -4.400000058866));
#11881 = CARTESIAN_POINT('',(-6.602999056712,37.582127571021,
    -4.400000064232));
#11882 = CARTESIAN_POINT('',(-6.636992086168,37.597455467389,
    -4.400000063574));
#11883 = CARTESIAN_POINT('',(-6.663288591277,37.609312901445,
    -4.400000063066));
#11884 = CARTESIAN_POINT('',(-6.689420968572,37.62150292749,
    -4.400000058954));
#11885 = CARTESIAN_POINT('',(-6.715346964943,37.633972114392,
    -4.400000049596));
#11886 = CARTESIAN_POINT('',(-6.730003777304,37.641021352928,
    -4.400000044306));
#11887 = CARTESIAN_POINT('',(-6.744526555472,37.648127173699,
    -4.40000003958));
#11888 = CARTESIAN_POINT('',(-6.758887605148,37.655266493333,
    -4.40000003537));
#11889 = CARTESIAN_POINT('',(-6.80069720736,37.676051332934,
    -4.400000023113));
#11890 = CARTESIAN_POINT('',(-6.842551120196,37.697978678335,
    -4.400000015229));
#11891 = CARTESIAN_POINT('',(-6.884160835686,37.720877498314,
    -4.400000010523));
#11892 = CARTESIAN_POINT('',(-6.927207391605,37.74456704589,
    -4.400000005655));
#11893 = CARTESIAN_POINT('',(-6.969992322705,37.769296207191,
    -4.400000004188));
#11894 = CARTESIAN_POINT('',(-7.012206313911,37.794819430511,
    -4.400000004801));
#11895 = CARTESIAN_POINT('',(-7.046571016209,37.815596853967,
    -4.400000005299));
#11896 = CARTESIAN_POINT('',(-7.080557512661,37.836899293253,
    -4.400000007176));
#11897 = CARTESIAN_POINT('',(-7.114005416893,37.858569724123,
    -4.400000009717));
#11898 = CARTESIAN_POINT('',(-7.177952444017,37.900000111539,
    -4.400000014576));
#11899 = CARTESIAN_POINT('',(-7.240669878416,37.943241561854,
    -4.400000012147));
#11900 = CARTESIAN_POINT('',(-7.302258916494,37.988118394626,
    -4.400000008543));
#11901 = CARTESIAN_POINT('',(-7.363847954572,38.032995227397,
    -4.400000004939));
#11902 = CARTESIAN_POINT('',(-7.424308869461,38.079508103157,
    -4.40000000016));
#11903 = CARTESIAN_POINT('',(-7.483739729997,38.127539841213,
    -4.40000000032));
#11904 = PCURVE('',#288,#11905);
#11905 = DEFINITIONAL_REPRESENTATION('',(#11906),#11909);
#11906 = B_SPLINE_CURVE_WITH_KNOTS('',1,(#11907,#11908),.UNSPECIFIED.,
  .F.,.F.,(2,2),(8.85940815318E-13,1.814479E-03),
  .PIECEWISE_BEZIER_KNOTS.);
#11907 = CARTESIAN_POINT('',(0.999999999479,0.625));
#11908 = CARTESIAN_POINT('',(6.610496747655E-15,0.62499999996));
#11909 = ( GEOMETRIC_REPRESENTATION_CONTEXT(2) 
PARAMETRIC_REPRESENTATION_CONTEXT() REPRESENTATION_CONTEXT('2D SPACE',''
  ) );
#11910 = PCURVE('',#94,#11911);
#11911 = DEFINITIONAL_REPRESENTATION('',(#11912),#11959);
#11912 = B_SPLINE_CURVE_WITH_KNOTS('',3,(#11913,#11914,#11915,#11916,
    #11917,#11918,#11919,#11920,#11921,#11922,#11923,#11924,#11925,
    #11926,#11927,#11928,#11929,#11930,#11931,#11932,#11933,#11934,
    #11935,#11936,#11937,#11938,#11939,#11940,#11941,#11942,#11943,
    #11944,#11945,#11946,#11947,#11948,#11949,#11950,#11951,#11952,
    #11953,#11954,#11955,#11956,#11957,#11958),.UNSPECIFIED.,.F.,.F.,(4,
    3,3,3,3,3,3,3,3,3,3,3,3,3,3,4),(8.85940815318E-13,8.255049321266E-05
    ,1.692940649727E-04,2.634112200258E-04,3.672479658839E-04,4.5362E-04
    ,5.837804476057E-04,7.110110390605E-04,8.216501890303E-04,
    9.07239E-04,9.556251497364E-04,1.096492685104E-03,1.242224569281E-03
    ,1.360859E-03,1.587669E-03,1.814479E-03),.UNSPECIFIED.);
#11913 = CARTESIAN_POINT('',(5.841202162906,12.602324344018));
#11914 = CARTESIAN_POINT('',(5.869342296181,12.602896088268));
#11915 = CARTESIAN_POINT('',(5.897304940318,12.602314654646));
#11916 = CARTESIAN_POINT('',(5.925080343477,12.600774436295));
#11917 = CARTESIAN_POINT('',(5.954266573737,12.59915598391));
#11918 = CARTESIAN_POINT('',(5.983246376528,12.596478574906));
#11919 = CARTESIAN_POINT('',(6.012031129188,12.592914709819));
#11920 = CARTESIAN_POINT('',(6.04326271182,12.5890479006));
#11921 = CARTESIAN_POINT('',(6.074265019641,12.584137405244));
#11922 = CARTESIAN_POINT('',(6.105073474558,12.578345620134));
#11923 = CARTESIAN_POINT('',(6.139063555343,12.57195571047));
#11924 = CARTESIAN_POINT('',(6.172818284627,12.564492927052));
#11925 = CARTESIAN_POINT('',(6.206402021043,12.556109584305));
#11926 = CARTESIAN_POINT('',(6.234337176402,12.549136269033));
#11927 = CARTESIAN_POINT('',(6.262154594023,12.541524465774));
#11928 = CARTESIAN_POINT('',(6.289893565579,12.53333482451));
#11929 = CARTESIAN_POINT('',(6.33169548666,12.520993244465));
#11930 = CARTESIAN_POINT('',(6.373176336213,12.507383068637));
#11931 = CARTESIAN_POINT('',(6.414355788734,12.4927068091));
#11932 = CARTESIAN_POINT('',(6.454608309345,12.478360905903));
#11933 = CARTESIAN_POINT('',(6.494574642394,12.462993988753));
#11934 = CARTESIAN_POINT('',(6.534240527912,12.446761022463));
#11935 = CARTESIAN_POINT('',(6.568733803518,12.432644908003));
#11936 = CARTESIAN_POINT('',(6.603000218712,12.417872459979));
#11937 = CARTESIAN_POINT('',(6.636993248168,12.402544563611));
#11938 = CARTESIAN_POINT('',(6.663289753277,12.390687129555));
#11939 = CARTESIAN_POINT('',(6.689422130572,12.37849710351));
#11940 = CARTESIAN_POINT('',(6.715348126943,12.366027916608));
#11941 = CARTESIAN_POINT('',(6.730004939304,12.358978678072));
#11942 = CARTESIAN_POINT('',(6.744527717472,12.351872857301));
#11943 = CARTESIAN_POINT('',(6.758888767148,12.344733537666));
#11944 = CARTESIAN_POINT('',(6.80069836936,12.323948698066));
#11945 = CARTESIAN_POINT('',(6.842552282196,12.302021352665));
#11946 = CARTESIAN_POINT('',(6.884161997686,12.279122532686));
#11947 = CARTESIAN_POINT('',(6.927208553605,12.25543298511));
#11948 = CARTESIAN_POINT('',(6.969993484705,12.230703823809));
#11949 = CARTESIAN_POINT('',(7.012207475911,12.205180600489));
#11950 = CARTESIAN_POINT('',(7.046572178209,12.184403177033));
#11951 = CARTESIAN_POINT('',(7.080558674661,12.163100737747));
#11952 = CARTESIAN_POINT('',(7.114006578893,12.141430306877));
#11953 = CARTESIAN_POINT('',(7.177953606017,12.099999919461));
#11954 = CARTESIAN_POINT('',(7.240671040416,12.056758469146));
#11955 = CARTESIAN_POINT('',(7.302260078494,12.011881636374));
#11956 = CARTESIAN_POINT('',(7.363849116572,11.967004803603));
#11957 = CARTESIAN_POINT('',(7.424310031461,11.920491927843));
#11958 = CARTESIAN_POINT('',(7.483740891997,11.872460189787));
#11959 = ( GEOMETRIC_REPRESENTATION_CONTEXT(2) 
PARAMETRIC_REPRESENTATION_CONTEXT() REPRESENTATION_CONTEXT('2D SPACE',''
  ) );
#11960 = ORIENTED_EDGE('',*,*,#11774,.F.);
#11961 = ORIENTED_EDGE('',*,*,#174,.T.);
#11962 = ADVANCED_FACE('',(#11963),#131,.T.);
#11963 = FACE_BOUND('',#11964,.T.);
#11964 = EDGE_LOOP('',(#11965,#11966,#11986,#11987));
#11965 = ORIENTED_EDGE('',*,*,#11563,.F.);
#11966 = ORIENTED_EDGE('',*,*,#11967,.T.);
#11967 = EDGE_CURVE('',#11536,#11831,#11968,.T.);
#11968 = SURFACE_CURVE('',#11969,(#11973,#11979),.PCURVE_S1.);
#11969 = LINE('',#11970,#11971);
#11970 = CARTESIAN_POINT('',(-5.203960693973,37.466610587747,
    -4.400000000119));
#11971 = VECTOR('',#11972,1.);
#11972 = DIRECTION('',(-0.99419970477,-0.107549742142,
    -1.784960526035E-11));
#11973 = PCURVE('',#131,#11974);
#11974 = DEFINITIONAL_REPRESENTATION('',(#11975),#11978);
#11975 = B_SPLINE_CURVE_WITH_KNOTS('',1,(#11976,#11977),.UNSPECIFIED.,
  .F.,.F.,(2,2),(-1.123697698517E-15,0.64095805492),
  .PIECEWISE_BEZIER_KNOTS.);
#11976 = CARTESIAN_POINT('',(0.864996270521,0.624999999623));
#11977 = CARTESIAN_POINT('',(1.122159866182E-06,0.624999999609));
#11978 = ( GEOMETRIC_REPRESENTATION_CONTEXT(2) 
PARAMETRIC_REPRESENTATION_CONTEXT() REPRESENTATION_CONTEXT('2D SPACE',''
  ) );
#11979 = PCURVE('',#94,#11980);
#11980 = DEFINITIONAL_REPRESENTATION('',(#11981),#11985);
#11981 = LINE('',#11982,#11983);
#11982 = CARTESIAN_POINT('',(5.203961855973,12.533389443253));
#11983 = VECTOR('',#11984,1.);
#11984 = DIRECTION('',(0.99419970477,0.107549742142));
#11985 = ( GEOMETRIC_REPRESENTATION_CONTEXT(2) 
PARAMETRIC_REPRESENTATION_CONTEXT() REPRESENTATION_CONTEXT('2D SPACE',''
  ) );
#11986 = ORIENTED_EDGE('',*,*,#11830,.F.);
#11987 = ORIENTED_EDGE('',*,*,#113,.T.);
#11988 = ADVANCED_FACE('',(#11989,#12069),#94,.T.);
#11989 = FACE_BOUND('',#11990,.T.);
#11990 = EDGE_LOOP('',(#11991,#11992,#11993,#11994,#11995,#11996,#11997,
    #11998,#11999,#12000,#12001,#12002,#12003,#12004,#12005,#12006,
    #12007,#12008,#12009,#12010,#12011,#12012,#12013,#12014,#12015,
    #12016,#12017,#12018,#12019,#12020,#12021,#12022,#12023,#12024,
    #12025,#12026,#12027,#12028,#12029,#12030,#12031,#12032,#12033,
    #12034,#12035,#12036,#12037,#12038,#12039,#12040,#12041,#12042,
    #12043,#12044,#12045,#12046,#12047,#12048,#12049,#12050,#12051,
    #12052,#12053,#12054,#12055,#12056,#12057,#12058,#12059,#12060,
    #12061,#12062,#12063,#12064,#12065,#12066,#12067,#12068));
#11991 = ORIENTED_EDGE('',*,*,#8716,.F.);
#11992 = ORIENTED_EDGE('',*,*,#8792,.F.);
#11993 = ORIENTED_EDGE('',*,*,#8875,.F.);
#11994 = ORIENTED_EDGE('',*,*,#8930,.F.);
#11995 = ORIENTED_EDGE('',*,*,#10928,.F.);
#11996 = ORIENTED_EDGE('',*,*,#10871,.F.);
#11997 = ORIENTED_EDGE('',*,*,#9067,.F.);
#11998 = ORIENTED_EDGE('',*,*,#9142,.F.);
#11999 = ORIENTED_EDGE('',*,*,#9272,.F.);
#12000 = ORIENTED_EDGE('',*,*,#9327,.F.);
#12001 = ORIENTED_EDGE('',*,*,#10845,.F.);
#12002 = ORIENTED_EDGE('',*,*,#10788,.F.);
#12003 = ORIENTED_EDGE('',*,*,#9410,.F.);
#12004 = ORIENTED_EDGE('',*,*,#9486,.F.);
#12005 = ORIENTED_EDGE('',*,*,#9616,.F.);
#12006 = ORIENTED_EDGE('',*,*,#9671,.F.);
#12007 = ORIENTED_EDGE('',*,*,#10762,.F.);
#12008 = ORIENTED_EDGE('',*,*,#10705,.F.);
#12009 = ORIENTED_EDGE('',*,*,#9807,.F.);
#12010 = ORIENTED_EDGE('',*,*,#9883,.F.);
#12011 = ORIENTED_EDGE('',*,*,#9966,.F.);
#12012 = ORIENTED_EDGE('',*,*,#10021,.F.);
#12013 = ORIENTED_EDGE('',*,*,#10679,.F.);
#12014 = ORIENTED_EDGE('',*,*,#10543,.F.);
#12015 = ORIENTED_EDGE('',*,*,#10158,.F.);
#12016 = ORIENTED_EDGE('',*,*,#10248,.F.);
#12017 = ORIENTED_EDGE('',*,*,#10378,.F.);
#12018 = ORIENTED_EDGE('',*,*,#10433,.F.);
#12019 = ORIENTED_EDGE('',*,*,#10517,.F.);
#12020 = ORIENTED_EDGE('',*,*,#10625,.F.);
#12021 = ORIENTED_EDGE('',*,*,#11616,.F.);
#12022 = ORIENTED_EDGE('',*,*,#11669,.F.);
#12023 = ORIENTED_EDGE('',*,*,#11800,.F.);
#12024 = ORIENTED_EDGE('',*,*,#11855,.F.);
#12025 = ORIENTED_EDGE('',*,*,#11967,.F.);
#12026 = ORIENTED_EDGE('',*,*,#11535,.F.);
#12027 = ORIENTED_EDGE('',*,*,#6069,.F.);
#12028 = ORIENTED_EDGE('',*,*,#6145,.F.);
#12029 = ORIENTED_EDGE('',*,*,#6228,.F.);
#12030 = ORIENTED_EDGE('',*,*,#6283,.F.);
#12031 = ORIENTED_EDGE('',*,*,#11509,.F.);
#12032 = ORIENTED_EDGE('',*,*,#11452,.F.);
#12033 = ORIENTED_EDGE('',*,*,#6419,.F.);
#12034 = ORIENTED_EDGE('',*,*,#6509,.F.);
#12035 = ORIENTED_EDGE('',*,*,#6640,.F.);
#12036 = ORIENTED_EDGE('',*,*,#6695,.F.);
#12037 = ORIENTED_EDGE('',*,*,#11426,.F.);
#12038 = ORIENTED_EDGE('',*,*,#11369,.F.);
#12039 = ORIENTED_EDGE('',*,*,#6778,.F.);
#12040 = ORIENTED_EDGE('',*,*,#6854,.F.);
#12041 = ORIENTED_EDGE('',*,*,#6985,.F.);
#12042 = ORIENTED_EDGE('',*,*,#7040,.F.);
#12043 = ORIENTED_EDGE('',*,*,#11343,.F.);
#12044 = ORIENTED_EDGE('',*,*,#11286,.F.);
#12045 = ORIENTED_EDGE('',*,*,#7176,.F.);
#12046 = ORIENTED_EDGE('',*,*,#7252,.F.);
#12047 = ORIENTED_EDGE('',*,*,#7383,.F.);
#12048 = ORIENTED_EDGE('',*,*,#7438,.F.);
#12049 = ORIENTED_EDGE('',*,*,#11260,.F.);
#12050 = ORIENTED_EDGE('',*,*,#11203,.F.);
#12051 = ORIENTED_EDGE('',*,*,#7574,.F.);
#12052 = ORIENTED_EDGE('',*,*,#7650,.F.);
#12053 = ORIENTED_EDGE('',*,*,#7733,.F.);
#12054 = ORIENTED_EDGE('',*,*,#7788,.F.);
#12055 = ORIENTED_EDGE('',*,*,#11177,.F.);
#12056 = ORIENTED_EDGE('',*,*,#11120,.F.);
#12057 = ORIENTED_EDGE('',*,*,#7925,.F.);
#12058 = ORIENTED_EDGE('',*,*,#7999,.F.);
#12059 = ORIENTED_EDGE('',*,*,#8130,.F.);
#12060 = ORIENTED_EDGE('',*,*,#8185,.F.);
#12061 = ORIENTED_EDGE('',*,*,#11094,.F.);
#12062 = ORIENTED_EDGE('',*,*,#11037,.F.);
#12063 = ORIENTED_EDGE('',*,*,#8321,.F.);
#12064 = ORIENTED_EDGE('',*,*,#8395,.F.);
#12065 = ORIENTED_EDGE('',*,*,#8525,.F.);
#12066 = ORIENTED_EDGE('',*,*,#8580,.F.);
#12067 = ORIENTED_EDGE('',*,*,#11011,.F.);
#12068 = ORIENTED_EDGE('',*,*,#10954,.F.);
#12069 = FACE_BOUND('',#12070,.T.);
#12070 = EDGE_LOOP('',(#12071));
#12071 = ORIENTED_EDGE('',*,*,#79,.T.);
#12072 = ( GEOMETRIC_REPRESENTATION_CONTEXT(3) 
GLOBAL_UNCERTAINTY_ASSIGNED_CONTEXT((#12076)) 
GLOBAL_UNIT_ASSIGNED_CONTEXT((#12073,#12074,#12075)) 
REPRESENTATION_CONTEXT('Context #1',
  '3D Context with UNIT and UNCERTAINTY') );
#12073 = ( LENGTH_UNIT() NAMED_UNIT(*) SI_UNIT(.MILLI.,.METRE.) );
#12074 = ( NAMED_UNIT(*) PLANE_ANGLE_UNIT() SI_UNIT($,.RADIAN.) );
#12075 = ( NAMED_UNIT(*) SI_UNIT($,.STERADIAN.) SOLID_ANGLE_UNIT() );
#12076 = UNCERTAINTY_MEASURE_WITH_UNIT(LENGTH_MEASURE(2.E-03),#12073,
  'distance_accuracy_value','confusion accuracy');
#12077 = PRODUCT_RELATED_PRODUCT_CATEGORY('part',$,(#7));
ENDSEC;
END-ISO-10303-21;
