ISO-10303-21;
HEADER;
FILE_DESCRIPTION(('Open CASCADE Model'),'2;1');
FILE_NAME('Open CASCADE Shape Model','2026-08-13T22:17:30',('Author'),(
    'Open CASCADE'),'Open CASCADE STEP processor 7.9','Open CASCADE 7.9'
  ,'Unknown');
FILE_SCHEMA(('AUTOMOTIVE_DESIGN { 1 0 10303 214 1 1 1 1 }'));
ENDSEC;
DATA;
#1 = APPLICATION_PROTOCOL_DEFINITION('international standard',
  'automotive_design',2000,#2);
#2 = APPLICATION_CONTEXT(
  'core data for automotive mechanical design processes');
#3 = SHAPE_DEFINITION_REPRESENTATION(#4,#10);
#4 = PRODUCT_DEFINITION_SHAPE('','',#5);
#5 = PRODUCT_DEFINITION('design','',#6,#9);
#6 = PRODUCT_DEFINITION_FORMATION('','',#7);
#7 = PRODUCT('Open CASCADE STEP translator 7.9 568',
  'Open CASCADE STEP translator 7.9 568','',(#8));
#8 = PRODUCT_CONTEXT('',#2,'mechanical');
#9 = PRODUCT_DEFINITION_CONTEXT('part definition',#2,'design');
#10 = ADVANCED_BREP_SHAPE_REPRESENTATION('',(#11,#15),#2609);
#11 = AXIS2_PLACEMENT_3D('',#12,#13,#14);
#12 = CARTESIAN_POINT('',(0.,0.,0.));
#13 = DIRECTION('',(0.,0.,1.));
#14 = DIRECTION('',(1.,0.,-0.));
#15 = MANIFOLD_SOLID_BREP('',#16);
#16 = CLOSED_SHELL('',(#17,#109,#191,#301,#383,#454,#507,#623,#699,#776,
    #823,#933,#1015,#1086,#1139,#1249,#1331,#1402,#1455,#1537,#1619,
    #1701,#1783,#1865,#1975,#2057,#2133,#2215,#2291,#2373,#2444,#2497,
    #2553));
#17 = ADVANCED_FACE('',(#18),#32,.F.);
#18 = FACE_BOUND('',#19,.F.);
#19 = EDGE_LOOP('',(#20,#50,#77,#78));
#20 = ORIENTED_EDGE('',*,*,#21,.T.);
#21 = EDGE_CURVE('',#22,#24,#26,.T.);
#22 = VERTEX_POINT('',#23);
#23 = CARTESIAN_POINT('',(2.607238914448E+03,1.735925007535E+03,
    133.35275542814));
#24 = VERTEX_POINT('',#25);
#25 = CARTESIAN_POINT('',(2.607238914448E+03,1.735925007535E+03,
    131.75275542814));
#26 = SEAM_CURVE('',#27,(#31,#43),.PCURVE_S1.);
#27 = LINE('',#28,#29);
#28 = CARTESIAN_POINT('',(2.607238914448E+03,1.735925007535E+03,
    137.95275542814));
#29 = VECTOR('',#30,1.);
#30 = DIRECTION('',(1.836970198721E-16,2.449293598295E-16,-1.));
#31 = PCURVE('',#32,#37);
#32 = CYLINDRICAL_SURFACE('',#33,2.);
#33 = AXIS2_PLACEMENT_3D('',#34,#35,#36);
#34 = CARTESIAN_POINT('',(2.607238914448E+03,1.733925007535E+03,
    137.95275542814));
#35 = DIRECTION('',(1.836970198721E-16,2.449293598295E-16,-1.));
#36 = DIRECTION('',(-1.224646799147E-16,-1.,-2.449293598295E-16));
#37 = DEFINITIONAL_REPRESENTATION('',(#38),#42);
#38 = LINE('',#39,#40);
#39 = CARTESIAN_POINT('',(9.424777960769,0.));
#40 = VECTOR('',#41,1.);
#41 = DIRECTION('',(0.,1.));
#42 = ( GEOMETRIC_REPRESENTATION_CONTEXT(2) 
PARAMETRIC_REPRESENTATION_CONTEXT() REPRESENTATION_CONTEXT('2D SPACE',''
  ) );
#43 = PCURVE('',#32,#44);
#44 = DEFINITIONAL_REPRESENTATION('',(#45),#49);
#45 = LINE('',#46,#47);
#46 = CARTESIAN_POINT('',(3.14159265359,0.));
#47 = VECTOR('',#48,1.);
#48 = DIRECTION('',(0.,1.));
#49 = ( GEOMETRIC_REPRESENTATION_CONTEXT(2) 
PARAMETRIC_REPRESENTATION_CONTEXT() REPRESENTATION_CONTEXT('2D SPACE',''
  ) );
#50 = ORIENTED_EDGE('',*,*,#51,.T.);
#51 = EDGE_CURVE('',#24,#24,#52,.T.);
#52 = SURFACE_CURVE('',#53,(#58,#65),.PCURVE_S1.);
#53 = CIRCLE('',#54,2.);
#54 = AXIS2_PLACEMENT_3D('',#55,#56,#57);
#55 = CARTESIAN_POINT('',(2.607238914448E+03,1.733925007535E+03,
    131.75275542814));
#56 = DIRECTION('',(-1.836970198721E-16,-2.449293598295E-16,1.));
#57 = DIRECTION('',(-1.224646799147E-16,-1.,-2.449293598295E-16));
#58 = PCURVE('',#32,#59);
#59 = DEFINITIONAL_REPRESENTATION('',(#60),#64);
#60 = LINE('',#61,#62);
#61 = CARTESIAN_POINT('',(12.566370614359,6.2));
#62 = VECTOR('',#63,1.);
#63 = DIRECTION('',(-1.,0.));
#64 = ( GEOMETRIC_REPRESENTATION_CONTEXT(2) 
PARAMETRIC_REPRESENTATION_CONTEXT() REPRESENTATION_CONTEXT('2D SPACE',''
  ) );
#65 = PCURVE('',#66,#71);
#66 = PLANE('',#67);
#67 = AXIS2_PLACEMENT_3D('',#68,#69,#70);
#68 = CARTESIAN_POINT('',(2.634738914448E+03,1.730925007535E+03,
    131.75275542814));
#69 = DIRECTION('',(-1.836970198721E-16,-2.449293598295E-16,1.));
#70 = DIRECTION('',(1.224646799147E-16,1.,2.449293598295E-16));
#71 = DEFINITIONAL_REPRESENTATION('',(#72),#76);
#72 = CIRCLE('',#73,2.);
#73 = AXIS2_PLACEMENT_2D('',#74,#75);
#74 = CARTESIAN_POINT('',(3.,27.5));
#75 = DIRECTION('',(-1.,-4.311013096457E-33));
#76 = ( GEOMETRIC_REPRESENTATION_CONTEXT(2) 
PARAMETRIC_REPRESENTATION_CONTEXT() REPRESENTATION_CONTEXT('2D SPACE',''
  ) );
#77 = ORIENTED_EDGE('',*,*,#21,.F.);
#78 = ORIENTED_EDGE('',*,*,#79,.T.);
#79 = EDGE_CURVE('',#22,#22,#80,.T.);
#80 = SURFACE_CURVE('',#81,(#86,#93),.PCURVE_S1.);
#81 = CIRCLE('',#82,2.);
#82 = AXIS2_PLACEMENT_3D('',#83,#84,#85);
#83 = CARTESIAN_POINT('',(2.607238914448E+03,1.733925007535E+03,
    133.35275542814));
#84 = DIRECTION('',(1.836970198721E-16,2.449293598295E-16,-1.));
#85 = DIRECTION('',(-1.224646799147E-16,-1.,-2.449293598295E-16));
#86 = PCURVE('',#32,#87);
#87 = DEFINITIONAL_REPRESENTATION('',(#88),#92);
#88 = LINE('',#89,#90);
#89 = CARTESIAN_POINT('',(0.,4.6));
#90 = VECTOR('',#91,1.);
#91 = DIRECTION('',(1.,0.));
#92 = ( GEOMETRIC_REPRESENTATION_CONTEXT(2) 
PARAMETRIC_REPRESENTATION_CONTEXT() REPRESENTATION_CONTEXT('2D SPACE',''
  ) );
#93 = PCURVE('',#94,#99);
#94 = PLANE('',#95);
#95 = AXIS2_PLACEMENT_3D('',#96,#97,#98);
#96 = CARTESIAN_POINT('',(2.634738914448E+03,1.730925007535E+03,
    133.35275542814));
#97 = DIRECTION('',(-1.836970198721E-16,-2.449293598295E-16,1.));
#98 = DIRECTION('',(1.224646799147E-16,1.,2.449293598295E-16));
#99 = DEFINITIONAL_REPRESENTATION('',(#100),#108);
#100 = ( BOUNDED_CURVE() B_SPLINE_CURVE(2,(#101,#102,#103,#104,#105,#106
,#107),.UNSPECIFIED.,.T.,.F.) B_SPLINE_CURVE_WITH_KNOTS((1,2,2,2,2,1),(
    -2.094395102393,0.,2.094395102393,4.188790204786,6.28318530718,
8.377580409573),.UNSPECIFIED.) CURVE() GEOMETRIC_REPRESENTATION_ITEM() 
RATIONAL_B_SPLINE_CURVE((1.,0.5,1.,0.5,1.,0.5,1.)) REPRESENTATION_ITEM(
  '') );
#101 = CARTESIAN_POINT('',(1.,27.5));
#102 = CARTESIAN_POINT('',(1.,30.964101615138));
#103 = CARTESIAN_POINT('',(4.,29.232050807569));
#104 = CARTESIAN_POINT('',(7.,27.5));
#105 = CARTESIAN_POINT('',(4.,25.767949192431));
#106 = CARTESIAN_POINT('',(1.,24.035898384862));
#107 = CARTESIAN_POINT('',(1.,27.5));
#108 = ( GEOMETRIC_REPRESENTATION_CONTEXT(2) 
PARAMETRIC_REPRESENTATION_CONTEXT() REPRESENTATION_CONTEXT('2D SPACE',''
  ) );
#109 = ADVANCED_FACE('',(#110),#124,.F.);
#110 = FACE_BOUND('',#111,.F.);
#111 = EDGE_LOOP('',(#112,#142,#164,#165));
#112 = ORIENTED_EDGE('',*,*,#113,.T.);
#113 = EDGE_CURVE('',#114,#116,#118,.T.);
#114 = VERTEX_POINT('',#115);
#115 = CARTESIAN_POINT('',(2.662238914448E+03,1.735925007535E+03,
    133.35275542814));
#116 = VERTEX_POINT('',#117);
#117 = CARTESIAN_POINT('',(2.662238914448E+03,1.735925007535E+03,
    131.75275542814));
#118 = SEAM_CURVE('',#119,(#123,#135),.PCURVE_S1.);
#119 = LINE('',#120,#121);
#120 = CARTESIAN_POINT('',(2.662238914448E+03,1.735925007535E+03,
    137.95275542814));
#121 = VECTOR('',#122,1.);
#122 = DIRECTION('',(1.836970198721E-16,2.449293598295E-16,-1.));
#123 = PCURVE('',#124,#129);
#124 = CYLINDRICAL_SURFACE('',#125,2.);
#125 = AXIS2_PLACEMENT_3D('',#126,#127,#128);
#126 = CARTESIAN_POINT('',(2.662238914448E+03,1.733925007535E+03,
    137.95275542814));
#127 = DIRECTION('',(-1.836970198721E-16,-2.449293598295E-16,1.));
#128 = DIRECTION('',(-1.224646799147E-16,-1.,-2.449293598295E-16));
#129 = DEFINITIONAL_REPRESENTATION('',(#130),#134);
#130 = LINE('',#131,#132);
#131 = CARTESIAN_POINT('',(-3.14159265359,0.));
#132 = VECTOR('',#133,1.);
#133 = DIRECTION('',(0.,-1.));
#134 = ( GEOMETRIC_REPRESENTATION_CONTEXT(2) 
PARAMETRIC_REPRESENTATION_CONTEXT() REPRESENTATION_CONTEXT('2D SPACE',''
  ) );
#135 = PCURVE('',#124,#136);
#136 = DEFINITIONAL_REPRESENTATION('',(#137),#141);
#137 = LINE('',#138,#139);
#138 = CARTESIAN_POINT('',(3.14159265359,0.));
#139 = VECTOR('',#140,1.);
#140 = DIRECTION('',(0.,-1.));
#141 = ( GEOMETRIC_REPRESENTATION_CONTEXT(2) 
PARAMETRIC_REPRESENTATION_CONTEXT() REPRESENTATION_CONTEXT('2D SPACE',''
  ) );
#142 = ORIENTED_EDGE('',*,*,#143,.T.);
#143 = EDGE_CURVE('',#116,#116,#144,.T.);
#144 = SURFACE_CURVE('',#145,(#150,#157),.PCURVE_S1.);
#145 = CIRCLE('',#146,2.);
#146 = AXIS2_PLACEMENT_3D('',#147,#148,#149);
#147 = CARTESIAN_POINT('',(2.662238914448E+03,1.733925007535E+03,
    131.75275542814));
#148 = DIRECTION('',(-1.836970198721E-16,-2.449293598295E-16,1.));
#149 = DIRECTION('',(-1.224646799147E-16,-1.,-2.449293598295E-16));
#150 = PCURVE('',#124,#151);
#151 = DEFINITIONAL_REPRESENTATION('',(#152),#156);
#152 = LINE('',#153,#154);
#153 = CARTESIAN_POINT('',(-6.28318530718,-6.2));
#154 = VECTOR('',#155,1.);
#155 = DIRECTION('',(1.,0.));
#156 = ( GEOMETRIC_REPRESENTATION_CONTEXT(2) 
PARAMETRIC_REPRESENTATION_CONTEXT() REPRESENTATION_CONTEXT('2D SPACE',''
  ) );
#157 = PCURVE('',#66,#158);
#158 = DEFINITIONAL_REPRESENTATION('',(#159),#163);
#159 = CIRCLE('',#160,2.);
#160 = AXIS2_PLACEMENT_2D('',#161,#162);
#161 = CARTESIAN_POINT('',(3.,-27.5));
#162 = DIRECTION('',(-1.,-4.311013096457E-33));
#163 = ( GEOMETRIC_REPRESENTATION_CONTEXT(2) 
PARAMETRIC_REPRESENTATION_CONTEXT() REPRESENTATION_CONTEXT('2D SPACE',''
  ) );
#164 = ORIENTED_EDGE('',*,*,#113,.F.);
#165 = ORIENTED_EDGE('',*,*,#166,.T.);
#166 = EDGE_CURVE('',#114,#114,#167,.T.);
#167 = SURFACE_CURVE('',#168,(#173,#180),.PCURVE_S1.);
#168 = CIRCLE('',#169,2.);
#169 = AXIS2_PLACEMENT_3D('',#170,#171,#172);
#170 = CARTESIAN_POINT('',(2.662238914448E+03,1.733925007535E+03,
    133.35275542814));
#171 = DIRECTION('',(1.836970198721E-16,2.449293598295E-16,-1.));
#172 = DIRECTION('',(-1.224646799147E-16,-1.,-2.449293598295E-16));
#173 = PCURVE('',#124,#174);
#174 = DEFINITIONAL_REPRESENTATION('',(#175),#179);
#175 = LINE('',#176,#177);
#176 = CARTESIAN_POINT('',(6.28318530718,-4.6));
#177 = VECTOR('',#178,1.);
#178 = DIRECTION('',(-1.,0.));
#179 = ( GEOMETRIC_REPRESENTATION_CONTEXT(2) 
PARAMETRIC_REPRESENTATION_CONTEXT() REPRESENTATION_CONTEXT('2D SPACE',''
  ) );
#180 = PCURVE('',#94,#181);
#181 = DEFINITIONAL_REPRESENTATION('',(#182),#190);
#182 = ( BOUNDED_CURVE() B_SPLINE_CURVE(2,(#183,#184,#185,#186,#187,#188
,#189),.UNSPECIFIED.,.T.,.F.) B_SPLINE_CURVE_WITH_KNOTS((1,2,2,2,2,1),(
    -2.094395102393,0.,2.094395102393,4.188790204786,6.28318530718,
8.377580409573),.UNSPECIFIED.) CURVE() GEOMETRIC_REPRESENTATION_ITEM() 
RATIONAL_B_SPLINE_CURVE((1.,0.5,1.,0.5,1.,0.5,1.)) REPRESENTATION_ITEM(
  '') );
#183 = CARTESIAN_POINT('',(1.,-27.5));
#184 = CARTESIAN_POINT('',(1.,-24.03589838486));
#185 = CARTESIAN_POINT('',(4.,-25.76794919243));
#186 = CARTESIAN_POINT('',(7.,-27.5));
#187 = CARTESIAN_POINT('',(4.,-29.23205080756));
#188 = CARTESIAN_POINT('',(1.,-30.96410161513));
#189 = CARTESIAN_POINT('',(1.,-27.5));
#190 = ( GEOMETRIC_REPRESENTATION_CONTEXT(2) 
PARAMETRIC_REPRESENTATION_CONTEXT() REPRESENTATION_CONTEXT('2D SPACE',''
  ) );
#191 = ADVANCED_FACE('',(#192),#206,.F.);
#192 = FACE_BOUND('',#193,.T.);
#193 = EDGE_LOOP('',(#194,#224,#252,#275));
#194 = ORIENTED_EDGE('',*,*,#195,.F.);
#195 = EDGE_CURVE('',#196,#198,#200,.T.);
#196 = VERTEX_POINT('',#197);
#197 = CARTESIAN_POINT('',(2.629736451739E+03,1.724529720871E+03,
    133.35275542814));
#198 = VERTEX_POINT('',#199);
#199 = CARTESIAN_POINT('',(2.623516199608E+03,1.718045369273E+03,
    133.35275542814));
#200 = SURFACE_CURVE('',#201,(#205,#217),.PCURVE_S1.);
#201 = LINE('',#202,#203);
#202 = CARTESIAN_POINT('',(2.629422409438E+03,1.724202344961E+03,
    133.35275542814));
#203 = VECTOR('',#204,1.);
#204 = DIRECTION('',(-0.692258102859,-0.721649997593,-3.039190224089E-16
    ));
#205 = PCURVE('',#206,#211);
#206 = PLANE('',#207);
#207 = AXIS2_PLACEMENT_3D('',#208,#209,#210);
#208 = CARTESIAN_POINT('',(2.623516199608E+03,1.718045369273E+03,
    131.75275542814));
#209 = DIRECTION('',(0.721649997593,-0.692258102859,-3.698938002154E-17)
  );
#210 = DIRECTION('',(0.692258102859,0.721649997593,-2.068391404355E-15)
  );
#211 = DEFINITIONAL_REPRESENTATION('',(#212),#216);
#212 = LINE('',#213,#214);
#213 = CARTESIAN_POINT('',(8.53180310258,1.6));
#214 = VECTOR('',#215,1.);
#215 = DIRECTION('',(-1.,-2.372310426764E-15));
#216 = ( GEOMETRIC_REPRESENTATION_CONTEXT(2) 
PARAMETRIC_REPRESENTATION_CONTEXT() REPRESENTATION_CONTEXT('2D SPACE',''
  ) );
#217 = PCURVE('',#94,#218);
#218 = DEFINITIONAL_REPRESENTATION('',(#219),#223);
#219 = LINE('',#220,#221);
#220 = CARTESIAN_POINT('',(-6.72266257401,5.31650501024));
#221 = VECTOR('',#222,1.);
#222 = DIRECTION('',(-0.721649997593,0.692258102859));
#223 = ( GEOMETRIC_REPRESENTATION_CONTEXT(2) 
PARAMETRIC_REPRESENTATION_CONTEXT() REPRESENTATION_CONTEXT('2D SPACE',''
  ) );
#224 = ORIENTED_EDGE('',*,*,#225,.F.);
#225 = EDGE_CURVE('',#226,#196,#228,.T.);
#226 = VERTEX_POINT('',#227);
#227 = CARTESIAN_POINT('',(2.629736451739E+03,1.724529720871E+03,
    131.75275542814));
#228 = SURFACE_CURVE('',#229,(#233,#240),.PCURVE_S1.);
#229 = LINE('',#230,#231);
#230 = CARTESIAN_POINT('',(2.629736451739E+03,1.724529720871E+03,
    131.75275542814));
#231 = VECTOR('',#232,1.);
#232 = DIRECTION('',(-1.836970198721E-16,-2.449293598295E-16,1.));
#233 = PCURVE('',#206,#234);
#234 = DEFINITIONAL_REPRESENTATION('',(#235),#239);
#235 = LINE('',#236,#237);
#236 = CARTESIAN_POINT('',(8.985452254611,1.858543220768E-14));
#237 = VECTOR('',#238,1.);
#238 = DIRECTION('',(-2.372310426764E-15,1.));
#239 = ( GEOMETRIC_REPRESENTATION_CONTEXT(2) 
PARAMETRIC_REPRESENTATION_CONTEXT() REPRESENTATION_CONTEXT('2D SPACE',''
  ) );
#240 = PCURVE('',#241,#246);
#241 = CYLINDRICAL_SURFACE('',#242,0.934588054969);
#242 = AXIS2_PLACEMENT_3D('',#243,#244,#245);
#243 = CARTESIAN_POINT('',(2.629071489183E+03,1.725186439708E+03,
    131.75275542814));
#244 = DIRECTION('',(-1.836970198721E-16,-2.449293598295E-16,1.));
#245 = DIRECTION('',(-0.70122291914,0.712942085778,4.580788815306E-17));
#246 = DEFINITIONAL_REPRESENTATION('',(#247),#251);
#247 = LINE('',#248,#249);
#248 = CARTESIAN_POINT('',(3.156116666363,0.));
#249 = VECTOR('',#250,1.);
#250 = DIRECTION('',(0.,1.));
#251 = ( GEOMETRIC_REPRESENTATION_CONTEXT(2) 
PARAMETRIC_REPRESENTATION_CONTEXT() REPRESENTATION_CONTEXT('2D SPACE',''
  ) );
#252 = ORIENTED_EDGE('',*,*,#253,.F.);
#253 = EDGE_CURVE('',#254,#226,#256,.T.);
#254 = VERTEX_POINT('',#255);
#255 = CARTESIAN_POINT('',(2.623516199608E+03,1.718045369273E+03,
    131.75275542814));
#256 = SURFACE_CURVE('',#257,(#261,#268),.PCURVE_S1.);
#257 = LINE('',#258,#259);
#258 = CARTESIAN_POINT('',(2.629422409438E+03,1.724202344961E+03,
    131.75275542814));
#259 = VECTOR('',#260,1.);
#260 = DIRECTION('',(0.692258102859,0.721649997593,3.039190224089E-16));
#261 = PCURVE('',#206,#262);
#262 = DEFINITIONAL_REPRESENTATION('',(#263),#267);
#263 = LINE('',#264,#265);
#264 = CARTESIAN_POINT('',(8.53180310258,1.764710820102E-14));
#265 = VECTOR('',#266,1.);
#266 = DIRECTION('',(1.,2.372310426764E-15));
#267 = ( GEOMETRIC_REPRESENTATION_CONTEXT(2) 
PARAMETRIC_REPRESENTATION_CONTEXT() REPRESENTATION_CONTEXT('2D SPACE',''
  ) );
#268 = PCURVE('',#66,#269);
#269 = DEFINITIONAL_REPRESENTATION('',(#270),#274);
#270 = LINE('',#271,#272);
#271 = CARTESIAN_POINT('',(-6.72266257401,5.31650501024));
#272 = VECTOR('',#273,1.);
#273 = DIRECTION('',(0.721649997593,-0.692258102859));
#274 = ( GEOMETRIC_REPRESENTATION_CONTEXT(2) 
PARAMETRIC_REPRESENTATION_CONTEXT() REPRESENTATION_CONTEXT('2D SPACE',''
  ) );
#275 = ORIENTED_EDGE('',*,*,#276,.T.);
#276 = EDGE_CURVE('',#254,#198,#277,.T.);
#277 = SURFACE_CURVE('',#278,(#282,#289),.PCURVE_S1.);
#278 = LINE('',#279,#280);
#279 = CARTESIAN_POINT('',(2.623516199608E+03,1.718045369273E+03,
    131.75275542814));
#280 = VECTOR('',#281,1.);
#281 = DIRECTION('',(-1.836970198721E-16,-2.449293598295E-16,1.));
#282 = PCURVE('',#206,#283);
#283 = DEFINITIONAL_REPRESENTATION('',(#284),#288);
#284 = LINE('',#285,#286);
#285 = CARTESIAN_POINT('',(0.,0.));
#286 = VECTOR('',#287,1.);
#287 = DIRECTION('',(-2.372310426764E-15,1.));
#288 = ( GEOMETRIC_REPRESENTATION_CONTEXT(2) 
PARAMETRIC_REPRESENTATION_CONTEXT() REPRESENTATION_CONTEXT('2D SPACE',''
  ) );
#289 = PCURVE('',#290,#295);
#290 = CYLINDRICAL_SURFACE('',#291,1.065411945018);
#291 = AXIS2_PLACEMENT_3D('',#292,#293,#294);
#292 = CARTESIAN_POINT('',(2.622747345081E+03,1.718782909325E+03,
    131.75275542814));
#293 = DIRECTION('',(-1.836970198721E-16,-2.449293598295E-16,1.));
#294 = DIRECTION('',(-0.707822754605,-0.706390082082,-3.030406012128E-16
    ));
#295 = DEFINITIONAL_REPRESENTATION('',(#296),#300);
#296 = LINE('',#297,#298);
#297 = CARTESIAN_POINT('',(7.875779391165,0.));
#298 = VECTOR('',#299,1.);
#299 = DIRECTION('',(0.,1.));
#300 = ( GEOMETRIC_REPRESENTATION_CONTEXT(2) 
PARAMETRIC_REPRESENTATION_CONTEXT() REPRESENTATION_CONTEXT('2D SPACE',''
  ) );
#301 = ADVANCED_FACE('',(#302),#290,.F.);
#302 = FACE_BOUND('',#303,.F.);
#303 = EDGE_LOOP('',(#304,#334,#356,#357));
#304 = ORIENTED_EDGE('',*,*,#305,.F.);
#305 = EDGE_CURVE('',#306,#308,#310,.T.);
#306 = VERTEX_POINT('',#307);
#307 = CARTESIAN_POINT('',(2.622011364322E+03,1.719553256607E+03,
    131.75275542814));
#308 = VERTEX_POINT('',#309);
#309 = CARTESIAN_POINT('',(2.622011364322E+03,1.719553256607E+03,
    133.35275542814));
#310 = SURFACE_CURVE('',#311,(#315,#322),.PCURVE_S1.);
#311 = LINE('',#312,#313);
#312 = CARTESIAN_POINT('',(2.622011364322E+03,1.719553256607E+03,
    131.75275542814));
#313 = VECTOR('',#314,1.);
#314 = DIRECTION('',(-1.836970198721E-16,-2.449293598295E-16,1.));
#315 = PCURVE('',#290,#316);
#316 = DEFINITIONAL_REPRESENTATION('',(#317),#321);
#317 = LINE('',#318,#319);
#318 = CARTESIAN_POINT('',(4.690591223192,0.));
#319 = VECTOR('',#320,1.);
#320 = DIRECTION('',(0.,1.));
#321 = ( GEOMETRIC_REPRESENTATION_CONTEXT(2) 
PARAMETRIC_REPRESENTATION_CONTEXT() REPRESENTATION_CONTEXT('2D SPACE',''
  ) );
#322 = PCURVE('',#323,#328);
#323 = PLANE('',#324);
#324 = AXIS2_PLACEMENT_3D('',#325,#326,#327);
#325 = CARTESIAN_POINT('',(2.628416134619E+03,1.725852746865E+03,
    131.75275542814));
#326 = DIRECTION('',(-0.70122291914,0.712942085778,4.580788815306E-17));
#327 = DIRECTION('',(-0.712942085778,-0.70122291914,2.07009014755E-15));
#328 = DEFINITIONAL_REPRESENTATION('',(#329),#333);
#329 = LINE('',#330,#331);
#330 = CARTESIAN_POINT('',(8.98357724275,-1.859681473997E-14));
#331 = VECTOR('',#332,1.);
#332 = DIRECTION('',(2.372805564731E-15,1.));
#333 = ( GEOMETRIC_REPRESENTATION_CONTEXT(2) 
PARAMETRIC_REPRESENTATION_CONTEXT() REPRESENTATION_CONTEXT('2D SPACE',''
  ) );
#334 = ORIENTED_EDGE('',*,*,#335,.T.);
#335 = EDGE_CURVE('',#306,#254,#336,.T.);
#336 = SURFACE_CURVE('',#337,(#342,#349),.PCURVE_S1.);
#337 = CIRCLE('',#338,1.065411945018);
#338 = AXIS2_PLACEMENT_3D('',#339,#340,#341);
#339 = CARTESIAN_POINT('',(2.622747345081E+03,1.718782909325E+03,
    131.75275542814));
#340 = DIRECTION('',(-1.836970198721E-16,-2.449293598295E-16,1.));
#341 = DIRECTION('',(0.721649997593,-0.692258102859,-3.698938002154E-17)
  );
#342 = PCURVE('',#290,#343);
#343 = DEFINITIONAL_REPRESENTATION('',(#344),#348);
#344 = LINE('',#345,#346);
#345 = CARTESIAN_POINT('',(1.592594083982,0.));
#346 = VECTOR('',#347,1.);
#347 = DIRECTION('',(1.,0.));
#348 = ( GEOMETRIC_REPRESENTATION_CONTEXT(2) 
PARAMETRIC_REPRESENTATION_CONTEXT() REPRESENTATION_CONTEXT('2D SPACE',''
  ) );
#349 = PCURVE('',#66,#350);
#350 = DEFINITIONAL_REPRESENTATION('',(#351),#355);
#351 = CIRCLE('',#352,1.065411945018);
#352 = AXIS2_PLACEMENT_2D('',#353,#354);
#353 = CARTESIAN_POINT('',(-12.14209821063,11.99156936756));
#354 = DIRECTION('',(-0.692258102859,-0.721649997593));
#355 = ( GEOMETRIC_REPRESENTATION_CONTEXT(2) 
PARAMETRIC_REPRESENTATION_CONTEXT() REPRESENTATION_CONTEXT('2D SPACE',''
  ) );
#356 = ORIENTED_EDGE('',*,*,#276,.T.);
#357 = ORIENTED_EDGE('',*,*,#358,.T.);
#358 = EDGE_CURVE('',#198,#308,#359,.T.);
#359 = SURFACE_CURVE('',#360,(#365,#372),.PCURVE_S1.);
#360 = CIRCLE('',#361,1.065411945018);
#361 = AXIS2_PLACEMENT_3D('',#362,#363,#364);
#362 = CARTESIAN_POINT('',(2.622747345081E+03,1.718782909325E+03,
    133.35275542814));
#363 = DIRECTION('',(1.836970198721E-16,2.449293598295E-16,-1.));
#364 = DIRECTION('',(0.721649997593,-0.692258102859,-3.698938002154E-17)
  );
#365 = PCURVE('',#290,#366);
#366 = DEFINITIONAL_REPRESENTATION('',(#367),#371);
#367 = LINE('',#368,#369);
#368 = CARTESIAN_POINT('',(7.875779391162,1.6));
#369 = VECTOR('',#370,1.);
#370 = DIRECTION('',(-1.,0.));
#371 = ( GEOMETRIC_REPRESENTATION_CONTEXT(2) 
PARAMETRIC_REPRESENTATION_CONTEXT() REPRESENTATION_CONTEXT('2D SPACE',''
  ) );
#372 = PCURVE('',#94,#373);
#373 = DEFINITIONAL_REPRESENTATION('',(#374),#382);
#374 = ( BOUNDED_CURVE() B_SPLINE_CURVE(2,(#375,#376,#377,#378,#379,#380
,#381),.UNSPECIFIED.,.T.,.F.) B_SPLINE_CURVE_WITH_KNOTS((1,2,2,2,2,1),(
    -2.094395102393,0.,2.094395102393,4.188790204786,6.28318530718,
8.377580409573),.UNSPECIFIED.) CURVE() GEOMETRIC_REPRESENTATION_ITEM() 
RATIONAL_B_SPLINE_CURVE((1.,0.5,1.,0.5,1.,0.5,1.)) REPRESENTATION_ITEM(
  '') );
#375 = CARTESIAN_POINT('',(-12.87963826245,11.222714840002));
#376 = CARTESIAN_POINT('',(-14.21133336781,12.500171682374));
#377 = CARTESIAN_POINT('',(-12.43917573739,13.014725052525));
#378 = CARTESIAN_POINT('',(-10.66701810698,13.529278422675));
#379 = CARTESIAN_POINT('',(-11.10748063204,11.737268210153));
#380 = CARTESIAN_POINT('',(-11.54794315709,9.94525799763));
#381 = CARTESIAN_POINT('',(-12.87963826245,11.222714840002));
#382 = ( GEOMETRIC_REPRESENTATION_CONTEXT(2) 
PARAMETRIC_REPRESENTATION_CONTEXT() REPRESENTATION_CONTEXT('2D SPACE',''
  ) );
#383 = ADVANCED_FACE('',(#384),#323,.F.);
#384 = FACE_BOUND('',#385,.T.);
#385 = EDGE_LOOP('',(#386,#409,#410,#433));
#386 = ORIENTED_EDGE('',*,*,#387,.F.);
#387 = EDGE_CURVE('',#308,#388,#390,.T.);
#388 = VERTEX_POINT('',#389);
#389 = CARTESIAN_POINT('',(2.628416134619E+03,1.725852746865E+03,
    133.35275542814));
#390 = SURFACE_CURVE('',#391,(#395,#402),.PCURVE_S1.);
#391 = LINE('',#392,#393);
#392 = CARTESIAN_POINT('',(2.631290917186E+03,1.728680274464E+03,
    133.35275542814));
#393 = VECTOR('',#394,1.);
#394 = DIRECTION('',(0.712942085778,0.70122291914,3.027154171814E-16));
#395 = PCURVE('',#323,#396);
#396 = DEFINITIONAL_REPRESENTATION('',(#397),#401);
#397 = LINE('',#398,#399);
#398 = CARTESIAN_POINT('',(-4.03228063649,1.6));
#399 = VECTOR('',#400,1.);
#400 = DIRECTION('',(-1.,2.372805564731E-15));
#401 = ( GEOMETRIC_REPRESENTATION_CONTEXT(2) 
PARAMETRIC_REPRESENTATION_CONTEXT() REPRESENTATION_CONTEXT('2D SPACE',''
  ) );
#402 = PCURVE('',#94,#403);
#403 = DEFINITIONAL_REPRESENTATION('',(#404),#408);
#404 = LINE('',#405,#406);
#405 = CARTESIAN_POINT('',(-2.24473307124,3.44799726179));
#406 = VECTOR('',#407,1.);
#407 = DIRECTION('',(0.70122291914,-0.712942085778));
#408 = ( GEOMETRIC_REPRESENTATION_CONTEXT(2) 
PARAMETRIC_REPRESENTATION_CONTEXT() REPRESENTATION_CONTEXT('2D SPACE',''
  ) );
#409 = ORIENTED_EDGE('',*,*,#305,.F.);
#410 = ORIENTED_EDGE('',*,*,#411,.F.);
#411 = EDGE_CURVE('',#412,#306,#414,.T.);
#412 = VERTEX_POINT('',#413);
#413 = CARTESIAN_POINT('',(2.628416134619E+03,1.725852746865E+03,
    131.75275542814));
#414 = SURFACE_CURVE('',#415,(#419,#426),.PCURVE_S1.);
#415 = LINE('',#416,#417);
#416 = CARTESIAN_POINT('',(2.631290917186E+03,1.728680274464E+03,
    131.75275542814));
#417 = VECTOR('',#418,1.);
#418 = DIRECTION('',(-0.712942085778,-0.70122291914,-3.027154171814E-16)
  );
#419 = PCURVE('',#323,#420);
#420 = DEFINITIONAL_REPRESENTATION('',(#421),#425);
#421 = LINE('',#422,#423);
#422 = CARTESIAN_POINT('',(-4.03228063649,8.347184417754E-15));
#423 = VECTOR('',#424,1.);
#424 = DIRECTION('',(1.,-2.372805564731E-15));
#425 = ( GEOMETRIC_REPRESENTATION_CONTEXT(2) 
PARAMETRIC_REPRESENTATION_CONTEXT() REPRESENTATION_CONTEXT('2D SPACE',''
  ) );
#426 = PCURVE('',#66,#427);
#427 = DEFINITIONAL_REPRESENTATION('',(#428),#432);
#428 = LINE('',#429,#430);
#429 = CARTESIAN_POINT('',(-2.24473307124,3.44799726179));
#430 = VECTOR('',#431,1.);
#431 = DIRECTION('',(-0.70122291914,0.712942085778));
#432 = ( GEOMETRIC_REPRESENTATION_CONTEXT(2) 
PARAMETRIC_REPRESENTATION_CONTEXT() REPRESENTATION_CONTEXT('2D SPACE',''
  ) );
#433 = ORIENTED_EDGE('',*,*,#434,.T.);
#434 = EDGE_CURVE('',#412,#388,#435,.T.);
#435 = SURFACE_CURVE('',#436,(#440,#447),.PCURVE_S1.);
#436 = LINE('',#437,#438);
#437 = CARTESIAN_POINT('',(2.628416134619E+03,1.725852746865E+03,
    131.75275542814));
#438 = VECTOR('',#439,1.);
#439 = DIRECTION('',(-1.836970198721E-16,-2.449293598295E-16,1.));
#440 = PCURVE('',#323,#441);
#441 = DEFINITIONAL_REPRESENTATION('',(#442),#446);
#442 = LINE('',#443,#444);
#443 = CARTESIAN_POINT('',(0.,0.));
#444 = VECTOR('',#445,1.);
#445 = DIRECTION('',(2.372805564731E-15,1.));
#446 = ( GEOMETRIC_REPRESENTATION_CONTEXT(2) 
PARAMETRIC_REPRESENTATION_CONTEXT() REPRESENTATION_CONTEXT('2D SPACE',''
  ) );
#447 = PCURVE('',#241,#448);
#448 = DEFINITIONAL_REPRESENTATION('',(#449),#453);
#449 = LINE('',#450,#451);
#450 = CARTESIAN_POINT('',(6.28318530718,0.));
#451 = VECTOR('',#452,1.);
#452 = DIRECTION('',(0.,1.));
#453 = ( GEOMETRIC_REPRESENTATION_CONTEXT(2) 
PARAMETRIC_REPRESENTATION_CONTEXT() REPRESENTATION_CONTEXT('2D SPACE',''
  ) );
#454 = ADVANCED_FACE('',(#455),#241,.F.);
#455 = FACE_BOUND('',#456,.F.);
#456 = EDGE_LOOP('',(#457,#458,#480,#481));
#457 = ORIENTED_EDGE('',*,*,#225,.F.);
#458 = ORIENTED_EDGE('',*,*,#459,.T.);
#459 = EDGE_CURVE('',#226,#412,#460,.T.);
#460 = SURFACE_CURVE('',#461,(#466,#473),.PCURVE_S1.);
#461 = CIRCLE('',#462,0.934588054969);
#462 = AXIS2_PLACEMENT_3D('',#463,#464,#465);
#463 = CARTESIAN_POINT('',(2.629071489183E+03,1.725186439708E+03,
    131.75275542814));
#464 = DIRECTION('',(-1.836970198721E-16,-2.449293598295E-16,1.));
#465 = DIRECTION('',(-0.70122291914,0.712942085778,4.580788815306E-17));
#466 = PCURVE('',#241,#467);
#467 = DEFINITIONAL_REPRESENTATION('',(#468),#472);
#468 = LINE('',#469,#470);
#469 = CARTESIAN_POINT('',(1.199040866595E-14,0.));
#470 = VECTOR('',#471,1.);
#471 = DIRECTION('',(1.,0.));
#472 = ( GEOMETRIC_REPRESENTATION_CONTEXT(2) 
PARAMETRIC_REPRESENTATION_CONTEXT() REPRESENTATION_CONTEXT('2D SPACE',''
  ) );
#473 = PCURVE('',#66,#474);
#474 = DEFINITIONAL_REPRESENTATION('',(#475),#479);
#475 = CIRCLE('',#476,0.934588054969);
#476 = AXIS2_PLACEMENT_2D('',#477,#478);
#477 = CARTESIAN_POINT('',(-5.7385678272,5.66742526511));
#478 = DIRECTION('',(0.712942085778,0.70122291914));
#479 = ( GEOMETRIC_REPRESENTATION_CONTEXT(2) 
PARAMETRIC_REPRESENTATION_CONTEXT() REPRESENTATION_CONTEXT('2D SPACE',''
  ) );
#480 = ORIENTED_EDGE('',*,*,#434,.T.);
#481 = ORIENTED_EDGE('',*,*,#482,.T.);
#482 = EDGE_CURVE('',#388,#196,#483,.T.);
#483 = SURFACE_CURVE('',#484,(#489,#496),.PCURVE_S1.);
#484 = CIRCLE('',#485,0.934588054969);
#485 = AXIS2_PLACEMENT_3D('',#486,#487,#488);
#486 = CARTESIAN_POINT('',(2.629071489183E+03,1.725186439708E+03,
    133.35275542814));
#487 = DIRECTION('',(1.836970198721E-16,2.449293598295E-16,-1.));
#488 = DIRECTION('',(-0.70122291914,0.712942085778,4.580788815306E-17));
#489 = PCURVE('',#241,#490);
#490 = DEFINITIONAL_REPRESENTATION('',(#491),#495);
#491 = LINE('',#492,#493);
#492 = CARTESIAN_POINT('',(6.28318530718,1.6));
#493 = VECTOR('',#494,1.);
#494 = DIRECTION('',(-1.,0.));
#495 = ( GEOMETRIC_REPRESENTATION_CONTEXT(2) 
PARAMETRIC_REPRESENTATION_CONTEXT() REPRESENTATION_CONTEXT('2D SPACE',''
  ) );
#496 = PCURVE('',#94,#497);
#497 = DEFINITIONAL_REPRESENTATION('',(#498),#506);
#498 = ( BOUNDED_CURVE() B_SPLINE_CURVE(2,(#499,#500,#501,#502,#503,#504
,#505),.UNSPECIFIED.,.T.,.F.) B_SPLINE_CURVE_WITH_KNOTS((1,2,2,2,2,1),(
    -2.094395102393,0.,2.094395102393,4.188790204786,6.28318530718,
8.377580409573),.UNSPECIFIED.) CURVE() GEOMETRIC_REPRESENTATION_ITEM() 
RATIONAL_B_SPLINE_CURVE((1.,0.5,1.,0.5,1.,0.5,1.)) REPRESENTATION_ITEM(
  '') );
#499 = CARTESIAN_POINT('',(-5.072260669947,6.322779829209));
#500 = CARTESIAN_POINT('',(-3.937153267956,5.1687019794));
#501 = CARTESIAN_POINT('',(-5.504167704831,4.762709058156));
#502 = CARTESIAN_POINT('',(-7.071182141706,4.356716136913));
#503 = CARTESIAN_POINT('',(-6.639275106822,5.916786907965));
#504 = CARTESIAN_POINT('',(-6.207368071938,7.476857679018));
#505 = CARTESIAN_POINT('',(-5.072260669947,6.322779829209));
#506 = ( GEOMETRIC_REPRESENTATION_CONTEXT(2) 
PARAMETRIC_REPRESENTATION_CONTEXT() REPRESENTATION_CONTEXT('2D SPACE',''
  ) );
#507 = ADVANCED_FACE('',(#508),#522,.F.);
#508 = FACE_BOUND('',#509,.F.);
#509 = EDGE_LOOP('',(#510,#545,#569,#597));
#510 = ORIENTED_EDGE('',*,*,#511,.F.);
#511 = EDGE_CURVE('',#512,#514,#516,.T.);
#512 = VERTEX_POINT('',#513);
#513 = CARTESIAN_POINT('',(2.647487843733E+03,1.742317766992E+03,
    131.75275542814));
#514 = VERTEX_POINT('',#515);
#515 = CARTESIAN_POINT('',(2.647487843733E+03,1.742317766992E+03,
    133.35275542814));
#516 = SURFACE_CURVE('',#517,(#521,#533),.PCURVE_S1.);
#517 = LINE('',#518,#519);
#518 = CARTESIAN_POINT('',(2.647487843733E+03,1.742317766992E+03,
    131.75275542814));
#519 = VECTOR('',#520,1.);
#520 = DIRECTION('',(-1.836970198721E-16,-2.449293598295E-16,1.));
#521 = PCURVE('',#522,#527);
#522 = CYLINDRICAL_SURFACE('',#523,1.065411945018);
#523 = AXIS2_PLACEMENT_3D('',#524,#525,#526);
#524 = CARTESIAN_POINT('',(2.646730483816E+03,1.743067105746E+03,
    131.75275542814));
#525 = DIRECTION('',(-1.836970198721E-16,-2.449293598295E-16,1.));
#526 = DIRECTION('',(0.70300761881,0.711182316917,3.033298341272E-16));
#527 = DEFINITIONAL_REPRESENTATION('',(#528),#532);
#528 = LINE('',#529,#530);
#529 = CARTESIAN_POINT('',(4.711932181309,0.));
#530 = VECTOR('',#531,1.);
#531 = DIRECTION('',(0.,1.));
#532 = ( GEOMETRIC_REPRESENTATION_CONTEXT(2) 
PARAMETRIC_REPRESENTATION_CONTEXT() REPRESENTATION_CONTEXT('2D SPACE',''
  ) );
#533 = PCURVE('',#534,#539);
#534 = PLANE('',#535);
#535 = AXIS2_PLACEMENT_3D('',#536,#537,#538);
#536 = CARTESIAN_POINT('',(2.641158548427E+03,1.735920720871E+03,
    131.75275542814));
#537 = DIRECTION('',(0.710861109498,-0.703332412877,-4.168369027565E-17)
  );
#538 = DIRECTION('',(0.703332412877,0.710861109498,2.672047213167E-15));
#539 = DEFINITIONAL_REPRESENTATION('',(#540),#544);
#540 = LINE('',#541,#542);
#541 = CARTESIAN_POINT('',(8.999009841954,-2.404577916946E-14));
#542 = VECTOR('',#543,1.);
#543 = DIRECTION('',(2.368736388465E-15,1.));
#544 = ( GEOMETRIC_REPRESENTATION_CONTEXT(2) 
PARAMETRIC_REPRESENTATION_CONTEXT() REPRESENTATION_CONTEXT('2D SPACE',''
  ) );
#545 = ORIENTED_EDGE('',*,*,#546,.T.);
#546 = EDGE_CURVE('',#512,#547,#549,.T.);
#547 = VERTEX_POINT('',#548);
#548 = CARTESIAN_POINT('',(2.64597243962E+03,1.743815752265E+03,
    131.75275542814));
#549 = SURFACE_CURVE('',#550,(#555,#562),.PCURVE_S1.);
#550 = CIRCLE('',#551,1.065411945018);
#551 = AXIS2_PLACEMENT_3D('',#552,#553,#554);
#552 = CARTESIAN_POINT('',(2.646730483816E+03,1.743067105746E+03,
    131.75275542814));
#553 = DIRECTION('',(-1.836970198721E-16,-2.449293598295E-16,1.));
#554 = DIRECTION('',(-0.711503375937,0.70268267805,4.140656870946E-17));
#555 = PCURVE('',#522,#556);
#556 = DEFINITIONAL_REPRESENTATION('',(#557),#561);
#557 = LINE('',#558,#559);
#558 = CARTESIAN_POINT('',(1.571253125871,0.));
#559 = VECTOR('',#560,1.);
#560 = DIRECTION('',(1.,0.));
#561 = ( GEOMETRIC_REPRESENTATION_CONTEXT(2) 
PARAMETRIC_REPRESENTATION_CONTEXT() REPRESENTATION_CONTEXT('2D SPACE',''
  ) );
#562 = PCURVE('',#66,#563);
#563 = DEFINITIONAL_REPRESENTATION('',(#564),#568);
#564 = CIRCLE('',#565,1.065411945018);
#565 = AXIS2_PLACEMENT_2D('',#566,#567);
#566 = CARTESIAN_POINT('',(12.14209821064,-11.99156936755));
#567 = DIRECTION('',(0.70268267805,0.711503375937));
#568 = ( GEOMETRIC_REPRESENTATION_CONTEXT(2) 
PARAMETRIC_REPRESENTATION_CONTEXT() REPRESENTATION_CONTEXT('2D SPACE',''
  ) );
#569 = ORIENTED_EDGE('',*,*,#570,.T.);
#570 = EDGE_CURVE('',#547,#571,#573,.T.);
#571 = VERTEX_POINT('',#572);
#572 = CARTESIAN_POINT('',(2.64597243962E+03,1.743815752265E+03,
    133.35275542814));
#573 = SURFACE_CURVE('',#574,(#578,#585),.PCURVE_S1.);
#574 = LINE('',#575,#576);
#575 = CARTESIAN_POINT('',(2.64597243962E+03,1.743815752265E+03,
    131.75275542814));
#576 = VECTOR('',#577,1.);
#577 = DIRECTION('',(-1.836970198721E-16,-2.449293598295E-16,1.));
#578 = PCURVE('',#522,#579);
#579 = DEFINITIONAL_REPRESENTATION('',(#580),#584);
#580 = LINE('',#581,#582);
#581 = CARTESIAN_POINT('',(7.854438433049,0.));
#582 = VECTOR('',#583,1.);
#583 = DIRECTION('',(0.,1.));
#584 = ( GEOMETRIC_REPRESENTATION_CONTEXT(2) 
PARAMETRIC_REPRESENTATION_CONTEXT() REPRESENTATION_CONTEXT('2D SPACE',''
  ) );
#585 = PCURVE('',#586,#591);
#586 = PLANE('',#587);
#587 = AXIS2_PLACEMENT_3D('',#588,#589,#590);
#588 = CARTESIAN_POINT('',(2.64597243962E+03,1.743815752265E+03,
    131.75275542814));
#589 = DIRECTION('',(-0.711503375937,0.70268267805,4.140656870946E-17));
#590 = DIRECTION('',(-0.70268267805,-0.711503375937,-3.033487802581E-16)
  );
#591 = DEFINITIONAL_REPRESENTATION('',(#592),#596);
#592 = LINE('',#593,#594);
#593 = CARTESIAN_POINT('',(-0.,0.));
#594 = VECTOR('',#595,1.);
#595 = DIRECTION('',(4.930380657631E-32,1.));
#596 = ( GEOMETRIC_REPRESENTATION_CONTEXT(2) 
PARAMETRIC_REPRESENTATION_CONTEXT() REPRESENTATION_CONTEXT('2D SPACE',''
  ) );
#597 = ORIENTED_EDGE('',*,*,#598,.T.);
#598 = EDGE_CURVE('',#571,#514,#599,.T.);
#599 = SURFACE_CURVE('',#600,(#605,#612),.PCURVE_S1.);
#600 = CIRCLE('',#601,1.065411945018);
#601 = AXIS2_PLACEMENT_3D('',#602,#603,#604);
#602 = CARTESIAN_POINT('',(2.646730483816E+03,1.743067105746E+03,
    133.35275542814));
#603 = DIRECTION('',(1.836970198721E-16,2.449293598295E-16,-1.));
#604 = DIRECTION('',(-0.711503375937,0.70268267805,4.140656870946E-17));
#605 = PCURVE('',#522,#606);
#606 = DEFINITIONAL_REPRESENTATION('',(#607),#611);
#607 = LINE('',#608,#609);
#608 = CARTESIAN_POINT('',(7.85443843305,1.6));
#609 = VECTOR('',#610,1.);
#610 = DIRECTION('',(-1.,0.));
#611 = ( GEOMETRIC_REPRESENTATION_CONTEXT(2) 
PARAMETRIC_REPRESENTATION_CONTEXT() REPRESENTATION_CONTEXT('2D SPACE',''
  ) );
#612 = PCURVE('',#94,#613);
#613 = DEFINITIONAL_REPRESENTATION('',(#614),#622);
#614 = ( BOUNDED_CURVE() B_SPLINE_CURVE(2,(#615,#616,#617,#618,#619,#620
,#621),.UNSPECIFIED.,.T.,.F.) B_SPLINE_CURVE_WITH_KNOTS((1,2,2,2,2,1),(
    -2.094395102393,0.,2.094395102393,4.188790204786,6.28318530718,
8.377580409573),.UNSPECIFIED.) CURVE() GEOMETRIC_REPRESENTATION_ITEM() 
RATIONAL_B_SPLINE_CURVE((1.,0.5,1.,0.5,1.,0.5,1.)) REPRESENTATION_ITEM(
  '') );
#615 = CARTESIAN_POINT('',(12.890744729391,-11.2335251719));
#616 = CARTESIAN_POINT('',(14.203715790628,-12.53021897929));
#617 = CARTESIAN_POINT('',(12.424260481883,-13.01893836906));
#618 = CARTESIAN_POINT('',(10.644805173137,-13.50765775883));
#619 = CARTESIAN_POINT('',(11.111289420646,-11.72224456167));
#620 = CARTESIAN_POINT('',(11.577773668154,-9.93683136452));
#621 = CARTESIAN_POINT('',(12.890744729391,-11.2335251719));
#622 = ( GEOMETRIC_REPRESENTATION_CONTEXT(2) 
PARAMETRIC_REPRESENTATION_CONTEXT() REPRESENTATION_CONTEXT('2D SPACE',''
  ) );
#623 = ADVANCED_FACE('',(#624),#534,.F.);
#624 = FACE_BOUND('',#625,.T.);
#625 = EDGE_LOOP('',(#626,#649,#650,#673));
#626 = ORIENTED_EDGE('',*,*,#627,.F.);
#627 = EDGE_CURVE('',#514,#628,#630,.T.);
#628 = VERTEX_POINT('',#629);
#629 = CARTESIAN_POINT('',(2.641158548427E+03,1.735920720871E+03,
    133.35275542814));
#630 = SURFACE_CURVE('',#631,(#635,#642),.PCURVE_S1.);
#631 = LINE('',#632,#633);
#632 = CARTESIAN_POINT('',(2.638321869905E+03,1.733053677628E+03,
    133.35275542814));
#633 = VECTOR('',#634,1.);
#634 = DIRECTION('',(-0.703332412877,-0.710861109498,-3.033108247019E-16
    ));
#635 = PCURVE('',#534,#636);
#636 = DEFINITIONAL_REPRESENTATION('',(#637),#641);
#637 = LINE('',#638,#639);
#638 = CARTESIAN_POINT('',(-4.033197490582,1.6));
#639 = VECTOR('',#640,1.);
#640 = DIRECTION('',(-1.,2.368736388465E-15));
#641 = ( GEOMETRIC_REPRESENTATION_CONTEXT(2) 
PARAMETRIC_REPRESENTATION_CONTEXT() REPRESENTATION_CONTEXT('2D SPACE',''
  ) );
#642 = PCURVE('',#94,#643);
#643 = DEFINITIONAL_REPRESENTATION('',(#644),#648);
#644 = LINE('',#645,#646);
#645 = CARTESIAN_POINT('',(2.12867009303,-3.58295545655));
#646 = VECTOR('',#647,1.);
#647 = DIRECTION('',(-0.710861109498,0.703332412877));
#648 = ( GEOMETRIC_REPRESENTATION_CONTEXT(2) 
PARAMETRIC_REPRESENTATION_CONTEXT() REPRESENTATION_CONTEXT('2D SPACE',''
  ) );
#649 = ORIENTED_EDGE('',*,*,#511,.F.);
#650 = ORIENTED_EDGE('',*,*,#651,.F.);
#651 = EDGE_CURVE('',#652,#512,#654,.T.);
#652 = VERTEX_POINT('',#653);
#653 = CARTESIAN_POINT('',(2.641158548427E+03,1.735920720871E+03,
    131.75275542814));
#654 = SURFACE_CURVE('',#655,(#659,#666),.PCURVE_S1.);
#655 = LINE('',#656,#657);
#656 = CARTESIAN_POINT('',(2.638321869905E+03,1.733053677628E+03,
    131.75275542814));
#657 = VECTOR('',#658,1.);
#658 = DIRECTION('',(0.703332412877,0.710861109498,3.033108247019E-16));
#659 = PCURVE('',#534,#660);
#660 = DEFINITIONAL_REPRESENTATION('',(#661),#665);
#661 = LINE('',#662,#663);
#662 = CARTESIAN_POINT('',(-4.033197490582,1.077689411486E-14));
#663 = VECTOR('',#664,1.);
#664 = DIRECTION('',(1.,-2.368736388465E-15));
#665 = ( GEOMETRIC_REPRESENTATION_CONTEXT(2) 
PARAMETRIC_REPRESENTATION_CONTEXT() REPRESENTATION_CONTEXT('2D SPACE',''
  ) );
#666 = PCURVE('',#66,#667);
#667 = DEFINITIONAL_REPRESENTATION('',(#668),#672);
#668 = LINE('',#669,#670);
#669 = CARTESIAN_POINT('',(2.12867009303,-3.58295545655));
#670 = VECTOR('',#671,1.);
#671 = DIRECTION('',(0.710861109498,-0.703332412877));
#672 = ( GEOMETRIC_REPRESENTATION_CONTEXT(2) 
PARAMETRIC_REPRESENTATION_CONTEXT() REPRESENTATION_CONTEXT('2D SPACE',''
  ) );
#673 = ORIENTED_EDGE('',*,*,#674,.T.);
#674 = EDGE_CURVE('',#652,#628,#675,.T.);
#675 = SURFACE_CURVE('',#676,(#680,#687),.PCURVE_S1.);
#676 = LINE('',#677,#678);
#677 = CARTESIAN_POINT('',(2.641158548427E+03,1.735920720871E+03,
    131.75275542814));
#678 = VECTOR('',#679,1.);
#679 = DIRECTION('',(-1.836970198721E-16,-2.449293598295E-16,1.));
#680 = PCURVE('',#534,#681);
#681 = DEFINITIONAL_REPRESENTATION('',(#682),#686);
#682 = LINE('',#683,#684);
#683 = CARTESIAN_POINT('',(0.,0.));
#684 = VECTOR('',#685,1.);
#685 = DIRECTION('',(2.368736388465E-15,1.));
#686 = ( GEOMETRIC_REPRESENTATION_CONTEXT(2) 
PARAMETRIC_REPRESENTATION_CONTEXT() REPRESENTATION_CONTEXT('2D SPACE',''
  ) );
#687 = PCURVE('',#688,#693);
#688 = CYLINDRICAL_SURFACE('',#689,1.065411945018);
#689 = AXIS2_PLACEMENT_3D('',#690,#691,#692);
#690 = CARTESIAN_POINT('',(2.640314300454E+03,1.736570603916E+03,
    131.75275542814));
#691 = DIRECTION('',(-1.836970198721E-16,-2.449293598295E-16,1.));
#692 = DIRECTION('',(-0.664017346222,-0.747717168397,-3.051158950334E-16
    ));
#693 = DEFINITIONAL_REPRESENTATION('',(#694),#698);
#694 = LINE('',#695,#696);
#695 = CARTESIAN_POINT('',(1.640936188045,0.));
#696 = VECTOR('',#697,1.);
#697 = DIRECTION('',(0.,1.));
#698 = ( GEOMETRIC_REPRESENTATION_CONTEXT(2) 
PARAMETRIC_REPRESENTATION_CONTEXT() REPRESENTATION_CONTEXT('2D SPACE',''
  ) );
#699 = ADVANCED_FACE('',(#700),#688,.F.);
#700 = FACE_BOUND('',#701,.F.);
#701 = EDGE_LOOP('',(#702,#727,#749,#750));
#702 = ORIENTED_EDGE('',*,*,#703,.F.);
#703 = EDGE_CURVE('',#704,#706,#708,.T.);
#704 = VERTEX_POINT('',#705);
#705 = CARTESIAN_POINT('',(2.639569212301E+03,1.737332145942E+03,
    131.75275542814));
#706 = VERTEX_POINT('',#707);
#707 = CARTESIAN_POINT('',(2.639569212301E+03,1.737332145942E+03,
    133.35275542814));
#708 = SURFACE_CURVE('',#709,(#713,#720),.PCURVE_S1.);
#709 = LINE('',#710,#711);
#710 = CARTESIAN_POINT('',(2.639569212301E+03,1.737332145942E+03,
    131.75275542814));
#711 = VECTOR('',#712,1.);
#712 = DIRECTION('',(-1.836970198721E-16,-2.449293598295E-16,1.));
#713 = PCURVE('',#688,#714);
#714 = DEFINITIONAL_REPRESENTATION('',(#715),#719);
#715 = LINE('',#716,#717);
#716 = CARTESIAN_POINT('',(-1.640936188042,0.));
#717 = VECTOR('',#718,1.);
#718 = DIRECTION('',(0.,1.));
#719 = ( GEOMETRIC_REPRESENTATION_CONTEXT(2) 
PARAMETRIC_REPRESENTATION_CONTEXT() REPRESENTATION_CONTEXT('2D SPACE',''
  ) );
#720 = PCURVE('',#586,#721);
#721 = DEFINITIONAL_REPRESENTATION('',(#722),#726);
#722 = LINE('',#723,#724);
#723 = CARTESIAN_POINT('',(9.11254470793,2.764279322198E-15));
#724 = VECTOR('',#725,1.);
#725 = DIRECTION('',(4.930380657631E-32,1.));
#726 = ( GEOMETRIC_REPRESENTATION_CONTEXT(2) 
PARAMETRIC_REPRESENTATION_CONTEXT() REPRESENTATION_CONTEXT('2D SPACE',''
  ) );
#727 = ORIENTED_EDGE('',*,*,#728,.T.);
#728 = EDGE_CURVE('',#704,#652,#729,.T.);
#729 = SURFACE_CURVE('',#730,(#735,#742),.PCURVE_S1.);
#730 = CIRCLE('',#731,1.065411945018);
#731 = AXIS2_PLACEMENT_3D('',#732,#733,#734);
#732 = CARTESIAN_POINT('',(2.640314300454E+03,1.736570603916E+03,
    131.75275542814));
#733 = DIRECTION('',(-1.836970198721E-16,-2.449293598295E-16,1.));
#734 = DIRECTION('',(0.792414593833,-0.609982878022,-3.838516430434E-18)
  );
#735 = PCURVE('',#688,#736);
#736 = DEFINITIONAL_REPRESENTATION('',(#737),#741);
#737 = LINE('',#738,#739);
#738 = CARTESIAN_POINT('',(-4.642249119138,0.));
#739 = VECTOR('',#740,1.);
#740 = DIRECTION('',(1.,0.));
#741 = ( GEOMETRIC_REPRESENTATION_CONTEXT(2) 
PARAMETRIC_REPRESENTATION_CONTEXT() REPRESENTATION_CONTEXT('2D SPACE',''
  ) );
#742 = PCURVE('',#66,#743);
#743 = DEFINITIONAL_REPRESENTATION('',(#744),#748);
#744 = CIRCLE('',#745,1.065411945018);
#745 = AXIS2_PLACEMENT_2D('',#746,#747);
#746 = CARTESIAN_POINT('',(5.64559638051,-5.57538600553));
#747 = DIRECTION('',(-0.609982878022,-0.792414593833));
#748 = ( GEOMETRIC_REPRESENTATION_CONTEXT(2) 
PARAMETRIC_REPRESENTATION_CONTEXT() REPRESENTATION_CONTEXT('2D SPACE',''
  ) );
#749 = ORIENTED_EDGE('',*,*,#674,.T.);
#750 = ORIENTED_EDGE('',*,*,#751,.T.);
#751 = EDGE_CURVE('',#628,#706,#752,.T.);
#752 = SURFACE_CURVE('',#753,(#758,#765),.PCURVE_S1.);
#753 = CIRCLE('',#754,1.065411945018);
#754 = AXIS2_PLACEMENT_3D('',#755,#756,#757);
#755 = CARTESIAN_POINT('',(2.640314300454E+03,1.736570603916E+03,
    133.35275542814));
#756 = DIRECTION('',(1.836970198721E-16,2.449293598295E-16,-1.));
#757 = DIRECTION('',(0.792414593833,-0.609982878022,-3.838516430434E-18)
  );
#758 = PCURVE('',#688,#759);
#759 = DEFINITIONAL_REPRESENTATION('',(#760),#764);
#760 = LINE('',#761,#762);
#761 = CARTESIAN_POINT('',(1.640936188042,1.6));
#762 = VECTOR('',#763,1.);
#763 = DIRECTION('',(-1.,0.));
#764 = ( GEOMETRIC_REPRESENTATION_CONTEXT(2) 
PARAMETRIC_REPRESENTATION_CONTEXT() REPRESENTATION_CONTEXT('2D SPACE',''
  ) );
#765 = PCURVE('',#94,#766);
#766 = DEFINITIONAL_REPRESENTATION('',(#767),#775);
#767 = ( BOUNDED_CURVE() B_SPLINE_CURVE(2,(#768,#769,#770,#771,#772,#773
,#774),.UNSPECIFIED.,.T.,.F.) B_SPLINE_CURVE_WITH_KNOTS((1,2,2,2,2,1),(
    -2.094395102393,0.,2.094395102393,4.188790204786,6.28318530718,
8.377580409573),.UNSPECIFIED.) CURVE() GEOMETRIC_REPRESENTATION_ITEM() 
RATIONAL_B_SPLINE_CURVE((1.,0.5,1.,0.5,1.,0.5,1.)) REPRESENTATION_ITEM(
  '') );
#768 = CARTESIAN_POINT('',(4.995713336009,-6.419633979207));
#769 = CARTESIAN_POINT('',(3.533432951414,-5.294003527154));
#770 = CARTESIAN_POINT('',(5.239397710463,-4.590446792665));
#771 = CARTESIAN_POINT('',(6.945362469512,-3.886890058176));
#772 = CARTESIAN_POINT('',(6.701678095058,-5.716077244718));
#773 = CARTESIAN_POINT('',(6.457993720604,-7.54526443126));
#774 = CARTESIAN_POINT('',(4.995713336009,-6.419633979207));
#775 = ( GEOMETRIC_REPRESENTATION_CONTEXT(2) 
PARAMETRIC_REPRESENTATION_CONTEXT() REPRESENTATION_CONTEXT('2D SPACE',''
  ) );
#776 = ADVANCED_FACE('',(#777),#586,.F.);
#777 = FACE_BOUND('',#778,.T.);
#778 = EDGE_LOOP('',(#779,#800,#801,#822));
#779 = ORIENTED_EDGE('',*,*,#780,.F.);
#780 = EDGE_CURVE('',#706,#571,#781,.T.);
#781 = SURFACE_CURVE('',#782,(#786,#793),.PCURVE_S1.);
#782 = LINE('',#783,#784);
#783 = CARTESIAN_POINT('',(2.639976654936E+03,1.737744703159E+03,
    133.35275542814));
#784 = VECTOR('',#785,1.);
#785 = DIRECTION('',(0.70268267805,0.711503375937,3.033487802581E-16));
#786 = PCURVE('',#586,#787);
#787 = DEFINITIONAL_REPRESENTATION('',(#788),#792);
#788 = LINE('',#789,#790);
#789 = CARTESIAN_POINT('',(8.532705972519,1.6));
#790 = VECTOR('',#791,1.);
#791 = DIRECTION('',(-1.,-1.479114197289E-31));
#792 = ( GEOMETRIC_REPRESENTATION_CONTEXT(2) 
PARAMETRIC_REPRESENTATION_CONTEXT() REPRESENTATION_CONTEXT('2D SPACE',''
  ) );
#793 = PCURVE('',#94,#794);
#794 = DEFINITIONAL_REPRESENTATION('',(#795),#799);
#795 = LINE('',#796,#797);
#796 = CARTESIAN_POINT('',(6.81969562407,-5.23774048813));
#797 = VECTOR('',#798,1.);
#798 = DIRECTION('',(0.711503375937,-0.70268267805));
#799 = ( GEOMETRIC_REPRESENTATION_CONTEXT(2) 
PARAMETRIC_REPRESENTATION_CONTEXT() REPRESENTATION_CONTEXT('2D SPACE',''
  ) );
#800 = ORIENTED_EDGE('',*,*,#703,.F.);
#801 = ORIENTED_EDGE('',*,*,#802,.F.);
#802 = EDGE_CURVE('',#547,#704,#803,.T.);
#803 = SURFACE_CURVE('',#804,(#808,#815),.PCURVE_S1.);
#804 = LINE('',#805,#806);
#805 = CARTESIAN_POINT('',(2.639976654936E+03,1.737744703159E+03,
    131.75275542814));
#806 = VECTOR('',#807,1.);
#807 = DIRECTION('',(-0.70268267805,-0.711503375937,-3.033487802581E-16)
  );
#808 = PCURVE('',#586,#809);
#809 = DEFINITIONAL_REPRESENTATION('',(#810),#814);
#810 = LINE('',#811,#812);
#811 = CARTESIAN_POINT('',(8.532705972519,2.588385949065E-15));
#812 = VECTOR('',#813,1.);
#813 = DIRECTION('',(1.,1.479114197289E-31));
#814 = ( GEOMETRIC_REPRESENTATION_CONTEXT(2) 
PARAMETRIC_REPRESENTATION_CONTEXT() REPRESENTATION_CONTEXT('2D SPACE',''
  ) );
#815 = PCURVE('',#66,#816);
#816 = DEFINITIONAL_REPRESENTATION('',(#817),#821);
#817 = LINE('',#818,#819);
#818 = CARTESIAN_POINT('',(6.81969562407,-5.23774048813));
#819 = VECTOR('',#820,1.);
#820 = DIRECTION('',(-0.711503375937,0.70268267805));
#821 = ( GEOMETRIC_REPRESENTATION_CONTEXT(2) 
PARAMETRIC_REPRESENTATION_CONTEXT() REPRESENTATION_CONTEXT('2D SPACE',''
  ) );
#822 = ORIENTED_EDGE('',*,*,#570,.T.);
#823 = ADVANCED_FACE('',(#824),#838,.F.);
#824 = FACE_BOUND('',#825,.T.);
#825 = EDGE_LOOP('',(#826,#856,#884,#907));
#826 = ORIENTED_EDGE('',*,*,#827,.F.);
#827 = EDGE_CURVE('',#828,#830,#832,.T.);
#828 = VERTEX_POINT('',#829);
#829 = CARTESIAN_POINT('',(2.628411041773E+03,1.735907420719E+03,
    133.35275542814));
#830 = VERTEX_POINT('',#831);
#831 = CARTESIAN_POINT('',(2.621999964001E+03,1.742307813882E+03,
    133.35275542814));
#832 = SURFACE_CURVE('',#833,(#837,#849),.PCURVE_S1.);
#833 = LINE('',#834,#835);
#834 = CARTESIAN_POINT('',(2.628035711301E+03,1.73628212567E+03,
    133.35275542814));
#835 = VECTOR('',#836,1.);
#836 = DIRECTION('',(-0.7076962534,0.706516817155,4.304501901036E-17));
#837 = PCURVE('',#838,#843);
#838 = PLANE('',#839);
#839 = AXIS2_PLACEMENT_3D('',#840,#841,#842);
#840 = CARTESIAN_POINT('',(2.621999964001E+03,1.742307813882E+03,
    131.75275542814));
#841 = DIRECTION('',(-0.706516817155,-0.7076962534,-3.031206241E-16));
#842 = DIRECTION('',(0.7076962534,-0.706516817155,-2.396074181345E-15));
#843 = DEFINITIONAL_REPRESENTATION('',(#844),#848);
#844 = LINE('',#845,#846);
#845 = CARTESIAN_POINT('',(8.528725806814,1.6));
#846 = VECTOR('',#847,1.);
#847 = DIRECTION('',(-1.,-2.353029162334E-15));
#848 = ( GEOMETRIC_REPRESENTATION_CONTEXT(2) 
PARAMETRIC_REPRESENTATION_CONTEXT() REPRESENTATION_CONTEXT('2D SPACE',''
  ) );
#849 = PCURVE('',#94,#850);
#850 = DEFINITIONAL_REPRESENTATION('',(#851),#855);
#851 = LINE('',#852,#853);
#852 = CARTESIAN_POINT('',(5.35711813503,6.70320314701));
#853 = VECTOR('',#854,1.);
#854 = DIRECTION('',(0.706516817155,0.7076962534));
#855 = ( GEOMETRIC_REPRESENTATION_CONTEXT(2) 
PARAMETRIC_REPRESENTATION_CONTEXT() REPRESENTATION_CONTEXT('2D SPACE',''
  ) );
#856 = ORIENTED_EDGE('',*,*,#857,.F.);
#857 = EDGE_CURVE('',#858,#828,#860,.T.);
#858 = VERTEX_POINT('',#859);
#859 = CARTESIAN_POINT('',(2.628411041773E+03,1.735907420719E+03,
    131.75275542814));
#860 = SURFACE_CURVE('',#861,(#865,#872),.PCURVE_S1.);
#861 = LINE('',#862,#863);
#862 = CARTESIAN_POINT('',(2.628411041773E+03,1.735907420719E+03,
    131.75275542814));
#863 = VECTOR('',#864,1.);
#864 = DIRECTION('',(-1.836970198721E-16,-2.449293598295E-16,1.));
#865 = PCURVE('',#838,#866);
#866 = DEFINITIONAL_REPRESENTATION('',(#867),#871);
#867 = LINE('',#868,#869);
#868 = CARTESIAN_POINT('',(9.059081125737,2.170623039209E-14));
#869 = VECTOR('',#870,1.);
#870 = DIRECTION('',(-2.353029162334E-15,1.));
#871 = ( GEOMETRIC_REPRESENTATION_CONTEXT(2) 
PARAMETRIC_REPRESENTATION_CONTEXT() REPRESENTATION_CONTEXT('2D SPACE',''
  ) );
#872 = PCURVE('',#873,#878);
#873 = CYLINDRICAL_SURFACE('',#874,1.001428435912);
#874 = AXIS2_PLACEMENT_3D('',#875,#876,#877);
#875 = CARTESIAN_POINT('',(2.629118567804E+03,1.736616127871E+03,
    131.75275542814));
#876 = DIRECTION('',(-1.836970198721E-16,-2.449293598295E-16,1.));
#877 = DIRECTION('',(0.706516817155,0.7076962534,3.031206241E-16));
#878 = DEFINITIONAL_REPRESENTATION('',(#879),#883);
#879 = LINE('',#880,#881);
#880 = CARTESIAN_POINT('',(3.141592653594,0.));
#881 = VECTOR('',#882,1.);
#882 = DIRECTION('',(0.,1.));
#883 = ( GEOMETRIC_REPRESENTATION_CONTEXT(2) 
PARAMETRIC_REPRESENTATION_CONTEXT() REPRESENTATION_CONTEXT('2D SPACE',''
  ) );
#884 = ORIENTED_EDGE('',*,*,#885,.F.);
#885 = EDGE_CURVE('',#886,#858,#888,.T.);
#886 = VERTEX_POINT('',#887);
#887 = CARTESIAN_POINT('',(2.621999964001E+03,1.742307813882E+03,
    131.75275542814));
#888 = SURFACE_CURVE('',#889,(#893,#900),.PCURVE_S1.);
#889 = LINE('',#890,#891);
#890 = CARTESIAN_POINT('',(2.628035711301E+03,1.73628212567E+03,
    131.75275542814));
#891 = VECTOR('',#892,1.);
#892 = DIRECTION('',(0.7076962534,-0.706516817155,-4.304501901036E-17));
#893 = PCURVE('',#838,#894);
#894 = DEFINITIONAL_REPRESENTATION('',(#895),#899);
#895 = LINE('',#896,#897);
#896 = CARTESIAN_POINT('',(8.528725806814,2.043545970547E-14));
#897 = VECTOR('',#898,1.);
#898 = DIRECTION('',(1.,2.353029162334E-15));
#899 = ( GEOMETRIC_REPRESENTATION_CONTEXT(2) 
PARAMETRIC_REPRESENTATION_CONTEXT() REPRESENTATION_CONTEXT('2D SPACE',''
  ) );
#900 = PCURVE('',#66,#901);
#901 = DEFINITIONAL_REPRESENTATION('',(#902),#906);
#902 = LINE('',#903,#904);
#903 = CARTESIAN_POINT('',(5.35711813503,6.70320314701));
#904 = VECTOR('',#905,1.);
#905 = DIRECTION('',(-0.706516817155,-0.7076962534));
#906 = ( GEOMETRIC_REPRESENTATION_CONTEXT(2) 
PARAMETRIC_REPRESENTATION_CONTEXT() REPRESENTATION_CONTEXT('2D SPACE',''
  ) );
#907 = ORIENTED_EDGE('',*,*,#908,.T.);
#908 = EDGE_CURVE('',#886,#830,#909,.T.);
#909 = SURFACE_CURVE('',#910,(#914,#921),.PCURVE_S1.);
#910 = LINE('',#911,#912);
#911 = CARTESIAN_POINT('',(2.621999964001E+03,1.742307813882E+03,
    131.75275542814));
#912 = VECTOR('',#913,1.);
#913 = DIRECTION('',(-1.836970198721E-16,-2.449293598295E-16,1.));
#914 = PCURVE('',#838,#915);
#915 = DEFINITIONAL_REPRESENTATION('',(#916),#920);
#916 = LINE('',#917,#918);
#917 = CARTESIAN_POINT('',(0.,0.));
#918 = VECTOR('',#919,1.);
#919 = DIRECTION('',(-2.353029162334E-15,1.));
#920 = ( GEOMETRIC_REPRESENTATION_CONTEXT(2) 
PARAMETRIC_REPRESENTATION_CONTEXT() REPRESENTATION_CONTEXT('2D SPACE',''
  ) );
#921 = PCURVE('',#922,#927);
#922 = CYLINDRICAL_SURFACE('',#923,1.065411945018);
#923 = AXIS2_PLACEMENT_3D('',#924,#925,#926);
#924 = CARTESIAN_POINT('',(2.622747345081E+03,1.743067105746E+03,
    131.75275542814));
#925 = DIRECTION('',(-1.836970198721E-16,-2.449293598295E-16,1.));
#926 = DIRECTION('',(-0.705201131715,0.709007308726,4.411335993417E-17)
  );
#927 = DEFINITIONAL_REPRESENTATION('',(#928),#932);
#928 = LINE('',#929,#930);
#929 = CARTESIAN_POINT('',(7.864578201451,0.));
#930 = VECTOR('',#931,1.);
#931 = DIRECTION('',(0.,1.));
#932 = ( GEOMETRIC_REPRESENTATION_CONTEXT(2) 
PARAMETRIC_REPRESENTATION_CONTEXT() REPRESENTATION_CONTEXT('2D SPACE',''
  ) );
#933 = ADVANCED_FACE('',(#934),#922,.F.);
#934 = FACE_BOUND('',#935,.F.);
#935 = EDGE_LOOP('',(#936,#966,#988,#989));
#936 = ORIENTED_EDGE('',*,*,#937,.F.);
#937 = EDGE_CURVE('',#938,#940,#942,.T.);
#938 = VERTEX_POINT('',#939);
#939 = CARTESIAN_POINT('',(2.623510648894E+03,1.743810388937E+03,
    131.75275542814));
#940 = VERTEX_POINT('',#941);
#941 = CARTESIAN_POINT('',(2.623510648894E+03,1.743810388937E+03,
    133.35275542814));
#942 = SURFACE_CURVE('',#943,(#947,#954),.PCURVE_S1.);
#943 = LINE('',#944,#945);
#944 = CARTESIAN_POINT('',(2.623510648894E+03,1.743810388937E+03,
    131.75275542814));
#945 = VECTOR('',#946,1.);
#946 = DIRECTION('',(-1.836970198721E-16,-2.449293598295E-16,1.));
#947 = PCURVE('',#922,#948);
#948 = DEFINITIONAL_REPRESENTATION('',(#949),#953);
#949 = LINE('',#950,#951);
#950 = CARTESIAN_POINT('',(4.701792412906,0.));
#951 = VECTOR('',#952,1.);
#952 = DIRECTION('',(0.,1.));
#953 = ( GEOMETRIC_REPRESENTATION_CONTEXT(2) 
PARAMETRIC_REPRESENTATION_CONTEXT() REPRESENTATION_CONTEXT('2D SPACE',''
  ) );
#954 = PCURVE('',#955,#960);
#955 = PLANE('',#956);
#956 = AXIS2_PLACEMENT_3D('',#957,#958,#959);
#957 = CARTESIAN_POINT('',(2.629826093836E+03,1.737324835023E+03,
    131.75275542814));
#958 = DIRECTION('',(0.716440074391,0.697648636354,3.024825404707E-16));
#959 = DIRECTION('',(-0.697648636354,0.716440074391,2.402068247562E-15)
  );
#960 = DEFINITIONAL_REPRESENTATION('',(#961),#965);
#961 = LINE('',#962,#963);
#962 = CARTESIAN_POINT('',(9.052472280142,-2.174465622606E-14));
#963 = VECTOR('',#964,1.);
#964 = DIRECTION('',(2.354747014201E-15,1.));
#965 = ( GEOMETRIC_REPRESENTATION_CONTEXT(2) 
PARAMETRIC_REPRESENTATION_CONTEXT() REPRESENTATION_CONTEXT('2D SPACE',''
  ) );
#966 = ORIENTED_EDGE('',*,*,#967,.T.);
#967 = EDGE_CURVE('',#938,#886,#968,.T.);
#968 = SURFACE_CURVE('',#969,(#974,#981),.PCURVE_S1.);
#969 = CIRCLE('',#970,1.065411945018);
#970 = AXIS2_PLACEMENT_3D('',#971,#972,#973);
#971 = CARTESIAN_POINT('',(2.622747345081E+03,1.743067105746E+03,
    131.75275542814));
#972 = DIRECTION('',(-1.836970198721E-16,-2.449293598295E-16,1.));
#973 = DIRECTION('',(-0.701494931331,-0.712674442728,-3.03417423365E-16)
  );
#974 = PCURVE('',#922,#975);
#975 = DEFINITIONAL_REPRESENTATION('',(#976),#980);
#976 = LINE('',#977,#978);
#977 = CARTESIAN_POINT('',(1.581392894273,0.));
#978 = VECTOR('',#979,1.);
#979 = DIRECTION('',(1.,0.));
#980 = ( GEOMETRIC_REPRESENTATION_CONTEXT(2) 
PARAMETRIC_REPRESENTATION_CONTEXT() REPRESENTATION_CONTEXT('2D SPACE',''
  ) );
#981 = PCURVE('',#66,#982);
#982 = DEFINITIONAL_REPRESENTATION('',(#983),#987);
#983 = CIRCLE('',#984,1.065411945018);
#984 = AXIS2_PLACEMENT_2D('',#985,#986);
#985 = CARTESIAN_POINT('',(12.14209821064,11.99156936756));
#986 = DIRECTION('',(-0.712674442728,0.701494931331));
#987 = ( GEOMETRIC_REPRESENTATION_CONTEXT(2) 
PARAMETRIC_REPRESENTATION_CONTEXT() REPRESENTATION_CONTEXT('2D SPACE',''
  ) );
#988 = ORIENTED_EDGE('',*,*,#908,.T.);
#989 = ORIENTED_EDGE('',*,*,#990,.T.);
#990 = EDGE_CURVE('',#830,#940,#991,.T.);
#991 = SURFACE_CURVE('',#992,(#997,#1004),.PCURVE_S1.);
#992 = CIRCLE('',#993,1.065411945018);
#993 = AXIS2_PLACEMENT_3D('',#994,#995,#996);
#994 = CARTESIAN_POINT('',(2.622747345081E+03,1.743067105746E+03,
    133.35275542814));
#995 = DIRECTION('',(1.836970198721E-16,2.449293598295E-16,-1.));
#996 = DIRECTION('',(-0.701494931331,-0.712674442728,-3.03417423365E-16)
  );
#997 = PCURVE('',#922,#998);
#998 = DEFINITIONAL_REPRESENTATION('',(#999),#1003);
#999 = LINE('',#1000,#1001);
#1000 = CARTESIAN_POINT('',(7.864578201453,1.6));
#1001 = VECTOR('',#1002,1.);
#1002 = DIRECTION('',(-1.,0.));
#1003 = ( GEOMETRIC_REPRESENTATION_CONTEXT(2) 
PARAMETRIC_REPRESENTATION_CONTEXT() REPRESENTATION_CONTEXT('2D SPACE',''
  ) );
#1004 = PCURVE('',#94,#1005);
#1005 = DEFINITIONAL_REPRESENTATION('',(#1006),#1014);
#1006 = ( BOUNDED_CURVE() B_SPLINE_CURVE(2,(#1007,#1008,#1009,#1010,
#1011,#1012,#1013),.UNSPECIFIED.,.T.,.F.) B_SPLINE_CURVE_WITH_KNOTS((1,2
    ,2,2,2,1),(-2.094395102393,0.,2.094395102393,4.188790204786,
6.28318530718,8.377580409573),.UNSPECIFIED.) CURVE() 
GEOMETRIC_REPRESENTATION_ITEM() RATIONAL_B_SPLINE_CURVE((1.,0.5,1.,0.5,
1.,0.5,1.)) REPRESENTATION_ITEM('') );
#1007 = CARTESIAN_POINT('',(11.382806346449,12.738950446769));
#1008 = CARTESIAN_POINT('',(12.677308348255,14.054082533322));
#1009 = CARTESIAN_POINT('',(13.168995143639,12.275444871232));
#1010 = CARTESIAN_POINT('',(13.660681939023,10.496807209141));
#1011 = CARTESIAN_POINT('',(11.874493141832,10.960312784679));
#1012 = CARTESIAN_POINT('',(10.088304344642,11.423818360216));
#1013 = CARTESIAN_POINT('',(11.382806346449,12.738950446769));
#1014 = ( GEOMETRIC_REPRESENTATION_CONTEXT(2) 
PARAMETRIC_REPRESENTATION_CONTEXT() REPRESENTATION_CONTEXT('2D SPACE',''
  ) );
#1015 = ADVANCED_FACE('',(#1016),#955,.F.);
#1016 = FACE_BOUND('',#1017,.T.);
#1017 = EDGE_LOOP('',(#1018,#1041,#1042,#1065));
#1018 = ORIENTED_EDGE('',*,*,#1019,.F.);
#1019 = EDGE_CURVE('',#940,#1020,#1022,.T.);
#1020 = VERTEX_POINT('',#1021);
#1021 = CARTESIAN_POINT('',(2.629826093836E+03,1.737324835023E+03,
    133.35275542814));
#1022 = SURFACE_CURVE('',#1023,(#1027,#1034),.PCURVE_S1.);
#1023 = LINE('',#1024,#1025);
#1024 = CARTESIAN_POINT('',(2.632621054086E+03,1.734454591429E+03,
    133.35275542814));
#1025 = VECTOR('',#1026,1.);
#1026 = DIRECTION('',(0.697648636354,-0.716440074391,-4.732123336073E-17
    ));
#1027 = PCURVE('',#955,#1028);
#1028 = DEFINITIONAL_REPRESENTATION('',(#1029),#1033);
#1029 = LINE('',#1030,#1031);
#1030 = CARTESIAN_POINT('',(-4.006257741083,1.6));
#1031 = VECTOR('',#1032,1.);
#1032 = DIRECTION('',(-1.,2.354747014201E-15));
#1033 = ( GEOMETRIC_REPRESENTATION_CONTEXT(2) 
PARAMETRIC_REPRESENTATION_CONTEXT() REPRESENTATION_CONTEXT('2D SPACE',''
  ) );
#1034 = PCURVE('',#94,#1035);
#1035 = DEFINITIONAL_REPRESENTATION('',(#1036),#1040);
#1036 = LINE('',#1037,#1038);
#1037 = CARTESIAN_POINT('',(3.52958389338,2.11786036259));
#1038 = VECTOR('',#1039,1.);
#1039 = DIRECTION('',(-0.716440074391,-0.697648636354));
#1040 = ( GEOMETRIC_REPRESENTATION_CONTEXT(2) 
PARAMETRIC_REPRESENTATION_CONTEXT() REPRESENTATION_CONTEXT('2D SPACE',''
  ) );
#1041 = ORIENTED_EDGE('',*,*,#937,.F.);
#1042 = ORIENTED_EDGE('',*,*,#1043,.F.);
#1043 = EDGE_CURVE('',#1044,#938,#1046,.T.);
#1044 = VERTEX_POINT('',#1045);
#1045 = CARTESIAN_POINT('',(2.629826093836E+03,1.737324835023E+03,
    131.75275542814));
#1046 = SURFACE_CURVE('',#1047,(#1051,#1058),.PCURVE_S1.);
#1047 = LINE('',#1048,#1049);
#1048 = CARTESIAN_POINT('',(2.632621054086E+03,1.734454591429E+03,
    131.75275542814));
#1049 = VECTOR('',#1050,1.);
#1050 = DIRECTION('',(-0.697648636354,0.716440074391,4.732123336073E-17)
  );
#1051 = PCURVE('',#955,#1052);
#1052 = DEFINITIONAL_REPRESENTATION('',(#1053),#1057);
#1053 = LINE('',#1054,#1055);
#1054 = CARTESIAN_POINT('',(-4.006257741083,9.623304511404E-15));
#1055 = VECTOR('',#1056,1.);
#1056 = DIRECTION('',(1.,-2.354747014201E-15));
#1057 = ( GEOMETRIC_REPRESENTATION_CONTEXT(2) 
PARAMETRIC_REPRESENTATION_CONTEXT() REPRESENTATION_CONTEXT('2D SPACE',''
  ) );
#1058 = PCURVE('',#66,#1059);
#1059 = DEFINITIONAL_REPRESENTATION('',(#1060),#1064);
#1060 = LINE('',#1061,#1062);
#1061 = CARTESIAN_POINT('',(3.52958389338,2.11786036259));
#1062 = VECTOR('',#1063,1.);
#1063 = DIRECTION('',(0.716440074391,0.697648636354));
#1064 = ( GEOMETRIC_REPRESENTATION_CONTEXT(2) 
PARAMETRIC_REPRESENTATION_CONTEXT() REPRESENTATION_CONTEXT('2D SPACE',''
  ) );
#1065 = ORIENTED_EDGE('',*,*,#1066,.T.);
#1066 = EDGE_CURVE('',#1044,#1020,#1067,.T.);
#1067 = SURFACE_CURVE('',#1068,(#1072,#1079),.PCURVE_S1.);
#1068 = LINE('',#1069,#1070);
#1069 = CARTESIAN_POINT('',(2.629826093836E+03,1.737324835023E+03,
    131.75275542814));
#1070 = VECTOR('',#1071,1.);
#1071 = DIRECTION('',(-1.836970198721E-16,-2.449293598295E-16,1.));
#1072 = PCURVE('',#955,#1073);
#1073 = DEFINITIONAL_REPRESENTATION('',(#1074),#1078);
#1074 = LINE('',#1075,#1076);
#1075 = CARTESIAN_POINT('',(0.,0.));
#1076 = VECTOR('',#1077,1.);
#1077 = DIRECTION('',(2.354747014201E-15,1.));
#1078 = ( GEOMETRIC_REPRESENTATION_CONTEXT(2) 
PARAMETRIC_REPRESENTATION_CONTEXT() REPRESENTATION_CONTEXT('2D SPACE',''
  ) );
#1079 = PCURVE('',#873,#1080);
#1080 = DEFINITIONAL_REPRESENTATION('',(#1081),#1085);
#1081 = LINE('',#1082,#1083);
#1082 = CARTESIAN_POINT('',(6.28318530718,0.));
#1083 = VECTOR('',#1084,1.);
#1084 = DIRECTION('',(0.,1.));
#1085 = ( GEOMETRIC_REPRESENTATION_CONTEXT(2) 
PARAMETRIC_REPRESENTATION_CONTEXT() REPRESENTATION_CONTEXT('2D SPACE',''
  ) );
#1086 = ADVANCED_FACE('',(#1087),#873,.F.);
#1087 = FACE_BOUND('',#1088,.F.);
#1088 = EDGE_LOOP('',(#1089,#1090,#1112,#1113));
#1089 = ORIENTED_EDGE('',*,*,#857,.F.);
#1090 = ORIENTED_EDGE('',*,*,#1091,.T.);
#1091 = EDGE_CURVE('',#858,#1044,#1092,.T.);
#1092 = SURFACE_CURVE('',#1093,(#1098,#1105),.PCURVE_S1.);
#1093 = CIRCLE('',#1094,1.001428435912);
#1094 = AXIS2_PLACEMENT_3D('',#1095,#1096,#1097);
#1095 = CARTESIAN_POINT('',(2.629118567804E+03,1.736616127871E+03,
    131.75275542814));
#1096 = DIRECTION('',(-1.836970198721E-16,-2.449293598295E-16,1.));
#1097 = DIRECTION('',(0.706516817155,0.7076962534,3.031206241E-16));
#1098 = PCURVE('',#873,#1099);
#1099 = DEFINITIONAL_REPRESENTATION('',(#1100),#1104);
#1100 = LINE('',#1101,#1102);
#1101 = CARTESIAN_POINT('',(3.570477247195E-13,0.));
#1102 = VECTOR('',#1103,1.);
#1103 = DIRECTION('',(1.,0.));
#1104 = ( GEOMETRIC_REPRESENTATION_CONTEXT(2) 
PARAMETRIC_REPRESENTATION_CONTEXT() REPRESENTATION_CONTEXT('2D SPACE',''
  ) );
#1105 = PCURVE('',#66,#1106);
#1106 = DEFINITIONAL_REPRESENTATION('',(#1107),#1111);
#1107 = CIRCLE('',#1108,1.001428435911);
#1108 = AXIS2_PLACEMENT_2D('',#1109,#1110);
#1109 = CARTESIAN_POINT('',(5.69112033529,5.62034664369));
#1110 = DIRECTION('',(0.7076962534,-0.706516817155));
#1111 = ( GEOMETRIC_REPRESENTATION_CONTEXT(2) 
PARAMETRIC_REPRESENTATION_CONTEXT() REPRESENTATION_CONTEXT('2D SPACE',''
  ) );
#1112 = ORIENTED_EDGE('',*,*,#1066,.T.);
#1113 = ORIENTED_EDGE('',*,*,#1114,.T.);
#1114 = EDGE_CURVE('',#1020,#828,#1115,.T.);
#1115 = SURFACE_CURVE('',#1116,(#1121,#1128),.PCURVE_S1.);
#1116 = CIRCLE('',#1117,1.001428435912);
#1117 = AXIS2_PLACEMENT_3D('',#1118,#1119,#1120);
#1118 = CARTESIAN_POINT('',(2.629118567804E+03,1.736616127871E+03,
    133.35275542814));
#1119 = DIRECTION('',(1.836970198721E-16,2.449293598295E-16,-1.));
#1120 = DIRECTION('',(0.706516817155,0.7076962534,3.031206241E-16));
#1121 = PCURVE('',#873,#1122);
#1122 = DEFINITIONAL_REPRESENTATION('',(#1123),#1127);
#1123 = LINE('',#1124,#1125);
#1124 = CARTESIAN_POINT('',(6.28318530718,1.6));
#1125 = VECTOR('',#1126,1.);
#1126 = DIRECTION('',(-1.,0.));
#1127 = ( GEOMETRIC_REPRESENTATION_CONTEXT(2) 
PARAMETRIC_REPRESENTATION_CONTEXT() REPRESENTATION_CONTEXT('2D SPACE',''
  ) );
#1128 = PCURVE('',#94,#1129);
#1129 = DEFINITIONAL_REPRESENTATION('',(#1130),#1138);
#1130 = ( BOUNDED_CURVE() B_SPLINE_CURVE(2,(#1131,#1132,#1133,#1134,
#1135,#1136,#1137),.UNSPECIFIED.,.T.,.F.) B_SPLINE_CURVE_WITH_KNOTS((1,2
    ,2,2,2,1),(-2.094395102393,0.,2.094395102393,4.188790204786,
6.28318530718,8.377580409573),.UNSPECIFIED.) CURVE() 
GEOMETRIC_REPRESENTATION_ITEM() RATIONAL_B_SPLINE_CURVE((1.,0.5,1.,0.5,
1.,0.5,1.)) REPRESENTATION_ITEM('') );
#1131 = CARTESIAN_POINT('',(6.399827487433,4.912820612541));
#1132 = CARTESIAN_POINT('',(5.174356453805,3.685303817342));
#1133 = CARTESIAN_POINT('',(4.724031242405,5.360351261665));
#1134 = CARTESIAN_POINT('',(4.273706031004,7.035398705988));
#1135 = CARTESIAN_POINT('',(5.949502276032,6.587868056864));
#1136 = CARTESIAN_POINT('',(7.625298521061,6.14033740774));
#1137 = CARTESIAN_POINT('',(6.399827487433,4.912820612541));
#1138 = ( GEOMETRIC_REPRESENTATION_CONTEXT(2) 
PARAMETRIC_REPRESENTATION_CONTEXT() REPRESENTATION_CONTEXT('2D SPACE',''
  ) );
#1139 = ADVANCED_FACE('',(#1140),#1154,.F.);
#1140 = FACE_BOUND('',#1141,.T.);
#1141 = EDGE_LOOP('',(#1142,#1172,#1200,#1223));
#1142 = ORIENTED_EDGE('',*,*,#1143,.F.);
#1143 = EDGE_CURVE('',#1144,#1146,#1148,.T.);
#1144 = VERTEX_POINT('',#1145);
#1145 = CARTESIAN_POINT('',(2.641055248112E+03,1.725931059336E+03,
    133.35275542814));
#1146 = VERTEX_POINT('',#1147);
#1147 = CARTESIAN_POINT('',(2.647470625236E+03,1.719549259956E+03,
    133.35275542814));
#1148 = SURFACE_CURVE('',#1149,(#1153,#1165),.PCURVE_S1.);
#1149 = LINE('',#1150,#1151);
#1150 = CARTESIAN_POINT('',(2.641427096931E+03,1.725561156754E+03,
    133.35275542814));
#1151 = VECTOR('',#1152,1.);
#1152 = DIRECTION('',(0.708959675849,-0.705249018447,-4.250241094569E-17
    ));
#1153 = PCURVE('',#1154,#1159);
#1154 = PLANE('',#1155);
#1155 = AXIS2_PLACEMENT_3D('',#1156,#1157,#1158);
#1156 = CARTESIAN_POINT('',(2.647470625236E+03,1.719549259956E+03,
    131.75275542814));
#1157 = DIRECTION('',(0.705249018447,0.708959675849,3.03197182507E-16));
#1158 = DIRECTION('',(-0.708959675849,0.705249018447,-2.313147792728E-15
    ));
#1159 = DEFINITIONAL_REPRESENTATION('',(#1160),#1164);
#1160 = LINE('',#1161,#1162);
#1161 = CARTESIAN_POINT('',(8.524502183882,1.6));
#1162 = VECTOR('',#1163,1.);
#1163 = DIRECTION('',(-1.,-2.355650203673E-15));
#1164 = ( GEOMETRIC_REPRESENTATION_CONTEXT(2) 
PARAMETRIC_REPRESENTATION_CONTEXT() REPRESENTATION_CONTEXT('2D SPACE',''
  ) );
#1165 = PCURVE('',#94,#1166);
#1166 = DEFINITIONAL_REPRESENTATION('',(#1167),#1171);
#1167 = LINE('',#1168,#1169);
#1168 = CARTESIAN_POINT('',(-5.36385078138,-6.68818248307));
#1169 = VECTOR('',#1170,1.);
#1170 = DIRECTION('',(-0.705249018447,-0.708959675849));
#1171 = ( GEOMETRIC_REPRESENTATION_CONTEXT(2) 
PARAMETRIC_REPRESENTATION_CONTEXT() REPRESENTATION_CONTEXT('2D SPACE',''
  ) );
#1172 = ORIENTED_EDGE('',*,*,#1173,.F.);
#1173 = EDGE_CURVE('',#1174,#1144,#1176,.T.);
#1174 = VERTEX_POINT('',#1175);
#1175 = CARTESIAN_POINT('',(2.641055248112E+03,1.725931059336E+03,
    131.75275542814));
#1176 = SURFACE_CURVE('',#1177,(#1181,#1188),.PCURVE_S1.);
#1177 = LINE('',#1178,#1179);
#1178 = CARTESIAN_POINT('',(2.641055248112E+03,1.725931059336E+03,
    131.75275542814));
#1179 = VECTOR('',#1180,1.);
#1180 = DIRECTION('',(-1.836970198721E-16,-2.449293598295E-16,1.));
#1181 = PCURVE('',#1154,#1182);
#1182 = DEFINITIONAL_REPRESENTATION('',(#1183),#1187);
#1183 = LINE('',#1184,#1185);
#1184 = CARTESIAN_POINT('',(9.049001434744,2.093167769517E-14));
#1185 = VECTOR('',#1186,1.);
#1186 = DIRECTION('',(-2.355650203673E-15,1.));
#1187 = ( GEOMETRIC_REPRESENTATION_CONTEXT(2) 
PARAMETRIC_REPRESENTATION_CONTEXT() REPRESENTATION_CONTEXT('2D SPACE',''
  ) );
#1188 = PCURVE('',#1189,#1194);
#1189 = CYLINDRICAL_SURFACE('',#1190,0.999658168759);
#1190 = AXIS2_PLACEMENT_3D('',#1191,#1192,#1193);
#1191 = CARTESIAN_POINT('',(2.64035024017E+03,1.725222342005E+03,
    131.75275542814));
#1192 = DIRECTION('',(-1.836970198721E-16,-2.449293598295E-16,1.));
#1193 = DIRECTION('',(-0.72848501601,0.685061735502,3.397120585747E-17)
  );
#1194 = DEFINITIONAL_REPRESENTATION('',(#1195),#1199);
#1195 = LINE('',#1196,#1197);
#1196 = CARTESIAN_POINT('',(4.684303091532,0.));
#1197 = VECTOR('',#1198,1.);
#1198 = DIRECTION('',(0.,1.));
#1199 = ( GEOMETRIC_REPRESENTATION_CONTEXT(2) 
PARAMETRIC_REPRESENTATION_CONTEXT() REPRESENTATION_CONTEXT('2D SPACE',''
  ) );
#1200 = ORIENTED_EDGE('',*,*,#1201,.F.);
#1201 = EDGE_CURVE('',#1202,#1174,#1204,.T.);
#1202 = VERTEX_POINT('',#1203);
#1203 = CARTESIAN_POINT('',(2.647470625236E+03,1.719549259956E+03,
    131.75275542814));
#1204 = SURFACE_CURVE('',#1205,(#1209,#1216),.PCURVE_S1.);
#1205 = LINE('',#1206,#1207);
#1206 = CARTESIAN_POINT('',(2.641427096931E+03,1.725561156754E+03,
    131.75275542814));
#1207 = VECTOR('',#1208,1.);
#1208 = DIRECTION('',(-0.708959675849,0.705249018447,4.250241094569E-17)
  );
#1209 = PCURVE('',#1154,#1210);
#1210 = DEFINITIONAL_REPRESENTATION('',(#1211),#1215);
#1211 = LINE('',#1212,#1213);
#1212 = CARTESIAN_POINT('',(8.524502183882,1.971843341075E-14));
#1213 = VECTOR('',#1214,1.);
#1214 = DIRECTION('',(1.,2.355650203673E-15));
#1215 = ( GEOMETRIC_REPRESENTATION_CONTEXT(2) 
PARAMETRIC_REPRESENTATION_CONTEXT() REPRESENTATION_CONTEXT('2D SPACE',''
  ) );
#1216 = PCURVE('',#66,#1217);
#1217 = DEFINITIONAL_REPRESENTATION('',(#1218),#1222);
#1218 = LINE('',#1219,#1220);
#1219 = CARTESIAN_POINT('',(-5.36385078138,-6.68818248307));
#1220 = VECTOR('',#1221,1.);
#1221 = DIRECTION('',(0.705249018447,0.708959675849));
#1222 = ( GEOMETRIC_REPRESENTATION_CONTEXT(2) 
PARAMETRIC_REPRESENTATION_CONTEXT() REPRESENTATION_CONTEXT('2D SPACE',''
  ) );
#1223 = ORIENTED_EDGE('',*,*,#1224,.T.);
#1224 = EDGE_CURVE('',#1202,#1146,#1225,.T.);
#1225 = SURFACE_CURVE('',#1226,(#1230,#1237),.PCURVE_S1.);
#1226 = LINE('',#1227,#1228);
#1227 = CARTESIAN_POINT('',(2.647470625236E+03,1.719549259956E+03,
    131.75275542814));
#1228 = VECTOR('',#1229,1.);
#1229 = DIRECTION('',(-1.836970198721E-16,-2.449293598295E-16,1.));
#1230 = PCURVE('',#1154,#1231);
#1231 = DEFINITIONAL_REPRESENTATION('',(#1232),#1236);
#1232 = LINE('',#1233,#1234);
#1233 = CARTESIAN_POINT('',(0.,0.));
#1234 = VECTOR('',#1235,1.);
#1235 = DIRECTION('',(-2.355650203673E-15,1.));
#1236 = ( GEOMETRIC_REPRESENTATION_CONTEXT(2) 
PARAMETRIC_REPRESENTATION_CONTEXT() REPRESENTATION_CONTEXT('2D SPACE',''
  ) );
#1237 = PCURVE('',#1238,#1243);
#1238 = CYLINDRICAL_SURFACE('',#1239,1.065411945018);
#1239 = AXIS2_PLACEMENT_3D('',#1240,#1241,#1242);
#1240 = CARTESIAN_POINT('',(2.646730483816E+03,1.718782909325E+03,
    131.75275542814));
#1241 = DIRECTION('',(-1.836970198721E-16,-2.449293598295E-16,1.));
#1242 = DIRECTION('',(0.708959675849,-0.705249018447,-4.250241094572E-17
    ));
#1243 = DEFINITIONAL_REPRESENTATION('',(#1244),#1248);
#1244 = LINE('',#1245,#1246);
#1245 = CARTESIAN_POINT('',(1.585568247972,0.));
#1246 = VECTOR('',#1247,1.);
#1247 = DIRECTION('',(0.,1.));
#1248 = ( GEOMETRIC_REPRESENTATION_CONTEXT(2) 
PARAMETRIC_REPRESENTATION_CONTEXT() REPRESENTATION_CONTEXT('2D SPACE',''
  ) );
#1249 = ADVANCED_FACE('',(#1250),#1238,.F.);
#1250 = FACE_BOUND('',#1251,.F.);
#1251 = EDGE_LOOP('',(#1252,#1282,#1304,#1305));
#1252 = ORIENTED_EDGE('',*,*,#1253,.F.);
#1253 = EDGE_CURVE('',#1254,#1256,#1258,.T.);
#1254 = VERTEX_POINT('',#1255);
#1255 = CARTESIAN_POINT('',(2.645968027735E+03,1.71803875656E+03,
    131.75275542814));
#1256 = VERTEX_POINT('',#1257);
#1257 = CARTESIAN_POINT('',(2.645968027735E+03,1.71803875656E+03,
    133.35275542814));
#1258 = SURFACE_CURVE('',#1259,(#1263,#1270),.PCURVE_S1.);
#1259 = LINE('',#1260,#1261);
#1260 = CARTESIAN_POINT('',(2.645968027735E+03,1.71803875656E+03,
    131.75275542814));
#1261 = VECTOR('',#1262,1.);
#1262 = DIRECTION('',(-1.836970198721E-16,-2.449293598295E-16,1.));
#1263 = PCURVE('',#1238,#1264);
#1264 = DEFINITIONAL_REPRESENTATION('',(#1265),#1269);
#1265 = LINE('',#1266,#1267);
#1266 = CARTESIAN_POINT('',(-1.585568247971,0.));
#1267 = VECTOR('',#1268,1.);
#1268 = DIRECTION('',(0.,1.));
#1269 = ( GEOMETRIC_REPRESENTATION_CONTEXT(2) 
PARAMETRIC_REPRESENTATION_CONTEXT() REPRESENTATION_CONTEXT('2D SPACE',''
  ) );
#1270 = PCURVE('',#1271,#1276);
#1271 = PLANE('',#1272);
#1272 = AXIS2_PLACEMENT_3D('',#1273,#1274,#1275);
#1273 = CARTESIAN_POINT('',(2.639686133161E+03,1.724475161749E+03,
    131.75275542814));
#1274 = DIRECTION('',(-0.715644389354,-0.698464822297,
    -3.025362834011E-16));
#1275 = DIRECTION('',(0.698464822297,-0.715644389354,2.323116395181E-15)
  );
#1276 = DEFINITIONAL_REPRESENTATION('',(#1277),#1281);
#1277 = LINE('',#1278,#1279);
#1278 = CARTESIAN_POINT('',(8.993859638728,-2.089378278269E-14));
#1279 = VECTOR('',#1280,1.);
#1280 = DIRECTION('',(2.37009281099E-15,1.));
#1281 = ( GEOMETRIC_REPRESENTATION_CONTEXT(2) 
PARAMETRIC_REPRESENTATION_CONTEXT() REPRESENTATION_CONTEXT('2D SPACE',''
  ) );
#1282 = ORIENTED_EDGE('',*,*,#1283,.T.);
#1283 = EDGE_CURVE('',#1254,#1202,#1284,.T.);
#1284 = SURFACE_CURVE('',#1285,(#1290,#1297),.PCURVE_S1.);
#1285 = CIRCLE('',#1286,1.065411945018);
#1286 = AXIS2_PLACEMENT_3D('',#1287,#1288,#1289);
#1287 = CARTESIAN_POINT('',(2.646730483816E+03,1.718782909325E+03,
    131.75275542814));
#1288 = DIRECTION('',(-1.836970198721E-16,-2.449293598295E-16,1.));
#1289 = DIRECTION('',(0.694699758194,0.719299830367,3.037919222632E-16)
  );
#1290 = PCURVE('',#1238,#1291);
#1291 = DEFINITIONAL_REPRESENTATION('',(#1292),#1296);
#1292 = LINE('',#1293,#1294);
#1293 = CARTESIAN_POINT('',(-4.697617059207,0.));
#1294 = VECTOR('',#1295,1.);
#1295 = DIRECTION('',(1.,0.));
#1296 = ( GEOMETRIC_REPRESENTATION_CONTEXT(2) 
PARAMETRIC_REPRESENTATION_CONTEXT() REPRESENTATION_CONTEXT('2D SPACE',''
  ) );
#1297 = PCURVE('',#66,#1298);
#1298 = DEFINITIONAL_REPRESENTATION('',(#1299),#1303);
#1299 = CIRCLE('',#1300,1.065411945018);
#1300 = AXIS2_PLACEMENT_2D('',#1301,#1302);
#1301 = CARTESIAN_POINT('',(-12.14209821063,-11.99156936755));
#1302 = DIRECTION('',(0.719299830367,-0.694699758194));
#1303 = ( GEOMETRIC_REPRESENTATION_CONTEXT(2) 
PARAMETRIC_REPRESENTATION_CONTEXT() REPRESENTATION_CONTEXT('2D SPACE',''
  ) );
#1304 = ORIENTED_EDGE('',*,*,#1224,.T.);
#1305 = ORIENTED_EDGE('',*,*,#1306,.T.);
#1306 = EDGE_CURVE('',#1146,#1256,#1307,.T.);
#1307 = SURFACE_CURVE('',#1308,(#1313,#1320),.PCURVE_S1.);
#1308 = CIRCLE('',#1309,1.065411945018);
#1309 = AXIS2_PLACEMENT_3D('',#1310,#1311,#1312);
#1310 = CARTESIAN_POINT('',(2.646730483816E+03,1.718782909325E+03,
    133.35275542814));
#1311 = DIRECTION('',(1.836970198721E-16,2.449293598295E-16,-1.));
#1312 = DIRECTION('',(0.694699758194,0.719299830367,3.037919222632E-16)
  );
#1313 = PCURVE('',#1238,#1314);
#1314 = DEFINITIONAL_REPRESENTATION('',(#1315),#1319);
#1315 = LINE('',#1316,#1317);
#1316 = CARTESIAN_POINT('',(1.585568247972,1.6));
#1317 = VECTOR('',#1318,1.);
#1318 = DIRECTION('',(-1.,0.));
#1319 = ( GEOMETRIC_REPRESENTATION_CONTEXT(2) 
PARAMETRIC_REPRESENTATION_CONTEXT() REPRESENTATION_CONTEXT('2D SPACE',''
  ) );
#1320 = PCURVE('',#94,#1321);
#1321 = DEFINITIONAL_REPRESENTATION('',(#1322),#1330);
#1322 = ( BOUNDED_CURVE() B_SPLINE_CURVE(2,(#1323,#1324,#1325,#1326,
#1327,#1328,#1329),.UNSPECIFIED.,.T.,.F.) B_SPLINE_CURVE_WITH_KNOTS((1,2
    ,2,2,2,1),(-2.094395102393,0.,2.094395102393,4.188790204786,
6.28318530718,8.377580409573),.UNSPECIFIED.) CURVE() 
GEOMETRIC_REPRESENTATION_ITEM() RATIONAL_B_SPLINE_CURVE((1.,0.5,1.,0.5,
1.,0.5,1.)) REPRESENTATION_ITEM('') );
#1323 = CARTESIAN_POINT('',(-11.3757475793,-12.73171078813));
#1324 = CARTESIAN_POINT('',(-12.65771012454,-14.05906901799));
#1325 = CARTESIAN_POINT('',(-13.1662547989,-12.28517777219));
#1326 = CARTESIAN_POINT('',(-13.67479947327,-10.51128652638));
#1327 = CARTESIAN_POINT('',(-11.88429225367,-10.95781954232));
#1328 = CARTESIAN_POINT('',(-10.09378503407,-11.40435255826));
#1329 = CARTESIAN_POINT('',(-11.3757475793,-12.73171078813));
#1330 = ( GEOMETRIC_REPRESENTATION_CONTEXT(2) 
PARAMETRIC_REPRESENTATION_CONTEXT() REPRESENTATION_CONTEXT('2D SPACE',''
  ) );
#1331 = ADVANCED_FACE('',(#1332),#1271,.F.);
#1332 = FACE_BOUND('',#1333,.T.);
#1333 = EDGE_LOOP('',(#1334,#1357,#1358,#1381));
#1334 = ORIENTED_EDGE('',*,*,#1335,.F.);
#1335 = EDGE_CURVE('',#1256,#1336,#1338,.T.);
#1336 = VERTEX_POINT('',#1337);
#1337 = CARTESIAN_POINT('',(2.639686133161E+03,1.724475161749E+03,
    133.35275542814));
#1338 = SURFACE_CURVE('',#1339,(#1343,#1350),.PCURVE_S1.);
#1339 = LINE('',#1340,#1341);
#1340 = CARTESIAN_POINT('',(2.636867389599E+03,1.727363235636E+03,
    133.35275542814));
#1341 = VECTOR('',#1342,1.);
#1342 = DIRECTION('',(-0.698464822297,0.715644389354,4.697641580854E-17)
  );
#1343 = PCURVE('',#1271,#1344);
#1344 = DEFINITIONAL_REPRESENTATION('',(#1345),#1349);
#1345 = LINE('',#1346,#1347);
#1346 = CARTESIAN_POINT('',(-4.035627094033,1.6));
#1347 = VECTOR('',#1348,1.);
#1348 = DIRECTION('',(-1.,2.37009281099E-15));
#1349 = ( GEOMETRIC_REPRESENTATION_CONTEXT(2) 
PARAMETRIC_REPRESENTATION_CONTEXT() REPRESENTATION_CONTEXT('2D SPACE',''
  ) );
#1350 = PCURVE('',#94,#1351);
#1351 = DEFINITIONAL_REPRESENTATION('',(#1352),#1356);
#1352 = LINE('',#1353,#1354);
#1353 = CARTESIAN_POINT('',(-3.56177189902,-2.12847515133));
#1354 = VECTOR('',#1355,1.);
#1355 = DIRECTION('',(0.715644389354,0.698464822297));
#1356 = ( GEOMETRIC_REPRESENTATION_CONTEXT(2) 
PARAMETRIC_REPRESENTATION_CONTEXT() REPRESENTATION_CONTEXT('2D SPACE',''
  ) );
#1357 = ORIENTED_EDGE('',*,*,#1253,.F.);
#1358 = ORIENTED_EDGE('',*,*,#1359,.F.);
#1359 = EDGE_CURVE('',#1360,#1254,#1362,.T.);
#1360 = VERTEX_POINT('',#1361);
#1361 = CARTESIAN_POINT('',(2.639686133161E+03,1.724475161749E+03,
    131.75275542814));
#1362 = SURFACE_CURVE('',#1363,(#1367,#1374),.PCURVE_S1.);
#1363 = LINE('',#1364,#1365);
#1364 = CARTESIAN_POINT('',(2.636867389599E+03,1.727363235636E+03,
    131.75275542814));
#1365 = VECTOR('',#1366,1.);
#1366 = DIRECTION('',(0.698464822297,-0.715644389354,-4.697641580854E-17
    ));
#1367 = PCURVE('',#1271,#1368);
#1368 = DEFINITIONAL_REPRESENTATION('',(#1369),#1373);
#1369 = LINE('',#1370,#1371);
#1370 = CARTESIAN_POINT('',(-4.035627094033,9.375231466986E-15));
#1371 = VECTOR('',#1372,1.);
#1372 = DIRECTION('',(1.,-2.37009281099E-15));
#1373 = ( GEOMETRIC_REPRESENTATION_CONTEXT(2) 
PARAMETRIC_REPRESENTATION_CONTEXT() REPRESENTATION_CONTEXT('2D SPACE',''
  ) );
#1374 = PCURVE('',#66,#1375);
#1375 = DEFINITIONAL_REPRESENTATION('',(#1376),#1380);
#1376 = LINE('',#1377,#1378);
#1377 = CARTESIAN_POINT('',(-3.56177189902,-2.12847515133));
#1378 = VECTOR('',#1379,1.);
#1379 = DIRECTION('',(-0.715644389354,-0.698464822297));
#1380 = ( GEOMETRIC_REPRESENTATION_CONTEXT(2) 
PARAMETRIC_REPRESENTATION_CONTEXT() REPRESENTATION_CONTEXT('2D SPACE',''
  ) );
#1381 = ORIENTED_EDGE('',*,*,#1382,.T.);
#1382 = EDGE_CURVE('',#1360,#1336,#1383,.T.);
#1383 = SURFACE_CURVE('',#1384,(#1388,#1395),.PCURVE_S1.);
#1384 = LINE('',#1385,#1386);
#1385 = CARTESIAN_POINT('',(2.639686133161E+03,1.724475161749E+03,
    131.75275542814));
#1386 = VECTOR('',#1387,1.);
#1387 = DIRECTION('',(-1.836970198721E-16,-2.449293598295E-16,1.));
#1388 = PCURVE('',#1271,#1389);
#1389 = DEFINITIONAL_REPRESENTATION('',(#1390),#1394);
#1390 = LINE('',#1391,#1392);
#1391 = CARTESIAN_POINT('',(0.,0.));
#1392 = VECTOR('',#1393,1.);
#1393 = DIRECTION('',(2.37009281099E-15,1.));
#1394 = ( GEOMETRIC_REPRESENTATION_CONTEXT(2) 
PARAMETRIC_REPRESENTATION_CONTEXT() REPRESENTATION_CONTEXT('2D SPACE',''
  ) );
#1395 = PCURVE('',#1189,#1396);
#1396 = DEFINITIONAL_REPRESENTATION('',(#1397),#1401);
#1397 = LINE('',#1398,#1399);
#1398 = CARTESIAN_POINT('',(7.882067522826,0.));
#1399 = VECTOR('',#1400,1.);
#1400 = DIRECTION('',(0.,1.));
#1401 = ( GEOMETRIC_REPRESENTATION_CONTEXT(2) 
PARAMETRIC_REPRESENTATION_CONTEXT() REPRESENTATION_CONTEXT('2D SPACE',''
  ) );
#1402 = ADVANCED_FACE('',(#1403),#1189,.F.);
#1403 = FACE_BOUND('',#1404,.F.);
#1404 = EDGE_LOOP('',(#1405,#1406,#1428,#1429));
#1405 = ORIENTED_EDGE('',*,*,#1173,.F.);
#1406 = ORIENTED_EDGE('',*,*,#1407,.T.);
#1407 = EDGE_CURVE('',#1174,#1360,#1408,.T.);
#1408 = SURFACE_CURVE('',#1409,(#1414,#1421),.PCURVE_S1.);
#1409 = CIRCLE('',#1410,0.999658168759);
#1410 = AXIS2_PLACEMENT_3D('',#1411,#1412,#1413);
#1411 = CARTESIAN_POINT('',(2.64035024017E+03,1.725222342005E+03,
    131.75275542814));
#1412 = DIRECTION('',(-1.836970198721E-16,-2.449293598295E-16,1.));
#1413 = DIRECTION('',(-0.66433409963,-0.747435752469,-3.051051546673E-16
    ));
#1414 = PCURVE('',#1189,#1415);
#1415 = DEFINITIONAL_REPRESENTATION('',(#1416),#1420);
#1416 = LINE('',#1417,#1418);
#1417 = CARTESIAN_POINT('',(1.598882215645,0.));
#1418 = VECTOR('',#1419,1.);
#1419 = DIRECTION('',(1.,0.));
#1420 = ( GEOMETRIC_REPRESENTATION_CONTEXT(2) 
PARAMETRIC_REPRESENTATION_CONTEXT() REPRESENTATION_CONTEXT('2D SPACE',''
  ) );
#1421 = PCURVE('',#66,#1422);
#1422 = DEFINITIONAL_REPRESENTATION('',(#1423),#1427);
#1423 = CIRCLE('',#1424,0.999658168759);
#1424 = AXIS2_PLACEMENT_2D('',#1425,#1426);
#1425 = CARTESIAN_POINT('',(-5.70266553081,-5.6113257219));
#1426 = DIRECTION('',(-0.747435752469,0.66433409963));
#1427 = ( GEOMETRIC_REPRESENTATION_CONTEXT(2) 
PARAMETRIC_REPRESENTATION_CONTEXT() REPRESENTATION_CONTEXT('2D SPACE',''
  ) );
#1428 = ORIENTED_EDGE('',*,*,#1382,.T.);
#1429 = ORIENTED_EDGE('',*,*,#1430,.T.);
#1430 = EDGE_CURVE('',#1336,#1144,#1431,.T.);
#1431 = SURFACE_CURVE('',#1432,(#1437,#1444),.PCURVE_S1.);
#1432 = CIRCLE('',#1433,0.999658168759);
#1433 = AXIS2_PLACEMENT_3D('',#1434,#1435,#1436);
#1434 = CARTESIAN_POINT('',(2.64035024017E+03,1.725222342005E+03,
    133.35275542814));
#1435 = DIRECTION('',(1.836970198721E-16,2.449293598295E-16,-1.));
#1436 = DIRECTION('',(-0.66433409963,-0.747435752469,-3.051051546673E-16
    ));
#1437 = PCURVE('',#1189,#1438);
#1438 = DEFINITIONAL_REPRESENTATION('',(#1439),#1443);
#1439 = LINE('',#1440,#1441);
#1440 = CARTESIAN_POINT('',(7.882067522825,1.6));
#1441 = VECTOR('',#1442,1.);
#1442 = DIRECTION('',(-1.,0.));
#1443 = ( GEOMETRIC_REPRESENTATION_CONTEXT(2) 
PARAMETRIC_REPRESENTATION_CONTEXT() REPRESENTATION_CONTEXT('2D SPACE',''
  ) );
#1444 = PCURVE('',#94,#1445);
#1445 = DEFINITIONAL_REPRESENTATION('',(#1446),#1454);
#1446 = ( BOUNDED_CURVE() B_SPLINE_CURVE(2,(#1447,#1448,#1449,#1450,
#1451,#1452,#1453),.UNSPECIFIED.,.T.,.F.) B_SPLINE_CURVE_WITH_KNOTS((1,2
    ,2,2,2,1),(-2.094395102393,0.,2.094395102393,4.188790204786,
6.28318530718,8.377580409573),.UNSPECIFIED.) CURVE() 
GEOMETRIC_REPRESENTATION_ITEM() RATIONAL_B_SPLINE_CURVE((1.,0.5,1.,0.5,
1.,0.5,1.)) REPRESENTATION_ITEM('') );
#1447 = CARTESIAN_POINT('',(-6.449845786388,-4.94721871242));
#1448 = CARTESIAN_POINT('',(-5.299578704307,-3.653064547346));
#1449 = CARTESIAN_POINT('',(-4.75394186198,-5.296302144103));
#1450 = CARTESIAN_POINT('',(-4.208305019653,-6.939539740859));
#1451 = CARTESIAN_POINT('',(-5.904208944062,-6.590456309177));
#1452 = CARTESIAN_POINT('',(-7.60011286847,-6.241372877494));
#1453 = CARTESIAN_POINT('',(-6.449845786388,-4.94721871242));
#1454 = ( GEOMETRIC_REPRESENTATION_CONTEXT(2) 
PARAMETRIC_REPRESENTATION_CONTEXT() REPRESENTATION_CONTEXT('2D SPACE',''
  ) );
#1455 = ADVANCED_FACE('',(#1456),#1470,.F.);
#1456 = FACE_BOUND('',#1457,.F.);
#1457 = EDGE_LOOP('',(#1458,#1488,#1514,#1515));
#1458 = ORIENTED_EDGE('',*,*,#1459,.T.);
#1459 = EDGE_CURVE('',#1460,#1462,#1464,.T.);
#1460 = VERTEX_POINT('',#1461);
#1461 = CARTESIAN_POINT('',(2.634738914448E+03,1.725925007535E+03,
    131.75275542814));
#1462 = VERTEX_POINT('',#1463);
#1463 = CARTESIAN_POINT('',(2.634738914448E+03,1.725925007535E+03,
    133.35275542814));
#1464 = SEAM_CURVE('',#1465,(#1469,#1481),.PCURVE_S1.);
#1465 = LINE('',#1466,#1467);
#1466 = CARTESIAN_POINT('',(2.634738914448E+03,1.725925007535E+03,
    131.75275542814));
#1467 = VECTOR('',#1468,1.);
#1468 = DIRECTION('',(-1.836970198721E-16,-2.449293598295E-16,1.));
#1469 = PCURVE('',#1470,#1475);
#1470 = CYLINDRICAL_SURFACE('',#1471,5.);
#1471 = AXIS2_PLACEMENT_3D('',#1472,#1473,#1474);
#1472 = CARTESIAN_POINT('',(2.634738914448E+03,1.730925007535E+03,
    131.75275542814));
#1473 = DIRECTION('',(-1.836970198721E-16,-2.449293598295E-16,1.));
#1474 = DIRECTION('',(1.224646799147E-16,1.,2.449293598295E-16));
#1475 = DEFINITIONAL_REPRESENTATION('',(#1476),#1480);
#1476 = LINE('',#1477,#1478);
#1477 = CARTESIAN_POINT('',(9.424777960769,0.));
#1478 = VECTOR('',#1479,1.);
#1479 = DIRECTION('',(0.,1.));
#1480 = ( GEOMETRIC_REPRESENTATION_CONTEXT(2) 
PARAMETRIC_REPRESENTATION_CONTEXT() REPRESENTATION_CONTEXT('2D SPACE',''
  ) );
#1481 = PCURVE('',#1470,#1482);
#1482 = DEFINITIONAL_REPRESENTATION('',(#1483),#1487);
#1483 = LINE('',#1484,#1485);
#1484 = CARTESIAN_POINT('',(3.14159265359,0.));
#1485 = VECTOR('',#1486,1.);
#1486 = DIRECTION('',(0.,1.));
#1487 = ( GEOMETRIC_REPRESENTATION_CONTEXT(2) 
PARAMETRIC_REPRESENTATION_CONTEXT() REPRESENTATION_CONTEXT('2D SPACE',''
  ) );
#1488 = ORIENTED_EDGE('',*,*,#1489,.T.);
#1489 = EDGE_CURVE('',#1462,#1462,#1490,.T.);
#1490 = SURFACE_CURVE('',#1491,(#1496,#1503),.PCURVE_S1.);
#1491 = CIRCLE('',#1492,5.);
#1492 = AXIS2_PLACEMENT_3D('',#1493,#1494,#1495);
#1493 = CARTESIAN_POINT('',(2.634738914448E+03,1.730925007535E+03,
    133.35275542814));
#1494 = DIRECTION('',(1.836970198721E-16,2.449293598295E-16,-1.));
#1495 = DIRECTION('',(1.224646799147E-16,1.,2.449293598295E-16));
#1496 = PCURVE('',#1470,#1497);
#1497 = DEFINITIONAL_REPRESENTATION('',(#1498),#1502);
#1498 = LINE('',#1499,#1500);
#1499 = CARTESIAN_POINT('',(12.566370614359,1.6));
#1500 = VECTOR('',#1501,1.);
#1501 = DIRECTION('',(-1.,0.));
#1502 = ( GEOMETRIC_REPRESENTATION_CONTEXT(2) 
PARAMETRIC_REPRESENTATION_CONTEXT() REPRESENTATION_CONTEXT('2D SPACE',''
  ) );
#1503 = PCURVE('',#94,#1504);
#1504 = DEFINITIONAL_REPRESENTATION('',(#1505),#1513);
#1505 = ( BOUNDED_CURVE() B_SPLINE_CURVE(2,(#1506,#1507,#1508,#1509,
#1510,#1511,#1512),.UNSPECIFIED.,.T.,.F.) B_SPLINE_CURVE_WITH_KNOTS((1,2
    ,2,2,2,1),(-2.094395102393,0.,2.094395102393,4.188790204786,
6.28318530718,8.377580409573),.UNSPECIFIED.) CURVE() 
GEOMETRIC_REPRESENTATION_ITEM() RATIONAL_B_SPLINE_CURVE((1.,0.5,1.,0.5,
1.,0.5,1.)) REPRESENTATION_ITEM('') );
#1506 = CARTESIAN_POINT('',(5.,2.155506548229E-32));
#1507 = CARTESIAN_POINT('',(5.,-8.660254037844));
#1508 = CARTESIAN_POINT('',(-2.5,-4.330127018922));
#1509 = CARTESIAN_POINT('',(-10.,-1.224646799147E-15));
#1510 = CARTESIAN_POINT('',(-2.5,4.330127018922));
#1511 = CARTESIAN_POINT('',(5.,8.660254037844));
#1512 = CARTESIAN_POINT('',(5.,2.155506548229E-32));
#1513 = ( GEOMETRIC_REPRESENTATION_CONTEXT(2) 
PARAMETRIC_REPRESENTATION_CONTEXT() REPRESENTATION_CONTEXT('2D SPACE',''
  ) );
#1514 = ORIENTED_EDGE('',*,*,#1459,.F.);
#1515 = ORIENTED_EDGE('',*,*,#1516,.T.);
#1516 = EDGE_CURVE('',#1460,#1460,#1517,.T.);
#1517 = SURFACE_CURVE('',#1518,(#1523,#1530),.PCURVE_S1.);
#1518 = CIRCLE('',#1519,5.);
#1519 = AXIS2_PLACEMENT_3D('',#1520,#1521,#1522);
#1520 = CARTESIAN_POINT('',(2.634738914448E+03,1.730925007535E+03,
    131.75275542814));
#1521 = DIRECTION('',(-1.836970198721E-16,-2.449293598295E-16,1.));
#1522 = DIRECTION('',(1.224646799147E-16,1.,2.449293598295E-16));
#1523 = PCURVE('',#1470,#1524);
#1524 = DEFINITIONAL_REPRESENTATION('',(#1525),#1529);
#1525 = LINE('',#1526,#1527);
#1526 = CARTESIAN_POINT('',(0.,0.));
#1527 = VECTOR('',#1528,1.);
#1528 = DIRECTION('',(1.,0.));
#1529 = ( GEOMETRIC_REPRESENTATION_CONTEXT(2) 
PARAMETRIC_REPRESENTATION_CONTEXT() REPRESENTATION_CONTEXT('2D SPACE',''
  ) );
#1530 = PCURVE('',#66,#1531);
#1531 = DEFINITIONAL_REPRESENTATION('',(#1532),#1536);
#1532 = CIRCLE('',#1533,5.);
#1533 = AXIS2_PLACEMENT_2D('',#1534,#1535);
#1534 = CARTESIAN_POINT('',(0.,0.));
#1535 = DIRECTION('',(1.,4.311013096457E-33));
#1536 = ( GEOMETRIC_REPRESENTATION_CONTEXT(2) 
PARAMETRIC_REPRESENTATION_CONTEXT() REPRESENTATION_CONTEXT('2D SPACE',''
  ) );
#1537 = ADVANCED_FACE('',(#1538),#1552,.F.);
#1538 = FACE_BOUND('',#1539,.F.);
#1539 = EDGE_LOOP('',(#1540,#1570,#1592,#1593));
#1540 = ORIENTED_EDGE('',*,*,#1541,.T.);
#1541 = EDGE_CURVE('',#1542,#1544,#1546,.T.);
#1542 = VERTEX_POINT('',#1543);
#1543 = CARTESIAN_POINT('',(2.607238914448E+03,1.757925007535E+03,
    133.35275542814));
#1544 = VERTEX_POINT('',#1545);
#1545 = CARTESIAN_POINT('',(2.607238914448E+03,1.757925007535E+03,
    131.75275542814));
#1546 = SEAM_CURVE('',#1547,(#1551,#1563),.PCURVE_S1.);
#1547 = LINE('',#1548,#1549);
#1548 = CARTESIAN_POINT('',(2.607238914448E+03,1.757925007535E+03,
    133.35275542814));
#1549 = VECTOR('',#1550,1.);
#1550 = DIRECTION('',(1.836970198721E-16,2.449293598295E-16,-1.));
#1551 = PCURVE('',#1552,#1557);
#1552 = CYLINDRICAL_SURFACE('',#1553,2.);
#1553 = AXIS2_PLACEMENT_3D('',#1554,#1555,#1556);
#1554 = CARTESIAN_POINT('',(2.607238914448E+03,1.755925007535E+03,
    133.35275542814));
#1555 = DIRECTION('',(1.836970198721E-16,2.449293598295E-16,-1.));
#1556 = DIRECTION('',(-1.224646799147E-16,-1.,-2.449293598295E-16));
#1557 = DEFINITIONAL_REPRESENTATION('',(#1558),#1562);
#1558 = LINE('',#1559,#1560);
#1559 = CARTESIAN_POINT('',(9.424777960769,0.));
#1560 = VECTOR('',#1561,1.);
#1561 = DIRECTION('',(0.,1.));
#1562 = ( GEOMETRIC_REPRESENTATION_CONTEXT(2) 
PARAMETRIC_REPRESENTATION_CONTEXT() REPRESENTATION_CONTEXT('2D SPACE',''
  ) );
#1563 = PCURVE('',#1552,#1564);
#1564 = DEFINITIONAL_REPRESENTATION('',(#1565),#1569);
#1565 = LINE('',#1566,#1567);
#1566 = CARTESIAN_POINT('',(3.14159265359,0.));
#1567 = VECTOR('',#1568,1.);
#1568 = DIRECTION('',(0.,1.));
#1569 = ( GEOMETRIC_REPRESENTATION_CONTEXT(2) 
PARAMETRIC_REPRESENTATION_CONTEXT() REPRESENTATION_CONTEXT('2D SPACE',''
  ) );
#1570 = ORIENTED_EDGE('',*,*,#1571,.T.);
#1571 = EDGE_CURVE('',#1544,#1544,#1572,.T.);
#1572 = SURFACE_CURVE('',#1573,(#1578,#1585),.PCURVE_S1.);
#1573 = CIRCLE('',#1574,2.);
#1574 = AXIS2_PLACEMENT_3D('',#1575,#1576,#1577);
#1575 = CARTESIAN_POINT('',(2.607238914448E+03,1.755925007535E+03,
    131.75275542814));
#1576 = DIRECTION('',(-1.836970198721E-16,-2.449293598295E-16,1.));
#1577 = DIRECTION('',(-1.224646799147E-16,-1.,-2.449293598295E-16));
#1578 = PCURVE('',#1552,#1579);
#1579 = DEFINITIONAL_REPRESENTATION('',(#1580),#1584);
#1580 = LINE('',#1581,#1582);
#1581 = CARTESIAN_POINT('',(12.566370614359,1.6));
#1582 = VECTOR('',#1583,1.);
#1583 = DIRECTION('',(-1.,0.));
#1584 = ( GEOMETRIC_REPRESENTATION_CONTEXT(2) 
PARAMETRIC_REPRESENTATION_CONTEXT() REPRESENTATION_CONTEXT('2D SPACE',''
  ) );
#1585 = PCURVE('',#66,#1586);
#1586 = DEFINITIONAL_REPRESENTATION('',(#1587),#1591);
#1587 = CIRCLE('',#1588,2.);
#1588 = AXIS2_PLACEMENT_2D('',#1589,#1590);
#1589 = CARTESIAN_POINT('',(25.,27.5));
#1590 = DIRECTION('',(-1.,-4.311013096457E-33));
#1591 = ( GEOMETRIC_REPRESENTATION_CONTEXT(2) 
PARAMETRIC_REPRESENTATION_CONTEXT() REPRESENTATION_CONTEXT('2D SPACE',''
  ) );
#1592 = ORIENTED_EDGE('',*,*,#1541,.F.);
#1593 = ORIENTED_EDGE('',*,*,#1594,.T.);
#1594 = EDGE_CURVE('',#1542,#1542,#1595,.T.);
#1595 = SURFACE_CURVE('',#1596,(#1601,#1608),.PCURVE_S1.);
#1596 = CIRCLE('',#1597,2.);
#1597 = AXIS2_PLACEMENT_3D('',#1598,#1599,#1600);
#1598 = CARTESIAN_POINT('',(2.607238914448E+03,1.755925007535E+03,
    133.35275542814));
#1599 = DIRECTION('',(1.836970198721E-16,2.449293598295E-16,-1.));
#1600 = DIRECTION('',(-1.224646799147E-16,-1.,-2.449293598295E-16));
#1601 = PCURVE('',#1552,#1602);
#1602 = DEFINITIONAL_REPRESENTATION('',(#1603),#1607);
#1603 = LINE('',#1604,#1605);
#1604 = CARTESIAN_POINT('',(0.,0.));
#1605 = VECTOR('',#1606,1.);
#1606 = DIRECTION('',(1.,0.));
#1607 = ( GEOMETRIC_REPRESENTATION_CONTEXT(2) 
PARAMETRIC_REPRESENTATION_CONTEXT() REPRESENTATION_CONTEXT('2D SPACE',''
  ) );
#1608 = PCURVE('',#94,#1609);
#1609 = DEFINITIONAL_REPRESENTATION('',(#1610),#1618);
#1610 = ( BOUNDED_CURVE() B_SPLINE_CURVE(2,(#1611,#1612,#1613,#1614,
#1615,#1616,#1617),.UNSPECIFIED.,.T.,.F.) B_SPLINE_CURVE_WITH_KNOTS((1,2
    ,2,2,2,1),(-2.094395102393,0.,2.094395102393,4.188790204786,
6.28318530718,8.377580409573),.UNSPECIFIED.) CURVE() 
GEOMETRIC_REPRESENTATION_ITEM() RATIONAL_B_SPLINE_CURVE((1.,0.5,1.,0.5,
1.,0.5,1.)) REPRESENTATION_ITEM('') );
#1611 = CARTESIAN_POINT('',(23.,27.5));
#1612 = CARTESIAN_POINT('',(23.,30.964101615138));
#1613 = CARTESIAN_POINT('',(26.,29.232050807569));
#1614 = CARTESIAN_POINT('',(29.,27.5));
#1615 = CARTESIAN_POINT('',(26.,25.767949192431));
#1616 = CARTESIAN_POINT('',(23.,24.035898384862));
#1617 = CARTESIAN_POINT('',(23.,27.5));
#1618 = ( GEOMETRIC_REPRESENTATION_CONTEXT(2) 
PARAMETRIC_REPRESENTATION_CONTEXT() REPRESENTATION_CONTEXT('2D SPACE',''
  ) );
#1619 = ADVANCED_FACE('',(#1620),#1634,.F.);
#1620 = FACE_BOUND('',#1621,.F.);
#1621 = EDGE_LOOP('',(#1622,#1652,#1674,#1675));
#1622 = ORIENTED_EDGE('',*,*,#1623,.T.);
#1623 = EDGE_CURVE('',#1624,#1626,#1628,.T.);
#1624 = VERTEX_POINT('',#1625);
#1625 = CARTESIAN_POINT('',(2.662238914448E+03,1.707925007535E+03,
    133.35275542814));
#1626 = VERTEX_POINT('',#1627);
#1627 = CARTESIAN_POINT('',(2.662238914448E+03,1.707925007535E+03,
    131.75275542814));
#1628 = SEAM_CURVE('',#1629,(#1633,#1645),.PCURVE_S1.);
#1629 = LINE('',#1630,#1631);
#1630 = CARTESIAN_POINT('',(2.662238914448E+03,1.707925007535E+03,
    133.35275542814));
#1631 = VECTOR('',#1632,1.);
#1632 = DIRECTION('',(1.836970198721E-16,2.449293598295E-16,-1.));
#1633 = PCURVE('',#1634,#1639);
#1634 = CYLINDRICAL_SURFACE('',#1635,2.);
#1635 = AXIS2_PLACEMENT_3D('',#1636,#1637,#1638);
#1636 = CARTESIAN_POINT('',(2.662238914448E+03,1.705925007535E+03,
    133.35275542814));
#1637 = DIRECTION('',(1.836970198721E-16,2.449293598295E-16,-1.));
#1638 = DIRECTION('',(-1.224646799147E-16,-1.,-2.449293598295E-16));
#1639 = DEFINITIONAL_REPRESENTATION('',(#1640),#1644);
#1640 = LINE('',#1641,#1642);
#1641 = CARTESIAN_POINT('',(9.424777960769,0.));
#1642 = VECTOR('',#1643,1.);
#1643 = DIRECTION('',(0.,1.));
#1644 = ( GEOMETRIC_REPRESENTATION_CONTEXT(2) 
PARAMETRIC_REPRESENTATION_CONTEXT() REPRESENTATION_CONTEXT('2D SPACE',''
  ) );
#1645 = PCURVE('',#1634,#1646);
#1646 = DEFINITIONAL_REPRESENTATION('',(#1647),#1651);
#1647 = LINE('',#1648,#1649);
#1648 = CARTESIAN_POINT('',(3.14159265359,0.));
#1649 = VECTOR('',#1650,1.);
#1650 = DIRECTION('',(0.,1.));
#1651 = ( GEOMETRIC_REPRESENTATION_CONTEXT(2) 
PARAMETRIC_REPRESENTATION_CONTEXT() REPRESENTATION_CONTEXT('2D SPACE',''
  ) );
#1652 = ORIENTED_EDGE('',*,*,#1653,.T.);
#1653 = EDGE_CURVE('',#1626,#1626,#1654,.T.);
#1654 = SURFACE_CURVE('',#1655,(#1660,#1667),.PCURVE_S1.);
#1655 = CIRCLE('',#1656,2.);
#1656 = AXIS2_PLACEMENT_3D('',#1657,#1658,#1659);
#1657 = CARTESIAN_POINT('',(2.662238914448E+03,1.705925007535E+03,
    131.75275542814));
#1658 = DIRECTION('',(-1.836970198721E-16,-2.449293598295E-16,1.));
#1659 = DIRECTION('',(-1.224646799147E-16,-1.,-2.449293598295E-16));
#1660 = PCURVE('',#1634,#1661);
#1661 = DEFINITIONAL_REPRESENTATION('',(#1662),#1666);
#1662 = LINE('',#1663,#1664);
#1663 = CARTESIAN_POINT('',(12.566370614359,1.6));
#1664 = VECTOR('',#1665,1.);
#1665 = DIRECTION('',(-1.,0.));
#1666 = ( GEOMETRIC_REPRESENTATION_CONTEXT(2) 
PARAMETRIC_REPRESENTATION_CONTEXT() REPRESENTATION_CONTEXT('2D SPACE',''
  ) );
#1667 = PCURVE('',#66,#1668);
#1668 = DEFINITIONAL_REPRESENTATION('',(#1669),#1673);
#1669 = CIRCLE('',#1670,2.);
#1670 = AXIS2_PLACEMENT_2D('',#1671,#1672);
#1671 = CARTESIAN_POINT('',(-25.,-27.5));
#1672 = DIRECTION('',(-1.,-4.311013096457E-33));
#1673 = ( GEOMETRIC_REPRESENTATION_CONTEXT(2) 
PARAMETRIC_REPRESENTATION_CONTEXT() REPRESENTATION_CONTEXT('2D SPACE',''
  ) );
#1674 = ORIENTED_EDGE('',*,*,#1623,.F.);
#1675 = ORIENTED_EDGE('',*,*,#1676,.T.);
#1676 = EDGE_CURVE('',#1624,#1624,#1677,.T.);
#1677 = SURFACE_CURVE('',#1678,(#1683,#1690),.PCURVE_S1.);
#1678 = CIRCLE('',#1679,2.);
#1679 = AXIS2_PLACEMENT_3D('',#1680,#1681,#1682);
#1680 = CARTESIAN_POINT('',(2.662238914448E+03,1.705925007535E+03,
    133.35275542814));
#1681 = DIRECTION('',(1.836970198721E-16,2.449293598295E-16,-1.));
#1682 = DIRECTION('',(-1.224646799147E-16,-1.,-2.449293598295E-16));
#1683 = PCURVE('',#1634,#1684);
#1684 = DEFINITIONAL_REPRESENTATION('',(#1685),#1689);
#1685 = LINE('',#1686,#1687);
#1686 = CARTESIAN_POINT('',(0.,0.));
#1687 = VECTOR('',#1688,1.);
#1688 = DIRECTION('',(1.,0.));
#1689 = ( GEOMETRIC_REPRESENTATION_CONTEXT(2) 
PARAMETRIC_REPRESENTATION_CONTEXT() REPRESENTATION_CONTEXT('2D SPACE',''
  ) );
#1690 = PCURVE('',#94,#1691);
#1691 = DEFINITIONAL_REPRESENTATION('',(#1692),#1700);
#1692 = ( BOUNDED_CURVE() B_SPLINE_CURVE(2,(#1693,#1694,#1695,#1696,
#1697,#1698,#1699),.UNSPECIFIED.,.T.,.F.) B_SPLINE_CURVE_WITH_KNOTS((1,2
    ,2,2,2,1),(-2.094395102393,0.,2.094395102393,4.188790204786,
6.28318530718,8.377580409573),.UNSPECIFIED.) CURVE() 
GEOMETRIC_REPRESENTATION_ITEM() RATIONAL_B_SPLINE_CURVE((1.,0.5,1.,0.5,
1.,0.5,1.)) REPRESENTATION_ITEM('') );
#1693 = CARTESIAN_POINT('',(-27.,-27.5));
#1694 = CARTESIAN_POINT('',(-27.,-24.03589838486));
#1695 = CARTESIAN_POINT('',(-24.,-25.76794919243));
#1696 = CARTESIAN_POINT('',(-21.,-27.5));
#1697 = CARTESIAN_POINT('',(-24.,-29.23205080756));
#1698 = CARTESIAN_POINT('',(-27.,-30.96410161513));
#1699 = CARTESIAN_POINT('',(-27.,-27.5));
#1700 = ( GEOMETRIC_REPRESENTATION_CONTEXT(2) 
PARAMETRIC_REPRESENTATION_CONTEXT() REPRESENTATION_CONTEXT('2D SPACE',''
  ) );
#1701 = ADVANCED_FACE('',(#1702),#1716,.F.);
#1702 = FACE_BOUND('',#1703,.F.);
#1703 = EDGE_LOOP('',(#1704,#1734,#1756,#1757));
#1704 = ORIENTED_EDGE('',*,*,#1705,.T.);
#1705 = EDGE_CURVE('',#1706,#1708,#1710,.T.);
#1706 = VERTEX_POINT('',#1707);
#1707 = CARTESIAN_POINT('',(2.607238914448E+03,1.707925007535E+03,
    133.35275542814));
#1708 = VERTEX_POINT('',#1709);
#1709 = CARTESIAN_POINT('',(2.607238914448E+03,1.707925007535E+03,
    131.75275542814));
#1710 = SEAM_CURVE('',#1711,(#1715,#1727),.PCURVE_S1.);
#1711 = LINE('',#1712,#1713);
#1712 = CARTESIAN_POINT('',(2.607238914448E+03,1.707925007535E+03,
    133.35275542814));
#1713 = VECTOR('',#1714,1.);
#1714 = DIRECTION('',(1.836970198721E-16,2.449293598295E-16,-1.));
#1715 = PCURVE('',#1716,#1721);
#1716 = CYLINDRICAL_SURFACE('',#1717,2.);
#1717 = AXIS2_PLACEMENT_3D('',#1718,#1719,#1720);
#1718 = CARTESIAN_POINT('',(2.607238914448E+03,1.705925007535E+03,
    133.35275542814));
#1719 = DIRECTION('',(1.836970198721E-16,2.449293598295E-16,-1.));
#1720 = DIRECTION('',(-1.224646799147E-16,-1.,-2.449293598295E-16));
#1721 = DEFINITIONAL_REPRESENTATION('',(#1722),#1726);
#1722 = LINE('',#1723,#1724);
#1723 = CARTESIAN_POINT('',(9.424777960769,0.));
#1724 = VECTOR('',#1725,1.);
#1725 = DIRECTION('',(0.,1.));
#1726 = ( GEOMETRIC_REPRESENTATION_CONTEXT(2) 
PARAMETRIC_REPRESENTATION_CONTEXT() REPRESENTATION_CONTEXT('2D SPACE',''
  ) );
#1727 = PCURVE('',#1716,#1728);
#1728 = DEFINITIONAL_REPRESENTATION('',(#1729),#1733);
#1729 = LINE('',#1730,#1731);
#1730 = CARTESIAN_POINT('',(3.14159265359,0.));
#1731 = VECTOR('',#1732,1.);
#1732 = DIRECTION('',(0.,1.));
#1733 = ( GEOMETRIC_REPRESENTATION_CONTEXT(2) 
PARAMETRIC_REPRESENTATION_CONTEXT() REPRESENTATION_CONTEXT('2D SPACE',''
  ) );
#1734 = ORIENTED_EDGE('',*,*,#1735,.T.);
#1735 = EDGE_CURVE('',#1708,#1708,#1736,.T.);
#1736 = SURFACE_CURVE('',#1737,(#1742,#1749),.PCURVE_S1.);
#1737 = CIRCLE('',#1738,2.);
#1738 = AXIS2_PLACEMENT_3D('',#1739,#1740,#1741);
#1739 = CARTESIAN_POINT('',(2.607238914448E+03,1.705925007535E+03,
    131.75275542814));
#1740 = DIRECTION('',(-1.836970198721E-16,-2.449293598295E-16,1.));
#1741 = DIRECTION('',(-1.224646799147E-16,-1.,-2.449293598295E-16));
#1742 = PCURVE('',#1716,#1743);
#1743 = DEFINITIONAL_REPRESENTATION('',(#1744),#1748);
#1744 = LINE('',#1745,#1746);
#1745 = CARTESIAN_POINT('',(12.566370614359,1.6));
#1746 = VECTOR('',#1747,1.);
#1747 = DIRECTION('',(-1.,0.));
#1748 = ( GEOMETRIC_REPRESENTATION_CONTEXT(2) 
PARAMETRIC_REPRESENTATION_CONTEXT() REPRESENTATION_CONTEXT('2D SPACE',''
  ) );
#1749 = PCURVE('',#66,#1750);
#1750 = DEFINITIONAL_REPRESENTATION('',(#1751),#1755);
#1751 = CIRCLE('',#1752,2.);
#1752 = AXIS2_PLACEMENT_2D('',#1753,#1754);
#1753 = CARTESIAN_POINT('',(-25.,27.5));
#1754 = DIRECTION('',(-1.,-4.311013096457E-33));
#1755 = ( GEOMETRIC_REPRESENTATION_CONTEXT(2) 
PARAMETRIC_REPRESENTATION_CONTEXT() REPRESENTATION_CONTEXT('2D SPACE',''
  ) );
#1756 = ORIENTED_EDGE('',*,*,#1705,.F.);
#1757 = ORIENTED_EDGE('',*,*,#1758,.T.);
#1758 = EDGE_CURVE('',#1706,#1706,#1759,.T.);
#1759 = SURFACE_CURVE('',#1760,(#1765,#1772),.PCURVE_S1.);
#1760 = CIRCLE('',#1761,2.);
#1761 = AXIS2_PLACEMENT_3D('',#1762,#1763,#1764);
#1762 = CARTESIAN_POINT('',(2.607238914448E+03,1.705925007535E+03,
    133.35275542814));
#1763 = DIRECTION('',(1.836970198721E-16,2.449293598295E-16,-1.));
#1764 = DIRECTION('',(-1.224646799147E-16,-1.,-2.449293598295E-16));
#1765 = PCURVE('',#1716,#1766);
#1766 = DEFINITIONAL_REPRESENTATION('',(#1767),#1771);
#1767 = LINE('',#1768,#1769);
#1768 = CARTESIAN_POINT('',(0.,0.));
#1769 = VECTOR('',#1770,1.);
#1770 = DIRECTION('',(1.,0.));
#1771 = ( GEOMETRIC_REPRESENTATION_CONTEXT(2) 
PARAMETRIC_REPRESENTATION_CONTEXT() REPRESENTATION_CONTEXT('2D SPACE',''
  ) );
#1772 = PCURVE('',#94,#1773);
#1773 = DEFINITIONAL_REPRESENTATION('',(#1774),#1782);
#1774 = ( BOUNDED_CURVE() B_SPLINE_CURVE(2,(#1775,#1776,#1777,#1778,
#1779,#1780,#1781),.UNSPECIFIED.,.T.,.F.) B_SPLINE_CURVE_WITH_KNOTS((1,2
    ,2,2,2,1),(-2.094395102393,0.,2.094395102393,4.188790204786,
6.28318530718,8.377580409573),.UNSPECIFIED.) CURVE() 
GEOMETRIC_REPRESENTATION_ITEM() RATIONAL_B_SPLINE_CURVE((1.,0.5,1.,0.5,
1.,0.5,1.)) REPRESENTATION_ITEM('') );
#1775 = CARTESIAN_POINT('',(-27.,27.5));
#1776 = CARTESIAN_POINT('',(-27.,30.964101615138));
#1777 = CARTESIAN_POINT('',(-24.,29.232050807569));
#1778 = CARTESIAN_POINT('',(-21.,27.5));
#1779 = CARTESIAN_POINT('',(-24.,25.767949192431));
#1780 = CARTESIAN_POINT('',(-27.,24.035898384862));
#1781 = CARTESIAN_POINT('',(-27.,27.5));
#1782 = ( GEOMETRIC_REPRESENTATION_CONTEXT(2) 
PARAMETRIC_REPRESENTATION_CONTEXT() REPRESENTATION_CONTEXT('2D SPACE',''
  ) );
#1783 = ADVANCED_FACE('',(#1784),#1798,.F.);
#1784 = FACE_BOUND('',#1785,.F.);
#1785 = EDGE_LOOP('',(#1786,#1816,#1838,#1839));
#1786 = ORIENTED_EDGE('',*,*,#1787,.T.);
#1787 = EDGE_CURVE('',#1788,#1790,#1792,.T.);
#1788 = VERTEX_POINT('',#1789);
#1789 = CARTESIAN_POINT('',(2.662238914448E+03,1.757925007535E+03,
    133.35275542814));
#1790 = VERTEX_POINT('',#1791);
#1791 = CARTESIAN_POINT('',(2.662238914448E+03,1.757925007535E+03,
    131.75275542814));
#1792 = SEAM_CURVE('',#1793,(#1797,#1809),.PCURVE_S1.);
#1793 = LINE('',#1794,#1795);
#1794 = CARTESIAN_POINT('',(2.662238914448E+03,1.757925007535E+03,
    133.35275542814));
#1795 = VECTOR('',#1796,1.);
#1796 = DIRECTION('',(1.836970198721E-16,2.449293598295E-16,-1.));
#1797 = PCURVE('',#1798,#1803);
#1798 = CYLINDRICAL_SURFACE('',#1799,2.);
#1799 = AXIS2_PLACEMENT_3D('',#1800,#1801,#1802);
#1800 = CARTESIAN_POINT('',(2.662238914448E+03,1.755925007535E+03,
    133.35275542814));
#1801 = DIRECTION('',(1.836970198721E-16,2.449293598295E-16,-1.));
#1802 = DIRECTION('',(-1.224646799147E-16,-1.,-2.449293598295E-16));
#1803 = DEFINITIONAL_REPRESENTATION('',(#1804),#1808);
#1804 = LINE('',#1805,#1806);
#1805 = CARTESIAN_POINT('',(9.424777960769,0.));
#1806 = VECTOR('',#1807,1.);
#1807 = DIRECTION('',(0.,1.));
#1808 = ( GEOMETRIC_REPRESENTATION_CONTEXT(2) 
PARAMETRIC_REPRESENTATION_CONTEXT() REPRESENTATION_CONTEXT('2D SPACE',''
  ) );
#1809 = PCURVE('',#1798,#1810);
#1810 = DEFINITIONAL_REPRESENTATION('',(#1811),#1815);
#1811 = LINE('',#1812,#1813);
#1812 = CARTESIAN_POINT('',(3.14159265359,0.));
#1813 = VECTOR('',#1814,1.);
#1814 = DIRECTION('',(0.,1.));
#1815 = ( GEOMETRIC_REPRESENTATION_CONTEXT(2) 
PARAMETRIC_REPRESENTATION_CONTEXT() REPRESENTATION_CONTEXT('2D SPACE',''
  ) );
#1816 = ORIENTED_EDGE('',*,*,#1817,.T.);
#1817 = EDGE_CURVE('',#1790,#1790,#1818,.T.);
#1818 = SURFACE_CURVE('',#1819,(#1824,#1831),.PCURVE_S1.);
#1819 = CIRCLE('',#1820,2.);
#1820 = AXIS2_PLACEMENT_3D('',#1821,#1822,#1823);
#1821 = CARTESIAN_POINT('',(2.662238914448E+03,1.755925007535E+03,
    131.75275542814));
#1822 = DIRECTION('',(-1.836970198721E-16,-2.449293598295E-16,1.));
#1823 = DIRECTION('',(-1.224646799147E-16,-1.,-2.449293598295E-16));
#1824 = PCURVE('',#1798,#1825);
#1825 = DEFINITIONAL_REPRESENTATION('',(#1826),#1830);
#1826 = LINE('',#1827,#1828);
#1827 = CARTESIAN_POINT('',(12.566370614359,1.6));
#1828 = VECTOR('',#1829,1.);
#1829 = DIRECTION('',(-1.,0.));
#1830 = ( GEOMETRIC_REPRESENTATION_CONTEXT(2) 
PARAMETRIC_REPRESENTATION_CONTEXT() REPRESENTATION_CONTEXT('2D SPACE',''
  ) );
#1831 = PCURVE('',#66,#1832);
#1832 = DEFINITIONAL_REPRESENTATION('',(#1833),#1837);
#1833 = CIRCLE('',#1834,2.);
#1834 = AXIS2_PLACEMENT_2D('',#1835,#1836);
#1835 = CARTESIAN_POINT('',(25.,-27.5));
#1836 = DIRECTION('',(-1.,-4.311013096457E-33));
#1837 = ( GEOMETRIC_REPRESENTATION_CONTEXT(2) 
PARAMETRIC_REPRESENTATION_CONTEXT() REPRESENTATION_CONTEXT('2D SPACE',''
  ) );
#1838 = ORIENTED_EDGE('',*,*,#1787,.F.);
#1839 = ORIENTED_EDGE('',*,*,#1840,.T.);
#1840 = EDGE_CURVE('',#1788,#1788,#1841,.T.);
#1841 = SURFACE_CURVE('',#1842,(#1847,#1854),.PCURVE_S1.);
#1842 = CIRCLE('',#1843,2.);
#1843 = AXIS2_PLACEMENT_3D('',#1844,#1845,#1846);
#1844 = CARTESIAN_POINT('',(2.662238914448E+03,1.755925007535E+03,
    133.35275542814));
#1845 = DIRECTION('',(1.836970198721E-16,2.449293598295E-16,-1.));
#1846 = DIRECTION('',(-1.224646799147E-16,-1.,-2.449293598295E-16));
#1847 = PCURVE('',#1798,#1848);
#1848 = DEFINITIONAL_REPRESENTATION('',(#1849),#1853);
#1849 = LINE('',#1850,#1851);
#1850 = CARTESIAN_POINT('',(0.,0.));
#1851 = VECTOR('',#1852,1.);
#1852 = DIRECTION('',(1.,0.));
#1853 = ( GEOMETRIC_REPRESENTATION_CONTEXT(2) 
PARAMETRIC_REPRESENTATION_CONTEXT() REPRESENTATION_CONTEXT('2D SPACE',''
  ) );
#1854 = PCURVE('',#94,#1855);
#1855 = DEFINITIONAL_REPRESENTATION('',(#1856),#1864);
#1856 = ( BOUNDED_CURVE() B_SPLINE_CURVE(2,(#1857,#1858,#1859,#1860,
#1861,#1862,#1863),.UNSPECIFIED.,.T.,.F.) B_SPLINE_CURVE_WITH_KNOTS((1,2
    ,2,2,2,1),(-2.094395102393,0.,2.094395102393,4.188790204786,
6.28318530718,8.377580409573),.UNSPECIFIED.) CURVE() 
GEOMETRIC_REPRESENTATION_ITEM() RATIONAL_B_SPLINE_CURVE((1.,0.5,1.,0.5,
1.,0.5,1.)) REPRESENTATION_ITEM('') );
#1857 = CARTESIAN_POINT('',(23.,-27.5));
#1858 = CARTESIAN_POINT('',(23.,-24.03589838486));
#1859 = CARTESIAN_POINT('',(26.,-25.76794919243));
#1860 = CARTESIAN_POINT('',(29.,-27.5));
#1861 = CARTESIAN_POINT('',(26.,-29.23205080756));
#1862 = CARTESIAN_POINT('',(23.,-30.96410161513));
#1863 = CARTESIAN_POINT('',(23.,-27.5));
#1864 = ( GEOMETRIC_REPRESENTATION_CONTEXT(2) 
PARAMETRIC_REPRESENTATION_CONTEXT() REPRESENTATION_CONTEXT('2D SPACE',''
  ) );
#1865 = ADVANCED_FACE('',(#1866),#1880,.T.);
#1866 = FACE_BOUND('',#1867,.T.);
#1867 = EDGE_LOOP('',(#1868,#1898,#1926,#1949));
#1868 = ORIENTED_EDGE('',*,*,#1869,.T.);
#1869 = EDGE_CURVE('',#1870,#1872,#1874,.T.);
#1870 = VERTEX_POINT('',#1871);
#1871 = CARTESIAN_POINT('',(2.607238914448E+03,1.759925007535E+03,
    133.35275542814));
#1872 = VERTEX_POINT('',#1873);
#1873 = CARTESIAN_POINT('',(2.662238914448E+03,1.759925007535E+03,
    133.35275542814));
#1874 = SURFACE_CURVE('',#1875,(#1879,#1891),.PCURVE_S1.);
#1875 = LINE('',#1876,#1877);
#1876 = CARTESIAN_POINT('',(2.607238914448E+03,1.759925007535E+03,
    133.35275542814));
#1877 = VECTOR('',#1878,1.);
#1878 = DIRECTION('',(1.,-1.224646799147E-16,1.836970198721E-16));
#1879 = PCURVE('',#1880,#1885);
#1880 = PLANE('',#1881);
#1881 = AXIS2_PLACEMENT_3D('',#1882,#1883,#1884);
#1882 = CARTESIAN_POINT('',(2.607238914448E+03,1.759925007535E+03,
    133.35275542814));
#1883 = DIRECTION('',(1.224646799147E-16,1.,2.449293598295E-16));
#1884 = DIRECTION('',(1.,-1.224646799147E-16,1.836970198721E-16));
#1885 = DEFINITIONAL_REPRESENTATION('',(#1886),#1890);
#1886 = LINE('',#1887,#1888);
#1887 = CARTESIAN_POINT('',(0.,0.));
#1888 = VECTOR('',#1889,1.);
#1889 = DIRECTION('',(1.,0.));
#1890 = ( GEOMETRIC_REPRESENTATION_CONTEXT(2) 
PARAMETRIC_REPRESENTATION_CONTEXT() REPRESENTATION_CONTEXT('2D SPACE',''
  ) );
#1891 = PCURVE('',#94,#1892);
#1892 = DEFINITIONAL_REPRESENTATION('',(#1893),#1897);
#1893 = LINE('',#1894,#1895);
#1894 = CARTESIAN_POINT('',(29.,27.5));
#1895 = VECTOR('',#1896,1.);
#1896 = DIRECTION('',(4.499279347986E-32,-1.));
#1897 = ( GEOMETRIC_REPRESENTATION_CONTEXT(2) 
PARAMETRIC_REPRESENTATION_CONTEXT() REPRESENTATION_CONTEXT('2D SPACE',''
  ) );
#1898 = ORIENTED_EDGE('',*,*,#1899,.T.);
#1899 = EDGE_CURVE('',#1872,#1900,#1902,.T.);
#1900 = VERTEX_POINT('',#1901);
#1901 = CARTESIAN_POINT('',(2.662238914448E+03,1.759925007535E+03,
    131.75275542814));
#1902 = SURFACE_CURVE('',#1903,(#1907,#1914),.PCURVE_S1.);
#1903 = LINE('',#1904,#1905);
#1904 = CARTESIAN_POINT('',(2.662238914448E+03,1.759925007535E+03,
    133.35275542814));
#1905 = VECTOR('',#1906,1.);
#1906 = DIRECTION('',(1.836970198721E-16,2.449293598295E-16,-1.));
#1907 = PCURVE('',#1880,#1908);
#1908 = DEFINITIONAL_REPRESENTATION('',(#1909),#1913);
#1909 = LINE('',#1910,#1911);
#1910 = CARTESIAN_POINT('',(55.,1.010333609297E-14));
#1911 = VECTOR('',#1912,1.);
#1912 = DIRECTION('',(-2.465190328816E-32,1.));
#1913 = ( GEOMETRIC_REPRESENTATION_CONTEXT(2) 
PARAMETRIC_REPRESENTATION_CONTEXT() REPRESENTATION_CONTEXT('2D SPACE',''
  ) );
#1914 = PCURVE('',#1915,#1920);
#1915 = CYLINDRICAL_SURFACE('',#1916,4.);
#1916 = AXIS2_PLACEMENT_3D('',#1917,#1918,#1919);
#1917 = CARTESIAN_POINT('',(2.662238914448E+03,1.755925007535E+03,
    133.35275542814));
#1918 = DIRECTION('',(1.836970198721E-16,2.449293598295E-16,-1.));
#1919 = DIRECTION('',(1.,6.982962677686E-15,1.836970198721E-16));
#1920 = DEFINITIONAL_REPRESENTATION('',(#1921),#1925);
#1921 = LINE('',#1922,#1923);
#1922 = CARTESIAN_POINT('',(4.712388980385,0.));
#1923 = VECTOR('',#1924,1.);
#1924 = DIRECTION('',(0.,1.));
#1925 = ( GEOMETRIC_REPRESENTATION_CONTEXT(2) 
PARAMETRIC_REPRESENTATION_CONTEXT() REPRESENTATION_CONTEXT('2D SPACE',''
  ) );
#1926 = ORIENTED_EDGE('',*,*,#1927,.F.);
#1927 = EDGE_CURVE('',#1928,#1900,#1930,.T.);
#1928 = VERTEX_POINT('',#1929);
#1929 = CARTESIAN_POINT('',(2.607238914448E+03,1.759925007535E+03,
    131.75275542814));
#1930 = SURFACE_CURVE('',#1931,(#1935,#1942),.PCURVE_S1.);
#1931 = LINE('',#1932,#1933);
#1932 = CARTESIAN_POINT('',(2.607238914448E+03,1.759925007535E+03,
    131.75275542814));
#1933 = VECTOR('',#1934,1.);
#1934 = DIRECTION('',(1.,-1.224646799147E-16,1.836970198721E-16));
#1935 = PCURVE('',#1880,#1936);
#1936 = DEFINITIONAL_REPRESENTATION('',(#1937),#1941);
#1937 = LINE('',#1938,#1939);
#1938 = CARTESIAN_POINT('',(-2.939152317954E-16,1.6));
#1939 = VECTOR('',#1940,1.);
#1940 = DIRECTION('',(1.,0.));
#1941 = ( GEOMETRIC_REPRESENTATION_CONTEXT(2) 
PARAMETRIC_REPRESENTATION_CONTEXT() REPRESENTATION_CONTEXT('2D SPACE',''
  ) );
#1942 = PCURVE('',#66,#1943);
#1943 = DEFINITIONAL_REPRESENTATION('',(#1944),#1948);
#1944 = LINE('',#1945,#1946);
#1945 = CARTESIAN_POINT('',(29.,27.5));
#1946 = VECTOR('',#1947,1.);
#1947 = DIRECTION('',(4.499279347986E-32,-1.));
#1948 = ( GEOMETRIC_REPRESENTATION_CONTEXT(2) 
PARAMETRIC_REPRESENTATION_CONTEXT() REPRESENTATION_CONTEXT('2D SPACE',''
  ) );
#1949 = ORIENTED_EDGE('',*,*,#1950,.F.);
#1950 = EDGE_CURVE('',#1870,#1928,#1951,.T.);
#1951 = SURFACE_CURVE('',#1952,(#1956,#1963),.PCURVE_S1.);
#1952 = LINE('',#1953,#1954);
#1953 = CARTESIAN_POINT('',(2.607238914448E+03,1.759925007535E+03,
    133.35275542814));
#1954 = VECTOR('',#1955,1.);
#1955 = DIRECTION('',(1.836970198721E-16,2.449293598295E-16,-1.));
#1956 = PCURVE('',#1880,#1957);
#1957 = DEFINITIONAL_REPRESENTATION('',(#1958),#1962);
#1958 = LINE('',#1959,#1960);
#1959 = CARTESIAN_POINT('',(0.,0.));
#1960 = VECTOR('',#1961,1.);
#1961 = DIRECTION('',(-2.465190328816E-32,1.));
#1962 = ( GEOMETRIC_REPRESENTATION_CONTEXT(2) 
PARAMETRIC_REPRESENTATION_CONTEXT() REPRESENTATION_CONTEXT('2D SPACE',''
  ) );
#1963 = PCURVE('',#1964,#1969);
#1964 = CYLINDRICAL_SURFACE('',#1965,4.);
#1965 = AXIS2_PLACEMENT_3D('',#1966,#1967,#1968);
#1966 = CARTESIAN_POINT('',(2.607238914448E+03,1.755925007535E+03,
    133.35275542814));
#1967 = DIRECTION('',(1.836970198721E-16,2.449293598295E-16,-1.));
#1968 = DIRECTION('',(-6.982962677686E-15,1.,2.449293598295E-16));
#1969 = DEFINITIONAL_REPRESENTATION('',(#1970),#1974);
#1970 = LINE('',#1971,#1972);
#1971 = CARTESIAN_POINT('',(6.28318530718,0.));
#1972 = VECTOR('',#1973,1.);
#1973 = DIRECTION('',(0.,1.));
#1974 = ( GEOMETRIC_REPRESENTATION_CONTEXT(2) 
PARAMETRIC_REPRESENTATION_CONTEXT() REPRESENTATION_CONTEXT('2D SPACE',''
  ) );
#1975 = ADVANCED_FACE('',(#1976),#1964,.T.);
#1976 = FACE_BOUND('',#1977,.T.);
#1977 = EDGE_LOOP('',(#1978,#2002,#2003,#2031));
#1978 = ORIENTED_EDGE('',*,*,#1979,.F.);
#1979 = EDGE_CURVE('',#1870,#1980,#1982,.T.);
#1980 = VERTEX_POINT('',#1981);
#1981 = CARTESIAN_POINT('',(2.603238914448E+03,1.755925007535E+03,
    133.35275542814));
#1982 = SURFACE_CURVE('',#1983,(#1988,#1995),.PCURVE_S1.);
#1983 = CIRCLE('',#1984,4.);
#1984 = AXIS2_PLACEMENT_3D('',#1985,#1986,#1987);
#1985 = CARTESIAN_POINT('',(2.607238914448E+03,1.755925007535E+03,
    133.35275542814));
#1986 = DIRECTION('',(-1.836970198721E-16,-2.449293598295E-16,1.));
#1987 = DIRECTION('',(-6.982962677686E-15,1.,2.449293598295E-16));
#1988 = PCURVE('',#1964,#1989);
#1989 = DEFINITIONAL_REPRESENTATION('',(#1990),#1994);
#1990 = LINE('',#1991,#1992);
#1991 = CARTESIAN_POINT('',(6.28318530718,0.));
#1992 = VECTOR('',#1993,1.);
#1993 = DIRECTION('',(-1.,0.));
#1994 = ( GEOMETRIC_REPRESENTATION_CONTEXT(2) 
PARAMETRIC_REPRESENTATION_CONTEXT() REPRESENTATION_CONTEXT('2D SPACE',''
  ) );
#1995 = PCURVE('',#94,#1996);
#1996 = DEFINITIONAL_REPRESENTATION('',(#1997),#2001);
#1997 = CIRCLE('',#1998,4.);
#1998 = AXIS2_PLACEMENT_2D('',#1999,#2000);
#1999 = CARTESIAN_POINT('',(25.,27.5));
#2000 = DIRECTION('',(1.,7.105427357601E-15));
#2001 = ( GEOMETRIC_REPRESENTATION_CONTEXT(2) 
PARAMETRIC_REPRESENTATION_CONTEXT() REPRESENTATION_CONTEXT('2D SPACE',''
  ) );
#2002 = ORIENTED_EDGE('',*,*,#1950,.T.);
#2003 = ORIENTED_EDGE('',*,*,#2004,.F.);
#2004 = EDGE_CURVE('',#2005,#1928,#2007,.T.);
#2005 = VERTEX_POINT('',#2006);
#2006 = CARTESIAN_POINT('',(2.603238914448E+03,1.755925007535E+03,
    131.75275542814));
#2007 = SURFACE_CURVE('',#2008,(#2013,#2020),.PCURVE_S1.);
#2008 = CIRCLE('',#2009,4.);
#2009 = AXIS2_PLACEMENT_3D('',#2010,#2011,#2012);
#2010 = CARTESIAN_POINT('',(2.607238914448E+03,1.755925007535E+03,
    131.75275542814));
#2011 = DIRECTION('',(1.836970198721E-16,2.449293598295E-16,-1.));
#2012 = DIRECTION('',(-6.982962677686E-15,1.,2.449293598295E-16));
#2013 = PCURVE('',#1964,#2014);
#2014 = DEFINITIONAL_REPRESENTATION('',(#2015),#2019);
#2015 = LINE('',#2016,#2017);
#2016 = CARTESIAN_POINT('',(-7.105427357601E-15,1.6));
#2017 = VECTOR('',#2018,1.);
#2018 = DIRECTION('',(1.,0.));
#2019 = ( GEOMETRIC_REPRESENTATION_CONTEXT(2) 
PARAMETRIC_REPRESENTATION_CONTEXT() REPRESENTATION_CONTEXT('2D SPACE',''
  ) );
#2020 = PCURVE('',#66,#2021);
#2021 = DEFINITIONAL_REPRESENTATION('',(#2022),#2030);
#2022 = ( BOUNDED_CURVE() B_SPLINE_CURVE(2,(#2023,#2024,#2025,#2026,
#2027,#2028,#2029),.UNSPECIFIED.,.T.,.F.) B_SPLINE_CURVE_WITH_KNOTS((1,2
    ,2,2,2,1),(-2.094395102393,0.,2.094395102393,4.188790204786,
6.28318530718,8.377580409573),.UNSPECIFIED.) CURVE() 
GEOMETRIC_REPRESENTATION_ITEM() RATIONAL_B_SPLINE_CURVE((1.,0.5,1.,0.5,
1.,0.5,1.)) REPRESENTATION_ITEM('') );
#2023 = CARTESIAN_POINT('',(29.,27.5));
#2024 = CARTESIAN_POINT('',(29.,20.571796769725));
#2025 = CARTESIAN_POINT('',(23.,24.035898384862));
#2026 = CARTESIAN_POINT('',(17.,27.5));
#2027 = CARTESIAN_POINT('',(23.,30.964101615138));
#2028 = CARTESIAN_POINT('',(29.,34.428203230276));
#2029 = CARTESIAN_POINT('',(29.,27.5));
#2030 = ( GEOMETRIC_REPRESENTATION_CONTEXT(2) 
PARAMETRIC_REPRESENTATION_CONTEXT() REPRESENTATION_CONTEXT('2D SPACE',''
  ) );
#2031 = ORIENTED_EDGE('',*,*,#2032,.F.);
#2032 = EDGE_CURVE('',#1980,#2005,#2033,.T.);
#2033 = SURFACE_CURVE('',#2034,(#2038,#2045),.PCURVE_S1.);
#2034 = LINE('',#2035,#2036);
#2035 = CARTESIAN_POINT('',(2.603238914448E+03,1.755925007535E+03,
    133.35275542814));
#2036 = VECTOR('',#2037,1.);
#2037 = DIRECTION('',(1.836970198721E-16,2.449293598295E-16,-1.));
#2038 = PCURVE('',#1964,#2039);
#2039 = DEFINITIONAL_REPRESENTATION('',(#2040),#2044);
#2040 = LINE('',#2041,#2042);
#2041 = CARTESIAN_POINT('',(4.712388980385,0.));
#2042 = VECTOR('',#2043,1.);
#2043 = DIRECTION('',(0.,1.));
#2044 = ( GEOMETRIC_REPRESENTATION_CONTEXT(2) 
PARAMETRIC_REPRESENTATION_CONTEXT() REPRESENTATION_CONTEXT('2D SPACE',''
  ) );
#2045 = PCURVE('',#2046,#2051);
#2046 = PLANE('',#2047);
#2047 = AXIS2_PLACEMENT_3D('',#2048,#2049,#2050);
#2048 = CARTESIAN_POINT('',(2.603238914448E+03,1.705925007535E+03,
    133.35275542814));
#2049 = DIRECTION('',(-1.,1.224646799147E-16,-1.836970198721E-16));
#2050 = DIRECTION('',(1.224646799147E-16,1.,2.449293598295E-16));
#2051 = DEFINITIONAL_REPRESENTATION('',(#2052),#2056);
#2052 = LINE('',#2053,#2054);
#2053 = CARTESIAN_POINT('',(50.,1.224646799147E-14));
#2054 = VECTOR('',#2055,1.);
#2055 = DIRECTION('',(0.,1.));
#2056 = ( GEOMETRIC_REPRESENTATION_CONTEXT(2) 
PARAMETRIC_REPRESENTATION_CONTEXT() REPRESENTATION_CONTEXT('2D SPACE',''
  ) );
#2057 = ADVANCED_FACE('',(#2058),#2046,.T.);
#2058 = FACE_BOUND('',#2059,.T.);
#2059 = EDGE_LOOP('',(#2060,#2083,#2084,#2107));
#2060 = ORIENTED_EDGE('',*,*,#2061,.T.);
#2061 = EDGE_CURVE('',#2062,#1980,#2064,.T.);
#2062 = VERTEX_POINT('',#2063);
#2063 = CARTESIAN_POINT('',(2.603238914448E+03,1.705925007535E+03,
    133.35275542814));
#2064 = SURFACE_CURVE('',#2065,(#2069,#2076),.PCURVE_S1.);
#2065 = LINE('',#2066,#2067);
#2066 = CARTESIAN_POINT('',(2.603238914448E+03,1.705925007535E+03,
    133.35275542814));
#2067 = VECTOR('',#2068,1.);
#2068 = DIRECTION('',(1.224646799147E-16,1.,2.449293598295E-16));
#2069 = PCURVE('',#2046,#2070);
#2070 = DEFINITIONAL_REPRESENTATION('',(#2071),#2075);
#2071 = LINE('',#2072,#2073);
#2072 = CARTESIAN_POINT('',(0.,0.));
#2073 = VECTOR('',#2074,1.);
#2074 = DIRECTION('',(1.,0.));
#2075 = ( GEOMETRIC_REPRESENTATION_CONTEXT(2) 
PARAMETRIC_REPRESENTATION_CONTEXT() REPRESENTATION_CONTEXT('2D SPACE',''
  ) );
#2076 = PCURVE('',#94,#2077);
#2077 = DEFINITIONAL_REPRESENTATION('',(#2078),#2082);
#2078 = LINE('',#2079,#2080);
#2079 = CARTESIAN_POINT('',(-25.,31.5));
#2080 = VECTOR('',#2081,1.);
#2081 = DIRECTION('',(1.,4.311013096457E-33));
#2082 = ( GEOMETRIC_REPRESENTATION_CONTEXT(2) 
PARAMETRIC_REPRESENTATION_CONTEXT() REPRESENTATION_CONTEXT('2D SPACE',''
  ) );
#2083 = ORIENTED_EDGE('',*,*,#2032,.T.);
#2084 = ORIENTED_EDGE('',*,*,#2085,.F.);
#2085 = EDGE_CURVE('',#2086,#2005,#2088,.T.);
#2086 = VERTEX_POINT('',#2087);
#2087 = CARTESIAN_POINT('',(2.603238914448E+03,1.705925007535E+03,
    131.75275542814));
#2088 = SURFACE_CURVE('',#2089,(#2093,#2100),.PCURVE_S1.);
#2089 = LINE('',#2090,#2091);
#2090 = CARTESIAN_POINT('',(2.603238914448E+03,1.705925007535E+03,
    131.75275542814));
#2091 = VECTOR('',#2092,1.);
#2092 = DIRECTION('',(1.224646799147E-16,1.,2.449293598295E-16));
#2093 = PCURVE('',#2046,#2094);
#2094 = DEFINITIONAL_REPRESENTATION('',(#2095),#2099);
#2095 = LINE('',#2096,#2097);
#2096 = CARTESIAN_POINT('',(-3.918869757272E-16,1.6));
#2097 = VECTOR('',#2098,1.);
#2098 = DIRECTION('',(1.,0.));
#2099 = ( GEOMETRIC_REPRESENTATION_CONTEXT(2) 
PARAMETRIC_REPRESENTATION_CONTEXT() REPRESENTATION_CONTEXT('2D SPACE',''
  ) );
#2100 = PCURVE('',#66,#2101);
#2101 = DEFINITIONAL_REPRESENTATION('',(#2102),#2106);
#2102 = LINE('',#2103,#2104);
#2103 = CARTESIAN_POINT('',(-25.,31.5));
#2104 = VECTOR('',#2105,1.);
#2105 = DIRECTION('',(1.,4.311013096457E-33));
#2106 = ( GEOMETRIC_REPRESENTATION_CONTEXT(2) 
PARAMETRIC_REPRESENTATION_CONTEXT() REPRESENTATION_CONTEXT('2D SPACE',''
  ) );
#2107 = ORIENTED_EDGE('',*,*,#2108,.F.);
#2108 = EDGE_CURVE('',#2062,#2086,#2109,.T.);
#2109 = SURFACE_CURVE('',#2110,(#2114,#2121),.PCURVE_S1.);
#2110 = LINE('',#2111,#2112);
#2111 = CARTESIAN_POINT('',(2.603238914448E+03,1.705925007535E+03,
    133.35275542814));
#2112 = VECTOR('',#2113,1.);
#2113 = DIRECTION('',(1.836970198721E-16,2.449293598295E-16,-1.));
#2114 = PCURVE('',#2046,#2115);
#2115 = DEFINITIONAL_REPRESENTATION('',(#2116),#2120);
#2116 = LINE('',#2117,#2118);
#2117 = CARTESIAN_POINT('',(0.,0.));
#2118 = VECTOR('',#2119,1.);
#2119 = DIRECTION('',(0.,1.));
#2120 = ( GEOMETRIC_REPRESENTATION_CONTEXT(2) 
PARAMETRIC_REPRESENTATION_CONTEXT() REPRESENTATION_CONTEXT('2D SPACE',''
  ) );
#2121 = PCURVE('',#2122,#2127);
#2122 = CYLINDRICAL_SURFACE('',#2123,4.);
#2123 = AXIS2_PLACEMENT_3D('',#2124,#2125,#2126);
#2124 = CARTESIAN_POINT('',(2.607238914448E+03,1.705925007535E+03,
    133.35275542814));
#2125 = DIRECTION('',(1.836970198721E-16,2.449293598295E-16,-1.));
#2126 = DIRECTION('',(-1.,-6.982962677686E-15,-1.836970198721E-16));
#2127 = DEFINITIONAL_REPRESENTATION('',(#2128),#2132);
#2128 = LINE('',#2129,#2130);
#2129 = CARTESIAN_POINT('',(6.28318530718,0.));
#2130 = VECTOR('',#2131,1.);
#2131 = DIRECTION('',(0.,1.));
#2132 = ( GEOMETRIC_REPRESENTATION_CONTEXT(2) 
PARAMETRIC_REPRESENTATION_CONTEXT() REPRESENTATION_CONTEXT('2D SPACE',''
  ) );
#2133 = ADVANCED_FACE('',(#2134),#2122,.T.);
#2134 = FACE_BOUND('',#2135,.T.);
#2135 = EDGE_LOOP('',(#2136,#2160,#2161,#2189));
#2136 = ORIENTED_EDGE('',*,*,#2137,.F.);
#2137 = EDGE_CURVE('',#2062,#2138,#2140,.T.);
#2138 = VERTEX_POINT('',#2139);
#2139 = CARTESIAN_POINT('',(2.607238914448E+03,1.701925007535E+03,
    133.35275542814));
#2140 = SURFACE_CURVE('',#2141,(#2146,#2153),.PCURVE_S1.);
#2141 = CIRCLE('',#2142,4.);
#2142 = AXIS2_PLACEMENT_3D('',#2143,#2144,#2145);
#2143 = CARTESIAN_POINT('',(2.607238914448E+03,1.705925007535E+03,
    133.35275542814));
#2144 = DIRECTION('',(-1.836970198721E-16,-2.449293598295E-16,1.));
#2145 = DIRECTION('',(-1.,-6.982962677686E-15,-1.836970198721E-16));
#2146 = PCURVE('',#2122,#2147);
#2147 = DEFINITIONAL_REPRESENTATION('',(#2148),#2152);
#2148 = LINE('',#2149,#2150);
#2149 = CARTESIAN_POINT('',(6.28318530718,0.));
#2150 = VECTOR('',#2151,1.);
#2151 = DIRECTION('',(-1.,0.));
#2152 = ( GEOMETRIC_REPRESENTATION_CONTEXT(2) 
PARAMETRIC_REPRESENTATION_CONTEXT() REPRESENTATION_CONTEXT('2D SPACE',''
  ) );
#2153 = PCURVE('',#94,#2154);
#2154 = DEFINITIONAL_REPRESENTATION('',(#2155),#2159);
#2155 = CIRCLE('',#2156,4.);
#2156 = AXIS2_PLACEMENT_2D('',#2157,#2158);
#2157 = CARTESIAN_POINT('',(-25.,27.5));
#2158 = DIRECTION('',(-7.105427357601E-15,1.));
#2159 = ( GEOMETRIC_REPRESENTATION_CONTEXT(2) 
PARAMETRIC_REPRESENTATION_CONTEXT() REPRESENTATION_CONTEXT('2D SPACE',''
  ) );
#2160 = ORIENTED_EDGE('',*,*,#2108,.T.);
#2161 = ORIENTED_EDGE('',*,*,#2162,.F.);
#2162 = EDGE_CURVE('',#2163,#2086,#2165,.T.);
#2163 = VERTEX_POINT('',#2164);
#2164 = CARTESIAN_POINT('',(2.607238914448E+03,1.701925007535E+03,
    131.75275542814));
#2165 = SURFACE_CURVE('',#2166,(#2171,#2178),.PCURVE_S1.);
#2166 = CIRCLE('',#2167,4.);
#2167 = AXIS2_PLACEMENT_3D('',#2168,#2169,#2170);
#2168 = CARTESIAN_POINT('',(2.607238914448E+03,1.705925007535E+03,
    131.75275542814));
#2169 = DIRECTION('',(1.836970198721E-16,2.449293598295E-16,-1.));
#2170 = DIRECTION('',(-1.,-6.982962677686E-15,-1.836970198721E-16));
#2171 = PCURVE('',#2122,#2172);
#2172 = DEFINITIONAL_REPRESENTATION('',(#2173),#2177);
#2173 = LINE('',#2174,#2175);
#2174 = CARTESIAN_POINT('',(-7.105427357601E-15,1.6));
#2175 = VECTOR('',#2176,1.);
#2176 = DIRECTION('',(1.,0.));
#2177 = ( GEOMETRIC_REPRESENTATION_CONTEXT(2) 
PARAMETRIC_REPRESENTATION_CONTEXT() REPRESENTATION_CONTEXT('2D SPACE',''
  ) );
#2178 = PCURVE('',#66,#2179);
#2179 = DEFINITIONAL_REPRESENTATION('',(#2180),#2188);
#2180 = ( BOUNDED_CURVE() B_SPLINE_CURVE(2,(#2181,#2182,#2183,#2184,
#2185,#2186,#2187),.UNSPECIFIED.,.T.,.F.) B_SPLINE_CURVE_WITH_KNOTS((1,2
    ,2,2,2,1),(-2.094395102393,0.,2.094395102393,4.188790204786,
6.28318530718,8.377580409573),.UNSPECIFIED.) CURVE() 
GEOMETRIC_REPRESENTATION_ITEM() RATIONAL_B_SPLINE_CURVE((1.,0.5,1.,0.5,
1.,0.5,1.)) REPRESENTATION_ITEM('') );
#2181 = CARTESIAN_POINT('',(-25.,31.5));
#2182 = CARTESIAN_POINT('',(-18.07179676972,31.5));
#2183 = CARTESIAN_POINT('',(-21.53589838486,25.5));
#2184 = CARTESIAN_POINT('',(-25.,19.5));
#2185 = CARTESIAN_POINT('',(-28.46410161513,25.5));
#2186 = CARTESIAN_POINT('',(-31.92820323027,31.5));
#2187 = CARTESIAN_POINT('',(-25.,31.5));
#2188 = ( GEOMETRIC_REPRESENTATION_CONTEXT(2) 
PARAMETRIC_REPRESENTATION_CONTEXT() REPRESENTATION_CONTEXT('2D SPACE',''
  ) );
#2189 = ORIENTED_EDGE('',*,*,#2190,.F.);
#2190 = EDGE_CURVE('',#2138,#2163,#2191,.T.);
#2191 = SURFACE_CURVE('',#2192,(#2196,#2203),.PCURVE_S1.);
#2192 = LINE('',#2193,#2194);
#2193 = CARTESIAN_POINT('',(2.607238914448E+03,1.701925007535E+03,
    133.35275542814));
#2194 = VECTOR('',#2195,1.);
#2195 = DIRECTION('',(1.836970198721E-16,2.449293598295E-16,-1.));
#2196 = PCURVE('',#2122,#2197);
#2197 = DEFINITIONAL_REPRESENTATION('',(#2198),#2202);
#2198 = LINE('',#2199,#2200);
#2199 = CARTESIAN_POINT('',(4.712388980385,0.));
#2200 = VECTOR('',#2201,1.);
#2201 = DIRECTION('',(0.,1.));
#2202 = ( GEOMETRIC_REPRESENTATION_CONTEXT(2) 
PARAMETRIC_REPRESENTATION_CONTEXT() REPRESENTATION_CONTEXT('2D SPACE',''
  ) );
#2203 = PCURVE('',#2204,#2209);
#2204 = PLANE('',#2205);
#2205 = AXIS2_PLACEMENT_3D('',#2206,#2207,#2208);
#2206 = CARTESIAN_POINT('',(2.662238914448E+03,1.701925007535E+03,
    133.35275542814));
#2207 = DIRECTION('',(-1.224646799147E-16,-1.,-2.449293598295E-16));
#2208 = DIRECTION('',(-1.,1.224646799147E-16,-1.836970198721E-16));
#2209 = DEFINITIONAL_REPRESENTATION('',(#2210),#2214);
#2210 = LINE('',#2211,#2212);
#2211 = CARTESIAN_POINT('',(55.,-1.010333609297E-14));
#2212 = VECTOR('',#2213,1.);
#2213 = DIRECTION('',(2.465190328816E-32,1.));
#2214 = ( GEOMETRIC_REPRESENTATION_CONTEXT(2) 
PARAMETRIC_REPRESENTATION_CONTEXT() REPRESENTATION_CONTEXT('2D SPACE',''
  ) );
#2215 = ADVANCED_FACE('',(#2216),#2204,.T.);
#2216 = FACE_BOUND('',#2217,.T.);
#2217 = EDGE_LOOP('',(#2218,#2241,#2242,#2265));
#2218 = ORIENTED_EDGE('',*,*,#2219,.T.);
#2219 = EDGE_CURVE('',#2220,#2138,#2222,.T.);
#2220 = VERTEX_POINT('',#2221);
#2221 = CARTESIAN_POINT('',(2.662238914448E+03,1.701925007535E+03,
    133.35275542814));
#2222 = SURFACE_CURVE('',#2223,(#2227,#2234),.PCURVE_S1.);
#2223 = LINE('',#2224,#2225);
#2224 = CARTESIAN_POINT('',(2.662238914448E+03,1.701925007535E+03,
    133.35275542814));
#2225 = VECTOR('',#2226,1.);
#2226 = DIRECTION('',(-1.,1.224646799147E-16,-1.836970198721E-16));
#2227 = PCURVE('',#2204,#2228);
#2228 = DEFINITIONAL_REPRESENTATION('',(#2229),#2233);
#2229 = LINE('',#2230,#2231);
#2230 = CARTESIAN_POINT('',(0.,0.));
#2231 = VECTOR('',#2232,1.);
#2232 = DIRECTION('',(1.,0.));
#2233 = ( GEOMETRIC_REPRESENTATION_CONTEXT(2) 
PARAMETRIC_REPRESENTATION_CONTEXT() REPRESENTATION_CONTEXT('2D SPACE',''
  ) );
#2234 = PCURVE('',#94,#2235);
#2235 = DEFINITIONAL_REPRESENTATION('',(#2236),#2240);
#2236 = LINE('',#2237,#2238);
#2237 = CARTESIAN_POINT('',(-29.,-27.5));
#2238 = VECTOR('',#2239,1.);
#2239 = DIRECTION('',(-4.499279347986E-32,1.));
#2240 = ( GEOMETRIC_REPRESENTATION_CONTEXT(2) 
PARAMETRIC_REPRESENTATION_CONTEXT() REPRESENTATION_CONTEXT('2D SPACE',''
  ) );
#2241 = ORIENTED_EDGE('',*,*,#2190,.T.);
#2242 = ORIENTED_EDGE('',*,*,#2243,.F.);
#2243 = EDGE_CURVE('',#2244,#2163,#2246,.T.);
#2244 = VERTEX_POINT('',#2245);
#2245 = CARTESIAN_POINT('',(2.662238914448E+03,1.701925007535E+03,
    131.75275542814));
#2246 = SURFACE_CURVE('',#2247,(#2251,#2258),.PCURVE_S1.);
#2247 = LINE('',#2248,#2249);
#2248 = CARTESIAN_POINT('',(2.662238914448E+03,1.701925007535E+03,
    131.75275542814));
#2249 = VECTOR('',#2250,1.);
#2250 = DIRECTION('',(-1.,1.224646799147E-16,-1.836970198721E-16));
#2251 = PCURVE('',#2204,#2252);
#2252 = DEFINITIONAL_REPRESENTATION('',(#2253),#2257);
#2253 = LINE('',#2254,#2255);
#2254 = CARTESIAN_POINT('',(2.939152317954E-16,1.6));
#2255 = VECTOR('',#2256,1.);
#2256 = DIRECTION('',(1.,0.));
#2257 = ( GEOMETRIC_REPRESENTATION_CONTEXT(2) 
PARAMETRIC_REPRESENTATION_CONTEXT() REPRESENTATION_CONTEXT('2D SPACE',''
  ) );
#2258 = PCURVE('',#66,#2259);
#2259 = DEFINITIONAL_REPRESENTATION('',(#2260),#2264);
#2260 = LINE('',#2261,#2262);
#2261 = CARTESIAN_POINT('',(-29.,-27.5));
#2262 = VECTOR('',#2263,1.);
#2263 = DIRECTION('',(-4.499279347986E-32,1.));
#2264 = ( GEOMETRIC_REPRESENTATION_CONTEXT(2) 
PARAMETRIC_REPRESENTATION_CONTEXT() REPRESENTATION_CONTEXT('2D SPACE',''
  ) );
#2265 = ORIENTED_EDGE('',*,*,#2266,.F.);
#2266 = EDGE_CURVE('',#2220,#2244,#2267,.T.);
#2267 = SURFACE_CURVE('',#2268,(#2272,#2279),.PCURVE_S1.);
#2268 = LINE('',#2269,#2270);
#2269 = CARTESIAN_POINT('',(2.662238914448E+03,1.701925007535E+03,
    133.35275542814));
#2270 = VECTOR('',#2271,1.);
#2271 = DIRECTION('',(1.836970198721E-16,2.449293598295E-16,-1.));
#2272 = PCURVE('',#2204,#2273);
#2273 = DEFINITIONAL_REPRESENTATION('',(#2274),#2278);
#2274 = LINE('',#2275,#2276);
#2275 = CARTESIAN_POINT('',(0.,0.));
#2276 = VECTOR('',#2277,1.);
#2277 = DIRECTION('',(2.465190328816E-32,1.));
#2278 = ( GEOMETRIC_REPRESENTATION_CONTEXT(2) 
PARAMETRIC_REPRESENTATION_CONTEXT() REPRESENTATION_CONTEXT('2D SPACE',''
  ) );
#2279 = PCURVE('',#2280,#2285);
#2280 = CYLINDRICAL_SURFACE('',#2281,4.);
#2281 = AXIS2_PLACEMENT_3D('',#2282,#2283,#2284);
#2282 = CARTESIAN_POINT('',(2.662238914448E+03,1.705925007535E+03,
    133.35275542814));
#2283 = DIRECTION('',(1.836970198721E-16,2.449293598295E-16,-1.));
#2284 = DIRECTION('',(3.430248998886E-15,-1.,-2.449293598295E-16));
#2285 = DEFINITIONAL_REPRESENTATION('',(#2286),#2290);
#2286 = LINE('',#2287,#2288);
#2287 = CARTESIAN_POINT('',(6.28318530718,0.));
#2288 = VECTOR('',#2289,1.);
#2289 = DIRECTION('',(0.,1.));
#2290 = ( GEOMETRIC_REPRESENTATION_CONTEXT(2) 
PARAMETRIC_REPRESENTATION_CONTEXT() REPRESENTATION_CONTEXT('2D SPACE',''
  ) );
#2291 = ADVANCED_FACE('',(#2292),#2280,.T.);
#2292 = FACE_BOUND('',#2293,.T.);
#2293 = EDGE_LOOP('',(#2294,#2318,#2319,#2347));
#2294 = ORIENTED_EDGE('',*,*,#2295,.F.);
#2295 = EDGE_CURVE('',#2220,#2296,#2298,.T.);
#2296 = VERTEX_POINT('',#2297);
#2297 = CARTESIAN_POINT('',(2.666238914448E+03,1.705925007535E+03,
    133.35275542814));
#2298 = SURFACE_CURVE('',#2299,(#2304,#2311),.PCURVE_S1.);
#2299 = CIRCLE('',#2300,4.);
#2300 = AXIS2_PLACEMENT_3D('',#2301,#2302,#2303);
#2301 = CARTESIAN_POINT('',(2.662238914448E+03,1.705925007535E+03,
    133.35275542814));
#2302 = DIRECTION('',(-1.836970198721E-16,-2.449293598295E-16,1.));
#2303 = DIRECTION('',(3.430248998886E-15,-1.,-2.449293598295E-16));
#2304 = PCURVE('',#2280,#2305);
#2305 = DEFINITIONAL_REPRESENTATION('',(#2306),#2310);
#2306 = LINE('',#2307,#2308);
#2307 = CARTESIAN_POINT('',(6.28318530718,0.));
#2308 = VECTOR('',#2309,1.);
#2309 = DIRECTION('',(-1.,0.));
#2310 = ( GEOMETRIC_REPRESENTATION_CONTEXT(2) 
PARAMETRIC_REPRESENTATION_CONTEXT() REPRESENTATION_CONTEXT('2D SPACE',''
  ) );
#2311 = PCURVE('',#94,#2312);
#2312 = DEFINITIONAL_REPRESENTATION('',(#2313),#2317);
#2313 = CIRCLE('',#2314,4.);
#2314 = AXIS2_PLACEMENT_2D('',#2315,#2316);
#2315 = CARTESIAN_POINT('',(-25.,-27.5));
#2316 = DIRECTION('',(-1.,-3.5527136788E-15));
#2317 = ( GEOMETRIC_REPRESENTATION_CONTEXT(2) 
PARAMETRIC_REPRESENTATION_CONTEXT() REPRESENTATION_CONTEXT('2D SPACE',''
  ) );
#2318 = ORIENTED_EDGE('',*,*,#2266,.T.);
#2319 = ORIENTED_EDGE('',*,*,#2320,.F.);
#2320 = EDGE_CURVE('',#2321,#2244,#2323,.T.);
#2321 = VERTEX_POINT('',#2322);
#2322 = CARTESIAN_POINT('',(2.666238914448E+03,1.705925007535E+03,
    131.75275542814));
#2323 = SURFACE_CURVE('',#2324,(#2329,#2336),.PCURVE_S1.);
#2324 = CIRCLE('',#2325,4.);
#2325 = AXIS2_PLACEMENT_3D('',#2326,#2327,#2328);
#2326 = CARTESIAN_POINT('',(2.662238914448E+03,1.705925007535E+03,
    131.75275542814));
#2327 = DIRECTION('',(1.836970198721E-16,2.449293598295E-16,-1.));
#2328 = DIRECTION('',(3.430248998886E-15,-1.,-2.449293598295E-16));
#2329 = PCURVE('',#2280,#2330);
#2330 = DEFINITIONAL_REPRESENTATION('',(#2331),#2335);
#2331 = LINE('',#2332,#2333);
#2332 = CARTESIAN_POINT('',(-3.552713678801E-15,1.6));
#2333 = VECTOR('',#2334,1.);
#2334 = DIRECTION('',(1.,0.));
#2335 = ( GEOMETRIC_REPRESENTATION_CONTEXT(2) 
PARAMETRIC_REPRESENTATION_CONTEXT() REPRESENTATION_CONTEXT('2D SPACE',''
  ) );
#2336 = PCURVE('',#66,#2337);
#2337 = DEFINITIONAL_REPRESENTATION('',(#2338),#2346);
#2338 = ( BOUNDED_CURVE() B_SPLINE_CURVE(2,(#2339,#2340,#2341,#2342,
#2343,#2344,#2345),.UNSPECIFIED.,.T.,.F.) B_SPLINE_CURVE_WITH_KNOTS((1,2
    ,2,2,2,1),(-2.094395102393,0.,2.094395102393,4.188790204786,
6.28318530718,8.377580409573),.UNSPECIFIED.) CURVE() 
GEOMETRIC_REPRESENTATION_ITEM() RATIONAL_B_SPLINE_CURVE((1.,0.5,1.,0.5,
1.,0.5,1.)) REPRESENTATION_ITEM('') );
#2339 = CARTESIAN_POINT('',(-29.,-27.5));
#2340 = CARTESIAN_POINT('',(-29.,-20.57179676972));
#2341 = CARTESIAN_POINT('',(-23.,-24.03589838486));
#2342 = CARTESIAN_POINT('',(-17.,-27.5));
#2343 = CARTESIAN_POINT('',(-23.,-30.96410161513));
#2344 = CARTESIAN_POINT('',(-29.,-34.42820323027));
#2345 = CARTESIAN_POINT('',(-29.,-27.5));
#2346 = ( GEOMETRIC_REPRESENTATION_CONTEXT(2) 
PARAMETRIC_REPRESENTATION_CONTEXT() REPRESENTATION_CONTEXT('2D SPACE',''
  ) );
#2347 = ORIENTED_EDGE('',*,*,#2348,.F.);
#2348 = EDGE_CURVE('',#2296,#2321,#2349,.T.);
#2349 = SURFACE_CURVE('',#2350,(#2354,#2361),.PCURVE_S1.);
#2350 = LINE('',#2351,#2352);
#2351 = CARTESIAN_POINT('',(2.666238914448E+03,1.705925007535E+03,
    133.35275542814));
#2352 = VECTOR('',#2353,1.);
#2353 = DIRECTION('',(1.836970198721E-16,2.449293598295E-16,-1.));
#2354 = PCURVE('',#2280,#2355);
#2355 = DEFINITIONAL_REPRESENTATION('',(#2356),#2360);
#2356 = LINE('',#2357,#2358);
#2357 = CARTESIAN_POINT('',(4.712388980385,0.));
#2358 = VECTOR('',#2359,1.);
#2359 = DIRECTION('',(0.,1.));
#2360 = ( GEOMETRIC_REPRESENTATION_CONTEXT(2) 
PARAMETRIC_REPRESENTATION_CONTEXT() REPRESENTATION_CONTEXT('2D SPACE',''
  ) );
#2361 = PCURVE('',#2362,#2367);
#2362 = PLANE('',#2363);
#2363 = AXIS2_PLACEMENT_3D('',#2364,#2365,#2366);
#2364 = CARTESIAN_POINT('',(2.666238914448E+03,1.755925007535E+03,
    133.35275542814));
#2365 = DIRECTION('',(1.,-1.224646799147E-16,1.836970198721E-16));
#2366 = DIRECTION('',(-1.224646799147E-16,-1.,-2.449293598295E-16));
#2367 = DEFINITIONAL_REPRESENTATION('',(#2368),#2372);
#2368 = LINE('',#2369,#2370);
#2369 = CARTESIAN_POINT('',(50.,-1.224646799147E-14));
#2370 = VECTOR('',#2371,1.);
#2371 = DIRECTION('',(0.,1.));
#2372 = ( GEOMETRIC_REPRESENTATION_CONTEXT(2) 
PARAMETRIC_REPRESENTATION_CONTEXT() REPRESENTATION_CONTEXT('2D SPACE',''
  ) );
#2373 = ADVANCED_FACE('',(#2374),#2362,.T.);
#2374 = FACE_BOUND('',#2375,.T.);
#2375 = EDGE_LOOP('',(#2376,#2399,#2400,#2423));
#2376 = ORIENTED_EDGE('',*,*,#2377,.T.);
#2377 = EDGE_CURVE('',#2378,#2296,#2380,.T.);
#2378 = VERTEX_POINT('',#2379);
#2379 = CARTESIAN_POINT('',(2.666238914448E+03,1.755925007535E+03,
    133.35275542814));
#2380 = SURFACE_CURVE('',#2381,(#2385,#2392),.PCURVE_S1.);
#2381 = LINE('',#2382,#2383);
#2382 = CARTESIAN_POINT('',(2.666238914448E+03,1.755925007535E+03,
    133.35275542814));
#2383 = VECTOR('',#2384,1.);
#2384 = DIRECTION('',(-1.224646799147E-16,-1.,-2.449293598295E-16));
#2385 = PCURVE('',#2362,#2386);
#2386 = DEFINITIONAL_REPRESENTATION('',(#2387),#2391);
#2387 = LINE('',#2388,#2389);
#2388 = CARTESIAN_POINT('',(-0.,0.));
#2389 = VECTOR('',#2390,1.);
#2390 = DIRECTION('',(1.,0.));
#2391 = ( GEOMETRIC_REPRESENTATION_CONTEXT(2) 
PARAMETRIC_REPRESENTATION_CONTEXT() REPRESENTATION_CONTEXT('2D SPACE',''
  ) );
#2392 = PCURVE('',#94,#2393);
#2393 = DEFINITIONAL_REPRESENTATION('',(#2394),#2398);
#2394 = LINE('',#2395,#2396);
#2395 = CARTESIAN_POINT('',(25.,-31.5));
#2396 = VECTOR('',#2397,1.);
#2397 = DIRECTION('',(-1.,-4.311013096457E-33));
#2398 = ( GEOMETRIC_REPRESENTATION_CONTEXT(2) 
PARAMETRIC_REPRESENTATION_CONTEXT() REPRESENTATION_CONTEXT('2D SPACE',''
  ) );
#2399 = ORIENTED_EDGE('',*,*,#2348,.T.);
#2400 = ORIENTED_EDGE('',*,*,#2401,.F.);
#2401 = EDGE_CURVE('',#2402,#2321,#2404,.T.);
#2402 = VERTEX_POINT('',#2403);
#2403 = CARTESIAN_POINT('',(2.666238914448E+03,1.755925007535E+03,
    131.75275542814));
#2404 = SURFACE_CURVE('',#2405,(#2409,#2416),.PCURVE_S1.);
#2405 = LINE('',#2406,#2407);
#2406 = CARTESIAN_POINT('',(2.666238914448E+03,1.755925007535E+03,
    131.75275542814));
#2407 = VECTOR('',#2408,1.);
#2408 = DIRECTION('',(-1.224646799147E-16,-1.,-2.449293598295E-16));
#2409 = PCURVE('',#2362,#2410);
#2410 = DEFINITIONAL_REPRESENTATION('',(#2411),#2415);
#2411 = LINE('',#2412,#2413);
#2412 = CARTESIAN_POINT('',(3.918869757272E-16,1.6));
#2413 = VECTOR('',#2414,1.);
#2414 = DIRECTION('',(1.,0.));
#2415 = ( GEOMETRIC_REPRESENTATION_CONTEXT(2) 
PARAMETRIC_REPRESENTATION_CONTEXT() REPRESENTATION_CONTEXT('2D SPACE',''
  ) );
#2416 = PCURVE('',#66,#2417);
#2417 = DEFINITIONAL_REPRESENTATION('',(#2418),#2422);
#2418 = LINE('',#2419,#2420);
#2419 = CARTESIAN_POINT('',(25.,-31.5));
#2420 = VECTOR('',#2421,1.);
#2421 = DIRECTION('',(-1.,-4.311013096457E-33));
#2422 = ( GEOMETRIC_REPRESENTATION_CONTEXT(2) 
PARAMETRIC_REPRESENTATION_CONTEXT() REPRESENTATION_CONTEXT('2D SPACE',''
  ) );
#2423 = ORIENTED_EDGE('',*,*,#2424,.F.);
#2424 = EDGE_CURVE('',#2378,#2402,#2425,.T.);
#2425 = SURFACE_CURVE('',#2426,(#2430,#2437),.PCURVE_S1.);
#2426 = LINE('',#2427,#2428);
#2427 = CARTESIAN_POINT('',(2.666238914448E+03,1.755925007535E+03,
    133.35275542814));
#2428 = VECTOR('',#2429,1.);
#2429 = DIRECTION('',(1.836970198721E-16,2.449293598295E-16,-1.));
#2430 = PCURVE('',#2362,#2431);
#2431 = DEFINITIONAL_REPRESENTATION('',(#2432),#2436);
#2432 = LINE('',#2433,#2434);
#2433 = CARTESIAN_POINT('',(-0.,0.));
#2434 = VECTOR('',#2435,1.);
#2435 = DIRECTION('',(0.,1.));
#2436 = ( GEOMETRIC_REPRESENTATION_CONTEXT(2) 
PARAMETRIC_REPRESENTATION_CONTEXT() REPRESENTATION_CONTEXT('2D SPACE',''
  ) );
#2437 = PCURVE('',#1915,#2438);
#2438 = DEFINITIONAL_REPRESENTATION('',(#2439),#2443);
#2439 = LINE('',#2440,#2441);
#2440 = CARTESIAN_POINT('',(6.28318530718,0.));
#2441 = VECTOR('',#2442,1.);
#2442 = DIRECTION('',(0.,1.));
#2443 = ( GEOMETRIC_REPRESENTATION_CONTEXT(2) 
PARAMETRIC_REPRESENTATION_CONTEXT() REPRESENTATION_CONTEXT('2D SPACE',''
  ) );
#2444 = ADVANCED_FACE('',(#2445),#1915,.T.);
#2445 = FACE_BOUND('',#2446,.T.);
#2446 = EDGE_LOOP('',(#2447,#2469,#2470,#2496));
#2447 = ORIENTED_EDGE('',*,*,#2448,.F.);
#2448 = EDGE_CURVE('',#2378,#1872,#2449,.T.);
#2449 = SURFACE_CURVE('',#2450,(#2455,#2462),.PCURVE_S1.);
#2450 = CIRCLE('',#2451,4.);
#2451 = AXIS2_PLACEMENT_3D('',#2452,#2453,#2454);
#2452 = CARTESIAN_POINT('',(2.662238914448E+03,1.755925007535E+03,
    133.35275542814));
#2453 = DIRECTION('',(-1.836970198721E-16,-2.449293598295E-16,1.));
#2454 = DIRECTION('',(1.,6.982962677686E-15,1.836970198721E-16));
#2455 = PCURVE('',#1915,#2456);
#2456 = DEFINITIONAL_REPRESENTATION('',(#2457),#2461);
#2457 = LINE('',#2458,#2459);
#2458 = CARTESIAN_POINT('',(6.28318530718,0.));
#2459 = VECTOR('',#2460,1.);
#2460 = DIRECTION('',(-1.,0.));
#2461 = ( GEOMETRIC_REPRESENTATION_CONTEXT(2) 
PARAMETRIC_REPRESENTATION_CONTEXT() REPRESENTATION_CONTEXT('2D SPACE',''
  ) );
#2462 = PCURVE('',#94,#2463);
#2463 = DEFINITIONAL_REPRESENTATION('',(#2464),#2468);
#2464 = CIRCLE('',#2465,4.);
#2465 = AXIS2_PLACEMENT_2D('',#2466,#2467);
#2466 = CARTESIAN_POINT('',(25.,-27.5));
#2467 = DIRECTION('',(7.105427357601E-15,-1.));
#2468 = ( GEOMETRIC_REPRESENTATION_CONTEXT(2) 
PARAMETRIC_REPRESENTATION_CONTEXT() REPRESENTATION_CONTEXT('2D SPACE',''
  ) );
#2469 = ORIENTED_EDGE('',*,*,#2424,.T.);
#2470 = ORIENTED_EDGE('',*,*,#2471,.F.);
#2471 = EDGE_CURVE('',#1900,#2402,#2472,.T.);
#2472 = SURFACE_CURVE('',#2473,(#2478,#2485),.PCURVE_S1.);
#2473 = CIRCLE('',#2474,4.);
#2474 = AXIS2_PLACEMENT_3D('',#2475,#2476,#2477);
#2475 = CARTESIAN_POINT('',(2.662238914448E+03,1.755925007535E+03,
    131.75275542814));
#2476 = DIRECTION('',(1.836970198721E-16,2.449293598295E-16,-1.));
#2477 = DIRECTION('',(1.,6.982962677686E-15,1.836970198721E-16));
#2478 = PCURVE('',#1915,#2479);
#2479 = DEFINITIONAL_REPRESENTATION('',(#2480),#2484);
#2480 = LINE('',#2481,#2482);
#2481 = CARTESIAN_POINT('',(-7.105427357601E-15,1.6));
#2482 = VECTOR('',#2483,1.);
#2483 = DIRECTION('',(1.,0.));
#2484 = ( GEOMETRIC_REPRESENTATION_CONTEXT(2) 
PARAMETRIC_REPRESENTATION_CONTEXT() REPRESENTATION_CONTEXT('2D SPACE',''
  ) );
#2485 = PCURVE('',#66,#2486);
#2486 = DEFINITIONAL_REPRESENTATION('',(#2487),#2495);
#2487 = ( BOUNDED_CURVE() B_SPLINE_CURVE(2,(#2488,#2489,#2490,#2491,
#2492,#2493,#2494),.UNSPECIFIED.,.T.,.F.) B_SPLINE_CURVE_WITH_KNOTS((1,2
    ,2,2,2,1),(-2.094395102393,0.,2.094395102393,4.188790204786,
6.28318530718,8.377580409573),.UNSPECIFIED.) CURVE() 
GEOMETRIC_REPRESENTATION_ITEM() RATIONAL_B_SPLINE_CURVE((1.,0.5,1.,0.5,
1.,0.5,1.)) REPRESENTATION_ITEM('') );
#2488 = CARTESIAN_POINT('',(25.,-31.5));
#2489 = CARTESIAN_POINT('',(18.071796769725,-31.5));
#2490 = CARTESIAN_POINT('',(21.535898384862,-25.5));
#2491 = CARTESIAN_POINT('',(25.,-19.5));
#2492 = CARTESIAN_POINT('',(28.464101615138,-25.5));
#2493 = CARTESIAN_POINT('',(31.928203230276,-31.5));
#2494 = CARTESIAN_POINT('',(25.,-31.5));
#2495 = ( GEOMETRIC_REPRESENTATION_CONTEXT(2) 
PARAMETRIC_REPRESENTATION_CONTEXT() REPRESENTATION_CONTEXT('2D SPACE',''
  ) );
#2496 = ORIENTED_EDGE('',*,*,#1899,.F.);
#2497 = ADVANCED_FACE('',(#2498,#2508,#2511,#2514,#2520,#2526,#2532,
    #2538,#2541,#2544,#2547,#2550),#94,.T.);
#2498 = FACE_BOUND('',#2499,.T.);
#2499 = EDGE_LOOP('',(#2500,#2501,#2502,#2503,#2504,#2505,#2506,#2507));
#2500 = ORIENTED_EDGE('',*,*,#2448,.T.);
#2501 = ORIENTED_EDGE('',*,*,#1869,.F.);
#2502 = ORIENTED_EDGE('',*,*,#1979,.T.);
#2503 = ORIENTED_EDGE('',*,*,#2061,.F.);
#2504 = ORIENTED_EDGE('',*,*,#2137,.T.);
#2505 = ORIENTED_EDGE('',*,*,#2219,.F.);
#2506 = ORIENTED_EDGE('',*,*,#2295,.T.);
#2507 = ORIENTED_EDGE('',*,*,#2377,.F.);
#2508 = FACE_BOUND('',#2509,.T.);
#2509 = EDGE_LOOP('',(#2510));
#2510 = ORIENTED_EDGE('',*,*,#79,.T.);
#2511 = FACE_BOUND('',#2512,.T.);
#2512 = EDGE_LOOP('',(#2513));
#2513 = ORIENTED_EDGE('',*,*,#166,.T.);
#2514 = FACE_BOUND('',#2515,.T.);
#2515 = EDGE_LOOP('',(#2516,#2517,#2518,#2519));
#2516 = ORIENTED_EDGE('',*,*,#387,.T.);
#2517 = ORIENTED_EDGE('',*,*,#482,.T.);
#2518 = ORIENTED_EDGE('',*,*,#195,.T.);
#2519 = ORIENTED_EDGE('',*,*,#358,.T.);
#2520 = FACE_BOUND('',#2521,.T.);
#2521 = EDGE_LOOP('',(#2522,#2523,#2524,#2525));
#2522 = ORIENTED_EDGE('',*,*,#751,.T.);
#2523 = ORIENTED_EDGE('',*,*,#780,.T.);
#2524 = ORIENTED_EDGE('',*,*,#598,.T.);
#2525 = ORIENTED_EDGE('',*,*,#627,.T.);
#2526 = FACE_BOUND('',#2527,.T.);
#2527 = EDGE_LOOP('',(#2528,#2529,#2530,#2531));
#2528 = ORIENTED_EDGE('',*,*,#1019,.T.);
#2529 = ORIENTED_EDGE('',*,*,#1114,.T.);
#2530 = ORIENTED_EDGE('',*,*,#827,.T.);
#2531 = ORIENTED_EDGE('',*,*,#990,.T.);
#2532 = FACE_BOUND('',#2533,.T.);
#2533 = EDGE_LOOP('',(#2534,#2535,#2536,#2537));
#2534 = ORIENTED_EDGE('',*,*,#1335,.T.);
#2535 = ORIENTED_EDGE('',*,*,#1430,.T.);
#2536 = ORIENTED_EDGE('',*,*,#1143,.T.);
#2537 = ORIENTED_EDGE('',*,*,#1306,.T.);
#2538 = FACE_BOUND('',#2539,.T.);
#2539 = EDGE_LOOP('',(#2540));
#2540 = ORIENTED_EDGE('',*,*,#1489,.T.);
#2541 = FACE_BOUND('',#2542,.T.);
#2542 = EDGE_LOOP('',(#2543));
#2543 = ORIENTED_EDGE('',*,*,#1594,.T.);
#2544 = FACE_BOUND('',#2545,.T.);
#2545 = EDGE_LOOP('',(#2546));
#2546 = ORIENTED_EDGE('',*,*,#1676,.T.);
#2547 = FACE_BOUND('',#2548,.T.);
#2548 = EDGE_LOOP('',(#2549));
#2549 = ORIENTED_EDGE('',*,*,#1758,.T.);
#2550 = FACE_BOUND('',#2551,.T.);
#2551 = EDGE_LOOP('',(#2552));
#2552 = ORIENTED_EDGE('',*,*,#1840,.T.);
#2553 = ADVANCED_FACE('',(#2554,#2564,#2567,#2570,#2576,#2582,#2588,
    #2594,#2597,#2600,#2603,#2606),#66,.F.);
#2554 = FACE_BOUND('',#2555,.T.);
#2555 = EDGE_LOOP('',(#2556,#2557,#2558,#2559,#2560,#2561,#2562,#2563));
#2556 = ORIENTED_EDGE('',*,*,#2471,.T.);
#2557 = ORIENTED_EDGE('',*,*,#2401,.T.);
#2558 = ORIENTED_EDGE('',*,*,#2320,.T.);
#2559 = ORIENTED_EDGE('',*,*,#2243,.T.);
#2560 = ORIENTED_EDGE('',*,*,#2162,.T.);
#2561 = ORIENTED_EDGE('',*,*,#2085,.T.);
#2562 = ORIENTED_EDGE('',*,*,#2004,.T.);
#2563 = ORIENTED_EDGE('',*,*,#1927,.T.);
#2564 = FACE_BOUND('',#2565,.T.);
#2565 = EDGE_LOOP('',(#2566));
#2566 = ORIENTED_EDGE('',*,*,#51,.T.);
#2567 = FACE_BOUND('',#2568,.T.);
#2568 = EDGE_LOOP('',(#2569));
#2569 = ORIENTED_EDGE('',*,*,#143,.T.);
#2570 = FACE_BOUND('',#2571,.T.);
#2571 = EDGE_LOOP('',(#2572,#2573,#2574,#2575));
#2572 = ORIENTED_EDGE('',*,*,#411,.T.);
#2573 = ORIENTED_EDGE('',*,*,#335,.T.);
#2574 = ORIENTED_EDGE('',*,*,#253,.T.);
#2575 = ORIENTED_EDGE('',*,*,#459,.T.);
#2576 = FACE_BOUND('',#2577,.T.);
#2577 = EDGE_LOOP('',(#2578,#2579,#2580,#2581));
#2578 = ORIENTED_EDGE('',*,*,#728,.T.);
#2579 = ORIENTED_EDGE('',*,*,#651,.T.);
#2580 = ORIENTED_EDGE('',*,*,#546,.T.);
#2581 = ORIENTED_EDGE('',*,*,#802,.T.);
#2582 = FACE_BOUND('',#2583,.T.);
#2583 = EDGE_LOOP('',(#2584,#2585,#2586,#2587));
#2584 = ORIENTED_EDGE('',*,*,#1043,.T.);
#2585 = ORIENTED_EDGE('',*,*,#967,.T.);
#2586 = ORIENTED_EDGE('',*,*,#885,.T.);
#2587 = ORIENTED_EDGE('',*,*,#1091,.T.);
#2588 = FACE_BOUND('',#2589,.T.);
#2589 = EDGE_LOOP('',(#2590,#2591,#2592,#2593));
#2590 = ORIENTED_EDGE('',*,*,#1359,.T.);
#2591 = ORIENTED_EDGE('',*,*,#1283,.T.);
#2592 = ORIENTED_EDGE('',*,*,#1201,.T.);
#2593 = ORIENTED_EDGE('',*,*,#1407,.T.);
#2594 = FACE_BOUND('',#2595,.T.);
#2595 = EDGE_LOOP('',(#2596));
#2596 = ORIENTED_EDGE('',*,*,#1516,.T.);
#2597 = FACE_BOUND('',#2598,.T.);
#2598 = EDGE_LOOP('',(#2599));
#2599 = ORIENTED_EDGE('',*,*,#1571,.T.);
#2600 = FACE_BOUND('',#2601,.T.);
#2601 = EDGE_LOOP('',(#2602));
#2602 = ORIENTED_EDGE('',*,*,#1653,.T.);
#2603 = FACE_BOUND('',#2604,.T.);
#2604 = EDGE_LOOP('',(#2605));
#2605 = ORIENTED_EDGE('',*,*,#1735,.T.);
#2606 = FACE_BOUND('',#2607,.T.);
#2607 = EDGE_LOOP('',(#2608));
#2608 = ORIENTED_EDGE('',*,*,#1817,.T.);
#2609 = ( GEOMETRIC_REPRESENTATION_CONTEXT(3) 
GLOBAL_UNCERTAINTY_ASSIGNED_CONTEXT((#2613)) 
GLOBAL_UNIT_ASSIGNED_CONTEXT((#2610,#2611,#2612)) REPRESENTATION_CONTEXT
('Context #1','3D Context with UNIT and UNCERTAINTY') );
#2610 = ( LENGTH_UNIT() NAMED_UNIT(*) SI_UNIT(.MILLI.,.METRE.) );
#2611 = ( NAMED_UNIT(*) PLANE_ANGLE_UNIT() SI_UNIT($,.RADIAN.) );
#2612 = ( NAMED_UNIT(*) SI_UNIT($,.STERADIAN.) SOLID_ANGLE_UNIT() );
#2613 = UNCERTAINTY_MEASURE_WITH_UNIT(LENGTH_MEASURE(1.E-07),#2610,
  'distance_accuracy_value','confusion accuracy');
#2614 = PRODUCT_RELATED_PRODUCT_CATEGORY('part',$,(#7));
ENDSEC;
END-ISO-10303-21;
