ISO-10303-21;
HEADER;
FILE_DESCRIPTION(('Open CASCADE Model'),'2;1');
FILE_NAME('Open CASCADE Shape Model','2026-08-13T22:17:07',('Author'),(
    'Open CASCADE'),'Open CASCADE STEP processor 7.9','Open CASCADE 7.9'
  ,'Unknown');
FILE_SCHEMA(('AUTOMOTIVE_DESIGN { 1 0 10303 214 1 1 1 1 }'));
ENDSEC;
DATA;
#1 = APPLICATION_PROTOCOL_DEFINITION('international standard',
  'automotive_design',2000,#2);
#2 = APPLICATION_CONTEXT(
  'core data for automotive mechanical design processes');
#3 = SHAPE_DEFINITION_REPRESENTATION(#4,#10);
#4 = PRODUCT_DEFINITION_SHAPE('','',#5);
#5 = PRODUCT_DEFINITION('design','',#6,#9);
#6 = PRODUCT_DEFINITION_FORMATION('','',#7);
#7 = PRODUCT('Open CASCADE STEP translator 7.9 372',
  'Open CASCADE STEP translator 7.9 372','',(#8));
#8 = PRODUCT_CONTEXT('',#2,'mechanical');
#9 = PRODUCT_DEFINITION_CONTEXT('part definition',#2,'design');
#10 = ADVANCED_BREP_SHAPE_REPRESENTATION('',(#11,#15),#12237);
#11 = AXIS2_PLACEMENT_3D('',#12,#13,#14);
#12 = CARTESIAN_POINT('',(0.,0.,0.));
#13 = DIRECTION('',(0.,0.,1.));
#14 = DIRECTION('',(1.,0.,-0.));
#15 = MANIFOLD_SOLID_BREP('',#16);
#16 = CLOSED_SHELL('',(#17,#137,#219,#295,#371,#453,#529,#605,#687,#763,
    #839,#921,#997,#1073,#1155,#1231,#1307,#1378,#1431,#2117,#2239,#2315
    ,#4407,#4456,#6166,#6193,#6220,#6247,#6274,#6301,#6328,#6355,#6382,
    #6409,#6436,#6463,#6490,#6517,#6544,#6571,#6598,#6625,#6652,#6679,
    #6706,#6733,#6760,#6787,#6814,#6841,#6868,#6895,#6922,#6949,#6976,
    #7003,#7030,#7057,#7084,#7111,#7138,#7165,#7192,#7219,#7246,#7273,
    #7300,#7327,#7354,#7381,#7408,#7435,#7462,#7489,#7516,#7543,#7570,
    #7597,#7624,#7651,#7678,#7705,#7732,#7759,#7786,#7813,#7840,#7867,
    #7894,#7921,#7948,#7975,#8002,#8029,#8056,#8083,#8090,#8145,#8172,
    #8207,#8262,#8297,#9411,#9510,#9559,#9609,#9658,#9730,#9779,#9829,
    #9878,#9950,#9999,#10049,#10098,#10170,#10219,#10269,#10318,#10391,
    #10440,#10490,#10539,#10611,#10660,#10710,#10759,#10831,#10880,
    #10930,#10979,#11051,#11100,#11150,#11177,#11259,#11309,#11359,
    #11409,#11459,#11509,#11559,#11609,#11659,#11709,#11759,#11809,
    #11859,#11909,#11959,#12009,#12059,#12109,#12159));
#17 = ADVANCED_FACE('',(#18),#32,.F.);
#18 = FACE_BOUND('',#19,.T.);
#19 = EDGE_LOOP('',(#20,#55,#83,#111));
#20 = ORIENTED_EDGE('',*,*,#21,.T.);
#21 = EDGE_CURVE('',#22,#24,#26,.T.);
#22 = VERTEX_POINT('',#23);
#23 = CARTESIAN_POINT('',(-6.233258173483,3.598773284389,0.));
#24 = VERTEX_POINT('',#25);
#25 = CARTESIAN_POINT('',(-13.75042901431,2.576276286799,1.E-15));
#26 = SURFACE_CURVE('',#27,(#31,#43),.PCURVE_S1.);
#27 = LINE('',#28,#29);
#28 = CARTESIAN_POINT('',(-4.018706259482,3.9,5.2E-16));
#29 = VECTOR('',#30,1.);
#30 = DIRECTION('',(-0.990875494923,-0.134780390122,3.699999999999E-16)
  );
#31 = PCURVE('',#32,#37);
#32 = PLANE('',#33);
#33 = AXIS2_PLACEMENT_3D('',#34,#35,#36);
#34 = CARTESIAN_POINT('',(-4.018706259482,3.9,9.E-17));
#35 = DIRECTION('',(0.134780390122,-0.990875494923,2.8E-16));
#36 = DIRECTION('',(-0.990875494923,-0.134780390122,3.899999999999E-16)
  );
#37 = DEFINITIONAL_REPRESENTATION('',(#38),#42);
#38 = LINE('',#39,#40);
#39 = CARTESIAN_POINT('',(1.677E-31,-4.3E-16));
#40 = VECTOR('',#41,1.);
#41 = DIRECTION('',(1.,2.E-17));
#42 = ( GEOMETRIC_REPRESENTATION_CONTEXT(2) 
PARAMETRIC_REPRESENTATION_CONTEXT() REPRESENTATION_CONTEXT('2D SPACE',''
  ) );
#43 = PCURVE('',#44,#49);
#44 = PLANE('',#45);
#45 = AXIS2_PLACEMENT_3D('',#46,#47,#48);
#46 = CARTESIAN_POINT('',(-2.09E-15,3.E-16,1.29E-15));
#47 = DIRECTION('',(-1.1E-16,-2.2E-16,-1.));
#48 = DIRECTION('',(-1.,0.,1.1E-16));
#49 = DEFINITIONAL_REPRESENTATION('',(#50),#54);
#50 = LINE('',#51,#52);
#51 = CARTESIAN_POINT('',(4.018706259482,3.9));
#52 = VECTOR('',#53,1.);
#53 = DIRECTION('',(0.990875494923,-0.134780390122));
#54 = ( GEOMETRIC_REPRESENTATION_CONTEXT(2) 
PARAMETRIC_REPRESENTATION_CONTEXT() REPRESENTATION_CONTEXT('2D SPACE',''
  ) );
#55 = ORIENTED_EDGE('',*,*,#56,.T.);
#56 = EDGE_CURVE('',#24,#57,#59,.T.);
#57 = VERTEX_POINT('',#58);
#58 = CARTESIAN_POINT('',(-13.75042901431,2.576276286799,2.5));
#59 = SURFACE_CURVE('',#60,(#64,#71),.PCURVE_S1.);
#60 = LINE('',#61,#62);
#61 = CARTESIAN_POINT('',(-13.75042901431,2.576276286799,3.88E-15));
#62 = VECTOR('',#63,1.);
#63 = DIRECTION('',(3.4E-16,3.3E-16,1.));
#64 = PCURVE('',#32,#65);
#65 = DEFINITIONAL_REPRESENTATION('',(#66),#70);
#66 = LINE('',#67,#68);
#67 = CARTESIAN_POINT('',(9.821337599621,4.032166385277E-17));
#68 = VECTOR('',#69,1.);
#69 = DIRECTION('',(8.624802985919E-18,-1.));
#70 = ( GEOMETRIC_REPRESENTATION_CONTEXT(2) 
PARAMETRIC_REPRESENTATION_CONTEXT() REPRESENTATION_CONTEXT('2D SPACE',''
  ) );
#71 = PCURVE('',#72,#77);
#72 = CYLINDRICAL_SURFACE('',#73,2.6);
#73 = AXIS2_PLACEMENT_3D('',#74,#75,#76);
#74 = CARTESIAN_POINT('',(-13.4,-1.33E-15,4.62E-15));
#75 = DIRECTION('',(-3.4E-16,-3.3E-16,-1.));
#76 = DIRECTION('',(-1.,-1.E-16,3.4E-16));
#77 = DEFINITIONAL_REPRESENTATION('',(#78),#82);
#78 = LINE('',#79,#80);
#79 = CARTESIAN_POINT('',(1.435604499836,8.97469022173E-18));
#80 = VECTOR('',#81,1.);
#81 = DIRECTION('',(0.,-1.));
#82 = ( GEOMETRIC_REPRESENTATION_CONTEXT(2) 
PARAMETRIC_REPRESENTATION_CONTEXT() REPRESENTATION_CONTEXT('2D SPACE',''
  ) );
#83 = ORIENTED_EDGE('',*,*,#84,.F.);
#84 = EDGE_CURVE('',#85,#57,#87,.T.);
#85 = VERTEX_POINT('',#86);
#86 = CARTESIAN_POINT('',(-6.233258173483,3.598773284389,2.5));
#87 = SURFACE_CURVE('',#88,(#92,#99),.PCURVE_S1.);
#88 = LINE('',#89,#90);
#89 = CARTESIAN_POINT('',(-4.018706259482,3.9,2.5));
#90 = VECTOR('',#91,1.);
#91 = DIRECTION('',(-0.990875494923,-0.134780390122,3.699999999999E-16)
  );
#92 = PCURVE('',#32,#93);
#93 = DEFINITIONAL_REPRESENTATION('',(#94),#98);
#94 = LINE('',#95,#96);
#95 = CARTESIAN_POINT('',(8.552909660947E-16,-2.5));
#96 = VECTOR('',#97,1.);
#97 = DIRECTION('',(1.,2.E-17));
#98 = ( GEOMETRIC_REPRESENTATION_CONTEXT(2) 
PARAMETRIC_REPRESENTATION_CONTEXT() REPRESENTATION_CONTEXT('2D SPACE',''
  ) );
#99 = PCURVE('',#100,#105);
#100 = PLANE('',#101);
#101 = AXIS2_PLACEMENT_3D('',#102,#103,#104);
#102 = CARTESIAN_POINT('',(-1.32E-15,1.3E-16,2.5));
#103 = DIRECTION('',(1.1E-16,2.2E-16,1.));
#104 = DIRECTION('',(1.,0.,-1.1E-16));
#105 = DEFINITIONAL_REPRESENTATION('',(#106),#110);
#106 = LINE('',#107,#108);
#107 = CARTESIAN_POINT('',(-4.018706259482,3.9));
#108 = VECTOR('',#109,1.);
#109 = DIRECTION('',(-0.990875494923,-0.134780390122));
#110 = ( GEOMETRIC_REPRESENTATION_CONTEXT(2) 
PARAMETRIC_REPRESENTATION_CONTEXT() REPRESENTATION_CONTEXT('2D SPACE',''
  ) );
#111 = ORIENTED_EDGE('',*,*,#112,.F.);
#112 = EDGE_CURVE('',#22,#85,#113,.T.);
#113 = SURFACE_CURVE('',#114,(#118,#125),.PCURVE_S1.);
#114 = LINE('',#115,#116);
#115 = CARTESIAN_POINT('',(-6.233258173483,3.598773284389,3.8E-16));
#116 = VECTOR('',#117,1.);
#117 = DIRECTION('',(2.7E-16,4.5E-16,1.));
#118 = PCURVE('',#32,#119);
#119 = DEFINITIONAL_REPRESENTATION('',(#120),#124);
#120 = LINE('',#121,#122);
#121 = CARTESIAN_POINT('',(2.234944678063,5.816284244447E-16));
#122 = VECTOR('',#123,1.);
#123 = DIRECTION('',(6.181244081588E-17,-1.));
#124 = ( GEOMETRIC_REPRESENTATION_CONTEXT(2) 
PARAMETRIC_REPRESENTATION_CONTEXT() REPRESENTATION_CONTEXT('2D SPACE',''
  ) );
#125 = PCURVE('',#126,#131);
#126 = PLANE('',#127);
#127 = AXIS2_PLACEMENT_3D('',#128,#129,#130);
#128 = CARTESIAN_POINT('',(-5.3868522045,1.530301711059,1.7763568394E-15
    ));
#129 = DIRECTION('',(-0.925513545652,-0.378714505684,3.885780586186E-16)
  );
#130 = DIRECTION('',(-0.378714505684,0.925513545652,-5.551115123124E-17)
  );
#131 = DEFINITIONAL_REPRESENTATION('',(#132),#136);
#132 = LINE('',#133,#134);
#133 = CARTESIAN_POINT('',(2.234944678063,1.272292487382E-15));
#134 = VECTOR('',#135,1.);
#135 = DIRECTION('',(2.587170277774E-16,-1.));
#136 = ( GEOMETRIC_REPRESENTATION_CONTEXT(2) 
PARAMETRIC_REPRESENTATION_CONTEXT() REPRESENTATION_CONTEXT('2D SPACE',''
  ) );
#137 = ADVANCED_FACE('',(#138),#72,.T.);
#138 = FACE_BOUND('',#139,.T.);
#139 = EDGE_LOOP('',(#140,#141,#169,#197));
#140 = ORIENTED_EDGE('',*,*,#56,.F.);
#141 = ORIENTED_EDGE('',*,*,#142,.T.);
#142 = EDGE_CURVE('',#24,#143,#145,.T.);
#143 = VERTEX_POINT('',#144);
#144 = CARTESIAN_POINT('',(-13.75042901431,-2.576276286799,5.E-15));
#145 = SURFACE_CURVE('',#146,(#151,#158),.PCURVE_S1.);
#146 = CIRCLE('',#147,2.6);
#147 = AXIS2_PLACEMENT_3D('',#148,#149,#150);
#148 = CARTESIAN_POINT('',(-13.4,-1.33E-15,4.62E-15));
#149 = DIRECTION('',(3.4E-16,2.2E-16,1.));
#150 = DIRECTION('',(-1.,-1.E-16,3.4E-16));
#151 = PCURVE('',#72,#152);
#152 = DEFINITIONAL_REPRESENTATION('',(#153),#157);
#153 = LINE('',#154,#155);
#154 = CARTESIAN_POINT('',(6.28318530718,-1.240309809961E-15));
#155 = VECTOR('',#156,1.);
#156 = DIRECTION('',(-1.,1.974014372207E-16));
#157 = ( GEOMETRIC_REPRESENTATION_CONTEXT(2) 
PARAMETRIC_REPRESENTATION_CONTEXT() REPRESENTATION_CONTEXT('2D SPACE',''
  ) );
#158 = PCURVE('',#44,#159);
#159 = DEFINITIONAL_REPRESENTATION('',(#160),#168);
#160 = ( BOUNDED_CURVE() B_SPLINE_CURVE(2,(#161,#162,#163,#164,#165,#166
,#167),.UNSPECIFIED.,.T.,.F.) B_SPLINE_CURVE_WITH_KNOTS((1,2,2,2,2,1),(
    -2.094395102393,0.,2.094395102393,4.188790204786,6.28318530718,
8.377580409573),.UNSPECIFIED.) CURVE() GEOMETRIC_REPRESENTATION_ITEM() 
RATIONAL_B_SPLINE_CURVE((1.,0.5,1.,0.5,1.,0.5,1.)) REPRESENTATION_ITEM(
  '') );
#161 = CARTESIAN_POINT('',(16.,-1.89E-15));
#162 = CARTESIAN_POINT('',(16.,-4.503332099679));
#163 = CARTESIAN_POINT('',(12.1,-2.25166604984));
#164 = CARTESIAN_POINT('',(8.2,-1.746816335557E-15));
#165 = CARTESIAN_POINT('',(12.1,2.25166604984));
#166 = CARTESIAN_POINT('',(16.,4.503332099679));
#167 = CARTESIAN_POINT('',(16.,-1.89E-15));
#168 = ( GEOMETRIC_REPRESENTATION_CONTEXT(2) 
PARAMETRIC_REPRESENTATION_CONTEXT() REPRESENTATION_CONTEXT('2D SPACE',''
  ) );
#169 = ORIENTED_EDGE('',*,*,#170,.T.);
#170 = EDGE_CURVE('',#143,#171,#173,.T.);
#171 = VERTEX_POINT('',#172);
#172 = CARTESIAN_POINT('',(-13.75042901431,-2.576276286799,2.5));
#173 = SURFACE_CURVE('',#174,(#178,#185),.PCURVE_S1.);
#174 = LINE('',#175,#176);
#175 = CARTESIAN_POINT('',(-13.75042901431,-2.576276286799,5.6E-15));
#176 = VECTOR('',#177,1.);
#177 = DIRECTION('',(3.4E-16,3.3E-16,1.));
#178 = PCURVE('',#72,#179);
#179 = DEFINITIONAL_REPRESENTATION('',(#180),#184);
#180 = LINE('',#181,#182);
#181 = CARTESIAN_POINT('',(-1.435604499836,-1.068296049093E-17));
#182 = VECTOR('',#183,1.);
#183 = DIRECTION('',(0.,-1.));
#184 = ( GEOMETRIC_REPRESENTATION_CONTEXT(2) 
PARAMETRIC_REPRESENTATION_CONTEXT() REPRESENTATION_CONTEXT('2D SPACE',''
  ) );
#185 = PCURVE('',#186,#191);
#186 = PLANE('',#187);
#187 = AXIS2_PLACEMENT_3D('',#188,#189,#190);
#188 = CARTESIAN_POINT('',(-4.018706259482,-3.9,2.68E-15));
#189 = DIRECTION('',(-0.134780390122,-0.990875494923,3.799999999999E-16)
  );
#190 = DIRECTION('',(-0.990875494923,0.134780390122,2.999999999999E-16)
  );
#191 = DEFINITIONAL_REPRESENTATION('',(#192),#196);
#192 = LINE('',#193,#194);
#193 = CARTESIAN_POINT('',(9.821337599621,2.640127988407E-17));
#194 = VECTOR('',#195,1.);
#195 = DIRECTION('',(7.579860466439E-18,-1.));
#196 = ( GEOMETRIC_REPRESENTATION_CONTEXT(2) 
PARAMETRIC_REPRESENTATION_CONTEXT() REPRESENTATION_CONTEXT('2D SPACE',''
  ) );
#197 = ORIENTED_EDGE('',*,*,#198,.F.);
#198 = EDGE_CURVE('',#57,#171,#199,.T.);
#199 = SURFACE_CURVE('',#200,(#205,#212),.PCURVE_S1.);
#200 = CIRCLE('',#201,2.6);
#201 = AXIS2_PLACEMENT_3D('',#202,#203,#204);
#202 = CARTESIAN_POINT('',(-13.4,-8.881784197001E-16,2.5));
#203 = DIRECTION('',(3.4E-16,2.2E-16,1.));
#204 = DIRECTION('',(-1.,-1.E-16,3.4E-16));
#205 = PCURVE('',#72,#206);
#206 = DEFINITIONAL_REPRESENTATION('',(#207),#211);
#207 = LINE('',#208,#209);
#208 = CARTESIAN_POINT('',(6.28318530718,-2.5));
#209 = VECTOR('',#210,1.);
#210 = DIRECTION('',(-1.,0.));
#211 = ( GEOMETRIC_REPRESENTATION_CONTEXT(2) 
PARAMETRIC_REPRESENTATION_CONTEXT() REPRESENTATION_CONTEXT('2D SPACE',''
  ) );
#212 = PCURVE('',#100,#213);
#213 = DEFINITIONAL_REPRESENTATION('',(#214),#218);
#214 = CIRCLE('',#215,2.6);
#215 = AXIS2_PLACEMENT_2D('',#216,#217);
#216 = CARTESIAN_POINT('',(-13.4,-1.0181784197E-15));
#217 = DIRECTION('',(-1.,-1.E-16));
#218 = ( GEOMETRIC_REPRESENTATION_CONTEXT(2) 
PARAMETRIC_REPRESENTATION_CONTEXT() REPRESENTATION_CONTEXT('2D SPACE',''
  ) );
#219 = ADVANCED_FACE('',(#220),#186,.T.);
#220 = FACE_BOUND('',#221,.T.);
#221 = EDGE_LOOP('',(#222,#245,#273,#294));
#222 = ORIENTED_EDGE('',*,*,#223,.F.);
#223 = EDGE_CURVE('',#224,#143,#226,.T.);
#224 = VERTEX_POINT('',#225);
#225 = CARTESIAN_POINT('',(-6.233258173483,-3.598773284389,3.E-15));
#226 = SURFACE_CURVE('',#227,(#231,#238),.PCURVE_S1.);
#227 = LINE('',#228,#229);
#228 = CARTESIAN_POINT('',(-4.018706259482,-3.9,2.25E-15));
#229 = VECTOR('',#230,1.);
#230 = DIRECTION('',(-0.990875494923,0.134780390122,3.099999999999E-16)
  );
#231 = PCURVE('',#186,#232);
#232 = DEFINITIONAL_REPRESENTATION('',(#233),#237);
#233 = LINE('',#234,#235);
#234 = CARTESIAN_POINT('',(-1.29E-31,4.3E-16));
#235 = VECTOR('',#236,1.);
#236 = DIRECTION('',(1.,-9.999999999999E-18));
#237 = ( GEOMETRIC_REPRESENTATION_CONTEXT(2) 
PARAMETRIC_REPRESENTATION_CONTEXT() REPRESENTATION_CONTEXT('2D SPACE',''
  ) );
#238 = PCURVE('',#44,#239);
#239 = DEFINITIONAL_REPRESENTATION('',(#240),#244);
#240 = LINE('',#241,#242);
#241 = CARTESIAN_POINT('',(4.018706259482,-3.9));
#242 = VECTOR('',#243,1.);
#243 = DIRECTION('',(0.990875494923,0.134780390122));
#244 = ( GEOMETRIC_REPRESENTATION_CONTEXT(2) 
PARAMETRIC_REPRESENTATION_CONTEXT() REPRESENTATION_CONTEXT('2D SPACE',''
  ) );
#245 = ORIENTED_EDGE('',*,*,#246,.T.);
#246 = EDGE_CURVE('',#224,#247,#249,.T.);
#247 = VERTEX_POINT('',#248);
#248 = CARTESIAN_POINT('',(-6.233258173483,-3.598773284389,2.5));
#249 = SURFACE_CURVE('',#250,(#254,#261),.PCURVE_S1.);
#250 = LINE('',#251,#252);
#251 = CARTESIAN_POINT('',(-6.233258173483,-3.598773284389,1.98E-15));
#252 = VECTOR('',#253,1.);
#253 = DIRECTION('',(-1.E-17,4.8E-16,1.));
#254 = PCURVE('',#186,#255);
#255 = DEFINITIONAL_REPRESENTATION('',(#256),#260);
#256 = LINE('',#257,#258);
#257 = CARTESIAN_POINT('',(2.234944678063,1.370483403419E-15));
#258 = VECTOR('',#259,1.);
#259 = DIRECTION('',(3.746033422077E-16,-1.));
#260 = ( GEOMETRIC_REPRESENTATION_CONTEXT(2) 
PARAMETRIC_REPRESENTATION_CONTEXT() REPRESENTATION_CONTEXT('2D SPACE',''
  ) );
#261 = PCURVE('',#262,#267);
#262 = PLANE('',#263);
#263 = AXIS2_PLACEMENT_3D('',#264,#265,#266);
#264 = CARTESIAN_POINT('',(-5.3868522045,-1.530301711059,
    1.33226762955E-15));
#265 = DIRECTION('',(0.925513545652,-0.378714505684,5.551115123124E-17)
  );
#266 = DIRECTION('',(-0.378714505684,-0.925513545652,2.220446049249E-16)
  );
#267 = DEFINITIONAL_REPRESENTATION('',(#268),#272);
#268 = LINE('',#269,#270);
#269 = CARTESIAN_POINT('',(2.234944678063,-1.514749623803E-16));
#270 = VECTOR('',#271,1.);
#271 = DIRECTION('',(-2.18414751931E-16,-1.));
#272 = ( GEOMETRIC_REPRESENTATION_CONTEXT(2) 
PARAMETRIC_REPRESENTATION_CONTEXT() REPRESENTATION_CONTEXT('2D SPACE',''
  ) );
#273 = ORIENTED_EDGE('',*,*,#274,.T.);
#274 = EDGE_CURVE('',#247,#171,#275,.T.);
#275 = SURFACE_CURVE('',#276,(#280,#287),.PCURVE_S1.);
#276 = LINE('',#277,#278);
#277 = CARTESIAN_POINT('',(-4.018706259482,-3.9,2.5));
#278 = VECTOR('',#279,1.);
#279 = DIRECTION('',(-0.990875494923,0.134780390122,3.099999999999E-16)
  );
#280 = PCURVE('',#186,#281);
#281 = DEFINITIONAL_REPRESENTATION('',(#282),#286);
#282 = LINE('',#283,#284);
#283 = CARTESIAN_POINT('',(8.69709033905E-16,-2.5));
#284 = VECTOR('',#285,1.);
#285 = DIRECTION('',(1.,-9.999999999999E-18));
#286 = ( GEOMETRIC_REPRESENTATION_CONTEXT(2) 
PARAMETRIC_REPRESENTATION_CONTEXT() REPRESENTATION_CONTEXT('2D SPACE',''
  ) );
#287 = PCURVE('',#100,#288);
#288 = DEFINITIONAL_REPRESENTATION('',(#289),#293);
#289 = LINE('',#290,#291);
#290 = CARTESIAN_POINT('',(-4.018706259482,-3.9));
#291 = VECTOR('',#292,1.);
#292 = DIRECTION('',(-0.990875494923,0.134780390122));
#293 = ( GEOMETRIC_REPRESENTATION_CONTEXT(2) 
PARAMETRIC_REPRESENTATION_CONTEXT() REPRESENTATION_CONTEXT('2D SPACE',''
  ) );
#294 = ORIENTED_EDGE('',*,*,#170,.F.);
#295 = ADVANCED_FACE('',(#296),#262,.F.);
#296 = FACE_BOUND('',#297,.T.);
#297 = EDGE_LOOP('',(#298,#321,#349,#370));
#298 = ORIENTED_EDGE('',*,*,#299,.T.);
#299 = EDGE_CURVE('',#224,#300,#302,.T.);
#300 = VERTEX_POINT('',#301);
#301 = CARTESIAN_POINT('',(-9.106335218695,-10.62008269593,7.E-15));
#302 = SURFACE_CURVE('',#303,(#307,#314),.PCURVE_S1.);
#303 = LINE('',#304,#305);
#304 = CARTESIAN_POINT('',(-5.3868522045,-1.530301711059,
    1.33226762955E-15));
#305 = VECTOR('',#306,1.);
#306 = DIRECTION('',(-0.378714505684,-0.925513545652,2.220446049249E-16)
  );
#307 = PCURVE('',#262,#308);
#308 = DEFINITIONAL_REPRESENTATION('',(#309),#313);
#309 = LINE('',#310,#311);
#310 = CARTESIAN_POINT('',(0.,-0.));
#311 = VECTOR('',#312,1.);
#312 = DIRECTION('',(1.,7.395570986447E-32));
#313 = ( GEOMETRIC_REPRESENTATION_CONTEXT(2) 
PARAMETRIC_REPRESENTATION_CONTEXT() REPRESENTATION_CONTEXT('2D SPACE',''
  ) );
#314 = PCURVE('',#44,#315);
#315 = DEFINITIONAL_REPRESENTATION('',(#316),#320);
#316 = LINE('',#317,#318);
#317 = CARTESIAN_POINT('',(5.3868522045,-1.530301711059));
#318 = VECTOR('',#319,1.);
#319 = DIRECTION('',(0.378714505684,-0.925513545652));
#320 = ( GEOMETRIC_REPRESENTATION_CONTEXT(2) 
PARAMETRIC_REPRESENTATION_CONTEXT() REPRESENTATION_CONTEXT('2D SPACE',''
  ) );
#321 = ORIENTED_EDGE('',*,*,#322,.T.);
#322 = EDGE_CURVE('',#300,#323,#325,.T.);
#323 = VERTEX_POINT('',#324);
#324 = CARTESIAN_POINT('',(-9.106335218695,-10.62008269593,2.5));
#325 = SURFACE_CURVE('',#326,(#330,#337),.PCURVE_S1.);
#326 = LINE('',#327,#328);
#327 = CARTESIAN_POINT('',(-9.106335218695,-10.62008269593,
    3.996802888651E-15));
#328 = VECTOR('',#329,1.);
#329 = DIRECTION('',(1.110223024625E-16,2.8E-16,1.));
#330 = PCURVE('',#262,#331);
#331 = DEFINITIONAL_REPRESENTATION('',(#332),#336);
#332 = LINE('',#333,#334);
#333 = CARTESIAN_POINT('',(9.821337599625,-4.83760231958E-16));
#334 = VECTOR('',#335,1.);
#335 = DIRECTION('',(-7.914494425451E-17,-1.));
#336 = ( GEOMETRIC_REPRESENTATION_CONTEXT(2) 
PARAMETRIC_REPRESENTATION_CONTEXT() REPRESENTATION_CONTEXT('2D SPACE',''
  ) );
#337 = PCURVE('',#338,#343);
#338 = CYLINDRICAL_SURFACE('',#339,2.6);
#339 = AXIS2_PLACEMENT_3D('',#340,#341,#342);
#340 = CARTESIAN_POINT('',(-6.7,-11.60474041071,3.5527136788E-15));
#341 = DIRECTION('',(-1.110223024625E-16,-2.8E-16,-1.));
#342 = DIRECTION('',(-0.5,-0.866025403784,2.979982642909E-16));
#343 = DEFINITIONAL_REPRESENTATION('',(#344),#348);
#344 = LINE('',#345,#346);
#345 = CARTESIAN_POINT('',(7.718789807013,-4.526364935133E-16));
#346 = VECTOR('',#347,1.);
#347 = DIRECTION('',(0.,-1.));
#348 = ( GEOMETRIC_REPRESENTATION_CONTEXT(2) 
PARAMETRIC_REPRESENTATION_CONTEXT() REPRESENTATION_CONTEXT('2D SPACE',''
  ) );
#349 = ORIENTED_EDGE('',*,*,#350,.F.);
#350 = EDGE_CURVE('',#247,#323,#351,.T.);
#351 = SURFACE_CURVE('',#352,(#356,#363),.PCURVE_S1.);
#352 = LINE('',#353,#354);
#353 = CARTESIAN_POINT('',(-5.3868522045,-1.530301711059,2.5));
#354 = VECTOR('',#355,1.);
#355 = DIRECTION('',(-0.378714505684,-0.925513545652,2.220446049249E-16)
  );
#356 = PCURVE('',#262,#357);
#357 = DEFINITIONAL_REPRESENTATION('',(#358),#362);
#358 = LINE('',#359,#360);
#359 = CARTESIAN_POINT('',(5.551115123123E-16,-2.5));
#360 = VECTOR('',#361,1.);
#361 = DIRECTION('',(1.,7.395570986447E-32));
#362 = ( GEOMETRIC_REPRESENTATION_CONTEXT(2) 
PARAMETRIC_REPRESENTATION_CONTEXT() REPRESENTATION_CONTEXT('2D SPACE',''
  ) );
#363 = PCURVE('',#100,#364);
#364 = DEFINITIONAL_REPRESENTATION('',(#365),#369);
#365 = LINE('',#366,#367);
#366 = CARTESIAN_POINT('',(-5.3868522045,-1.530301711059));
#367 = VECTOR('',#368,1.);
#368 = DIRECTION('',(-0.378714505684,-0.925513545652));
#369 = ( GEOMETRIC_REPRESENTATION_CONTEXT(2) 
PARAMETRIC_REPRESENTATION_CONTEXT() REPRESENTATION_CONTEXT('2D SPACE',''
  ) );
#370 = ORIENTED_EDGE('',*,*,#246,.F.);
#371 = ADVANCED_FACE('',(#372),#338,.T.);
#372 = FACE_BOUND('',#373,.T.);
#373 = EDGE_LOOP('',(#374,#375,#403,#431));
#374 = ORIENTED_EDGE('',*,*,#322,.F.);
#375 = ORIENTED_EDGE('',*,*,#376,.T.);
#376 = EDGE_CURVE('',#300,#377,#379,.T.);
#377 = VERTEX_POINT('',#378);
#378 = CARTESIAN_POINT('',(-4.644093795623,-13.19635898273,8.E-15));
#379 = SURFACE_CURVE('',#380,(#385,#392),.PCURVE_S1.);
#380 = CIRCLE('',#381,2.6);
#381 = AXIS2_PLACEMENT_3D('',#382,#383,#384);
#382 = CARTESIAN_POINT('',(-6.7,-11.60474041071,2.6645352591E-15));
#383 = DIRECTION('',(1.932926489739E-16,1.127480838273E-16,1.));
#384 = DIRECTION('',(-0.5,-0.866025403784,1.942890293094E-16));
#385 = PCURVE('',#338,#386);
#386 = DEFINITIONAL_REPRESENTATION('',(#387),#391);
#387 = LINE('',#388,#389);
#388 = CARTESIAN_POINT('',(12.566370614359,-8.217693103833E-16));
#389 = VECTOR('',#390,1.);
#390 = DIRECTION('',(-1.,2.779307579991E-16));
#391 = ( GEOMETRIC_REPRESENTATION_CONTEXT(2) 
PARAMETRIC_REPRESENTATION_CONTEXT() REPRESENTATION_CONTEXT('2D SPACE',''
  ) );
#392 = PCURVE('',#44,#393);
#393 = DEFINITIONAL_REPRESENTATION('',(#394),#402);
#394 = ( BOUNDED_CURVE() B_SPLINE_CURVE(2,(#395,#396,#397,#398,#399,#400
,#401),.UNSPECIFIED.,.T.,.F.) B_SPLINE_CURVE_WITH_KNOTS((1,2,2,2,2,1),(
    -2.094395102393,0.,2.094395102393,4.188790204786,6.28318530718,
8.377580409573),.UNSPECIFIED.) CURVE() GEOMETRIC_REPRESENTATION_ITEM() 
RATIONAL_B_SPLINE_CURVE((1.,0.5,1.,0.5,1.,0.5,1.)) REPRESENTATION_ITEM(
  '') );
#395 = CARTESIAN_POINT('',(8.,-13.85640646054));
#396 = CARTESIAN_POINT('',(4.100000000001,-16.10807251039));
#397 = CARTESIAN_POINT('',(4.1,-11.60474041071));
#398 = CARTESIAN_POINT('',(4.099999999999,-7.101408311031));
#399 = CARTESIAN_POINT('',(8.,-9.35307436087));
#400 = CARTESIAN_POINT('',(11.9,-11.6047404107));
#401 = CARTESIAN_POINT('',(8.,-13.85640646054));
#402 = ( GEOMETRIC_REPRESENTATION_CONTEXT(2) 
PARAMETRIC_REPRESENTATION_CONTEXT() REPRESENTATION_CONTEXT('2D SPACE',''
  ) );
#403 = ORIENTED_EDGE('',*,*,#404,.T.);
#404 = EDGE_CURVE('',#377,#405,#407,.T.);
#405 = VERTEX_POINT('',#406);
#406 = CARTESIAN_POINT('',(-4.644093795623,-13.19635898273,2.5));
#407 = SURFACE_CURVE('',#408,(#412,#419),.PCURVE_S1.);
#408 = LINE('',#409,#410);
#409 = CARTESIAN_POINT('',(-4.644093795623,-13.19635898273,
    3.996802888651E-15));
#410 = VECTOR('',#411,1.);
#411 = DIRECTION('',(1.110223024625E-16,2.8E-16,1.));
#412 = PCURVE('',#338,#413);
#413 = DEFINITIONAL_REPRESENTATION('',(#414),#418);
#414 = LINE('',#415,#416);
#415 = CARTESIAN_POINT('',(4.847580807346,-2.266874501423E-16));
#416 = VECTOR('',#417,1.);
#417 = DIRECTION('',(0.,-1.));
#418 = ( GEOMETRIC_REPRESENTATION_CONTEXT(2) 
PARAMETRIC_REPRESENTATION_CONTEXT() REPRESENTATION_CONTEXT('2D SPACE',''
  ) );
#419 = PCURVE('',#420,#425);
#420 = PLANE('',#421);
#421 = AXIS2_PLACEMENT_3D('',#422,#423,#424);
#422 = CARTESIAN_POINT('',(1.368145945018,-5.430301711059,
    1.33226762955E-15));
#423 = DIRECTION('',(0.790733155529,-0.612160989239,1.665334536939E-16)
  );
#424 = DIRECTION('',(-0.612160989239,-0.790733155529,2.775557561565E-16)
  );
#425 = DEFINITIONAL_REPRESENTATION('',(#426),#430);
#426 = LINE('',#427,#428);
#427 = CARTESIAN_POINT('',(9.821337599625,6.143352483064E-17));
#428 = VECTOR('',#429,1.);
#429 = DIRECTION('',(-1.181304989486E-17,-1.));
#430 = ( GEOMETRIC_REPRESENTATION_CONTEXT(2) 
PARAMETRIC_REPRESENTATION_CONTEXT() REPRESENTATION_CONTEXT('2D SPACE',''
  ) );
#431 = ORIENTED_EDGE('',*,*,#432,.F.);
#432 = EDGE_CURVE('',#323,#405,#433,.T.);
#433 = SURFACE_CURVE('',#434,(#439,#446),.PCURVE_S1.);
#434 = CIRCLE('',#435,2.6);
#435 = AXIS2_PLACEMENT_3D('',#436,#437,#438);
#436 = CARTESIAN_POINT('',(-6.7,-11.60474041071,2.5));
#437 = DIRECTION('',(1.932926489739E-16,1.127480838273E-16,1.));
#438 = DIRECTION('',(-0.5,-0.866025403784,1.942890293094E-16));
#439 = PCURVE('',#338,#440);
#440 = DEFINITIONAL_REPRESENTATION('',(#441),#445);
#441 = LINE('',#442,#443);
#442 = CARTESIAN_POINT('',(12.566370614359,-2.5));
#443 = VECTOR('',#444,1.);
#444 = DIRECTION('',(-1.,1.546697610315E-16));
#445 = ( GEOMETRIC_REPRESENTATION_CONTEXT(2) 
PARAMETRIC_REPRESENTATION_CONTEXT() REPRESENTATION_CONTEXT('2D SPACE',''
  ) );
#446 = PCURVE('',#100,#447);
#447 = DEFINITIONAL_REPRESENTATION('',(#448),#452);
#448 = CIRCLE('',#449,2.6);
#449 = AXIS2_PLACEMENT_2D('',#450,#451);
#450 = CARTESIAN_POINT('',(-6.7,-11.60474041071));
#451 = DIRECTION('',(-0.5,-0.866025403784));
#452 = ( GEOMETRIC_REPRESENTATION_CONTEXT(2) 
PARAMETRIC_REPRESENTATION_CONTEXT() REPRESENTATION_CONTEXT('2D SPACE',''
  ) );
#453 = ADVANCED_FACE('',(#454),#420,.T.);
#454 = FACE_BOUND('',#455,.T.);
#455 = EDGE_LOOP('',(#456,#479,#507,#528));
#456 = ORIENTED_EDGE('',*,*,#457,.F.);
#457 = EDGE_CURVE('',#458,#377,#460,.T.);
#458 = VERTEX_POINT('',#459);
#459 = CARTESIAN_POINT('',(-4.E-15,-7.197546568778,4.E-15));
#460 = SURFACE_CURVE('',#461,(#465,#472),.PCURVE_S1.);
#461 = LINE('',#462,#463);
#462 = CARTESIAN_POINT('',(1.368145945018,-5.430301711059,
    7.771561172376E-16));
#463 = VECTOR('',#464,1.);
#464 = DIRECTION('',(-0.612160989239,-0.790733155529,1.665334536939E-16)
  );
#465 = PCURVE('',#420,#466);
#466 = DEFINITIONAL_REPRESENTATION('',(#467),#471);
#467 = LINE('',#468,#469);
#468 = CARTESIAN_POINT('',(-1.54074395551E-31,5.551115123124E-16));
#469 = VECTOR('',#470,1.);
#470 = DIRECTION('',(1.,1.110223024626E-16));
#471 = ( GEOMETRIC_REPRESENTATION_CONTEXT(2) 
PARAMETRIC_REPRESENTATION_CONTEXT() REPRESENTATION_CONTEXT('2D SPACE',''
  ) );
#472 = PCURVE('',#44,#473);
#473 = DEFINITIONAL_REPRESENTATION('',(#474),#478);
#474 = LINE('',#475,#476);
#475 = CARTESIAN_POINT('',(-1.368145945018,-5.430301711059));
#476 = VECTOR('',#477,1.);
#477 = DIRECTION('',(0.612160989239,-0.790733155529));
#478 = ( GEOMETRIC_REPRESENTATION_CONTEXT(2) 
PARAMETRIC_REPRESENTATION_CONTEXT() REPRESENTATION_CONTEXT('2D SPACE',''
  ) );
#479 = ORIENTED_EDGE('',*,*,#480,.T.);
#480 = EDGE_CURVE('',#458,#481,#483,.T.);
#481 = VERTEX_POINT('',#482);
#482 = CARTESIAN_POINT('',(-5.E-15,-7.197546568778,2.5));
#483 = SURFACE_CURVE('',#484,(#488,#495),.PCURVE_S1.);
#484 = LINE('',#485,#486);
#485 = CARTESIAN_POINT('',(-4.22E-15,-7.197546568778,2.09E-15));
#486 = VECTOR('',#487,1.);
#487 = DIRECTION('',(-1.7E-16,2.5E-16,1.));
#488 = PCURVE('',#420,#489);
#489 = DEFINITIONAL_REPRESENTATION('',(#490),#494);
#490 = LINE('',#491,#492);
#491 = CARTESIAN_POINT('',(2.234944678063,-1.374106103622E-16));
#492 = VECTOR('',#493,1.);
#493 = DIRECTION('',(1.839398354448E-16,-1.));
#494 = ( GEOMETRIC_REPRESENTATION_CONTEXT(2) 
PARAMETRIC_REPRESENTATION_CONTEXT() REPRESENTATION_CONTEXT('2D SPACE',''
  ) );
#495 = PCURVE('',#496,#501);
#496 = PLANE('',#497);
#497 = AXIS2_PLACEMENT_3D('',#498,#499,#500);
#498 = CARTESIAN_POINT('',(-1.368145945018,-5.430301711059,
    1.110223024625E-16));
#499 = DIRECTION('',(0.790733155529,0.612160989239,2.775557561565E-16));
#500 = DIRECTION('',(0.612160989239,-0.790733155529,2.220446049251E-16)
  );
#501 = DEFINITIONAL_REPRESENTATION('',(#502),#506);
#502 = LINE('',#503,#504);
#503 = CARTESIAN_POINT('',(2.234944678063,-1.482720289468E-15));
#504 = VECTOR('',#505,1.);
#505 = DIRECTION('',(-7.970605212792E-17,-1.));
#506 = ( GEOMETRIC_REPRESENTATION_CONTEXT(2) 
PARAMETRIC_REPRESENTATION_CONTEXT() REPRESENTATION_CONTEXT('2D SPACE',''
  ) );
#507 = ORIENTED_EDGE('',*,*,#508,.T.);
#508 = EDGE_CURVE('',#481,#405,#509,.T.);
#509 = SURFACE_CURVE('',#510,(#514,#521),.PCURVE_S1.);
#510 = LINE('',#511,#512);
#511 = CARTESIAN_POINT('',(1.368145945018,-5.430301711059,2.5));
#512 = VECTOR('',#513,1.);
#513 = DIRECTION('',(-0.612160989239,-0.790733155529,1.665334536939E-16)
  );
#514 = PCURVE('',#420,#515);
#515 = DEFINITIONAL_REPRESENTATION('',(#516),#520);
#516 = LINE('',#517,#518);
#517 = CARTESIAN_POINT('',(8.298164353973E-16,-2.5));
#518 = VECTOR('',#519,1.);
#519 = DIRECTION('',(1.,1.110223024626E-16));
#520 = ( GEOMETRIC_REPRESENTATION_CONTEXT(2) 
PARAMETRIC_REPRESENTATION_CONTEXT() REPRESENTATION_CONTEXT('2D SPACE',''
  ) );
#521 = PCURVE('',#100,#522);
#522 = DEFINITIONAL_REPRESENTATION('',(#523),#527);
#523 = LINE('',#524,#525);
#524 = CARTESIAN_POINT('',(1.368145945018,-5.430301711059));
#525 = VECTOR('',#526,1.);
#526 = DIRECTION('',(-0.612160989239,-0.790733155529));
#527 = ( GEOMETRIC_REPRESENTATION_CONTEXT(2) 
PARAMETRIC_REPRESENTATION_CONTEXT() REPRESENTATION_CONTEXT('2D SPACE',''
  ) );
#528 = ORIENTED_EDGE('',*,*,#404,.F.);
#529 = ADVANCED_FACE('',(#530),#496,.F.);
#530 = FACE_BOUND('',#531,.T.);
#531 = EDGE_LOOP('',(#532,#555,#583,#604));
#532 = ORIENTED_EDGE('',*,*,#533,.T.);
#533 = EDGE_CURVE('',#458,#534,#536,.T.);
#534 = VERTEX_POINT('',#535);
#535 = CARTESIAN_POINT('',(4.644093795623,-13.19635898273,6.E-15));
#536 = SURFACE_CURVE('',#537,(#541,#548),.PCURVE_S1.);
#537 = LINE('',#538,#539);
#538 = CARTESIAN_POINT('',(-1.368145945018,-5.430301711059,
    8.881784197001E-16));
#539 = VECTOR('',#540,1.);
#540 = DIRECTION('',(0.612160989239,-0.790733155529,3.88578058619E-16));
#541 = PCURVE('',#496,#542);
#542 = DEFINITIONAL_REPRESENTATION('',(#543),#547);
#543 = LINE('',#544,#545);
#544 = CARTESIAN_POINT('',(1.725633230172E-31,-7.771561172376E-16));
#545 = VECTOR('',#546,1.);
#546 = DIRECTION('',(1.,-1.665334536939E-16));
#547 = ( GEOMETRIC_REPRESENTATION_CONTEXT(2) 
PARAMETRIC_REPRESENTATION_CONTEXT() REPRESENTATION_CONTEXT('2D SPACE',''
  ) );
#548 = PCURVE('',#44,#549);
#549 = DEFINITIONAL_REPRESENTATION('',(#550),#554);
#550 = LINE('',#551,#552);
#551 = CARTESIAN_POINT('',(1.368145945018,-5.430301711059));
#552 = VECTOR('',#553,1.);
#553 = DIRECTION('',(-0.612160989239,-0.790733155529));
#554 = ( GEOMETRIC_REPRESENTATION_CONTEXT(2) 
PARAMETRIC_REPRESENTATION_CONTEXT() REPRESENTATION_CONTEXT('2D SPACE',''
  ) );
#555 = ORIENTED_EDGE('',*,*,#556,.T.);
#556 = EDGE_CURVE('',#534,#557,#559,.T.);
#557 = VERTEX_POINT('',#558);
#558 = CARTESIAN_POINT('',(4.644093795623,-13.19635898273,2.5));
#559 = SURFACE_CURVE('',#560,(#564,#571),.PCURVE_S1.);
#560 = LINE('',#561,#562);
#561 = CARTESIAN_POINT('',(4.644093795623,-13.19635898273,
    3.552713678801E-15));
#562 = VECTOR('',#563,1.);
#563 = DIRECTION('',(-4.440892098501E-16,1.7E-16,1.));
#564 = PCURVE('',#496,#565);
#565 = DEFINITIONAL_REPRESENTATION('',(#566),#570);
#566 = LINE('',#567,#568);
#567 = CARTESIAN_POINT('',(9.821337599625,-1.260916349193E-15));
#568 = VECTOR('',#569,1.);
#569 = DIRECTION('',(-1.842341215272E-16,-1.));
#570 = ( GEOMETRIC_REPRESENTATION_CONTEXT(2) 
PARAMETRIC_REPRESENTATION_CONTEXT() REPRESENTATION_CONTEXT('2D SPACE',''
  ) );
#571 = PCURVE('',#572,#577);
#572 = CYLINDRICAL_SURFACE('',#573,2.6);
#573 = AXIS2_PLACEMENT_3D('',#574,#575,#576);
#574 = CARTESIAN_POINT('',(6.7,-11.60474041071,4.440892098501E-15));
#575 = DIRECTION('',(4.440892098501E-16,-1.7E-16,-1.));
#576 = DIRECTION('',(0.5,-0.866025403784,3.692689235685E-16));
#577 = DEFINITIONAL_REPRESENTATION('',(#578),#582);
#578 = LINE('',#579,#580);
#579 = CARTESIAN_POINT('',(1.435604499833,2.457478151157E-16));
#580 = VECTOR('',#581,1.);
#581 = DIRECTION('',(0.,-1.));
#582 = ( GEOMETRIC_REPRESENTATION_CONTEXT(2) 
PARAMETRIC_REPRESENTATION_CONTEXT() REPRESENTATION_CONTEXT('2D SPACE',''
  ) );
#583 = ORIENTED_EDGE('',*,*,#584,.F.);
#584 = EDGE_CURVE('',#481,#557,#585,.T.);
#585 = SURFACE_CURVE('',#586,(#590,#597),.PCURVE_S1.);
#586 = LINE('',#587,#588);
#587 = CARTESIAN_POINT('',(-1.368145945018,-5.430301711059,2.5));
#588 = VECTOR('',#589,1.);
#589 = DIRECTION('',(0.612160989239,-0.790733155529,3.88578058619E-16));
#590 = PCURVE('',#496,#591);
#591 = DEFINITIONAL_REPRESENTATION('',(#592),#596);
#592 = LINE('',#593,#594);
#593 = CARTESIAN_POINT('',(2.832574223005E-16,-2.5));
#594 = VECTOR('',#595,1.);
#595 = DIRECTION('',(1.,-1.665334536939E-16));
#596 = ( GEOMETRIC_REPRESENTATION_CONTEXT(2) 
PARAMETRIC_REPRESENTATION_CONTEXT() REPRESENTATION_CONTEXT('2D SPACE',''
  ) );
#597 = PCURVE('',#100,#598);
#598 = DEFINITIONAL_REPRESENTATION('',(#599),#603);
#599 = LINE('',#600,#601);
#600 = CARTESIAN_POINT('',(-1.368145945018,-5.430301711059));
#601 = VECTOR('',#602,1.);
#602 = DIRECTION('',(0.612160989239,-0.790733155529));
#603 = ( GEOMETRIC_REPRESENTATION_CONTEXT(2) 
PARAMETRIC_REPRESENTATION_CONTEXT() REPRESENTATION_CONTEXT('2D SPACE',''
  ) );
#604 = ORIENTED_EDGE('',*,*,#480,.F.);
#605 = ADVANCED_FACE('',(#606),#572,.T.);
#606 = FACE_BOUND('',#607,.T.);
#607 = EDGE_LOOP('',(#608,#609,#637,#665));
#608 = ORIENTED_EDGE('',*,*,#556,.F.);
#609 = ORIENTED_EDGE('',*,*,#610,.T.);
#610 = EDGE_CURVE('',#534,#611,#613,.T.);
#611 = VERTEX_POINT('',#612);
#612 = CARTESIAN_POINT('',(9.106335218695,-10.62008269593,6.E-15));
#613 = SURFACE_CURVE('',#614,(#619,#626),.PCURVE_S1.);
#614 = CIRCLE('',#615,2.6);
#615 = AXIS2_PLACEMENT_3D('',#616,#617,#618);
#616 = CARTESIAN_POINT('',(6.7,-11.60474041071,5.329070518201E-15));
#617 = DIRECTION('',(-4.004630857556E-16,2.495332012344E-16,1.));
#618 = DIRECTION('',(0.5,-0.866025403784,4.163336342345E-16));
#619 = PCURVE('',#572,#620);
#620 = DEFINITIONAL_REPRESENTATION('',(#621),#625);
#621 = LINE('',#622,#623);
#622 = CARTESIAN_POINT('',(6.28318530718,-1.779066362033E-15));
#623 = VECTOR('',#624,1.);
#624 = DIRECTION('',(-1.,1.391643027249E-16));
#625 = ( GEOMETRIC_REPRESENTATION_CONTEXT(2) 
PARAMETRIC_REPRESENTATION_CONTEXT() REPRESENTATION_CONTEXT('2D SPACE',''
  ) );
#626 = PCURVE('',#44,#627);
#627 = DEFINITIONAL_REPRESENTATION('',(#628),#636);
#628 = ( BOUNDED_CURVE() B_SPLINE_CURVE(2,(#629,#630,#631,#632,#633,#634
,#635),.UNSPECIFIED.,.T.,.F.) B_SPLINE_CURVE_WITH_KNOTS((1,2,2,2,2,1),(
    -2.094395102393,0.,2.094395102393,4.188790204786,6.28318530718,
8.377580409573),.UNSPECIFIED.) CURVE() GEOMETRIC_REPRESENTATION_ITEM() 
RATIONAL_B_SPLINE_CURVE((1.,0.5,1.,0.5,1.,0.5,1.)) REPRESENTATION_ITEM(
  '') );
#629 = CARTESIAN_POINT('',(-8.,-13.85640646054));
#630 = CARTESIAN_POINT('',(-11.9,-11.6047404107));
#631 = CARTESIAN_POINT('',(-8.,-9.35307436087));
#632 = CARTESIAN_POINT('',(-4.099999999999,-7.101408311031));
#633 = CARTESIAN_POINT('',(-4.1,-11.60474041071));
#634 = CARTESIAN_POINT('',(-4.100000000001,-16.10807251039));
#635 = CARTESIAN_POINT('',(-8.,-13.85640646054));
#636 = ( GEOMETRIC_REPRESENTATION_CONTEXT(2) 
PARAMETRIC_REPRESENTATION_CONTEXT() REPRESENTATION_CONTEXT('2D SPACE',''
  ) );
#637 = ORIENTED_EDGE('',*,*,#638,.T.);
#638 = EDGE_CURVE('',#611,#639,#641,.T.);
#639 = VERTEX_POINT('',#640);
#640 = CARTESIAN_POINT('',(9.106335218695,-10.62008269593,2.5));
#641 = SURFACE_CURVE('',#642,(#646,#653),.PCURVE_S1.);
#642 = LINE('',#643,#644);
#643 = CARTESIAN_POINT('',(9.106335218695,-10.62008269593,
    6.217248937901E-15));
#644 = VECTOR('',#645,1.);
#645 = DIRECTION('',(-4.440892098501E-16,1.7E-16,1.));
#646 = PCURVE('',#572,#647);
#647 = DEFINITIONAL_REPRESENTATION('',(#648),#652);
#648 = LINE('',#649,#650);
#649 = CARTESIAN_POINT('',(-1.435604499833,-8.751211450079E-16));
#650 = VECTOR('',#651,1.);
#651 = DIRECTION('',(0.,-1.));
#652 = ( GEOMETRIC_REPRESENTATION_CONTEXT(2) 
PARAMETRIC_REPRESENTATION_CONTEXT() REPRESENTATION_CONTEXT('2D SPACE',''
  ) );
#653 = PCURVE('',#654,#659);
#654 = PLANE('',#655);
#655 = AXIS2_PLACEMENT_3D('',#656,#657,#658);
#656 = CARTESIAN_POINT('',(5.3868522045,-1.530301711059,2.6645352591E-15
    ));
#657 = DIRECTION('',(0.925513545652,0.378714505684,4.440892098499E-16));
#658 = DIRECTION('',(0.378714505684,-0.925513545652,2.775557561562E-16)
  );
#659 = DEFINITIONAL_REPRESENTATION('',(#660),#664);
#660 = LINE('',#661,#662);
#661 = CARTESIAN_POINT('',(9.821337599625,-8.267448948724E-16));
#662 = VECTOR('',#663,1.);
#663 = DIRECTION('',(-4.79645721925E-17,-1.));
#664 = ( GEOMETRIC_REPRESENTATION_CONTEXT(2) 
PARAMETRIC_REPRESENTATION_CONTEXT() REPRESENTATION_CONTEXT('2D SPACE',''
  ) );
#665 = ORIENTED_EDGE('',*,*,#666,.F.);
#666 = EDGE_CURVE('',#557,#639,#667,.T.);
#667 = SURFACE_CURVE('',#668,(#673,#680),.PCURVE_S1.);
#668 = CIRCLE('',#669,2.6);
#669 = AXIS2_PLACEMENT_3D('',#670,#671,#672);
#670 = CARTESIAN_POINT('',(6.7,-11.60474041071,2.5));
#671 = DIRECTION('',(-4.004630857556E-16,2.495332012344E-16,1.));
#672 = DIRECTION('',(0.5,-0.866025403784,4.163336342345E-16));
#673 = PCURVE('',#572,#674);
#674 = DEFINITIONAL_REPRESENTATION('',(#675),#679);
#675 = LINE('',#676,#677);
#676 = CARTESIAN_POINT('',(6.28318530718,-2.5));
#677 = VECTOR('',#678,1.);
#678 = DIRECTION('',(-1.,0.));
#679 = ( GEOMETRIC_REPRESENTATION_CONTEXT(2) 
PARAMETRIC_REPRESENTATION_CONTEXT() REPRESENTATION_CONTEXT('2D SPACE',''
  ) );
#680 = PCURVE('',#100,#681);
#681 = DEFINITIONAL_REPRESENTATION('',(#682),#686);
#682 = CIRCLE('',#683,2.6);
#683 = AXIS2_PLACEMENT_2D('',#684,#685);
#684 = CARTESIAN_POINT('',(6.7,-11.60474041071));
#685 = DIRECTION('',(0.5,-0.866025403784));
#686 = ( GEOMETRIC_REPRESENTATION_CONTEXT(2) 
PARAMETRIC_REPRESENTATION_CONTEXT() REPRESENTATION_CONTEXT('2D SPACE',''
  ) );
#687 = ADVANCED_FACE('',(#688),#654,.T.);
#688 = FACE_BOUND('',#689,.T.);
#689 = EDGE_LOOP('',(#690,#713,#741,#762));
#690 = ORIENTED_EDGE('',*,*,#691,.F.);
#691 = EDGE_CURVE('',#692,#611,#694,.T.);
#692 = VERTEX_POINT('',#693);
#693 = CARTESIAN_POINT('',(6.233258173483,-3.598773284389,2.E-15));
#694 = SURFACE_CURVE('',#695,(#699,#706),.PCURVE_S1.);
#695 = LINE('',#696,#697);
#696 = CARTESIAN_POINT('',(5.3868522045,-1.530301711059,
    2.22044604925E-15));
#697 = VECTOR('',#698,1.);
#698 = DIRECTION('',(0.378714505684,-0.925513545652,3.608224830031E-16)
  );
#699 = PCURVE('',#654,#700);
#700 = DEFINITIONAL_REPRESENTATION('',(#701),#705);
#701 = LINE('',#702,#703);
#702 = CARTESIAN_POINT('',(-1.232595164407E-31,4.4408920985E-16));
#703 = VECTOR('',#704,1.);
#704 = DIRECTION('',(1.,-8.326672684687E-17));
#705 = ( GEOMETRIC_REPRESENTATION_CONTEXT(2) 
PARAMETRIC_REPRESENTATION_CONTEXT() REPRESENTATION_CONTEXT('2D SPACE',''
  ) );
#706 = PCURVE('',#44,#707);
#707 = DEFINITIONAL_REPRESENTATION('',(#708),#712);
#708 = LINE('',#709,#710);
#709 = CARTESIAN_POINT('',(-5.3868522045,-1.530301711059));
#710 = VECTOR('',#711,1.);
#711 = DIRECTION('',(-0.378714505684,-0.925513545652));
#712 = ( GEOMETRIC_REPRESENTATION_CONTEXT(2) 
PARAMETRIC_REPRESENTATION_CONTEXT() REPRESENTATION_CONTEXT('2D SPACE',''
  ) );
#713 = ORIENTED_EDGE('',*,*,#714,.F.);
#714 = EDGE_CURVE('',#715,#692,#717,.T.);
#715 = VERTEX_POINT('',#716);
#716 = CARTESIAN_POINT('',(6.233258173483,-3.598773284389,2.5));
#717 = SURFACE_CURVE('',#718,(#722,#729),.PCURVE_S1.);
#718 = LINE('',#719,#720);
#719 = CARTESIAN_POINT('',(6.233258173483,-3.598773284389,9.7E-16));
#720 = VECTOR('',#721,1.);
#721 = DIRECTION('',(9.E-17,-1.E-16,-1.));
#722 = PCURVE('',#654,#723);
#723 = DEFINITIONAL_REPRESENTATION('',(#724),#728);
#724 = LINE('',#725,#726);
#725 = CARTESIAN_POINT('',(2.234944678063,2.314857019187E-15));
#726 = VECTOR('',#727,1.);
#727 = DIRECTION('',(-1.509200960795E-16,1.));
#728 = ( GEOMETRIC_REPRESENTATION_CONTEXT(2) 
PARAMETRIC_REPRESENTATION_CONTEXT() REPRESENTATION_CONTEXT('2D SPACE',''
  ) );
#729 = PCURVE('',#730,#735);
#730 = PLANE('',#731);
#731 = AXIS2_PLACEMENT_3D('',#732,#733,#734);
#732 = CARTESIAN_POINT('',(4.018706259482,-3.9,4.3E-16));
#733 = DIRECTION('',(-0.134780390122,0.990875494923,-1.1E-16));
#734 = DIRECTION('',(0.990875494923,0.134780390122,-9.999999999998E-18)
  );
#735 = DEFINITIONAL_REPRESENTATION('',(#736),#740);
#736 = LINE('',#737,#738);
#737 = CARTESIAN_POINT('',(2.234944678063,-5.623494467807E-16));
#738 = VECTOR('',#739,1.);
#739 = DIRECTION('',(8.570075553086E-17,1.));
#740 = ( GEOMETRIC_REPRESENTATION_CONTEXT(2) 
PARAMETRIC_REPRESENTATION_CONTEXT() REPRESENTATION_CONTEXT('2D SPACE',''
  ) );
#741 = ORIENTED_EDGE('',*,*,#742,.T.);
#742 = EDGE_CURVE('',#715,#639,#743,.T.);
#743 = SURFACE_CURVE('',#744,(#748,#755),.PCURVE_S1.);
#744 = LINE('',#745,#746);
#745 = CARTESIAN_POINT('',(5.3868522045,-1.530301711059,2.5));
#746 = VECTOR('',#747,1.);
#747 = DIRECTION('',(0.378714505684,-0.925513545652,3.608224830031E-16)
  );
#748 = PCURVE('',#654,#749);
#749 = DEFINITIONAL_REPRESENTATION('',(#750),#754);
#750 = LINE('',#751,#752);
#751 = CARTESIAN_POINT('',(7.685339184086E-16,-2.5));
#752 = VECTOR('',#753,1.);
#753 = DIRECTION('',(1.,-8.326672684687E-17));
#754 = ( GEOMETRIC_REPRESENTATION_CONTEXT(2) 
PARAMETRIC_REPRESENTATION_CONTEXT() REPRESENTATION_CONTEXT('2D SPACE',''
  ) );
#755 = PCURVE('',#100,#756);
#756 = DEFINITIONAL_REPRESENTATION('',(#757),#761);
#757 = LINE('',#758,#759);
#758 = CARTESIAN_POINT('',(5.3868522045,-1.530301711059));
#759 = VECTOR('',#760,1.);
#760 = DIRECTION('',(0.378714505684,-0.925513545652));
#761 = ( GEOMETRIC_REPRESENTATION_CONTEXT(2) 
PARAMETRIC_REPRESENTATION_CONTEXT() REPRESENTATION_CONTEXT('2D SPACE',''
  ) );
#762 = ORIENTED_EDGE('',*,*,#638,.F.);
#763 = ADVANCED_FACE('',(#764),#730,.F.);
#764 = FACE_BOUND('',#765,.T.);
#765 = EDGE_LOOP('',(#766,#789,#817,#838));
#766 = ORIENTED_EDGE('',*,*,#767,.T.);
#767 = EDGE_CURVE('',#692,#768,#770,.T.);
#768 = VERTEX_POINT('',#769);
#769 = CARTESIAN_POINT('',(13.750429014318,-2.576276286799,1.E-15));
#770 = SURFACE_CURVE('',#771,(#775,#782),.PCURVE_S1.);
#771 = LINE('',#772,#773);
#772 = CARTESIAN_POINT('',(4.018706259482,-3.9,8.7E-16));
#773 = VECTOR('',#774,1.);
#774 = DIRECTION('',(0.990875494923,0.134780390122,-2.999999999999E-17)
  );
#775 = PCURVE('',#730,#776);
#776 = DEFINITIONAL_REPRESENTATION('',(#777),#781);
#777 = LINE('',#778,#779);
#778 = CARTESIAN_POINT('',(-4.399999999999E-33,-4.4E-16));
#779 = VECTOR('',#780,1.);
#780 = DIRECTION('',(1.,2.E-17));
#781 = ( GEOMETRIC_REPRESENTATION_CONTEXT(2) 
PARAMETRIC_REPRESENTATION_CONTEXT() REPRESENTATION_CONTEXT('2D SPACE',''
  ) );
#782 = PCURVE('',#44,#783);
#783 = DEFINITIONAL_REPRESENTATION('',(#784),#788);
#784 = LINE('',#785,#786);
#785 = CARTESIAN_POINT('',(-4.018706259482,-3.9));
#786 = VECTOR('',#787,1.);
#787 = DIRECTION('',(-0.990875494923,0.134780390122));
#788 = ( GEOMETRIC_REPRESENTATION_CONTEXT(2) 
PARAMETRIC_REPRESENTATION_CONTEXT() REPRESENTATION_CONTEXT('2D SPACE',''
  ) );
#789 = ORIENTED_EDGE('',*,*,#790,.T.);
#790 = EDGE_CURVE('',#768,#791,#793,.T.);
#791 = VERTEX_POINT('',#792);
#792 = CARTESIAN_POINT('',(13.750429014318,-2.576276286799,2.5));
#793 = SURFACE_CURVE('',#794,(#798,#805),.PCURVE_S1.);
#794 = LINE('',#795,#796);
#795 = CARTESIAN_POINT('',(13.750429014318,-2.576276286799,2.9E-16));
#796 = VECTOR('',#797,1.);
#797 = DIRECTION('',(0.,1.1E-16,1.));
#798 = PCURVE('',#730,#799);
#799 = DEFINITIONAL_REPRESENTATION('',(#800),#804);
#800 = LINE('',#801,#802);
#801 = CARTESIAN_POINT('',(9.821337599629,4.178662400335E-17));
#802 = VECTOR('',#803,1.);
#803 = DIRECTION('',(4.825842913419E-18,-1.));
#804 = ( GEOMETRIC_REPRESENTATION_CONTEXT(2) 
PARAMETRIC_REPRESENTATION_CONTEXT() REPRESENTATION_CONTEXT('2D SPACE',''
  ) );
#805 = PCURVE('',#806,#811);
#806 = CYLINDRICAL_SURFACE('',#807,2.6);
#807 = AXIS2_PLACEMENT_3D('',#808,#809,#810);
#808 = CARTESIAN_POINT('',(13.4,0.,0.));
#809 = DIRECTION('',(0.,-1.1E-16,-1.));
#810 = DIRECTION('',(1.,0.,0.));
#811 = DEFINITIONAL_REPRESENTATION('',(#812),#816);
#812 = LINE('',#813,#814);
#813 = CARTESIAN_POINT('',(1.435604499832,-6.60960845211E-18));
#814 = VECTOR('',#815,1.);
#815 = DIRECTION('',(0.,-1.));
#816 = ( GEOMETRIC_REPRESENTATION_CONTEXT(2) 
PARAMETRIC_REPRESENTATION_CONTEXT() REPRESENTATION_CONTEXT('2D SPACE',''
  ) );
#817 = ORIENTED_EDGE('',*,*,#818,.F.);
#818 = EDGE_CURVE('',#715,#791,#819,.T.);
#819 = SURFACE_CURVE('',#820,(#824,#831),.PCURVE_S1.);
#820 = LINE('',#821,#822);
#821 = CARTESIAN_POINT('',(4.018706259482,-3.9,2.5));
#822 = VECTOR('',#823,1.);
#823 = DIRECTION('',(0.990875494923,0.134780390122,-2.999999999999E-17)
  );
#824 = PCURVE('',#730,#825);
#825 = DEFINITIONAL_REPRESENTATION('',(#826),#830);
#826 = LINE('',#827,#828);
#827 = CARTESIAN_POINT('',(3.485451695256E-17,-2.5));
#828 = VECTOR('',#829,1.);
#829 = DIRECTION('',(1.,2.E-17));
#830 = ( GEOMETRIC_REPRESENTATION_CONTEXT(2) 
PARAMETRIC_REPRESENTATION_CONTEXT() REPRESENTATION_CONTEXT('2D SPACE',''
  ) );
#831 = PCURVE('',#100,#832);
#832 = DEFINITIONAL_REPRESENTATION('',(#833),#837);
#833 = LINE('',#834,#835);
#834 = CARTESIAN_POINT('',(4.018706259482,-3.9));
#835 = VECTOR('',#836,1.);
#836 = DIRECTION('',(0.990875494923,0.134780390122));
#837 = ( GEOMETRIC_REPRESENTATION_CONTEXT(2) 
PARAMETRIC_REPRESENTATION_CONTEXT() REPRESENTATION_CONTEXT('2D SPACE',''
  ) );
#838 = ORIENTED_EDGE('',*,*,#714,.T.);
#839 = ADVANCED_FACE('',(#840),#806,.T.);
#840 = FACE_BOUND('',#841,.T.);
#841 = EDGE_LOOP('',(#842,#843,#871,#899));
#842 = ORIENTED_EDGE('',*,*,#790,.F.);
#843 = ORIENTED_EDGE('',*,*,#844,.T.);
#844 = EDGE_CURVE('',#768,#845,#847,.T.);
#845 = VERTEX_POINT('',#846);
#846 = CARTESIAN_POINT('',(13.750429014318,2.576276286799,-1.E-15));
#847 = SURFACE_CURVE('',#848,(#853,#860),.PCURVE_S1.);
#848 = CIRCLE('',#849,2.6);
#849 = AXIS2_PLACEMENT_3D('',#850,#851,#852);
#850 = CARTESIAN_POINT('',(13.4,0.,0.));
#851 = DIRECTION('',(0.,2.2E-16,1.));
#852 = DIRECTION('',(1.,0.,-0.));
#853 = PCURVE('',#806,#854);
#854 = DEFINITIONAL_REPRESENTATION('',(#855),#859);
#855 = LINE('',#856,#857);
#856 = CARTESIAN_POINT('',(6.28318530718,-1.240309809963E-15));
#857 = VECTOR('',#858,1.);
#858 = DIRECTION('',(-1.,1.97401437221E-16));
#859 = ( GEOMETRIC_REPRESENTATION_CONTEXT(2) 
PARAMETRIC_REPRESENTATION_CONTEXT() REPRESENTATION_CONTEXT('2D SPACE',''
  ) );
#860 = PCURVE('',#44,#861);
#861 = DEFINITIONAL_REPRESENTATION('',(#862),#870);
#862 = ( BOUNDED_CURVE() B_SPLINE_CURVE(2,(#863,#864,#865,#866,#867,#868
,#869),.UNSPECIFIED.,.T.,.F.) B_SPLINE_CURVE_WITH_KNOTS((1,2,2,2,2,1),(
    -2.094395102393,0.,2.094395102393,4.188790204786,6.28318530718,
8.377580409573),.UNSPECIFIED.) CURVE() GEOMETRIC_REPRESENTATION_ITEM() 
RATIONAL_B_SPLINE_CURVE((1.,0.5,1.,0.5,1.,0.5,1.)) REPRESENTATION_ITEM(
  '') );
#863 = CARTESIAN_POINT('',(-16.,-3.E-16));
#864 = CARTESIAN_POINT('',(-16.,4.503332099679));
#865 = CARTESIAN_POINT('',(-12.1,2.25166604984));
#866 = CARTESIAN_POINT('',(-8.2,3.368163355566E-16));
#867 = CARTESIAN_POINT('',(-12.1,-2.25166604984));
#868 = CARTESIAN_POINT('',(-16.,-4.503332099679));
#869 = CARTESIAN_POINT('',(-16.,-3.E-16));
#870 = ( GEOMETRIC_REPRESENTATION_CONTEXT(2) 
PARAMETRIC_REPRESENTATION_CONTEXT() REPRESENTATION_CONTEXT('2D SPACE',''
  ) );
#871 = ORIENTED_EDGE('',*,*,#872,.T.);
#872 = EDGE_CURVE('',#845,#873,#875,.T.);
#873 = VERTEX_POINT('',#874);
#874 = CARTESIAN_POINT('',(13.750429014318,2.576276286799,2.5));
#875 = SURFACE_CURVE('',#876,(#880,#887),.PCURVE_S1.);
#876 = LINE('',#877,#878);
#877 = CARTESIAN_POINT('',(13.750429014318,2.576276286799,-2.9E-16));
#878 = VECTOR('',#879,1.);
#879 = DIRECTION('',(0.,1.1E-16,1.));
#880 = PCURVE('',#806,#881);
#881 = DEFINITIONAL_REPRESENTATION('',(#882),#886);
#882 = LINE('',#883,#884);
#883 = CARTESIAN_POINT('',(-1.435604499832,6.60960845211E-18));
#884 = VECTOR('',#885,1.);
#885 = DIRECTION('',(0.,-1.));
#886 = ( GEOMETRIC_REPRESENTATION_CONTEXT(2) 
PARAMETRIC_REPRESENTATION_CONTEXT() REPRESENTATION_CONTEXT('2D SPACE',''
  ) );
#887 = PCURVE('',#888,#893);
#888 = PLANE('',#889);
#889 = AXIS2_PLACEMENT_3D('',#890,#891,#892);
#890 = CARTESIAN_POINT('',(4.018706259482,3.9,-4.3E-16));
#891 = DIRECTION('',(0.134780390122,0.990875494923,-1.1E-16));
#892 = DIRECTION('',(0.990875494923,-0.134780390122,9.999999999998E-18)
  );
#893 = DEFINITIONAL_REPRESENTATION('',(#894),#898);
#894 = LINE('',#895,#896);
#895 = CARTESIAN_POINT('',(9.821337599629,-4.178662400335E-17));
#896 = VECTOR('',#897,1.);
#897 = DIRECTION('',(-4.825842913419E-18,-1.));
#898 = ( GEOMETRIC_REPRESENTATION_CONTEXT(2) 
PARAMETRIC_REPRESENTATION_CONTEXT() REPRESENTATION_CONTEXT('2D SPACE',''
  ) );
#899 = ORIENTED_EDGE('',*,*,#900,.F.);
#900 = EDGE_CURVE('',#791,#873,#901,.T.);
#901 = SURFACE_CURVE('',#902,(#907,#914),.PCURVE_S1.);
#902 = CIRCLE('',#903,2.6);
#903 = AXIS2_PLACEMENT_3D('',#904,#905,#906);
#904 = CARTESIAN_POINT('',(13.4,4.440892098501E-16,2.5));
#905 = DIRECTION('',(0.,2.2E-16,1.));
#906 = DIRECTION('',(1.,0.,-0.));
#907 = PCURVE('',#806,#908);
#908 = DEFINITIONAL_REPRESENTATION('',(#909),#913);
#909 = LINE('',#910,#911);
#910 = CARTESIAN_POINT('',(6.28318530718,-2.5));
#911 = VECTOR('',#912,1.);
#912 = DIRECTION('',(-1.,0.));
#913 = ( GEOMETRIC_REPRESENTATION_CONTEXT(2) 
PARAMETRIC_REPRESENTATION_CONTEXT() REPRESENTATION_CONTEXT('2D SPACE',''
  ) );
#914 = PCURVE('',#100,#915);
#915 = DEFINITIONAL_REPRESENTATION('',(#916),#920);
#916 = CIRCLE('',#917,2.6);
#917 = AXIS2_PLACEMENT_2D('',#918,#919);
#918 = CARTESIAN_POINT('',(13.4,3.140892098501E-16));
#919 = DIRECTION('',(1.,-2.42E-32));
#920 = ( GEOMETRIC_REPRESENTATION_CONTEXT(2) 
PARAMETRIC_REPRESENTATION_CONTEXT() REPRESENTATION_CONTEXT('2D SPACE',''
  ) );
#921 = ADVANCED_FACE('',(#922),#888,.T.);
#922 = FACE_BOUND('',#923,.T.);
#923 = EDGE_LOOP('',(#924,#947,#975,#996));
#924 = ORIENTED_EDGE('',*,*,#925,.F.);
#925 = EDGE_CURVE('',#926,#845,#928,.T.);
#926 = VERTEX_POINT('',#927);
#927 = CARTESIAN_POINT('',(6.233258173483,3.598773284389,-2.E-15));
#928 = SURFACE_CURVE('',#929,(#933,#940),.PCURVE_S1.);
#929 = LINE('',#930,#931);
#930 = CARTESIAN_POINT('',(4.018706259482,3.9,-8.7E-16));
#931 = VECTOR('',#932,1.);
#932 = DIRECTION('',(0.990875494923,-0.134780390122,2.999999999999E-17)
  );
#933 = PCURVE('',#888,#934);
#934 = DEFINITIONAL_REPRESENTATION('',(#935),#939);
#935 = LINE('',#936,#937);
#936 = CARTESIAN_POINT('',(-4.399999999999E-33,4.4E-16));
#937 = VECTOR('',#938,1.);
#938 = DIRECTION('',(1.,-2.E-17));
#939 = ( GEOMETRIC_REPRESENTATION_CONTEXT(2) 
PARAMETRIC_REPRESENTATION_CONTEXT() REPRESENTATION_CONTEXT('2D SPACE',''
  ) );
#940 = PCURVE('',#44,#941);
#941 = DEFINITIONAL_REPRESENTATION('',(#942),#946);
#942 = LINE('',#943,#944);
#943 = CARTESIAN_POINT('',(-4.018706259482,3.9));
#944 = VECTOR('',#945,1.);
#945 = DIRECTION('',(-0.990875494923,-0.134780390122));
#946 = ( GEOMETRIC_REPRESENTATION_CONTEXT(2) 
PARAMETRIC_REPRESENTATION_CONTEXT() REPRESENTATION_CONTEXT('2D SPACE',''
  ) );
#947 = ORIENTED_EDGE('',*,*,#948,.T.);
#948 = EDGE_CURVE('',#926,#949,#951,.T.);
#949 = VERTEX_POINT('',#950);
#950 = CARTESIAN_POINT('',(6.233258173483,3.598773284389,2.5));
#951 = SURFACE_CURVE('',#952,(#956,#963),.PCURVE_S1.);
#952 = LINE('',#953,#954);
#953 = CARTESIAN_POINT('',(6.233258173483,3.598773284389,-1.38E-15));
#954 = VECTOR('',#955,1.);
#955 = DIRECTION('',(2.7E-16,7.E-17,1.));
#956 = PCURVE('',#888,#957);
#957 = DEFINITIONAL_REPRESENTATION('',(#958),#962);
#958 = LINE('',#959,#960);
#959 = CARTESIAN_POINT('',(2.234944678063,9.723494467807E-16));
#960 = VECTOR('',#961,1.);
#961 = DIRECTION('',(2.681017563206E-16,-1.));
#962 = ( GEOMETRIC_REPRESENTATION_CONTEXT(2) 
PARAMETRIC_REPRESENTATION_CONTEXT() REPRESENTATION_CONTEXT('2D SPACE',''
  ) );
#963 = PCURVE('',#964,#969);
#964 = PLANE('',#965);
#965 = AXIS2_PLACEMENT_3D('',#966,#967,#968);
#966 = CARTESIAN_POINT('',(5.3868522045,1.530301711059,-2.6645352591E-15
    ));
#967 = DIRECTION('',(-0.925513545652,0.378714505684,4.440892098499E-16)
  );
#968 = DIRECTION('',(0.378714505684,0.925513545652,-3.608224830031E-16)
  );
#969 = DEFINITIONAL_REPRESENTATION('',(#970),#974);
#970 = LINE('',#971,#972);
#971 = CARTESIAN_POINT('',(2.234944678063,-2.090953547213E-15));
#972 = VECTOR('',#973,1.);
#973 = DIRECTION('',(-1.937836182728E-16,-1.));
#974 = ( GEOMETRIC_REPRESENTATION_CONTEXT(2) 
PARAMETRIC_REPRESENTATION_CONTEXT() REPRESENTATION_CONTEXT('2D SPACE',''
  ) );
#975 = ORIENTED_EDGE('',*,*,#976,.T.);
#976 = EDGE_CURVE('',#949,#873,#977,.T.);
#977 = SURFACE_CURVE('',#978,(#982,#989),.PCURVE_S1.);
#978 = LINE('',#979,#980);
#979 = CARTESIAN_POINT('',(4.018706259482,3.9,2.5));
#980 = VECTOR('',#981,1.);
#981 = DIRECTION('',(0.990875494923,-0.134780390122,2.999999999999E-17)
  );
#982 = PCURVE('',#888,#983);
#983 = DEFINITIONAL_REPRESENTATION('',(#984),#988);
#984 = LINE('',#985,#986);
#985 = CARTESIAN_POINT('',(-3.485451695256E-17,-2.5));
#986 = VECTOR('',#987,1.);
#987 = DIRECTION('',(1.,-2.E-17));
#988 = ( GEOMETRIC_REPRESENTATION_CONTEXT(2) 
PARAMETRIC_REPRESENTATION_CONTEXT() REPRESENTATION_CONTEXT('2D SPACE',''
  ) );
#989 = PCURVE('',#100,#990);
#990 = DEFINITIONAL_REPRESENTATION('',(#991),#995);
#991 = LINE('',#992,#993);
#992 = CARTESIAN_POINT('',(4.018706259482,3.9));
#993 = VECTOR('',#994,1.);
#994 = DIRECTION('',(0.990875494923,-0.134780390122));
#995 = ( GEOMETRIC_REPRESENTATION_CONTEXT(2) 
PARAMETRIC_REPRESENTATION_CONTEXT() REPRESENTATION_CONTEXT('2D SPACE',''
  ) );
#996 = ORIENTED_EDGE('',*,*,#872,.F.);
#997 = ADVANCED_FACE('',(#998),#964,.F.);
#998 = FACE_BOUND('',#999,.T.);
#999 = EDGE_LOOP('',(#1000,#1023,#1051,#1072));
#1000 = ORIENTED_EDGE('',*,*,#1001,.T.);
#1001 = EDGE_CURVE('',#926,#1002,#1004,.T.);
#1002 = VERTEX_POINT('',#1003);
#1003 = CARTESIAN_POINT('',(9.106335218695,10.620082695934,-5.E-15));
#1004 = SURFACE_CURVE('',#1005,(#1009,#1016),.PCURVE_S1.);
#1005 = LINE('',#1006,#1007);
#1006 = CARTESIAN_POINT('',(5.3868522045,1.530301711059,
    -3.10862446895E-15));
#1007 = VECTOR('',#1008,1.);
#1008 = DIRECTION('',(0.378714505684,0.925513545652,-3.885780586186E-16)
  );
#1009 = PCURVE('',#964,#1010);
#1010 = DEFINITIONAL_REPRESENTATION('',(#1011),#1015);
#1011 = LINE('',#1012,#1013);
#1012 = CARTESIAN_POINT('',(1.602373713729E-31,4.4408920985E-16));
#1013 = VECTOR('',#1014,1.);
#1014 = DIRECTION('',(1.,2.775557561559E-17));
#1015 = ( GEOMETRIC_REPRESENTATION_CONTEXT(2) 
PARAMETRIC_REPRESENTATION_CONTEXT() REPRESENTATION_CONTEXT('2D SPACE',''
  ) );
#1016 = PCURVE('',#44,#1017);
#1017 = DEFINITIONAL_REPRESENTATION('',(#1018),#1022);
#1018 = LINE('',#1019,#1020);
#1019 = CARTESIAN_POINT('',(-5.3868522045,1.530301711059));
#1020 = VECTOR('',#1021,1.);
#1021 = DIRECTION('',(-0.378714505684,0.925513545652));
#1022 = ( GEOMETRIC_REPRESENTATION_CONTEXT(2) 
PARAMETRIC_REPRESENTATION_CONTEXT() REPRESENTATION_CONTEXT('2D SPACE',''
  ) );
#1023 = ORIENTED_EDGE('',*,*,#1024,.T.);
#1024 = EDGE_CURVE('',#1002,#1025,#1027,.T.);
#1025 = VERTEX_POINT('',#1026);
#1026 = CARTESIAN_POINT('',(9.106335218695,10.620082695934,2.5));
#1027 = SURFACE_CURVE('',#1028,(#1032,#1039),.PCURVE_S1.);
#1028 = LINE('',#1029,#1030);
#1029 = CARTESIAN_POINT('',(9.106335218695,10.620082695934,
    -6.661338147751E-15));
#1030 = VECTOR('',#1031,1.);
#1031 = DIRECTION('',(5.551115123126E-16,1.7E-16,1.));
#1032 = PCURVE('',#964,#1033);
#1033 = DEFINITIONAL_REPRESENTATION('',(#1034),#1038);
#1034 = LINE('',#1035,#1036);
#1035 = CARTESIAN_POINT('',(9.821337599629,4.53043469543E-16));
#1036 = VECTOR('',#1037,1.);
#1037 = DIRECTION('',(6.743601742602E-18,-1.));
#1038 = ( GEOMETRIC_REPRESENTATION_CONTEXT(2) 
PARAMETRIC_REPRESENTATION_CONTEXT() REPRESENTATION_CONTEXT('2D SPACE',''
  ) );
#1039 = PCURVE('',#1040,#1045);
#1040 = CYLINDRICAL_SURFACE('',#1041,2.6);
#1041 = AXIS2_PLACEMENT_3D('',#1042,#1043,#1044);
#1042 = CARTESIAN_POINT('',(6.7,11.604740410711,-4.884981308351E-15));
#1043 = DIRECTION('',(-5.551115123126E-16,-1.7E-16,-1.));
#1044 = DIRECTION('',(0.5,0.866025403784,-4.247800747997E-16));
#1045 = DEFINITIONAL_REPRESENTATION('',(#1046),#1050);
#1046 = LINE('',#1047,#1048);
#1047 = CARTESIAN_POINT('',(7.718789807012,6.079642685312E-16));
#1048 = VECTOR('',#1049,1.);
#1049 = DIRECTION('',(2.6645352591E-16,-1.));
#1050 = ( GEOMETRIC_REPRESENTATION_CONTEXT(2) 
PARAMETRIC_REPRESENTATION_CONTEXT() REPRESENTATION_CONTEXT('2D SPACE',''
  ) );
#1051 = ORIENTED_EDGE('',*,*,#1052,.F.);
#1052 = EDGE_CURVE('',#949,#1025,#1053,.T.);
#1053 = SURFACE_CURVE('',#1054,(#1058,#1065),.PCURVE_S1.);
#1054 = LINE('',#1055,#1056);
#1055 = CARTESIAN_POINT('',(5.3868522045,1.530301711059,2.5));
#1056 = VECTOR('',#1057,1.);
#1057 = DIRECTION('',(0.378714505684,0.925513545652,-3.885780586186E-16)
  );
#1058 = PCURVE('',#964,#1059);
#1059 = DEFINITIONAL_REPRESENTATION('',(#1060),#1064);
#1060 = LINE('',#1061,#1062);
#1061 = CARTESIAN_POINT('',(-9.767007355258E-16,-2.5));
#1062 = VECTOR('',#1063,1.);
#1063 = DIRECTION('',(1.,2.775557561559E-17));
#1064 = ( GEOMETRIC_REPRESENTATION_CONTEXT(2) 
PARAMETRIC_REPRESENTATION_CONTEXT() REPRESENTATION_CONTEXT('2D SPACE',''
  ) );
#1065 = PCURVE('',#100,#1066);
#1066 = DEFINITIONAL_REPRESENTATION('',(#1067),#1071);
#1067 = LINE('',#1068,#1069);
#1068 = CARTESIAN_POINT('',(5.3868522045,1.530301711059));
#1069 = VECTOR('',#1070,1.);
#1070 = DIRECTION('',(0.378714505684,0.925513545652));
#1071 = ( GEOMETRIC_REPRESENTATION_CONTEXT(2) 
PARAMETRIC_REPRESENTATION_CONTEXT() REPRESENTATION_CONTEXT('2D SPACE',''
  ) );
#1072 = ORIENTED_EDGE('',*,*,#948,.F.);
#1073 = ADVANCED_FACE('',(#1074),#1040,.T.);
#1074 = FACE_BOUND('',#1075,.T.);
#1075 = EDGE_LOOP('',(#1076,#1077,#1105,#1133));
#1076 = ORIENTED_EDGE('',*,*,#1024,.F.);
#1077 = ORIENTED_EDGE('',*,*,#1078,.T.);
#1078 = EDGE_CURVE('',#1002,#1079,#1081,.T.);
#1079 = VERTEX_POINT('',#1080);
#1080 = CARTESIAN_POINT('',(4.644093795623,13.196358982734,-4.E-15));
#1081 = SURFACE_CURVE('',#1082,(#1087,#1094),.PCURVE_S1.);
#1082 = CIRCLE('',#1083,2.6);
#1083 = AXIS2_PLACEMENT_3D('',#1084,#1085,#1086);
#1084 = CARTESIAN_POINT('',(6.7,11.604740410711,-5.773159728051E-15));
#1085 = DIRECTION('',(5.243667956904E-16,2.420961171627E-16,1.));
#1086 = DIRECTION('',(0.5,0.866025403784,-4.718447854657E-16));
#1087 = PCURVE('',#1040,#1088);
#1088 = DEFINITIONAL_REPRESENTATION('',(#1089),#1093);
#1089 = LINE('',#1090,#1091);
#1090 = CARTESIAN_POINT('',(12.566370614359,1.979904910049E-16));
#1091 = VECTOR('',#1092,1.);
#1092 = DIRECTION('',(-1.,1.124717375525E-16));
#1093 = ( GEOMETRIC_REPRESENTATION_CONTEXT(2) 
PARAMETRIC_REPRESENTATION_CONTEXT() REPRESENTATION_CONTEXT('2D SPACE',''
  ) );
#1094 = PCURVE('',#44,#1095);
#1095 = DEFINITIONAL_REPRESENTATION('',(#1096),#1104);
#1096 = ( BOUNDED_CURVE() B_SPLINE_CURVE(2,(#1097,#1098,#1099,#1100,
#1101,#1102,#1103),.UNSPECIFIED.,.T.,.F.) B_SPLINE_CURVE_WITH_KNOTS((1,2
    ,2,2,2,1),(-2.094395102393,0.,2.094395102393,4.188790204786,
6.28318530718,8.377580409573),.UNSPECIFIED.) CURVE() 
GEOMETRIC_REPRESENTATION_ITEM() RATIONAL_B_SPLINE_CURVE((1.,0.5,1.,0.5,
1.,0.5,1.)) REPRESENTATION_ITEM('') );
#1097 = CARTESIAN_POINT('',(-8.,13.85640646055));
#1098 = CARTESIAN_POINT('',(-4.100000000001,16.108072510391));
#1099 = CARTESIAN_POINT('',(-4.1,11.604740410712));
#1100 = CARTESIAN_POINT('',(-4.099999999999,7.101408311032));
#1101 = CARTESIAN_POINT('',(-8.,9.353074360871));
#1102 = CARTESIAN_POINT('',(-11.9,11.60474041071));
#1103 = CARTESIAN_POINT('',(-8.,13.85640646055));
#1104 = ( GEOMETRIC_REPRESENTATION_CONTEXT(2) 
PARAMETRIC_REPRESENTATION_CONTEXT() REPRESENTATION_CONTEXT('2D SPACE',''
  ) );
#1105 = ORIENTED_EDGE('',*,*,#1106,.T.);
#1106 = EDGE_CURVE('',#1079,#1107,#1109,.T.);
#1107 = VERTEX_POINT('',#1108);
#1108 = CARTESIAN_POINT('',(4.644093795623,13.196358982734,2.5));
#1109 = SURFACE_CURVE('',#1110,(#1114,#1121),.PCURVE_S1.);
#1110 = LINE('',#1111,#1112);
#1111 = CARTESIAN_POINT('',(4.644093795623,13.196358982734,
    -4.440892098501E-15));
#1112 = VECTOR('',#1113,1.);
#1113 = DIRECTION('',(5.551115123126E-16,1.7E-16,1.));
#1114 = PCURVE('',#1040,#1115);
#1115 = DEFINITIONAL_REPRESENTATION('',(#1116),#1120);
#1116 = LINE('',#1117,#1118);
#1117 = CARTESIAN_POINT('',(4.847580807347,4.265928351907E-16));
#1118 = VECTOR('',#1119,1.);
#1119 = DIRECTION('',(-3.5527136788E-16,-1.));
#1120 = ( GEOMETRIC_REPRESENTATION_CONTEXT(2) 
PARAMETRIC_REPRESENTATION_CONTEXT() REPRESENTATION_CONTEXT('2D SPACE',''
  ) );
#1121 = PCURVE('',#1122,#1127);
#1122 = PLANE('',#1123);
#1123 = AXIS2_PLACEMENT_3D('',#1124,#1125,#1126);
#1124 = CARTESIAN_POINT('',(-1.368145945018,5.430301711059,
    -2.22044604925E-16));
#1125 = DIRECTION('',(-0.790733155529,0.612160989239,2.775557561565E-16)
  );
#1126 = DIRECTION('',(0.612160989239,0.790733155529,-4.440892098503E-16)
  );
#1127 = DEFINITIONAL_REPRESENTATION('',(#1128),#1132);
#1128 = LINE('',#1129,#1130);
#1129 = CARTESIAN_POINT('',(9.821337599629,-1.427025607161E-16));
#1130 = VECTOR('',#1131,1.);
#1131 = DIRECTION('',(3.015303910508E-17,-1.));
#1132 = ( GEOMETRIC_REPRESENTATION_CONTEXT(2) 
PARAMETRIC_REPRESENTATION_CONTEXT() REPRESENTATION_CONTEXT('2D SPACE',''
  ) );
#1133 = ORIENTED_EDGE('',*,*,#1134,.F.);
#1134 = EDGE_CURVE('',#1025,#1107,#1135,.T.);
#1135 = SURFACE_CURVE('',#1136,(#1141,#1148),.PCURVE_S1.);
#1136 = CIRCLE('',#1137,2.6);
#1137 = AXIS2_PLACEMENT_3D('',#1138,#1139,#1140);
#1138 = CARTESIAN_POINT('',(6.7,11.604740410711,2.5));
#1139 = DIRECTION('',(5.243667956904E-16,2.420961171627E-16,1.));
#1140 = DIRECTION('',(0.5,0.866025403784,-4.718447854657E-16));
#1141 = PCURVE('',#1040,#1142);
#1142 = DEFINITIONAL_REPRESENTATION('',(#1143),#1147);
#1143 = LINE('',#1144,#1145);
#1144 = CARTESIAN_POINT('',(12.566370614359,-2.5));
#1145 = VECTOR('',#1146,1.);
#1146 = DIRECTION('',(-1.,0.));
#1147 = ( GEOMETRIC_REPRESENTATION_CONTEXT(2) 
PARAMETRIC_REPRESENTATION_CONTEXT() REPRESENTATION_CONTEXT('2D SPACE',''
  ) );
#1148 = PCURVE('',#100,#1149);
#1149 = DEFINITIONAL_REPRESENTATION('',(#1150),#1154);
#1150 = CIRCLE('',#1151,2.6);
#1151 = AXIS2_PLACEMENT_2D('',#1152,#1153);
#1152 = CARTESIAN_POINT('',(6.7,11.604740410711));
#1153 = DIRECTION('',(0.5,0.866025403784));
#1154 = ( GEOMETRIC_REPRESENTATION_CONTEXT(2) 
PARAMETRIC_REPRESENTATION_CONTEXT() REPRESENTATION_CONTEXT('2D SPACE',''
  ) );
#1155 = ADVANCED_FACE('',(#1156),#1122,.T.);
#1156 = FACE_BOUND('',#1157,.T.);
#1157 = EDGE_LOOP('',(#1158,#1181,#1209,#1230));
#1158 = ORIENTED_EDGE('',*,*,#1159,.F.);
#1159 = EDGE_CURVE('',#1160,#1079,#1162,.T.);
#1160 = VERTEX_POINT('',#1161);
#1161 = CARTESIAN_POINT('',(1.E-15,7.197546568778,-3.E-15));
#1162 = SURFACE_CURVE('',#1163,(#1167,#1174),.PCURVE_S1.);
#1163 = LINE('',#1164,#1165);
#1164 = CARTESIAN_POINT('',(-1.368145945018,5.430301711059,
    -3.330669073875E-16));
#1165 = VECTOR('',#1166,1.);
#1166 = DIRECTION('',(0.612160989239,0.790733155529,-4.996003610816E-16)
  );
#1167 = PCURVE('',#1122,#1168);
#1168 = DEFINITIONAL_REPRESENTATION('',(#1169),#1173);
#1169 = LINE('',#1170,#1171);
#1170 = CARTESIAN_POINT('',(4.930380657634E-32,1.110223024625E-16));
#1171 = VECTOR('',#1172,1.);
#1172 = DIRECTION('',(1.,5.551115123123E-17));
#1173 = ( GEOMETRIC_REPRESENTATION_CONTEXT(2) 
PARAMETRIC_REPRESENTATION_CONTEXT() REPRESENTATION_CONTEXT('2D SPACE',''
  ) );
#1174 = PCURVE('',#44,#1175);
#1175 = DEFINITIONAL_REPRESENTATION('',(#1176),#1180);
#1176 = LINE('',#1177,#1178);
#1177 = CARTESIAN_POINT('',(1.368145945018,5.430301711059));
#1178 = VECTOR('',#1179,1.);
#1179 = DIRECTION('',(-0.612160989239,0.790733155529));
#1180 = ( GEOMETRIC_REPRESENTATION_CONTEXT(2) 
PARAMETRIC_REPRESENTATION_CONTEXT() REPRESENTATION_CONTEXT('2D SPACE',''
  ) );
#1181 = ORIENTED_EDGE('',*,*,#1182,.T.);
#1182 = EDGE_CURVE('',#1160,#1183,#1185,.T.);
#1183 = VERTEX_POINT('',#1184);
#1184 = CARTESIAN_POINT('',(2.E-15,7.197546568778,2.5));
#1185 = SURFACE_CURVE('',#1186,(#1190,#1197),.PCURVE_S1.);
#1186 = LINE('',#1187,#1188);
#1187 = CARTESIAN_POINT('',(7.8E-16,7.197546568778,-1.11E-15));
#1188 = VECTOR('',#1189,1.);
#1189 = DIRECTION('',(3.9E-16,2.E-16,1.));
#1190 = PCURVE('',#1122,#1191);
#1191 = DEFINITIONAL_REPRESENTATION('',(#1192),#1196);
#1192 = LINE('',#1193,#1194);
#1193 = CARTESIAN_POINT('',(2.234944678063,-1.045594210652E-16));
#1194 = VECTOR('',#1195,1.);
#1195 = DIRECTION('',(-4.719979294112E-17,-1.));
#1196 = ( GEOMETRIC_REPRESENTATION_CONTEXT(2) 
PARAMETRIC_REPRESENTATION_CONTEXT() REPRESENTATION_CONTEXT('2D SPACE',''
  ) );
#1197 = PCURVE('',#1198,#1203);
#1198 = PLANE('',#1199);
#1199 = AXIS2_PLACEMENT_3D('',#1200,#1201,#1202);
#1200 = CARTESIAN_POINT('',(1.368145945018,5.430301711059,
    -1.887379141863E-15));
#1201 = DIRECTION('',(-0.790733155529,-0.612160989239,3.88578058619E-16)
  );
#1202 = DIRECTION('',(-0.612160989239,0.790733155529,-5.551115123129E-17
    ));
#1203 = DEFINITIONAL_REPRESENTATION('',(#1204),#1208);
#1204 = LINE('',#1205,#1206);
#1205 = CARTESIAN_POINT('',(2.234944678063,-9.014434938807E-16));
#1206 = VECTOR('',#1207,1.);
#1207 = DIRECTION('',(-1.361073059287E-16,-1.));
#1208 = ( GEOMETRIC_REPRESENTATION_CONTEXT(2) 
PARAMETRIC_REPRESENTATION_CONTEXT() REPRESENTATION_CONTEXT('2D SPACE',''
  ) );
#1209 = ORIENTED_EDGE('',*,*,#1210,.T.);
#1210 = EDGE_CURVE('',#1183,#1107,#1211,.T.);
#1211 = SURFACE_CURVE('',#1212,(#1216,#1223),.PCURVE_S1.);
#1212 = LINE('',#1213,#1214);
#1213 = CARTESIAN_POINT('',(-1.368145945018,5.430301711059,2.5));
#1214 = VECTOR('',#1215,1.);
#1215 = DIRECTION('',(0.612160989239,0.790733155529,-4.996003610816E-16)
  );
#1216 = PCURVE('',#1122,#1217);
#1217 = DEFINITIONAL_REPRESENTATION('',(#1218),#1222);
#1218 = LINE('',#1219,#1220);
#1219 = CARTESIAN_POINT('',(-8.383689346135E-16,-2.5));
#1220 = VECTOR('',#1221,1.);
#1221 = DIRECTION('',(1.,5.551115123123E-17));
#1222 = ( GEOMETRIC_REPRESENTATION_CONTEXT(2) 
PARAMETRIC_REPRESENTATION_CONTEXT() REPRESENTATION_CONTEXT('2D SPACE',''
  ) );
#1223 = PCURVE('',#100,#1224);
#1224 = DEFINITIONAL_REPRESENTATION('',(#1225),#1229);
#1225 = LINE('',#1226,#1227);
#1226 = CARTESIAN_POINT('',(-1.368145945018,5.430301711059));
#1227 = VECTOR('',#1228,1.);
#1228 = DIRECTION('',(0.612160989239,0.790733155529));
#1229 = ( GEOMETRIC_REPRESENTATION_CONTEXT(2) 
PARAMETRIC_REPRESENTATION_CONTEXT() REPRESENTATION_CONTEXT('2D SPACE',''
  ) );
#1230 = ORIENTED_EDGE('',*,*,#1106,.F.);
#1231 = ADVANCED_FACE('',(#1232),#1198,.F.);
#1232 = FACE_BOUND('',#1233,.T.);
#1233 = EDGE_LOOP('',(#1234,#1257,#1285,#1306));
#1234 = ORIENTED_EDGE('',*,*,#1235,.T.);
#1235 = EDGE_CURVE('',#1160,#1236,#1238,.T.);
#1236 = VERTEX_POINT('',#1237);
#1237 = CARTESIAN_POINT('',(-4.644093795623,13.196358982734,-4.E-15));
#1238 = SURFACE_CURVE('',#1239,(#1243,#1250),.PCURVE_S1.);
#1239 = LINE('',#1240,#1241);
#1240 = CARTESIAN_POINT('',(1.368145945018,5.430301711059,
    -1.7763568394E-15));
#1241 = VECTOR('',#1242,1.);
#1242 = DIRECTION('',(-0.612160989239,0.790733155529,5.551115123129E-17)
  );
#1243 = PCURVE('',#1198,#1244);
#1244 = DEFINITIONAL_REPRESENTATION('',(#1245),#1249);
#1245 = LINE('',#1246,#1247);
#1246 = CARTESIAN_POINT('',(-6.16297582207E-33,-1.11022302463E-16));
#1247 = VECTOR('',#1248,1.);
#1248 = DIRECTION('',(1.,-1.110223024626E-16));
#1249 = ( GEOMETRIC_REPRESENTATION_CONTEXT(2) 
PARAMETRIC_REPRESENTATION_CONTEXT() REPRESENTATION_CONTEXT('2D SPACE',''
  ) );
#1250 = PCURVE('',#44,#1251);
#1251 = DEFINITIONAL_REPRESENTATION('',(#1252),#1256);
#1252 = LINE('',#1253,#1254);
#1253 = CARTESIAN_POINT('',(-1.368145945018,5.430301711059));
#1254 = VECTOR('',#1255,1.);
#1255 = DIRECTION('',(0.612160989239,0.790733155529));
#1256 = ( GEOMETRIC_REPRESENTATION_CONTEXT(2) 
PARAMETRIC_REPRESENTATION_CONTEXT() REPRESENTATION_CONTEXT('2D SPACE',''
  ) );
#1257 = ORIENTED_EDGE('',*,*,#1258,.T.);
#1258 = EDGE_CURVE('',#1236,#1259,#1261,.T.);
#1259 = VERTEX_POINT('',#1260);
#1260 = CARTESIAN_POINT('',(-4.644093795623,13.196358982734,2.5));
#1261 = SURFACE_CURVE('',#1262,(#1266,#1273),.PCURVE_S1.);
#1262 = LINE('',#1263,#1264);
#1263 = CARTESIAN_POINT('',(-4.644093795623,13.196358982734,
    -1.33226762955E-15));
#1264 = VECTOR('',#1265,1.);
#1265 = DIRECTION('',(3.885780586188E-16,2.8E-16,1.));
#1266 = PCURVE('',#1198,#1267);
#1267 = DEFINITIONAL_REPRESENTATION('',(#1268),#1272);
#1268 = LINE('',#1269,#1270);
#1269 = CARTESIAN_POINT('',(9.821337599629,-1.1003052691E-15));
#1270 = VECTOR('',#1271,1.);
#1271 = DIRECTION('',(-7.197819644383E-17,-1.));
#1272 = ( GEOMETRIC_REPRESENTATION_CONTEXT(2) 
PARAMETRIC_REPRESENTATION_CONTEXT() REPRESENTATION_CONTEXT('2D SPACE',''
  ) );
#1273 = PCURVE('',#1274,#1279);
#1274 = CYLINDRICAL_SURFACE('',#1275,2.6);
#1275 = AXIS2_PLACEMENT_3D('',#1276,#1277,#1278);
#1276 = CARTESIAN_POINT('',(-6.7,11.604740410711,0.));
#1277 = DIRECTION('',(-3.885780586188E-16,-2.8E-16,-1.));
#1278 = DIRECTION('',(-0.5,0.866025403784,-4.819808375014E-17));
#1279 = DEFINITIONAL_REPRESENTATION('',(#1280),#1284);
#1280 = LINE('',#1281,#1282);
#1281 = CARTESIAN_POINT('',(1.435604499833,8.77343877844E-17));
#1282 = VECTOR('',#1283,1.);
#1283 = DIRECTION('',(0.,-1.));
#1284 = ( GEOMETRIC_REPRESENTATION_CONTEXT(2) 
PARAMETRIC_REPRESENTATION_CONTEXT() REPRESENTATION_CONTEXT('2D SPACE',''
  ) );
#1285 = ORIENTED_EDGE('',*,*,#1286,.F.);
#1286 = EDGE_CURVE('',#1183,#1259,#1287,.T.);
#1287 = SURFACE_CURVE('',#1288,(#1292,#1299),.PCURVE_S1.);
#1288 = LINE('',#1289,#1290);
#1289 = CARTESIAN_POINT('',(1.368145945018,5.430301711059,2.5));
#1290 = VECTOR('',#1291,1.);
#1291 = DIRECTION('',(-0.612160989239,0.790733155529,5.551115123129E-17)
  );
#1292 = PCURVE('',#1198,#1293);
#1293 = DEFINITIONAL_REPRESENTATION('',(#1294),#1298);
#1294 = LINE('',#1295,#1296);
#1295 = CARTESIAN_POINT('',(1.557531113859E-16,-2.5));
#1296 = VECTOR('',#1297,1.);
#1297 = DIRECTION('',(1.,-1.110223024626E-16));
#1298 = ( GEOMETRIC_REPRESENTATION_CONTEXT(2) 
PARAMETRIC_REPRESENTATION_CONTEXT() REPRESENTATION_CONTEXT('2D SPACE',''
  ) );
#1299 = PCURVE('',#100,#1300);
#1300 = DEFINITIONAL_REPRESENTATION('',(#1301),#1305);
#1301 = LINE('',#1302,#1303);
#1302 = CARTESIAN_POINT('',(1.368145945018,5.430301711059));
#1303 = VECTOR('',#1304,1.);
#1304 = DIRECTION('',(-0.612160989239,0.790733155529));
#1305 = ( GEOMETRIC_REPRESENTATION_CONTEXT(2) 
PARAMETRIC_REPRESENTATION_CONTEXT() REPRESENTATION_CONTEXT('2D SPACE',''
  ) );
#1306 = ORIENTED_EDGE('',*,*,#1182,.F.);
#1307 = ADVANCED_FACE('',(#1308),#126,.T.);
#1308 = FACE_BOUND('',#1309,.T.);
#1309 = EDGE_LOOP('',(#1310,#1333,#1334,#1357));
#1310 = ORIENTED_EDGE('',*,*,#1311,.F.);
#1311 = EDGE_CURVE('',#22,#1312,#1314,.T.);
#1312 = VERTEX_POINT('',#1313);
#1313 = CARTESIAN_POINT('',(-9.106335218695,10.620082695934,-2.E-15));
#1314 = SURFACE_CURVE('',#1315,(#1319,#1326),.PCURVE_S1.);
#1315 = LINE('',#1316,#1317);
#1316 = CARTESIAN_POINT('',(-5.3868522045,1.530301711059,
    2.22044604925E-15));
#1317 = VECTOR('',#1318,1.);
#1318 = DIRECTION('',(-0.378714505684,0.925513545652,-5.551115123124E-17
    ));
#1319 = PCURVE('',#126,#1320);
#1320 = DEFINITIONAL_REPRESENTATION('',(#1321),#1325);
#1321 = LINE('',#1322,#1323);
#1322 = CARTESIAN_POINT('',(-2.465190328814E-32,-4.4408920985E-16));
#1323 = VECTOR('',#1324,1.);
#1324 = DIRECTION('',(1.,2.465190328816E-32));
#1325 = ( GEOMETRIC_REPRESENTATION_CONTEXT(2) 
PARAMETRIC_REPRESENTATION_CONTEXT() REPRESENTATION_CONTEXT('2D SPACE',''
  ) );
#1326 = PCURVE('',#44,#1327);
#1327 = DEFINITIONAL_REPRESENTATION('',(#1328),#1332);
#1328 = LINE('',#1329,#1330);
#1329 = CARTESIAN_POINT('',(5.3868522045,1.530301711059));
#1330 = VECTOR('',#1331,1.);
#1331 = DIRECTION('',(0.378714505684,0.925513545652));
#1332 = ( GEOMETRIC_REPRESENTATION_CONTEXT(2) 
PARAMETRIC_REPRESENTATION_CONTEXT() REPRESENTATION_CONTEXT('2D SPACE',''
  ) );
#1333 = ORIENTED_EDGE('',*,*,#112,.T.);
#1334 = ORIENTED_EDGE('',*,*,#1335,.T.);
#1335 = EDGE_CURVE('',#85,#1336,#1338,.T.);
#1336 = VERTEX_POINT('',#1337);
#1337 = CARTESIAN_POINT('',(-9.106335218695,10.620082695934,2.5));
#1338 = SURFACE_CURVE('',#1339,(#1343,#1350),.PCURVE_S1.);
#1339 = LINE('',#1340,#1341);
#1340 = CARTESIAN_POINT('',(-5.3868522045,1.530301711059,2.5));
#1341 = VECTOR('',#1342,1.);
#1342 = DIRECTION('',(-0.378714505684,0.925513545652,-5.551115123124E-17
    ));
#1343 = PCURVE('',#126,#1344);
#1344 = DEFINITIONAL_REPRESENTATION('',(#1345),#1349);
#1345 = LINE('',#1346,#1347);
#1346 = CARTESIAN_POINT('',(-6.413335005993E-17,-2.5));
#1347 = VECTOR('',#1348,1.);
#1348 = DIRECTION('',(1.,2.465190328816E-32));
#1349 = ( GEOMETRIC_REPRESENTATION_CONTEXT(2) 
PARAMETRIC_REPRESENTATION_CONTEXT() REPRESENTATION_CONTEXT('2D SPACE',''
  ) );
#1350 = PCURVE('',#100,#1351);
#1351 = DEFINITIONAL_REPRESENTATION('',(#1352),#1356);
#1352 = LINE('',#1353,#1354);
#1353 = CARTESIAN_POINT('',(-5.3868522045,1.530301711059));
#1354 = VECTOR('',#1355,1.);
#1355 = DIRECTION('',(-0.378714505684,0.925513545652));
#1356 = ( GEOMETRIC_REPRESENTATION_CONTEXT(2) 
PARAMETRIC_REPRESENTATION_CONTEXT() REPRESENTATION_CONTEXT('2D SPACE',''
  ) );
#1357 = ORIENTED_EDGE('',*,*,#1358,.F.);
#1358 = EDGE_CURVE('',#1312,#1336,#1359,.T.);
#1359 = SURFACE_CURVE('',#1360,(#1364,#1371),.PCURVE_S1.);
#1360 = LINE('',#1361,#1362);
#1361 = CARTESIAN_POINT('',(-9.106335218695,10.620082695934,
    4.440892098501E-16));
#1362 = VECTOR('',#1363,1.);
#1363 = DIRECTION('',(3.885780586188E-16,2.8E-16,1.));
#1364 = PCURVE('',#126,#1365);
#1365 = DEFINITIONAL_REPRESENTATION('',(#1366),#1370);
#1366 = LINE('',#1367,#1368);
#1367 = CARTESIAN_POINT('',(9.821337599629,7.870738727628E-16));
#1368 = VECTOR('',#1369,1.);
#1369 = DIRECTION('',(5.647249416181E-17,-1.));
#1370 = ( GEOMETRIC_REPRESENTATION_CONTEXT(2) 
PARAMETRIC_REPRESENTATION_CONTEXT() REPRESENTATION_CONTEXT('2D SPACE',''
  ) );
#1371 = PCURVE('',#1274,#1372);
#1372 = DEFINITIONAL_REPRESENTATION('',(#1373),#1377);
#1373 = LINE('',#1374,#1375);
#1374 = CARTESIAN_POINT('',(-1.435604499832,7.66664017954E-16));
#1375 = VECTOR('',#1376,1.);
#1376 = DIRECTION('',(-3.5527136788E-16,-1.));
#1377 = ( GEOMETRIC_REPRESENTATION_CONTEXT(2) 
PARAMETRIC_REPRESENTATION_CONTEXT() REPRESENTATION_CONTEXT('2D SPACE',''
  ) );
#1378 = ADVANCED_FACE('',(#1379),#1274,.T.);
#1379 = FACE_BOUND('',#1380,.T.);
#1380 = EDGE_LOOP('',(#1381,#1382,#1408,#1409));
#1381 = ORIENTED_EDGE('',*,*,#1258,.F.);
#1382 = ORIENTED_EDGE('',*,*,#1383,.T.);
#1383 = EDGE_CURVE('',#1236,#1312,#1384,.T.);
#1384 = SURFACE_CURVE('',#1385,(#1390,#1397),.PCURVE_S1.);
#1385 = CIRCLE('',#1386,2.6);
#1386 = AXIS2_PLACEMENT_3D('',#1387,#1388,#1389);
#1387 = CARTESIAN_POINT('',(-6.7,11.604740410711,8.881784197001E-16));
#1388 = DIRECTION('',(3.365184701171E-16,1.942890293094E-16,1.));
#1389 = DIRECTION('',(-0.5,0.866025403784,7.545947596505E-29));
#1390 = PCURVE('',#1274,#1391);
#1391 = DEFINITIONAL_REPRESENTATION('',(#1392),#1396);
#1392 = LINE('',#1393,#1394);
#1393 = CARTESIAN_POINT('',(6.28318530718,-1.896644381895E-15));
#1394 = VECTOR('',#1395,1.);
#1395 = DIRECTION('',(-1.,1.578142147235E-16));
#1396 = ( GEOMETRIC_REPRESENTATION_CONTEXT(2) 
PARAMETRIC_REPRESENTATION_CONTEXT() REPRESENTATION_CONTEXT('2D SPACE',''
  ) );
#1397 = PCURVE('',#44,#1398);
#1398 = DEFINITIONAL_REPRESENTATION('',(#1399),#1407);
#1399 = ( BOUNDED_CURVE() B_SPLINE_CURVE(2,(#1400,#1401,#1402,#1403,
#1404,#1405,#1406),.UNSPECIFIED.,.T.,.F.) B_SPLINE_CURVE_WITH_KNOTS((1,2
    ,2,2,2,1),(-2.094395102393,0.,2.094395102393,4.188790204786,
6.28318530718,8.377580409573),.UNSPECIFIED.) CURVE() 
GEOMETRIC_REPRESENTATION_ITEM() RATIONAL_B_SPLINE_CURVE((1.,0.5,1.,0.5,
1.,0.5,1.)) REPRESENTATION_ITEM('') );
#1400 = CARTESIAN_POINT('',(8.,13.85640646055));
#1401 = CARTESIAN_POINT('',(11.9,11.60474041071));
#1402 = CARTESIAN_POINT('',(8.,9.353074360871));
#1403 = CARTESIAN_POINT('',(4.099999999999,7.101408311032));
#1404 = CARTESIAN_POINT('',(4.1,11.604740410712));
#1405 = CARTESIAN_POINT('',(4.100000000001,16.108072510391));
#1406 = CARTESIAN_POINT('',(8.,13.85640646055));
#1407 = ( GEOMETRIC_REPRESENTATION_CONTEXT(2) 
PARAMETRIC_REPRESENTATION_CONTEXT() REPRESENTATION_CONTEXT('2D SPACE',''
  ) );
#1408 = ORIENTED_EDGE('',*,*,#1358,.T.);
#1409 = ORIENTED_EDGE('',*,*,#1410,.F.);
#1410 = EDGE_CURVE('',#1259,#1336,#1411,.T.);
#1411 = SURFACE_CURVE('',#1412,(#1417,#1424),.PCURVE_S1.);
#1412 = CIRCLE('',#1413,2.6);
#1413 = AXIS2_PLACEMENT_3D('',#1414,#1415,#1416);
#1414 = CARTESIAN_POINT('',(-6.7,11.604740410711,2.5));
#1415 = DIRECTION('',(3.365184701171E-16,1.942890293094E-16,1.));
#1416 = DIRECTION('',(-0.5,0.866025403784,7.545947596505E-29));
#1417 = PCURVE('',#1274,#1418);
#1418 = DEFINITIONAL_REPRESENTATION('',(#1419),#1423);
#1419 = LINE('',#1420,#1421);
#1420 = CARTESIAN_POINT('',(6.28318530718,-2.5));
#1421 = VECTOR('',#1422,1.);
#1422 = DIRECTION('',(-1.,1.546697610317E-16));
#1423 = ( GEOMETRIC_REPRESENTATION_CONTEXT(2) 
PARAMETRIC_REPRESENTATION_CONTEXT() REPRESENTATION_CONTEXT('2D SPACE',''
  ) );
#1424 = PCURVE('',#100,#1425);
#1425 = DEFINITIONAL_REPRESENTATION('',(#1426),#1430);
#1426 = CIRCLE('',#1427,2.6);
#1427 = AXIS2_PLACEMENT_2D('',#1428,#1429);
#1428 = CARTESIAN_POINT('',(-6.7,11.604740410711));
#1429 = DIRECTION('',(-0.5,0.866025403784));
#1430 = ( GEOMETRIC_REPRESENTATION_CONTEXT(2) 
PARAMETRIC_REPRESENTATION_CONTEXT() REPRESENTATION_CONTEXT('2D SPACE',''
  ) );
#1431 = ADVANCED_FACE('',(#1432,#1452,#1487,#1522,#1557,#1592,#1627,
    #1662,#1697,#1732,#1767,#1802,#1837,#1872,#1907,#1942,#1977,#2012,
    #2047,#2082),#44,.T.);
#1432 = FACE_BOUND('',#1433,.T.);
#1433 = EDGE_LOOP('',(#1434,#1435,#1436,#1437,#1438,#1439,#1440,#1441,
    #1442,#1443,#1444,#1445,#1446,#1447,#1448,#1449,#1450,#1451));
#1434 = ORIENTED_EDGE('',*,*,#21,.F.);
#1435 = ORIENTED_EDGE('',*,*,#1311,.T.);
#1436 = ORIENTED_EDGE('',*,*,#1383,.F.);
#1437 = ORIENTED_EDGE('',*,*,#1235,.F.);
#1438 = ORIENTED_EDGE('',*,*,#1159,.T.);
#1439 = ORIENTED_EDGE('',*,*,#1078,.F.);
#1440 = ORIENTED_EDGE('',*,*,#1001,.F.);
#1441 = ORIENTED_EDGE('',*,*,#925,.T.);
#1442 = ORIENTED_EDGE('',*,*,#844,.F.);
#1443 = ORIENTED_EDGE('',*,*,#767,.F.);
#1444 = ORIENTED_EDGE('',*,*,#691,.T.);
#1445 = ORIENTED_EDGE('',*,*,#610,.F.);
#1446 = ORIENTED_EDGE('',*,*,#533,.F.);
#1447 = ORIENTED_EDGE('',*,*,#457,.T.);
#1448 = ORIENTED_EDGE('',*,*,#376,.F.);
#1449 = ORIENTED_EDGE('',*,*,#299,.F.);
#1450 = ORIENTED_EDGE('',*,*,#223,.T.);
#1451 = ORIENTED_EDGE('',*,*,#142,.F.);
#1452 = FACE_BOUND('',#1453,.T.);
#1453 = EDGE_LOOP('',(#1454));
#1454 = ORIENTED_EDGE('',*,*,#1455,.T.);
#1455 = EDGE_CURVE('',#1456,#1456,#1458,.T.);
#1456 = VERTEX_POINT('',#1457);
#1457 = CARTESIAN_POINT('',(4.5,-5.510910596163E-16,5.761926323154E-31)
  );
#1458 = SURFACE_CURVE('',#1459,(#1464,#1475),.PCURVE_S1.);
#1459 = CIRCLE('',#1460,4.5);
#1460 = AXIS2_PLACEMENT_3D('',#1461,#1462,#1463);
#1461 = CARTESIAN_POINT('',(0.,0.,0.));
#1462 = DIRECTION('',(0.,6.6E-16,1.));
#1463 = DIRECTION('',(-1.,0.,0.));
#1464 = PCURVE('',#44,#1465);
#1465 = DEFINITIONAL_REPRESENTATION('',(#1466),#1474);
#1466 = ( BOUNDED_CURVE() B_SPLINE_CURVE(2,(#1467,#1468,#1469,#1470,
#1471,#1472,#1473),.UNSPECIFIED.,.T.,.F.) B_SPLINE_CURVE_WITH_KNOTS((1,2
    ,2,2,2,1),(-2.094395102393,0.,2.094395102393,4.188790204786,
6.28318530718,8.377580409573),.UNSPECIFIED.) CURVE() 
GEOMETRIC_REPRESENTATION_ITEM() RATIONAL_B_SPLINE_CURVE((1.,0.5,1.,0.5,
1.,0.5,1.)) REPRESENTATION_ITEM('') );
#1467 = CARTESIAN_POINT('',(4.5,-3.E-16));
#1468 = CARTESIAN_POINT('',(4.5,-7.79422863406));
#1469 = CARTESIAN_POINT('',(-2.25,-3.89711431703));
#1470 = CARTESIAN_POINT('',(-9.,-1.402182119233E-15));
#1471 = CARTESIAN_POINT('',(-2.25,3.89711431703));
#1472 = CARTESIAN_POINT('',(4.5,7.79422863406));
#1473 = CARTESIAN_POINT('',(4.5,-3.E-16));
#1474 = ( GEOMETRIC_REPRESENTATION_CONTEXT(2) 
PARAMETRIC_REPRESENTATION_CONTEXT() REPRESENTATION_CONTEXT('2D SPACE',''
  ) );
#1475 = PCURVE('',#1476,#1481);
#1476 = CYLINDRICAL_SURFACE('',#1477,4.5);
#1477 = AXIS2_PLACEMENT_3D('',#1478,#1479,#1480);
#1478 = CARTESIAN_POINT('',(0.,0.,0.));
#1479 = DIRECTION('',(0.,-6.6E-16,-1.));
#1480 = DIRECTION('',(-1.,-0.,0.));
#1481 = DEFINITIONAL_REPRESENTATION('',(#1482),#1486);
#1482 = LINE('',#1483,#1484);
#1483 = CARTESIAN_POINT('',(6.28318530718,0.));
#1484 = VECTOR('',#1485,1.);
#1485 = DIRECTION('',(-1.,0.));
#1486 = ( GEOMETRIC_REPRESENTATION_CONTEXT(2) 
PARAMETRIC_REPRESENTATION_CONTEXT() REPRESENTATION_CONTEXT('2D SPACE',''
  ) );
#1487 = FACE_BOUND('',#1488,.T.);
#1488 = EDGE_LOOP('',(#1489));
#1489 = ORIENTED_EDGE('',*,*,#1490,.T.);
#1490 = EDGE_CURVE('',#1491,#1491,#1493,.T.);
#1491 = VERTEX_POINT('',#1492);
#1492 = CARTESIAN_POINT('',(6.45,9.184850993605E-17,-8.25E-17));
#1493 = SURFACE_CURVE('',#1494,(#1499,#1510),.PCURVE_S1.);
#1494 = CIRCLE('',#1495,0.75);
#1495 = AXIS2_PLACEMENT_3D('',#1496,#1497,#1498);
#1496 = CARTESIAN_POINT('',(7.2,0.,0.));
#1497 = DIRECTION('',(0.,2.2E-16,1.));
#1498 = DIRECTION('',(1.,0.,-0.));
#1499 = PCURVE('',#44,#1500);
#1500 = DEFINITIONAL_REPRESENTATION('',(#1501),#1509);
#1501 = ( BOUNDED_CURVE() B_SPLINE_CURVE(2,(#1502,#1503,#1504,#1505,
#1506,#1507,#1508),.UNSPECIFIED.,.T.,.F.) B_SPLINE_CURVE_WITH_KNOTS((1,2
    ,2,2,2,1),(-2.094395102393,0.,2.094395102393,4.188790204786,
6.28318530718,8.377580409573),.UNSPECIFIED.) CURVE() 
GEOMETRIC_REPRESENTATION_ITEM() RATIONAL_B_SPLINE_CURVE((1.,0.5,1.,0.5,
1.,0.5,1.)) REPRESENTATION_ITEM('') );
#1502 = CARTESIAN_POINT('',(-7.95,-3.E-16));
#1503 = CARTESIAN_POINT('',(-7.95,1.299038105677));
#1504 = CARTESIAN_POINT('',(-6.825,0.649519052838));
#1505 = CARTESIAN_POINT('',(-5.7,-1.163029801279E-16));
#1506 = CARTESIAN_POINT('',(-6.825,-0.649519052838));
#1507 = CARTESIAN_POINT('',(-7.95,-1.299038105677));
#1508 = CARTESIAN_POINT('',(-7.95,-3.E-16));
#1509 = ( GEOMETRIC_REPRESENTATION_CONTEXT(2) 
PARAMETRIC_REPRESENTATION_CONTEXT() REPRESENTATION_CONTEXT('2D SPACE',''
  ) );
#1510 = PCURVE('',#1511,#1516);
#1511 = CYLINDRICAL_SURFACE('',#1512,0.75);
#1512 = AXIS2_PLACEMENT_3D('',#1513,#1514,#1515);
#1513 = CARTESIAN_POINT('',(7.2,0.,0.));
#1514 = DIRECTION('',(0.,-1.1E-16,-1.));
#1515 = DIRECTION('',(1.,0.,0.));
#1516 = DEFINITIONAL_REPRESENTATION('',(#1517),#1521);
#1517 = LINE('',#1518,#1519);
#1518 = CARTESIAN_POINT('',(6.28318530718,-1.368455531567E-48));
#1519 = VECTOR('',#1520,1.);
#1520 = DIRECTION('',(-1.,3.215991761828E-33));
#1521 = ( GEOMETRIC_REPRESENTATION_CONTEXT(2) 
PARAMETRIC_REPRESENTATION_CONTEXT() REPRESENTATION_CONTEXT('2D SPACE',''
  ) );
#1522 = FACE_BOUND('',#1523,.T.);
#1523 = EDGE_LOOP('',(#1524));
#1524 = ORIENTED_EDGE('',*,*,#1525,.T.);
#1525 = EDGE_CURVE('',#1526,#1526,#1528,.T.);
#1526 = VERTEX_POINT('',#1527);
#1527 = CARTESIAN_POINT('',(9.65,9.184850993605E-17,-8.25E-17));
#1528 = SURFACE_CURVE('',#1529,(#1534,#1545),.PCURVE_S1.);
#1529 = CIRCLE('',#1530,0.75);
#1530 = AXIS2_PLACEMENT_3D('',#1531,#1532,#1533);
#1531 = CARTESIAN_POINT('',(10.4,0.,0.));
#1532 = DIRECTION('',(0.,2.2E-16,1.));
#1533 = DIRECTION('',(1.,0.,-0.));
#1534 = PCURVE('',#44,#1535);
#1535 = DEFINITIONAL_REPRESENTATION('',(#1536),#1544);
#1536 = ( BOUNDED_CURVE() B_SPLINE_CURVE(2,(#1537,#1538,#1539,#1540,
#1541,#1542,#1543),.UNSPECIFIED.,.T.,.F.) B_SPLINE_CURVE_WITH_KNOTS((1,2
    ,2,2,2,1),(-2.094395102393,0.,2.094395102393,4.188790204786,
6.28318530718,8.377580409573),.UNSPECIFIED.) CURVE() 
GEOMETRIC_REPRESENTATION_ITEM() RATIONAL_B_SPLINE_CURVE((1.,0.5,1.,0.5,
1.,0.5,1.)) REPRESENTATION_ITEM('') );
#1537 = CARTESIAN_POINT('',(-11.15,-3.E-16));
#1538 = CARTESIAN_POINT('',(-11.15,1.299038105677));
#1539 = CARTESIAN_POINT('',(-10.025,0.649519052838));
#1540 = CARTESIAN_POINT('',(-8.9,-1.163029801279E-16));
#1541 = CARTESIAN_POINT('',(-10.025,-0.649519052838));
#1542 = CARTESIAN_POINT('',(-11.15,-1.299038105677));
#1543 = CARTESIAN_POINT('',(-11.15,-3.E-16));
#1544 = ( GEOMETRIC_REPRESENTATION_CONTEXT(2) 
PARAMETRIC_REPRESENTATION_CONTEXT() REPRESENTATION_CONTEXT('2D SPACE',''
  ) );
#1545 = PCURVE('',#1546,#1551);
#1546 = CYLINDRICAL_SURFACE('',#1547,0.75);
#1547 = AXIS2_PLACEMENT_3D('',#1548,#1549,#1550);
#1548 = CARTESIAN_POINT('',(10.4,0.,0.));
#1549 = DIRECTION('',(0.,-1.1E-16,-1.));
#1550 = DIRECTION('',(1.,0.,0.));
#1551 = DEFINITIONAL_REPRESENTATION('',(#1552),#1556);
#1552 = LINE('',#1553,#1554);
#1553 = CARTESIAN_POINT('',(6.28318530718,-1.368455531567E-48));
#1554 = VECTOR('',#1555,1.);
#1555 = DIRECTION('',(-1.,3.215991761828E-33));
#1556 = ( GEOMETRIC_REPRESENTATION_CONTEXT(2) 
PARAMETRIC_REPRESENTATION_CONTEXT() REPRESENTATION_CONTEXT('2D SPACE',''
  ) );
#1557 = FACE_BOUND('',#1558,.T.);
#1558 = EDGE_LOOP('',(#1559));
#1559 = ORIENTED_EDGE('',*,*,#1560,.T.);
#1560 = EDGE_CURVE('',#1561,#1561,#1563,.T.);
#1561 = VERTEX_POINT('',#1562);
#1562 = CARTESIAN_POINT('',(12.85,9.184850993605E-17,-8.25E-17));
#1563 = SURFACE_CURVE('',#1564,(#1569,#1580),.PCURVE_S1.);
#1564 = CIRCLE('',#1565,0.75);
#1565 = AXIS2_PLACEMENT_3D('',#1566,#1567,#1568);
#1566 = CARTESIAN_POINT('',(13.6,0.,0.));
#1567 = DIRECTION('',(0.,2.2E-16,1.));
#1568 = DIRECTION('',(1.,0.,-0.));
#1569 = PCURVE('',#44,#1570);
#1570 = DEFINITIONAL_REPRESENTATION('',(#1571),#1579);
#1571 = ( BOUNDED_CURVE() B_SPLINE_CURVE(2,(#1572,#1573,#1574,#1575,
#1576,#1577,#1578),.UNSPECIFIED.,.T.,.F.) B_SPLINE_CURVE_WITH_KNOTS((1,2
    ,2,2,2,1),(-2.094395102393,0.,2.094395102393,4.188790204786,
6.28318530718,8.377580409573),.UNSPECIFIED.) CURVE() 
GEOMETRIC_REPRESENTATION_ITEM() RATIONAL_B_SPLINE_CURVE((1.,0.5,1.,0.5,
1.,0.5,1.)) REPRESENTATION_ITEM('') );
#1572 = CARTESIAN_POINT('',(-14.35,-3.E-16));
#1573 = CARTESIAN_POINT('',(-14.35,1.299038105677));
#1574 = CARTESIAN_POINT('',(-13.225,0.649519052838));
#1575 = CARTESIAN_POINT('',(-12.1,-1.163029801279E-16));
#1576 = CARTESIAN_POINT('',(-13.225,-0.649519052838));
#1577 = CARTESIAN_POINT('',(-14.35,-1.299038105677));
#1578 = CARTESIAN_POINT('',(-14.35,-3.E-16));
#1579 = ( GEOMETRIC_REPRESENTATION_CONTEXT(2) 
PARAMETRIC_REPRESENTATION_CONTEXT() REPRESENTATION_CONTEXT('2D SPACE',''
  ) );
#1580 = PCURVE('',#1581,#1586);
#1581 = CYLINDRICAL_SURFACE('',#1582,0.75);
#1582 = AXIS2_PLACEMENT_3D('',#1583,#1584,#1585);
#1583 = CARTESIAN_POINT('',(13.6,0.,0.));
#1584 = DIRECTION('',(0.,-1.1E-16,-1.));
#1585 = DIRECTION('',(1.,0.,0.));
#1586 = DEFINITIONAL_REPRESENTATION('',(#1587),#1591);
#1587 = LINE('',#1588,#1589);
#1588 = CARTESIAN_POINT('',(6.28318530718,-1.368455531567E-48));
#1589 = VECTOR('',#1590,1.);
#1590 = DIRECTION('',(-1.,3.215991761828E-33));
#1591 = ( GEOMETRIC_REPRESENTATION_CONTEXT(2) 
PARAMETRIC_REPRESENTATION_CONTEXT() REPRESENTATION_CONTEXT('2D SPACE',''
  ) );
#1592 = FACE_BOUND('',#1593,.T.);
#1593 = EDGE_LOOP('',(#1594));
#1594 = ORIENTED_EDGE('',*,*,#1595,.T.);
#1595 = EDGE_CURVE('',#1596,#1596,#1598,.T.);
#1596 = VERTEX_POINT('',#1597);
#1597 = CARTESIAN_POINT('',(3.225,5.58586385441,-3.299616214516E-15));
#1598 = SURFACE_CURVE('',#1599,(#1604,#1615),.PCURVE_S1.);
#1599 = CIRCLE('',#1600,0.75);
#1600 = AXIS2_PLACEMENT_3D('',#1601,#1602,#1603);
#1601 = CARTESIAN_POINT('',(3.6,6.235382907248,-3.552713678801E-15));
#1602 = DIRECTION('',(5.243667956904E-16,2.420961171627E-16,1.));
#1603 = DIRECTION('',(0.5,0.866025403784,-4.718447854657E-16));
#1604 = PCURVE('',#44,#1605);
#1605 = DEFINITIONAL_REPRESENTATION('',(#1606),#1614);
#1606 = ( BOUNDED_CURVE() B_SPLINE_CURVE(2,(#1607,#1608,#1609,#1610,
#1611,#1612,#1613),.UNSPECIFIED.,.T.,.F.) B_SPLINE_CURVE_WITH_KNOTS((1,2
    ,2,2,2,1),(-2.094395102393,0.,2.094395102393,4.188790204786,
6.28318530718,8.377580409573),.UNSPECIFIED.) CURVE() 
GEOMETRIC_REPRESENTATION_ITEM() RATIONAL_B_SPLINE_CURVE((1.,0.5,1.,0.5,
1.,0.5,1.)) REPRESENTATION_ITEM('') );
#1607 = CARTESIAN_POINT('',(-3.975,6.884901960086));
#1608 = CARTESIAN_POINT('',(-2.85,7.534421012925));
#1609 = CARTESIAN_POINT('',(-2.85,6.235382907248));
#1610 = CARTESIAN_POINT('',(-2.85,4.936344801572));
#1611 = CARTESIAN_POINT('',(-3.975,5.58586385441));
#1612 = CARTESIAN_POINT('',(-5.1,6.235382907248));
#1613 = CARTESIAN_POINT('',(-3.975,6.884901960086));
#1614 = ( GEOMETRIC_REPRESENTATION_CONTEXT(2) 
PARAMETRIC_REPRESENTATION_CONTEXT() REPRESENTATION_CONTEXT('2D SPACE',''
  ) );
#1615 = PCURVE('',#1616,#1621);
#1616 = CYLINDRICAL_SURFACE('',#1617,0.75);
#1617 = AXIS2_PLACEMENT_3D('',#1618,#1619,#1620);
#1618 = CARTESIAN_POINT('',(3.6,6.235382907248,-3.10862446895E-15));
#1619 = DIRECTION('',(-5.551115123126E-16,-1.7E-16,-1.));
#1620 = DIRECTION('',(0.5,0.866025403784,-4.247800747997E-16));
#1621 = DEFINITIONAL_REPRESENTATION('',(#1622),#1626);
#1622 = LINE('',#1623,#1624);
#1623 = CARTESIAN_POINT('',(12.566370614359,4.087906768515E-16));
#1624 = VECTOR('',#1625,1.);
#1625 = DIRECTION('',(-1.,0.));
#1626 = ( GEOMETRIC_REPRESENTATION_CONTEXT(2) 
PARAMETRIC_REPRESENTATION_CONTEXT() REPRESENTATION_CONTEXT('2D SPACE',''
  ) );
#1627 = FACE_BOUND('',#1628,.T.);
#1628 = EDGE_LOOP('',(#1629));
#1629 = ORIENTED_EDGE('',*,*,#1630,.T.);
#1630 = EDGE_CURVE('',#1631,#1631,#1633,.T.);
#1631 = VERTEX_POINT('',#1632);
#1632 = CARTESIAN_POINT('',(-6.45,-7.368485099361E-16,2.1425E-15));
#1633 = SURFACE_CURVE('',#1634,(#1639,#1650),.PCURVE_S1.);
#1634 = CIRCLE('',#1635,0.75);
#1635 = AXIS2_PLACEMENT_3D('',#1636,#1637,#1638);
#1636 = CARTESIAN_POINT('',(-7.2,-7.2E-16,2.48E-15));
#1637 = DIRECTION('',(3.4E-16,2.2E-16,1.));
#1638 = DIRECTION('',(-1.,-1.E-16,3.4E-16));
#1639 = PCURVE('',#44,#1640);
#1640 = DEFINITIONAL_REPRESENTATION('',(#1641),#1649);
#1641 = ( BOUNDED_CURVE() B_SPLINE_CURVE(2,(#1642,#1643,#1644,#1645,
#1646,#1647,#1648),.UNSPECIFIED.,.T.,.F.) B_SPLINE_CURVE_WITH_KNOTS((1,2
    ,2,2,2,1),(-2.094395102393,0.,2.094395102393,4.188790204786,
6.28318530718,8.377580409573),.UNSPECIFIED.) CURVE() 
GEOMETRIC_REPRESENTATION_ITEM() RATIONAL_B_SPLINE_CURVE((1.,0.5,1.,0.5,
1.,0.5,1.)) REPRESENTATION_ITEM('') );
#1642 = CARTESIAN_POINT('',(7.95,-1.095E-15));
#1643 = CARTESIAN_POINT('',(7.95,-1.299038105677));
#1644 = CARTESIAN_POINT('',(6.825,-0.649519052838));
#1645 = CARTESIAN_POINT('',(5.7,-1.053697019872E-15));
#1646 = CARTESIAN_POINT('',(6.825,0.649519052838));
#1647 = CARTESIAN_POINT('',(7.95,1.299038105677));
#1648 = CARTESIAN_POINT('',(7.95,-1.095E-15));
#1649 = ( GEOMETRIC_REPRESENTATION_CONTEXT(2) 
PARAMETRIC_REPRESENTATION_CONTEXT() REPRESENTATION_CONTEXT('2D SPACE',''
  ) );
#1650 = PCURVE('',#1651,#1656);
#1651 = CYLINDRICAL_SURFACE('',#1652,0.75);
#1652 = AXIS2_PLACEMENT_3D('',#1653,#1654,#1655);
#1653 = CARTESIAN_POINT('',(-7.2,-7.2E-16,2.48E-15));
#1654 = DIRECTION('',(-3.4E-16,-3.3E-16,-1.));
#1655 = DIRECTION('',(-1.,-1.E-16,3.4E-16));
#1656 = DEFINITIONAL_REPRESENTATION('',(#1657),#1661);
#1657 = LINE('',#1658,#1659);
#1658 = CARTESIAN_POINT('',(6.28318530718,0.));
#1659 = VECTOR('',#1660,1.);
#1660 = DIRECTION('',(-1.,0.));
#1661 = ( GEOMETRIC_REPRESENTATION_CONTEXT(2) 
PARAMETRIC_REPRESENTATION_CONTEXT() REPRESENTATION_CONTEXT('2D SPACE',''
  ) );
#1662 = FACE_BOUND('',#1663,.T.);
#1663 = EDGE_LOOP('',(#1664));
#1664 = ORIENTED_EDGE('',*,*,#1665,.T.);
#1665 = EDGE_CURVE('',#1666,#1666,#1668,.T.);
#1666 = VERTEX_POINT('',#1667);
#1667 = CARTESIAN_POINT('',(-9.65,-1.056848509936E-15,3.2425E-15));
#1668 = SURFACE_CURVE('',#1669,(#1674,#1685),.PCURVE_S1.);
#1669 = CIRCLE('',#1670,0.75);
#1670 = AXIS2_PLACEMENT_3D('',#1671,#1672,#1673);
#1671 = CARTESIAN_POINT('',(-10.4,-1.04E-15,3.58E-15));
#1672 = DIRECTION('',(3.4E-16,2.2E-16,1.));
#1673 = DIRECTION('',(-1.,-1.E-16,3.4E-16));
#1674 = PCURVE('',#44,#1675);
#1675 = DEFINITIONAL_REPRESENTATION('',(#1676),#1684);
#1676 = ( BOUNDED_CURVE() B_SPLINE_CURVE(2,(#1677,#1678,#1679,#1680,
#1681,#1682,#1683),.UNSPECIFIED.,.T.,.F.) B_SPLINE_CURVE_WITH_KNOTS((1,2
    ,2,2,2,1),(-2.094395102393,0.,2.094395102393,4.188790204786,
6.28318530718,8.377580409573),.UNSPECIFIED.) CURVE() 
GEOMETRIC_REPRESENTATION_ITEM() RATIONAL_B_SPLINE_CURVE((1.,0.5,1.,0.5,
1.,0.5,1.)) REPRESENTATION_ITEM('') );
#1677 = CARTESIAN_POINT('',(11.15,-1.415E-15));
#1678 = CARTESIAN_POINT('',(11.15,-1.299038105677));
#1679 = CARTESIAN_POINT('',(10.025,-0.649519052838));
#1680 = CARTESIAN_POINT('',(8.9,-1.373697019872E-15));
#1681 = CARTESIAN_POINT('',(10.025,0.649519052838));
#1682 = CARTESIAN_POINT('',(11.15,1.299038105677));
#1683 = CARTESIAN_POINT('',(11.15,-1.415E-15));
#1684 = ( GEOMETRIC_REPRESENTATION_CONTEXT(2) 
PARAMETRIC_REPRESENTATION_CONTEXT() REPRESENTATION_CONTEXT('2D SPACE',''
  ) );
#1685 = PCURVE('',#1686,#1691);
#1686 = CYLINDRICAL_SURFACE('',#1687,0.75);
#1687 = AXIS2_PLACEMENT_3D('',#1688,#1689,#1690);
#1688 = CARTESIAN_POINT('',(-10.4,-1.04E-15,3.58E-15));
#1689 = DIRECTION('',(-3.4E-16,-3.3E-16,-1.));
#1690 = DIRECTION('',(-1.,-1.E-16,3.4E-16));
#1691 = DEFINITIONAL_REPRESENTATION('',(#1692),#1696);
#1692 = LINE('',#1693,#1694);
#1693 = CARTESIAN_POINT('',(6.28318530718,0.));
#1694 = VECTOR('',#1695,1.);
#1695 = DIRECTION('',(-1.,0.));
#1696 = ( GEOMETRIC_REPRESENTATION_CONTEXT(2) 
PARAMETRIC_REPRESENTATION_CONTEXT() REPRESENTATION_CONTEXT('2D SPACE',''
  ) );
#1697 = FACE_BOUND('',#1698,.T.);
#1698 = EDGE_LOOP('',(#1699));
#1699 = ORIENTED_EDGE('',*,*,#1700,.T.);
#1700 = EDGE_CURVE('',#1701,#1701,#1703,.T.);
#1701 = VERTEX_POINT('',#1702);
#1702 = CARTESIAN_POINT('',(-12.85,-1.366848509936E-15,4.3525E-15));
#1703 = SURFACE_CURVE('',#1704,(#1709,#1720),.PCURVE_S1.);
#1704 = CIRCLE('',#1705,0.75);
#1705 = AXIS2_PLACEMENT_3D('',#1706,#1707,#1708);
#1706 = CARTESIAN_POINT('',(-13.6,-1.35E-15,4.69E-15));
#1707 = DIRECTION('',(3.4E-16,2.2E-16,1.));
#1708 = DIRECTION('',(-1.,-1.E-16,3.4E-16));
#1709 = PCURVE('',#44,#1710);
#1710 = DEFINITIONAL_REPRESENTATION('',(#1711),#1719);
#1711 = ( BOUNDED_CURVE() B_SPLINE_CURVE(2,(#1712,#1713,#1714,#1715,
#1716,#1717,#1718),.UNSPECIFIED.,.T.,.F.) B_SPLINE_CURVE_WITH_KNOTS((1,2
    ,2,2,2,1),(-2.094395102393,0.,2.094395102393,4.188790204786,
6.28318530718,8.377580409573),.UNSPECIFIED.) CURVE() 
GEOMETRIC_REPRESENTATION_ITEM() RATIONAL_B_SPLINE_CURVE((1.,0.5,1.,0.5,
1.,0.5,1.)) REPRESENTATION_ITEM('') );
#1712 = CARTESIAN_POINT('',(14.35,-1.725E-15));
#1713 = CARTESIAN_POINT('',(14.35,-1.299038105677));
#1714 = CARTESIAN_POINT('',(13.225,-0.649519052838));
#1715 = CARTESIAN_POINT('',(12.1,-1.683697019872E-15));
#1716 = CARTESIAN_POINT('',(13.225,0.649519052838));
#1717 = CARTESIAN_POINT('',(14.35,1.299038105677));
#1718 = CARTESIAN_POINT('',(14.35,-1.725E-15));
#1719 = ( GEOMETRIC_REPRESENTATION_CONTEXT(2) 
PARAMETRIC_REPRESENTATION_CONTEXT() REPRESENTATION_CONTEXT('2D SPACE',''
  ) );
#1720 = PCURVE('',#1721,#1726);
#1721 = CYLINDRICAL_SURFACE('',#1722,0.75);
#1722 = AXIS2_PLACEMENT_3D('',#1723,#1724,#1725);
#1723 = CARTESIAN_POINT('',(-13.6,-1.35E-15,4.69E-15));
#1724 = DIRECTION('',(-3.4E-16,-3.3E-16,-1.));
#1725 = DIRECTION('',(-1.,-1.E-16,3.4E-16));
#1726 = DEFINITIONAL_REPRESENTATION('',(#1727),#1731);
#1727 = LINE('',#1728,#1729);
#1728 = CARTESIAN_POINT('',(6.28318530718,-7.88860905221E-31));
#1729 = VECTOR('',#1730,1.);
#1730 = DIRECTION('',(-1.,0.));
#1731 = ( GEOMETRIC_REPRESENTATION_CONTEXT(2) 
PARAMETRIC_REPRESENTATION_CONTEXT() REPRESENTATION_CONTEXT('2D SPACE',''
  ) );
#1732 = FACE_BOUND('',#1733,.T.);
#1733 = EDGE_LOOP('',(#1734));
#1734 = ORIENTED_EDGE('',*,*,#1735,.T.);
#1735 = EDGE_CURVE('',#1736,#1736,#1738,.T.);
#1736 = VERTEX_POINT('',#1737);
#1737 = CARTESIAN_POINT('',(-4.825,8.35714514652,-4.87340890395E-17));
#1738 = SURFACE_CURVE('',#1739,(#1744,#1755),.PCURVE_S1.);
#1739 = CIRCLE('',#1740,0.75);
#1740 = AXIS2_PLACEMENT_3D('',#1741,#1742,#1743);
#1741 = CARTESIAN_POINT('',(-5.2,9.006664199358,0.));
#1742 = DIRECTION('',(3.365184701171E-16,1.942890293094E-16,1.));
#1743 = DIRECTION('',(-0.5,0.866025403784,7.545947596505E-29));
#1744 = PCURVE('',#44,#1745);
#1745 = DEFINITIONAL_REPRESENTATION('',(#1746),#1754);
#1746 = ( BOUNDED_CURVE() B_SPLINE_CURVE(2,(#1747,#1748,#1749,#1750,
#1751,#1752,#1753),.UNSPECIFIED.,.T.,.F.) B_SPLINE_CURVE_WITH_KNOTS((1,2
    ,2,2,2,1),(-2.094395102393,0.,2.094395102393,4.188790204786,
6.28318530718,8.377580409573),.UNSPECIFIED.) CURVE() 
GEOMETRIC_REPRESENTATION_ITEM() RATIONAL_B_SPLINE_CURVE((1.,0.5,1.,0.5,
1.,0.5,1.)) REPRESENTATION_ITEM('') );
#1747 = CARTESIAN_POINT('',(5.575,9.656183252196));
#1748 = CARTESIAN_POINT('',(6.7,9.006664199358));
#1749 = CARTESIAN_POINT('',(5.575,8.35714514652));
#1750 = CARTESIAN_POINT('',(4.45,7.707626093682));
#1751 = CARTESIAN_POINT('',(4.45,9.006664199358));
#1752 = CARTESIAN_POINT('',(4.45,10.305702305035));
#1753 = CARTESIAN_POINT('',(5.575,9.656183252196));
#1754 = ( GEOMETRIC_REPRESENTATION_CONTEXT(2) 
PARAMETRIC_REPRESENTATION_CONTEXT() REPRESENTATION_CONTEXT('2D SPACE',''
  ) );
#1755 = PCURVE('',#1756,#1761);
#1756 = CYLINDRICAL_SURFACE('',#1757,0.75);
#1757 = AXIS2_PLACEMENT_3D('',#1758,#1759,#1760);
#1758 = CARTESIAN_POINT('',(-5.2,9.006664199358,-4.440892098501E-16));
#1759 = DIRECTION('',(-3.885780586188E-16,-2.8E-16,-1.));
#1760 = DIRECTION('',(-0.5,0.866025403784,-4.819808375014E-17));
#1761 = DEFINITIONAL_REPRESENTATION('',(#1762),#1766);
#1762 = LINE('',#1763,#1764);
#1763 = CARTESIAN_POINT('',(6.28318530718,-4.079406470374E-16));
#1764 = VECTOR('',#1765,1.);
#1765 = DIRECTION('',(-1.,-1.569388905973E-32));
#1766 = ( GEOMETRIC_REPRESENTATION_CONTEXT(2) 
PARAMETRIC_REPRESENTATION_CONTEXT() REPRESENTATION_CONTEXT('2D SPACE',''
  ) );
#1767 = FACE_BOUND('',#1768,.T.);
#1768 = EDGE_LOOP('',(#1769));
#1769 = ORIENTED_EDGE('',*,*,#1770,.T.);
#1770 = EDGE_CURVE('',#1771,#1771,#1773,.T.);
#1771 = VERTEX_POINT('',#1772);
#1772 = CARTESIAN_POINT('',(-6.425,11.12842643863,8.394443306606E-16));
#1773 = SURFACE_CURVE('',#1774,(#1779,#1790),.PCURVE_S1.);
#1774 = CIRCLE('',#1775,0.75);
#1775 = AXIS2_PLACEMENT_3D('',#1776,#1777,#1778);
#1776 = CARTESIAN_POINT('',(-6.8,11.777945491468,8.881784197001E-16));
#1777 = DIRECTION('',(3.365184701171E-16,1.942890293094E-16,1.));
#1778 = DIRECTION('',(-0.5,0.866025403784,7.545947596505E-29));
#1779 = PCURVE('',#44,#1780);
#1780 = DEFINITIONAL_REPRESENTATION('',(#1781),#1789);
#1781 = ( BOUNDED_CURVE() B_SPLINE_CURVE(2,(#1782,#1783,#1784,#1785,
#1786,#1787,#1788),.UNSPECIFIED.,.T.,.F.) B_SPLINE_CURVE_WITH_KNOTS((1,2
    ,2,2,2,1),(-2.094395102393,0.,2.094395102393,4.188790204786,
6.28318530718,8.377580409573),.UNSPECIFIED.) CURVE() 
GEOMETRIC_REPRESENTATION_ITEM() RATIONAL_B_SPLINE_CURVE((1.,0.5,1.,0.5,
1.,0.5,1.)) REPRESENTATION_ITEM('') );
#1782 = CARTESIAN_POINT('',(7.175,12.427464544306));
#1783 = CARTESIAN_POINT('',(8.3,11.777945491468));
#1784 = CARTESIAN_POINT('',(7.175,11.12842643863));
#1785 = CARTESIAN_POINT('',(6.05,10.478907385792));
#1786 = CARTESIAN_POINT('',(6.05,11.777945491468));
#1787 = CARTESIAN_POINT('',(6.05,13.076983597145));
#1788 = CARTESIAN_POINT('',(7.175,12.427464544306));
#1789 = ( GEOMETRIC_REPRESENTATION_CONTEXT(2) 
PARAMETRIC_REPRESENTATION_CONTEXT() REPRESENTATION_CONTEXT('2D SPACE',''
  ) );
#1790 = PCURVE('',#1791,#1796);
#1791 = CYLINDRICAL_SURFACE('',#1792,0.75);
#1792 = AXIS2_PLACEMENT_3D('',#1793,#1794,#1795);
#1793 = CARTESIAN_POINT('',(-6.8,11.777945491468,0.));
#1794 = DIRECTION('',(-3.885780586188E-16,-2.8E-16,-1.));
#1795 = DIRECTION('',(-0.5,0.866025403784,-4.819808375014E-17));
#1796 = DEFINITIONAL_REPRESENTATION('',(#1797),#1801);
#1797 = LINE('',#1798,#1799);
#1798 = CARTESIAN_POINT('',(12.566370614359,-8.520298568874E-16));
#1799 = VECTOR('',#1800,1.);
#1800 = DIRECTION('',(-1.,-3.138777811947E-32));
#1801 = ( GEOMETRIC_REPRESENTATION_CONTEXT(2) 
PARAMETRIC_REPRESENTATION_CONTEXT() REPRESENTATION_CONTEXT('2D SPACE',''
  ) );
#1802 = FACE_BOUND('',#1803,.T.);
#1803 = EDGE_LOOP('',(#1804));
#1804 = ORIENTED_EDGE('',*,*,#1805,.T.);
#1805 = EDGE_CURVE('',#1806,#1806,#1808,.T.);
#1806 = VERTEX_POINT('',#1807);
#1807 = CARTESIAN_POINT('',(4.825,8.35714514652,-4.631883844066E-15));
#1808 = SURFACE_CURVE('',#1809,(#1814,#1825),.PCURVE_S1.);
#1809 = CIRCLE('',#1810,0.75);
#1810 = AXIS2_PLACEMENT_3D('',#1811,#1812,#1813);
#1811 = CARTESIAN_POINT('',(5.2,9.006664199358,-4.884981308351E-15));
#1812 = DIRECTION('',(5.243667956904E-16,2.420961171627E-16,1.));
#1813 = DIRECTION('',(0.5,0.866025403784,-4.718447854657E-16));
#1814 = PCURVE('',#44,#1815);
#1815 = DEFINITIONAL_REPRESENTATION('',(#1816),#1824);
#1816 = ( BOUNDED_CURVE() B_SPLINE_CURVE(2,(#1817,#1818,#1819,#1820,
#1821,#1822,#1823),.UNSPECIFIED.,.T.,.F.) B_SPLINE_CURVE_WITH_KNOTS((1,2
    ,2,2,2,1),(-2.094395102393,0.,2.094395102393,4.188790204786,
6.28318530718,8.377580409573),.UNSPECIFIED.) CURVE() 
GEOMETRIC_REPRESENTATION_ITEM() RATIONAL_B_SPLINE_CURVE((1.,0.5,1.,0.5,
1.,0.5,1.)) REPRESENTATION_ITEM('') );
#1817 = CARTESIAN_POINT('',(-5.575,9.656183252196));
#1818 = CARTESIAN_POINT('',(-4.45,10.305702305035));
#1819 = CARTESIAN_POINT('',(-4.45,9.006664199358));
#1820 = CARTESIAN_POINT('',(-4.45,7.707626093682));
#1821 = CARTESIAN_POINT('',(-5.575,8.35714514652));
#1822 = CARTESIAN_POINT('',(-6.7,9.006664199358));
#1823 = CARTESIAN_POINT('',(-5.575,9.656183252196));
#1824 = ( GEOMETRIC_REPRESENTATION_CONTEXT(2) 
PARAMETRIC_REPRESENTATION_CONTEXT() REPRESENTATION_CONTEXT('2D SPACE',''
  ) );
#1825 = PCURVE('',#1826,#1831);
#1826 = CYLINDRICAL_SURFACE('',#1827,0.75);
#1827 = AXIS2_PLACEMENT_3D('',#1828,#1829,#1830);
#1828 = CARTESIAN_POINT('',(5.2,9.006664199358,-4.440892098501E-15));
#1829 = DIRECTION('',(-5.551115123126E-16,-1.7E-16,-1.));
#1830 = DIRECTION('',(0.5,0.866025403784,-4.247800747997E-16));
#1831 = DEFINITIONAL_REPRESENTATION('',(#1832),#1836);
#1832 = LINE('',#1833,#1834);
#1833 = CARTESIAN_POINT('',(12.566370614359,4.087906768505E-16));
#1834 = VECTOR('',#1835,1.);
#1835 = DIRECTION('',(-1.,0.));
#1836 = ( GEOMETRIC_REPRESENTATION_CONTEXT(2) 
PARAMETRIC_REPRESENTATION_CONTEXT() REPRESENTATION_CONTEXT('2D SPACE',''
  ) );
#1837 = FACE_BOUND('',#1838,.T.);
#1838 = EDGE_LOOP('',(#1839));
#1839 = ORIENTED_EDGE('',*,*,#1840,.T.);
#1840 = EDGE_CURVE('',#1841,#1841,#1843,.T.);
#1841 = VERTEX_POINT('',#1842);
#1842 = CARTESIAN_POINT('',(6.425,11.12842643863,-5.964151473616E-15));
#1843 = SURFACE_CURVE('',#1844,(#1849,#1860),.PCURVE_S1.);
#1844 = CIRCLE('',#1845,0.75);
#1845 = AXIS2_PLACEMENT_3D('',#1846,#1847,#1848);
#1846 = CARTESIAN_POINT('',(6.8,11.777945491468,-6.217248937901E-15));
#1847 = DIRECTION('',(5.243667956904E-16,2.420961171627E-16,1.));
#1848 = DIRECTION('',(0.5,0.866025403784,-4.718447854657E-16));
#1849 = PCURVE('',#44,#1850);
#1850 = DEFINITIONAL_REPRESENTATION('',(#1851),#1859);
#1851 = ( BOUNDED_CURVE() B_SPLINE_CURVE(2,(#1852,#1853,#1854,#1855,
#1856,#1857,#1858),.UNSPECIFIED.,.T.,.F.) B_SPLINE_CURVE_WITH_KNOTS((1,2
    ,2,2,2,1),(-2.094395102393,0.,2.094395102393,4.188790204786,
6.28318530718,8.377580409573),.UNSPECIFIED.) CURVE() 
GEOMETRIC_REPRESENTATION_ITEM() RATIONAL_B_SPLINE_CURVE((1.,0.5,1.,0.5,
1.,0.5,1.)) REPRESENTATION_ITEM('') );
#1852 = CARTESIAN_POINT('',(-7.175,12.427464544306));
#1853 = CARTESIAN_POINT('',(-6.05,13.076983597145));
#1854 = CARTESIAN_POINT('',(-6.05,11.777945491468));
#1855 = CARTESIAN_POINT('',(-6.05,10.478907385792));
#1856 = CARTESIAN_POINT('',(-7.175,11.12842643863));
#1857 = CARTESIAN_POINT('',(-8.3,11.777945491468));
#1858 = CARTESIAN_POINT('',(-7.175,12.427464544306));
#1859 = ( GEOMETRIC_REPRESENTATION_CONTEXT(2) 
PARAMETRIC_REPRESENTATION_CONTEXT() REPRESENTATION_CONTEXT('2D SPACE',''
  ) );
#1860 = PCURVE('',#1861,#1866);
#1861 = CYLINDRICAL_SURFACE('',#1862,0.75);
#1862 = AXIS2_PLACEMENT_3D('',#1863,#1864,#1865);
#1863 = CARTESIAN_POINT('',(6.8,11.777945491468,-5.329070518201E-15));
#1864 = DIRECTION('',(-5.551115123126E-16,-1.7E-16,-1.));
#1865 = DIRECTION('',(0.5,0.866025403784,-4.247800747997E-16));
#1866 = DEFINITIONAL_REPRESENTATION('',(#1867),#1871);
#1867 = LINE('',#1868,#1869);
#1868 = CARTESIAN_POINT('',(6.28318530718,8.528798867005E-16));
#1869 = VECTOR('',#1870,1.);
#1870 = DIRECTION('',(-1.,0.));
#1871 = ( GEOMETRIC_REPRESENTATION_CONTEXT(2) 
PARAMETRIC_REPRESENTATION_CONTEXT() REPRESENTATION_CONTEXT('2D SPACE',''
  ) );
#1872 = FACE_BOUND('',#1873,.T.);
#1873 = EDGE_LOOP('',(#1874));
#1874 = ORIENTED_EDGE('',*,*,#1875,.T.);
#1875 = EDGE_CURVE('',#1876,#1876,#1878,.T.);
#1876 = VERTEX_POINT('',#1877);
#1877 = CARTESIAN_POINT('',(3.225,-5.58586385441,2.532984953426E-15));
#1878 = SURFACE_CURVE('',#1879,(#1884,#1895),.PCURVE_S1.);
#1879 = CIRCLE('',#1880,0.75);
#1880 = AXIS2_PLACEMENT_3D('',#1881,#1882,#1883);
#1881 = CARTESIAN_POINT('',(3.6,-6.235382907248,2.886579864025E-15));
#1882 = DIRECTION('',(-4.004630857556E-16,2.495332012344E-16,1.));
#1883 = DIRECTION('',(0.5,-0.866025403784,4.163336342345E-16));
#1884 = PCURVE('',#44,#1885);
#1885 = DEFINITIONAL_REPRESENTATION('',(#1886),#1894);
#1886 = ( BOUNDED_CURVE() B_SPLINE_CURVE(2,(#1887,#1888,#1889,#1890,
#1891,#1892,#1893),.UNSPECIFIED.,.T.,.F.) B_SPLINE_CURVE_WITH_KNOTS((1,2
    ,2,2,2,1),(-2.094395102393,0.,2.094395102393,4.188790204786,
6.28318530718,8.377580409573),.UNSPECIFIED.) CURVE() 
GEOMETRIC_REPRESENTATION_ITEM() RATIONAL_B_SPLINE_CURVE((1.,0.5,1.,0.5,
1.,0.5,1.)) REPRESENTATION_ITEM('') );
#1887 = CARTESIAN_POINT('',(-3.975,-6.884901960086));
#1888 = CARTESIAN_POINT('',(-5.1,-6.235382907248));
#1889 = CARTESIAN_POINT('',(-3.975,-5.58586385441));
#1890 = CARTESIAN_POINT('',(-2.85,-4.936344801572));
#1891 = CARTESIAN_POINT('',(-2.85,-6.235382907248));
#1892 = CARTESIAN_POINT('',(-2.85,-7.534421012925));
#1893 = CARTESIAN_POINT('',(-3.975,-6.884901960086));
#1894 = ( GEOMETRIC_REPRESENTATION_CONTEXT(2) 
PARAMETRIC_REPRESENTATION_CONTEXT() REPRESENTATION_CONTEXT('2D SPACE',''
  ) );
#1895 = PCURVE('',#1896,#1901);
#1896 = CYLINDRICAL_SURFACE('',#1897,0.75);
#1897 = AXIS2_PLACEMENT_3D('',#1898,#1899,#1900);
#1898 = CARTESIAN_POINT('',(3.6,-6.235382907248,2.442490654175E-15));
#1899 = DIRECTION('',(4.440892098501E-16,-1.7E-16,-1.));
#1900 = DIRECTION('',(0.5,-0.866025403784,3.692689235685E-16));
#1901 = DEFINITIONAL_REPRESENTATION('',(#1902),#1906);
#1902 = LINE('',#1903,#1904);
#1903 = CARTESIAN_POINT('',(6.28318530718,-4.087906768505E-16));
#1904 = VECTOR('',#1905,1.);
#1905 = DIRECTION('',(-1.,0.));
#1906 = ( GEOMETRIC_REPRESENTATION_CONTEXT(2) 
PARAMETRIC_REPRESENTATION_CONTEXT() REPRESENTATION_CONTEXT('2D SPACE',''
  ) );
#1907 = FACE_BOUND('',#1908,.T.);
#1908 = EDGE_LOOP('',(#1909));
#1909 = ORIENTED_EDGE('',*,*,#1910,.T.);
#1910 = EDGE_CURVE('',#1911,#1911,#1913,.T.);
#1911 = VERTEX_POINT('',#1912);
#1912 = CARTESIAN_POINT('',(4.825,-8.35714514652,3.643207978052E-15));
#1913 = SURFACE_CURVE('',#1914,(#1919,#1930),.PCURVE_S1.);
#1914 = CIRCLE('',#1915,0.75);
#1915 = AXIS2_PLACEMENT_3D('',#1916,#1917,#1918);
#1916 = CARTESIAN_POINT('',(5.2,-9.006664199358,3.996802888651E-15));
#1917 = DIRECTION('',(-4.004630857556E-16,2.495332012344E-16,1.));
#1918 = DIRECTION('',(0.5,-0.866025403784,4.163336342345E-16));
#1919 = PCURVE('',#44,#1920);
#1920 = DEFINITIONAL_REPRESENTATION('',(#1921),#1929);
#1921 = ( BOUNDED_CURVE() B_SPLINE_CURVE(2,(#1922,#1923,#1924,#1925,
#1926,#1927,#1928),.UNSPECIFIED.,.T.,.F.) B_SPLINE_CURVE_WITH_KNOTS((1,2
    ,2,2,2,1),(-2.094395102393,0.,2.094395102393,4.188790204786,
6.28318530718,8.377580409573),.UNSPECIFIED.) CURVE() 
GEOMETRIC_REPRESENTATION_ITEM() RATIONAL_B_SPLINE_CURVE((1.,0.5,1.,0.5,
1.,0.5,1.)) REPRESENTATION_ITEM('') );
#1922 = CARTESIAN_POINT('',(-5.575,-9.656183252196));
#1923 = CARTESIAN_POINT('',(-6.7,-9.006664199358));
#1924 = CARTESIAN_POINT('',(-5.575,-8.35714514652));
#1925 = CARTESIAN_POINT('',(-4.45,-7.707626093682));
#1926 = CARTESIAN_POINT('',(-4.45,-9.006664199358));
#1927 = CARTESIAN_POINT('',(-4.45,-10.30570230503));
#1928 = CARTESIAN_POINT('',(-5.575,-9.656183252196));
#1929 = ( GEOMETRIC_REPRESENTATION_CONTEXT(2) 
PARAMETRIC_REPRESENTATION_CONTEXT() REPRESENTATION_CONTEXT('2D SPACE',''
  ) );
#1930 = PCURVE('',#1931,#1936);
#1931 = CYLINDRICAL_SURFACE('',#1932,0.75);
#1932 = AXIS2_PLACEMENT_3D('',#1933,#1934,#1935);
#1933 = CARTESIAN_POINT('',(5.2,-9.006664199358,3.552713678801E-15));
#1934 = DIRECTION('',(4.440892098501E-16,-1.7E-16,-1.));
#1935 = DIRECTION('',(0.5,-0.866025403784,3.692689235685E-16));
#1936 = DEFINITIONAL_REPRESENTATION('',(#1937),#1941);
#1937 = LINE('',#1938,#1939);
#1938 = CARTESIAN_POINT('',(6.28318530718,-4.087906768505E-16));
#1939 = VECTOR('',#1940,1.);
#1940 = DIRECTION('',(-1.,0.));
#1941 = ( GEOMETRIC_REPRESENTATION_CONTEXT(2) 
PARAMETRIC_REPRESENTATION_CONTEXT() REPRESENTATION_CONTEXT('2D SPACE',''
  ) );
#1942 = FACE_BOUND('',#1943,.T.);
#1943 = EDGE_LOOP('',(#1944));
#1944 = ORIENTED_EDGE('',*,*,#1945,.T.);
#1945 = EDGE_CURVE('',#1946,#1946,#1948,.T.);
#1946 = VERTEX_POINT('',#1947);
#1947 = CARTESIAN_POINT('',(6.425,-11.12842643862,5.419564817452E-15));
#1948 = SURFACE_CURVE('',#1949,(#1954,#1965),.PCURVE_S1.);
#1949 = CIRCLE('',#1950,0.75);
#1950 = AXIS2_PLACEMENT_3D('',#1951,#1952,#1953);
#1951 = CARTESIAN_POINT('',(6.8,-11.77794549146,5.773159728051E-15));
#1952 = DIRECTION('',(-4.004630857556E-16,2.495332012344E-16,1.));
#1953 = DIRECTION('',(0.5,-0.866025403784,4.163336342345E-16));
#1954 = PCURVE('',#44,#1955);
#1955 = DEFINITIONAL_REPRESENTATION('',(#1956),#1964);
#1956 = ( BOUNDED_CURVE() B_SPLINE_CURVE(2,(#1957,#1958,#1959,#1960,
#1961,#1962,#1963),.UNSPECIFIED.,.T.,.F.) B_SPLINE_CURVE_WITH_KNOTS((1,2
    ,2,2,2,1),(-2.094395102393,0.,2.094395102393,4.188790204786,
6.28318530718,8.377580409573),.UNSPECIFIED.) CURVE() 
GEOMETRIC_REPRESENTATION_ITEM() RATIONAL_B_SPLINE_CURVE((1.,0.5,1.,0.5,
1.,0.5,1.)) REPRESENTATION_ITEM('') );
#1957 = CARTESIAN_POINT('',(-7.175,-12.42746454429));
#1958 = CARTESIAN_POINT('',(-8.3,-11.77794549146));
#1959 = CARTESIAN_POINT('',(-7.175,-11.12842643862));
#1960 = CARTESIAN_POINT('',(-6.05,-10.47890738578));
#1961 = CARTESIAN_POINT('',(-6.05,-11.77794549146));
#1962 = CARTESIAN_POINT('',(-6.05,-13.07698359713));
#1963 = CARTESIAN_POINT('',(-7.175,-12.42746454429));
#1964 = ( GEOMETRIC_REPRESENTATION_CONTEXT(2) 
PARAMETRIC_REPRESENTATION_CONTEXT() REPRESENTATION_CONTEXT('2D SPACE',''
  ) );
#1965 = PCURVE('',#1966,#1971);
#1966 = CYLINDRICAL_SURFACE('',#1967,0.75);
#1967 = AXIS2_PLACEMENT_3D('',#1968,#1969,#1970);
#1968 = CARTESIAN_POINT('',(6.8,-11.77794549146,4.884981308351E-15));
#1969 = DIRECTION('',(4.440892098501E-16,-1.7E-16,-1.));
#1970 = DIRECTION('',(0.5,-0.866025403784,3.692689235685E-16));
#1971 = DEFINITIONAL_REPRESENTATION('',(#1972),#1976);
#1972 = LINE('',#1973,#1974);
#1973 = CARTESIAN_POINT('',(12.566370614359,-8.528798867005E-16));
#1974 = VECTOR('',#1975,1.);
#1975 = DIRECTION('',(-1.,0.));
#1976 = ( GEOMETRIC_REPRESENTATION_CONTEXT(2) 
PARAMETRIC_REPRESENTATION_CONTEXT() REPRESENTATION_CONTEXT('2D SPACE',''
  ) );
#1977 = FACE_BOUND('',#1978,.T.);
#1978 = EDGE_LOOP('',(#1979));
#1979 = ORIENTED_EDGE('',*,*,#1980,.T.);
#1980 = EDGE_CURVE('',#1981,#1981,#1983,.T.);
#1981 = VERTEX_POINT('',#1982);
#1982 = CARTESIAN_POINT('',(-3.225,-5.58586385441,1.173931388808E-15));
#1983 = SURFACE_CURVE('',#1984,(#1989,#2000),.PCURVE_S1.);
#1984 = CIRCLE('',#1985,0.75);
#1985 = AXIS2_PLACEMENT_3D('',#1986,#1987,#1988);
#1986 = CARTESIAN_POINT('',(-3.6,-6.235382907248,1.554312234475E-15));
#1987 = DIRECTION('',(1.932926489739E-16,1.127480838273E-16,1.));
#1988 = DIRECTION('',(-0.5,-0.866025403784,1.942890293094E-16));
#1989 = PCURVE('',#44,#1990);
#1990 = DEFINITIONAL_REPRESENTATION('',(#1991),#1999);
#1991 = ( BOUNDED_CURVE() B_SPLINE_CURVE(2,(#1992,#1993,#1994,#1995,
#1996,#1997,#1998),.UNSPECIFIED.,.T.,.F.) B_SPLINE_CURVE_WITH_KNOTS((1,2
    ,2,2,2,1),(-2.094395102393,0.,2.094395102393,4.188790204786,
6.28318530718,8.377580409573),.UNSPECIFIED.) CURVE() 
GEOMETRIC_REPRESENTATION_ITEM() RATIONAL_B_SPLINE_CURVE((1.,0.5,1.,0.5,
1.,0.5,1.)) REPRESENTATION_ITEM('') );
#1992 = CARTESIAN_POINT('',(3.975,-6.884901960086));
#1993 = CARTESIAN_POINT('',(2.85,-7.534421012925));
#1994 = CARTESIAN_POINT('',(2.85,-6.235382907248));
#1995 = CARTESIAN_POINT('',(2.85,-4.936344801572));
#1996 = CARTESIAN_POINT('',(3.975,-5.58586385441));
#1997 = CARTESIAN_POINT('',(5.1,-6.235382907248));
#1998 = CARTESIAN_POINT('',(3.975,-6.884901960086));
#1999 = ( GEOMETRIC_REPRESENTATION_CONTEXT(2) 
PARAMETRIC_REPRESENTATION_CONTEXT() REPRESENTATION_CONTEXT('2D SPACE',''
  ) );
#2000 = PCURVE('',#2001,#2006);
#2001 = CYLINDRICAL_SURFACE('',#2002,0.75);
#2002 = AXIS2_PLACEMENT_3D('',#2003,#2004,#2005);
#2003 = CARTESIAN_POINT('',(-3.6,-6.235382907248,1.7763568394E-15));
#2004 = DIRECTION('',(-1.110223024625E-16,-2.8E-16,-1.));
#2005 = DIRECTION('',(-0.5,-0.866025403784,2.979982642909E-16));
#2006 = DEFINITIONAL_REPRESENTATION('',(#2007),#2011);
#2007 = LINE('',#2008,#2009);
#2008 = CARTESIAN_POINT('',(12.566370614359,1.442626786889E-16));
#2009 = VECTOR('',#2010,1.);
#2010 = DIRECTION('',(-1.,0.));
#2011 = ( GEOMETRIC_REPRESENTATION_CONTEXT(2) 
PARAMETRIC_REPRESENTATION_CONTEXT() REPRESENTATION_CONTEXT('2D SPACE',''
  ) );
#2012 = FACE_BOUND('',#2013,.T.);
#2013 = EDGE_LOOP('',(#2014));
#2014 = ORIENTED_EDGE('',*,*,#2015,.T.);
#2015 = EDGE_CURVE('',#2016,#2016,#2018,.T.);
#2016 = VERTEX_POINT('',#2017);
#2017 = CARTESIAN_POINT('',(-4.825,-8.35714514652,1.840065203583E-15));
#2018 = SURFACE_CURVE('',#2019,(#2024,#2035),.PCURVE_S1.);
#2019 = CIRCLE('',#2020,0.75);
#2020 = AXIS2_PLACEMENT_3D('',#2021,#2022,#2023);
#2021 = CARTESIAN_POINT('',(-5.2,-9.006664199358,2.22044604925E-15));
#2022 = DIRECTION('',(1.932926489739E-16,1.127480838273E-16,1.));
#2023 = DIRECTION('',(-0.5,-0.866025403784,1.942890293094E-16));
#2024 = PCURVE('',#44,#2025);
#2025 = DEFINITIONAL_REPRESENTATION('',(#2026),#2034);
#2026 = ( BOUNDED_CURVE() B_SPLINE_CURVE(2,(#2027,#2028,#2029,#2030,
#2031,#2032,#2033),.UNSPECIFIED.,.T.,.F.) B_SPLINE_CURVE_WITH_KNOTS((1,2
    ,2,2,2,1),(-2.094395102393,0.,2.094395102393,4.188790204786,
6.28318530718,8.377580409573),.UNSPECIFIED.) CURVE() 
GEOMETRIC_REPRESENTATION_ITEM() RATIONAL_B_SPLINE_CURVE((1.,0.5,1.,0.5,
1.,0.5,1.)) REPRESENTATION_ITEM('') );
#2027 = CARTESIAN_POINT('',(5.575,-9.656183252196));
#2028 = CARTESIAN_POINT('',(4.45,-10.30570230503));
#2029 = CARTESIAN_POINT('',(4.45,-9.006664199358));
#2030 = CARTESIAN_POINT('',(4.45,-7.707626093682));
#2031 = CARTESIAN_POINT('',(5.575,-8.35714514652));
#2032 = CARTESIAN_POINT('',(6.7,-9.006664199358));
#2033 = CARTESIAN_POINT('',(5.575,-9.656183252196));
#2034 = ( GEOMETRIC_REPRESENTATION_CONTEXT(2) 
PARAMETRIC_REPRESENTATION_CONTEXT() REPRESENTATION_CONTEXT('2D SPACE',''
  ) );
#2035 = PCURVE('',#2036,#2041);
#2036 = CYLINDRICAL_SURFACE('',#2037,0.75);
#2037 = AXIS2_PLACEMENT_3D('',#2038,#2039,#2040);
#2038 = CARTESIAN_POINT('',(-5.2,-9.006664199358,3.10862446895E-15));
#2039 = DIRECTION('',(-1.110223024625E-16,-2.8E-16,-1.));
#2040 = DIRECTION('',(-0.5,-0.866025403784,2.979982642909E-16));
#2041 = DEFINITIONAL_REPRESENTATION('',(#2042),#2046);
#2042 = LINE('',#2043,#2044);
#2043 = CARTESIAN_POINT('',(12.566370614359,8.103964934639E-16));
#2044 = VECTOR('',#2045,1.);
#2045 = DIRECTION('',(-1.,-6.277555623894E-32));
#2046 = ( GEOMETRIC_REPRESENTATION_CONTEXT(2) 
PARAMETRIC_REPRESENTATION_CONTEXT() REPRESENTATION_CONTEXT('2D SPACE',''
  ) );
#2047 = FACE_BOUND('',#2048,.T.);
#2048 = EDGE_LOOP('',(#2049));
#2049 = ORIENTED_EDGE('',*,*,#2050,.T.);
#2050 = EDGE_CURVE('',#2051,#2051,#2053,.T.);
#2051 = VERTEX_POINT('',#2052);
#2052 = CARTESIAN_POINT('',(-6.425,-11.12842643862,2.728243623283E-15));
#2053 = SURFACE_CURVE('',#2054,(#2059,#2070),.PCURVE_S1.);
#2054 = CIRCLE('',#2055,0.75);
#2055 = AXIS2_PLACEMENT_3D('',#2056,#2057,#2058);
#2056 = CARTESIAN_POINT('',(-6.8,-11.77794549146,3.10862446895E-15));
#2057 = DIRECTION('',(1.932926489739E-16,1.127480838273E-16,1.));
#2058 = DIRECTION('',(-0.5,-0.866025403784,1.942890293094E-16));
#2059 = PCURVE('',#44,#2060);
#2060 = DEFINITIONAL_REPRESENTATION('',(#2061),#2069);
#2061 = ( BOUNDED_CURVE() B_SPLINE_CURVE(2,(#2062,#2063,#2064,#2065,
#2066,#2067,#2068),.UNSPECIFIED.,.T.,.F.) B_SPLINE_CURVE_WITH_KNOTS((1,2
    ,2,2,2,1),(-2.094395102393,0.,2.094395102393,4.188790204786,
6.28318530718,8.377580409573),.UNSPECIFIED.) CURVE() 
GEOMETRIC_REPRESENTATION_ITEM() RATIONAL_B_SPLINE_CURVE((1.,0.5,1.,0.5,
1.,0.5,1.)) REPRESENTATION_ITEM('') );
#2062 = CARTESIAN_POINT('',(7.175,-12.42746454429));
#2063 = CARTESIAN_POINT('',(6.05,-13.07698359713));
#2064 = CARTESIAN_POINT('',(6.05,-11.77794549146));
#2065 = CARTESIAN_POINT('',(6.05,-10.47890738578));
#2066 = CARTESIAN_POINT('',(7.175,-11.12842643862));
#2067 = CARTESIAN_POINT('',(8.3,-11.77794549146));
#2068 = CARTESIAN_POINT('',(7.175,-12.42746454429));
#2069 = ( GEOMETRIC_REPRESENTATION_CONTEXT(2) 
PARAMETRIC_REPRESENTATION_CONTEXT() REPRESENTATION_CONTEXT('2D SPACE',''
  ) );
#2070 = PCURVE('',#2071,#2076);
#2071 = CYLINDRICAL_SURFACE('',#2072,0.75);
#2072 = AXIS2_PLACEMENT_3D('',#2073,#2074,#2075);
#2073 = CARTESIAN_POINT('',(-6.8,-11.77794549146,3.996802888651E-15));
#2074 = DIRECTION('',(-1.110223024625E-16,-2.8E-16,-1.));
#2075 = DIRECTION('',(-0.5,-0.866025403784,2.979982642909E-16));
#2076 = DEFINITIONAL_REPRESENTATION('',(#2077),#2081);
#2077 = LINE('',#2078,#2079);
#2078 = CARTESIAN_POINT('',(6.28318530718,8.103964934649E-16));
#2079 = VECTOR('',#2080,1.);
#2080 = DIRECTION('',(-1.,0.));
#2081 = ( GEOMETRIC_REPRESENTATION_CONTEXT(2) 
PARAMETRIC_REPRESENTATION_CONTEXT() REPRESENTATION_CONTEXT('2D SPACE',''
  ) );
#2082 = FACE_BOUND('',#2083,.T.);
#2083 = EDGE_LOOP('',(#2084));
#2084 = ORIENTED_EDGE('',*,*,#2085,.T.);
#2085 = EDGE_CURVE('',#2086,#2086,#2088,.T.);
#2086 = VERTEX_POINT('',#2087);
#2087 = CARTESIAN_POINT('',(-3.225,5.58586385441,1.733105158855E-16));
#2088 = SURFACE_CURVE('',#2089,(#2094,#2105),.PCURVE_S1.);
#2089 = CIRCLE('',#2090,0.75);
#2090 = AXIS2_PLACEMENT_3D('',#2091,#2092,#2093);
#2091 = CARTESIAN_POINT('',(-3.6,6.235382907248,2.22044604925E-16));
#2092 = DIRECTION('',(3.365184701171E-16,1.942890293094E-16,1.));
#2093 = DIRECTION('',(-0.5,0.866025403784,7.545947596505E-29));
#2094 = PCURVE('',#44,#2095);
#2095 = DEFINITIONAL_REPRESENTATION('',(#2096),#2104);
#2096 = ( BOUNDED_CURVE() B_SPLINE_CURVE(2,(#2097,#2098,#2099,#2100,
#2101,#2102,#2103),.UNSPECIFIED.,.T.,.F.) B_SPLINE_CURVE_WITH_KNOTS((1,2
    ,2,2,2,1),(-2.094395102393,0.,2.094395102393,4.188790204786,
6.28318530718,8.377580409573),.UNSPECIFIED.) CURVE() 
GEOMETRIC_REPRESENTATION_ITEM() RATIONAL_B_SPLINE_CURVE((1.,0.5,1.,0.5,
1.,0.5,1.)) REPRESENTATION_ITEM('') );
#2097 = CARTESIAN_POINT('',(3.975,6.884901960086));
#2098 = CARTESIAN_POINT('',(5.1,6.235382907248));
#2099 = CARTESIAN_POINT('',(3.975,5.58586385441));
#2100 = CARTESIAN_POINT('',(2.85,4.936344801572));
#2101 = CARTESIAN_POINT('',(2.85,6.235382907248));
#2102 = CARTESIAN_POINT('',(2.85,7.534421012925));
#2103 = CARTESIAN_POINT('',(3.975,6.884901960086));
#2104 = ( GEOMETRIC_REPRESENTATION_CONTEXT(2) 
PARAMETRIC_REPRESENTATION_CONTEXT() REPRESENTATION_CONTEXT('2D SPACE',''
  ) );
#2105 = PCURVE('',#2106,#2111);
#2106 = CYLINDRICAL_SURFACE('',#2107,0.75);
#2107 = AXIS2_PLACEMENT_3D('',#2108,#2109,#2110);
#2108 = CARTESIAN_POINT('',(-3.6,6.235382907248,-2.22044604925E-16));
#2109 = DIRECTION('',(-3.885780586188E-16,-2.8E-16,-1.));
#2110 = DIRECTION('',(-0.5,0.866025403784,-4.819808375014E-17));
#2111 = DEFINITIONAL_REPRESENTATION('',(#2112),#2116);
#2112 = LINE('',#2113,#2114);
#2113 = CARTESIAN_POINT('',(6.28318530718,-4.079406470373E-16));
#2114 = VECTOR('',#2115,1.);
#2115 = DIRECTION('',(-1.,1.569388905973E-32));
#2116 = ( GEOMETRIC_REPRESENTATION_CONTEXT(2) 
PARAMETRIC_REPRESENTATION_CONTEXT() REPRESENTATION_CONTEXT('2D SPACE',''
  ) );
#2117 = ADVANCED_FACE('',(#2118),#2133,.F.);
#2118 = FACE_BOUND('',#2119,.F.);
#2119 = EDGE_LOOP('',(#2120,#2156,#2184,#2213));
#2120 = ORIENTED_EDGE('',*,*,#2121,.T.);
#2121 = EDGE_CURVE('',#2122,#2124,#2126,.T.);
#2122 = VERTEX_POINT('',#2123);
#2123 = CARTESIAN_POINT('',(2.945406330496,-0.569720587897,-3.));
#2124 = VERTEX_POINT('',#2125);
#2125 = CARTESIAN_POINT('',(2.993563417306,-0.196413,-3.));
#2126 = SURFACE_CURVE('',#2127,(#2132,#2144),.PCURVE_S1.);
#2127 = CIRCLE('',#2128,3.);
#2128 = AXIS2_PLACEMENT_3D('',#2129,#2130,#2131);
#2129 = CARTESIAN_POINT('',(0.,-2.E-15,-3.));
#2130 = DIRECTION('',(0.,6.6E-16,1.));
#2131 = DIRECTION('',(-1.,0.,0.));
#2132 = PCURVE('',#2133,#2138);
#2133 = CYLINDRICAL_SURFACE('',#2134,3.);
#2134 = AXIS2_PLACEMENT_3D('',#2135,#2136,#2137);
#2135 = CARTESIAN_POINT('',(0.,-2.E-15,-3.));
#2136 = DIRECTION('',(0.,6.6E-16,1.));
#2137 = DIRECTION('',(-1.,0.,0.));
#2138 = DEFINITIONAL_REPRESENTATION('',(#2139),#2143);
#2139 = LINE('',#2140,#2141);
#2140 = CARTESIAN_POINT('',(0.,0.));
#2141 = VECTOR('',#2142,1.);
#2142 = DIRECTION('',(1.,0.));
#2143 = ( GEOMETRIC_REPRESENTATION_CONTEXT(2) 
PARAMETRIC_REPRESENTATION_CONTEXT() REPRESENTATION_CONTEXT('2D SPACE',''
  ) );
#2144 = PCURVE('',#2145,#2150);
#2145 = PLANE('',#2146);
#2146 = AXIS2_PLACEMENT_3D('',#2147,#2148,#2149);
#2147 = CARTESIAN_POINT('',(0.,-2.E-15,-3.));
#2148 = DIRECTION('',(0.,6.6E-16,1.));
#2149 = DIRECTION('',(-1.,0.,0.));
#2150 = DEFINITIONAL_REPRESENTATION('',(#2151),#2155);
#2151 = CIRCLE('',#2152,3.);
#2152 = AXIS2_PLACEMENT_2D('',#2153,#2154);
#2153 = CARTESIAN_POINT('',(0.,0.));
#2154 = DIRECTION('',(1.,0.));
#2155 = ( GEOMETRIC_REPRESENTATION_CONTEXT(2) 
PARAMETRIC_REPRESENTATION_CONTEXT() REPRESENTATION_CONTEXT('2D SPACE',''
  ) );
#2156 = ORIENTED_EDGE('',*,*,#2157,.T.);
#2157 = EDGE_CURVE('',#2124,#2158,#2160,.T.);
#2158 = VERTEX_POINT('',#2159);
#2159 = CARTESIAN_POINT('',(2.993563417306,-0.196413,0.6));
#2160 = SURFACE_CURVE('',#2161,(#2165,#2172),.PCURVE_S1.);
#2161 = LINE('',#2162,#2163);
#2162 = CARTESIAN_POINT('',(2.993563417306,-0.196413,-3.));
#2163 = VECTOR('',#2164,1.);
#2164 = DIRECTION('',(0.,1.1E-16,1.));
#2165 = PCURVE('',#2133,#2166);
#2166 = DEFINITIONAL_REPRESENTATION('',(#2167),#2171);
#2167 = LINE('',#2168,#2169);
#2168 = CARTESIAN_POINT('',(3.07607479009,0.));
#2169 = VECTOR('',#2170,1.);
#2170 = DIRECTION('',(-1.233581138472E-16,1.));
#2171 = ( GEOMETRIC_REPRESENTATION_CONTEXT(2) 
PARAMETRIC_REPRESENTATION_CONTEXT() REPRESENTATION_CONTEXT('2D SPACE',''
  ) );
#2172 = PCURVE('',#2173,#2178);
#2173 = PLANE('',#2174);
#2174 = AXIS2_PLACEMENT_3D('',#2175,#2176,#2177);
#2175 = CARTESIAN_POINT('',(2.667483,-3.3E-16,-3.));
#2176 = DIRECTION('',(0.515972182209,0.856605339224,-9.999999999997E-17)
  );
#2177 = DIRECTION('',(0.856605339224,-0.515972182209,5.999999999998E-17)
  );
#2178 = DEFINITIONAL_REPRESENTATION('',(#2179),#2183);
#2179 = LINE('',#2180,#2181);
#2180 = CARTESIAN_POINT('',(0.380665870705,2.283995224228E-17));
#2181 = VECTOR('',#2182,1.);
#2182 = DIRECTION('',(3.243059957009E-18,-1.));
#2183 = ( GEOMETRIC_REPRESENTATION_CONTEXT(2) 
PARAMETRIC_REPRESENTATION_CONTEXT() REPRESENTATION_CONTEXT('2D SPACE',''
  ) );
#2184 = ORIENTED_EDGE('',*,*,#2185,.F.);
#2185 = EDGE_CURVE('',#2186,#2158,#2188,.T.);
#2186 = VERTEX_POINT('',#2187);
#2187 = CARTESIAN_POINT('',(2.945406330496,-0.569720587897,0.6));
#2188 = SURFACE_CURVE('',#2189,(#2194,#2201),.PCURVE_S1.);
#2189 = CIRCLE('',#2190,3.);
#2190 = AXIS2_PLACEMENT_3D('',#2191,#2192,#2193);
#2191 = CARTESIAN_POINT('',(0.,4.E-16,0.6));
#2192 = DIRECTION('',(0.,6.6E-16,1.));
#2193 = DIRECTION('',(-1.,0.,0.));
#2194 = PCURVE('',#2133,#2195);
#2195 = DEFINITIONAL_REPRESENTATION('',(#2196),#2200);
#2196 = LINE('',#2197,#2198);
#2197 = CARTESIAN_POINT('',(0.,3.6));
#2198 = VECTOR('',#2199,1.);
#2199 = DIRECTION('',(1.,0.));
#2200 = ( GEOMETRIC_REPRESENTATION_CONTEXT(2) 
PARAMETRIC_REPRESENTATION_CONTEXT() REPRESENTATION_CONTEXT('2D SPACE',''
  ) );
#2201 = PCURVE('',#2202,#2207);
#2202 = PLANE('',#2203);
#2203 = AXIS2_PLACEMENT_3D('',#2204,#2205,#2206);
#2204 = CARTESIAN_POINT('',(0.,4.E-16,0.6));
#2205 = DIRECTION('',(0.,6.6E-16,1.));
#2206 = DIRECTION('',(-1.,0.,0.));
#2207 = DEFINITIONAL_REPRESENTATION('',(#2208),#2212);
#2208 = CIRCLE('',#2209,3.);
#2209 = AXIS2_PLACEMENT_2D('',#2210,#2211);
#2210 = CARTESIAN_POINT('',(0.,0.));
#2211 = DIRECTION('',(1.,0.));
#2212 = ( GEOMETRIC_REPRESENTATION_CONTEXT(2) 
PARAMETRIC_REPRESENTATION_CONTEXT() REPRESENTATION_CONTEXT('2D SPACE',''
  ) );
#2213 = ORIENTED_EDGE('',*,*,#2214,.F.);
#2214 = EDGE_CURVE('',#2122,#2186,#2215,.T.);
#2215 = SURFACE_CURVE('',#2216,(#2220,#2227),.PCURVE_S1.);
#2216 = LINE('',#2217,#2218);
#2217 = CARTESIAN_POINT('',(2.945406330496,-0.569720587897,-3.));
#2218 = VECTOR('',#2219,1.);
#2219 = DIRECTION('',(3.608224830032E-16,1.1E-16,1.));
#2220 = PCURVE('',#2133,#2221);
#2221 = DEFINITIONAL_REPRESENTATION('',(#2222),#2226);
#2222 = LINE('',#2223,#2224);
#2223 = CARTESIAN_POINT('',(2.950525371616,-4.440892098501E-16));
#2224 = VECTOR('',#2225,1.);
#2225 = DIRECTION('',(-1.233581138472E-16,1.));
#2226 = ( GEOMETRIC_REPRESENTATION_CONTEXT(2) 
PARAMETRIC_REPRESENTATION_CONTEXT() REPRESENTATION_CONTEXT('2D SPACE',''
  ) );
#2227 = PCURVE('',#2228,#2233);
#2228 = PLANE('',#2229);
#2229 = AXIS2_PLACEMENT_3D('',#2230,#2231,#2232);
#2230 = CARTESIAN_POINT('',(2.945406330496,-0.569720587897,-3.));
#2231 = DIRECTION('',(0.250646998548,-0.968078551626,2.081668171173E-17)
  );
#2232 = DIRECTION('',(-0.968078551626,-0.250646998548,3.885780586189E-16
    ));
#2233 = DEFINITIONAL_REPRESENTATION('',(#2234),#2238);
#2234 = LINE('',#2235,#2236);
#2235 = CARTESIAN_POINT('',(0.,-0.));
#2236 = VECTOR('',#2237,1.);
#2237 = DIRECTION('',(1.170238203869E-17,-1.));
#2238 = ( GEOMETRIC_REPRESENTATION_CONTEXT(2) 
PARAMETRIC_REPRESENTATION_CONTEXT() REPRESENTATION_CONTEXT('2D SPACE',''
  ) );
#2239 = ADVANCED_FACE('',(#2240),#2228,.F.);
#2240 = FACE_BOUND('',#2241,.T.);
#2241 = EDGE_LOOP('',(#2242,#2265,#2293,#2314));
#2242 = ORIENTED_EDGE('',*,*,#2243,.T.);
#2243 = EDGE_CURVE('',#2122,#2244,#2246,.T.);
#2244 = VERTEX_POINT('',#2245);
#2245 = CARTESIAN_POINT('',(2.583679116397,-0.663376046284,-3.));
#2246 = SURFACE_CURVE('',#2247,(#2251,#2258),.PCURVE_S1.);
#2247 = LINE('',#2248,#2249);
#2248 = CARTESIAN_POINT('',(2.945406330496,-0.569720587897,-3.));
#2249 = VECTOR('',#2250,1.);
#2250 = DIRECTION('',(-0.968078551626,-0.250646998548,4.163336342345E-16
    ));
#2251 = PCURVE('',#2228,#2252);
#2252 = DEFINITIONAL_REPRESENTATION('',(#2253),#2257);
#2253 = LINE('',#2254,#2255);
#2254 = CARTESIAN_POINT('',(0.,-0.));
#2255 = VECTOR('',#2256,1.);
#2256 = DIRECTION('',(1.,-2.775557561561E-17));
#2257 = ( GEOMETRIC_REPRESENTATION_CONTEXT(2) 
PARAMETRIC_REPRESENTATION_CONTEXT() REPRESENTATION_CONTEXT('2D SPACE',''
  ) );
#2258 = PCURVE('',#2145,#2259);
#2259 = DEFINITIONAL_REPRESENTATION('',(#2260),#2264);
#2260 = LINE('',#2261,#2262);
#2261 = CARTESIAN_POINT('',(-2.945406330496,0.569720587897));
#2262 = VECTOR('',#2263,1.);
#2263 = DIRECTION('',(0.968078551626,0.250646998548));
#2264 = ( GEOMETRIC_REPRESENTATION_CONTEXT(2) 
PARAMETRIC_REPRESENTATION_CONTEXT() REPRESENTATION_CONTEXT('2D SPACE',''
  ) );
#2265 = ORIENTED_EDGE('',*,*,#2266,.T.);
#2266 = EDGE_CURVE('',#2244,#2267,#2269,.T.);
#2267 = VERTEX_POINT('',#2268);
#2268 = CARTESIAN_POINT('',(2.583679116397,-0.663376046284,0.6));
#2269 = SURFACE_CURVE('',#2270,(#2274,#2281),.PCURVE_S1.);
#2270 = LINE('',#2271,#2272);
#2271 = CARTESIAN_POINT('',(2.583679116397,-0.663376046284,-3.));
#2272 = VECTOR('',#2273,1.);
#2273 = DIRECTION('',(3.608224830032E-16,1.1E-16,1.));
#2274 = PCURVE('',#2228,#2275);
#2275 = DEFINITIONAL_REPRESENTATION('',(#2276),#2280);
#2276 = LINE('',#2277,#2278);
#2277 = CARTESIAN_POINT('',(0.373654817051,1.451940634033E-16));
#2278 = VECTOR('',#2279,1.);
#2279 = DIRECTION('',(1.170238203869E-17,-1.));
#2280 = ( GEOMETRIC_REPRESENTATION_CONTEXT(2) 
PARAMETRIC_REPRESENTATION_CONTEXT() REPRESENTATION_CONTEXT('2D SPACE',''
  ) );
#2281 = PCURVE('',#2282,#2287);
#2282 = PLANE('',#2283);
#2283 = AXIS2_PLACEMENT_3D('',#2284,#2285,#2286);
#2284 = CARTESIAN_POINT('',(2.583679116397,-0.663376046284,-3.));
#2285 = DIRECTION('',(0.712791052455,0.701376443531,-3.330669073875E-16)
  );
#2286 = DIRECTION('',(0.701376443531,-0.712791052455,-1.665334536938E-16
    ));
#2287 = DEFINITIONAL_REPRESENTATION('',(#2288),#2292);
#2288 = LINE('',#2289,#2290);
#2289 = CARTESIAN_POINT('',(0.,-0.));
#2290 = VECTOR('',#2291,1.);
#2291 = DIRECTION('',(8.131920410958E-18,-1.));
#2292 = ( GEOMETRIC_REPRESENTATION_CONTEXT(2) 
PARAMETRIC_REPRESENTATION_CONTEXT() REPRESENTATION_CONTEXT('2D SPACE',''
  ) );
#2293 = ORIENTED_EDGE('',*,*,#2294,.T.);
#2294 = EDGE_CURVE('',#2267,#2186,#2295,.T.);
#2295 = SURFACE_CURVE('',#2296,(#2300,#2307),.PCURVE_S1.);
#2296 = LINE('',#2297,#2298);
#2297 = CARTESIAN_POINT('',(1.6343443541,-0.909170055858,0.6));
#2298 = VECTOR('',#2299,1.);
#2299 = DIRECTION('',(0.968078551626,0.250646998548,-1.900000000001E-16)
  );
#2300 = PCURVE('',#2228,#2301);
#2301 = DEFINITIONAL_REPRESENTATION('',(#2302),#2306);
#2302 = LINE('',#2303,#2304);
#2303 = CARTESIAN_POINT('',(1.354292969505,-3.6));
#2304 = VECTOR('',#2305,1.);
#2305 = DIRECTION('',(-1.,-1.985780586189E-16));
#2306 = ( GEOMETRIC_REPRESENTATION_CONTEXT(2) 
PARAMETRIC_REPRESENTATION_CONTEXT() REPRESENTATION_CONTEXT('2D SPACE',''
  ) );
#2307 = PCURVE('',#2202,#2308);
#2308 = DEFINITIONAL_REPRESENTATION('',(#2309),#2313);
#2309 = LINE('',#2310,#2311);
#2310 = CARTESIAN_POINT('',(-1.6343443541,0.909170055858));
#2311 = VECTOR('',#2312,1.);
#2312 = DIRECTION('',(-0.968078551626,-0.250646998548));
#2313 = ( GEOMETRIC_REPRESENTATION_CONTEXT(2) 
PARAMETRIC_REPRESENTATION_CONTEXT() REPRESENTATION_CONTEXT('2D SPACE',''
  ) );
#2314 = ORIENTED_EDGE('',*,*,#2214,.F.);
#2315 = ADVANCED_FACE('',(#2316,#4376),#2202,.F.);
#2316 = FACE_BOUND('',#2317,.T.);
#2317 = EDGE_LOOP('',(#2318,#2348,#2369,#2370,#2371,#2394,#2423,#2451,
    #2479,#2508,#2536,#2564,#2593,#2621,#2649,#2678,#2706,#2734,#2763,
    #2791,#2819,#2848,#2876,#2904,#2933,#2961,#2989,#3018,#3046,#3074,
    #3103,#3131,#3159,#3188,#3216,#3244,#3273,#3301,#3329,#3358,#3386,
    #3414,#3443,#3471,#3499,#3528,#3556,#3584,#3613,#3641,#3669,#3698,
    #3726,#3754,#3783,#3811,#3839,#3868,#3896,#3924,#3953,#3981,#4009,
    #4038,#4066,#4094,#4123,#4151,#4179,#4208,#4236,#4264,#4293,#4321,
    #4349));
#2318 = ORIENTED_EDGE('',*,*,#2319,.F.);
#2319 = EDGE_CURVE('',#2320,#2322,#2324,.T.);
#2320 = VERTEX_POINT('',#2321);
#2321 = CARTESIAN_POINT('',(2.667483,0.,0.6));
#2322 = VERTEX_POINT('',#2323);
#2323 = CARTESIAN_POINT('',(2.99455472312,0.180671,0.6));
#2324 = SURFACE_CURVE('',#2325,(#2329,#2336),.PCURVE_S1.);
#2325 = LINE('',#2326,#2327);
#2326 = CARTESIAN_POINT('',(1.809099819472,-0.474161893697,0.6));
#2327 = VECTOR('',#2328,1.);
#2328 = DIRECTION('',(0.875331209968,0.483523807951,-3.700000000001E-16)
  );
#2329 = PCURVE('',#2202,#2330);
#2330 = DEFINITIONAL_REPRESENTATION('',(#2331),#2335);
#2331 = LINE('',#2332,#2333);
#2332 = CARTESIAN_POINT('',(-1.809099819472,0.474161893697));
#2333 = VECTOR('',#2334,1.);
#2334 = DIRECTION('',(-0.875331209968,-0.483523807951));
#2335 = ( GEOMETRIC_REPRESENTATION_CONTEXT(2) 
PARAMETRIC_REPRESENTATION_CONTEXT() REPRESENTATION_CONTEXT('2D SPACE',''
  ) );
#2336 = PCURVE('',#2337,#2342);
#2337 = PLANE('',#2338);
#2338 = AXIS2_PLACEMENT_3D('',#2339,#2340,#2341);
#2339 = CARTESIAN_POINT('',(2.99455472312,0.180671,-3.));
#2340 = DIRECTION('',(0.483523807951,-0.875331209968,1.E-16));
#2341 = DIRECTION('',(-0.875331209968,-0.483523807951,5.000000000001E-17
    ));
#2342 = DEFINITIONAL_REPRESENTATION('',(#2343),#2347);
#2343 = LINE('',#2344,#2345);
#2344 = CARTESIAN_POINT('',(1.354292969505,-3.6));
#2345 = VECTOR('',#2346,1.);
#2346 = DIRECTION('',(-1.,3.200000000001E-16));
#2347 = ( GEOMETRIC_REPRESENTATION_CONTEXT(2) 
PARAMETRIC_REPRESENTATION_CONTEXT() REPRESENTATION_CONTEXT('2D SPACE',''
  ) );
#2348 = ORIENTED_EDGE('',*,*,#2349,.F.);
#2349 = EDGE_CURVE('',#2158,#2320,#2350,.T.);
#2350 = SURFACE_CURVE('',#2351,(#2355,#2362),.PCURVE_S1.);
#2351 = LINE('',#2352,#2353);
#2352 = CARTESIAN_POINT('',(1.688819888858,0.589493104912,0.6));
#2353 = VECTOR('',#2354,1.);
#2354 = DIRECTION('',(-0.856605339224,0.515972182209,-3.999999999999E-16
    ));
#2355 = PCURVE('',#2202,#2356);
#2356 = DEFINITIONAL_REPRESENTATION('',(#2357),#2361);
#2357 = LINE('',#2358,#2359);
#2358 = CARTESIAN_POINT('',(-1.688819888858,-0.589493104912));
#2359 = VECTOR('',#2360,1.);
#2360 = DIRECTION('',(0.856605339224,-0.515972182209));
#2361 = ( GEOMETRIC_REPRESENTATION_CONTEXT(2) 
PARAMETRIC_REPRESENTATION_CONTEXT() REPRESENTATION_CONTEXT('2D SPACE',''
  ) );
#2362 = PCURVE('',#2173,#2363);
#2363 = DEFINITIONAL_REPRESENTATION('',(#2364),#2368);
#2364 = LINE('',#2365,#2366);
#2365 = CARTESIAN_POINT('',(-1.142490090044,-3.6));
#2366 = VECTOR('',#2367,1.);
#2367 = DIRECTION('',(-1.,3.399999999999E-16));
#2368 = ( GEOMETRIC_REPRESENTATION_CONTEXT(2) 
PARAMETRIC_REPRESENTATION_CONTEXT() REPRESENTATION_CONTEXT('2D SPACE',''
  ) );
#2369 = ORIENTED_EDGE('',*,*,#2185,.F.);
#2370 = ORIENTED_EDGE('',*,*,#2294,.F.);
#2371 = ORIENTED_EDGE('',*,*,#2372,.F.);
#2372 = EDGE_CURVE('',#2373,#2267,#2375,.T.);
#2373 = VERTEX_POINT('',#2374);
#2374 = CARTESIAN_POINT('',(2.850669190965,-0.934711272897,0.6));
#2375 = SURFACE_CURVE('',#2376,(#2380,#2387),.PCURVE_S1.);
#2376 = LINE('',#2377,#2378);
#2377 = CARTESIAN_POINT('',(1.782363480272,0.150980667418,0.6));
#2378 = VECTOR('',#2379,1.);
#2379 = DIRECTION('',(-0.701376443531,0.712791052455,-5.5E-16));
#2380 = PCURVE('',#2202,#2381);
#2381 = DEFINITIONAL_REPRESENTATION('',(#2382),#2386);
#2382 = LINE('',#2383,#2384);
#2383 = CARTESIAN_POINT('',(-1.782363480272,-0.150980667418));
#2384 = VECTOR('',#2385,1.);
#2385 = DIRECTION('',(0.701376443531,-0.712791052455));
#2386 = ( GEOMETRIC_REPRESENTATION_CONTEXT(2) 
PARAMETRIC_REPRESENTATION_CONTEXT() REPRESENTATION_CONTEXT('2D SPACE',''
  ) );
#2387 = PCURVE('',#2282,#2388);
#2388 = DEFINITIONAL_REPRESENTATION('',(#2389),#2393);
#2389 = LINE('',#2390,#2391);
#2390 = CARTESIAN_POINT('',(-1.142490090045,-3.6));
#2391 = VECTOR('',#2392,1.);
#2392 = DIRECTION('',(-1.,7.165334536938E-16));
#2393 = ( GEOMETRIC_REPRESENTATION_CONTEXT(2) 
PARAMETRIC_REPRESENTATION_CONTEXT() REPRESENTATION_CONTEXT('2D SPACE',''
  ) );
#2394 = ORIENTED_EDGE('',*,*,#2395,.F.);
#2395 = EDGE_CURVE('',#2396,#2373,#2398,.T.);
#2396 = VERTEX_POINT('',#2397);
#2397 = CARTESIAN_POINT('',(2.71118722568,-1.284314535971,0.6));
#2398 = SURFACE_CURVE('',#2399,(#2404,#2411),.PCURVE_S1.);
#2399 = CIRCLE('',#2400,3.);
#2400 = AXIS2_PLACEMENT_3D('',#2401,#2402,#2403);
#2401 = CARTESIAN_POINT('',(0.,4.E-16,0.6));
#2402 = DIRECTION('',(0.,6.6E-16,1.));
#2403 = DIRECTION('',(-1.,0.,0.));
#2404 = PCURVE('',#2202,#2405);
#2405 = DEFINITIONAL_REPRESENTATION('',(#2406),#2410);
#2406 = CIRCLE('',#2407,3.);
#2407 = AXIS2_PLACEMENT_2D('',#2408,#2409);
#2408 = CARTESIAN_POINT('',(0.,0.));
#2409 = DIRECTION('',(1.,0.));
#2410 = ( GEOMETRIC_REPRESENTATION_CONTEXT(2) 
PARAMETRIC_REPRESENTATION_CONTEXT() REPRESENTATION_CONTEXT('2D SPACE',''
  ) );
#2411 = PCURVE('',#2412,#2417);
#2412 = CYLINDRICAL_SURFACE('',#2413,3.);
#2413 = AXIS2_PLACEMENT_3D('',#2414,#2415,#2416);
#2414 = CARTESIAN_POINT('',(0.,-2.E-15,-3.));
#2415 = DIRECTION('',(0.,6.6E-16,1.));
#2416 = DIRECTION('',(-1.,0.,0.));
#2417 = DEFINITIONAL_REPRESENTATION('',(#2418),#2422);
#2418 = LINE('',#2419,#2420);
#2419 = CARTESIAN_POINT('',(0.,3.6));
#2420 = VECTOR('',#2421,1.);
#2421 = DIRECTION('',(1.,0.));
#2422 = ( GEOMETRIC_REPRESENTATION_CONTEXT(2) 
PARAMETRIC_REPRESENTATION_CONTEXT() REPRESENTATION_CONTEXT('2D SPACE',''
  ) );
#2423 = ORIENTED_EDGE('',*,*,#2424,.F.);
#2424 = EDGE_CURVE('',#2425,#2396,#2427,.T.);
#2425 = VERTEX_POINT('',#2426);
#2426 = CARTESIAN_POINT('',(2.337533171803,-1.285069735854,0.6));
#2427 = SURFACE_CURVE('',#2428,(#2432,#2439),.PCURVE_S1.);
#2428 = LINE('',#2429,#2430);
#2429 = CARTESIAN_POINT('',(1.356897022262,-1.287051719716,0.6));
#2430 = VECTOR('',#2431,1.);
#2431 = DIRECTION('',(0.999997957542,2.021116410131E-03,0.));
#2432 = PCURVE('',#2202,#2433);
#2433 = DEFINITIONAL_REPRESENTATION('',(#2434),#2438);
#2434 = LINE('',#2435,#2436);
#2435 = CARTESIAN_POINT('',(-1.356897022262,1.287051719716));
#2436 = VECTOR('',#2437,1.);
#2437 = DIRECTION('',(-0.999997957542,-2.021116410131E-03));
#2438 = ( GEOMETRIC_REPRESENTATION_CONTEXT(2) 
PARAMETRIC_REPRESENTATION_CONTEXT() REPRESENTATION_CONTEXT('2D SPACE',''
  ) );
#2439 = PCURVE('',#2440,#2445);
#2440 = PLANE('',#2441);
#2441 = AXIS2_PLACEMENT_3D('',#2442,#2443,#2444);
#2442 = CARTESIAN_POINT('',(2.71118722568,-1.284314535971,-3.));
#2443 = DIRECTION('',(2.021116410131E-03,-0.999997957542,
    1.255506115738E-16));
#2444 = DIRECTION('',(-0.999997957542,-2.021116410131E-03,
    3.330669073875E-16));
#2445 = DEFINITIONAL_REPRESENTATION('',(#2446),#2450);
#2446 = LINE('',#2447,#2448);
#2447 = CARTESIAN_POINT('',(1.354292969504,-3.6));
#2448 = VECTOR('',#2449,1.);
#2449 = DIRECTION('',(-1.,-3.330669073875E-16));
#2450 = ( GEOMETRIC_REPRESENTATION_CONTEXT(2) 
PARAMETRIC_REPRESENTATION_CONTEXT() REPRESENTATION_CONTEXT('2D SPACE',''
  ) );
#2451 = ORIENTED_EDGE('',*,*,#2452,.F.);
#2452 = EDGE_CURVE('',#2453,#2425,#2455,.T.);
#2453 = VERTEX_POINT('',#2454);
#2454 = CARTESIAN_POINT('',(2.528656935329,-1.614278198891,0.6));
#2455 = SURFACE_CURVE('',#2456,(#2460,#2467),.PCURVE_S1.);
#2456 = LINE('',#2457,#2458);
#2457 = CARTESIAN_POINT('',(1.763914619147,-0.297018440679,0.6));
#2458 = VECTOR('',#2459,1.);
#2459 = DIRECTION('',(-0.502077486409,0.864822639413,-6.7E-16));
#2460 = PCURVE('',#2202,#2461);
#2461 = DEFINITIONAL_REPRESENTATION('',(#2462),#2466);
#2462 = LINE('',#2463,#2464);
#2463 = CARTESIAN_POINT('',(-1.763914619147,0.297018440679));
#2464 = VECTOR('',#2465,1.);
#2465 = DIRECTION('',(0.502077486409,-0.864822639413));
#2466 = ( GEOMETRIC_REPRESENTATION_CONTEXT(2) 
PARAMETRIC_REPRESENTATION_CONTEXT() REPRESENTATION_CONTEXT('2D SPACE',''
  ) );
#2467 = PCURVE('',#2468,#2473);
#2468 = PLANE('',#2469);
#2469 = AXIS2_PLACEMENT_3D('',#2470,#2471,#2472);
#2470 = CARTESIAN_POINT('',(2.337533171803,-1.285069735854,-3.));
#2471 = DIRECTION('',(0.864822639413,0.502077486409,-3.885780586188E-16)
  );
#2472 = DIRECTION('',(0.502077486409,-0.864822639413,-8.326672684689E-17
    ));
#2473 = DEFINITIONAL_REPRESENTATION('',(#2474),#2478);
#2474 = LINE('',#2475,#2476);
#2475 = CARTESIAN_POINT('',(-1.142490090044,-3.6));
#2476 = VECTOR('',#2477,1.);
#2477 = DIRECTION('',(-1.,7.532667268469E-16));
#2478 = ( GEOMETRIC_REPRESENTATION_CONTEXT(2) 
PARAMETRIC_REPRESENTATION_CONTEXT() REPRESENTATION_CONTEXT('2D SPACE',''
  ) );
#2479 = ORIENTED_EDGE('',*,*,#2480,.F.);
#2480 = EDGE_CURVE('',#2481,#2453,#2483,.T.);
#2481 = VERTEX_POINT('',#2482);
#2482 = CARTESIAN_POINT('',(2.306614256426,-1.918210278372,0.6));
#2483 = SURFACE_CURVE('',#2484,(#2489,#2496),.PCURVE_S1.);
#2484 = CIRCLE('',#2485,3.);
#2485 = AXIS2_PLACEMENT_3D('',#2486,#2487,#2488);
#2486 = CARTESIAN_POINT('',(0.,4.E-16,0.6));
#2487 = DIRECTION('',(0.,6.6E-16,1.));
#2488 = DIRECTION('',(-1.,0.,0.));
#2489 = PCURVE('',#2202,#2490);
#2490 = DEFINITIONAL_REPRESENTATION('',(#2491),#2495);
#2491 = CIRCLE('',#2492,3.);
#2492 = AXIS2_PLACEMENT_2D('',#2493,#2494);
#2493 = CARTESIAN_POINT('',(0.,0.));
#2494 = DIRECTION('',(1.,0.));
#2495 = ( GEOMETRIC_REPRESENTATION_CONTEXT(2) 
PARAMETRIC_REPRESENTATION_CONTEXT() REPRESENTATION_CONTEXT('2D SPACE',''
  ) );
#2496 = PCURVE('',#2497,#2502);
#2497 = CYLINDRICAL_SURFACE('',#2498,3.);
#2498 = AXIS2_PLACEMENT_3D('',#2499,#2500,#2501);
#2499 = CARTESIAN_POINT('',(0.,-2.E-15,-3.));
#2500 = DIRECTION('',(0.,6.6E-16,1.));
#2501 = DIRECTION('',(-1.,0.,0.));
#2502 = DEFINITIONAL_REPRESENTATION('',(#2503),#2507);
#2503 = LINE('',#2504,#2505);
#2504 = CARTESIAN_POINT('',(0.,3.6));
#2505 = VECTOR('',#2506,1.);
#2506 = DIRECTION('',(1.,0.));
#2507 = ( GEOMETRIC_REPRESENTATION_CONTEXT(2) 
PARAMETRIC_REPRESENTATION_CONTEXT() REPRESENTATION_CONTEXT('2D SPACE',''
  ) );
#2508 = ORIENTED_EDGE('',*,*,#2509,.F.);
#2509 = EDGE_CURVE('',#2510,#2481,#2512,.T.);
#2510 = VERTEX_POINT('',#2511);
#2511 = CARTESIAN_POINT('',(1.94451142118,-1.826017767764,0.6));
#2512 = SURFACE_CURVE('',#2513,(#2517,#2524),.PCURVE_S1.);
#2513 = LINE('',#2514,#2515);
#2514 = CARTESIAN_POINT('',(0.994190860197,-1.584063190579,0.6));
#2515 = VECTOR('',#2516,1.);
#2516 = DIRECTION('',(0.96908381405,-0.246731759905,1.9E-16));
#2517 = PCURVE('',#2202,#2518);
#2518 = DEFINITIONAL_REPRESENTATION('',(#2519),#2523);
#2519 = LINE('',#2520,#2521);
#2520 = CARTESIAN_POINT('',(-0.994190860197,1.584063190579));
#2521 = VECTOR('',#2522,1.);
#2522 = DIRECTION('',(-0.96908381405,0.246731759905));
#2523 = ( GEOMETRIC_REPRESENTATION_CONTEXT(2) 
PARAMETRIC_REPRESENTATION_CONTEXT() REPRESENTATION_CONTEXT('2D SPACE',''
  ) );
#2524 = PCURVE('',#2525,#2530);
#2525 = PLANE('',#2526);
#2526 = AXIS2_PLACEMENT_3D('',#2527,#2528,#2529);
#2527 = CARTESIAN_POINT('',(2.306614256426,-1.918210278372,-3.));
#2528 = DIRECTION('',(-0.246731759905,-0.96908381405,1.804112415016E-16)
  );
#2529 = DIRECTION('',(-0.96908381405,0.246731759905,2.220446049251E-16)
  );
#2530 = DEFINITIONAL_REPRESENTATION('',(#2531),#2535);
#2531 = LINE('',#2532,#2533);
#2532 = CARTESIAN_POINT('',(1.354292969505,-3.6));
#2533 = VECTOR('',#2534,1.);
#2534 = DIRECTION('',(-1.,-4.120446049251E-16));
#2535 = ( GEOMETRIC_REPRESENTATION_CONTEXT(2) 
PARAMETRIC_REPRESENTATION_CONTEXT() REPRESENTATION_CONTEXT('2D SPACE',''
  ) );
#2536 = ORIENTED_EDGE('',*,*,#2537,.F.);
#2537 = EDGE_CURVE('',#2538,#2510,#2540,.T.);
#2538 = VERTEX_POINT('',#2539);
#2539 = CARTESIAN_POINT('',(2.047759864696,-2.192414088748,0.6));
#2540 = SURFACE_CURVE('',#2541,(#2545,#2552),.PCURVE_S1.);
#2541 = LINE('',#2542,#2543);
#2542 = CARTESIAN_POINT('',(1.634632515276,-0.72635478779,0.6));
#2543 = VECTOR('',#2544,1.);
#2544 = DIRECTION('',(-0.271231154305,0.962514239341,-7.400000000001E-16
    ));
#2545 = PCURVE('',#2202,#2546);
#2546 = DEFINITIONAL_REPRESENTATION('',(#2547),#2551);
#2547 = LINE('',#2548,#2549);
#2548 = CARTESIAN_POINT('',(-1.634632515276,0.72635478779));
#2549 = VECTOR('',#2550,1.);
#2550 = DIRECTION('',(0.271231154305,-0.962514239341));
#2551 = ( GEOMETRIC_REPRESENTATION_CONTEXT(2) 
PARAMETRIC_REPRESENTATION_CONTEXT() REPRESENTATION_CONTEXT('2D SPACE',''
  ) );
#2552 = PCURVE('',#2553,#2558);
#2553 = PLANE('',#2554);
#2554 = AXIS2_PLACEMENT_3D('',#2555,#2556,#2557);
#2555 = CARTESIAN_POINT('',(1.94451142118,-1.826017767764,-3.));
#2556 = DIRECTION('',(0.962514239341,0.271231154305,-2.775557561563E-16)
  );
#2557 = DIRECTION('',(0.271231154305,-0.962514239341,8.32667268469E-17)
  );
#2558 = DEFINITIONAL_REPRESENTATION('',(#2559),#2563);
#2559 = LINE('',#2560,#2561);
#2560 = CARTESIAN_POINT('',(-1.142490090044,-3.6));
#2561 = VECTOR('',#2562,1.);
#2562 = DIRECTION('',(-1.,6.567332731532E-16));
#2563 = ( GEOMETRIC_REPRESENTATION_CONTEXT(2) 
PARAMETRIC_REPRESENTATION_CONTEXT() REPRESENTATION_CONTEXT('2D SPACE',''
  ) );
#2564 = ORIENTED_EDGE('',*,*,#2565,.F.);
#2565 = EDGE_CURVE('',#2566,#2538,#2568,.T.);
#2566 = VERTEX_POINT('',#2567);
#2567 = CARTESIAN_POINT('',(1.757108230307,-2.431577814298,0.6));
#2568 = SURFACE_CURVE('',#2569,(#2574,#2581),.PCURVE_S1.);
#2569 = CIRCLE('',#2570,3.);
#2570 = AXIS2_PLACEMENT_3D('',#2571,#2572,#2573);
#2571 = CARTESIAN_POINT('',(0.,4.E-16,0.6));
#2572 = DIRECTION('',(0.,6.6E-16,1.));
#2573 = DIRECTION('',(-1.,0.,0.));
#2574 = PCURVE('',#2202,#2575);
#2575 = DEFINITIONAL_REPRESENTATION('',(#2576),#2580);
#2576 = CIRCLE('',#2577,3.);
#2577 = AXIS2_PLACEMENT_2D('',#2578,#2579);
#2578 = CARTESIAN_POINT('',(0.,0.));
#2579 = DIRECTION('',(1.,0.));
#2580 = ( GEOMETRIC_REPRESENTATION_CONTEXT(2) 
PARAMETRIC_REPRESENTATION_CONTEXT() REPRESENTATION_CONTEXT('2D SPACE',''
  ) );
#2581 = PCURVE('',#2582,#2587);
#2582 = CYLINDRICAL_SURFACE('',#2583,3.);
#2583 = AXIS2_PLACEMENT_3D('',#2584,#2585,#2586);
#2584 = CARTESIAN_POINT('',(0.,-2.E-15,-3.));
#2585 = DIRECTION('',(0.,6.6E-16,1.));
#2586 = DIRECTION('',(-1.,0.,0.));
#2587 = DEFINITIONAL_REPRESENTATION('',(#2588),#2592);
#2588 = LINE('',#2589,#2590);
#2589 = CARTESIAN_POINT('',(0.,3.6));
#2590 = VECTOR('',#2591,1.);
#2591 = DIRECTION('',(1.,0.));
#2592 = ( GEOMETRIC_REPRESENTATION_CONTEXT(2) 
PARAMETRIC_REPRESENTATION_CONTEXT() REPRESENTATION_CONTEXT('2D SPACE',''
  ) );
#2593 = ORIENTED_EDGE('',*,*,#2594,.F.);
#2594 = EDGE_CURVE('',#2595,#2566,#2597,.T.);
#2595 = VERTEX_POINT('',#2596);
#2596 = CARTESIAN_POINT('',(1.429308866551,-2.252230387702,0.6));
#2597 = SURFACE_CURVE('',#2598,(#2602,#2609),.PCURVE_S1.);
#2598 = LINE('',#2599,#2600);
#2599 = CARTESIAN_POINT('',(0.569016030007,-1.781542145401,0.6));
#2600 = VECTOR('',#2601,1.);
#2601 = DIRECTION('',(0.877278570481,-0.479981572329,3.699999999999E-16)
  );
#2602 = PCURVE('',#2202,#2603);
#2603 = DEFINITIONAL_REPRESENTATION('',(#2604),#2608);
#2604 = LINE('',#2605,#2606);
#2605 = CARTESIAN_POINT('',(-0.569016030007,1.781542145401));
#2606 = VECTOR('',#2607,1.);
#2607 = DIRECTION('',(-0.877278570481,0.479981572329));
#2608 = ( GEOMETRIC_REPRESENTATION_CONTEXT(2) 
PARAMETRIC_REPRESENTATION_CONTEXT() REPRESENTATION_CONTEXT('2D SPACE',''
  ) );
#2609 = PCURVE('',#2610,#2615);
#2610 = PLANE('',#2611);
#2611 = AXIS2_PLACEMENT_3D('',#2612,#2613,#2614);
#2612 = CARTESIAN_POINT('',(1.757108230307,-2.431577814298,-3.));
#2613 = DIRECTION('',(-0.479981572329,-0.877278570481,1.110223024625E-16
    ));
#2614 = DIRECTION('',(-0.877278570481,0.479981572329,-5.551115123124E-17
    ));
#2615 = DEFINITIONAL_REPRESENTATION('',(#2616),#2620);
#2616 = LINE('',#2617,#2618);
#2617 = CARTESIAN_POINT('',(1.354292969506,-3.6));
#2618 = VECTOR('',#2619,1.);
#2619 = DIRECTION('',(-1.,-3.144888487686E-16));
#2620 = ( GEOMETRIC_REPRESENTATION_CONTEXT(2) 
PARAMETRIC_REPRESENTATION_CONTEXT() REPRESENTATION_CONTEXT('2D SPACE',''
  ) );
#2621 = ORIENTED_EDGE('',*,*,#2622,.F.);
#2622 = EDGE_CURVE('',#2623,#2595,#2625,.T.);
#2623 = VERTEX_POINT('',#2624);
#2624 = CARTESIAN_POINT('',(1.43819451063,-2.632792538275,0.6));
#2625 = SURFACE_CURVE('',#2626,(#2630,#2637),.PCURVE_S1.);
#2626 = LINE('',#2627,#2628);
#2627 = CARTESIAN_POINT('',(1.402640438712,-1.110051592239,0.6));
#2628 = VECTOR('',#2629,1.);
#2629 = DIRECTION('',(-2.33423712566E-02,0.999727529732,-7.7E-16));
#2630 = PCURVE('',#2202,#2631);
#2631 = DEFINITIONAL_REPRESENTATION('',(#2632),#2636);
#2632 = LINE('',#2633,#2634);
#2633 = CARTESIAN_POINT('',(-1.402640438712,1.110051592239));
#2634 = VECTOR('',#2635,1.);
#2635 = DIRECTION('',(2.33423712566E-02,-0.999727529732));
#2636 = ( GEOMETRIC_REPRESENTATION_CONTEXT(2) 
PARAMETRIC_REPRESENTATION_CONTEXT() REPRESENTATION_CONTEXT('2D SPACE',''
  ) );
#2637 = PCURVE('',#2638,#2643);
#2638 = PLANE('',#2639);
#2639 = AXIS2_PLACEMENT_3D('',#2640,#2641,#2642);
#2640 = CARTESIAN_POINT('',(1.429308866551,-2.252230387702,-3.));
#2641 = DIRECTION('',(0.999727529732,2.33423712566E-02,0.));
#2642 = DIRECTION('',(2.33423712566E-02,-0.999727529732,
    1.439820485061E-16));
#2643 = DEFINITIONAL_REPRESENTATION('',(#2644),#2648);
#2644 = LINE('',#2645,#2646);
#2645 = CARTESIAN_POINT('',(-1.142490090044,-3.6));
#2646 = VECTOR('',#2647,1.);
#2647 = DIRECTION('',(-1.,6.260179514939E-16));
#2648 = ( GEOMETRIC_REPRESENTATION_CONTEXT(2) 
PARAMETRIC_REPRESENTATION_CONTEXT() REPRESENTATION_CONTEXT('2D SPACE',''
  ) );
#2649 = ORIENTED_EDGE('',*,*,#2650,.F.);
#2650 = EDGE_CURVE('',#2651,#2623,#2653,.T.);
#2651 = VERTEX_POINT('',#2652);
#2652 = CARTESIAN_POINT('',(1.097196631885,-2.792160373435,0.6));
#2653 = SURFACE_CURVE('',#2654,(#2659,#2666),.PCURVE_S1.);
#2654 = CIRCLE('',#2655,3.);
#2655 = AXIS2_PLACEMENT_3D('',#2656,#2657,#2658);
#2656 = CARTESIAN_POINT('',(0.,4.E-16,0.6));
#2657 = DIRECTION('',(0.,6.6E-16,1.));
#2658 = DIRECTION('',(-1.,0.,0.));
#2659 = PCURVE('',#2202,#2660);
#2660 = DEFINITIONAL_REPRESENTATION('',(#2661),#2665);
#2661 = CIRCLE('',#2662,3.);
#2662 = AXIS2_PLACEMENT_2D('',#2663,#2664);
#2663 = CARTESIAN_POINT('',(0.,0.));
#2664 = DIRECTION('',(1.,0.));
#2665 = ( GEOMETRIC_REPRESENTATION_CONTEXT(2) 
PARAMETRIC_REPRESENTATION_CONTEXT() REPRESENTATION_CONTEXT('2D SPACE',''
  ) );
#2666 = PCURVE('',#2667,#2672);
#2667 = CYLINDRICAL_SURFACE('',#2668,3.);
#2668 = AXIS2_PLACEMENT_3D('',#2669,#2670,#2671);
#2669 = CARTESIAN_POINT('',(0.,-2.E-15,-3.));
#2670 = DIRECTION('',(0.,6.6E-16,1.));
#2671 = DIRECTION('',(-1.,0.,0.));
#2672 = DEFINITIONAL_REPRESENTATION('',(#2673),#2677);
#2673 = LINE('',#2674,#2675);
#2674 = CARTESIAN_POINT('',(0.,3.6));
#2675 = VECTOR('',#2676,1.);
#2676 = DIRECTION('',(1.,0.));
#2677 = ( GEOMETRIC_REPRESENTATION_CONTEXT(2) 
PARAMETRIC_REPRESENTATION_CONTEXT() REPRESENTATION_CONTEXT('2D SPACE',''
  ) );
#2678 = ORIENTED_EDGE('',*,*,#2679,.F.);
#2679 = EDGE_CURVE('',#2680,#2651,#2682,.T.);
#2680 = VERTEX_POINT('',#2681);
#2681 = CARTESIAN_POINT('',(0.824297579206,-2.536927089257,0.6));
#2682 = SURFACE_CURVE('',#2683,(#2687,#2694),.PCURVE_S1.);
#2683 = LINE('',#2684,#2685);
#2684 = CARTESIAN_POINT('',(0.108087829958,-1.867080255174,0.6));
#2685 = VECTOR('',#2686,1.);
#2686 = DIRECTION('',(0.730350687923,-0.683072377315,5.299999999999E-16)
  );
#2687 = PCURVE('',#2202,#2688);
#2688 = DEFINITIONAL_REPRESENTATION('',(#2689),#2693);
#2689 = LINE('',#2690,#2691);
#2690 = CARTESIAN_POINT('',(-0.108087829958,1.867080255174));
#2691 = VECTOR('',#2692,1.);
#2692 = DIRECTION('',(-0.730350687923,0.683072377315));
#2693 = ( GEOMETRIC_REPRESENTATION_CONTEXT(2) 
PARAMETRIC_REPRESENTATION_CONTEXT() REPRESENTATION_CONTEXT('2D SPACE',''
  ) );
#2694 = PCURVE('',#2695,#2700);
#2695 = PLANE('',#2696);
#2696 = AXIS2_PLACEMENT_3D('',#2697,#2698,#2699);
#2697 = CARTESIAN_POINT('',(1.097196631885,-2.792160373435,-3.));
#2698 = DIRECTION('',(-0.683072377315,-0.730350687923,
    -1.665334536938E-16));
#2699 = DIRECTION('',(-0.730350687923,0.683072377315,-4.163336342343E-16
    ));
#2700 = DEFINITIONAL_REPRESENTATION('',(#2701),#2705);
#2701 = LINE('',#2702,#2703);
#2702 = CARTESIAN_POINT('',(1.354292969505,-3.6));
#2703 = VECTOR('',#2704,1.);
#2704 = DIRECTION('',(-1.,-1.136663657656E-16));
#2705 = ( GEOMETRIC_REPRESENTATION_CONTEXT(2) 
PARAMETRIC_REPRESENTATION_CONTEXT() REPRESENTATION_CONTEXT('2D SPACE',''
  ) );
#2706 = ORIENTED_EDGE('',*,*,#2707,.F.);
#2707 = EDGE_CURVE('',#2708,#2680,#2710,.T.);
#2708 = VERTEX_POINT('',#2709);
#2709 = CARTESIAN_POINT('',(0.738262106151,-2.907742949888,0.6));
#2710 = SURFACE_CURVE('',#2711,(#2715,#2722),.PCURVE_S1.);
#2711 = LINE('',#2712,#2713);
#2712 = CARTESIAN_POINT('',(1.082515304834,-1.423999772663,0.6));
#2713 = VECTOR('',#2714,1.);
#2714 = DIRECTION('',(0.226013098825,0.974124262689,-7.5E-16));
#2715 = PCURVE('',#2202,#2716);
#2716 = DEFINITIONAL_REPRESENTATION('',(#2717),#2721);
#2717 = LINE('',#2718,#2719);
#2718 = CARTESIAN_POINT('',(-1.082515304834,1.423999772663));
#2719 = VECTOR('',#2720,1.);
#2720 = DIRECTION('',(-0.226013098825,-0.974124262689));
#2721 = ( GEOMETRIC_REPRESENTATION_CONTEXT(2) 
PARAMETRIC_REPRESENTATION_CONTEXT() REPRESENTATION_CONTEXT('2D SPACE',''
  ) );
#2722 = PCURVE('',#2723,#2728);
#2723 = PLANE('',#2724);
#2724 = AXIS2_PLACEMENT_3D('',#2725,#2726,#2727);
#2725 = CARTESIAN_POINT('',(0.824297579206,-2.536927089257,-3.));
#2726 = DIRECTION('',(0.974124262689,-0.226013098825,4.440892098501E-16)
  );
#2727 = DIRECTION('',(-0.226013098825,-0.974124262689,9.714451465471E-17
    ));
#2728 = DEFINITIONAL_REPRESENTATION('',(#2729),#2733);
#2729 = LINE('',#2730,#2731);
#2730 = CARTESIAN_POINT('',(-1.142490090044,-3.6));
#2731 = VECTOR('',#2732,1.);
#2732 = DIRECTION('',(-1.,6.528554853453E-16));
#2733 = ( GEOMETRIC_REPRESENTATION_CONTEXT(2) 
PARAMETRIC_REPRESENTATION_CONTEXT() REPRESENTATION_CONTEXT('2D SPACE',''
  ) );
#2734 = ORIENTED_EDGE('',*,*,#2735,.F.);
#2735 = EDGE_CURVE('',#2736,#2708,#2738,.T.);
#2736 = VERTEX_POINT('',#2737);
#2737 = CARTESIAN_POINT('',(0.368344133876,-2.977301227461,0.6));
#2738 = SURFACE_CURVE('',#2739,(#2744,#2751),.PCURVE_S1.);
#2739 = CIRCLE('',#2740,3.);
#2740 = AXIS2_PLACEMENT_3D('',#2741,#2742,#2743);
#2741 = CARTESIAN_POINT('',(0.,4.E-16,0.6));
#2742 = DIRECTION('',(0.,6.6E-16,1.));
#2743 = DIRECTION('',(-1.,0.,0.));
#2744 = PCURVE('',#2202,#2745);
#2745 = DEFINITIONAL_REPRESENTATION('',(#2746),#2750);
#2746 = CIRCLE('',#2747,3.);
#2747 = AXIS2_PLACEMENT_2D('',#2748,#2749);
#2748 = CARTESIAN_POINT('',(0.,0.));
#2749 = DIRECTION('',(1.,0.));
#2750 = ( GEOMETRIC_REPRESENTATION_CONTEXT(2) 
PARAMETRIC_REPRESENTATION_CONTEXT() REPRESENTATION_CONTEXT('2D SPACE',''
  ) );
#2751 = PCURVE('',#2752,#2757);
#2752 = CYLINDRICAL_SURFACE('',#2753,3.);
#2753 = AXIS2_PLACEMENT_3D('',#2754,#2755,#2756);
#2754 = CARTESIAN_POINT('',(0.,-2.E-15,-3.));
#2755 = DIRECTION('',(0.,6.6E-16,1.));
#2756 = DIRECTION('',(-1.,0.,0.));
#2757 = DEFINITIONAL_REPRESENTATION('',(#2758),#2762);
#2758 = LINE('',#2759,#2760);
#2759 = CARTESIAN_POINT('',(0.,3.6));
#2760 = VECTOR('',#2761,1.);
#2761 = DIRECTION('',(1.,0.));
#2762 = ( GEOMETRIC_REPRESENTATION_CONTEXT(2) 
PARAMETRIC_REPRESENTATION_CONTEXT() REPRESENTATION_CONTEXT('2D SPACE',''
  ) );
#2763 = ORIENTED_EDGE('',*,*,#2764,.F.);
#2764 = EDGE_CURVE('',#2765,#2736,#2767,.T.);
#2765 = VERTEX_POINT('',#2766);
#2766 = CARTESIAN_POINT('',(0.167492643406,-2.662219331628,0.6));
#2767 = SURFACE_CURVE('',#2768,(#2772,#2779),.PCURVE_S1.);
#2768 = LINE('',#2769,#2770);
#2769 = CARTESIAN_POINT('',(-0.359631925967,-1.835302845874,0.6));
#2770 = VECTOR('',#2771,1.);
#2771 = DIRECTION('',(0.537532185601,-0.843243232669,6.500000000003E-16)
  );
#2772 = PCURVE('',#2202,#2773);
#2773 = DEFINITIONAL_REPRESENTATION('',(#2774),#2778);
#2774 = LINE('',#2775,#2776);
#2775 = CARTESIAN_POINT('',(0.359631925967,1.835302845874));
#2776 = VECTOR('',#2777,1.);
#2777 = DIRECTION('',(-0.537532185601,0.843243232669));
#2778 = ( GEOMETRIC_REPRESENTATION_CONTEXT(2) 
PARAMETRIC_REPRESENTATION_CONTEXT() REPRESENTATION_CONTEXT('2D SPACE',''
  ) );
#2779 = PCURVE('',#2780,#2785);
#2780 = PLANE('',#2781);
#2781 = AXIS2_PLACEMENT_3D('',#2782,#2783,#2784);
#2782 = CARTESIAN_POINT('',(0.368344133876,-2.977301227461,-3.));
#2783 = DIRECTION('',(-0.843243232669,-0.537532185601,2.498001805408E-16
    ));
#2784 = DIRECTION('',(-0.537532185601,0.843243232669,-1.110223024626E-16
    ));
#2785 = DEFINITIONAL_REPRESENTATION('',(#2786),#2790);
#2786 = LINE('',#2787,#2788);
#2787 = CARTESIAN_POINT('',(1.354292969505,-3.6));
#2788 = VECTOR('',#2789,1.);
#2789 = DIRECTION('',(-1.,-5.389776975378E-16));
#2790 = ( GEOMETRIC_REPRESENTATION_CONTEXT(2) 
PARAMETRIC_REPRESENTATION_CONTEXT() REPRESENTATION_CONTEXT('2D SPACE',''
  ) );
#2791 = ORIENTED_EDGE('',*,*,#2792,.F.);
#2792 = EDGE_CURVE('',#2793,#2765,#2795,.T.);
#2793 = VERTEX_POINT('',#2794);
#2794 = CARTESIAN_POINT('',(-8.058021594255E-03,-2.999989178028,0.6));
#2795 = SURFACE_CURVE('',#2796,(#2800,#2807),.PCURVE_S1.);
#2796 = LINE('',#2797,#2798);
#2797 = CARTESIAN_POINT('',(0.69437175314,-1.648472810265,0.6));
#2798 = VECTOR('',#2799,1.);
#2799 = DIRECTION('',(0.461167334689,0.887313185643,-6.9E-16));
#2800 = PCURVE('',#2202,#2801);
#2801 = DEFINITIONAL_REPRESENTATION('',(#2802),#2806);
#2802 = LINE('',#2803,#2804);
#2803 = CARTESIAN_POINT('',(-0.69437175314,1.648472810265));
#2804 = VECTOR('',#2805,1.);
#2805 = DIRECTION('',(-0.461167334689,-0.887313185643));
#2806 = ( GEOMETRIC_REPRESENTATION_CONTEXT(2) 
PARAMETRIC_REPRESENTATION_CONTEXT() REPRESENTATION_CONTEXT('2D SPACE',''
  ) );
#2807 = PCURVE('',#2808,#2813);
#2808 = PLANE('',#2809);
#2809 = AXIS2_PLACEMENT_3D('',#2810,#2811,#2812);
#2810 = CARTESIAN_POINT('',(0.167492643406,-2.662219331628,-3.));
#2811 = DIRECTION('',(0.887313185643,-0.461167334689,-3.469446951954E-17
    ));
#2812 = DIRECTION('',(-0.461167334689,-0.887313185643,2.567390744446E-16
    ));
#2813 = DEFINITIONAL_REPRESENTATION('',(#2814),#2818);
#2814 = LINE('',#2815,#2816);
#2815 = CARTESIAN_POINT('',(-1.142490090044,-3.6));
#2816 = VECTOR('',#2817,1.);
#2817 = DIRECTION('',(-1.,4.332609255554E-16));
#2818 = ( GEOMETRIC_REPRESENTATION_CONTEXT(2) 
PARAMETRIC_REPRESENTATION_CONTEXT() REPRESENTATION_CONTEXT('2D SPACE',''
  ) );
#2819 = ORIENTED_EDGE('',*,*,#2820,.F.);
#2820 = EDGE_CURVE('',#2821,#2793,#2823,.T.);
#2821 = VERTEX_POINT('',#2822);
#2822 = CARTESIAN_POINT('',(-0.383652780741,-2.975367295617,0.6));
#2823 = SURFACE_CURVE('',#2824,(#2829,#2836),.PCURVE_S1.);
#2824 = CIRCLE('',#2825,3.);
#2825 = AXIS2_PLACEMENT_3D('',#2826,#2827,#2828);
#2826 = CARTESIAN_POINT('',(0.,4.E-16,0.6));
#2827 = DIRECTION('',(0.,6.6E-16,1.));
#2828 = DIRECTION('',(-1.,0.,0.));
#2829 = PCURVE('',#2202,#2830);
#2830 = DEFINITIONAL_REPRESENTATION('',(#2831),#2835);
#2831 = CIRCLE('',#2832,3.);
#2832 = AXIS2_PLACEMENT_2D('',#2833,#2834);
#2833 = CARTESIAN_POINT('',(0.,0.));
#2834 = DIRECTION('',(1.,0.));
#2835 = ( GEOMETRIC_REPRESENTATION_CONTEXT(2) 
PARAMETRIC_REPRESENTATION_CONTEXT() REPRESENTATION_CONTEXT('2D SPACE',''
  ) );
#2836 = PCURVE('',#2837,#2842);
#2837 = CYLINDRICAL_SURFACE('',#2838,3.);
#2838 = AXIS2_PLACEMENT_3D('',#2839,#2840,#2841);
#2839 = CARTESIAN_POINT('',(0.,-2.E-15,-3.));
#2840 = DIRECTION('',(0.,6.6E-16,1.));
#2841 = DIRECTION('',(-1.,0.,0.));
#2842 = DEFINITIONAL_REPRESENTATION('',(#2843),#2847);
#2843 = LINE('',#2844,#2845);
#2844 = CARTESIAN_POINT('',(0.,3.6));
#2845 = VECTOR('',#2846,1.);
#2846 = DIRECTION('',(1.,0.));
#2847 = ( GEOMETRIC_REPRESENTATION_CONTEXT(2) 
PARAMETRIC_REPRESENTATION_CONTEXT() REPRESENTATION_CONTEXT('2D SPACE',''
  ) );
#2848 = ORIENTED_EDGE('',*,*,#2849,.F.);
#2849 = EDGE_CURVE('',#2850,#2821,#2852,.T.);
#2850 = VERTEX_POINT('',#2851);
#2851 = CARTESIAN_POINT('',(-0.499836471175,-2.620234542436,0.6));
#2852 = SURFACE_CURVE('',#2853,(#2857,#2864),.PCURVE_S1.);
#2853 = LINE('',#2854,#2855);
#2854 = CARTESIAN_POINT('',(-0.804754685349,-1.688206608995,0.6));
#2855 = VECTOR('',#2856,1.);
#2856 = DIRECTION('',(0.310938559153,-0.950430014484,7.299999999999E-16)
  );
#2857 = PCURVE('',#2202,#2858);
#2858 = DEFINITIONAL_REPRESENTATION('',(#2859),#2863);
#2859 = LINE('',#2860,#2861);
#2860 = CARTESIAN_POINT('',(0.804754685349,1.688206608995));
#2861 = VECTOR('',#2862,1.);
#2862 = DIRECTION('',(-0.310938559153,0.950430014484));
#2863 = ( GEOMETRIC_REPRESENTATION_CONTEXT(2) 
PARAMETRIC_REPRESENTATION_CONTEXT() REPRESENTATION_CONTEXT('2D SPACE',''
  ) );
#2864 = PCURVE('',#2865,#2870);
#2865 = PLANE('',#2866);
#2866 = AXIS2_PLACEMENT_3D('',#2867,#2868,#2869);
#2867 = CARTESIAN_POINT('',(-0.383652780741,-2.975367295617,-3.));
#2868 = DIRECTION('',(-0.950430014484,-0.310938559153,
    -3.053113317719E-16));
#2869 = DIRECTION('',(-0.310938559153,0.950430014484,-3.608224830032E-16
    ));
#2870 = DEFINITIONAL_REPRESENTATION('',(#2871),#2875);
#2871 = LINE('',#2872,#2873);
#2872 = CARTESIAN_POINT('',(1.354292969505,-3.6));
#2873 = VECTOR('',#2874,1.);
#2874 = DIRECTION('',(-1.,-3.691775169968E-16));
#2875 = ( GEOMETRIC_REPRESENTATION_CONTEXT(2) 
PARAMETRIC_REPRESENTATION_CONTEXT() REPRESENTATION_CONTEXT('2D SPACE',''
  ) );
#2876 = ORIENTED_EDGE('',*,*,#2877,.F.);
#2877 = EDGE_CURVE('',#2878,#2850,#2880,.T.);
#2878 = VERTEX_POINT('',#2879);
#2879 = CARTESIAN_POINT('',(-0.753871834208,-2.903735052925,0.6));
#2880 = SURFACE_CURVE('',#2881,(#2885,#2892),.PCURVE_S1.);
#2881 = LINE('',#2882,#2883);
#2882 = CARTESIAN_POINT('',(0.262598270475,-1.76936623854,0.6));
#2883 = VECTOR('',#2884,1.);
#2884 = DIRECTION('',(0.66734473086,0.744748957833,-5.8E-16));
#2885 = PCURVE('',#2202,#2886);
#2886 = DEFINITIONAL_REPRESENTATION('',(#2887),#2891);
#2887 = LINE('',#2888,#2889);
#2888 = CARTESIAN_POINT('',(-0.262598270475,1.76936623854));
#2889 = VECTOR('',#2890,1.);
#2890 = DIRECTION('',(-0.66734473086,-0.744748957833));
#2891 = ( GEOMETRIC_REPRESENTATION_CONTEXT(2) 
PARAMETRIC_REPRESENTATION_CONTEXT() REPRESENTATION_CONTEXT('2D SPACE',''
  ) );
#2892 = PCURVE('',#2893,#2898);
#2893 = PLANE('',#2894);
#2894 = AXIS2_PLACEMENT_3D('',#2895,#2896,#2897);
#2895 = CARTESIAN_POINT('',(-0.499836471175,-2.620234542436,-3.));
#2896 = DIRECTION('',(0.744748957833,-0.66734473086,4.718447854657E-16)
  );
#2897 = DIRECTION('',(-0.66734473086,-0.744748957833,-1.249000902703E-16
    ));
#2898 = DEFINITIONAL_REPRESENTATION('',(#2899),#2903);
#2899 = LINE('',#2900,#2901);
#2900 = CARTESIAN_POINT('',(-1.142490090044,-3.6));
#2901 = VECTOR('',#2902,1.);
#2902 = DIRECTION('',(-1.,7.049000902703E-16));
#2903 = ( GEOMETRIC_REPRESENTATION_CONTEXT(2) 
PARAMETRIC_REPRESENTATION_CONTEXT() REPRESENTATION_CONTEXT('2D SPACE',''
  ) );
#2904 = ORIENTED_EDGE('',*,*,#2905,.F.);
#2905 = EDGE_CURVE('',#2906,#2878,#2908,.T.);
#2906 = VERTEX_POINT('',#2907);
#2907 = CARTESIAN_POINT('',(-1.111543380167,-2.786480093955,0.6));
#2908 = SURFACE_CURVE('',#2909,(#2914,#2921),.PCURVE_S1.);
#2909 = CIRCLE('',#2910,3.);
#2910 = AXIS2_PLACEMENT_3D('',#2911,#2912,#2913);
#2911 = CARTESIAN_POINT('',(0.,4.E-16,0.6));
#2912 = DIRECTION('',(0.,6.6E-16,1.));
#2913 = DIRECTION('',(-1.,0.,0.));
#2914 = PCURVE('',#2202,#2915);
#2915 = DEFINITIONAL_REPRESENTATION('',(#2916),#2920);
#2916 = CIRCLE('',#2917,3.);
#2917 = AXIS2_PLACEMENT_2D('',#2918,#2919);
#2918 = CARTESIAN_POINT('',(0.,0.));
#2919 = DIRECTION('',(1.,0.));
#2920 = ( GEOMETRIC_REPRESENTATION_CONTEXT(2) 
PARAMETRIC_REPRESENTATION_CONTEXT() REPRESENTATION_CONTEXT('2D SPACE',''
  ) );
#2921 = PCURVE('',#2922,#2927);
#2922 = CYLINDRICAL_SURFACE('',#2923,3.);
#2923 = AXIS2_PLACEMENT_3D('',#2924,#2925,#2926);
#2924 = CARTESIAN_POINT('',(0.,-2.E-15,-3.));
#2925 = DIRECTION('',(0.,6.6E-16,1.));
#2926 = DIRECTION('',(-1.,0.,0.));
#2927 = DEFINITIONAL_REPRESENTATION('',(#2928),#2932);
#2928 = LINE('',#2929,#2930);
#2929 = CARTESIAN_POINT('',(0.,3.6));
#2930 = VECTOR('',#2931,1.);
#2931 = DIRECTION('',(1.,0.));
#2932 = ( GEOMETRIC_REPRESENTATION_CONTEXT(2) 
PARAMETRIC_REPRESENTATION_CONTEXT() REPRESENTATION_CONTEXT('2D SPACE',''
  ) );
#2933 = ORIENTED_EDGE('',*,*,#2934,.F.);
#2934 = EDGE_CURVE('',#2935,#2906,#2937,.T.);
#2935 = VERTEX_POINT('',#2936);
#2936 = CARTESIAN_POINT('',(-1.135759022002,-2.413610780393,0.6));
#2937 = SURFACE_CURVE('',#2938,(#2942,#2949),.PCURVE_S1.);
#2938 = LINE('',#2939,#2940);
#2939 = CARTESIAN_POINT('',(-1.199311748171,-1.435034142084,0.6));
#2940 = VECTOR('',#2941,1.);
#2941 = DIRECTION('',(6.480751948092E-02,-0.997897783051,
    7.700000000002E-16));
#2942 = PCURVE('',#2202,#2943);
#2943 = DEFINITIONAL_REPRESENTATION('',(#2944),#2948);
#2944 = LINE('',#2945,#2946);
#2945 = CARTESIAN_POINT('',(1.199311748171,1.435034142084));
#2946 = VECTOR('',#2947,1.);
#2947 = DIRECTION('',(-6.480751948092E-02,0.997897783051));
#2948 = ( GEOMETRIC_REPRESENTATION_CONTEXT(2) 
PARAMETRIC_REPRESENTATION_CONTEXT() REPRESENTATION_CONTEXT('2D SPACE',''
  ) );
#2949 = PCURVE('',#2950,#2955);
#2950 = PLANE('',#2951);
#2951 = AXIS2_PLACEMENT_3D('',#2952,#2953,#2954);
#2952 = CARTESIAN_POINT('',(-1.111543380167,-2.786480093955,-3.));
#2953 = DIRECTION('',(-0.997897783051,-6.480751948092E-02,
    3.885780586189E-16));
#2954 = DIRECTION('',(-6.480751948092E-02,0.997897783051,
    -2.463307335888E-16));
#2955 = DEFINITIONAL_REPRESENTATION('',(#2956),#2960);
#2956 = LINE('',#2957,#2958);
#2957 = CARTESIAN_POINT('',(1.354292969505,-3.6));
#2958 = VECTOR('',#2959,1.);
#2959 = DIRECTION('',(-1.,-5.236692664115E-16));
#2960 = ( GEOMETRIC_REPRESENTATION_CONTEXT(2) 
PARAMETRIC_REPRESENTATION_CONTEXT() REPRESENTATION_CONTEXT('2D SPACE',''
  ) );
#2961 = ORIENTED_EDGE('',*,*,#2962,.F.);
#2962 = EDGE_CURVE('',#2963,#2935,#2965,.T.);
#2963 = VERTEX_POINT('',#2964);
#2964 = CARTESIAN_POINT('',(-1.452317106932,-2.625028575257,0.6));
#2965 = SURFACE_CURVE('',#2966,(#2970,#2977),.PCURVE_S1.);
#2966 = LINE('',#2967,#2968);
#2967 = CARTESIAN_POINT('',(-0.185675227292,-1.779083878774,0.6));
#2968 = VECTOR('',#2969,1.);
#2969 = DIRECTION('',(0.831590403268,0.555389414008,-4.300000000001E-16)
  );
#2970 = PCURVE('',#2202,#2971);
#2971 = DEFINITIONAL_REPRESENTATION('',(#2972),#2976);
#2972 = LINE('',#2973,#2974);
#2973 = CARTESIAN_POINT('',(0.185675227292,1.779083878774));
#2974 = VECTOR('',#2975,1.);
#2975 = DIRECTION('',(-0.831590403268,-0.555389414008));
#2976 = ( GEOMETRIC_REPRESENTATION_CONTEXT(2) 
PARAMETRIC_REPRESENTATION_CONTEXT() REPRESENTATION_CONTEXT('2D SPACE',''
  ) );
#2977 = PCURVE('',#2978,#2983);
#2978 = PLANE('',#2979);
#2979 = AXIS2_PLACEMENT_3D('',#2980,#2981,#2982);
#2980 = CARTESIAN_POINT('',(-1.135759022002,-2.413610780393,-3.));
#2981 = DIRECTION('',(0.555389414008,-0.831590403268,8.326672684691E-17)
  );
#2982 = DIRECTION('',(-0.831590403268,-0.555389414008,4.440892098502E-16
    ));
#2983 = DEFINITIONAL_REPRESENTATION('',(#2984),#2988);
#2984 = LINE('',#2985,#2986);
#2985 = CARTESIAN_POINT('',(-1.142490090044,-3.6));
#2986 = VECTOR('',#2987,1.);
#2987 = DIRECTION('',(-1.,-1.40892098501E-17));
#2988 = ( GEOMETRIC_REPRESENTATION_CONTEXT(2) 
PARAMETRIC_REPRESENTATION_CONTEXT() REPRESENTATION_CONTEXT('2D SPACE',''
  ) );
#2989 = ORIENTED_EDGE('',*,*,#2990,.F.);
#2990 = EDGE_CURVE('',#2991,#2963,#2993,.T.);
#2991 = VERTEX_POINT('',#2992);
#2992 = CARTESIAN_POINT('',(-1.769591621046,-2.422508100032,0.6));
#2993 = SURFACE_CURVE('',#2994,(#2999,#3006),.PCURVE_S1.);
#2994 = CIRCLE('',#2995,3.);
#2995 = AXIS2_PLACEMENT_3D('',#2996,#2997,#2998);
#2996 = CARTESIAN_POINT('',(0.,4.E-16,0.6));
#2997 = DIRECTION('',(0.,6.6E-16,1.));
#2998 = DIRECTION('',(-1.,0.,0.));
#2999 = PCURVE('',#2202,#3000);
#3000 = DEFINITIONAL_REPRESENTATION('',(#3001),#3005);
#3001 = CIRCLE('',#3002,3.);
#3002 = AXIS2_PLACEMENT_2D('',#3003,#3004);
#3003 = CARTESIAN_POINT('',(0.,0.));
#3004 = DIRECTION('',(1.,0.));
#3005 = ( GEOMETRIC_REPRESENTATION_CONTEXT(2) 
PARAMETRIC_REPRESENTATION_CONTEXT() REPRESENTATION_CONTEXT('2D SPACE',''
  ) );
#3006 = PCURVE('',#3007,#3012);
#3007 = CYLINDRICAL_SURFACE('',#3008,3.);
#3008 = AXIS2_PLACEMENT_3D('',#3009,#3010,#3011);
#3009 = CARTESIAN_POINT('',(0.,-2.E-15,-3.));
#3010 = DIRECTION('',(0.,6.6E-16,1.));
#3011 = DIRECTION('',(-1.,0.,0.));
#3012 = DEFINITIONAL_REPRESENTATION('',(#3013),#3017);
#3013 = LINE('',#3014,#3015);
#3014 = CARTESIAN_POINT('',(0.,3.6));
#3015 = VECTOR('',#3016,1.);
#3016 = DIRECTION('',(1.,0.));
#3017 = ( GEOMETRIC_REPRESENTATION_CONTEXT(2) 
PARAMETRIC_REPRESENTATION_CONTEXT() REPRESENTATION_CONTEXT('2D SPACE',''
  ) );
#3018 = ORIENTED_EDGE('',*,*,#3019,.F.);
#3019 = EDGE_CURVE('',#3020,#2991,#3022,.T.);
#3020 = VERTEX_POINT('',#3021);
#3021 = CARTESIAN_POINT('',(-1.700317656447,-2.055330976379,0.6));
#3022 = SURFACE_CURVE('',#3023,(#3027,#3034),.PCURVE_S1.);
#3023 = LINE('',#3024,#3025);
#3024 = CARTESIAN_POINT('',(-1.518511643094,-1.091693202339,0.6));
#3025 = VECTOR('',#3026,1.);
#3026 = DIRECTION('',(-0.185395614985,-0.982663963898,7.600000000002E-16
    ));
#3027 = PCURVE('',#2202,#3028);
#3028 = DEFINITIONAL_REPRESENTATION('',(#3029),#3033);
#3029 = LINE('',#3030,#3031);
#3030 = CARTESIAN_POINT('',(1.518511643094,1.091693202339));
#3031 = VECTOR('',#3032,1.);
#3032 = DIRECTION('',(0.185395614985,0.982663963898));
#3033 = ( GEOMETRIC_REPRESENTATION_CONTEXT(2) 
PARAMETRIC_REPRESENTATION_CONTEXT() REPRESENTATION_CONTEXT('2D SPACE',''
  ) );
#3034 = PCURVE('',#3035,#3040);
#3035 = PLANE('',#3036);
#3036 = AXIS2_PLACEMENT_3D('',#3037,#3038,#3039);
#3037 = CARTESIAN_POINT('',(-1.769591621046,-2.422508100032,-3.));
#3038 = DIRECTION('',(-0.982663963898,0.185395614985,-4.440892098502E-16
    ));
#3039 = DIRECTION('',(0.185395614985,0.982663963898,-1.249000902703E-16)
  );
#3040 = DEFINITIONAL_REPRESENTATION('',(#3041),#3045);
#3041 = LINE('',#3042,#3043);
#3042 = CARTESIAN_POINT('',(1.354292969505,-3.6));
#3043 = VECTOR('',#3044,1.);
#3044 = DIRECTION('',(-1.,-6.350999097299E-16));
#3045 = ( GEOMETRIC_REPRESENTATION_CONTEXT(2) 
PARAMETRIC_REPRESENTATION_CONTEXT() REPRESENTATION_CONTEXT('2D SPACE',''
  ) );
#3046 = ORIENTED_EDGE('',*,*,#3047,.F.);
#3047 = EDGE_CURVE('',#3048,#3020,#3050,.T.);
#3048 = VERTEX_POINT('',#3049);
#3049 = CARTESIAN_POINT('',(-2.059507954578,-2.181381898025,0.6));
#3050 = SURFACE_CURVE('',#3051,(#3055,#3062),.PCURVE_S1.);
#3051 = LINE('',#3052,#3053);
#3052 = CARTESIAN_POINT('',(-0.622282067663,-1.677015135891,0.6));
#3053 = VECTOR('',#3054,1.);
#3054 = DIRECTION('',(0.943584192264,0.331132710721,-2.6E-16));
#3055 = PCURVE('',#2202,#3056);
#3056 = DEFINITIONAL_REPRESENTATION('',(#3057),#3061);
#3057 = LINE('',#3058,#3059);
#3058 = CARTESIAN_POINT('',(0.622282067663,1.677015135891));
#3059 = VECTOR('',#3060,1.);
#3060 = DIRECTION('',(-0.943584192264,-0.331132710721));
#3061 = ( GEOMETRIC_REPRESENTATION_CONTEXT(2) 
PARAMETRIC_REPRESENTATION_CONTEXT() REPRESENTATION_CONTEXT('2D SPACE',''
  ) );
#3062 = PCURVE('',#3063,#3068);
#3063 = PLANE('',#3064);
#3064 = AXIS2_PLACEMENT_3D('',#3065,#3066,#3067);
#3065 = CARTESIAN_POINT('',(-1.700317656447,-2.055330976379,-3.));
#3066 = DIRECTION('',(0.331132710721,-0.943584192264,3.608224830032E-16)
  );
#3067 = DIRECTION('',(-0.943584192264,-0.331132710721,
    -5.551115123126E-16));
#3068 = DEFINITIONAL_REPRESENTATION('',(#3069),#3073);
#3069 = LINE('',#3070,#3071);
#3070 = CARTESIAN_POINT('',(-1.142490090044,-3.6));
#3071 = VECTOR('',#3072,1.);
#3072 = DIRECTION('',(-1.,8.151115123126E-16));
#3073 = ( GEOMETRIC_REPRESENTATION_CONTEXT(2) 
PARAMETRIC_REPRESENTATION_CONTEXT() REPRESENTATION_CONTEXT('2D SPACE',''
  ) );
#3074 = ORIENTED_EDGE('',*,*,#3075,.F.);
#3075 = EDGE_CURVE('',#3076,#3048,#3078,.T.);
#3076 = VERTEX_POINT('',#3077);
#3077 = CARTESIAN_POINT('',(-2.316449912273,-1.906321012823,0.6));
#3078 = SURFACE_CURVE('',#3079,(#3084,#3091),.PCURVE_S1.);
#3079 = CIRCLE('',#3080,3.);
#3080 = AXIS2_PLACEMENT_3D('',#3081,#3082,#3083);
#3081 = CARTESIAN_POINT('',(0.,4.E-16,0.6));
#3082 = DIRECTION('',(0.,6.6E-16,1.));
#3083 = DIRECTION('',(-1.,0.,0.));
#3084 = PCURVE('',#2202,#3085);
#3085 = DEFINITIONAL_REPRESENTATION('',(#3086),#3090);
#3086 = CIRCLE('',#3087,3.);
#3087 = AXIS2_PLACEMENT_2D('',#3088,#3089);
#3088 = CARTESIAN_POINT('',(0.,0.));
#3089 = DIRECTION('',(1.,0.));
#3090 = ( GEOMETRIC_REPRESENTATION_CONTEXT(2) 
PARAMETRIC_REPRESENTATION_CONTEXT() REPRESENTATION_CONTEXT('2D SPACE',''
  ) );
#3091 = PCURVE('',#3092,#3097);
#3092 = CYLINDRICAL_SURFACE('',#3093,3.);
#3093 = AXIS2_PLACEMENT_3D('',#3094,#3095,#3096);
#3094 = CARTESIAN_POINT('',(0.,-2.E-15,-3.));
#3095 = DIRECTION('',(0.,6.6E-16,1.));
#3096 = DIRECTION('',(-1.,0.,0.));
#3097 = DEFINITIONAL_REPRESENTATION('',(#3098),#3102);
#3098 = LINE('',#3099,#3100);
#3099 = CARTESIAN_POINT('',(0.,3.6));
#3100 = VECTOR('',#3101,1.);
#3101 = DIRECTION('',(1.,0.));
#3102 = ( GEOMETRIC_REPRESENTATION_CONTEXT(2) 
PARAMETRIC_REPRESENTATION_CONTEXT() REPRESENTATION_CONTEXT('2D SPACE',''
  ) );
#3103 = ORIENTED_EDGE('',*,*,#3104,.F.);
#3104 = EDGE_CURVE('',#3105,#3076,#3107,.T.);
#3105 = VERTEX_POINT('',#3106);
#3106 = CARTESIAN_POINT('',(-2.158039079206,-1.567907168141,0.6));
#3107 = SURFACE_CURVE('',#3108,(#3112,#3119),.PCURVE_S1.);
#3108 = LINE('',#3109,#3110);
#3109 = CARTESIAN_POINT('',(-1.742297866787,-0.679757163724,0.6));
#3110 = VECTOR('',#3111,1.);
#3111 = DIRECTION('',(-0.423949661125,-0.905685753908,7.E-16));
#3112 = PCURVE('',#2202,#3113);
#3113 = DEFINITIONAL_REPRESENTATION('',(#3114),#3118);
#3114 = LINE('',#3115,#3116);
#3115 = CARTESIAN_POINT('',(1.742297866787,0.679757163724));
#3116 = VECTOR('',#3117,1.);
#3117 = DIRECTION('',(0.423949661125,0.905685753908));
#3118 = ( GEOMETRIC_REPRESENTATION_CONTEXT(2) 
PARAMETRIC_REPRESENTATION_CONTEXT() REPRESENTATION_CONTEXT('2D SPACE',''
  ) );
#3119 = PCURVE('',#3120,#3125);
#3120 = PLANE('',#3121);
#3121 = AXIS2_PLACEMENT_3D('',#3122,#3123,#3124);
#3122 = CARTESIAN_POINT('',(-2.316449912273,-1.906321012823,-3.));
#3123 = DIRECTION('',(-0.905685753908,0.423949661125,-2.775557561563E-16
    ));
#3124 = DIRECTION('',(0.423949661125,0.905685753908,-2.22044604925E-16)
  );
#3125 = DEFINITIONAL_REPRESENTATION('',(#3126),#3130);
#3126 = LINE('',#3127,#3128);
#3127 = CARTESIAN_POINT('',(1.354292969506,-3.6));
#3128 = VECTOR('',#3129,1.);
#3129 = DIRECTION('',(-1.,-4.77955395075E-16));
#3130 = ( GEOMETRIC_REPRESENTATION_CONTEXT(2) 
PARAMETRIC_REPRESENTATION_CONTEXT() REPRESENTATION_CONTEXT('2D SPACE',''
  ) );
#3131 = ORIENTED_EDGE('',*,*,#3132,.F.);
#3132 = EDGE_CURVE('',#3133,#3105,#3135,.T.);
#3133 = VERTEX_POINT('',#3134);
#3134 = CARTESIAN_POINT('',(-2.537292343098,-1.600670973578,0.6));
#3135 = SURFACE_CURVE('',#3136,(#3140,#3147),.PCURVE_S1.);
#3136 = LINE('',#3137,#3138);
#3137 = CARTESIAN_POINT('',(-1.019788637129,-1.46957336439,0.6));
#3138 = VECTOR('',#3139,1.);
#3139 = DIRECTION('',(0.9962891162,8.606972139861E-02,
    -6.999999999999E-17));
#3140 = PCURVE('',#2202,#3141);
#3141 = DEFINITIONAL_REPRESENTATION('',(#3142),#3146);
#3142 = LINE('',#3143,#3144);
#3143 = CARTESIAN_POINT('',(1.019788637129,1.46957336439));
#3144 = VECTOR('',#3145,1.);
#3145 = DIRECTION('',(-0.9962891162,-8.606972139861E-02));
#3146 = ( GEOMETRIC_REPRESENTATION_CONTEXT(2) 
PARAMETRIC_REPRESENTATION_CONTEXT() REPRESENTATION_CONTEXT('2D SPACE',''
  ) );
#3147 = PCURVE('',#3148,#3153);
#3148 = PLANE('',#3149);
#3149 = AXIS2_PLACEMENT_3D('',#3150,#3151,#3152);
#3150 = CARTESIAN_POINT('',(-2.158039079206,-1.567907168141,-3.));
#3151 = DIRECTION('',(8.606972139861E-02,-0.9962891162,
    3.608224830032E-16));
#3152 = DIRECTION('',(-0.9962891162,-8.606972139861E-02,0.));
#3153 = DEFINITIONAL_REPRESENTATION('',(#3154),#3158);
#3154 = LINE('',#3155,#3156);
#3155 = CARTESIAN_POINT('',(-1.142490090044,-3.6));
#3156 = VECTOR('',#3157,1.);
#3157 = DIRECTION('',(-1.,6.999999999999E-17));
#3158 = ( GEOMETRIC_REPRESENTATION_CONTEXT(2) 
PARAMETRIC_REPRESENTATION_CONTEXT() REPRESENTATION_CONTEXT('2D SPACE',''
  ) );
#3159 = ORIENTED_EDGE('',*,*,#3160,.F.);
#3160 = EDGE_CURVE('',#3161,#3133,#3163,.T.);
#3161 = VERTEX_POINT('',#3162);
#3162 = CARTESIAN_POINT('',(-2.717757136204,-1.27035276542,0.6));
#3163 = SURFACE_CURVE('',#3164,(#3169,#3176),.PCURVE_S1.);
#3164 = CIRCLE('',#3165,3.);
#3165 = AXIS2_PLACEMENT_3D('',#3166,#3167,#3168);
#3166 = CARTESIAN_POINT('',(0.,4.E-16,0.6));
#3167 = DIRECTION('',(0.,6.6E-16,1.));
#3168 = DIRECTION('',(-1.,0.,0.));
#3169 = PCURVE('',#2202,#3170);
#3170 = DEFINITIONAL_REPRESENTATION('',(#3171),#3175);
#3171 = CIRCLE('',#3172,3.);
#3172 = AXIS2_PLACEMENT_2D('',#3173,#3174);
#3173 = CARTESIAN_POINT('',(0.,0.));
#3174 = DIRECTION('',(1.,0.));
#3175 = ( GEOMETRIC_REPRESENTATION_CONTEXT(2) 
PARAMETRIC_REPRESENTATION_CONTEXT() REPRESENTATION_CONTEXT('2D SPACE',''
  ) );
#3176 = PCURVE('',#3177,#3182);
#3177 = CYLINDRICAL_SURFACE('',#3178,3.);
#3178 = AXIS2_PLACEMENT_3D('',#3179,#3180,#3181);
#3179 = CARTESIAN_POINT('',(0.,-2.E-15,-3.));
#3180 = DIRECTION('',(0.,6.6E-16,1.));
#3181 = DIRECTION('',(-1.,0.,0.));
#3182 = DEFINITIONAL_REPRESENTATION('',(#3183),#3187);
#3183 = LINE('',#3184,#3185);
#3184 = CARTESIAN_POINT('',(5.551115123126E-17,3.6));
#3185 = VECTOR('',#3186,1.);
#3186 = DIRECTION('',(1.,0.));
#3187 = ( GEOMETRIC_REPRESENTATION_CONTEXT(2) 
PARAMETRIC_REPRESENTATION_CONTEXT() REPRESENTATION_CONTEXT('2D SPACE',''
  ) );
#3188 = ORIENTED_EDGE('',*,*,#3189,.F.);
#3189 = EDGE_CURVE('',#3190,#3161,#3192,.T.);
#3190 = VERTEX_POINT('',#3191);
#3191 = CARTESIAN_POINT('',(-2.480162969907,-0.981965986169,0.6));
#3192 = SURFACE_CURVE('',#3193,(#3197,#3204),.PCURVE_S1.);
#3193 = LINE('',#3194,#3195);
#3194 = CARTESIAN_POINT('',(-1.856609107787,-0.225109482541,0.6));
#3195 = VECTOR('',#3196,1.);
#3196 = DIRECTION('',(-0.635865390878,-0.771799977121,5.999999999999E-16
    ));
#3197 = PCURVE('',#2202,#3198);
#3198 = DEFINITIONAL_REPRESENTATION('',(#3199),#3203);
#3199 = LINE('',#3200,#3201);
#3200 = CARTESIAN_POINT('',(1.856609107787,0.225109482541));
#3201 = VECTOR('',#3202,1.);
#3202 = DIRECTION('',(0.635865390878,0.771799977121));
#3203 = ( GEOMETRIC_REPRESENTATION_CONTEXT(2) 
PARAMETRIC_REPRESENTATION_CONTEXT() REPRESENTATION_CONTEXT('2D SPACE',''
  ) );
#3204 = PCURVE('',#3205,#3210);
#3205 = PLANE('',#3206);
#3206 = AXIS2_PLACEMENT_3D('',#3207,#3208,#3209);
#3207 = CARTESIAN_POINT('',(-2.717757136204,-1.27035276542,-3.));
#3208 = DIRECTION('',(-0.771799977121,0.635865390878,-2.775557561562E-16
    ));
#3209 = DIRECTION('',(0.635865390878,0.771799977121,-2.775557561562E-16)
  );
#3210 = DEFINITIONAL_REPRESENTATION('',(#3211),#3215);
#3211 = LINE('',#3212,#3213);
#3212 = CARTESIAN_POINT('',(1.354292969505,-3.6));
#3213 = VECTOR('',#3214,1.);
#3214 = DIRECTION('',(-1.,-3.224442438436E-16));
#3215 = ( GEOMETRIC_REPRESENTATION_CONTEXT(2) 
PARAMETRIC_REPRESENTATION_CONTEXT() REPRESENTATION_CONTEXT('2D SPACE',''
  ) );
#3216 = ORIENTED_EDGE('',*,*,#3217,.F.);
#3217 = EDGE_CURVE('',#3218,#3190,#3220,.T.);
#3218 = VERTEX_POINT('',#3219);
#3219 = CARTESIAN_POINT('',(-2.855649322193,-0.919384005006,0.6));
#3220 = SURFACE_CURVE('',#3221,(#3225,#3232),.PCURVE_S1.);
#3221 = LINE('',#3222,#3223);
#3222 = CARTESIAN_POINT('',(-1.353218136004,-1.169792893692,0.6));
#3223 = VECTOR('',#3224,1.);
#3224 = DIRECTION('',(0.98639353087,-0.164401345062,1.3E-16));
#3225 = PCURVE('',#2202,#3226);
#3226 = DEFINITIONAL_REPRESENTATION('',(#3227),#3231);
#3227 = LINE('',#3228,#3229);
#3228 = CARTESIAN_POINT('',(1.353218136004,1.169792893692));
#3229 = VECTOR('',#3230,1.);
#3230 = DIRECTION('',(-0.98639353087,0.164401345062));
#3231 = ( GEOMETRIC_REPRESENTATION_CONTEXT(2) 
PARAMETRIC_REPRESENTATION_CONTEXT() REPRESENTATION_CONTEXT('2D SPACE',''
  ) );
#3232 = PCURVE('',#3233,#3238);
#3233 = PLANE('',#3234);
#3234 = AXIS2_PLACEMENT_3D('',#3235,#3236,#3237);
#3235 = CARTESIAN_POINT('',(-2.480162969907,-0.981965986169,-3.));
#3236 = DIRECTION('',(-0.164401345062,-0.98639353087,3.469446951953E-16)
  );
#3237 = DIRECTION('',(-0.98639353087,0.164401345062,-1.665334536938E-16)
  );
#3238 = DEFINITIONAL_REPRESENTATION('',(#3239),#3243);
#3239 = LINE('',#3240,#3241);
#3240 = CARTESIAN_POINT('',(-1.142490090045,-3.6));
#3241 = VECTOR('',#3242,1.);
#3242 = DIRECTION('',(-1.,3.653345369379E-17));
#3243 = ( GEOMETRIC_REPRESENTATION_CONTEXT(2) 
PARAMETRIC_REPRESENTATION_CONTEXT() REPRESENTATION_CONTEXT('2D SPACE',''
  ) );
#3244 = ORIENTED_EDGE('',*,*,#3245,.F.);
#3245 = EDGE_CURVE('',#3246,#3218,#3248,.T.);
#3246 = VERTEX_POINT('',#3247);
#3247 = CARTESIAN_POINT('',(-2.948297684057,-0.554563581735,0.6));
#3248 = SURFACE_CURVE('',#3249,(#3254,#3261),.PCURVE_S1.);
#3249 = CIRCLE('',#3250,3.);
#3250 = AXIS2_PLACEMENT_3D('',#3251,#3252,#3253);
#3251 = CARTESIAN_POINT('',(0.,4.E-16,0.6));
#3252 = DIRECTION('',(0.,6.6E-16,1.));
#3253 = DIRECTION('',(-1.,0.,0.));
#3254 = PCURVE('',#2202,#3255);
#3255 = DEFINITIONAL_REPRESENTATION('',(#3256),#3260);
#3256 = CIRCLE('',#3257,3.);
#3257 = AXIS2_PLACEMENT_2D('',#3258,#3259);
#3258 = CARTESIAN_POINT('',(0.,0.));
#3259 = DIRECTION('',(1.,0.));
#3260 = ( GEOMETRIC_REPRESENTATION_CONTEXT(2) 
PARAMETRIC_REPRESENTATION_CONTEXT() REPRESENTATION_CONTEXT('2D SPACE',''
  ) );
#3261 = PCURVE('',#3262,#3267);
#3262 = CYLINDRICAL_SURFACE('',#3263,3.);
#3263 = AXIS2_PLACEMENT_3D('',#3264,#3265,#3266);
#3264 = CARTESIAN_POINT('',(0.,-2.E-15,-3.));
#3265 = DIRECTION('',(0.,6.6E-16,1.));
#3266 = DIRECTION('',(-1.,0.,0.));
#3267 = DEFINITIONAL_REPRESENTATION('',(#3268),#3272);
#3268 = LINE('',#3269,#3270);
#3269 = CARTESIAN_POINT('',(2.775557561563E-17,3.6));
#3270 = VECTOR('',#3271,1.);
#3271 = DIRECTION('',(1.,0.));
#3272 = ( GEOMETRIC_REPRESENTATION_CONTEXT(2) 
PARAMETRIC_REPRESENTATION_CONTEXT() REPRESENTATION_CONTEXT('2D SPACE',''
  ) );
#3273 = ORIENTED_EDGE('',*,*,#3274,.F.);
#3274 = EDGE_CURVE('',#3275,#3246,#3277,.T.);
#3275 = VERTEX_POINT('',#3276);
#3276 = CARTESIAN_POINT('',(-2.646449099806,-0.334324269868,0.6));
#3277 = SURFACE_CURVE('',#3278,(#3282,#3289),.PCURVE_S1.);
#3278 = LINE('',#3279,#3280);
#3279 = CARTESIAN_POINT('',(-1.854262770413,0.243682655325,0.6));
#3280 = VECTOR('',#3281,1.);
#3281 = DIRECTION('',(-0.807827359573,-0.589419169289,4.6E-16));
#3282 = PCURVE('',#2202,#3283);
#3283 = DEFINITIONAL_REPRESENTATION('',(#3284),#3288);
#3284 = LINE('',#3285,#3286);
#3285 = CARTESIAN_POINT('',(1.854262770413,-0.243682655325));
#3286 = VECTOR('',#3287,1.);
#3287 = DIRECTION('',(0.807827359573,0.589419169289));
#3288 = ( GEOMETRIC_REPRESENTATION_CONTEXT(2) 
PARAMETRIC_REPRESENTATION_CONTEXT() REPRESENTATION_CONTEXT('2D SPACE',''
  ) );
#3289 = PCURVE('',#3290,#3295);
#3290 = PLANE('',#3291);
#3291 = AXIS2_PLACEMENT_3D('',#3292,#3293,#3294);
#3292 = CARTESIAN_POINT('',(-2.948297684057,-0.554563581735,-3.));
#3293 = DIRECTION('',(-0.589419169289,0.807827359573,-3.191891195797E-16
    ));
#3294 = DIRECTION('',(0.807827359573,0.589419169289,-1.387778780781E-16)
  );
#3295 = DEFINITIONAL_REPRESENTATION('',(#3296),#3300);
#3296 = LINE('',#3297,#3298);
#3297 = CARTESIAN_POINT('',(1.354292969506,-3.6));
#3298 = VECTOR('',#3299,1.);
#3299 = DIRECTION('',(-1.,-3.212221219219E-16));
#3300 = ( GEOMETRIC_REPRESENTATION_CONTEXT(2) 
PARAMETRIC_REPRESENTATION_CONTEXT() REPRESENTATION_CONTEXT('2D SPACE',''
  ) );
#3301 = ORIENTED_EDGE('',*,*,#3302,.F.);
#3302 = EDGE_CURVE('',#3303,#3275,#3305,.T.);
#3303 = VERTEX_POINT('',#3304);
#3304 = CARTESIAN_POINT('',(-2.99457535203,-0.180328758141,0.6));
#3305 = SURFACE_CURVE('',#3306,(#3310,#3317),.PCURVE_S1.);
#3306 = LINE('',#3307,#3308);
#3307 = CARTESIAN_POINT('',(-1.601619962606,-0.796510033285,0.6));
#3308 = VECTOR('',#3309,1.);
#3309 = DIRECTION('',(0.914519212294,-0.404542470386,3.099999999999E-16)
  );
#3310 = PCURVE('',#2202,#3311);
#3311 = DEFINITIONAL_REPRESENTATION('',(#3312),#3316);
#3312 = LINE('',#3313,#3314);
#3313 = CARTESIAN_POINT('',(1.601619962606,0.796510033285));
#3314 = VECTOR('',#3315,1.);
#3315 = DIRECTION('',(-0.914519212294,0.404542470386));
#3316 = ( GEOMETRIC_REPRESENTATION_CONTEXT(2) 
PARAMETRIC_REPRESENTATION_CONTEXT() REPRESENTATION_CONTEXT('2D SPACE',''
  ) );
#3317 = PCURVE('',#3318,#3323);
#3318 = PLANE('',#3319);
#3319 = AXIS2_PLACEMENT_3D('',#3320,#3321,#3322);
#3320 = CARTESIAN_POINT('',(-2.646449099806,-0.334324269868,-3.));
#3321 = DIRECTION('',(-0.404542470386,-0.914519212294,2.775557561562E-16
    ));
#3322 = DIRECTION('',(-0.914519212294,0.404542470386,-2.359223927327E-16
    ));
#3323 = DEFINITIONAL_REPRESENTATION('',(#3324),#3328);
#3324 = LINE('',#3325,#3326);
#3325 = CARTESIAN_POINT('',(-1.142490090043,-3.6));
#3326 = VECTOR('',#3327,1.);
#3327 = DIRECTION('',(-1.,-7.407760726717E-17));
#3328 = ( GEOMETRIC_REPRESENTATION_CONTEXT(2) 
PARAMETRIC_REPRESENTATION_CONTEXT() REPRESENTATION_CONTEXT('2D SPACE',''
  ) );
#3329 = ORIENTED_EDGE('',*,*,#3330,.F.);
#3330 = EDGE_CURVE('',#3331,#3303,#3333,.T.);
#3331 = VERTEX_POINT('',#3332);
#3332 = CARTESIAN_POINT('',(-2.993585845339,0.196070871333,0.6));
#3333 = SURFACE_CURVE('',#3334,(#3339,#3346),.PCURVE_S1.);
#3334 = CIRCLE('',#3335,3.);
#3335 = AXIS2_PLACEMENT_3D('',#3336,#3337,#3338);
#3336 = CARTESIAN_POINT('',(0.,4.E-16,0.6));
#3337 = DIRECTION('',(0.,6.6E-16,1.));
#3338 = DIRECTION('',(-1.,0.,0.));
#3339 = PCURVE('',#2202,#3340);
#3340 = DEFINITIONAL_REPRESENTATION('',(#3341),#3345);
#3341 = CIRCLE('',#3342,3.);
#3342 = AXIS2_PLACEMENT_2D('',#3343,#3344);
#3343 = CARTESIAN_POINT('',(0.,0.));
#3344 = DIRECTION('',(1.,0.));
#3345 = ( GEOMETRIC_REPRESENTATION_CONTEXT(2) 
PARAMETRIC_REPRESENTATION_CONTEXT() REPRESENTATION_CONTEXT('2D SPACE',''
  ) );
#3346 = PCURVE('',#3347,#3352);
#3347 = CYLINDRICAL_SURFACE('',#3348,3.);
#3348 = AXIS2_PLACEMENT_3D('',#3349,#3350,#3351);
#3349 = CARTESIAN_POINT('',(0.,-2.33E-15,-3.));
#3350 = DIRECTION('',(0.,7.7E-16,1.));
#3351 = DIRECTION('',(-1.,0.,0.));
#3352 = DEFINITIONAL_REPRESENTATION('',(#3353),#3357);
#3353 = LINE('',#3354,#3355);
#3354 = CARTESIAN_POINT('',(0.,3.6));
#3355 = VECTOR('',#3356,1.);
#3356 = DIRECTION('',(1.,0.));
#3357 = ( GEOMETRIC_REPRESENTATION_CONTEXT(2) 
PARAMETRIC_REPRESENTATION_CONTEXT() REPRESENTATION_CONTEXT('2D SPACE',''
  ) );
#3358 = ORIENTED_EDGE('',*,*,#3359,.F.);
#3359 = EDGE_CURVE('',#3360,#3331,#3362,.T.);
#3360 = VERTEX_POINT('',#3361);
#3361 = CARTESIAN_POINT('',(-2.646449099806,0.334324269868,0.6));
#3362 = SURFACE_CURVE('',#3363,(#3367,#3374),.PCURVE_S1.);
#3363 = LINE('',#3364,#3365);
#3364 = CARTESIAN_POINT('',(-1.735406283673,0.697163315755,0.6));
#3365 = VECTOR('',#3366,1.);
#3366 = DIRECTION('',(-0.929030564285,-0.370002987319,2.899999999999E-16
    ));
#3367 = PCURVE('',#2202,#3368);
#3368 = DEFINITIONAL_REPRESENTATION('',(#3369),#3373);
#3369 = LINE('',#3370,#3371);
#3370 = CARTESIAN_POINT('',(1.735406283673,-0.697163315755));
#3371 = VECTOR('',#3372,1.);
#3372 = DIRECTION('',(0.929030564285,0.370002987319));
#3373 = ( GEOMETRIC_REPRESENTATION_CONTEXT(2) 
PARAMETRIC_REPRESENTATION_CONTEXT() REPRESENTATION_CONTEXT('2D SPACE',''
  ) );
#3374 = PCURVE('',#3375,#3380);
#3375 = PLANE('',#3376);
#3376 = AXIS2_PLACEMENT_3D('',#3377,#3378,#3379);
#3377 = CARTESIAN_POINT('',(-2.993585845339,0.196070871333,-3.));
#3378 = DIRECTION('',(-0.370002987319,0.929030564285,-1.873501354054E-16
    ));
#3379 = DIRECTION('',(0.929030564285,0.370002987319,-4.440892098499E-16)
  );
#3380 = DEFINITIONAL_REPRESENTATION('',(#3381),#3385);
#3381 = LINE('',#3382,#3383);
#3382 = CARTESIAN_POINT('',(1.354292969505,-3.6));
#3383 = VECTOR('',#3384,1.);
#3384 = DIRECTION('',(-1.,1.5408920985E-16));
#3385 = ( GEOMETRIC_REPRESENTATION_CONTEXT(2) 
PARAMETRIC_REPRESENTATION_CONTEXT() REPRESENTATION_CONTEXT('2D SPACE',''
  ) );
#3386 = ORIENTED_EDGE('',*,*,#3387,.F.);
#3387 = EDGE_CURVE('',#3388,#3360,#3390,.T.);
#3388 = VERTEX_POINT('',#3389);
#3389 = CARTESIAN_POINT('',(-2.945341199222,0.5700572078,0.6));
#3390 = SURFACE_CURVE('',#3391,(#3395,#3402),.PCURVE_S1.);
#3391 = LINE('',#3392,#3393);
#3392 = CARTESIAN_POINT('',(-1.749386116611,-0.373179518129,0.6));
#3393 = VECTOR('',#3394,1.);
#3394 = DIRECTION('',(0.785182288243,-0.619264704492,4.8E-16));
#3395 = PCURVE('',#2202,#3396);
#3396 = DEFINITIONAL_REPRESENTATION('',(#3397),#3401);
#3397 = LINE('',#3398,#3399);
#3398 = CARTESIAN_POINT('',(1.749386116611,0.373179518129));
#3399 = VECTOR('',#3400,1.);
#3400 = DIRECTION('',(-0.785182288243,0.619264704492));
#3401 = ( GEOMETRIC_REPRESENTATION_CONTEXT(2) 
PARAMETRIC_REPRESENTATION_CONTEXT() REPRESENTATION_CONTEXT('2D SPACE',''
  ) );
#3402 = PCURVE('',#3403,#3408);
#3403 = PLANE('',#3404);
#3404 = AXIS2_PLACEMENT_3D('',#3405,#3406,#3407);
#3405 = CARTESIAN_POINT('',(-2.646449099806,0.334324269868,-3.));
#3406 = DIRECTION('',(-0.619264704492,-0.785182288243,4.718447854657E-16
    ));
#3407 = DIRECTION('',(-0.785182288243,0.619264704492,5.551115123126E-17)
  );
#3408 = DEFINITIONAL_REPRESENTATION('',(#3409),#3413);
#3409 = LINE('',#3410,#3411);
#3410 = CARTESIAN_POINT('',(-1.142490090044,-3.6));
#3411 = VECTOR('',#3412,1.);
#3412 = DIRECTION('',(-1.,-5.355111512312E-16));
#3413 = ( GEOMETRIC_REPRESENTATION_CONTEXT(2) 
PARAMETRIC_REPRESENTATION_CONTEXT() REPRESENTATION_CONTEXT('2D SPACE',''
  ) );
#3414 = ORIENTED_EDGE('',*,*,#3415,.F.);
#3415 = EDGE_CURVE('',#3416,#3388,#3418,.T.);
#3416 = VERTEX_POINT('',#3417);
#3417 = CARTESIAN_POINT('',(-2.85077599832,0.934385470456,0.6));
#3418 = SURFACE_CURVE('',#3419,(#3424,#3431),.PCURVE_S1.);
#3419 = CIRCLE('',#3420,3.);
#3420 = AXIS2_PLACEMENT_3D('',#3421,#3422,#3423);
#3421 = CARTESIAN_POINT('',(0.,4.E-16,0.6));
#3422 = DIRECTION('',(0.,6.6E-16,1.));
#3423 = DIRECTION('',(-1.,0.,0.));
#3424 = PCURVE('',#2202,#3425);
#3425 = DEFINITIONAL_REPRESENTATION('',(#3426),#3430);
#3426 = CIRCLE('',#3427,3.);
#3427 = AXIS2_PLACEMENT_2D('',#3428,#3429);
#3428 = CARTESIAN_POINT('',(0.,0.));
#3429 = DIRECTION('',(1.,0.));
#3430 = ( GEOMETRIC_REPRESENTATION_CONTEXT(2) 
PARAMETRIC_REPRESENTATION_CONTEXT() REPRESENTATION_CONTEXT('2D SPACE',''
  ) );
#3431 = PCURVE('',#3432,#3437);
#3432 = CYLINDRICAL_SURFACE('',#3433,3.);
#3433 = AXIS2_PLACEMENT_3D('',#3434,#3435,#3436);
#3434 = CARTESIAN_POINT('',(0.,-2.E-15,-3.));
#3435 = DIRECTION('',(0.,6.6E-16,1.));
#3436 = DIRECTION('',(-1.,0.,0.));
#3437 = DEFINITIONAL_REPRESENTATION('',(#3438),#3442);
#3438 = LINE('',#3439,#3440);
#3439 = CARTESIAN_POINT('',(0.,3.6));
#3440 = VECTOR('',#3441,1.);
#3441 = DIRECTION('',(1.,0.));
#3442 = ( GEOMETRIC_REPRESENTATION_CONTEXT(2) 
PARAMETRIC_REPRESENTATION_CONTEXT() REPRESENTATION_CONTEXT('2D SPACE',''
  ) );
#3443 = ORIENTED_EDGE('',*,*,#3444,.F.);
#3444 = EDGE_CURVE('',#3445,#3416,#3447,.T.);
#3445 = VERTEX_POINT('',#3446);
#3446 = CARTESIAN_POINT('',(-2.480162969907,0.981965986169,0.6));
#3447 = SURFACE_CURVE('',#3448,(#3452,#3459),.PCURVE_S1.);
#3448 = LINE('',#3449,#3450);
#3449 = CARTESIAN_POINT('',(-1.507507837752,1.106838641069,0.6));
#3450 = VECTOR('',#3451,1.);
#3451 = DIRECTION('',(-0.991859361907,-0.12733815688,9.999999999999E-17)
  );
#3452 = PCURVE('',#2202,#3453);
#3453 = DEFINITIONAL_REPRESENTATION('',(#3454),#3458);
#3454 = LINE('',#3455,#3456);
#3455 = CARTESIAN_POINT('',(1.507507837752,-1.106838641069));
#3456 = VECTOR('',#3457,1.);
#3457 = DIRECTION('',(0.991859361907,0.12733815688));
#3458 = ( GEOMETRIC_REPRESENTATION_CONTEXT(2) 
PARAMETRIC_REPRESENTATION_CONTEXT() REPRESENTATION_CONTEXT('2D SPACE',''
  ) );
#3459 = PCURVE('',#3460,#3465);
#3460 = PLANE('',#3461);
#3461 = AXIS2_PLACEMENT_3D('',#3462,#3463,#3464);
#3462 = CARTESIAN_POINT('',(-2.85077599832,0.934385470456,-3.));
#3463 = DIRECTION('',(-0.12733815688,0.991859361907,-2.914335439641E-16)
  );
#3464 = DIRECTION('',(0.991859361907,0.12733815688,-6.162975822039E-33)
  );
#3465 = DEFINITIONAL_REPRESENTATION('',(#3466),#3470);
#3466 = LINE('',#3467,#3468);
#3467 = CARTESIAN_POINT('',(1.354292969505,-3.6));
#3468 = VECTOR('',#3469,1.);
#3469 = DIRECTION('',(-1.,-9.999999999999E-17));
#3470 = ( GEOMETRIC_REPRESENTATION_CONTEXT(2) 
PARAMETRIC_REPRESENTATION_CONTEXT() REPRESENTATION_CONTEXT('2D SPACE',''
  ) );
#3471 = ORIENTED_EDGE('',*,*,#3472,.F.);
#3472 = EDGE_CURVE('',#3473,#3445,#3475,.T.);
#3473 = VERTEX_POINT('',#3474);
#3474 = CARTESIAN_POINT('',(-2.71104042666,1.284624382852,0.6));
#3475 = SURFACE_CURVE('',#3476,(#3480,#3487),.PCURVE_S1.);
#3476 = LINE('',#3477,#3478);
#3477 = CARTESIAN_POINT('',(-1.787231907117,7.359923861015E-02,0.6));
#3478 = VECTOR('',#3479,1.);
#3479 = DIRECTION('',(0.606509473323,-0.79507625972,6.099999999997E-16)
  );
#3480 = PCURVE('',#2202,#3481);
#3481 = DEFINITIONAL_REPRESENTATION('',(#3482),#3486);
#3482 = LINE('',#3483,#3484);
#3483 = CARTESIAN_POINT('',(1.787231907117,-7.359923861015E-02));
#3484 = VECTOR('',#3485,1.);
#3485 = DIRECTION('',(-0.606509473323,0.79507625972));
#3486 = ( GEOMETRIC_REPRESENTATION_CONTEXT(2) 
PARAMETRIC_REPRESENTATION_CONTEXT() REPRESENTATION_CONTEXT('2D SPACE',''
  ) );
#3487 = PCURVE('',#3488,#3493);
#3488 = PLANE('',#3489);
#3489 = AXIS2_PLACEMENT_3D('',#3490,#3491,#3492);
#3490 = CARTESIAN_POINT('',(-2.480162969907,0.981965986169,-3.));
#3491 = DIRECTION('',(-0.79507625972,-0.606509473323,1.665334536937E-16)
  );
#3492 = DIRECTION('',(-0.606509473323,0.79507625972,-2.498001805406E-16)
  );
#3493 = DEFINITIONAL_REPRESENTATION('',(#3494),#3498);
#3494 = LINE('',#3495,#3496);
#3495 = CARTESIAN_POINT('',(-1.142490090045,-3.6));
#3496 = VECTOR('',#3497,1.);
#3497 = DIRECTION('',(-1.,-3.601998194591E-16));
#3498 = ( GEOMETRIC_REPRESENTATION_CONTEXT(2) 
PARAMETRIC_REPRESENTATION_CONTEXT() REPRESENTATION_CONTEXT('2D SPACE',''
  ) );
#3499 = ORIENTED_EDGE('',*,*,#3500,.F.);
#3500 = EDGE_CURVE('',#3501,#3473,#3503,.T.);
#3501 = VERTEX_POINT('',#3502);
#3502 = CARTESIAN_POINT('',(-2.528841410907,1.613989194042,0.6));
#3503 = SURFACE_CURVE('',#3504,(#3509,#3516),.PCURVE_S1.);
#3504 = CIRCLE('',#3505,3.);
#3505 = AXIS2_PLACEMENT_3D('',#3506,#3507,#3508);
#3506 = CARTESIAN_POINT('',(0.,4.E-16,0.6));
#3507 = DIRECTION('',(0.,6.6E-16,1.));
#3508 = DIRECTION('',(-1.,0.,0.));
#3509 = PCURVE('',#2202,#3510);
#3510 = DEFINITIONAL_REPRESENTATION('',(#3511),#3515);
#3511 = CIRCLE('',#3512,3.);
#3512 = AXIS2_PLACEMENT_2D('',#3513,#3514);
#3513 = CARTESIAN_POINT('',(0.,0.));
#3514 = DIRECTION('',(1.,0.));
#3515 = ( GEOMETRIC_REPRESENTATION_CONTEXT(2) 
PARAMETRIC_REPRESENTATION_CONTEXT() REPRESENTATION_CONTEXT('2D SPACE',''
  ) );
#3516 = PCURVE('',#3517,#3522);
#3517 = CYLINDRICAL_SURFACE('',#3518,3.);
#3518 = AXIS2_PLACEMENT_3D('',#3519,#3520,#3521);
#3519 = CARTESIAN_POINT('',(0.,-2.E-15,-3.));
#3520 = DIRECTION('',(0.,6.6E-16,1.));
#3521 = DIRECTION('',(-1.,0.,0.));
#3522 = DEFINITIONAL_REPRESENTATION('',(#3523),#3527);
#3523 = LINE('',#3524,#3525);
#3524 = CARTESIAN_POINT('',(0.,3.6));
#3525 = VECTOR('',#3526,1.);
#3526 = DIRECTION('',(1.,0.));
#3527 = ( GEOMETRIC_REPRESENTATION_CONTEXT(2) 
PARAMETRIC_REPRESENTATION_CONTEXT() REPRESENTATION_CONTEXT('2D SPACE',''
  ) );
#3528 = ORIENTED_EDGE('',*,*,#3529,.F.);
#3529 = EDGE_CURVE('',#3530,#3501,#3532,.T.);
#3530 = VERTEX_POINT('',#3531);
#3531 = CARTESIAN_POINT('',(-2.158039079206,1.567907168141,0.6));
#3532 = SURFACE_CURVE('',#3533,(#3537,#3544),.PCURVE_S1.);
#3533 = LINE('',#3534,#3535);
#3534 = CARTESIAN_POINT('',(-1.184887130159,1.446967223896,0.6));
#3535 = VECTOR('',#3536,1.);
#3536 = DIRECTION('',(-0.992365988017,0.123327798273,-1.E-16));
#3537 = PCURVE('',#2202,#3538);
#3538 = DEFINITIONAL_REPRESENTATION('',(#3539),#3543);
#3539 = LINE('',#3540,#3541);
#3540 = CARTESIAN_POINT('',(1.184887130159,-1.446967223896));
#3541 = VECTOR('',#3542,1.);
#3542 = DIRECTION('',(0.992365988017,-0.123327798273));
#3543 = ( GEOMETRIC_REPRESENTATION_CONTEXT(2) 
PARAMETRIC_REPRESENTATION_CONTEXT() REPRESENTATION_CONTEXT('2D SPACE',''
  ) );
#3544 = PCURVE('',#3545,#3550);
#3545 = PLANE('',#3546);
#3546 = AXIS2_PLACEMENT_3D('',#3547,#3548,#3549);
#3547 = CARTESIAN_POINT('',(-2.528841410907,1.613989194042,-3.));
#3548 = DIRECTION('',(0.123327798273,0.992365988017,-3.677613769071E-16)
  );
#3549 = DIRECTION('',(0.992365988017,-0.123327798273,-3.330669073875E-16
    ));
#3550 = DEFINITIONAL_REPRESENTATION('',(#3551),#3555);
#3551 = LINE('',#3552,#3553);
#3552 = CARTESIAN_POINT('',(1.354292969506,-3.6));
#3553 = VECTOR('',#3554,1.);
#3554 = DIRECTION('',(-1.,4.330669073875E-16));
#3555 = ( GEOMETRIC_REPRESENTATION_CONTEXT(2) 
PARAMETRIC_REPRESENTATION_CONTEXT() REPRESENTATION_CONTEXT('2D SPACE',''
  ) );
#3556 = ORIENTED_EDGE('',*,*,#3557,.F.);
#3557 = EDGE_CURVE('',#3558,#3530,#3560,.T.);
#3558 = VERTEX_POINT('',#3559);
#3559 = CARTESIAN_POINT('',(-2.306395013581,1.918473883411,0.6));
#3560 = SURFACE_CURVE('',#3561,(#3565,#3572),.PCURVE_S1.);
#3561 = LINE('',#3562,#3563);
#3562 = CARTESIAN_POINT('',(-1.71277934392,0.515753484508,0.6));
#3563 = VECTOR('',#3564,1.);
#3564 = DIRECTION('',(0.389727437608,-0.920930249463,7.099999999998E-16)
  );
#3565 = PCURVE('',#2202,#3566);
#3566 = DEFINITIONAL_REPRESENTATION('',(#3567),#3571);
#3567 = LINE('',#3568,#3569);
#3568 = CARTESIAN_POINT('',(1.71277934392,-0.515753484508));
#3569 = VECTOR('',#3570,1.);
#3570 = DIRECTION('',(-0.389727437608,0.920930249463));
#3571 = ( GEOMETRIC_REPRESENTATION_CONTEXT(2) 
PARAMETRIC_REPRESENTATION_CONTEXT() REPRESENTATION_CONTEXT('2D SPACE',''
  ) );
#3572 = PCURVE('',#3573,#3578);
#3573 = PLANE('',#3574);
#3574 = AXIS2_PLACEMENT_3D('',#3575,#3576,#3577);
#3575 = CARTESIAN_POINT('',(-2.158039079206,1.567907168141,-3.));
#3576 = DIRECTION('',(-0.920930249463,-0.389727437608,4.4408920985E-16)
  );
#3577 = DIRECTION('',(-0.389727437608,0.920930249463,-8.326672684687E-17
    ));
#3578 = DEFINITIONAL_REPRESENTATION('',(#3579),#3583);
#3579 = LINE('',#3580,#3581);
#3580 = CARTESIAN_POINT('',(-1.142490090044,-3.6));
#3581 = VECTOR('',#3582,1.);
#3582 = DIRECTION('',(-1.,-6.26733273153E-16));
#3583 = ( GEOMETRIC_REPRESENTATION_CONTEXT(2) 
PARAMETRIC_REPRESENTATION_CONTEXT() REPRESENTATION_CONTEXT('2D SPACE',''
  ) );
#3584 = ORIENTED_EDGE('',*,*,#3585,.F.);
#3585 = EDGE_CURVE('',#3586,#3558,#3588,.T.);
#3586 = VERTEX_POINT('',#3587);
#3587 = CARTESIAN_POINT('',(-2.048010417217,2.192180040729,0.6));
#3588 = SURFACE_CURVE('',#3589,(#3594,#3601),.PCURVE_S1.);
#3589 = CIRCLE('',#3590,3.);
#3590 = AXIS2_PLACEMENT_3D('',#3591,#3592,#3593);
#3591 = CARTESIAN_POINT('',(0.,4.E-16,0.6));
#3592 = DIRECTION('',(0.,6.6E-16,1.));
#3593 = DIRECTION('',(-1.,0.,0.));
#3594 = PCURVE('',#2202,#3595);
#3595 = DEFINITIONAL_REPRESENTATION('',(#3596),#3600);
#3596 = CIRCLE('',#3597,3.);
#3597 = AXIS2_PLACEMENT_2D('',#3598,#3599);
#3598 = CARTESIAN_POINT('',(0.,0.));
#3599 = DIRECTION('',(1.,0.));
#3600 = ( GEOMETRIC_REPRESENTATION_CONTEXT(2) 
PARAMETRIC_REPRESENTATION_CONTEXT() REPRESENTATION_CONTEXT('2D SPACE',''
  ) );
#3601 = PCURVE('',#3602,#3607);
#3602 = CYLINDRICAL_SURFACE('',#3603,3.);
#3603 = AXIS2_PLACEMENT_3D('',#3604,#3605,#3606);
#3604 = CARTESIAN_POINT('',(0.,-2.E-15,-3.));
#3605 = DIRECTION('',(0.,6.6E-16,1.));
#3606 = DIRECTION('',(-1.,0.,0.));
#3607 = DEFINITIONAL_REPRESENTATION('',(#3608),#3612);
#3608 = LINE('',#3609,#3610);
#3609 = CARTESIAN_POINT('',(0.,3.6));
#3610 = VECTOR('',#3611,1.);
#3611 = DIRECTION('',(1.,0.));
#3612 = ( GEOMETRIC_REPRESENTATION_CONTEXT(2) 
PARAMETRIC_REPRESENTATION_CONTEXT() REPRESENTATION_CONTEXT('2D SPACE',''
  ) );
#3613 = ORIENTED_EDGE('',*,*,#3614,.F.);
#3614 = EDGE_CURVE('',#3615,#3586,#3617,.T.);
#3615 = VERTEX_POINT('',#3616);
#3616 = CARTESIAN_POINT('',(-1.700317656447,2.055330976379,0.6));
#3617 = SURFACE_CURVE('',#3618,(#3622,#3629),.PCURVE_S1.);
#3618 = LINE('',#3619,#3620);
#3619 = CARTESIAN_POINT('',(-0.787815606468,1.696177534473,0.6));
#3620 = VECTOR('',#3621,1.);
#3621 = DIRECTION('',(-0.930518609433,0.366244614292,-2.800000000001E-16
    ));
#3622 = PCURVE('',#2202,#3623);
#3623 = DEFINITIONAL_REPRESENTATION('',(#3624),#3628);
#3624 = LINE('',#3625,#3626);
#3625 = CARTESIAN_POINT('',(0.787815606468,-1.696177534473));
#3626 = VECTOR('',#3627,1.);
#3627 = DIRECTION('',(0.930518609433,-0.366244614292));
#3628 = ( GEOMETRIC_REPRESENTATION_CONTEXT(2) 
PARAMETRIC_REPRESENTATION_CONTEXT() REPRESENTATION_CONTEXT('2D SPACE',''
  ) );
#3629 = PCURVE('',#3630,#3635);
#3630 = PLANE('',#3631);
#3631 = AXIS2_PLACEMENT_3D('',#3632,#3633,#3634);
#3632 = CARTESIAN_POINT('',(-2.048010417217,2.192180040729,-3.));
#3633 = DIRECTION('',(0.366244614292,0.930518609433,-5.273559366972E-16)
  );
#3634 = DIRECTION('',(0.930518609433,-0.366244614292,-4.440892098503E-16
    ));
#3635 = DEFINITIONAL_REPRESENTATION('',(#3636),#3640);
#3636 = LINE('',#3637,#3638);
#3637 = CARTESIAN_POINT('',(1.354292969505,-3.6));
#3638 = VECTOR('',#3639,1.);
#3639 = DIRECTION('',(-1.,7.240892098505E-16));
#3640 = ( GEOMETRIC_REPRESENTATION_CONTEXT(2) 
PARAMETRIC_REPRESENTATION_CONTEXT() REPRESENTATION_CONTEXT('2D SPACE',''
  ) );
#3641 = ORIENTED_EDGE('',*,*,#3642,.F.);
#3642 = EDGE_CURVE('',#3643,#3615,#3645,.T.);
#3643 = VERTEX_POINT('',#3644);
#3644 = CARTESIAN_POINT('',(-1.756830319471,2.431778614222,0.6));
#3645 = SURFACE_CURVE('',#3646,(#3650,#3657),.PCURVE_S1.);
#3646 = LINE('',#3647,#3648);
#3647 = CARTESIAN_POINT('',(-1.530706555383,0.925501042166,0.6));
#3648 = VECTOR('',#3649,1.);
#3649 = DIRECTION('',(0.148457393672,-0.988918804687,7.600000000002E-16)
  );
#3650 = PCURVE('',#2202,#3651);
#3651 = DEFINITIONAL_REPRESENTATION('',(#3652),#3656);
#3652 = LINE('',#3653,#3654);
#3653 = CARTESIAN_POINT('',(1.530706555383,-0.925501042166));
#3654 = VECTOR('',#3655,1.);
#3655 = DIRECTION('',(-0.148457393672,0.988918804687));
#3656 = ( GEOMETRIC_REPRESENTATION_CONTEXT(2) 
PARAMETRIC_REPRESENTATION_CONTEXT() REPRESENTATION_CONTEXT('2D SPACE',''
  ) );
#3657 = PCURVE('',#3658,#3663);
#3658 = PLANE('',#3659);
#3659 = AXIS2_PLACEMENT_3D('',#3660,#3661,#3662);
#3660 = CARTESIAN_POINT('',(-1.700317656447,2.055330976379,-3.));
#3661 = DIRECTION('',(-0.988918804687,-0.148457393672,7.216449660066E-16
    ));
#3662 = DIRECTION('',(-0.148457393672,0.988918804687,-1.665334536938E-16
    ));
#3663 = DEFINITIONAL_REPRESENTATION('',(#3664),#3668);
#3664 = LINE('',#3665,#3666);
#3665 = CARTESIAN_POINT('',(-1.142490090044,-3.6));
#3666 = VECTOR('',#3667,1.);
#3667 = DIRECTION('',(-1.,-5.934665463064E-16));
#3668 = ( GEOMETRIC_REPRESENTATION_CONTEXT(2) 
PARAMETRIC_REPRESENTATION_CONTEXT() REPRESENTATION_CONTEXT('2D SPACE',''
  ) );
#3669 = ORIENTED_EDGE('',*,*,#3670,.F.);
#3670 = EDGE_CURVE('',#3671,#3643,#3673,.T.);
#3671 = VERTEX_POINT('',#3672);
#3672 = CARTESIAN_POINT('',(-1.438495396959,2.632628153182,0.6));
#3673 = SURFACE_CURVE('',#3674,(#3679,#3686),.PCURVE_S1.);
#3674 = CIRCLE('',#3675,3.);
#3675 = AXIS2_PLACEMENT_3D('',#3676,#3677,#3678);
#3676 = CARTESIAN_POINT('',(0.,4.E-16,0.6));
#3677 = DIRECTION('',(0.,6.6E-16,1.));
#3678 = DIRECTION('',(-1.,0.,0.));
#3679 = PCURVE('',#2202,#3680);
#3680 = DEFINITIONAL_REPRESENTATION('',(#3681),#3685);
#3681 = CIRCLE('',#3682,3.);
#3682 = AXIS2_PLACEMENT_2D('',#3683,#3684);
#3683 = CARTESIAN_POINT('',(0.,0.));
#3684 = DIRECTION('',(1.,0.));
#3685 = ( GEOMETRIC_REPRESENTATION_CONTEXT(2) 
PARAMETRIC_REPRESENTATION_CONTEXT() REPRESENTATION_CONTEXT('2D SPACE',''
  ) );
#3686 = PCURVE('',#3687,#3692);
#3687 = CYLINDRICAL_SURFACE('',#3688,3.);
#3688 = AXIS2_PLACEMENT_3D('',#3689,#3690,#3691);
#3689 = CARTESIAN_POINT('',(0.,-2.E-15,-3.));
#3690 = DIRECTION('',(0.,6.6E-16,1.));
#3691 = DIRECTION('',(-1.,0.,0.));
#3692 = DEFINITIONAL_REPRESENTATION('',(#3693),#3697);
#3693 = LINE('',#3694,#3695);
#3694 = CARTESIAN_POINT('',(0.,3.6));
#3695 = VECTOR('',#3696,1.);
#3696 = DIRECTION('',(1.,0.));
#3697 = ( GEOMETRIC_REPRESENTATION_CONTEXT(2) 
PARAMETRIC_REPRESENTATION_CONTEXT() REPRESENTATION_CONTEXT('2D SPACE',''
  ) );
#3698 = ORIENTED_EDGE('',*,*,#3699,.F.);
#3699 = EDGE_CURVE('',#3700,#3671,#3702,.T.);
#3700 = VERTEX_POINT('',#3701);
#3701 = CARTESIAN_POINT('',(-1.135759022002,2.413610780393,0.6));
#3702 = SURFACE_CURVE('',#3703,(#3707,#3714),.PCURVE_S1.);
#3703 = LINE('',#3704,#3705);
#3704 = CARTESIAN_POINT('',(-0.34124273084,1.838810772455,0.6));
#3705 = VECTOR('',#3706,1.);
#3706 = DIRECTION('',(-0.810203324411,0.586148934242,-4.500000000001E-16
    ));
#3707 = PCURVE('',#2202,#3708);
#3708 = DEFINITIONAL_REPRESENTATION('',(#3709),#3713);
#3709 = LINE('',#3710,#3711);
#3710 = CARTESIAN_POINT('',(0.34124273084,-1.838810772455));
#3711 = VECTOR('',#3712,1.);
#3712 = DIRECTION('',(0.810203324411,-0.586148934242));
#3713 = ( GEOMETRIC_REPRESENTATION_CONTEXT(2) 
PARAMETRIC_REPRESENTATION_CONTEXT() REPRESENTATION_CONTEXT('2D SPACE',''
  ) );
#3714 = PCURVE('',#3715,#3720);
#3715 = PLANE('',#3716);
#3716 = AXIS2_PLACEMENT_3D('',#3717,#3718,#3719);
#3717 = CARTESIAN_POINT('',(-1.438495396959,2.632628153182,-3.));
#3718 = DIRECTION('',(0.586148934242,0.810203324411,-6.661338147752E-16)
  );
#3719 = DIRECTION('',(0.810203324411,-0.586148934242,-3.885780586189E-16
    ));
#3720 = DEFINITIONAL_REPRESENTATION('',(#3721),#3725);
#3721 = LINE('',#3722,#3723);
#3722 = CARTESIAN_POINT('',(1.354292969505,-3.6));
#3723 = VECTOR('',#3724,1.);
#3724 = DIRECTION('',(-1.,8.385780586189E-16));
#3725 = ( GEOMETRIC_REPRESENTATION_CONTEXT(2) 
PARAMETRIC_REPRESENTATION_CONTEXT() REPRESENTATION_CONTEXT('2D SPACE',''
  ) );
#3726 = ORIENTED_EDGE('',*,*,#3727,.F.);
#3727 = EDGE_CURVE('',#3728,#3700,#3730,.T.);
#3728 = VERTEX_POINT('',#3729);
#3729 = CARTESIAN_POINT('',(-1.096877515219,2.792285751245,0.6));
#3730 = SURFACE_CURVE('',#3731,(#3735,#3742),.PCURVE_S1.);
#3731 = LINE('',#3732,#3733);
#3732 = CARTESIAN_POINT('',(-1.252453844426,1.27709596559,0.6));
#3733 = VECTOR('',#3734,1.);
#3734 = DIRECTION('',(-0.102140774297,-0.994769954425,7.699999999997E-16
    ));
#3735 = PCURVE('',#2202,#3736);
#3736 = DEFINITIONAL_REPRESENTATION('',(#3737),#3741);
#3737 = LINE('',#3738,#3739);
#3738 = CARTESIAN_POINT('',(1.252453844426,-1.27709596559));
#3739 = VECTOR('',#3740,1.);
#3740 = DIRECTION('',(0.102140774297,0.994769954425));
#3741 = ( GEOMETRIC_REPRESENTATION_CONTEXT(2) 
PARAMETRIC_REPRESENTATION_CONTEXT() REPRESENTATION_CONTEXT('2D SPACE',''
  ) );
#3742 = PCURVE('',#3743,#3748);
#3743 = PLANE('',#3744);
#3744 = AXIS2_PLACEMENT_3D('',#3745,#3746,#3747);
#3745 = CARTESIAN_POINT('',(-1.135759022002,2.413610780393,-3.));
#3746 = DIRECTION('',(-0.994769954425,0.102140774297,8.326672684686E-16)
  );
#3747 = DIRECTION('',(0.102140774297,0.994769954425,-3.955169525226E-16)
  );
#3748 = DEFINITIONAL_REPRESENTATION('',(#3749),#3753);
#3749 = LINE('',#3750,#3751);
#3750 = CARTESIAN_POINT('',(-1.142490090043,-3.6));
#3751 = VECTOR('',#3752,1.);
#3752 = DIRECTION('',(-1.,-3.744830474772E-16));
#3753 = ( GEOMETRIC_REPRESENTATION_CONTEXT(2) 
PARAMETRIC_REPRESENTATION_CONTEXT() REPRESENTATION_CONTEXT('2D SPACE',''
  ) );
#3754 = ORIENTED_EDGE('',*,*,#3755,.F.);
#3755 = EDGE_CURVE('',#3756,#3728,#3758,.T.);
#3756 = VERTEX_POINT('',#3757);
#3757 = CARTESIAN_POINT('',(-0.738594420494,2.907658556642,0.6));
#3758 = SURFACE_CURVE('',#3759,(#3764,#3771),.PCURVE_S1.);
#3759 = CIRCLE('',#3760,3.);
#3760 = AXIS2_PLACEMENT_3D('',#3761,#3762,#3763);
#3761 = CARTESIAN_POINT('',(0.,4.E-16,0.6));
#3762 = DIRECTION('',(0.,6.6E-16,1.));
#3763 = DIRECTION('',(-1.,0.,0.));
#3764 = PCURVE('',#2202,#3765);
#3765 = DEFINITIONAL_REPRESENTATION('',(#3766),#3770);
#3766 = CIRCLE('',#3767,3.);
#3767 = AXIS2_PLACEMENT_2D('',#3768,#3769);
#3768 = CARTESIAN_POINT('',(0.,0.));
#3769 = DIRECTION('',(1.,0.));
#3770 = ( GEOMETRIC_REPRESENTATION_CONTEXT(2) 
PARAMETRIC_REPRESENTATION_CONTEXT() REPRESENTATION_CONTEXT('2D SPACE',''
  ) );
#3771 = PCURVE('',#3772,#3777);
#3772 = CYLINDRICAL_SURFACE('',#3773,3.);
#3773 = AXIS2_PLACEMENT_3D('',#3774,#3775,#3776);
#3774 = CARTESIAN_POINT('',(0.,-2.E-15,-3.));
#3775 = DIRECTION('',(0.,6.6E-16,1.));
#3776 = DIRECTION('',(-1.,0.,0.));
#3777 = DEFINITIONAL_REPRESENTATION('',(#3778),#3782);
#3778 = LINE('',#3779,#3780);
#3779 = CARTESIAN_POINT('',(0.,3.6));
#3780 = VECTOR('',#3781,1.);
#3781 = DIRECTION('',(1.,0.));
#3782 = ( GEOMETRIC_REPRESENTATION_CONTEXT(2) 
PARAMETRIC_REPRESENTATION_CONTEXT() REPRESENTATION_CONTEXT('2D SPACE',''
  ) );
#3783 = ORIENTED_EDGE('',*,*,#3784,.F.);
#3784 = EDGE_CURVE('',#3785,#3756,#3787,.T.);
#3785 = VERTEX_POINT('',#3786);
#3786 = CARTESIAN_POINT('',(-0.499836471175,2.620234542436,0.6));
#3787 = SURFACE_CURVE('',#3788,(#3792,#3799),.PCURVE_S1.);
#3788 = LINE('',#3789,#3790);
#3789 = CARTESIAN_POINT('',(0.126771680571,1.86590476693,0.6));
#3790 = VECTOR('',#3791,1.);
#3791 = DIRECTION('',(-0.638979984796,0.769223360949,-5.900000000001E-16
    ));
#3792 = PCURVE('',#2202,#3793);
#3793 = DEFINITIONAL_REPRESENTATION('',(#3794),#3798);
#3794 = LINE('',#3795,#3796);
#3795 = CARTESIAN_POINT('',(-0.126771680571,-1.86590476693));
#3796 = VECTOR('',#3797,1.);
#3797 = DIRECTION('',(0.638979984796,-0.769223360949));
#3798 = ( GEOMETRIC_REPRESENTATION_CONTEXT(2) 
PARAMETRIC_REPRESENTATION_CONTEXT() REPRESENTATION_CONTEXT('2D SPACE',''
  ) );
#3799 = PCURVE('',#3800,#3805);
#3800 = PLANE('',#3801);
#3801 = AXIS2_PLACEMENT_3D('',#3802,#3803,#3804);
#3802 = CARTESIAN_POINT('',(-0.738594420493,2.907658556642,-3.));
#3803 = DIRECTION('',(0.769223360949,0.638979984796,-4.996003610814E-16)
  );
#3804 = DIRECTION('',(0.638979984796,-0.769223360949,-1.110223024625E-16
    ));
#3805 = DEFINITIONAL_REPRESENTATION('',(#3806),#3810);
#3806 = LINE('',#3807,#3808);
#3807 = CARTESIAN_POINT('',(1.354292969505,-3.6));
#3808 = VECTOR('',#3809,1.);
#3809 = DIRECTION('',(-1.,7.010223024626E-16));
#3810 = ( GEOMETRIC_REPRESENTATION_CONTEXT(2) 
PARAMETRIC_REPRESENTATION_CONTEXT() REPRESENTATION_CONTEXT('2D SPACE',''
  ) );
#3811 = ORIENTED_EDGE('',*,*,#3812,.F.);
#3812 = EDGE_CURVE('',#3813,#3785,#3815,.T.);
#3813 = VERTEX_POINT('',#3814);
#3814 = CARTESIAN_POINT('',(-0.368003862653,2.977343305209,0.6));
#3815 = SURFACE_CURVE('',#3816,(#3820,#3827),.PCURVE_S1.);
#3816 = LINE('',#3817,#3818);
#3817 = CARTESIAN_POINT('',(-0.895504852221,1.548446252665,0.6));
#3818 = VECTOR('',#3819,1.);
#3819 = DIRECTION('',(-0.34632106177,-0.938116049417,7.300000000003E-16)
  );
#3820 = PCURVE('',#2202,#3821);
#3821 = DEFINITIONAL_REPRESENTATION('',(#3822),#3826);
#3822 = LINE('',#3823,#3824);
#3823 = CARTESIAN_POINT('',(0.895504852221,-1.548446252665));
#3824 = VECTOR('',#3825,1.);
#3825 = DIRECTION('',(0.34632106177,0.938116049417));
#3826 = ( GEOMETRIC_REPRESENTATION_CONTEXT(2) 
PARAMETRIC_REPRESENTATION_CONTEXT() REPRESENTATION_CONTEXT('2D SPACE',''
  ) );
#3827 = PCURVE('',#3828,#3833);
#3828 = PLANE('',#3829);
#3829 = AXIS2_PLACEMENT_3D('',#3830,#3831,#3832);
#3830 = CARTESIAN_POINT('',(-0.499836471175,2.620234542436,-3.));
#3831 = DIRECTION('',(-0.938116049417,0.34632106177,3.330669073876E-16)
  );
#3832 = DIRECTION('',(0.34632106177,0.938116049417,-4.024558464267E-16)
  );
#3833 = DEFINITIONAL_REPRESENTATION('',(#3834),#3838);
#3834 = LINE('',#3835,#3836);
#3835 = CARTESIAN_POINT('',(-1.142490090044,-3.6));
#3836 = VECTOR('',#3837,1.);
#3837 = DIRECTION('',(-1.,-3.275441535735E-16));
#3838 = ( GEOMETRIC_REPRESENTATION_CONTEXT(2) 
PARAMETRIC_REPRESENTATION_CONTEXT() REPRESENTATION_CONTEXT('2D SPACE',''
  ) );
#3839 = ORIENTED_EDGE('',*,*,#3840,.F.);
#3840 = EDGE_CURVE('',#3841,#3813,#3843,.T.);
#3841 = VERTEX_POINT('',#3842);
#3842 = CARTESIAN_POINT('',(7.715159771825E-03,2.999990079369,0.6));
#3843 = SURFACE_CURVE('',#3844,(#3849,#3856),.PCURVE_S1.);
#3844 = CIRCLE('',#3845,3.);
#3845 = AXIS2_PLACEMENT_3D('',#3846,#3847,#3848);
#3846 = CARTESIAN_POINT('',(0.,4.E-16,0.6));
#3847 = DIRECTION('',(0.,6.6E-16,1.));
#3848 = DIRECTION('',(-1.,0.,0.));
#3849 = PCURVE('',#2202,#3850);
#3850 = DEFINITIONAL_REPRESENTATION('',(#3851),#3855);
#3851 = CIRCLE('',#3852,3.);
#3852 = AXIS2_PLACEMENT_2D('',#3853,#3854);
#3853 = CARTESIAN_POINT('',(0.,0.));
#3854 = DIRECTION('',(1.,0.));
#3855 = ( GEOMETRIC_REPRESENTATION_CONTEXT(2) 
PARAMETRIC_REPRESENTATION_CONTEXT() REPRESENTATION_CONTEXT('2D SPACE',''
  ) );
#3856 = PCURVE('',#3857,#3862);
#3857 = CYLINDRICAL_SURFACE('',#3858,3.);
#3858 = AXIS2_PLACEMENT_3D('',#3859,#3860,#3861);
#3859 = CARTESIAN_POINT('',(0.,-2.E-15,-3.));
#3860 = DIRECTION('',(0.,6.6E-16,1.));
#3861 = DIRECTION('',(-1.,0.,0.));
#3862 = DEFINITIONAL_REPRESENTATION('',(#3863),#3867);
#3863 = LINE('',#3864,#3865);
#3864 = CARTESIAN_POINT('',(0.,3.6));
#3865 = VECTOR('',#3866,1.);
#3866 = DIRECTION('',(1.,0.));
#3867 = ( GEOMETRIC_REPRESENTATION_CONTEXT(2) 
PARAMETRIC_REPRESENTATION_CONTEXT() REPRESENTATION_CONTEXT('2D SPACE',''
  ) );
#3868 = ORIENTED_EDGE('',*,*,#3869,.F.);
#3869 = EDGE_CURVE('',#3870,#3841,#3872,.T.);
#3870 = VERTEX_POINT('',#3871);
#3871 = CARTESIAN_POINT('',(0.167492643406,2.662219331628,0.6));
#3872 = SURFACE_CURVE('',#3873,(#3877,#3884),.PCURVE_S1.);
#3873 = LINE('',#3874,#3875);
#3874 = CARTESIAN_POINT('',(0.586820561057,1.775757102581,0.6));
#3875 = VECTOR('',#3876,1.);
#3876 = DIRECTION('',(-0.427607182733,0.903964654882,-6.999999999997E-16
    ));
#3877 = PCURVE('',#2202,#3878);
#3878 = DEFINITIONAL_REPRESENTATION('',(#3879),#3883);
#3879 = LINE('',#3880,#3881);
#3880 = CARTESIAN_POINT('',(-0.586820561057,-1.775757102581));
#3881 = VECTOR('',#3882,1.);
#3882 = DIRECTION('',(0.427607182733,-0.903964654882));
#3883 = ( GEOMETRIC_REPRESENTATION_CONTEXT(2) 
PARAMETRIC_REPRESENTATION_CONTEXT() REPRESENTATION_CONTEXT('2D SPACE',''
  ) );
#3884 = PCURVE('',#3885,#3890);
#3885 = PLANE('',#3886);
#3886 = AXIS2_PLACEMENT_3D('',#3887,#3888,#3889);
#3887 = CARTESIAN_POINT('',(7.715159771787E-03,2.999990079369,-3.));
#3888 = DIRECTION('',(0.903964654882,0.427607182733,-6.175615574475E-16)
  );
#3889 = DIRECTION('',(0.427607182733,-0.903964654882,-5.204170427928E-17
    ));
#3890 = DEFINITIONAL_REPRESENTATION('',(#3891),#3895);
#3891 = LINE('',#3892,#3893);
#3892 = CARTESIAN_POINT('',(1.354292969506,-3.6));
#3893 = VECTOR('',#3894,1.);
#3894 = DIRECTION('',(-1.,7.52041704279E-16));
#3895 = ( GEOMETRIC_REPRESENTATION_CONTEXT(2) 
PARAMETRIC_REPRESENTATION_CONTEXT() REPRESENTATION_CONTEXT('2D SPACE',''
  ) );
#3896 = ORIENTED_EDGE('',*,*,#3897,.F.);
#3897 = EDGE_CURVE('',#3898,#3870,#3900,.T.);
#3898 = VERTEX_POINT('',#3899);
#3899 = CARTESIAN_POINT('',(0.383992826027,2.975323429404,0.6));
#3900 = SURFACE_CURVE('',#3901,(#3905,#3912),.PCURVE_S1.);
#3901 = LINE('',#3902,#3903);
#3902 = CARTESIAN_POINT('',(-0.482287996714,1.722501966898,0.6));
#3903 = VECTOR('',#3904,1.);
#3904 = DIRECTION('',(-0.568740723252,-0.822516862876,6.399999999998E-16
    ));
#3905 = PCURVE('',#2202,#3906);
#3906 = DEFINITIONAL_REPRESENTATION('',(#3907),#3911);
#3907 = LINE('',#3908,#3909);
#3908 = CARTESIAN_POINT('',(0.482287996714,-1.722501966898));
#3909 = VECTOR('',#3910,1.);
#3910 = DIRECTION('',(0.568740723252,0.822516862876));
#3911 = ( GEOMETRIC_REPRESENTATION_CONTEXT(2) 
PARAMETRIC_REPRESENTATION_CONTEXT() REPRESENTATION_CONTEXT('2D SPACE',''
  ) );
#3912 = PCURVE('',#3913,#3918);
#3913 = PLANE('',#3914);
#3914 = AXIS2_PLACEMENT_3D('',#3915,#3916,#3917);
#3915 = CARTESIAN_POINT('',(0.167492643406,2.662219331628,-3.));
#3916 = DIRECTION('',(-0.822516862876,0.568740723252,3.608224830031E-16)
  );
#3917 = DIRECTION('',(0.568740723252,0.822516862876,-5.134781488889E-16)
  );
#3918 = DEFINITIONAL_REPRESENTATION('',(#3919),#3923);
#3919 = LINE('',#3920,#3921);
#3920 = CARTESIAN_POINT('',(-1.142490090044,-3.6));
#3921 = VECTOR('',#3922,1.);
#3922 = DIRECTION('',(-1.,-1.265218511109E-16));
#3923 = ( GEOMETRIC_REPRESENTATION_CONTEXT(2) 
PARAMETRIC_REPRESENTATION_CONTEXT() REPRESENTATION_CONTEXT('2D SPACE',''
  ) );
#3924 = ORIENTED_EDGE('',*,*,#3925,.F.);
#3925 = EDGE_CURVE('',#3926,#3898,#3928,.T.);
#3926 = VERTEX_POINT('',#3927);
#3927 = CARTESIAN_POINT('',(0.753539968174,2.903821192216,0.6));
#3928 = SURFACE_CURVE('',#3929,(#3934,#3941),.PCURVE_S1.);
#3929 = CIRCLE('',#3930,3.);
#3930 = AXIS2_PLACEMENT_3D('',#3931,#3932,#3933);
#3931 = CARTESIAN_POINT('',(0.,4.E-16,0.6));
#3932 = DIRECTION('',(0.,6.6E-16,1.));
#3933 = DIRECTION('',(-1.,0.,0.));
#3934 = PCURVE('',#2202,#3935);
#3935 = DEFINITIONAL_REPRESENTATION('',(#3936),#3940);
#3936 = CIRCLE('',#3937,3.);
#3937 = AXIS2_PLACEMENT_2D('',#3938,#3939);
#3938 = CARTESIAN_POINT('',(0.,0.));
#3939 = DIRECTION('',(1.,0.));
#3940 = ( GEOMETRIC_REPRESENTATION_CONTEXT(2) 
PARAMETRIC_REPRESENTATION_CONTEXT() REPRESENTATION_CONTEXT('2D SPACE',''
  ) );
#3941 = PCURVE('',#3942,#3947);
#3942 = CYLINDRICAL_SURFACE('',#3943,3.);
#3943 = AXIS2_PLACEMENT_3D('',#3944,#3945,#3946);
#3944 = CARTESIAN_POINT('',(0.,-2.E-15,-3.));
#3945 = DIRECTION('',(0.,6.6E-16,1.));
#3946 = DIRECTION('',(-1.,0.,0.));
#3947 = DEFINITIONAL_REPRESENTATION('',(#3948),#3952);
#3948 = LINE('',#3949,#3950);
#3949 = CARTESIAN_POINT('',(0.,3.6));
#3950 = VECTOR('',#3951,1.);
#3951 = DIRECTION('',(1.,0.));
#3952 = ( GEOMETRIC_REPRESENTATION_CONTEXT(2) 
PARAMETRIC_REPRESENTATION_CONTEXT() REPRESENTATION_CONTEXT('2D SPACE',''
  ) );
#3953 = ORIENTED_EDGE('',*,*,#3954,.F.);
#3954 = EDGE_CURVE('',#3955,#3926,#3957,.T.);
#3955 = VERTEX_POINT('',#3956);
#3956 = CARTESIAN_POINT('',(0.824297579206,2.536927089257,0.6));
#3957 = SURFACE_CURVE('',#3958,(#3962,#3969),.PCURVE_S1.);
#3958 = LINE('',#3959,#3960);
#3959 = CARTESIAN_POINT('',(1.009997347517,1.574032088699,0.6));
#3960 = VECTOR('',#3961,1.);
#3961 = DIRECTION('',(-0.189366248749,0.981906524999,-7.599999999997E-16
    ));
#3962 = PCURVE('',#2202,#3963);
#3963 = DEFINITIONAL_REPRESENTATION('',(#3964),#3968);
#3964 = LINE('',#3965,#3966);
#3965 = CARTESIAN_POINT('',(-1.009997347517,-1.574032088699));
#3966 = VECTOR('',#3967,1.);
#3967 = DIRECTION('',(0.189366248749,-0.981906524999));
#3968 = ( GEOMETRIC_REPRESENTATION_CONTEXT(2) 
PARAMETRIC_REPRESENTATION_CONTEXT() REPRESENTATION_CONTEXT('2D SPACE',''
  ) );
#3969 = PCURVE('',#3970,#3975);
#3970 = PLANE('',#3971);
#3971 = AXIS2_PLACEMENT_3D('',#3972,#3973,#3974);
#3972 = CARTESIAN_POINT('',(0.753539968174,2.903821192216,-3.));
#3973 = DIRECTION('',(0.981906524999,0.189366248749,-7.771561172373E-16)
  );
#3974 = DIRECTION('',(0.189366248749,-0.981906524999,3.469446951952E-17)
  );
#3975 = DEFINITIONAL_REPRESENTATION('',(#3976),#3980);
#3976 = LINE('',#3977,#3978);
#3977 = CARTESIAN_POINT('',(1.354292969506,-3.6));
#3978 = VECTOR('',#3979,1.);
#3979 = DIRECTION('',(-1.,7.253055304801E-16));
#3980 = ( GEOMETRIC_REPRESENTATION_CONTEXT(2) 
PARAMETRIC_REPRESENTATION_CONTEXT() REPRESENTATION_CONTEXT('2D SPACE',''
  ) );
#3981 = ORIENTED_EDGE('',*,*,#3982,.F.);
#3982 = EDGE_CURVE('',#3983,#3955,#3985,.T.);
#3983 = VERTEX_POINT('',#3984);
#3984 = CARTESIAN_POINT('',(1.111861833222,2.786353040055,0.6));
#3985 = SURFACE_CURVE('',#3986,(#3990,#3997),.PCURVE_S1.);
#3986 = LINE('',#3987,#3988);
#3987 = CARTESIAN_POINT('',(-3.876721264237E-02,1.788326547632,0.6));
#3988 = VECTOR('',#3989,1.);
#3989 = DIRECTION('',(-0.755424313409,-0.655235916834,5.100000000003E-16
    ));
#3990 = PCURVE('',#2202,#3991);
#3991 = DEFINITIONAL_REPRESENTATION('',(#3992),#3996);
#3992 = LINE('',#3993,#3994);
#3993 = CARTESIAN_POINT('',(3.876721264237E-02,-1.788326547632));
#3994 = VECTOR('',#3995,1.);
#3995 = DIRECTION('',(0.755424313409,0.655235916834));
#3996 = ( GEOMETRIC_REPRESENTATION_CONTEXT(2) 
PARAMETRIC_REPRESENTATION_CONTEXT() REPRESENTATION_CONTEXT('2D SPACE',''
  ) );
#3997 = PCURVE('',#3998,#4003);
#3998 = PLANE('',#3999);
#3999 = AXIS2_PLACEMENT_3D('',#4000,#4001,#4002);
#4000 = CARTESIAN_POINT('',(0.824297579206,2.536927089257,-3.));
#4001 = DIRECTION('',(-0.655235916834,0.755424313409,3.608224830034E-16)
  );
#4002 = DIRECTION('',(0.755424313409,0.655235916834,-6.383782391599E-16)
  );
#4003 = DEFINITIONAL_REPRESENTATION('',(#4004),#4008);
#4004 = LINE('',#4005,#4006);
#4005 = CARTESIAN_POINT('',(-1.142490090044,-3.6));
#4006 = VECTOR('',#4007,1.);
#4007 = DIRECTION('',(-1.,1.283782391596E-16));
#4008 = ( GEOMETRIC_REPRESENTATION_CONTEXT(2) 
PARAMETRIC_REPRESENTATION_CONTEXT() REPRESENTATION_CONTEXT('2D SPACE',''
  ) );
#4009 = ORIENTED_EDGE('',*,*,#4010,.F.);
#4010 = EDGE_CURVE('',#4011,#3983,#4013,.T.);
#4011 = VERTEX_POINT('',#4012);
#4012 = CARTESIAN_POINT('',(1.45201708905,2.62519454005,0.6));
#4013 = SURFACE_CURVE('',#4014,(#4019,#4026),.PCURVE_S1.);
#4014 = CIRCLE('',#4015,3.);
#4015 = AXIS2_PLACEMENT_3D('',#4016,#4017,#4018);
#4016 = CARTESIAN_POINT('',(0.,4.E-16,0.6));
#4017 = DIRECTION('',(0.,6.6E-16,1.));
#4018 = DIRECTION('',(-1.,0.,0.));
#4019 = PCURVE('',#2202,#4020);
#4020 = DEFINITIONAL_REPRESENTATION('',(#4021),#4025);
#4021 = CIRCLE('',#4022,3.);
#4022 = AXIS2_PLACEMENT_2D('',#4023,#4024);
#4023 = CARTESIAN_POINT('',(0.,0.));
#4024 = DIRECTION('',(1.,0.));
#4025 = ( GEOMETRIC_REPRESENTATION_CONTEXT(2) 
PARAMETRIC_REPRESENTATION_CONTEXT() REPRESENTATION_CONTEXT('2D SPACE',''
  ) );
#4026 = PCURVE('',#4027,#4032);
#4027 = CYLINDRICAL_SURFACE('',#4028,3.);
#4028 = AXIS2_PLACEMENT_3D('',#4029,#4030,#4031);
#4029 = CARTESIAN_POINT('',(0.,-2.E-15,-3.));
#4030 = DIRECTION('',(0.,6.6E-16,1.));
#4031 = DIRECTION('',(-1.,0.,0.));
#4032 = DEFINITIONAL_REPRESENTATION('',(#4033),#4037);
#4033 = LINE('',#4034,#4035);
#4034 = CARTESIAN_POINT('',(-8.881784197001E-16,3.6));
#4035 = VECTOR('',#4036,1.);
#4036 = DIRECTION('',(1.,0.));
#4037 = ( GEOMETRIC_REPRESENTATION_CONTEXT(2) 
PARAMETRIC_REPRESENTATION_CONTEXT() REPRESENTATION_CONTEXT('2D SPACE',''
  ) );
#4038 = ORIENTED_EDGE('',*,*,#4039,.F.);
#4039 = EDGE_CURVE('',#4040,#4011,#4042,.T.);
#4040 = VERTEX_POINT('',#4041);
#4041 = CARTESIAN_POINT('',(1.429308866551,2.252230387702,0.6));
#4042 = SURFACE_CURVE('',#4043,(#4047,#4054),.PCURVE_S1.);
#4043 = LINE('',#4044,#4045);
#4044 = CARTESIAN_POINT('',(1.369712286122,1.2734048498,0.6));
#4045 = VECTOR('',#4046,1.);
#4046 = DIRECTION('',(6.077326308376E-02,0.99815159695,
    -7.700000000001E-16));
#4047 = PCURVE('',#2202,#4048);
#4048 = DEFINITIONAL_REPRESENTATION('',(#4049),#4053);
#4049 = LINE('',#4050,#4051);
#4050 = CARTESIAN_POINT('',(-1.369712286122,-1.2734048498));
#4051 = VECTOR('',#4052,1.);
#4052 = DIRECTION('',(-6.077326308376E-02,-0.99815159695));
#4053 = ( GEOMETRIC_REPRESENTATION_CONTEXT(2) 
PARAMETRIC_REPRESENTATION_CONTEXT() REPRESENTATION_CONTEXT('2D SPACE',''
  ) );
#4054 = PCURVE('',#4055,#4060);
#4055 = PLANE('',#4056);
#4056 = AXIS2_PLACEMENT_3D('',#4057,#4058,#4059);
#4057 = CARTESIAN_POINT('',(1.45201708905,2.62519454005,-3.));
#4058 = DIRECTION('',(0.99815159695,-6.077326308376E-02,
    3.330669073876E-16));
#4059 = DIRECTION('',(-6.077326308376E-02,-0.99815159695,
    1.422473250301E-16));
#4060 = DEFINITIONAL_REPRESENTATION('',(#4061),#4065);
#4061 = LINE('',#4062,#4063);
#4062 = CARTESIAN_POINT('',(1.354292969505,-3.6));
#4063 = VECTOR('',#4064,1.);
#4064 = DIRECTION('',(-1.,6.2775267497E-16));
#4065 = ( GEOMETRIC_REPRESENTATION_CONTEXT(2) 
PARAMETRIC_REPRESENTATION_CONTEXT() REPRESENTATION_CONTEXT('2D SPACE',''
  ) );
#4066 = ORIENTED_EDGE('',*,*,#4067,.F.);
#4067 = EDGE_CURVE('',#4068,#4040,#4070,.T.);
#4068 = VERTEX_POINT('',#4069);
#4069 = CARTESIAN_POINT('',(1.769868472293,2.42230584171,0.6));
#4070 = SURFACE_CURVE('',#4071,(#4075,#4082),.PCURVE_S1.);
#4071 = LINE('',#4072,#4073);
#4072 = CARTESIAN_POINT('',(0.407189457975,1.741783994374,0.6));
#4073 = VECTOR('',#4074,1.);
#4074 = DIRECTION('',(-0.894641815699,-0.446784088349,3.500000000002E-16
    ));
#4075 = PCURVE('',#2202,#4076);
#4076 = DEFINITIONAL_REPRESENTATION('',(#4077),#4081);
#4077 = LINE('',#4078,#4079);
#4078 = CARTESIAN_POINT('',(-0.407189457975,-1.741783994374));
#4079 = VECTOR('',#4080,1.);
#4080 = DIRECTION('',(0.894641815699,0.446784088349));
#4081 = ( GEOMETRIC_REPRESENTATION_CONTEXT(2) 
PARAMETRIC_REPRESENTATION_CONTEXT() REPRESENTATION_CONTEXT('2D SPACE',''
  ) );
#4082 = PCURVE('',#4083,#4088);
#4083 = PLANE('',#4084);
#4084 = AXIS2_PLACEMENT_3D('',#4085,#4086,#4087);
#4085 = CARTESIAN_POINT('',(1.429308866551,2.252230387702,-3.));
#4086 = DIRECTION('',(-0.446784088349,0.894641815699,-2.775557561564E-16
    ));
#4087 = DIRECTION('',(0.894641815699,0.446784088349,1.665334536939E-16)
  );
#4088 = DEFINITIONAL_REPRESENTATION('',(#4089),#4093);
#4089 = LINE('',#4090,#4091);
#4090 = CARTESIAN_POINT('',(-1.142490090044,-3.6));
#4091 = VECTOR('',#4092,1.);
#4092 = DIRECTION('',(-1.,-5.16533453694E-16));
#4093 = ( GEOMETRIC_REPRESENTATION_CONTEXT(2) 
PARAMETRIC_REPRESENTATION_CONTEXT() REPRESENTATION_CONTEXT('2D SPACE',''
  ) );
#4094 = ORIENTED_EDGE('',*,*,#4095,.F.);
#4095 = EDGE_CURVE('',#4096,#4068,#4098,.T.);
#4096 = VERTEX_POINT('',#4097);
#4097 = CARTESIAN_POINT('',(2.059258636076,2.181617260142,0.6));
#4098 = SURFACE_CURVE('',#4099,(#4104,#4111),.PCURVE_S1.);
#4099 = CIRCLE('',#4100,3.);
#4100 = AXIS2_PLACEMENT_3D('',#4101,#4102,#4103);
#4101 = CARTESIAN_POINT('',(0.,4.E-16,0.6));
#4102 = DIRECTION('',(0.,6.6E-16,1.));
#4103 = DIRECTION('',(-1.,0.,0.));
#4104 = PCURVE('',#2202,#4105);
#4105 = DEFINITIONAL_REPRESENTATION('',(#4106),#4110);
#4106 = CIRCLE('',#4107,3.);
#4107 = AXIS2_PLACEMENT_2D('',#4108,#4109);
#4108 = CARTESIAN_POINT('',(0.,0.));
#4109 = DIRECTION('',(1.,0.));
#4110 = ( GEOMETRIC_REPRESENTATION_CONTEXT(2) 
PARAMETRIC_REPRESENTATION_CONTEXT() REPRESENTATION_CONTEXT('2D SPACE',''
  ) );
#4111 = PCURVE('',#4112,#4117);
#4112 = CYLINDRICAL_SURFACE('',#4113,3.);
#4113 = AXIS2_PLACEMENT_3D('',#4114,#4115,#4116);
#4114 = CARTESIAN_POINT('',(0.,-2.E-15,-3.));
#4115 = DIRECTION('',(0.,6.6E-16,1.));
#4116 = DIRECTION('',(-1.,0.,0.));
#4117 = DEFINITIONAL_REPRESENTATION('',(#4118),#4122);
#4118 = LINE('',#4119,#4120);
#4119 = CARTESIAN_POINT('',(0.,3.6));
#4120 = VECTOR('',#4121,1.);
#4121 = DIRECTION('',(1.,0.));
#4122 = ( GEOMETRIC_REPRESENTATION_CONTEXT(2) 
PARAMETRIC_REPRESENTATION_CONTEXT() REPRESENTATION_CONTEXT('2D SPACE',''
  ) );
#4123 = ORIENTED_EDGE('',*,*,#4124,.F.);
#4124 = EDGE_CURVE('',#4125,#4096,#4127,.T.);
#4125 = VERTEX_POINT('',#4126);
#4126 = CARTESIAN_POINT('',(1.94451142118,1.826017767764,0.6));
#4127 = SURFACE_CURVE('',#4128,(#4132,#4139),.PCURVE_S1.);
#4128 = LINE('',#4129,#4130);
#4129 = CARTESIAN_POINT('',(1.643363164341,0.892764900932,0.6));
#4130 = VECTOR('',#4131,1.);
#4131 = DIRECTION('',(0.307094167289,0.951679133121,-7.399999999997E-16)
  );
#4132 = PCURVE('',#2202,#4133);
#4133 = DEFINITIONAL_REPRESENTATION('',(#4134),#4138);
#4134 = LINE('',#4135,#4136);
#4135 = CARTESIAN_POINT('',(-1.643363164341,-0.892764900932));
#4136 = VECTOR('',#4137,1.);
#4137 = DIRECTION('',(-0.307094167289,-0.951679133121));
#4138 = ( GEOMETRIC_REPRESENTATION_CONTEXT(2) 
PARAMETRIC_REPRESENTATION_CONTEXT() REPRESENTATION_CONTEXT('2D SPACE',''
  ) );
#4139 = PCURVE('',#4140,#4145);
#4140 = PLANE('',#4141);
#4141 = AXIS2_PLACEMENT_3D('',#4142,#4143,#4144);
#4142 = CARTESIAN_POINT('',(2.059258636076,2.181617260142,-3.));
#4143 = DIRECTION('',(0.951679133121,-0.307094167289,0.));
#4144 = DIRECTION('',(-0.307094167289,-0.951679133121,1.38777878078E-16)
  );
#4145 = DEFINITIONAL_REPRESENTATION('',(#4146),#4150);
#4146 = LINE('',#4147,#4148);
#4147 = CARTESIAN_POINT('',(1.354292969505,-3.6));
#4148 = VECTOR('',#4149,1.);
#4149 = DIRECTION('',(-1.,6.012221219216E-16));
#4150 = ( GEOMETRIC_REPRESENTATION_CONTEXT(2) 
PARAMETRIC_REPRESENTATION_CONTEXT() REPRESENTATION_CONTEXT('2D SPACE',''
  ) );
#4151 = ORIENTED_EDGE('',*,*,#4152,.F.);
#4152 = EDGE_CURVE('',#4153,#4125,#4155,.T.);
#4153 = VERTEX_POINT('',#4154);
#4154 = CARTESIAN_POINT('',(2.316667766129,1.906056258713,0.6));
#4155 = SURFACE_CURVE('',#4156,(#4160,#4167),.PCURVE_S1.);
#4156 = LINE('',#4157,#4158);
#4157 = CARTESIAN_POINT('',(0.82756091741,1.585798746915,0.6));
#4158 = VECTOR('',#4159,1.);
#4159 = DIRECTION('',(-0.977645682447,-0.210259172436,1.599999999999E-16
    ));
#4160 = PCURVE('',#2202,#4161);
#4161 = DEFINITIONAL_REPRESENTATION('',(#4162),#4166);
#4162 = LINE('',#4163,#4164);
#4163 = CARTESIAN_POINT('',(-0.82756091741,-1.585798746915));
#4164 = VECTOR('',#4165,1.);
#4165 = DIRECTION('',(0.977645682447,0.210259172436));
#4166 = ( GEOMETRIC_REPRESENTATION_CONTEXT(2) 
PARAMETRIC_REPRESENTATION_CONTEXT() REPRESENTATION_CONTEXT('2D SPACE',''
  ) );
#4167 = PCURVE('',#4168,#4173);
#4168 = PLANE('',#4169);
#4169 = AXIS2_PLACEMENT_3D('',#4170,#4171,#4172);
#4170 = CARTESIAN_POINT('',(1.94451142118,1.826017767764,-3.));
#4171 = DIRECTION('',(-0.210259172436,0.977645682447,-1.665334536937E-16
    ));
#4172 = DIRECTION('',(0.977645682447,0.210259172436,-1.110223024625E-16)
  );
#4173 = DEFINITIONAL_REPRESENTATION('',(#4174),#4178);
#4174 = LINE('',#4175,#4176);
#4175 = CARTESIAN_POINT('',(-1.142490090044,-3.6));
#4176 = VECTOR('',#4177,1.);
#4177 = DIRECTION('',(-1.,-4.897769753748E-17));
#4178 = ( GEOMETRIC_REPRESENTATION_CONTEXT(2) 
PARAMETRIC_REPRESENTATION_CONTEXT() REPRESENTATION_CONTEXT('2D SPACE',''
  ) );
#4179 = ORIENTED_EDGE('',*,*,#4180,.F.);
#4180 = EDGE_CURVE('',#4181,#4153,#4183,.T.);
#4181 = VERTEX_POINT('',#4182);
#4182 = CARTESIAN_POINT('',(2.537109389573,1.600960944352,0.6));
#4183 = SURFACE_CURVE('',#4184,(#4189,#4196),.PCURVE_S1.);
#4184 = CIRCLE('',#4185,3.);
#4185 = AXIS2_PLACEMENT_3D('',#4186,#4187,#4188);
#4186 = CARTESIAN_POINT('',(0.,4.E-16,0.6));
#4187 = DIRECTION('',(0.,6.6E-16,1.));
#4188 = DIRECTION('',(-1.,0.,0.));
#4189 = PCURVE('',#2202,#4190);
#4190 = DEFINITIONAL_REPRESENTATION('',(#4191),#4195);
#4191 = CIRCLE('',#4192,3.);
#4192 = AXIS2_PLACEMENT_2D('',#4193,#4194);
#4193 = CARTESIAN_POINT('',(0.,0.));
#4194 = DIRECTION('',(1.,0.));
#4195 = ( GEOMETRIC_REPRESENTATION_CONTEXT(2) 
PARAMETRIC_REPRESENTATION_CONTEXT() REPRESENTATION_CONTEXT('2D SPACE',''
  ) );
#4196 = PCURVE('',#4197,#4202);
#4197 = CYLINDRICAL_SURFACE('',#4198,3.);
#4198 = AXIS2_PLACEMENT_3D('',#4199,#4200,#4201);
#4199 = CARTESIAN_POINT('',(0.,-2.E-15,-3.));
#4200 = DIRECTION('',(0.,6.6E-16,1.));
#4201 = DIRECTION('',(-1.,0.,0.));
#4202 = DEFINITIONAL_REPRESENTATION('',(#4203),#4207);
#4203 = LINE('',#4204,#4205);
#4204 = CARTESIAN_POINT('',(-4.440892098501E-16,3.6));
#4205 = VECTOR('',#4206,1.);
#4206 = DIRECTION('',(1.,0.));
#4207 = ( GEOMETRIC_REPRESENTATION_CONTEXT(2) 
PARAMETRIC_REPRESENTATION_CONTEXT() REPRESENTATION_CONTEXT('2D SPACE',''
  ) );
#4208 = ORIENTED_EDGE('',*,*,#4209,.F.);
#4209 = EDGE_CURVE('',#4210,#4181,#4212,.T.);
#4210 = VERTEX_POINT('',#4211);
#4211 = CARTESIAN_POINT('',(2.337533171803,1.285069735854,0.6));
#4212 = SURFACE_CURVE('',#4213,(#4217,#4224),.PCURVE_S1.);
#4213 = LINE('',#4214,#4215);
#4214 = CARTESIAN_POINT('',(1.813755491077,0.456029249978,0.6));
#4215 = VECTOR('',#4216,1.);
#4216 = DIRECTION('',(0.53411921555,0.845409169326,-6.499999999999E-16)
  );
#4217 = PCURVE('',#2202,#4218);
#4218 = DEFINITIONAL_REPRESENTATION('',(#4219),#4223);
#4219 = LINE('',#4220,#4221);
#4220 = CARTESIAN_POINT('',(-1.813755491077,-0.456029249978));
#4221 = VECTOR('',#4222,1.);
#4222 = DIRECTION('',(-0.53411921555,-0.845409169326));
#4223 = ( GEOMETRIC_REPRESENTATION_CONTEXT(2) 
PARAMETRIC_REPRESENTATION_CONTEXT() REPRESENTATION_CONTEXT('2D SPACE',''
  ) );
#4224 = PCURVE('',#4225,#4230);
#4225 = PLANE('',#4226);
#4226 = AXIS2_PLACEMENT_3D('',#4227,#4228,#4229);
#4227 = CARTESIAN_POINT('',(2.537109389573,1.600960944352,-3.));
#4228 = DIRECTION('',(0.845409169326,-0.53411921555,3.330669073875E-16)
  );
#4229 = DIRECTION('',(-0.53411921555,-0.845409169326,-1.387778780781E-16
    ));
#4230 = DEFINITIONAL_REPRESENTATION('',(#4231),#4235);
#4231 = LINE('',#4232,#4233);
#4232 = CARTESIAN_POINT('',(1.354292969505,-3.6));
#4233 = VECTOR('',#4234,1.);
#4234 = DIRECTION('',(-1.,7.88777878078E-16));
#4235 = ( GEOMETRIC_REPRESENTATION_CONTEXT(2) 
PARAMETRIC_REPRESENTATION_CONTEXT() REPRESENTATION_CONTEXT('2D SPACE',''
  ) );
#4236 = ORIENTED_EDGE('',*,*,#4237,.F.);
#4237 = EDGE_CURVE('',#4238,#4210,#4240,.T.);
#4238 = VERTEX_POINT('',#4239);
#4239 = CARTESIAN_POINT('',(2.717902304111,1.270042150996,0.6));
#4240 = SURFACE_CURVE('',#4241,(#4245,#4252),.PCURVE_S1.);
#4241 = LINE('',#4242,#4243);
#4242 = CARTESIAN_POINT('',(1.195933680848,1.330171932028,0.6));
#4243 = VECTOR('',#4244,1.);
#4244 = DIRECTION('',(-0.999220475436,3.947710056066E-02,
    -3.000000000001E-17));
#4245 = PCURVE('',#2202,#4246);
#4246 = DEFINITIONAL_REPRESENTATION('',(#4247),#4251);
#4247 = LINE('',#4248,#4249);
#4248 = CARTESIAN_POINT('',(-1.195933680848,-1.330171932028));
#4249 = VECTOR('',#4250,1.);
#4250 = DIRECTION('',(0.999220475436,-3.947710056066E-02));
#4251 = ( GEOMETRIC_REPRESENTATION_CONTEXT(2) 
PARAMETRIC_REPRESENTATION_CONTEXT() REPRESENTATION_CONTEXT('2D SPACE',''
  ) );
#4252 = PCURVE('',#4253,#4258);
#4253 = PLANE('',#4254);
#4254 = AXIS2_PLACEMENT_3D('',#4255,#4256,#4257);
#4255 = CARTESIAN_POINT('',(2.337533171803,1.285069735854,-3.));
#4256 = DIRECTION('',(3.947710056066E-02,0.999220475436,
    -7.285838599106E-17));
#4257 = DIRECTION('',(0.999220475436,-3.947710056066E-02,
    3.330669073876E-16));
#4258 = DEFINITIONAL_REPRESENTATION('',(#4259),#4263);
#4259 = LINE('',#4260,#4261);
#4260 = CARTESIAN_POINT('',(-1.142490090044,-3.6));
#4261 = VECTOR('',#4262,1.);
#4262 = DIRECTION('',(-1.,-3.030669073876E-16));
#4263 = ( GEOMETRIC_REPRESENTATION_CONTEXT(2) 
PARAMETRIC_REPRESENTATION_CONTEXT() REPRESENTATION_CONTEXT('2D SPACE',''
  ) );
#4264 = ORIENTED_EDGE('',*,*,#4265,.F.);
#4265 = EDGE_CURVE('',#4266,#4238,#4268,.T.);
#4266 = VERTEX_POINT('',#4267);
#4267 = CARTESIAN_POINT('',(2.855544229288,0.919710364506,0.6));
#4268 = SURFACE_CURVE('',#4269,(#4274,#4281),.PCURVE_S1.);
#4269 = CIRCLE('',#4270,3.);
#4270 = AXIS2_PLACEMENT_3D('',#4271,#4272,#4273);
#4271 = CARTESIAN_POINT('',(0.,4.E-16,0.6));
#4272 = DIRECTION('',(0.,6.6E-16,1.));
#4273 = DIRECTION('',(-1.,0.,0.));
#4274 = PCURVE('',#2202,#4275);
#4275 = DEFINITIONAL_REPRESENTATION('',(#4276),#4280);
#4276 = CIRCLE('',#4277,3.);
#4277 = AXIS2_PLACEMENT_2D('',#4278,#4279);
#4278 = CARTESIAN_POINT('',(0.,0.));
#4279 = DIRECTION('',(1.,0.));
#4280 = ( GEOMETRIC_REPRESENTATION_CONTEXT(2) 
PARAMETRIC_REPRESENTATION_CONTEXT() REPRESENTATION_CONTEXT('2D SPACE',''
  ) );
#4281 = PCURVE('',#4282,#4287);
#4282 = CYLINDRICAL_SURFACE('',#4283,3.);
#4283 = AXIS2_PLACEMENT_3D('',#4284,#4285,#4286);
#4284 = CARTESIAN_POINT('',(0.,-2.E-15,-3.));
#4285 = DIRECTION('',(0.,6.6E-16,1.));
#4286 = DIRECTION('',(-1.,0.,0.));
#4287 = DEFINITIONAL_REPRESENTATION('',(#4288),#4292);
#4288 = LINE('',#4289,#4290);
#4289 = CARTESIAN_POINT('',(0.,3.6));
#4290 = VECTOR('',#4291,1.);
#4291 = DIRECTION('',(1.,0.));
#4292 = ( GEOMETRIC_REPRESENTATION_CONTEXT(2) 
PARAMETRIC_REPRESENTATION_CONTEXT() REPRESENTATION_CONTEXT('2D SPACE',''
  ) );
#4293 = ORIENTED_EDGE('',*,*,#4294,.F.);
#4294 = EDGE_CURVE('',#4295,#4266,#4297,.T.);
#4295 = VERTEX_POINT('',#4296);
#4296 = CARTESIAN_POINT('',(2.583679116397,0.663376046284,0.6));
#4297 = SURFACE_CURVE('',#4298,(#4302,#4309),.PCURVE_S1.);
#4298 = LINE('',#4299,#4300);
#4299 = CARTESIAN_POINT('',(1.870182889782,-9.360395909477E-03,0.6));
#4300 = VECTOR('',#4301,1.);
#4301 = DIRECTION('',(0.727583589144,0.686019038225,-5.300000000003E-16)
  );
#4302 = PCURVE('',#2202,#4303);
#4303 = DEFINITIONAL_REPRESENTATION('',(#4304),#4308);
#4304 = LINE('',#4305,#4306);
#4305 = CARTESIAN_POINT('',(-1.870182889782,9.360395909477E-03));
#4306 = VECTOR('',#4307,1.);
#4307 = DIRECTION('',(-0.727583589144,-0.686019038225));
#4308 = ( GEOMETRIC_REPRESENTATION_CONTEXT(2) 
PARAMETRIC_REPRESENTATION_CONTEXT() REPRESENTATION_CONTEXT('2D SPACE',''
  ) );
#4309 = PCURVE('',#4310,#4315);
#4310 = PLANE('',#4311);
#4311 = AXIS2_PLACEMENT_3D('',#4312,#4313,#4314);
#4312 = CARTESIAN_POINT('',(2.855544229288,0.919710364506,-3.));
#4313 = DIRECTION('',(0.686019038225,-0.727583589144,-1.110223024626E-16
    ));
#4314 = DIRECTION('',(-0.727583589144,-0.686019038225,3.053113317721E-16
    ));
#4315 = DEFINITIONAL_REPRESENTATION('',(#4316),#4320);
#4316 = LINE('',#4317,#4318);
#4317 = CARTESIAN_POINT('',(1.354292969506,-3.6));
#4318 = VECTOR('',#4319,1.);
#4319 = DIRECTION('',(-1.,2.246886682282E-16));
#4320 = ( GEOMETRIC_REPRESENTATION_CONTEXT(2) 
PARAMETRIC_REPRESENTATION_CONTEXT() REPRESENTATION_CONTEXT('2D SPACE',''
  ) );
#4321 = ORIENTED_EDGE('',*,*,#4322,.F.);
#4322 = EDGE_CURVE('',#4323,#4295,#4325,.T.);
#4323 = VERTEX_POINT('',#4324);
#4324 = CARTESIAN_POINT('',(2.948361044581,0.554226624044,0.6));
#4325 = SURFACE_CURVE('',#4326,(#4330,#4337),.PCURVE_S1.);
#4326 = LINE('',#4327,#4328);
#4327 = CARTESIAN_POINT('',(1.489161532782,0.990965522622,0.6));
#4328 = VECTOR('',#4329,1.);
#4329 = DIRECTION('',(-0.958010571079,0.286732882142,-2.199999999999E-16
    ));
#4330 = PCURVE('',#2202,#4331);
#4331 = DEFINITIONAL_REPRESENTATION('',(#4332),#4336);
#4332 = LINE('',#4333,#4334);
#4333 = CARTESIAN_POINT('',(-1.489161532782,-0.990965522622));
#4334 = VECTOR('',#4335,1.);
#4335 = DIRECTION('',(0.958010571079,-0.286732882142));
#4336 = ( GEOMETRIC_REPRESENTATION_CONTEXT(2) 
PARAMETRIC_REPRESENTATION_CONTEXT() REPRESENTATION_CONTEXT('2D SPACE',''
  ) );
#4337 = PCURVE('',#4338,#4343);
#4338 = PLANE('',#4339);
#4339 = AXIS2_PLACEMENT_3D('',#4340,#4341,#4342);
#4340 = CARTESIAN_POINT('',(2.583679116397,0.663376046284,-3.));
#4341 = DIRECTION('',(0.286732882142,0.958010571079,-1.804112415015E-16)
  );
#4342 = DIRECTION('',(0.958010571079,-0.286732882142,-2.498001805406E-16
    ));
#4343 = DEFINITIONAL_REPRESENTATION('',(#4344),#4348);
#4344 = LINE('',#4345,#4346);
#4345 = CARTESIAN_POINT('',(-1.142490090044,-3.6));
#4346 = VECTOR('',#4347,1.);
#4347 = DIRECTION('',(-1.,4.698001805406E-16));
#4348 = ( GEOMETRIC_REPRESENTATION_CONTEXT(2) 
PARAMETRIC_REPRESENTATION_CONTEXT() REPRESENTATION_CONTEXT('2D SPACE',''
  ) );
#4349 = ORIENTED_EDGE('',*,*,#4350,.F.);
#4350 = EDGE_CURVE('',#2322,#4323,#4351,.T.);
#4351 = SURFACE_CURVE('',#4352,(#4357,#4364),.PCURVE_S1.);
#4352 = CIRCLE('',#4353,3.);
#4353 = AXIS2_PLACEMENT_3D('',#4354,#4355,#4356);
#4354 = CARTESIAN_POINT('',(0.,4.E-16,0.6));
#4355 = DIRECTION('',(0.,6.6E-16,1.));
#4356 = DIRECTION('',(-1.,0.,0.));
#4357 = PCURVE('',#2202,#4358);
#4358 = DEFINITIONAL_REPRESENTATION('',(#4359),#4363);
#4359 = CIRCLE('',#4360,3.);
#4360 = AXIS2_PLACEMENT_2D('',#4361,#4362);
#4361 = CARTESIAN_POINT('',(0.,0.));
#4362 = DIRECTION('',(1.,0.));
#4363 = ( GEOMETRIC_REPRESENTATION_CONTEXT(2) 
PARAMETRIC_REPRESENTATION_CONTEXT() REPRESENTATION_CONTEXT('2D SPACE',''
  ) );
#4364 = PCURVE('',#4365,#4370);
#4365 = CYLINDRICAL_SURFACE('',#4366,3.);
#4366 = AXIS2_PLACEMENT_3D('',#4367,#4368,#4369);
#4367 = CARTESIAN_POINT('',(0.,-2.E-15,-3.));
#4368 = DIRECTION('',(0.,6.6E-16,1.));
#4369 = DIRECTION('',(-1.,0.,0.));
#4370 = DEFINITIONAL_REPRESENTATION('',(#4371),#4375);
#4371 = LINE('',#4372,#4373);
#4372 = CARTESIAN_POINT('',(-4.440892098501E-16,3.6));
#4373 = VECTOR('',#4374,1.);
#4374 = DIRECTION('',(1.,0.));
#4375 = ( GEOMETRIC_REPRESENTATION_CONTEXT(2) 
PARAMETRIC_REPRESENTATION_CONTEXT() REPRESENTATION_CONTEXT('2D SPACE',''
  ) );
#4376 = FACE_BOUND('',#4377,.T.);
#4377 = EDGE_LOOP('',(#4378));
#4378 = ORIENTED_EDGE('',*,*,#4379,.T.);
#4379 = EDGE_CURVE('',#4380,#4380,#4382,.T.);
#4380 = VERTEX_POINT('',#4381);
#4381 = CARTESIAN_POINT('',(1.5,5.836970198721E-16,0.6));
#4382 = SURFACE_CURVE('',#4383,(#4388,#4395),.PCURVE_S1.);
#4383 = CIRCLE('',#4384,1.5);
#4384 = AXIS2_PLACEMENT_3D('',#4385,#4386,#4387);
#4385 = CARTESIAN_POINT('',(0.,4.E-16,0.6));
#4386 = DIRECTION('',(0.,6.6E-16,1.));
#4387 = DIRECTION('',(-1.,0.,0.));
#4388 = PCURVE('',#2202,#4389);
#4389 = DEFINITIONAL_REPRESENTATION('',(#4390),#4394);
#4390 = CIRCLE('',#4391,1.5);
#4391 = AXIS2_PLACEMENT_2D('',#4392,#4393);
#4392 = CARTESIAN_POINT('',(0.,0.));
#4393 = DIRECTION('',(1.,0.));
#4394 = ( GEOMETRIC_REPRESENTATION_CONTEXT(2) 
PARAMETRIC_REPRESENTATION_CONTEXT() REPRESENTATION_CONTEXT('2D SPACE',''
  ) );
#4395 = PCURVE('',#4396,#4401);
#4396 = CYLINDRICAL_SURFACE('',#4397,1.5);
#4397 = AXIS2_PLACEMENT_3D('',#4398,#4399,#4400);
#4398 = CARTESIAN_POINT('',(0.,4.E-16,0.6));
#4399 = DIRECTION('',(0.,6.6E-16,1.));
#4400 = DIRECTION('',(-1.,0.,0.));
#4401 = DEFINITIONAL_REPRESENTATION('',(#4402),#4406);
#4402 = LINE('',#4403,#4404);
#4403 = CARTESIAN_POINT('',(0.,0.));
#4404 = VECTOR('',#4405,1.);
#4405 = DIRECTION('',(1.,0.));
#4406 = ( GEOMETRIC_REPRESENTATION_CONTEXT(2) 
PARAMETRIC_REPRESENTATION_CONTEXT() REPRESENTATION_CONTEXT('2D SPACE',''
  ) );
#4407 = ADVANCED_FACE('',(#4408),#2173,.F.);
#4408 = FACE_BOUND('',#4409,.T.);
#4409 = EDGE_LOOP('',(#4410,#4433,#4434,#4435));
#4410 = ORIENTED_EDGE('',*,*,#4411,.T.);
#4411 = EDGE_CURVE('',#4412,#2124,#4414,.T.);
#4412 = VERTEX_POINT('',#4413);
#4413 = CARTESIAN_POINT('',(2.667483,-1.E-15,-3.));
#4414 = SURFACE_CURVE('',#4415,(#4419,#4426),.PCURVE_S1.);
#4415 = LINE('',#4416,#4417);
#4416 = CARTESIAN_POINT('',(2.667483,-8.881784197001E-16,-3.));
#4417 = VECTOR('',#4418,1.);
#4418 = DIRECTION('',(0.856605339224,-0.515972182209,1.1E-16));
#4419 = PCURVE('',#2173,#4420);
#4420 = DEFINITIONAL_REPRESENTATION('',(#4421),#4425);
#4421 = LINE('',#4422,#4423);
#4422 = CARTESIAN_POINT('',(4.570838565258E-16,1.724061841561E-32));
#4423 = VECTOR('',#4424,1.);
#4424 = DIRECTION('',(1.,-4.999999999999E-17));
#4425 = ( GEOMETRIC_REPRESENTATION_CONTEXT(2) 
PARAMETRIC_REPRESENTATION_CONTEXT() REPRESENTATION_CONTEXT('2D SPACE',''
  ) );
#4426 = PCURVE('',#2145,#4427);
#4427 = DEFINITIONAL_REPRESENTATION('',(#4428),#4432);
#4428 = LINE('',#4429,#4430);
#4429 = CARTESIAN_POINT('',(-2.667483,-1.1118215803E-15));
#4430 = VECTOR('',#4431,1.);
#4431 = DIRECTION('',(-0.856605339224,0.515972182209));
#4432 = ( GEOMETRIC_REPRESENTATION_CONTEXT(2) 
PARAMETRIC_REPRESENTATION_CONTEXT() REPRESENTATION_CONTEXT('2D SPACE',''
  ) );
#4433 = ORIENTED_EDGE('',*,*,#2157,.T.);
#4434 = ORIENTED_EDGE('',*,*,#2349,.T.);
#4435 = ORIENTED_EDGE('',*,*,#4436,.F.);
#4436 = EDGE_CURVE('',#4412,#2320,#4437,.T.);
#4437 = SURFACE_CURVE('',#4438,(#4442,#4449),.PCURVE_S1.);
#4438 = LINE('',#4439,#4440);
#4439 = CARTESIAN_POINT('',(2.667483,-3.3E-16,-3.));
#4440 = VECTOR('',#4441,1.);
#4441 = DIRECTION('',(0.,1.1E-16,1.));
#4442 = PCURVE('',#2173,#4443);
#4443 = DEFINITIONAL_REPRESENTATION('',(#4444),#4448);
#4444 = LINE('',#4445,#4446);
#4445 = CARTESIAN_POINT('',(0.,-0.));
#4446 = VECTOR('',#4447,1.);
#4447 = DIRECTION('',(3.243059957009E-18,-1.));
#4448 = ( GEOMETRIC_REPRESENTATION_CONTEXT(2) 
PARAMETRIC_REPRESENTATION_CONTEXT() REPRESENTATION_CONTEXT('2D SPACE',''
  ) );
#4449 = PCURVE('',#2337,#4450);
#4450 = DEFINITIONAL_REPRESENTATION('',(#4451),#4455);
#4451 = LINE('',#4452,#4453);
#4452 = CARTESIAN_POINT('',(0.373654817051,1.868274085257E-17));
#4453 = VECTOR('',#4454,1.);
#4454 = DIRECTION('',(-3.187618874611E-18,-1.));
#4455 = ( GEOMETRIC_REPRESENTATION_CONTEXT(2) 
PARAMETRIC_REPRESENTATION_CONTEXT() REPRESENTATION_CONTEXT('2D SPACE',''
  ) );
#4456 = ADVANCED_FACE('',(#4457,#4483),#2145,.F.);
#4457 = FACE_BOUND('',#4458,.T.);
#4458 = EDGE_LOOP('',(#4459));
#4459 = ORIENTED_EDGE('',*,*,#4460,.F.);
#4460 = EDGE_CURVE('',#4461,#4461,#4463,.T.);
#4461 = VERTEX_POINT('',#4462);
#4462 = CARTESIAN_POINT('',(4.5,-2.531091059616E-15,-3.));
#4463 = SURFACE_CURVE('',#4464,(#4469,#4476),.PCURVE_S1.);
#4464 = CIRCLE('',#4465,4.5);
#4465 = AXIS2_PLACEMENT_3D('',#4466,#4467,#4468);
#4466 = CARTESIAN_POINT('',(0.,-2.E-15,-3.));
#4467 = DIRECTION('',(0.,6.6E-16,1.));
#4468 = DIRECTION('',(-1.,0.,0.));
#4469 = PCURVE('',#2145,#4470);
#4470 = DEFINITIONAL_REPRESENTATION('',(#4471),#4475);
#4471 = CIRCLE('',#4472,4.5);
#4472 = AXIS2_PLACEMENT_2D('',#4473,#4474);
#4473 = CARTESIAN_POINT('',(0.,0.));
#4474 = DIRECTION('',(1.,0.));
#4475 = ( GEOMETRIC_REPRESENTATION_CONTEXT(2) 
PARAMETRIC_REPRESENTATION_CONTEXT() REPRESENTATION_CONTEXT('2D SPACE',''
  ) );
#4476 = PCURVE('',#1476,#4477);
#4477 = DEFINITIONAL_REPRESENTATION('',(#4478),#4482);
#4478 = LINE('',#4479,#4480);
#4479 = CARTESIAN_POINT('',(6.28318530718,3.));
#4480 = VECTOR('',#4481,1.);
#4481 = DIRECTION('',(-1.,0.));
#4482 = ( GEOMETRIC_REPRESENTATION_CONTEXT(2) 
PARAMETRIC_REPRESENTATION_CONTEXT() REPRESENTATION_CONTEXT('2D SPACE',''
  ) );
#4483 = FACE_BOUND('',#4484,.T.);
#4484 = EDGE_LOOP('',(#4485,#4511,#4534,#4557,#4581,#4604,#4627,#4651,
    #4674,#4697,#4721,#4744,#4767,#4791,#4814,#4837,#4861,#4884,#4907,
    #4931,#4954,#4977,#5001,#5024,#5047,#5071,#5094,#5117,#5141,#5164,
    #5187,#5211,#5234,#5257,#5281,#5302,#5303,#5304,#5305,#5328,#5352,
    #5375,#5398,#5422,#5445,#5468,#5492,#5515,#5538,#5562,#5585,#5608,
    #5632,#5655,#5678,#5702,#5725,#5748,#5772,#5795,#5818,#5842,#5865,
    #5888,#5912,#5935,#5958,#5982,#6005,#6028,#6052,#6075,#6098,#6122,
    #6145));
#4485 = ORIENTED_EDGE('',*,*,#4486,.T.);
#4486 = EDGE_CURVE('',#4487,#4489,#4491,.T.);
#4487 = VERTEX_POINT('',#4488);
#4488 = CARTESIAN_POINT('',(-2.993585845339,0.196070871333,-3.));
#4489 = VERTEX_POINT('',#4490);
#4490 = CARTESIAN_POINT('',(-2.99457535203,-0.180328758141,-3.));
#4491 = SURFACE_CURVE('',#4492,(#4497,#4504),.PCURVE_S1.);
#4492 = CIRCLE('',#4493,3.);
#4493 = AXIS2_PLACEMENT_3D('',#4494,#4495,#4496);
#4494 = CARTESIAN_POINT('',(0.,-2.E-15,-3.));
#4495 = DIRECTION('',(0.,6.6E-16,1.));
#4496 = DIRECTION('',(-1.,0.,0.));
#4497 = PCURVE('',#2145,#4498);
#4498 = DEFINITIONAL_REPRESENTATION('',(#4499),#4503);
#4499 = CIRCLE('',#4500,3.);
#4500 = AXIS2_PLACEMENT_2D('',#4501,#4502);
#4501 = CARTESIAN_POINT('',(0.,0.));
#4502 = DIRECTION('',(1.,0.));
#4503 = ( GEOMETRIC_REPRESENTATION_CONTEXT(2) 
PARAMETRIC_REPRESENTATION_CONTEXT() REPRESENTATION_CONTEXT('2D SPACE',''
  ) );
#4504 = PCURVE('',#3347,#4505);
#4505 = DEFINITIONAL_REPRESENTATION('',(#4506),#4510);
#4506 = LINE('',#4507,#4508);
#4507 = CARTESIAN_POINT('',(0.,0.));
#4508 = VECTOR('',#4509,1.);
#4509 = DIRECTION('',(1.,0.));
#4510 = ( GEOMETRIC_REPRESENTATION_CONTEXT(2) 
PARAMETRIC_REPRESENTATION_CONTEXT() REPRESENTATION_CONTEXT('2D SPACE',''
  ) );
#4511 = ORIENTED_EDGE('',*,*,#4512,.F.);
#4512 = EDGE_CURVE('',#4513,#4489,#4515,.T.);
#4513 = VERTEX_POINT('',#4514);
#4514 = CARTESIAN_POINT('',(-2.646449099806,-0.334324269868,-3.));
#4515 = SURFACE_CURVE('',#4516,(#4520,#4527),.PCURVE_S1.);
#4516 = LINE('',#4517,#4518);
#4517 = CARTESIAN_POINT('',(-2.646449099806,-0.334324269868,-3.));
#4518 = VECTOR('',#4519,1.);
#4519 = DIRECTION('',(-0.914519212294,0.404542470386,-1.804112415015E-16
    ));
#4520 = PCURVE('',#2145,#4521);
#4521 = DEFINITIONAL_REPRESENTATION('',(#4522),#4526);
#4522 = LINE('',#4523,#4524);
#4523 = CARTESIAN_POINT('',(2.646449099806,0.334324269868));
#4524 = VECTOR('',#4525,1.);
#4525 = DIRECTION('',(0.914519212294,-0.404542470386));
#4526 = ( GEOMETRIC_REPRESENTATION_CONTEXT(2) 
PARAMETRIC_REPRESENTATION_CONTEXT() REPRESENTATION_CONTEXT('2D SPACE',''
  ) );
#4527 = PCURVE('',#3318,#4528);
#4528 = DEFINITIONAL_REPRESENTATION('',(#4529),#4533);
#4529 = LINE('',#4530,#4531);
#4530 = CARTESIAN_POINT('',(0.,0.));
#4531 = VECTOR('',#4532,1.);
#4532 = DIRECTION('',(1.,-5.551115123118E-17));
#4533 = ( GEOMETRIC_REPRESENTATION_CONTEXT(2) 
PARAMETRIC_REPRESENTATION_CONTEXT() REPRESENTATION_CONTEXT('2D SPACE',''
  ) );
#4534 = ORIENTED_EDGE('',*,*,#4535,.F.);
#4535 = EDGE_CURVE('',#4536,#4513,#4538,.T.);
#4536 = VERTEX_POINT('',#4537);
#4537 = CARTESIAN_POINT('',(-2.948297684057,-0.554563581735,-3.));
#4538 = SURFACE_CURVE('',#4539,(#4543,#4550),.PCURVE_S1.);
#4539 = LINE('',#4540,#4541);
#4540 = CARTESIAN_POINT('',(-2.948297684057,-0.554563581735,-3.));
#4541 = VECTOR('',#4542,1.);
#4542 = DIRECTION('',(0.807827359573,0.589419169289,-6.938893903907E-17)
  );
#4543 = PCURVE('',#2145,#4544);
#4544 = DEFINITIONAL_REPRESENTATION('',(#4545),#4549);
#4545 = LINE('',#4546,#4547);
#4546 = CARTESIAN_POINT('',(2.948297684057,0.554563581735));
#4547 = VECTOR('',#4548,1.);
#4548 = DIRECTION('',(-0.807827359573,-0.589419169289));
#4549 = ( GEOMETRIC_REPRESENTATION_CONTEXT(2) 
PARAMETRIC_REPRESENTATION_CONTEXT() REPRESENTATION_CONTEXT('2D SPACE',''
  ) );
#4550 = PCURVE('',#3290,#4551);
#4551 = DEFINITIONAL_REPRESENTATION('',(#4552),#4556);
#4552 = LINE('',#4553,#4554);
#4553 = CARTESIAN_POINT('',(0.,0.));
#4554 = VECTOR('',#4555,1.);
#4555 = DIRECTION('',(1.,-6.938893903903E-17));
#4556 = ( GEOMETRIC_REPRESENTATION_CONTEXT(2) 
PARAMETRIC_REPRESENTATION_CONTEXT() REPRESENTATION_CONTEXT('2D SPACE',''
  ) );
#4557 = ORIENTED_EDGE('',*,*,#4558,.T.);
#4558 = EDGE_CURVE('',#4536,#4559,#4561,.T.);
#4559 = VERTEX_POINT('',#4560);
#4560 = CARTESIAN_POINT('',(-2.855649322193,-0.919384005006,-3.));
#4561 = SURFACE_CURVE('',#4562,(#4567,#4574),.PCURVE_S1.);
#4562 = CIRCLE('',#4563,3.);
#4563 = AXIS2_PLACEMENT_3D('',#4564,#4565,#4566);
#4564 = CARTESIAN_POINT('',(0.,-2.E-15,-3.));
#4565 = DIRECTION('',(0.,6.6E-16,1.));
#4566 = DIRECTION('',(-1.,0.,0.));
#4567 = PCURVE('',#2145,#4568);
#4568 = DEFINITIONAL_REPRESENTATION('',(#4569),#4573);
#4569 = CIRCLE('',#4570,3.);
#4570 = AXIS2_PLACEMENT_2D('',#4571,#4572);
#4571 = CARTESIAN_POINT('',(0.,0.));
#4572 = DIRECTION('',(1.,0.));
#4573 = ( GEOMETRIC_REPRESENTATION_CONTEXT(2) 
PARAMETRIC_REPRESENTATION_CONTEXT() REPRESENTATION_CONTEXT('2D SPACE',''
  ) );
#4574 = PCURVE('',#3262,#4575);
#4575 = DEFINITIONAL_REPRESENTATION('',(#4576),#4580);
#4576 = LINE('',#4577,#4578);
#4577 = CARTESIAN_POINT('',(-2.775557561563E-17,0.));
#4578 = VECTOR('',#4579,1.);
#4579 = DIRECTION('',(1.,0.));
#4580 = ( GEOMETRIC_REPRESENTATION_CONTEXT(2) 
PARAMETRIC_REPRESENTATION_CONTEXT() REPRESENTATION_CONTEXT('2D SPACE',''
  ) );
#4581 = ORIENTED_EDGE('',*,*,#4582,.F.);
#4582 = EDGE_CURVE('',#4583,#4559,#4585,.T.);
#4583 = VERTEX_POINT('',#4584);
#4584 = CARTESIAN_POINT('',(-2.480162969907,-0.981965986169,-3.));
#4585 = SURFACE_CURVE('',#4586,(#4590,#4597),.PCURVE_S1.);
#4586 = LINE('',#4587,#4588);
#4587 = CARTESIAN_POINT('',(-2.480162969907,-0.981965986169,-3.));
#4588 = VECTOR('',#4589,1.);
#4589 = DIRECTION('',(-0.98639353087,0.164401345062,-5.551115123125E-17)
  );
#4590 = PCURVE('',#2145,#4591);
#4591 = DEFINITIONAL_REPRESENTATION('',(#4592),#4596);
#4592 = LINE('',#4593,#4594);
#4593 = CARTESIAN_POINT('',(2.480162969907,0.981965986169));
#4594 = VECTOR('',#4595,1.);
#4595 = DIRECTION('',(0.98639353087,-0.164401345062));
#4596 = ( GEOMETRIC_REPRESENTATION_CONTEXT(2) 
PARAMETRIC_REPRESENTATION_CONTEXT() REPRESENTATION_CONTEXT('2D SPACE',''
  ) );
#4597 = PCURVE('',#3233,#4598);
#4598 = DEFINITIONAL_REPRESENTATION('',(#4599),#4603);
#4599 = LINE('',#4600,#4601);
#4600 = CARTESIAN_POINT('',(0.,0.));
#4601 = VECTOR('',#4602,1.);
#4602 = DIRECTION('',(1.,-1.110223024625E-16));
#4603 = ( GEOMETRIC_REPRESENTATION_CONTEXT(2) 
PARAMETRIC_REPRESENTATION_CONTEXT() REPRESENTATION_CONTEXT('2D SPACE',''
  ) );
#4604 = ORIENTED_EDGE('',*,*,#4605,.F.);
#4605 = EDGE_CURVE('',#4606,#4583,#4608,.T.);
#4606 = VERTEX_POINT('',#4607);
#4607 = CARTESIAN_POINT('',(-2.717757136204,-1.27035276542,-3.));
#4608 = SURFACE_CURVE('',#4609,(#4613,#4620),.PCURVE_S1.);
#4609 = LINE('',#4610,#4611);
#4610 = CARTESIAN_POINT('',(-2.717757136204,-1.27035276542,-3.));
#4611 = VECTOR('',#4612,1.);
#4612 = DIRECTION('',(0.635865390878,0.771799977121,-1.387778780781E-16)
  );
#4613 = PCURVE('',#2145,#4614);
#4614 = DEFINITIONAL_REPRESENTATION('',(#4615),#4619);
#4615 = LINE('',#4616,#4617);
#4616 = CARTESIAN_POINT('',(2.717757136204,1.27035276542));
#4617 = VECTOR('',#4618,1.);
#4618 = DIRECTION('',(-0.635865390878,-0.771799977121));
#4619 = ( GEOMETRIC_REPRESENTATION_CONTEXT(2) 
PARAMETRIC_REPRESENTATION_CONTEXT() REPRESENTATION_CONTEXT('2D SPACE',''
  ) );
#4620 = PCURVE('',#3205,#4621);
#4621 = DEFINITIONAL_REPRESENTATION('',(#4622),#4626);
#4622 = LINE('',#4623,#4624);
#4623 = CARTESIAN_POINT('',(0.,0.));
#4624 = VECTOR('',#4625,1.);
#4625 = DIRECTION('',(1.,-1.387778780782E-16));
#4626 = ( GEOMETRIC_REPRESENTATION_CONTEXT(2) 
PARAMETRIC_REPRESENTATION_CONTEXT() REPRESENTATION_CONTEXT('2D SPACE',''
  ) );
#4627 = ORIENTED_EDGE('',*,*,#4628,.T.);
#4628 = EDGE_CURVE('',#4606,#4629,#4631,.T.);
#4629 = VERTEX_POINT('',#4630);
#4630 = CARTESIAN_POINT('',(-2.537292343098,-1.600670973578,-3.));
#4631 = SURFACE_CURVE('',#4632,(#4637,#4644),.PCURVE_S1.);
#4632 = CIRCLE('',#4633,3.);
#4633 = AXIS2_PLACEMENT_3D('',#4634,#4635,#4636);
#4634 = CARTESIAN_POINT('',(0.,-2.E-15,-3.));
#4635 = DIRECTION('',(0.,6.6E-16,1.));
#4636 = DIRECTION('',(-1.,0.,0.));
#4637 = PCURVE('',#2145,#4638);
#4638 = DEFINITIONAL_REPRESENTATION('',(#4639),#4643);
#4639 = CIRCLE('',#4640,3.);
#4640 = AXIS2_PLACEMENT_2D('',#4641,#4642);
#4641 = CARTESIAN_POINT('',(0.,0.));
#4642 = DIRECTION('',(1.,0.));
#4643 = ( GEOMETRIC_REPRESENTATION_CONTEXT(2) 
PARAMETRIC_REPRESENTATION_CONTEXT() REPRESENTATION_CONTEXT('2D SPACE',''
  ) );
#4644 = PCURVE('',#3177,#4645);
#4645 = DEFINITIONAL_REPRESENTATION('',(#4646),#4650);
#4646 = LINE('',#4647,#4648);
#4647 = CARTESIAN_POINT('',(0.,0.));
#4648 = VECTOR('',#4649,1.);
#4649 = DIRECTION('',(1.,0.));
#4650 = ( GEOMETRIC_REPRESENTATION_CONTEXT(2) 
PARAMETRIC_REPRESENTATION_CONTEXT() REPRESENTATION_CONTEXT('2D SPACE',''
  ) );
#4651 = ORIENTED_EDGE('',*,*,#4652,.F.);
#4652 = EDGE_CURVE('',#4653,#4629,#4655,.T.);
#4653 = VERTEX_POINT('',#4654);
#4654 = CARTESIAN_POINT('',(-2.158039079206,-1.567907168141,-3.));
#4655 = SURFACE_CURVE('',#4656,(#4660,#4667),.PCURVE_S1.);
#4656 = LINE('',#4657,#4658);
#4657 = CARTESIAN_POINT('',(-2.158039079206,-1.567907168141,-3.));
#4658 = VECTOR('',#4659,1.);
#4659 = DIRECTION('',(-0.9962891162,-8.606972139861E-02,
    -1.110223024625E-16));
#4660 = PCURVE('',#2145,#4661);
#4661 = DEFINITIONAL_REPRESENTATION('',(#4662),#4666);
#4662 = LINE('',#4663,#4664);
#4663 = CARTESIAN_POINT('',(2.158039079206,1.567907168141));
#4664 = VECTOR('',#4665,1.);
#4665 = DIRECTION('',(0.9962891162,8.606972139861E-02));
#4666 = ( GEOMETRIC_REPRESENTATION_CONTEXT(2) 
PARAMETRIC_REPRESENTATION_CONTEXT() REPRESENTATION_CONTEXT('2D SPACE',''
  ) );
#4667 = PCURVE('',#3148,#4668);
#4668 = DEFINITIONAL_REPRESENTATION('',(#4669),#4673);
#4669 = LINE('',#4670,#4671);
#4670 = CARTESIAN_POINT('',(0.,0.));
#4671 = VECTOR('',#4672,1.);
#4672 = DIRECTION('',(1.,1.110223024625E-16));
#4673 = ( GEOMETRIC_REPRESENTATION_CONTEXT(2) 
PARAMETRIC_REPRESENTATION_CONTEXT() REPRESENTATION_CONTEXT('2D SPACE',''
  ) );
#4674 = ORIENTED_EDGE('',*,*,#4675,.F.);
#4675 = EDGE_CURVE('',#4676,#4653,#4678,.T.);
#4676 = VERTEX_POINT('',#4677);
#4677 = CARTESIAN_POINT('',(-2.316449912273,-1.906321012823,-3.));
#4678 = SURFACE_CURVE('',#4679,(#4683,#4690),.PCURVE_S1.);
#4679 = LINE('',#4680,#4681);
#4680 = CARTESIAN_POINT('',(-2.316449912273,-1.906321012823,-3.));
#4681 = VECTOR('',#4682,1.);
#4682 = DIRECTION('',(0.423949661125,0.905685753908,-8.326672684689E-17)
  );
#4683 = PCURVE('',#2145,#4684);
#4684 = DEFINITIONAL_REPRESENTATION('',(#4685),#4689);
#4685 = LINE('',#4686,#4687);
#4686 = CARTESIAN_POINT('',(2.316449912273,1.906321012823));
#4687 = VECTOR('',#4688,1.);
#4688 = DIRECTION('',(-0.423949661125,-0.905685753908));
#4689 = ( GEOMETRIC_REPRESENTATION_CONTEXT(2) 
PARAMETRIC_REPRESENTATION_CONTEXT() REPRESENTATION_CONTEXT('2D SPACE',''
  ) );
#4690 = PCURVE('',#3120,#4691);
#4691 = DEFINITIONAL_REPRESENTATION('',(#4692),#4696);
#4692 = LINE('',#4693,#4694);
#4693 = CARTESIAN_POINT('',(0.,0.));
#4694 = VECTOR('',#4695,1.);
#4695 = DIRECTION('',(1.,-1.387778780781E-16));
#4696 = ( GEOMETRIC_REPRESENTATION_CONTEXT(2) 
PARAMETRIC_REPRESENTATION_CONTEXT() REPRESENTATION_CONTEXT('2D SPACE',''
  ) );
#4697 = ORIENTED_EDGE('',*,*,#4698,.T.);
#4698 = EDGE_CURVE('',#4676,#4699,#4701,.T.);
#4699 = VERTEX_POINT('',#4700);
#4700 = CARTESIAN_POINT('',(-2.059507954578,-2.181381898025,-3.));
#4701 = SURFACE_CURVE('',#4702,(#4707,#4714),.PCURVE_S1.);
#4702 = CIRCLE('',#4703,3.);
#4703 = AXIS2_PLACEMENT_3D('',#4704,#4705,#4706);
#4704 = CARTESIAN_POINT('',(0.,-2.E-15,-3.));
#4705 = DIRECTION('',(0.,6.6E-16,1.));
#4706 = DIRECTION('',(-1.,0.,0.));
#4707 = PCURVE('',#2145,#4708);
#4708 = DEFINITIONAL_REPRESENTATION('',(#4709),#4713);
#4709 = CIRCLE('',#4710,3.);
#4710 = AXIS2_PLACEMENT_2D('',#4711,#4712);
#4711 = CARTESIAN_POINT('',(0.,0.));
#4712 = DIRECTION('',(1.,0.));
#4713 = ( GEOMETRIC_REPRESENTATION_CONTEXT(2) 
PARAMETRIC_REPRESENTATION_CONTEXT() REPRESENTATION_CONTEXT('2D SPACE',''
  ) );
#4714 = PCURVE('',#3092,#4715);
#4715 = DEFINITIONAL_REPRESENTATION('',(#4716),#4720);
#4716 = LINE('',#4717,#4718);
#4717 = CARTESIAN_POINT('',(0.,0.));
#4718 = VECTOR('',#4719,1.);
#4719 = DIRECTION('',(1.,0.));
#4720 = ( GEOMETRIC_REPRESENTATION_CONTEXT(2) 
PARAMETRIC_REPRESENTATION_CONTEXT() REPRESENTATION_CONTEXT('2D SPACE',''
  ) );
#4721 = ORIENTED_EDGE('',*,*,#4722,.F.);
#4722 = EDGE_CURVE('',#4723,#4699,#4725,.T.);
#4723 = VERTEX_POINT('',#4724);
#4724 = CARTESIAN_POINT('',(-1.700317656447,-2.055330976379,-3.));
#4725 = SURFACE_CURVE('',#4726,(#4730,#4737),.PCURVE_S1.);
#4726 = LINE('',#4727,#4728);
#4727 = CARTESIAN_POINT('',(-1.700317656447,-2.055330976379,-3.));
#4728 = VECTOR('',#4729,1.);
#4729 = DIRECTION('',(-0.943584192264,-0.331132710721,
    -4.440892098501E-16));
#4730 = PCURVE('',#2145,#4731);
#4731 = DEFINITIONAL_REPRESENTATION('',(#4732),#4736);
#4732 = LINE('',#4733,#4734);
#4733 = CARTESIAN_POINT('',(1.700317656447,2.055330976379));
#4734 = VECTOR('',#4735,1.);
#4735 = DIRECTION('',(0.943584192264,0.331132710721));
#4736 = ( GEOMETRIC_REPRESENTATION_CONTEXT(2) 
PARAMETRIC_REPRESENTATION_CONTEXT() REPRESENTATION_CONTEXT('2D SPACE',''
  ) );
#4737 = PCURVE('',#3063,#4738);
#4738 = DEFINITIONAL_REPRESENTATION('',(#4739),#4743);
#4739 = LINE('',#4740,#4741);
#4740 = CARTESIAN_POINT('',(-0.,0.));
#4741 = VECTOR('',#4742,1.);
#4742 = DIRECTION('',(1.,-1.110223024625E-16));
#4743 = ( GEOMETRIC_REPRESENTATION_CONTEXT(2) 
PARAMETRIC_REPRESENTATION_CONTEXT() REPRESENTATION_CONTEXT('2D SPACE',''
  ) );
#4744 = ORIENTED_EDGE('',*,*,#4745,.F.);
#4745 = EDGE_CURVE('',#4746,#4723,#4748,.T.);
#4746 = VERTEX_POINT('',#4747);
#4747 = CARTESIAN_POINT('',(-1.769591621046,-2.422508100032,-3.));
#4748 = SURFACE_CURVE('',#4749,(#4753,#4760),.PCURVE_S1.);
#4749 = LINE('',#4750,#4751);
#4750 = CARTESIAN_POINT('',(-1.769591621046,-2.422508100032,-3.));
#4751 = VECTOR('',#4752,1.);
#4752 = DIRECTION('',(0.185395614985,0.982663963898,-5.551115123128E-17)
  );
#4753 = PCURVE('',#2145,#4754);
#4754 = DEFINITIONAL_REPRESENTATION('',(#4755),#4759);
#4755 = LINE('',#4756,#4757);
#4756 = CARTESIAN_POINT('',(1.769591621046,2.422508100032));
#4757 = VECTOR('',#4758,1.);
#4758 = DIRECTION('',(-0.185395614985,-0.982663963898));
#4759 = ( GEOMETRIC_REPRESENTATION_CONTEXT(2) 
PARAMETRIC_REPRESENTATION_CONTEXT() REPRESENTATION_CONTEXT('2D SPACE',''
  ) );
#4760 = PCURVE('',#3035,#4761);
#4761 = DEFINITIONAL_REPRESENTATION('',(#4762),#4766);
#4762 = LINE('',#4763,#4764);
#4763 = CARTESIAN_POINT('',(0.,0.));
#4764 = VECTOR('',#4765,1.);
#4765 = DIRECTION('',(1.,-6.938893903906E-17));
#4766 = ( GEOMETRIC_REPRESENTATION_CONTEXT(2) 
PARAMETRIC_REPRESENTATION_CONTEXT() REPRESENTATION_CONTEXT('2D SPACE',''
  ) );
#4767 = ORIENTED_EDGE('',*,*,#4768,.T.);
#4768 = EDGE_CURVE('',#4746,#4769,#4771,.T.);
#4769 = VERTEX_POINT('',#4770);
#4770 = CARTESIAN_POINT('',(-1.452317106932,-2.625028575257,-3.));
#4771 = SURFACE_CURVE('',#4772,(#4777,#4784),.PCURVE_S1.);
#4772 = CIRCLE('',#4773,3.);
#4773 = AXIS2_PLACEMENT_3D('',#4774,#4775,#4776);
#4774 = CARTESIAN_POINT('',(0.,-2.E-15,-3.));
#4775 = DIRECTION('',(0.,6.6E-16,1.));
#4776 = DIRECTION('',(-1.,0.,0.));
#4777 = PCURVE('',#2145,#4778);
#4778 = DEFINITIONAL_REPRESENTATION('',(#4779),#4783);
#4779 = CIRCLE('',#4780,3.);
#4780 = AXIS2_PLACEMENT_2D('',#4781,#4782);
#4781 = CARTESIAN_POINT('',(0.,0.));
#4782 = DIRECTION('',(1.,0.));
#4783 = ( GEOMETRIC_REPRESENTATION_CONTEXT(2) 
PARAMETRIC_REPRESENTATION_CONTEXT() REPRESENTATION_CONTEXT('2D SPACE',''
  ) );
#4784 = PCURVE('',#3007,#4785);
#4785 = DEFINITIONAL_REPRESENTATION('',(#4786),#4790);
#4786 = LINE('',#4787,#4788);
#4787 = CARTESIAN_POINT('',(2.22044604925E-16,0.));
#4788 = VECTOR('',#4789,1.);
#4789 = DIRECTION('',(1.,0.));
#4790 = ( GEOMETRIC_REPRESENTATION_CONTEXT(2) 
PARAMETRIC_REPRESENTATION_CONTEXT() REPRESENTATION_CONTEXT('2D SPACE',''
  ) );
#4791 = ORIENTED_EDGE('',*,*,#4792,.F.);
#4792 = EDGE_CURVE('',#4793,#4769,#4795,.T.);
#4793 = VERTEX_POINT('',#4794);
#4794 = CARTESIAN_POINT('',(-1.135759022002,-2.413610780393,-3.));
#4795 = SURFACE_CURVE('',#4796,(#4800,#4807),.PCURVE_S1.);
#4796 = LINE('',#4797,#4798);
#4797 = CARTESIAN_POINT('',(-1.135759022002,-2.413610780393,-3.));
#4798 = VECTOR('',#4799,1.);
#4799 = DIRECTION('',(-0.831590403268,-0.555389414008,3.885780586189E-16
    ));
#4800 = PCURVE('',#2145,#4801);
#4801 = DEFINITIONAL_REPRESENTATION('',(#4802),#4806);
#4802 = LINE('',#4803,#4804);
#4803 = CARTESIAN_POINT('',(1.135759022002,2.413610780393));
#4804 = VECTOR('',#4805,1.);
#4805 = DIRECTION('',(0.831590403268,0.555389414008));
#4806 = ( GEOMETRIC_REPRESENTATION_CONTEXT(2) 
PARAMETRIC_REPRESENTATION_CONTEXT() REPRESENTATION_CONTEXT('2D SPACE',''
  ) );
#4807 = PCURVE('',#2978,#4808);
#4808 = DEFINITIONAL_REPRESENTATION('',(#4809),#4813);
#4809 = LINE('',#4810,#4811);
#4810 = CARTESIAN_POINT('',(0.,-0.));
#4811 = VECTOR('',#4812,1.);
#4812 = DIRECTION('',(1.,5.551115123131E-17));
#4813 = ( GEOMETRIC_REPRESENTATION_CONTEXT(2) 
PARAMETRIC_REPRESENTATION_CONTEXT() REPRESENTATION_CONTEXT('2D SPACE',''
  ) );
#4814 = ORIENTED_EDGE('',*,*,#4815,.F.);
#4815 = EDGE_CURVE('',#4816,#4793,#4818,.T.);
#4816 = VERTEX_POINT('',#4817);
#4817 = CARTESIAN_POINT('',(-1.111543380167,-2.786480093955,-3.));
#4818 = SURFACE_CURVE('',#4819,(#4823,#4830),.PCURVE_S1.);
#4819 = LINE('',#4820,#4821);
#4820 = CARTESIAN_POINT('',(-1.111543380167,-2.786480093955,-3.));
#4821 = VECTOR('',#4822,1.);
#4822 = DIRECTION('',(-6.480751948092E-02,0.997897783051,
    -1.734723475978E-16));
#4823 = PCURVE('',#2145,#4824);
#4824 = DEFINITIONAL_REPRESENTATION('',(#4825),#4829);
#4825 = LINE('',#4826,#4827);
#4826 = CARTESIAN_POINT('',(1.111543380167,2.786480093955));
#4827 = VECTOR('',#4828,1.);
#4828 = DIRECTION('',(6.480751948092E-02,-0.997897783051));
#4829 = ( GEOMETRIC_REPRESENTATION_CONTEXT(2) 
PARAMETRIC_REPRESENTATION_CONTEXT() REPRESENTATION_CONTEXT('2D SPACE',''
  ) );
#4830 = PCURVE('',#2950,#4831);
#4831 = DEFINITIONAL_REPRESENTATION('',(#4832),#4836);
#4832 = LINE('',#4833,#4834);
#4833 = CARTESIAN_POINT('',(0.,-0.));
#4834 = VECTOR('',#4835,1.);
#4835 = DIRECTION('',(1.,-7.285838599102E-17));
#4836 = ( GEOMETRIC_REPRESENTATION_CONTEXT(2) 
PARAMETRIC_REPRESENTATION_CONTEXT() REPRESENTATION_CONTEXT('2D SPACE',''
  ) );
#4837 = ORIENTED_EDGE('',*,*,#4838,.T.);
#4838 = EDGE_CURVE('',#4816,#4839,#4841,.T.);
#4839 = VERTEX_POINT('',#4840);
#4840 = CARTESIAN_POINT('',(-0.753871834208,-2.903735052925,-3.));
#4841 = SURFACE_CURVE('',#4842,(#4847,#4854),.PCURVE_S1.);
#4842 = CIRCLE('',#4843,3.);
#4843 = AXIS2_PLACEMENT_3D('',#4844,#4845,#4846);
#4844 = CARTESIAN_POINT('',(0.,-2.E-15,-3.));
#4845 = DIRECTION('',(0.,6.6E-16,1.));
#4846 = DIRECTION('',(-1.,0.,0.));
#4847 = PCURVE('',#2145,#4848);
#4848 = DEFINITIONAL_REPRESENTATION('',(#4849),#4853);
#4849 = CIRCLE('',#4850,3.);
#4850 = AXIS2_PLACEMENT_2D('',#4851,#4852);
#4851 = CARTESIAN_POINT('',(0.,0.));
#4852 = DIRECTION('',(1.,0.));
#4853 = ( GEOMETRIC_REPRESENTATION_CONTEXT(2) 
PARAMETRIC_REPRESENTATION_CONTEXT() REPRESENTATION_CONTEXT('2D SPACE',''
  ) );
#4854 = PCURVE('',#2922,#4855);
#4855 = DEFINITIONAL_REPRESENTATION('',(#4856),#4860);
#4856 = LINE('',#4857,#4858);
#4857 = CARTESIAN_POINT('',(0.,0.));
#4858 = VECTOR('',#4859,1.);
#4859 = DIRECTION('',(1.,0.));
#4860 = ( GEOMETRIC_REPRESENTATION_CONTEXT(2) 
PARAMETRIC_REPRESENTATION_CONTEXT() REPRESENTATION_CONTEXT('2D SPACE',''
  ) );
#4861 = ORIENTED_EDGE('',*,*,#4862,.F.);
#4862 = EDGE_CURVE('',#4863,#4839,#4865,.T.);
#4863 = VERTEX_POINT('',#4864);
#4864 = CARTESIAN_POINT('',(-0.499836471175,-2.620234542436,-3.));
#4865 = SURFACE_CURVE('',#4866,(#4870,#4877),.PCURVE_S1.);
#4866 = LINE('',#4867,#4868);
#4867 = CARTESIAN_POINT('',(-0.499836471175,-2.620234542436,-3.));
#4868 = VECTOR('',#4869,1.);
#4869 = DIRECTION('',(-0.66734473086,-0.744748957833,-1.249000902703E-16
    ));
#4870 = PCURVE('',#2145,#4871);
#4871 = DEFINITIONAL_REPRESENTATION('',(#4872),#4876);
#4872 = LINE('',#4873,#4874);
#4873 = CARTESIAN_POINT('',(0.499836471175,2.620234542436));
#4874 = VECTOR('',#4875,1.);
#4875 = DIRECTION('',(0.66734473086,0.744748957833));
#4876 = ( GEOMETRIC_REPRESENTATION_CONTEXT(2) 
PARAMETRIC_REPRESENTATION_CONTEXT() REPRESENTATION_CONTEXT('2D SPACE',''
  ) );
#4877 = PCURVE('',#2893,#4878);
#4878 = DEFINITIONAL_REPRESENTATION('',(#4879),#4883);
#4879 = LINE('',#4880,#4881);
#4880 = CARTESIAN_POINT('',(-0.,0.));
#4881 = VECTOR('',#4882,1.);
#4882 = DIRECTION('',(1.,0.));
#4883 = ( GEOMETRIC_REPRESENTATION_CONTEXT(2) 
PARAMETRIC_REPRESENTATION_CONTEXT() REPRESENTATION_CONTEXT('2D SPACE',''
  ) );
#4884 = ORIENTED_EDGE('',*,*,#4885,.F.);
#4885 = EDGE_CURVE('',#4886,#4863,#4888,.T.);
#4886 = VERTEX_POINT('',#4887);
#4887 = CARTESIAN_POINT('',(-0.383652780741,-2.975367295617,-3.));
#4888 = SURFACE_CURVE('',#4889,(#4893,#4900),.PCURVE_S1.);
#4889 = LINE('',#4890,#4891);
#4890 = CARTESIAN_POINT('',(-0.383652780741,-2.975367295617,-3.));
#4891 = VECTOR('',#4892,1.);
#4892 = DIRECTION('',(-0.310938559153,0.950430014484,-3.538835890993E-16
    ));
#4893 = PCURVE('',#2145,#4894);
#4894 = DEFINITIONAL_REPRESENTATION('',(#4895),#4899);
#4895 = LINE('',#4896,#4897);
#4896 = CARTESIAN_POINT('',(0.383652780741,2.975367295617));
#4897 = VECTOR('',#4898,1.);
#4898 = DIRECTION('',(0.310938559153,-0.950430014484));
#4899 = ( GEOMETRIC_REPRESENTATION_CONTEXT(2) 
PARAMETRIC_REPRESENTATION_CONTEXT() REPRESENTATION_CONTEXT('2D SPACE',''
  ) );
#4900 = PCURVE('',#2865,#4901);
#4901 = DEFINITIONAL_REPRESENTATION('',(#4902),#4906);
#4902 = LINE('',#4903,#4904);
#4903 = CARTESIAN_POINT('',(0.,0.));
#4904 = VECTOR('',#4905,1.);
#4905 = DIRECTION('',(1.,-6.938893903899E-18));
#4906 = ( GEOMETRIC_REPRESENTATION_CONTEXT(2) 
PARAMETRIC_REPRESENTATION_CONTEXT() REPRESENTATION_CONTEXT('2D SPACE',''
  ) );
#4907 = ORIENTED_EDGE('',*,*,#4908,.T.);
#4908 = EDGE_CURVE('',#4886,#4909,#4911,.T.);
#4909 = VERTEX_POINT('',#4910);
#4910 = CARTESIAN_POINT('',(-8.058021594206E-03,-2.999989178028,-3.));
#4911 = SURFACE_CURVE('',#4912,(#4917,#4924),.PCURVE_S1.);
#4912 = CIRCLE('',#4913,3.);
#4913 = AXIS2_PLACEMENT_3D('',#4914,#4915,#4916);
#4914 = CARTESIAN_POINT('',(0.,-2.E-15,-3.));
#4915 = DIRECTION('',(0.,6.6E-16,1.));
#4916 = DIRECTION('',(-1.,0.,0.));
#4917 = PCURVE('',#2145,#4918);
#4918 = DEFINITIONAL_REPRESENTATION('',(#4919),#4923);
#4919 = CIRCLE('',#4920,3.);
#4920 = AXIS2_PLACEMENT_2D('',#4921,#4922);
#4921 = CARTESIAN_POINT('',(0.,0.));
#4922 = DIRECTION('',(1.,0.));
#4923 = ( GEOMETRIC_REPRESENTATION_CONTEXT(2) 
PARAMETRIC_REPRESENTATION_CONTEXT() REPRESENTATION_CONTEXT('2D SPACE',''
  ) );
#4924 = PCURVE('',#2837,#4925);
#4925 = DEFINITIONAL_REPRESENTATION('',(#4926),#4930);
#4926 = LINE('',#4927,#4928);
#4927 = CARTESIAN_POINT('',(0.,0.));
#4928 = VECTOR('',#4929,1.);
#4929 = DIRECTION('',(1.,0.));
#4930 = ( GEOMETRIC_REPRESENTATION_CONTEXT(2) 
PARAMETRIC_REPRESENTATION_CONTEXT() REPRESENTATION_CONTEXT('2D SPACE',''
  ) );
#4931 = ORIENTED_EDGE('',*,*,#4932,.F.);
#4932 = EDGE_CURVE('',#4933,#4909,#4935,.T.);
#4933 = VERTEX_POINT('',#4934);
#4934 = CARTESIAN_POINT('',(0.167492643406,-2.662219331628,-3.));
#4935 = SURFACE_CURVE('',#4936,(#4940,#4947),.PCURVE_S1.);
#4936 = LINE('',#4937,#4938);
#4937 = CARTESIAN_POINT('',(0.167492643406,-2.662219331628,-3.));
#4938 = VECTOR('',#4939,1.);
#4939 = DIRECTION('',(-0.461167334689,-0.887313185643,2.706168622524E-16
    ));
#4940 = PCURVE('',#2145,#4941);
#4941 = DEFINITIONAL_REPRESENTATION('',(#4942),#4946);
#4942 = LINE('',#4943,#4944);
#4943 = CARTESIAN_POINT('',(-0.167492643406,2.662219331628));
#4944 = VECTOR('',#4945,1.);
#4945 = DIRECTION('',(0.461167334689,0.887313185643));
#4946 = ( GEOMETRIC_REPRESENTATION_CONTEXT(2) 
PARAMETRIC_REPRESENTATION_CONTEXT() REPRESENTATION_CONTEXT('2D SPACE',''
  ) );
#4947 = PCURVE('',#2808,#4948);
#4948 = DEFINITIONAL_REPRESENTATION('',(#4949),#4953);
#4949 = LINE('',#4950,#4951);
#4950 = CARTESIAN_POINT('',(0.,-0.));
#4951 = VECTOR('',#4952,1.);
#4952 = DIRECTION('',(1.,-1.38777878078E-17));
#4953 = ( GEOMETRIC_REPRESENTATION_CONTEXT(2) 
PARAMETRIC_REPRESENTATION_CONTEXT() REPRESENTATION_CONTEXT('2D SPACE',''
  ) );
#4954 = ORIENTED_EDGE('',*,*,#4955,.F.);
#4955 = EDGE_CURVE('',#4956,#4933,#4958,.T.);
#4956 = VERTEX_POINT('',#4957);
#4957 = CARTESIAN_POINT('',(0.368344133876,-2.977301227461,-3.));
#4958 = SURFACE_CURVE('',#4959,(#4963,#4970),.PCURVE_S1.);
#4959 = LINE('',#4960,#4961);
#4960 = CARTESIAN_POINT('',(0.368344133876,-2.977301227461,-3.));
#4961 = VECTOR('',#4962,1.);
#4962 = DIRECTION('',(-0.537532185601,0.843243232669,-9.714451465475E-17
    ));
#4963 = PCURVE('',#2145,#4964);
#4964 = DEFINITIONAL_REPRESENTATION('',(#4965),#4969);
#4965 = LINE('',#4966,#4967);
#4966 = CARTESIAN_POINT('',(-0.368344133876,2.977301227461));
#4967 = VECTOR('',#4968,1.);
#4968 = DIRECTION('',(0.537532185601,-0.843243232669));
#4969 = ( GEOMETRIC_REPRESENTATION_CONTEXT(2) 
PARAMETRIC_REPRESENTATION_CONTEXT() REPRESENTATION_CONTEXT('2D SPACE',''
  ) );
#4970 = PCURVE('',#2780,#4971);
#4971 = DEFINITIONAL_REPRESENTATION('',(#4972),#4976);
#4972 = LINE('',#4973,#4974);
#4973 = CARTESIAN_POINT('',(0.,-0.));
#4974 = VECTOR('',#4975,1.);
#4975 = DIRECTION('',(1.,-1.387778780781E-17));
#4976 = ( GEOMETRIC_REPRESENTATION_CONTEXT(2) 
PARAMETRIC_REPRESENTATION_CONTEXT() REPRESENTATION_CONTEXT('2D SPACE',''
  ) );
#4977 = ORIENTED_EDGE('',*,*,#4978,.T.);
#4978 = EDGE_CURVE('',#4956,#4979,#4981,.T.);
#4979 = VERTEX_POINT('',#4980);
#4980 = CARTESIAN_POINT('',(0.738262106152,-2.907742949888,-3.));
#4981 = SURFACE_CURVE('',#4982,(#4987,#4994),.PCURVE_S1.);
#4982 = CIRCLE('',#4983,3.);
#4983 = AXIS2_PLACEMENT_3D('',#4984,#4985,#4986);
#4984 = CARTESIAN_POINT('',(0.,-2.E-15,-3.));
#4985 = DIRECTION('',(0.,6.6E-16,1.));
#4986 = DIRECTION('',(-1.,0.,0.));
#4987 = PCURVE('',#2145,#4988);
#4988 = DEFINITIONAL_REPRESENTATION('',(#4989),#4993);
#4989 = CIRCLE('',#4990,3.);
#4990 = AXIS2_PLACEMENT_2D('',#4991,#4992);
#4991 = CARTESIAN_POINT('',(0.,0.));
#4992 = DIRECTION('',(1.,0.));
#4993 = ( GEOMETRIC_REPRESENTATION_CONTEXT(2) 
PARAMETRIC_REPRESENTATION_CONTEXT() REPRESENTATION_CONTEXT('2D SPACE',''
  ) );
#4994 = PCURVE('',#2752,#4995);
#4995 = DEFINITIONAL_REPRESENTATION('',(#4996),#5000);
#4996 = LINE('',#4997,#4998);
#4997 = CARTESIAN_POINT('',(0.,0.));
#4998 = VECTOR('',#4999,1.);
#4999 = DIRECTION('',(1.,0.));
#5000 = ( GEOMETRIC_REPRESENTATION_CONTEXT(2) 
PARAMETRIC_REPRESENTATION_CONTEXT() REPRESENTATION_CONTEXT('2D SPACE',''
  ) );
#5001 = ORIENTED_EDGE('',*,*,#5002,.F.);
#5002 = EDGE_CURVE('',#5003,#4979,#5005,.T.);
#5003 = VERTEX_POINT('',#5004);
#5004 = CARTESIAN_POINT('',(0.824297579206,-2.536927089257,-3.));
#5005 = SURFACE_CURVE('',#5006,(#5010,#5017),.PCURVE_S1.);
#5006 = LINE('',#5007,#5008);
#5007 = CARTESIAN_POINT('',(0.824297579206,-2.536927089257,-3.));
#5008 = VECTOR('',#5009,1.);
#5009 = DIRECTION('',(-0.226013098825,-0.974124262689,1.387778780781E-16
    ));
#5010 = PCURVE('',#2145,#5011);
#5011 = DEFINITIONAL_REPRESENTATION('',(#5012),#5016);
#5012 = LINE('',#5013,#5014);
#5013 = CARTESIAN_POINT('',(-0.824297579206,2.536927089257));
#5014 = VECTOR('',#5015,1.);
#5015 = DIRECTION('',(0.226013098825,0.974124262689));
#5016 = ( GEOMETRIC_REPRESENTATION_CONTEXT(2) 
PARAMETRIC_REPRESENTATION_CONTEXT() REPRESENTATION_CONTEXT('2D SPACE',''
  ) );
#5017 = PCURVE('',#2723,#5018);
#5018 = DEFINITIONAL_REPRESENTATION('',(#5019),#5023);
#5019 = LINE('',#5020,#5021);
#5020 = CARTESIAN_POINT('',(0.,0.));
#5021 = VECTOR('',#5022,1.);
#5022 = DIRECTION('',(1.,-4.16333634234E-17));
#5023 = ( GEOMETRIC_REPRESENTATION_CONTEXT(2) 
PARAMETRIC_REPRESENTATION_CONTEXT() REPRESENTATION_CONTEXT('2D SPACE',''
  ) );
#5024 = ORIENTED_EDGE('',*,*,#5025,.F.);
#5025 = EDGE_CURVE('',#5026,#5003,#5028,.T.);
#5026 = VERTEX_POINT('',#5027);
#5027 = CARTESIAN_POINT('',(1.097196631885,-2.792160373435,-3.));
#5028 = SURFACE_CURVE('',#5029,(#5033,#5040),.PCURVE_S1.);
#5029 = LINE('',#5030,#5031);
#5030 = CARTESIAN_POINT('',(1.097196631885,-2.792160373435,-3.));
#5031 = VECTOR('',#5032,1.);
#5032 = DIRECTION('',(-0.730350687923,0.683072377315,-4.718447854656E-16
    ));
#5033 = PCURVE('',#2145,#5034);
#5034 = DEFINITIONAL_REPRESENTATION('',(#5035),#5039);
#5035 = LINE('',#5036,#5037);
#5036 = CARTESIAN_POINT('',(-1.097196631885,2.792160373435));
#5037 = VECTOR('',#5038,1.);
#5038 = DIRECTION('',(0.730350687923,-0.683072377315));
#5039 = ( GEOMETRIC_REPRESENTATION_CONTEXT(2) 
PARAMETRIC_REPRESENTATION_CONTEXT() REPRESENTATION_CONTEXT('2D SPACE',''
  ) );
#5040 = PCURVE('',#2695,#5041);
#5041 = DEFINITIONAL_REPRESENTATION('',(#5042),#5046);
#5042 = LINE('',#5043,#5044);
#5043 = CARTESIAN_POINT('',(0.,0.));
#5044 = VECTOR('',#5045,1.);
#5045 = DIRECTION('',(1.,5.551115123129E-17));
#5046 = ( GEOMETRIC_REPRESENTATION_CONTEXT(2) 
PARAMETRIC_REPRESENTATION_CONTEXT() REPRESENTATION_CONTEXT('2D SPACE',''
  ) );
#5047 = ORIENTED_EDGE('',*,*,#5048,.T.);
#5048 = EDGE_CURVE('',#5026,#5049,#5051,.T.);
#5049 = VERTEX_POINT('',#5050);
#5050 = CARTESIAN_POINT('',(1.43819451063,-2.632792538275,-3.));
#5051 = SURFACE_CURVE('',#5052,(#5057,#5064),.PCURVE_S1.);
#5052 = CIRCLE('',#5053,3.);
#5053 = AXIS2_PLACEMENT_3D('',#5054,#5055,#5056);
#5054 = CARTESIAN_POINT('',(0.,-2.E-15,-3.));
#5055 = DIRECTION('',(0.,6.6E-16,1.));
#5056 = DIRECTION('',(-1.,0.,0.));
#5057 = PCURVE('',#2145,#5058);
#5058 = DEFINITIONAL_REPRESENTATION('',(#5059),#5063);
#5059 = CIRCLE('',#5060,3.);
#5060 = AXIS2_PLACEMENT_2D('',#5061,#5062);
#5061 = CARTESIAN_POINT('',(0.,0.));
#5062 = DIRECTION('',(1.,0.));
#5063 = ( GEOMETRIC_REPRESENTATION_CONTEXT(2) 
PARAMETRIC_REPRESENTATION_CONTEXT() REPRESENTATION_CONTEXT('2D SPACE',''
  ) );
#5064 = PCURVE('',#2667,#5065);
#5065 = DEFINITIONAL_REPRESENTATION('',(#5066),#5070);
#5066 = LINE('',#5067,#5068);
#5067 = CARTESIAN_POINT('',(0.,0.));
#5068 = VECTOR('',#5069,1.);
#5069 = DIRECTION('',(1.,0.));
#5070 = ( GEOMETRIC_REPRESENTATION_CONTEXT(2) 
PARAMETRIC_REPRESENTATION_CONTEXT() REPRESENTATION_CONTEXT('2D SPACE',''
  ) );
#5071 = ORIENTED_EDGE('',*,*,#5072,.F.);
#5072 = EDGE_CURVE('',#5073,#5049,#5075,.T.);
#5073 = VERTEX_POINT('',#5074);
#5074 = CARTESIAN_POINT('',(1.429308866551,-2.252230387702,-3.));
#5075 = SURFACE_CURVE('',#5076,(#5080,#5087),.PCURVE_S1.);
#5076 = LINE('',#5077,#5078);
#5077 = CARTESIAN_POINT('',(1.429308866551,-2.252230387702,-3.));
#5078 = VECTOR('',#5079,1.);
#5079 = DIRECTION('',(2.33423712566E-02,-0.999727529732,
    2.012279232133E-16));
#5080 = PCURVE('',#2145,#5081);
#5081 = DEFINITIONAL_REPRESENTATION('',(#5082),#5086);
#5082 = LINE('',#5083,#5084);
#5083 = CARTESIAN_POINT('',(-1.429308866551,2.252230387702));
#5084 = VECTOR('',#5085,1.);
#5085 = DIRECTION('',(-2.33423712566E-02,0.999727529732));
#5086 = ( GEOMETRIC_REPRESENTATION_CONTEXT(2) 
PARAMETRIC_REPRESENTATION_CONTEXT() REPRESENTATION_CONTEXT('2D SPACE',''
  ) );
#5087 = PCURVE('',#2638,#5088);
#5088 = DEFINITIONAL_REPRESENTATION('',(#5089),#5093);
#5089 = LINE('',#5090,#5091);
#5090 = CARTESIAN_POINT('',(0.,0.));
#5091 = VECTOR('',#5092,1.);
#5092 = DIRECTION('',(1.,-5.72458747072E-17));
#5093 = ( GEOMETRIC_REPRESENTATION_CONTEXT(2) 
PARAMETRIC_REPRESENTATION_CONTEXT() REPRESENTATION_CONTEXT('2D SPACE',''
  ) );
#5094 = ORIENTED_EDGE('',*,*,#5095,.F.);
#5095 = EDGE_CURVE('',#5096,#5073,#5098,.T.);
#5096 = VERTEX_POINT('',#5097);
#5097 = CARTESIAN_POINT('',(1.757108230307,-2.431577814298,-3.));
#5098 = SURFACE_CURVE('',#5099,(#5103,#5110),.PCURVE_S1.);
#5099 = LINE('',#5100,#5101);
#5100 = CARTESIAN_POINT('',(1.757108230307,-2.431577814298,-3.));
#5101 = VECTOR('',#5102,1.);
#5102 = DIRECTION('',(-0.877278570481,0.479981572329,-1.110223024625E-16
    ));
#5103 = PCURVE('',#2145,#5104);
#5104 = DEFINITIONAL_REPRESENTATION('',(#5105),#5109);
#5105 = LINE('',#5106,#5107);
#5106 = CARTESIAN_POINT('',(-1.757108230307,2.431577814298));
#5107 = VECTOR('',#5108,1.);
#5108 = DIRECTION('',(0.877278570481,-0.479981572329));
#5109 = ( GEOMETRIC_REPRESENTATION_CONTEXT(2) 
PARAMETRIC_REPRESENTATION_CONTEXT() REPRESENTATION_CONTEXT('2D SPACE',''
  ) );
#5110 = PCURVE('',#2610,#5111);
#5111 = DEFINITIONAL_REPRESENTATION('',(#5112),#5116);
#5112 = LINE('',#5113,#5114);
#5113 = CARTESIAN_POINT('',(0.,-0.));
#5114 = VECTOR('',#5115,1.);
#5115 = DIRECTION('',(1.,5.551115123122E-17));
#5116 = ( GEOMETRIC_REPRESENTATION_CONTEXT(2) 
PARAMETRIC_REPRESENTATION_CONTEXT() REPRESENTATION_CONTEXT('2D SPACE',''
  ) );
#5117 = ORIENTED_EDGE('',*,*,#5118,.T.);
#5118 = EDGE_CURVE('',#5096,#5119,#5121,.T.);
#5119 = VERTEX_POINT('',#5120);
#5120 = CARTESIAN_POINT('',(2.047759864696,-2.192414088748,-3.));
#5121 = SURFACE_CURVE('',#5122,(#5127,#5134),.PCURVE_S1.);
#5122 = CIRCLE('',#5123,3.);
#5123 = AXIS2_PLACEMENT_3D('',#5124,#5125,#5126);
#5124 = CARTESIAN_POINT('',(0.,-2.E-15,-3.));
#5125 = DIRECTION('',(0.,6.6E-16,1.));
#5126 = DIRECTION('',(-1.,0.,0.));
#5127 = PCURVE('',#2145,#5128);
#5128 = DEFINITIONAL_REPRESENTATION('',(#5129),#5133);
#5129 = CIRCLE('',#5130,3.);
#5130 = AXIS2_PLACEMENT_2D('',#5131,#5132);
#5131 = CARTESIAN_POINT('',(0.,0.));
#5132 = DIRECTION('',(1.,0.));
#5133 = ( GEOMETRIC_REPRESENTATION_CONTEXT(2) 
PARAMETRIC_REPRESENTATION_CONTEXT() REPRESENTATION_CONTEXT('2D SPACE',''
  ) );
#5134 = PCURVE('',#2582,#5135);
#5135 = DEFINITIONAL_REPRESENTATION('',(#5136),#5140);
#5136 = LINE('',#5137,#5138);
#5137 = CARTESIAN_POINT('',(0.,0.));
#5138 = VECTOR('',#5139,1.);
#5139 = DIRECTION('',(1.,0.));
#5140 = ( GEOMETRIC_REPRESENTATION_CONTEXT(2) 
PARAMETRIC_REPRESENTATION_CONTEXT() REPRESENTATION_CONTEXT('2D SPACE',''
  ) );
#5141 = ORIENTED_EDGE('',*,*,#5142,.F.);
#5142 = EDGE_CURVE('',#5143,#5119,#5145,.T.);
#5143 = VERTEX_POINT('',#5144);
#5144 = CARTESIAN_POINT('',(1.94451142118,-1.826017767764,-3.));
#5145 = SURFACE_CURVE('',#5146,(#5150,#5157),.PCURVE_S1.);
#5146 = LINE('',#5147,#5148);
#5147 = CARTESIAN_POINT('',(1.94451142118,-1.826017767764,-3.));
#5148 = VECTOR('',#5149,1.);
#5149 = DIRECTION('',(0.271231154305,-0.962514239341,1.387778780781E-16)
  );
#5150 = PCURVE('',#2145,#5151);
#5151 = DEFINITIONAL_REPRESENTATION('',(#5152),#5156);
#5152 = LINE('',#5153,#5154);
#5153 = CARTESIAN_POINT('',(-1.94451142118,1.826017767764));
#5154 = VECTOR('',#5155,1.);
#5155 = DIRECTION('',(-0.271231154305,0.962514239341));
#5156 = ( GEOMETRIC_REPRESENTATION_CONTEXT(2) 
PARAMETRIC_REPRESENTATION_CONTEXT() REPRESENTATION_CONTEXT('2D SPACE',''
  ) );
#5157 = PCURVE('',#2553,#5158);
#5158 = DEFINITIONAL_REPRESENTATION('',(#5159),#5163);
#5159 = LINE('',#5160,#5161);
#5160 = CARTESIAN_POINT('',(0.,-0.));
#5161 = VECTOR('',#5162,1.);
#5162 = DIRECTION('',(1.,-5.551115123122E-17));
#5163 = ( GEOMETRIC_REPRESENTATION_CONTEXT(2) 
PARAMETRIC_REPRESENTATION_CONTEXT() REPRESENTATION_CONTEXT('2D SPACE',''
  ) );
#5164 = ORIENTED_EDGE('',*,*,#5165,.F.);
#5165 = EDGE_CURVE('',#5166,#5143,#5168,.T.);
#5166 = VERTEX_POINT('',#5167);
#5167 = CARTESIAN_POINT('',(2.306614256426,-1.918210278372,-3.));
#5168 = SURFACE_CURVE('',#5169,(#5173,#5180),.PCURVE_S1.);
#5169 = LINE('',#5170,#5171);
#5170 = CARTESIAN_POINT('',(2.306614256426,-1.918210278372,-3.));
#5171 = VECTOR('',#5172,1.);
#5172 = DIRECTION('',(-0.96908381405,0.246731759905,1.110223024625E-16)
  );
#5173 = PCURVE('',#2145,#5174);
#5174 = DEFINITIONAL_REPRESENTATION('',(#5175),#5179);
#5175 = LINE('',#5176,#5177);
#5176 = CARTESIAN_POINT('',(-2.306614256426,1.918210278372));
#5177 = VECTOR('',#5178,1.);
#5178 = DIRECTION('',(0.96908381405,-0.246731759905));
#5179 = ( GEOMETRIC_REPRESENTATION_CONTEXT(2) 
PARAMETRIC_REPRESENTATION_CONTEXT() REPRESENTATION_CONTEXT('2D SPACE',''
  ) );
#5180 = PCURVE('',#2525,#5181);
#5181 = DEFINITIONAL_REPRESENTATION('',(#5182),#5186);
#5182 = LINE('',#5183,#5184);
#5183 = CARTESIAN_POINT('',(0.,-0.));
#5184 = VECTOR('',#5185,1.);
#5185 = DIRECTION('',(1.,1.110223024625E-16));
#5186 = ( GEOMETRIC_REPRESENTATION_CONTEXT(2) 
PARAMETRIC_REPRESENTATION_CONTEXT() REPRESENTATION_CONTEXT('2D SPACE',''
  ) );
#5187 = ORIENTED_EDGE('',*,*,#5188,.T.);
#5188 = EDGE_CURVE('',#5166,#5189,#5191,.T.);
#5189 = VERTEX_POINT('',#5190);
#5190 = CARTESIAN_POINT('',(2.528656935329,-1.614278198891,-3.));
#5191 = SURFACE_CURVE('',#5192,(#5197,#5204),.PCURVE_S1.);
#5192 = CIRCLE('',#5193,3.);
#5193 = AXIS2_PLACEMENT_3D('',#5194,#5195,#5196);
#5194 = CARTESIAN_POINT('',(0.,-2.E-15,-3.));
#5195 = DIRECTION('',(0.,6.6E-16,1.));
#5196 = DIRECTION('',(-1.,0.,0.));
#5197 = PCURVE('',#2145,#5198);
#5198 = DEFINITIONAL_REPRESENTATION('',(#5199),#5203);
#5199 = CIRCLE('',#5200,3.);
#5200 = AXIS2_PLACEMENT_2D('',#5201,#5202);
#5201 = CARTESIAN_POINT('',(0.,0.));
#5202 = DIRECTION('',(1.,0.));
#5203 = ( GEOMETRIC_REPRESENTATION_CONTEXT(2) 
PARAMETRIC_REPRESENTATION_CONTEXT() REPRESENTATION_CONTEXT('2D SPACE',''
  ) );
#5204 = PCURVE('',#2497,#5205);
#5205 = DEFINITIONAL_REPRESENTATION('',(#5206),#5210);
#5206 = LINE('',#5207,#5208);
#5207 = CARTESIAN_POINT('',(0.,0.));
#5208 = VECTOR('',#5209,1.);
#5209 = DIRECTION('',(1.,0.));
#5210 = ( GEOMETRIC_REPRESENTATION_CONTEXT(2) 
PARAMETRIC_REPRESENTATION_CONTEXT() REPRESENTATION_CONTEXT('2D SPACE',''
  ) );
#5211 = ORIENTED_EDGE('',*,*,#5212,.F.);
#5212 = EDGE_CURVE('',#5213,#5189,#5215,.T.);
#5213 = VERTEX_POINT('',#5214);
#5214 = CARTESIAN_POINT('',(2.337533171803,-1.285069735854,-3.));
#5215 = SURFACE_CURVE('',#5216,(#5220,#5227),.PCURVE_S1.);
#5216 = LINE('',#5217,#5218);
#5217 = CARTESIAN_POINT('',(2.337533171803,-1.285069735854,-3.));
#5218 = VECTOR('',#5219,1.);
#5219 = DIRECTION('',(0.502077486409,-0.864822639413,0.));
#5220 = PCURVE('',#2145,#5221);
#5221 = DEFINITIONAL_REPRESENTATION('',(#5222),#5226);
#5222 = LINE('',#5223,#5224);
#5223 = CARTESIAN_POINT('',(-2.337533171803,1.285069735854));
#5224 = VECTOR('',#5225,1.);
#5225 = DIRECTION('',(-0.502077486409,0.864822639413));
#5226 = ( GEOMETRIC_REPRESENTATION_CONTEXT(2) 
PARAMETRIC_REPRESENTATION_CONTEXT() REPRESENTATION_CONTEXT('2D SPACE',''
  ) );
#5227 = PCURVE('',#2468,#5228);
#5228 = DEFINITIONAL_REPRESENTATION('',(#5229),#5233);
#5229 = LINE('',#5230,#5231);
#5230 = CARTESIAN_POINT('',(0.,-0.));
#5231 = VECTOR('',#5232,1.);
#5232 = DIRECTION('',(1.,-8.326672684689E-17));
#5233 = ( GEOMETRIC_REPRESENTATION_CONTEXT(2) 
PARAMETRIC_REPRESENTATION_CONTEXT() REPRESENTATION_CONTEXT('2D SPACE',''
  ) );
#5234 = ORIENTED_EDGE('',*,*,#5235,.F.);
#5235 = EDGE_CURVE('',#5236,#5213,#5238,.T.);
#5236 = VERTEX_POINT('',#5237);
#5237 = CARTESIAN_POINT('',(2.71118722568,-1.284314535971,-3.));
#5238 = SURFACE_CURVE('',#5239,(#5243,#5250),.PCURVE_S1.);
#5239 = LINE('',#5240,#5241);
#5240 = CARTESIAN_POINT('',(2.71118722568,-1.284314535971,-3.));
#5241 = VECTOR('',#5242,1.);
#5242 = DIRECTION('',(-0.999997957542,-2.021116410131E-03,
    3.885780586189E-16));
#5243 = PCURVE('',#2145,#5244);
#5244 = DEFINITIONAL_REPRESENTATION('',(#5245),#5249);
#5245 = LINE('',#5246,#5247);
#5246 = CARTESIAN_POINT('',(-2.71118722568,1.284314535971));
#5247 = VECTOR('',#5248,1.);
#5248 = DIRECTION('',(0.999997957542,2.021116410131E-03));
#5249 = ( GEOMETRIC_REPRESENTATION_CONTEXT(2) 
PARAMETRIC_REPRESENTATION_CONTEXT() REPRESENTATION_CONTEXT('2D SPACE',''
  ) );
#5250 = PCURVE('',#2440,#5251);
#5251 = DEFINITIONAL_REPRESENTATION('',(#5252),#5256);
#5252 = LINE('',#5253,#5254);
#5253 = CARTESIAN_POINT('',(0.,-0.));
#5254 = VECTOR('',#5255,1.);
#5255 = DIRECTION('',(1.,-5.551115123131E-17));
#5256 = ( GEOMETRIC_REPRESENTATION_CONTEXT(2) 
PARAMETRIC_REPRESENTATION_CONTEXT() REPRESENTATION_CONTEXT('2D SPACE',''
  ) );
#5257 = ORIENTED_EDGE('',*,*,#5258,.T.);
#5258 = EDGE_CURVE('',#5236,#5259,#5261,.T.);
#5259 = VERTEX_POINT('',#5260);
#5260 = CARTESIAN_POINT('',(2.850669190965,-0.934711272897,-3.));
#5261 = SURFACE_CURVE('',#5262,(#5267,#5274),.PCURVE_S1.);
#5262 = CIRCLE('',#5263,3.);
#5263 = AXIS2_PLACEMENT_3D('',#5264,#5265,#5266);
#5264 = CARTESIAN_POINT('',(0.,-2.E-15,-3.));
#5265 = DIRECTION('',(0.,6.6E-16,1.));
#5266 = DIRECTION('',(-1.,0.,0.));
#5267 = PCURVE('',#2145,#5268);
#5268 = DEFINITIONAL_REPRESENTATION('',(#5269),#5273);
#5269 = CIRCLE('',#5270,3.);
#5270 = AXIS2_PLACEMENT_2D('',#5271,#5272);
#5271 = CARTESIAN_POINT('',(0.,0.));
#5272 = DIRECTION('',(1.,0.));
#5273 = ( GEOMETRIC_REPRESENTATION_CONTEXT(2) 
PARAMETRIC_REPRESENTATION_CONTEXT() REPRESENTATION_CONTEXT('2D SPACE',''
  ) );
#5274 = PCURVE('',#2412,#5275);
#5275 = DEFINITIONAL_REPRESENTATION('',(#5276),#5280);
#5276 = LINE('',#5277,#5278);
#5277 = CARTESIAN_POINT('',(0.,0.));
#5278 = VECTOR('',#5279,1.);
#5279 = DIRECTION('',(1.,0.));
#5280 = ( GEOMETRIC_REPRESENTATION_CONTEXT(2) 
PARAMETRIC_REPRESENTATION_CONTEXT() REPRESENTATION_CONTEXT('2D SPACE',''
  ) );
#5281 = ORIENTED_EDGE('',*,*,#5282,.F.);
#5282 = EDGE_CURVE('',#2244,#5259,#5283,.T.);
#5283 = SURFACE_CURVE('',#5284,(#5288,#5295),.PCURVE_S1.);
#5284 = LINE('',#5285,#5286);
#5285 = CARTESIAN_POINT('',(2.583679116397,-0.663376046284,-3.));
#5286 = VECTOR('',#5287,1.);
#5287 = DIRECTION('',(0.701376443531,-0.712791052455,-8.326672684689E-17
    ));
#5288 = PCURVE('',#2145,#5289);
#5289 = DEFINITIONAL_REPRESENTATION('',(#5290),#5294);
#5290 = LINE('',#5291,#5292);
#5291 = CARTESIAN_POINT('',(-2.583679116397,0.663376046284));
#5292 = VECTOR('',#5293,1.);
#5293 = DIRECTION('',(-0.701376443531,0.712791052455));
#5294 = ( GEOMETRIC_REPRESENTATION_CONTEXT(2) 
PARAMETRIC_REPRESENTATION_CONTEXT() REPRESENTATION_CONTEXT('2D SPACE',''
  ) );
#5295 = PCURVE('',#2282,#5296);
#5296 = DEFINITIONAL_REPRESENTATION('',(#5297),#5301);
#5297 = LINE('',#5298,#5299);
#5298 = CARTESIAN_POINT('',(0.,-0.));
#5299 = VECTOR('',#5300,1.);
#5300 = DIRECTION('',(1.,-8.326672684691E-17));
#5301 = ( GEOMETRIC_REPRESENTATION_CONTEXT(2) 
PARAMETRIC_REPRESENTATION_CONTEXT() REPRESENTATION_CONTEXT('2D SPACE',''
  ) );
#5302 = ORIENTED_EDGE('',*,*,#2243,.F.);
#5303 = ORIENTED_EDGE('',*,*,#2121,.T.);
#5304 = ORIENTED_EDGE('',*,*,#4411,.F.);
#5305 = ORIENTED_EDGE('',*,*,#5306,.F.);
#5306 = EDGE_CURVE('',#5307,#4412,#5309,.T.);
#5307 = VERTEX_POINT('',#5308);
#5308 = CARTESIAN_POINT('',(2.99455472312,0.180671,-3.));
#5309 = SURFACE_CURVE('',#5310,(#5314,#5321),.PCURVE_S1.);
#5310 = LINE('',#5311,#5312);
#5311 = CARTESIAN_POINT('',(2.99455472312,0.180671,-3.));
#5312 = VECTOR('',#5313,1.);
#5313 = DIRECTION('',(-0.875331209968,-0.483523807951,1.1E-16));
#5314 = PCURVE('',#2145,#5315);
#5315 = DEFINITIONAL_REPRESENTATION('',(#5316),#5320);
#5316 = LINE('',#5317,#5318);
#5317 = CARTESIAN_POINT('',(-2.99455472312,-0.180671));
#5318 = VECTOR('',#5319,1.);
#5319 = DIRECTION('',(0.875331209968,0.483523807951));
#5320 = ( GEOMETRIC_REPRESENTATION_CONTEXT(2) 
PARAMETRIC_REPRESENTATION_CONTEXT() REPRESENTATION_CONTEXT('2D SPACE',''
  ) );
#5321 = PCURVE('',#2337,#5322);
#5322 = DEFINITIONAL_REPRESENTATION('',(#5323),#5327);
#5323 = LINE('',#5324,#5325);
#5324 = CARTESIAN_POINT('',(0.,0.));
#5325 = VECTOR('',#5326,1.);
#5326 = DIRECTION('',(1.,-6.000000000002E-17));
#5327 = ( GEOMETRIC_REPRESENTATION_CONTEXT(2) 
PARAMETRIC_REPRESENTATION_CONTEXT() REPRESENTATION_CONTEXT('2D SPACE',''
  ) );
#5328 = ORIENTED_EDGE('',*,*,#5329,.T.);
#5329 = EDGE_CURVE('',#5307,#5330,#5332,.T.);
#5330 = VERTEX_POINT('',#5331);
#5331 = CARTESIAN_POINT('',(2.948361044581,0.554226624044,-3.));
#5332 = SURFACE_CURVE('',#5333,(#5338,#5345),.PCURVE_S1.);
#5333 = CIRCLE('',#5334,3.);
#5334 = AXIS2_PLACEMENT_3D('',#5335,#5336,#5337);
#5335 = CARTESIAN_POINT('',(0.,-2.E-15,-3.));
#5336 = DIRECTION('',(0.,6.6E-16,1.));
#5337 = DIRECTION('',(-1.,0.,0.));
#5338 = PCURVE('',#2145,#5339);
#5339 = DEFINITIONAL_REPRESENTATION('',(#5340),#5344);
#5340 = CIRCLE('',#5341,3.);
#5341 = AXIS2_PLACEMENT_2D('',#5342,#5343);
#5342 = CARTESIAN_POINT('',(0.,0.));
#5343 = DIRECTION('',(1.,0.));
#5344 = ( GEOMETRIC_REPRESENTATION_CONTEXT(2) 
PARAMETRIC_REPRESENTATION_CONTEXT() REPRESENTATION_CONTEXT('2D SPACE',''
  ) );
#5345 = PCURVE('',#4365,#5346);
#5346 = DEFINITIONAL_REPRESENTATION('',(#5347),#5351);
#5347 = LINE('',#5348,#5349);
#5348 = CARTESIAN_POINT('',(-4.440892098501E-16,0.));
#5349 = VECTOR('',#5350,1.);
#5350 = DIRECTION('',(1.,0.));
#5351 = ( GEOMETRIC_REPRESENTATION_CONTEXT(2) 
PARAMETRIC_REPRESENTATION_CONTEXT() REPRESENTATION_CONTEXT('2D SPACE',''
  ) );
#5352 = ORIENTED_EDGE('',*,*,#5353,.F.);
#5353 = EDGE_CURVE('',#5354,#5330,#5356,.T.);
#5354 = VERTEX_POINT('',#5355);
#5355 = CARTESIAN_POINT('',(2.583679116397,0.663376046284,-3.));
#5356 = SURFACE_CURVE('',#5357,(#5361,#5368),.PCURVE_S1.);
#5357 = LINE('',#5358,#5359);
#5358 = CARTESIAN_POINT('',(2.583679116397,0.663376046284,-3.));
#5359 = VECTOR('',#5360,1.);
#5360 = DIRECTION('',(0.958010571079,-0.286732882142,-2.220446049249E-16
    ));
#5361 = PCURVE('',#2145,#5362);
#5362 = DEFINITIONAL_REPRESENTATION('',(#5363),#5367);
#5363 = LINE('',#5364,#5365);
#5364 = CARTESIAN_POINT('',(-2.583679116397,-0.663376046284));
#5365 = VECTOR('',#5366,1.);
#5366 = DIRECTION('',(-0.958010571079,0.286732882142));
#5367 = ( GEOMETRIC_REPRESENTATION_CONTEXT(2) 
PARAMETRIC_REPRESENTATION_CONTEXT() REPRESENTATION_CONTEXT('2D SPACE',''
  ) );
#5368 = PCURVE('',#4338,#5369);
#5369 = DEFINITIONAL_REPRESENTATION('',(#5370),#5374);
#5370 = LINE('',#5371,#5372);
#5371 = CARTESIAN_POINT('',(0.,-0.));
#5372 = VECTOR('',#5373,1.);
#5373 = DIRECTION('',(1.,-2.775557561569E-17));
#5374 = ( GEOMETRIC_REPRESENTATION_CONTEXT(2) 
PARAMETRIC_REPRESENTATION_CONTEXT() REPRESENTATION_CONTEXT('2D SPACE',''
  ) );
#5375 = ORIENTED_EDGE('',*,*,#5376,.F.);
#5376 = EDGE_CURVE('',#5377,#5354,#5379,.T.);
#5377 = VERTEX_POINT('',#5378);
#5378 = CARTESIAN_POINT('',(2.855544229288,0.919710364506,-3.));
#5379 = SURFACE_CURVE('',#5380,(#5384,#5391),.PCURVE_S1.);
#5380 = LINE('',#5381,#5382);
#5381 = CARTESIAN_POINT('',(2.855544229288,0.919710364506,-3.));
#5382 = VECTOR('',#5383,1.);
#5383 = DIRECTION('',(-0.727583589144,-0.686019038225,3.330669073877E-16
    ));
#5384 = PCURVE('',#2145,#5385);
#5385 = DEFINITIONAL_REPRESENTATION('',(#5386),#5390);
#5386 = LINE('',#5387,#5388);
#5387 = CARTESIAN_POINT('',(-2.855544229288,-0.919710364506));
#5388 = VECTOR('',#5389,1.);
#5389 = DIRECTION('',(0.727583589144,0.686019038225));
#5390 = ( GEOMETRIC_REPRESENTATION_CONTEXT(2) 
PARAMETRIC_REPRESENTATION_CONTEXT() REPRESENTATION_CONTEXT('2D SPACE',''
  ) );
#5391 = PCURVE('',#4310,#5392);
#5392 = DEFINITIONAL_REPRESENTATION('',(#5393),#5397);
#5393 = LINE('',#5394,#5395);
#5394 = CARTESIAN_POINT('',(0.,-0.));
#5395 = VECTOR('',#5396,1.);
#5396 = DIRECTION('',(1.,-2.775557561562E-17));
#5397 = ( GEOMETRIC_REPRESENTATION_CONTEXT(2) 
PARAMETRIC_REPRESENTATION_CONTEXT() REPRESENTATION_CONTEXT('2D SPACE',''
  ) );
#5398 = ORIENTED_EDGE('',*,*,#5399,.T.);
#5399 = EDGE_CURVE('',#5377,#5400,#5402,.T.);
#5400 = VERTEX_POINT('',#5401);
#5401 = CARTESIAN_POINT('',(2.717902304111,1.270042150996,-3.));
#5402 = SURFACE_CURVE('',#5403,(#5408,#5415),.PCURVE_S1.);
#5403 = CIRCLE('',#5404,3.);
#5404 = AXIS2_PLACEMENT_3D('',#5405,#5406,#5407);
#5405 = CARTESIAN_POINT('',(0.,-2.E-15,-3.));
#5406 = DIRECTION('',(0.,6.6E-16,1.));
#5407 = DIRECTION('',(-1.,0.,0.));
#5408 = PCURVE('',#2145,#5409);
#5409 = DEFINITIONAL_REPRESENTATION('',(#5410),#5414);
#5410 = CIRCLE('',#5411,3.);
#5411 = AXIS2_PLACEMENT_2D('',#5412,#5413);
#5412 = CARTESIAN_POINT('',(0.,0.));
#5413 = DIRECTION('',(1.,0.));
#5414 = ( GEOMETRIC_REPRESENTATION_CONTEXT(2) 
PARAMETRIC_REPRESENTATION_CONTEXT() REPRESENTATION_CONTEXT('2D SPACE',''
  ) );
#5415 = PCURVE('',#4282,#5416);
#5416 = DEFINITIONAL_REPRESENTATION('',(#5417),#5421);
#5417 = LINE('',#5418,#5419);
#5418 = CARTESIAN_POINT('',(-4.440892098501E-16,0.));
#5419 = VECTOR('',#5420,1.);
#5420 = DIRECTION('',(1.,0.));
#5421 = ( GEOMETRIC_REPRESENTATION_CONTEXT(2) 
PARAMETRIC_REPRESENTATION_CONTEXT() REPRESENTATION_CONTEXT('2D SPACE',''
  ) );
#5422 = ORIENTED_EDGE('',*,*,#5423,.F.);
#5423 = EDGE_CURVE('',#5424,#5400,#5426,.T.);
#5424 = VERTEX_POINT('',#5425);
#5425 = CARTESIAN_POINT('',(2.337533171803,1.285069735854,-3.));
#5426 = SURFACE_CURVE('',#5427,(#5431,#5438),.PCURVE_S1.);
#5427 = LINE('',#5428,#5429);
#5428 = CARTESIAN_POINT('',(2.337533171803,1.285069735854,-3.));
#5429 = VECTOR('',#5430,1.);
#5430 = DIRECTION('',(0.999220475436,-3.947710056066E-02,
    3.330669073876E-16));
#5431 = PCURVE('',#2145,#5432);
#5432 = DEFINITIONAL_REPRESENTATION('',(#5433),#5437);
#5433 = LINE('',#5434,#5435);
#5434 = CARTESIAN_POINT('',(-2.337533171803,-1.285069735854));
#5435 = VECTOR('',#5436,1.);
#5436 = DIRECTION('',(-0.999220475436,3.947710056066E-02));
#5437 = ( GEOMETRIC_REPRESENTATION_CONTEXT(2) 
PARAMETRIC_REPRESENTATION_CONTEXT() REPRESENTATION_CONTEXT('2D SPACE',''
  ) );
#5438 = PCURVE('',#4253,#5439);
#5439 = DEFINITIONAL_REPRESENTATION('',(#5440),#5444);
#5440 = LINE('',#5441,#5442);
#5441 = CARTESIAN_POINT('',(0.,0.));
#5442 = VECTOR('',#5443,1.);
#5443 = DIRECTION('',(1.,1.479114197289E-31));
#5444 = ( GEOMETRIC_REPRESENTATION_CONTEXT(2) 
PARAMETRIC_REPRESENTATION_CONTEXT() REPRESENTATION_CONTEXT('2D SPACE',''
  ) );
#5445 = ORIENTED_EDGE('',*,*,#5446,.F.);
#5446 = EDGE_CURVE('',#5447,#5424,#5449,.T.);
#5447 = VERTEX_POINT('',#5448);
#5448 = CARTESIAN_POINT('',(2.537109389573,1.600960944352,-3.));
#5449 = SURFACE_CURVE('',#5450,(#5454,#5461),.PCURVE_S1.);
#5450 = LINE('',#5451,#5452);
#5451 = CARTESIAN_POINT('',(2.537109389573,1.600960944352,-3.));
#5452 = VECTOR('',#5453,1.);
#5453 = DIRECTION('',(-0.53411921555,-0.845409169326,0.));
#5454 = PCURVE('',#2145,#5455);
#5455 = DEFINITIONAL_REPRESENTATION('',(#5456),#5460);
#5456 = LINE('',#5457,#5458);
#5457 = CARTESIAN_POINT('',(-2.537109389573,-1.600960944352));
#5458 = VECTOR('',#5459,1.);
#5459 = DIRECTION('',(0.53411921555,0.845409169326));
#5460 = ( GEOMETRIC_REPRESENTATION_CONTEXT(2) 
PARAMETRIC_REPRESENTATION_CONTEXT() REPRESENTATION_CONTEXT('2D SPACE',''
  ) );
#5461 = PCURVE('',#4225,#5462);
#5462 = DEFINITIONAL_REPRESENTATION('',(#5463),#5467);
#5463 = LINE('',#5464,#5465);
#5464 = CARTESIAN_POINT('',(-0.,0.));
#5465 = VECTOR('',#5466,1.);
#5466 = DIRECTION('',(1.,-1.387778780781E-16));
#5467 = ( GEOMETRIC_REPRESENTATION_CONTEXT(2) 
PARAMETRIC_REPRESENTATION_CONTEXT() REPRESENTATION_CONTEXT('2D SPACE',''
  ) );
#5468 = ORIENTED_EDGE('',*,*,#5469,.T.);
#5469 = EDGE_CURVE('',#5447,#5470,#5472,.T.);
#5470 = VERTEX_POINT('',#5471);
#5471 = CARTESIAN_POINT('',(2.316667766129,1.906056258713,-3.));
#5472 = SURFACE_CURVE('',#5473,(#5478,#5485),.PCURVE_S1.);
#5473 = CIRCLE('',#5474,3.);
#5474 = AXIS2_PLACEMENT_3D('',#5475,#5476,#5477);
#5475 = CARTESIAN_POINT('',(0.,-2.E-15,-3.));
#5476 = DIRECTION('',(0.,6.6E-16,1.));
#5477 = DIRECTION('',(-1.,0.,0.));
#5478 = PCURVE('',#2145,#5479);
#5479 = DEFINITIONAL_REPRESENTATION('',(#5480),#5484);
#5480 = CIRCLE('',#5481,3.);
#5481 = AXIS2_PLACEMENT_2D('',#5482,#5483);
#5482 = CARTESIAN_POINT('',(0.,0.));
#5483 = DIRECTION('',(1.,0.));
#5484 = ( GEOMETRIC_REPRESENTATION_CONTEXT(2) 
PARAMETRIC_REPRESENTATION_CONTEXT() REPRESENTATION_CONTEXT('2D SPACE',''
  ) );
#5485 = PCURVE('',#4197,#5486);
#5486 = DEFINITIONAL_REPRESENTATION('',(#5487),#5491);
#5487 = LINE('',#5488,#5489);
#5488 = CARTESIAN_POINT('',(-4.440892098501E-16,0.));
#5489 = VECTOR('',#5490,1.);
#5490 = DIRECTION('',(1.,0.));
#5491 = ( GEOMETRIC_REPRESENTATION_CONTEXT(2) 
PARAMETRIC_REPRESENTATION_CONTEXT() REPRESENTATION_CONTEXT('2D SPACE',''
  ) );
#5492 = ORIENTED_EDGE('',*,*,#5493,.F.);
#5493 = EDGE_CURVE('',#5494,#5470,#5496,.T.);
#5494 = VERTEX_POINT('',#5495);
#5495 = CARTESIAN_POINT('',(1.94451142118,1.826017767764,-3.));
#5496 = SURFACE_CURVE('',#5497,(#5501,#5508),.PCURVE_S1.);
#5497 = LINE('',#5498,#5499);
#5498 = CARTESIAN_POINT('',(1.94451142118,1.826017767764,-3.));
#5499 = VECTOR('',#5500,1.);
#5500 = DIRECTION('',(0.977645682447,0.210259172436,-1.665334536937E-16)
  );
#5501 = PCURVE('',#2145,#5502);
#5502 = DEFINITIONAL_REPRESENTATION('',(#5503),#5507);
#5503 = LINE('',#5504,#5505);
#5504 = CARTESIAN_POINT('',(-1.94451142118,-1.826017767764));
#5505 = VECTOR('',#5506,1.);
#5506 = DIRECTION('',(-0.977645682447,-0.210259172436));
#5507 = ( GEOMETRIC_REPRESENTATION_CONTEXT(2) 
PARAMETRIC_REPRESENTATION_CONTEXT() REPRESENTATION_CONTEXT('2D SPACE',''
  ) );
#5508 = PCURVE('',#4168,#5509);
#5509 = DEFINITIONAL_REPRESENTATION('',(#5510),#5514);
#5510 = LINE('',#5511,#5512);
#5511 = CARTESIAN_POINT('',(0.,-0.));
#5512 = VECTOR('',#5513,1.);
#5513 = DIRECTION('',(1.,5.551115123128E-17));
#5514 = ( GEOMETRIC_REPRESENTATION_CONTEXT(2) 
PARAMETRIC_REPRESENTATION_CONTEXT() REPRESENTATION_CONTEXT('2D SPACE',''
  ) );
#5515 = ORIENTED_EDGE('',*,*,#5516,.F.);
#5516 = EDGE_CURVE('',#5517,#5494,#5519,.T.);
#5517 = VERTEX_POINT('',#5518);
#5518 = CARTESIAN_POINT('',(2.059258636076,2.181617260142,-3.));
#5519 = SURFACE_CURVE('',#5520,(#5524,#5531),.PCURVE_S1.);
#5520 = LINE('',#5521,#5522);
#5521 = CARTESIAN_POINT('',(2.059258636076,2.181617260142,-3.));
#5522 = VECTOR('',#5523,1.);
#5523 = DIRECTION('',(-0.307094167289,-0.951679133121,2.498001805406E-16
    ));
#5524 = PCURVE('',#2145,#5525);
#5525 = DEFINITIONAL_REPRESENTATION('',(#5526),#5530);
#5526 = LINE('',#5527,#5528);
#5527 = CARTESIAN_POINT('',(-2.059258636076,-2.181617260142));
#5528 = VECTOR('',#5529,1.);
#5529 = DIRECTION('',(0.307094167289,0.951679133121));
#5530 = ( GEOMETRIC_REPRESENTATION_CONTEXT(2) 
PARAMETRIC_REPRESENTATION_CONTEXT() REPRESENTATION_CONTEXT('2D SPACE',''
  ) );
#5531 = PCURVE('',#4140,#5532);
#5532 = DEFINITIONAL_REPRESENTATION('',(#5533),#5537);
#5533 = LINE('',#5534,#5535);
#5534 = CARTESIAN_POINT('',(0.,-0.));
#5535 = VECTOR('',#5536,1.);
#5536 = DIRECTION('',(1.,-1.110223024626E-16));
#5537 = ( GEOMETRIC_REPRESENTATION_CONTEXT(2) 
PARAMETRIC_REPRESENTATION_CONTEXT() REPRESENTATION_CONTEXT('2D SPACE',''
  ) );
#5538 = ORIENTED_EDGE('',*,*,#5539,.T.);
#5539 = EDGE_CURVE('',#5517,#5540,#5542,.T.);
#5540 = VERTEX_POINT('',#5541);
#5541 = CARTESIAN_POINT('',(1.769868472293,2.42230584171,-3.));
#5542 = SURFACE_CURVE('',#5543,(#5548,#5555),.PCURVE_S1.);
#5543 = CIRCLE('',#5544,3.);
#5544 = AXIS2_PLACEMENT_3D('',#5545,#5546,#5547);
#5545 = CARTESIAN_POINT('',(0.,-2.E-15,-3.));
#5546 = DIRECTION('',(0.,6.6E-16,1.));
#5547 = DIRECTION('',(-1.,0.,0.));
#5548 = PCURVE('',#2145,#5549);
#5549 = DEFINITIONAL_REPRESENTATION('',(#5550),#5554);
#5550 = CIRCLE('',#5551,3.);
#5551 = AXIS2_PLACEMENT_2D('',#5552,#5553);
#5552 = CARTESIAN_POINT('',(0.,0.));
#5553 = DIRECTION('',(1.,0.));
#5554 = ( GEOMETRIC_REPRESENTATION_CONTEXT(2) 
PARAMETRIC_REPRESENTATION_CONTEXT() REPRESENTATION_CONTEXT('2D SPACE',''
  ) );
#5555 = PCURVE('',#4112,#5556);
#5556 = DEFINITIONAL_REPRESENTATION('',(#5557),#5561);
#5557 = LINE('',#5558,#5559);
#5558 = CARTESIAN_POINT('',(-4.440892098501E-16,0.));
#5559 = VECTOR('',#5560,1.);
#5560 = DIRECTION('',(1.,0.));
#5561 = ( GEOMETRIC_REPRESENTATION_CONTEXT(2) 
PARAMETRIC_REPRESENTATION_CONTEXT() REPRESENTATION_CONTEXT('2D SPACE',''
  ) );
#5562 = ORIENTED_EDGE('',*,*,#5563,.F.);
#5563 = EDGE_CURVE('',#5564,#5540,#5566,.T.);
#5564 = VERTEX_POINT('',#5565);
#5565 = CARTESIAN_POINT('',(1.429308866551,2.252230387702,-3.));
#5566 = SURFACE_CURVE('',#5567,(#5571,#5578),.PCURVE_S1.);
#5567 = LINE('',#5568,#5569);
#5568 = CARTESIAN_POINT('',(1.429308866551,2.252230387702,-3.));
#5569 = VECTOR('',#5570,1.);
#5570 = DIRECTION('',(0.894641815699,0.446784088349,1.665334536939E-16)
  );
#5571 = PCURVE('',#2145,#5572);
#5572 = DEFINITIONAL_REPRESENTATION('',(#5573),#5577);
#5573 = LINE('',#5574,#5575);
#5574 = CARTESIAN_POINT('',(-1.429308866551,-2.252230387702));
#5575 = VECTOR('',#5576,1.);
#5576 = DIRECTION('',(-0.894641815699,-0.446784088349));
#5577 = ( GEOMETRIC_REPRESENTATION_CONTEXT(2) 
PARAMETRIC_REPRESENTATION_CONTEXT() REPRESENTATION_CONTEXT('2D SPACE',''
  ) );
#5578 = PCURVE('',#4083,#5579);
#5579 = DEFINITIONAL_REPRESENTATION('',(#5580),#5584);
#5580 = LINE('',#5581,#5582);
#5581 = CARTESIAN_POINT('',(0.,0.));
#5582 = VECTOR('',#5583,1.);
#5583 = DIRECTION('',(1.,0.));
#5584 = ( GEOMETRIC_REPRESENTATION_CONTEXT(2) 
PARAMETRIC_REPRESENTATION_CONTEXT() REPRESENTATION_CONTEXT('2D SPACE',''
  ) );
#5585 = ORIENTED_EDGE('',*,*,#5586,.F.);
#5586 = EDGE_CURVE('',#5587,#5564,#5589,.T.);
#5587 = VERTEX_POINT('',#5588);
#5588 = CARTESIAN_POINT('',(1.45201708905,2.62519454005,-3.));
#5589 = SURFACE_CURVE('',#5590,(#5594,#5601),.PCURVE_S1.);
#5590 = LINE('',#5591,#5592);
#5591 = CARTESIAN_POINT('',(1.45201708905,2.62519454005,-3.));
#5592 = VECTOR('',#5593,1.);
#5593 = DIRECTION('',(-6.077326308376E-02,-0.99815159695,
    2.046973701653E-16));
#5594 = PCURVE('',#2145,#5595);
#5595 = DEFINITIONAL_REPRESENTATION('',(#5596),#5600);
#5596 = LINE('',#5597,#5598);
#5597 = CARTESIAN_POINT('',(-1.45201708905,-2.62519454005));
#5598 = VECTOR('',#5599,1.);
#5599 = DIRECTION('',(6.077326308376E-02,0.99815159695));
#5600 = ( GEOMETRIC_REPRESENTATION_CONTEXT(2) 
PARAMETRIC_REPRESENTATION_CONTEXT() REPRESENTATION_CONTEXT('2D SPACE',''
  ) );
#5601 = PCURVE('',#4055,#5602);
#5602 = DEFINITIONAL_REPRESENTATION('',(#5603),#5607);
#5603 = LINE('',#5604,#5605);
#5604 = CARTESIAN_POINT('',(0.,0.));
#5605 = VECTOR('',#5606,1.);
#5606 = DIRECTION('',(1.,-6.245004513521E-17));
#5607 = ( GEOMETRIC_REPRESENTATION_CONTEXT(2) 
PARAMETRIC_REPRESENTATION_CONTEXT() REPRESENTATION_CONTEXT('2D SPACE',''
  ) );
#5608 = ORIENTED_EDGE('',*,*,#5609,.T.);
#5609 = EDGE_CURVE('',#5587,#5610,#5612,.T.);
#5610 = VERTEX_POINT('',#5611);
#5611 = CARTESIAN_POINT('',(1.111861833222,2.786353040055,-3.));
#5612 = SURFACE_CURVE('',#5613,(#5618,#5625),.PCURVE_S1.);
#5613 = CIRCLE('',#5614,3.);
#5614 = AXIS2_PLACEMENT_3D('',#5615,#5616,#5617);
#5615 = CARTESIAN_POINT('',(0.,-2.E-15,-3.));
#5616 = DIRECTION('',(0.,6.6E-16,1.));
#5617 = DIRECTION('',(-1.,0.,0.));
#5618 = PCURVE('',#2145,#5619);
#5619 = DEFINITIONAL_REPRESENTATION('',(#5620),#5624);
#5620 = CIRCLE('',#5621,3.);
#5621 = AXIS2_PLACEMENT_2D('',#5622,#5623);
#5622 = CARTESIAN_POINT('',(0.,0.));
#5623 = DIRECTION('',(1.,0.));
#5624 = ( GEOMETRIC_REPRESENTATION_CONTEXT(2) 
PARAMETRIC_REPRESENTATION_CONTEXT() REPRESENTATION_CONTEXT('2D SPACE',''
  ) );
#5625 = PCURVE('',#4027,#5626);
#5626 = DEFINITIONAL_REPRESENTATION('',(#5627),#5631);
#5627 = LINE('',#5628,#5629);
#5628 = CARTESIAN_POINT('',(-8.881784197001E-16,0.));
#5629 = VECTOR('',#5630,1.);
#5630 = DIRECTION('',(1.,0.));
#5631 = ( GEOMETRIC_REPRESENTATION_CONTEXT(2) 
PARAMETRIC_REPRESENTATION_CONTEXT() REPRESENTATION_CONTEXT('2D SPACE',''
  ) );
#5632 = ORIENTED_EDGE('',*,*,#5633,.F.);
#5633 = EDGE_CURVE('',#5634,#5610,#5636,.T.);
#5634 = VERTEX_POINT('',#5635);
#5635 = CARTESIAN_POINT('',(0.824297579206,2.536927089257,-3.));
#5636 = SURFACE_CURVE('',#5637,(#5641,#5648),.PCURVE_S1.);
#5637 = LINE('',#5638,#5639);
#5638 = CARTESIAN_POINT('',(0.824297579206,2.536927089257,-3.));
#5639 = VECTOR('',#5640,1.);
#5640 = DIRECTION('',(0.755424313409,0.655235916834,-8.049116928537E-16)
  );
#5641 = PCURVE('',#2145,#5642);
#5642 = DEFINITIONAL_REPRESENTATION('',(#5643),#5647);
#5643 = LINE('',#5644,#5645);
#5644 = CARTESIAN_POINT('',(-0.824297579206,-2.536927089257));
#5645 = VECTOR('',#5646,1.);
#5646 = DIRECTION('',(-0.755424313409,-0.655235916834));
#5647 = ( GEOMETRIC_REPRESENTATION_CONTEXT(2) 
PARAMETRIC_REPRESENTATION_CONTEXT() REPRESENTATION_CONTEXT('2D SPACE',''
  ) );
#5648 = PCURVE('',#3998,#5649);
#5649 = DEFINITIONAL_REPRESENTATION('',(#5650),#5654);
#5650 = LINE('',#5651,#5652);
#5651 = CARTESIAN_POINT('',(0.,-0.));
#5652 = VECTOR('',#5653,1.);
#5653 = DIRECTION('',(1.,1.665334536938E-16));
#5654 = ( GEOMETRIC_REPRESENTATION_CONTEXT(2) 
PARAMETRIC_REPRESENTATION_CONTEXT() REPRESENTATION_CONTEXT('2D SPACE',''
  ) );
#5655 = ORIENTED_EDGE('',*,*,#5656,.F.);
#5656 = EDGE_CURVE('',#5657,#5634,#5659,.T.);
#5657 = VERTEX_POINT('',#5658);
#5658 = CARTESIAN_POINT('',(0.753539968174,2.903821192216,-3.));
#5659 = SURFACE_CURVE('',#5660,(#5664,#5671),.PCURVE_S1.);
#5660 = LINE('',#5661,#5662);
#5661 = CARTESIAN_POINT('',(0.753539968174,2.903821192216,-3.));
#5662 = VECTOR('',#5663,1.);
#5663 = DIRECTION('',(0.189366248749,-0.981906524999,4.857225732733E-17)
  );
#5664 = PCURVE('',#2145,#5665);
#5665 = DEFINITIONAL_REPRESENTATION('',(#5666),#5670);
#5666 = LINE('',#5667,#5668);
#5667 = CARTESIAN_POINT('',(-0.753539968174,-2.903821192216));
#5668 = VECTOR('',#5669,1.);
#5669 = DIRECTION('',(-0.189366248749,0.981906524999));
#5670 = ( GEOMETRIC_REPRESENTATION_CONTEXT(2) 
PARAMETRIC_REPRESENTATION_CONTEXT() REPRESENTATION_CONTEXT('2D SPACE',''
  ) );
#5671 = PCURVE('',#3970,#5672);
#5672 = DEFINITIONAL_REPRESENTATION('',(#5673),#5677);
#5673 = LINE('',#5674,#5675);
#5674 = CARTESIAN_POINT('',(0.,-0.));
#5675 = VECTOR('',#5676,1.);
#5676 = DIRECTION('',(1.,-1.38777878078E-17));
#5677 = ( GEOMETRIC_REPRESENTATION_CONTEXT(2) 
PARAMETRIC_REPRESENTATION_CONTEXT() REPRESENTATION_CONTEXT('2D SPACE',''
  ) );
#5678 = ORIENTED_EDGE('',*,*,#5679,.T.);
#5679 = EDGE_CURVE('',#5657,#5680,#5682,.T.);
#5680 = VERTEX_POINT('',#5681);
#5681 = CARTESIAN_POINT('',(0.383992826027,2.975323429404,-3.));
#5682 = SURFACE_CURVE('',#5683,(#5688,#5695),.PCURVE_S1.);
#5683 = CIRCLE('',#5684,3.);
#5684 = AXIS2_PLACEMENT_3D('',#5685,#5686,#5687);
#5685 = CARTESIAN_POINT('',(0.,-2.E-15,-3.));
#5686 = DIRECTION('',(0.,6.6E-16,1.));
#5687 = DIRECTION('',(-1.,0.,0.));
#5688 = PCURVE('',#2145,#5689);
#5689 = DEFINITIONAL_REPRESENTATION('',(#5690),#5694);
#5690 = CIRCLE('',#5691,3.);
#5691 = AXIS2_PLACEMENT_2D('',#5692,#5693);
#5692 = CARTESIAN_POINT('',(0.,0.));
#5693 = DIRECTION('',(1.,0.));
#5694 = ( GEOMETRIC_REPRESENTATION_CONTEXT(2) 
PARAMETRIC_REPRESENTATION_CONTEXT() REPRESENTATION_CONTEXT('2D SPACE',''
  ) );
#5695 = PCURVE('',#3942,#5696);
#5696 = DEFINITIONAL_REPRESENTATION('',(#5697),#5701);
#5697 = LINE('',#5698,#5699);
#5698 = CARTESIAN_POINT('',(0.,0.));
#5699 = VECTOR('',#5700,1.);
#5700 = DIRECTION('',(1.,0.));
#5701 = ( GEOMETRIC_REPRESENTATION_CONTEXT(2) 
PARAMETRIC_REPRESENTATION_CONTEXT() REPRESENTATION_CONTEXT('2D SPACE',''
  ) );
#5702 = ORIENTED_EDGE('',*,*,#5703,.F.);
#5703 = EDGE_CURVE('',#5704,#5680,#5706,.T.);
#5704 = VERTEX_POINT('',#5705);
#5705 = CARTESIAN_POINT('',(0.167492643406,2.662219331628,-3.));
#5706 = SURFACE_CURVE('',#5707,(#5711,#5718),.PCURVE_S1.);
#5707 = LINE('',#5708,#5709);
#5708 = CARTESIAN_POINT('',(0.167492643406,2.662219331628,-3.));
#5709 = VECTOR('',#5710,1.);
#5710 = DIRECTION('',(0.568740723252,0.822516862876,-5.13478148889E-16)
  );
#5711 = PCURVE('',#2145,#5712);
#5712 = DEFINITIONAL_REPRESENTATION('',(#5713),#5717);
#5713 = LINE('',#5714,#5715);
#5714 = CARTESIAN_POINT('',(-0.167492643406,-2.662219331628));
#5715 = VECTOR('',#5716,1.);
#5716 = DIRECTION('',(-0.568740723252,-0.822516862876));
#5717 = ( GEOMETRIC_REPRESENTATION_CONTEXT(2) 
PARAMETRIC_REPRESENTATION_CONTEXT() REPRESENTATION_CONTEXT('2D SPACE',''
  ) );
#5718 = PCURVE('',#3913,#5719);
#5719 = DEFINITIONAL_REPRESENTATION('',(#5720),#5724);
#5720 = LINE('',#5721,#5722);
#5721 = CARTESIAN_POINT('',(0.,-0.));
#5722 = VECTOR('',#5723,1.);
#5723 = DIRECTION('',(1.,2.958228394579E-31));
#5724 = ( GEOMETRIC_REPRESENTATION_CONTEXT(2) 
PARAMETRIC_REPRESENTATION_CONTEXT() REPRESENTATION_CONTEXT('2D SPACE',''
  ) );
#5725 = ORIENTED_EDGE('',*,*,#5726,.F.);
#5726 = EDGE_CURVE('',#5727,#5704,#5729,.T.);
#5727 = VERTEX_POINT('',#5728);
#5728 = CARTESIAN_POINT('',(7.715159771788E-03,2.999990079369,-3.));
#5729 = SURFACE_CURVE('',#5730,(#5734,#5741),.PCURVE_S1.);
#5730 = LINE('',#5731,#5732);
#5731 = CARTESIAN_POINT('',(7.715159771786E-03,2.999990079369,-3.));
#5732 = VECTOR('',#5733,1.);
#5733 = DIRECTION('',(0.427607182733,-0.903964654882,-5.204170427928E-17
    ));
#5734 = PCURVE('',#2145,#5735);
#5735 = DEFINITIONAL_REPRESENTATION('',(#5736),#5740);
#5736 = LINE('',#5737,#5738);
#5737 = CARTESIAN_POINT('',(-7.715159771786E-03,-2.999990079369));
#5738 = VECTOR('',#5739,1.);
#5739 = DIRECTION('',(-0.427607182733,0.903964654882));
#5740 = ( GEOMETRIC_REPRESENTATION_CONTEXT(2) 
PARAMETRIC_REPRESENTATION_CONTEXT() REPRESENTATION_CONTEXT('2D SPACE',''
  ) );
#5741 = PCURVE('',#3885,#5742);
#5742 = DEFINITIONAL_REPRESENTATION('',(#5743),#5747);
#5743 = LINE('',#5744,#5745);
#5744 = CARTESIAN_POINT('',(-4.796987623582E-16,9.859923491634E-33));
#5745 = VECTOR('',#5746,1.);
#5746 = DIRECTION('',(1.,2.095411779493E-31));
#5747 = ( GEOMETRIC_REPRESENTATION_CONTEXT(2) 
PARAMETRIC_REPRESENTATION_CONTEXT() REPRESENTATION_CONTEXT('2D SPACE',''
  ) );
#5748 = ORIENTED_EDGE('',*,*,#5749,.T.);
#5749 = EDGE_CURVE('',#5727,#5750,#5752,.T.);
#5750 = VERTEX_POINT('',#5751);
#5751 = CARTESIAN_POINT('',(-0.368003862653,2.977343305209,-3.));
#5752 = SURFACE_CURVE('',#5753,(#5758,#5765),.PCURVE_S1.);
#5753 = CIRCLE('',#5754,3.);
#5754 = AXIS2_PLACEMENT_3D('',#5755,#5756,#5757);
#5755 = CARTESIAN_POINT('',(0.,-2.E-15,-3.));
#5756 = DIRECTION('',(0.,6.6E-16,1.));
#5757 = DIRECTION('',(-1.,0.,0.));
#5758 = PCURVE('',#2145,#5759);
#5759 = DEFINITIONAL_REPRESENTATION('',(#5760),#5764);
#5760 = CIRCLE('',#5761,3.);
#5761 = AXIS2_PLACEMENT_2D('',#5762,#5763);
#5762 = CARTESIAN_POINT('',(0.,0.));
#5763 = DIRECTION('',(1.,0.));
#5764 = ( GEOMETRIC_REPRESENTATION_CONTEXT(2) 
PARAMETRIC_REPRESENTATION_CONTEXT() REPRESENTATION_CONTEXT('2D SPACE',''
  ) );
#5765 = PCURVE('',#3857,#5766);
#5766 = DEFINITIONAL_REPRESENTATION('',(#5767),#5771);
#5767 = LINE('',#5768,#5769);
#5768 = CARTESIAN_POINT('',(0.,0.));
#5769 = VECTOR('',#5770,1.);
#5770 = DIRECTION('',(1.,0.));
#5771 = ( GEOMETRIC_REPRESENTATION_CONTEXT(2) 
PARAMETRIC_REPRESENTATION_CONTEXT() REPRESENTATION_CONTEXT('2D SPACE',''
  ) );
#5772 = ORIENTED_EDGE('',*,*,#5773,.F.);
#5773 = EDGE_CURVE('',#5774,#5750,#5776,.T.);
#5774 = VERTEX_POINT('',#5775);
#5775 = CARTESIAN_POINT('',(-0.499836471175,2.620234542436,-3.));
#5776 = SURFACE_CURVE('',#5777,(#5781,#5788),.PCURVE_S1.);
#5777 = LINE('',#5778,#5779);
#5778 = CARTESIAN_POINT('',(-0.499836471175,2.620234542436,-3.));
#5779 = VECTOR('',#5780,1.);
#5780 = DIRECTION('',(0.34632106177,0.938116049417,-3.608224830033E-16)
  );
#5781 = PCURVE('',#2145,#5782);
#5782 = DEFINITIONAL_REPRESENTATION('',(#5783),#5787);
#5783 = LINE('',#5784,#5785);
#5784 = CARTESIAN_POINT('',(0.499836471175,-2.620234542436));
#5785 = VECTOR('',#5786,1.);
#5786 = DIRECTION('',(-0.34632106177,-0.938116049417));
#5787 = ( GEOMETRIC_REPRESENTATION_CONTEXT(2) 
PARAMETRIC_REPRESENTATION_CONTEXT() REPRESENTATION_CONTEXT('2D SPACE',''
  ) );
#5788 = PCURVE('',#3828,#5789);
#5789 = DEFINITIONAL_REPRESENTATION('',(#5790),#5794);
#5790 = LINE('',#5791,#5792);
#5791 = CARTESIAN_POINT('',(0.,-0.));
#5792 = VECTOR('',#5793,1.);
#5793 = DIRECTION('',(1.,-4.163336342342E-17));
#5794 = ( GEOMETRIC_REPRESENTATION_CONTEXT(2) 
PARAMETRIC_REPRESENTATION_CONTEXT() REPRESENTATION_CONTEXT('2D SPACE',''
  ) );
#5795 = ORIENTED_EDGE('',*,*,#5796,.F.);
#5796 = EDGE_CURVE('',#5797,#5774,#5799,.T.);
#5797 = VERTEX_POINT('',#5798);
#5798 = CARTESIAN_POINT('',(-0.738594420493,2.907658556642,-3.));
#5799 = SURFACE_CURVE('',#5800,(#5804,#5811),.PCURVE_S1.);
#5800 = LINE('',#5801,#5802);
#5801 = CARTESIAN_POINT('',(-0.738594420493,2.907658556642,-3.));
#5802 = VECTOR('',#5803,1.);
#5803 = DIRECTION('',(0.638979984796,-0.769223360949,-1.249000902703E-16
    ));
#5804 = PCURVE('',#2145,#5805);
#5805 = DEFINITIONAL_REPRESENTATION('',(#5806),#5810);
#5806 = LINE('',#5807,#5808);
#5807 = CARTESIAN_POINT('',(0.738594420493,-2.907658556642));
#5808 = VECTOR('',#5809,1.);
#5809 = DIRECTION('',(-0.638979984796,0.769223360949));
#5810 = ( GEOMETRIC_REPRESENTATION_CONTEXT(2) 
PARAMETRIC_REPRESENTATION_CONTEXT() REPRESENTATION_CONTEXT('2D SPACE',''
  ) );
#5811 = PCURVE('',#3800,#5812);
#5812 = DEFINITIONAL_REPRESENTATION('',(#5813),#5817);
#5813 = LINE('',#5814,#5815);
#5814 = CARTESIAN_POINT('',(0.,-0.));
#5815 = VECTOR('',#5816,1.);
#5816 = DIRECTION('',(1.,1.38777878078E-17));
#5817 = ( GEOMETRIC_REPRESENTATION_CONTEXT(2) 
PARAMETRIC_REPRESENTATION_CONTEXT() REPRESENTATION_CONTEXT('2D SPACE',''
  ) );
#5818 = ORIENTED_EDGE('',*,*,#5819,.T.);
#5819 = EDGE_CURVE('',#5797,#5820,#5822,.T.);
#5820 = VERTEX_POINT('',#5821);
#5821 = CARTESIAN_POINT('',(-1.09687751522,2.792285751245,-3.));
#5822 = SURFACE_CURVE('',#5823,(#5828,#5835),.PCURVE_S1.);
#5823 = CIRCLE('',#5824,3.);
#5824 = AXIS2_PLACEMENT_3D('',#5825,#5826,#5827);
#5825 = CARTESIAN_POINT('',(0.,-2.E-15,-3.));
#5826 = DIRECTION('',(0.,6.6E-16,1.));
#5827 = DIRECTION('',(-1.,0.,0.));
#5828 = PCURVE('',#2145,#5829);
#5829 = DEFINITIONAL_REPRESENTATION('',(#5830),#5834);
#5830 = CIRCLE('',#5831,3.);
#5831 = AXIS2_PLACEMENT_2D('',#5832,#5833);
#5832 = CARTESIAN_POINT('',(0.,0.));
#5833 = DIRECTION('',(1.,0.));
#5834 = ( GEOMETRIC_REPRESENTATION_CONTEXT(2) 
PARAMETRIC_REPRESENTATION_CONTEXT() REPRESENTATION_CONTEXT('2D SPACE',''
  ) );
#5835 = PCURVE('',#3772,#5836);
#5836 = DEFINITIONAL_REPRESENTATION('',(#5837),#5841);
#5837 = LINE('',#5838,#5839);
#5838 = CARTESIAN_POINT('',(0.,0.));
#5839 = VECTOR('',#5840,1.);
#5840 = DIRECTION('',(1.,0.));
#5841 = ( GEOMETRIC_REPRESENTATION_CONTEXT(2) 
PARAMETRIC_REPRESENTATION_CONTEXT() REPRESENTATION_CONTEXT('2D SPACE',''
  ) );
#5842 = ORIENTED_EDGE('',*,*,#5843,.F.);
#5843 = EDGE_CURVE('',#5844,#5820,#5846,.T.);
#5844 = VERTEX_POINT('',#5845);
#5845 = CARTESIAN_POINT('',(-1.135759022002,2.413610780393,-3.));
#5846 = SURFACE_CURVE('',#5847,(#5851,#5858),.PCURVE_S1.);
#5847 = LINE('',#5848,#5849);
#5848 = CARTESIAN_POINT('',(-1.135759022002,2.413610780393,-3.));
#5849 = VECTOR('',#5850,1.);
#5850 = DIRECTION('',(0.102140774297,0.994769954425,-3.747002708109E-16)
  );
#5851 = PCURVE('',#2145,#5852);
#5852 = DEFINITIONAL_REPRESENTATION('',(#5853),#5857);
#5853 = LINE('',#5854,#5855);
#5854 = CARTESIAN_POINT('',(1.135759022002,-2.413610780393));
#5855 = VECTOR('',#5856,1.);
#5856 = DIRECTION('',(-0.102140774297,-0.994769954425));
#5857 = ( GEOMETRIC_REPRESENTATION_CONTEXT(2) 
PARAMETRIC_REPRESENTATION_CONTEXT() REPRESENTATION_CONTEXT('2D SPACE',''
  ) );
#5858 = PCURVE('',#3743,#5859);
#5859 = DEFINITIONAL_REPRESENTATION('',(#5860),#5864);
#5860 = LINE('',#5861,#5862);
#5861 = CARTESIAN_POINT('',(0.,-0.));
#5862 = VECTOR('',#5863,1.);
#5863 = DIRECTION('',(1.,-2.081668171169E-17));
#5864 = ( GEOMETRIC_REPRESENTATION_CONTEXT(2) 
PARAMETRIC_REPRESENTATION_CONTEXT() REPRESENTATION_CONTEXT('2D SPACE',''
  ) );
#5865 = ORIENTED_EDGE('',*,*,#5866,.F.);
#5866 = EDGE_CURVE('',#5867,#5844,#5869,.T.);
#5867 = VERTEX_POINT('',#5868);
#5868 = CARTESIAN_POINT('',(-1.438495396959,2.632628153182,-3.));
#5869 = SURFACE_CURVE('',#5870,(#5874,#5881),.PCURVE_S1.);
#5870 = LINE('',#5871,#5872);
#5871 = CARTESIAN_POINT('',(-1.438495396959,2.632628153182,-3.));
#5872 = VECTOR('',#5873,1.);
#5873 = DIRECTION('',(0.810203324411,-0.586148934242,-5.551115123127E-16
    ));
#5874 = PCURVE('',#2145,#5875);
#5875 = DEFINITIONAL_REPRESENTATION('',(#5876),#5880);
#5876 = LINE('',#5877,#5878);
#5877 = CARTESIAN_POINT('',(1.438495396959,-2.632628153182));
#5878 = VECTOR('',#5879,1.);
#5879 = DIRECTION('',(-0.810203324411,0.586148934242));
#5880 = ( GEOMETRIC_REPRESENTATION_CONTEXT(2) 
PARAMETRIC_REPRESENTATION_CONTEXT() REPRESENTATION_CONTEXT('2D SPACE',''
  ) );
#5881 = PCURVE('',#3715,#5882);
#5882 = DEFINITIONAL_REPRESENTATION('',(#5883),#5887);
#5883 = LINE('',#5884,#5885);
#5884 = CARTESIAN_POINT('',(0.,-0.));
#5885 = VECTOR('',#5886,1.);
#5886 = DIRECTION('',(1.,1.665334536938E-16));
#5887 = ( GEOMETRIC_REPRESENTATION_CONTEXT(2) 
PARAMETRIC_REPRESENTATION_CONTEXT() REPRESENTATION_CONTEXT('2D SPACE',''
  ) );
#5888 = ORIENTED_EDGE('',*,*,#5889,.T.);
#5889 = EDGE_CURVE('',#5867,#5890,#5892,.T.);
#5890 = VERTEX_POINT('',#5891);
#5891 = CARTESIAN_POINT('',(-1.756830319471,2.431778614222,-3.));
#5892 = SURFACE_CURVE('',#5893,(#5898,#5905),.PCURVE_S1.);
#5893 = CIRCLE('',#5894,3.);
#5894 = AXIS2_PLACEMENT_3D('',#5895,#5896,#5897);
#5895 = CARTESIAN_POINT('',(0.,-2.E-15,-3.));
#5896 = DIRECTION('',(0.,6.6E-16,1.));
#5897 = DIRECTION('',(-1.,0.,0.));
#5898 = PCURVE('',#2145,#5899);
#5899 = DEFINITIONAL_REPRESENTATION('',(#5900),#5904);
#5900 = CIRCLE('',#5901,3.);
#5901 = AXIS2_PLACEMENT_2D('',#5902,#5903);
#5902 = CARTESIAN_POINT('',(0.,0.));
#5903 = DIRECTION('',(1.,0.));
#5904 = ( GEOMETRIC_REPRESENTATION_CONTEXT(2) 
PARAMETRIC_REPRESENTATION_CONTEXT() REPRESENTATION_CONTEXT('2D SPACE',''
  ) );
#5905 = PCURVE('',#3687,#5906);
#5906 = DEFINITIONAL_REPRESENTATION('',(#5907),#5911);
#5907 = LINE('',#5908,#5909);
#5908 = CARTESIAN_POINT('',(0.,0.));
#5909 = VECTOR('',#5910,1.);
#5910 = DIRECTION('',(1.,0.));
#5911 = ( GEOMETRIC_REPRESENTATION_CONTEXT(2) 
PARAMETRIC_REPRESENTATION_CONTEXT() REPRESENTATION_CONTEXT('2D SPACE',''
  ) );
#5912 = ORIENTED_EDGE('',*,*,#5913,.F.);
#5913 = EDGE_CURVE('',#5914,#5890,#5916,.T.);
#5914 = VERTEX_POINT('',#5915);
#5915 = CARTESIAN_POINT('',(-1.700317656447,2.055330976379,-3.));
#5916 = SURFACE_CURVE('',#5917,(#5921,#5928),.PCURVE_S1.);
#5917 = LINE('',#5918,#5919);
#5918 = CARTESIAN_POINT('',(-1.700317656447,2.055330976379,-3.));
#5919 = VECTOR('',#5920,1.);
#5920 = DIRECTION('',(-0.148457393672,0.988918804687,-1.249000902703E-16
    ));
#5921 = PCURVE('',#2145,#5922);
#5922 = DEFINITIONAL_REPRESENTATION('',(#5923),#5927);
#5923 = LINE('',#5924,#5925);
#5924 = CARTESIAN_POINT('',(1.700317656447,-2.055330976379));
#5925 = VECTOR('',#5926,1.);
#5926 = DIRECTION('',(0.148457393672,-0.988918804687));
#5927 = ( GEOMETRIC_REPRESENTATION_CONTEXT(2) 
PARAMETRIC_REPRESENTATION_CONTEXT() REPRESENTATION_CONTEXT('2D SPACE',''
  ) );
#5928 = PCURVE('',#3658,#5929);
#5929 = DEFINITIONAL_REPRESENTATION('',(#5930),#5934);
#5930 = LINE('',#5931,#5932);
#5931 = CARTESIAN_POINT('',(0.,-0.));
#5932 = VECTOR('',#5933,1.);
#5933 = DIRECTION('',(1.,-4.163336342351E-17));
#5934 = ( GEOMETRIC_REPRESENTATION_CONTEXT(2) 
PARAMETRIC_REPRESENTATION_CONTEXT() REPRESENTATION_CONTEXT('2D SPACE',''
  ) );
#5935 = ORIENTED_EDGE('',*,*,#5936,.F.);
#5936 = EDGE_CURVE('',#5937,#5914,#5939,.T.);
#5937 = VERTEX_POINT('',#5938);
#5938 = CARTESIAN_POINT('',(-2.048010417217,2.192180040729,-3.));
#5939 = SURFACE_CURVE('',#5940,(#5944,#5951),.PCURVE_S1.);
#5940 = LINE('',#5941,#5942);
#5941 = CARTESIAN_POINT('',(-2.048010417217,2.192180040729,-3.));
#5942 = VECTOR('',#5943,1.);
#5943 = DIRECTION('',(0.930518609433,-0.366244614292,-4.440892098503E-16
    ));
#5944 = PCURVE('',#2145,#5945);
#5945 = DEFINITIONAL_REPRESENTATION('',(#5946),#5950);
#5946 = LINE('',#5947,#5948);
#5947 = CARTESIAN_POINT('',(2.048010417217,-2.192180040729));
#5948 = VECTOR('',#5949,1.);
#5949 = DIRECTION('',(-0.930518609433,0.366244614292));
#5950 = ( GEOMETRIC_REPRESENTATION_CONTEXT(2) 
PARAMETRIC_REPRESENTATION_CONTEXT() REPRESENTATION_CONTEXT('2D SPACE',''
  ) );
#5951 = PCURVE('',#3630,#5952);
#5952 = DEFINITIONAL_REPRESENTATION('',(#5953),#5957);
#5953 = LINE('',#5954,#5955);
#5954 = CARTESIAN_POINT('',(0.,-0.));
#5955 = VECTOR('',#5956,1.);
#5956 = DIRECTION('',(1.,-1.972152263053E-31));
#5957 = ( GEOMETRIC_REPRESENTATION_CONTEXT(2) 
PARAMETRIC_REPRESENTATION_CONTEXT() REPRESENTATION_CONTEXT('2D SPACE',''
  ) );
#5958 = ORIENTED_EDGE('',*,*,#5959,.T.);
#5959 = EDGE_CURVE('',#5937,#5960,#5962,.T.);
#5960 = VERTEX_POINT('',#5961);
#5961 = CARTESIAN_POINT('',(-2.306395013581,1.918473883411,-3.));
#5962 = SURFACE_CURVE('',#5963,(#5968,#5975),.PCURVE_S1.);
#5963 = CIRCLE('',#5964,3.);
#5964 = AXIS2_PLACEMENT_3D('',#5965,#5966,#5967);
#5965 = CARTESIAN_POINT('',(0.,-2.E-15,-3.));
#5966 = DIRECTION('',(0.,6.6E-16,1.));
#5967 = DIRECTION('',(-1.,0.,0.));
#5968 = PCURVE('',#2145,#5969);
#5969 = DEFINITIONAL_REPRESENTATION('',(#5970),#5974);
#5970 = CIRCLE('',#5971,3.);
#5971 = AXIS2_PLACEMENT_2D('',#5972,#5973);
#5972 = CARTESIAN_POINT('',(0.,0.));
#5973 = DIRECTION('',(1.,0.));
#5974 = ( GEOMETRIC_REPRESENTATION_CONTEXT(2) 
PARAMETRIC_REPRESENTATION_CONTEXT() REPRESENTATION_CONTEXT('2D SPACE',''
  ) );
#5975 = PCURVE('',#3602,#5976);
#5976 = DEFINITIONAL_REPRESENTATION('',(#5977),#5981);
#5977 = LINE('',#5978,#5979);
#5978 = CARTESIAN_POINT('',(0.,0.));
#5979 = VECTOR('',#5980,1.);
#5980 = DIRECTION('',(1.,0.));
#5981 = ( GEOMETRIC_REPRESENTATION_CONTEXT(2) 
PARAMETRIC_REPRESENTATION_CONTEXT() REPRESENTATION_CONTEXT('2D SPACE',''
  ) );
#5982 = ORIENTED_EDGE('',*,*,#5983,.F.);
#5983 = EDGE_CURVE('',#5984,#5960,#5986,.T.);
#5984 = VERTEX_POINT('',#5985);
#5985 = CARTESIAN_POINT('',(-2.158039079206,1.567907168141,-3.));
#5986 = SURFACE_CURVE('',#5987,(#5991,#5998),.PCURVE_S1.);
#5987 = LINE('',#5988,#5989);
#5988 = CARTESIAN_POINT('',(-2.158039079206,1.567907168141,-3.));
#5989 = VECTOR('',#5990,1.);
#5990 = DIRECTION('',(-0.389727437608,0.920930249463,-8.326672684687E-17
    ));
#5991 = PCURVE('',#2145,#5992);
#5992 = DEFINITIONAL_REPRESENTATION('',(#5993),#5997);
#5993 = LINE('',#5994,#5995);
#5994 = CARTESIAN_POINT('',(2.158039079206,-1.567907168141));
#5995 = VECTOR('',#5996,1.);
#5996 = DIRECTION('',(0.389727437608,-0.920930249463));
#5997 = ( GEOMETRIC_REPRESENTATION_CONTEXT(2) 
PARAMETRIC_REPRESENTATION_CONTEXT() REPRESENTATION_CONTEXT('2D SPACE',''
  ) );
#5998 = PCURVE('',#3573,#5999);
#5999 = DEFINITIONAL_REPRESENTATION('',(#6000),#6004);
#6000 = LINE('',#6001,#6002);
#6001 = CARTESIAN_POINT('',(0.,-0.));
#6002 = VECTOR('',#6003,1.);
#6003 = DIRECTION('',(1.,1.109335647967E-31));
#6004 = ( GEOMETRIC_REPRESENTATION_CONTEXT(2) 
PARAMETRIC_REPRESENTATION_CONTEXT() REPRESENTATION_CONTEXT('2D SPACE',''
  ) );
#6005 = ORIENTED_EDGE('',*,*,#6006,.F.);
#6006 = EDGE_CURVE('',#6007,#5984,#6009,.T.);
#6007 = VERTEX_POINT('',#6008);
#6008 = CARTESIAN_POINT('',(-2.528841410907,1.613989194042,-3.));
#6009 = SURFACE_CURVE('',#6010,(#6014,#6021),.PCURVE_S1.);
#6010 = LINE('',#6011,#6012);
#6011 = CARTESIAN_POINT('',(-2.528841410907,1.613989194042,-3.));
#6012 = VECTOR('',#6013,1.);
#6013 = DIRECTION('',(0.992365988017,-0.123327798273,-3.330669073875E-16
    ));
#6014 = PCURVE('',#2145,#6015);
#6015 = DEFINITIONAL_REPRESENTATION('',(#6016),#6020);
#6016 = LINE('',#6017,#6018);
#6017 = CARTESIAN_POINT('',(2.528841410907,-1.613989194042));
#6018 = VECTOR('',#6019,1.);
#6019 = DIRECTION('',(-0.992365988017,0.123327798273));
#6020 = ( GEOMETRIC_REPRESENTATION_CONTEXT(2) 
PARAMETRIC_REPRESENTATION_CONTEXT() REPRESENTATION_CONTEXT('2D SPACE',''
  ) );
#6021 = PCURVE('',#3545,#6022);
#6022 = DEFINITIONAL_REPRESENTATION('',(#6023),#6027);
#6023 = LINE('',#6024,#6025);
#6024 = CARTESIAN_POINT('',(0.,-0.));
#6025 = VECTOR('',#6026,1.);
#6026 = DIRECTION('',(1.,-1.479114197289E-31));
#6027 = ( GEOMETRIC_REPRESENTATION_CONTEXT(2) 
PARAMETRIC_REPRESENTATION_CONTEXT() REPRESENTATION_CONTEXT('2D SPACE',''
  ) );
#6028 = ORIENTED_EDGE('',*,*,#6029,.T.);
#6029 = EDGE_CURVE('',#6007,#6030,#6032,.T.);
#6030 = VERTEX_POINT('',#6031);
#6031 = CARTESIAN_POINT('',(-2.71104042666,1.284624382852,-3.));
#6032 = SURFACE_CURVE('',#6033,(#6038,#6045),.PCURVE_S1.);
#6033 = CIRCLE('',#6034,3.);
#6034 = AXIS2_PLACEMENT_3D('',#6035,#6036,#6037);
#6035 = CARTESIAN_POINT('',(0.,-2.E-15,-3.));
#6036 = DIRECTION('',(0.,6.6E-16,1.));
#6037 = DIRECTION('',(-1.,0.,0.));
#6038 = PCURVE('',#2145,#6039);
#6039 = DEFINITIONAL_REPRESENTATION('',(#6040),#6044);
#6040 = CIRCLE('',#6041,3.);
#6041 = AXIS2_PLACEMENT_2D('',#6042,#6043);
#6042 = CARTESIAN_POINT('',(0.,0.));
#6043 = DIRECTION('',(1.,0.));
#6044 = ( GEOMETRIC_REPRESENTATION_CONTEXT(2) 
PARAMETRIC_REPRESENTATION_CONTEXT() REPRESENTATION_CONTEXT('2D SPACE',''
  ) );
#6045 = PCURVE('',#3517,#6046);
#6046 = DEFINITIONAL_REPRESENTATION('',(#6047),#6051);
#6047 = LINE('',#6048,#6049);
#6048 = CARTESIAN_POINT('',(0.,0.));
#6049 = VECTOR('',#6050,1.);
#6050 = DIRECTION('',(1.,0.));
#6051 = ( GEOMETRIC_REPRESENTATION_CONTEXT(2) 
PARAMETRIC_REPRESENTATION_CONTEXT() REPRESENTATION_CONTEXT('2D SPACE',''
  ) );
#6052 = ORIENTED_EDGE('',*,*,#6053,.F.);
#6053 = EDGE_CURVE('',#6054,#6030,#6056,.T.);
#6054 = VERTEX_POINT('',#6055);
#6055 = CARTESIAN_POINT('',(-2.480162969907,0.981965986169,-3.));
#6056 = SURFACE_CURVE('',#6057,(#6061,#6068),.PCURVE_S1.);
#6057 = LINE('',#6058,#6059);
#6058 = CARTESIAN_POINT('',(-2.480162969907,0.981965986169,-3.));
#6059 = VECTOR('',#6060,1.);
#6060 = DIRECTION('',(-0.606509473323,0.79507625972,-2.220446049249E-16)
  );
#6061 = PCURVE('',#2145,#6062);
#6062 = DEFINITIONAL_REPRESENTATION('',(#6063),#6067);
#6063 = LINE('',#6064,#6065);
#6064 = CARTESIAN_POINT('',(2.480162969907,-0.981965986169));
#6065 = VECTOR('',#6066,1.);
#6066 = DIRECTION('',(0.606509473323,-0.79507625972));
#6067 = ( GEOMETRIC_REPRESENTATION_CONTEXT(2) 
PARAMETRIC_REPRESENTATION_CONTEXT() REPRESENTATION_CONTEXT('2D SPACE',''
  ) );
#6068 = PCURVE('',#3488,#6069);
#6069 = DEFINITIONAL_REPRESENTATION('',(#6070),#6074);
#6070 = LINE('',#6071,#6072);
#6071 = CARTESIAN_POINT('',(0.,0.));
#6072 = VECTOR('',#6073,1.);
#6073 = DIRECTION('',(1.,-2.775557561569E-17));
#6074 = ( GEOMETRIC_REPRESENTATION_CONTEXT(2) 
PARAMETRIC_REPRESENTATION_CONTEXT() REPRESENTATION_CONTEXT('2D SPACE',''
  ) );
#6075 = ORIENTED_EDGE('',*,*,#6076,.F.);
#6076 = EDGE_CURVE('',#6077,#6054,#6079,.T.);
#6077 = VERTEX_POINT('',#6078);
#6078 = CARTESIAN_POINT('',(-2.85077599832,0.934385470456,-3.));
#6079 = SURFACE_CURVE('',#6080,(#6084,#6091),.PCURVE_S1.);
#6080 = LINE('',#6081,#6082);
#6081 = CARTESIAN_POINT('',(-2.85077599832,0.934385470456,-3.));
#6082 = VECTOR('',#6083,1.);
#6083 = DIRECTION('',(0.991859361907,0.12733815688,0.));
#6084 = PCURVE('',#2145,#6085);
#6085 = DEFINITIONAL_REPRESENTATION('',(#6086),#6090);
#6086 = LINE('',#6087,#6088);
#6087 = CARTESIAN_POINT('',(2.85077599832,-0.934385470456));
#6088 = VECTOR('',#6089,1.);
#6089 = DIRECTION('',(-0.991859361907,-0.12733815688));
#6090 = ( GEOMETRIC_REPRESENTATION_CONTEXT(2) 
PARAMETRIC_REPRESENTATION_CONTEXT() REPRESENTATION_CONTEXT('2D SPACE',''
  ) );
#6091 = PCURVE('',#3460,#6092);
#6092 = DEFINITIONAL_REPRESENTATION('',(#6093),#6097);
#6093 = LINE('',#6094,#6095);
#6094 = CARTESIAN_POINT('',(0.,0.));
#6095 = VECTOR('',#6096,1.);
#6096 = DIRECTION('',(1.,-1.232595164408E-32));
#6097 = ( GEOMETRIC_REPRESENTATION_CONTEXT(2) 
PARAMETRIC_REPRESENTATION_CONTEXT() REPRESENTATION_CONTEXT('2D SPACE',''
  ) );
#6098 = ORIENTED_EDGE('',*,*,#6099,.T.);
#6099 = EDGE_CURVE('',#6077,#6100,#6102,.T.);
#6100 = VERTEX_POINT('',#6101);
#6101 = CARTESIAN_POINT('',(-2.945341199222,0.5700572078,-3.));
#6102 = SURFACE_CURVE('',#6103,(#6108,#6115),.PCURVE_S1.);
#6103 = CIRCLE('',#6104,3.);
#6104 = AXIS2_PLACEMENT_3D('',#6105,#6106,#6107);
#6105 = CARTESIAN_POINT('',(0.,-2.E-15,-3.));
#6106 = DIRECTION('',(0.,6.6E-16,1.));
#6107 = DIRECTION('',(-1.,0.,0.));
#6108 = PCURVE('',#2145,#6109);
#6109 = DEFINITIONAL_REPRESENTATION('',(#6110),#6114);
#6110 = CIRCLE('',#6111,3.);
#6111 = AXIS2_PLACEMENT_2D('',#6112,#6113);
#6112 = CARTESIAN_POINT('',(0.,0.));
#6113 = DIRECTION('',(1.,0.));
#6114 = ( GEOMETRIC_REPRESENTATION_CONTEXT(2) 
PARAMETRIC_REPRESENTATION_CONTEXT() REPRESENTATION_CONTEXT('2D SPACE',''
  ) );
#6115 = PCURVE('',#3432,#6116);
#6116 = DEFINITIONAL_REPRESENTATION('',(#6117),#6121);
#6117 = LINE('',#6118,#6119);
#6118 = CARTESIAN_POINT('',(0.,0.));
#6119 = VECTOR('',#6120,1.);
#6120 = DIRECTION('',(1.,0.));
#6121 = ( GEOMETRIC_REPRESENTATION_CONTEXT(2) 
PARAMETRIC_REPRESENTATION_CONTEXT() REPRESENTATION_CONTEXT('2D SPACE',''
  ) );
#6122 = ORIENTED_EDGE('',*,*,#6123,.F.);
#6123 = EDGE_CURVE('',#6124,#6100,#6126,.T.);
#6124 = VERTEX_POINT('',#6125);
#6125 = CARTESIAN_POINT('',(-2.646449099806,0.334324269868,-3.));
#6126 = SURFACE_CURVE('',#6127,(#6131,#6138),.PCURVE_S1.);
#6127 = LINE('',#6128,#6129);
#6128 = CARTESIAN_POINT('',(-2.646449099806,0.334324269868,-3.));
#6129 = VECTOR('',#6130,1.);
#6130 = DIRECTION('',(-0.785182288243,0.619264704492,1.249000902703E-16)
  );
#6131 = PCURVE('',#2145,#6132);
#6132 = DEFINITIONAL_REPRESENTATION('',(#6133),#6137);
#6133 = LINE('',#6134,#6135);
#6134 = CARTESIAN_POINT('',(2.646449099806,-0.334324269868));
#6135 = VECTOR('',#6136,1.);
#6136 = DIRECTION('',(0.785182288243,-0.619264704492));
#6137 = ( GEOMETRIC_REPRESENTATION_CONTEXT(2) 
PARAMETRIC_REPRESENTATION_CONTEXT() REPRESENTATION_CONTEXT('2D SPACE',''
  ) );
#6138 = PCURVE('',#3403,#6139);
#6139 = DEFINITIONAL_REPRESENTATION('',(#6140),#6144);
#6140 = LINE('',#6141,#6142);
#6141 = CARTESIAN_POINT('',(0.,-0.));
#6142 = VECTOR('',#6143,1.);
#6143 = DIRECTION('',(1.,-6.938893903904E-17));
#6144 = ( GEOMETRIC_REPRESENTATION_CONTEXT(2) 
PARAMETRIC_REPRESENTATION_CONTEXT() REPRESENTATION_CONTEXT('2D SPACE',''
  ) );
#6145 = ORIENTED_EDGE('',*,*,#6146,.F.);
#6146 = EDGE_CURVE('',#4487,#6124,#6147,.T.);
#6147 = SURFACE_CURVE('',#6148,(#6152,#6159),.PCURVE_S1.);
#6148 = LINE('',#6149,#6150);
#6149 = CARTESIAN_POINT('',(-2.993585845339,0.196070871333,-3.));
#6150 = VECTOR('',#6151,1.);
#6151 = DIRECTION('',(0.929030564285,0.370002987319,-4.024558464265E-16)
  );
#6152 = PCURVE('',#2145,#6153);
#6153 = DEFINITIONAL_REPRESENTATION('',(#6154),#6158);
#6154 = LINE('',#6155,#6156);
#6155 = CARTESIAN_POINT('',(2.993585845339,-0.196070871333));
#6156 = VECTOR('',#6157,1.);
#6157 = DIRECTION('',(-0.929030564285,-0.370002987319));
#6158 = ( GEOMETRIC_REPRESENTATION_CONTEXT(2) 
PARAMETRIC_REPRESENTATION_CONTEXT() REPRESENTATION_CONTEXT('2D SPACE',''
  ) );
#6159 = PCURVE('',#3375,#6160);
#6160 = DEFINITIONAL_REPRESENTATION('',(#6161),#6165);
#6161 = LINE('',#6162,#6163);
#6162 = CARTESIAN_POINT('',(0.,-0.));
#6163 = VECTOR('',#6164,1.);
#6164 = DIRECTION('',(1.,-4.163336342349E-17));
#6165 = ( GEOMETRIC_REPRESENTATION_CONTEXT(2) 
PARAMETRIC_REPRESENTATION_CONTEXT() REPRESENTATION_CONTEXT('2D SPACE',''
  ) );
#6166 = ADVANCED_FACE('',(#6167),#2282,.F.);
#6167 = FACE_BOUND('',#6168,.T.);
#6168 = EDGE_LOOP('',(#6169,#6170,#6191,#6192));
#6169 = ORIENTED_EDGE('',*,*,#5282,.T.);
#6170 = ORIENTED_EDGE('',*,*,#6171,.T.);
#6171 = EDGE_CURVE('',#5259,#2373,#6172,.T.);
#6172 = SURFACE_CURVE('',#6173,(#6177,#6184),.PCURVE_S1.);
#6173 = LINE('',#6174,#6175);
#6174 = CARTESIAN_POINT('',(2.850669190965,-0.934711272897,-3.));
#6175 = VECTOR('',#6176,1.);
#6176 = DIRECTION('',(3.608224830032E-16,1.1E-16,1.));
#6177 = PCURVE('',#2282,#6178);
#6178 = DEFINITIONAL_REPRESENTATION('',(#6179),#6183);
#6179 = LINE('',#6180,#6181);
#6180 = CARTESIAN_POINT('',(0.380665870704,-6.339360215172E-17));
#6181 = VECTOR('',#6182,1.);
#6182 = DIRECTION('',(8.131920410958E-18,-1.));
#6183 = ( GEOMETRIC_REPRESENTATION_CONTEXT(2) 
PARAMETRIC_REPRESENTATION_CONTEXT() REPRESENTATION_CONTEXT('2D SPACE',''
  ) );
#6184 = PCURVE('',#2412,#6185);
#6185 = DEFINITIONAL_REPRESENTATION('',(#6186),#6190);
#6186 = LINE('',#6187,#6188);
#6187 = CARTESIAN_POINT('',(2.824747377803,-4.440892098501E-16));
#6188 = VECTOR('',#6189,1.);
#6189 = DIRECTION('',(-1.233581138472E-16,1.));
#6190 = ( GEOMETRIC_REPRESENTATION_CONTEXT(2) 
PARAMETRIC_REPRESENTATION_CONTEXT() REPRESENTATION_CONTEXT('2D SPACE',''
  ) );
#6191 = ORIENTED_EDGE('',*,*,#2372,.T.);
#6192 = ORIENTED_EDGE('',*,*,#2266,.F.);
#6193 = ADVANCED_FACE('',(#6194),#2337,.F.);
#6194 = FACE_BOUND('',#6195,.T.);
#6195 = EDGE_LOOP('',(#6196,#6197,#6198,#6199));
#6196 = ORIENTED_EDGE('',*,*,#5306,.T.);
#6197 = ORIENTED_EDGE('',*,*,#4436,.T.);
#6198 = ORIENTED_EDGE('',*,*,#2319,.T.);
#6199 = ORIENTED_EDGE('',*,*,#6200,.F.);
#6200 = EDGE_CURVE('',#5307,#2322,#6201,.T.);
#6201 = SURFACE_CURVE('',#6202,(#6206,#6213),.PCURVE_S1.);
#6202 = LINE('',#6203,#6204);
#6203 = CARTESIAN_POINT('',(2.99455472312,0.180671,-3.));
#6204 = VECTOR('',#6205,1.);
#6205 = DIRECTION('',(0.,1.1E-16,1.));
#6206 = PCURVE('',#2337,#6207);
#6207 = DEFINITIONAL_REPRESENTATION('',(#6208),#6212);
#6208 = LINE('',#6209,#6210);
#6209 = CARTESIAN_POINT('',(0.,0.));
#6210 = VECTOR('',#6211,1.);
#6211 = DIRECTION('',(-3.187618874611E-18,-1.));
#6212 = ( GEOMETRIC_REPRESENTATION_CONTEXT(2) 
PARAMETRIC_REPRESENTATION_CONTEXT() REPRESENTATION_CONTEXT('2D SPACE',''
  ) );
#6213 = PCURVE('',#4365,#6214);
#6214 = DEFINITIONAL_REPRESENTATION('',(#6215),#6219);
#6215 = LINE('',#6216,#6217);
#6216 = CARTESIAN_POINT('',(3.201852783903,0.));
#6217 = VECTOR('',#6218,1.);
#6218 = DIRECTION('',(-1.233581138472E-16,1.));
#6219 = ( GEOMETRIC_REPRESENTATION_CONTEXT(2) 
PARAMETRIC_REPRESENTATION_CONTEXT() REPRESENTATION_CONTEXT('2D SPACE',''
  ) );
#6220 = ADVANCED_FACE('',(#6221),#2412,.F.);
#6221 = FACE_BOUND('',#6222,.F.);
#6222 = EDGE_LOOP('',(#6223,#6224,#6225,#6226));
#6223 = ORIENTED_EDGE('',*,*,#5258,.T.);
#6224 = ORIENTED_EDGE('',*,*,#6171,.T.);
#6225 = ORIENTED_EDGE('',*,*,#2395,.F.);
#6226 = ORIENTED_EDGE('',*,*,#6227,.F.);
#6227 = EDGE_CURVE('',#5236,#2396,#6228,.T.);
#6228 = SURFACE_CURVE('',#6229,(#6233,#6240),.PCURVE_S1.);
#6229 = LINE('',#6230,#6231);
#6230 = CARTESIAN_POINT('',(2.71118722568,-1.284314535971,-3.));
#6231 = VECTOR('',#6232,1.);
#6232 = DIRECTION('',(3.885780586188E-16,1.2E-16,1.));
#6233 = PCURVE('',#2412,#6234);
#6234 = DEFINITIONAL_REPRESENTATION('',(#6235),#6239);
#6235 = LINE('',#6236,#6237);
#6236 = CARTESIAN_POINT('',(2.699197959329,-8.881784197001E-16));
#6237 = VECTOR('',#6238,1.);
#6238 = DIRECTION('',(-1.233581138472E-16,1.));
#6239 = ( GEOMETRIC_REPRESENTATION_CONTEXT(2) 
PARAMETRIC_REPRESENTATION_CONTEXT() REPRESENTATION_CONTEXT('2D SPACE',''
  ) );
#6240 = PCURVE('',#2440,#6241);
#6241 = DEFINITIONAL_REPRESENTATION('',(#6242),#6246);
#6242 = LINE('',#6243,#6244);
#6243 = CARTESIAN_POINT('',(0.,-0.));
#6244 = VECTOR('',#6245,1.);
#6245 = DIRECTION('',(-5.575289154616E-17,-1.));
#6246 = ( GEOMETRIC_REPRESENTATION_CONTEXT(2) 
PARAMETRIC_REPRESENTATION_CONTEXT() REPRESENTATION_CONTEXT('2D SPACE',''
  ) );
#6247 = ADVANCED_FACE('',(#6248),#2440,.F.);
#6248 = FACE_BOUND('',#6249,.T.);
#6249 = EDGE_LOOP('',(#6250,#6251,#6272,#6273));
#6250 = ORIENTED_EDGE('',*,*,#5235,.T.);
#6251 = ORIENTED_EDGE('',*,*,#6252,.T.);
#6252 = EDGE_CURVE('',#5213,#2425,#6253,.T.);
#6253 = SURFACE_CURVE('',#6254,(#6258,#6265),.PCURVE_S1.);
#6254 = LINE('',#6255,#6256);
#6255 = CARTESIAN_POINT('',(2.337533171803,-1.285069735854,-3.));
#6256 = VECTOR('',#6257,1.);
#6257 = DIRECTION('',(3.885780586188E-16,1.2E-16,1.));
#6258 = PCURVE('',#2440,#6259);
#6259 = DEFINITIONAL_REPRESENTATION('',(#6260),#6264);
#6260 = LINE('',#6261,#6262);
#6261 = CARTESIAN_POINT('',(0.373654817051,1.244520543457E-16));
#6262 = VECTOR('',#6263,1.);
#6263 = DIRECTION('',(-5.575289154616E-17,-1.));
#6264 = ( GEOMETRIC_REPRESENTATION_CONTEXT(2) 
PARAMETRIC_REPRESENTATION_CONTEXT() REPRESENTATION_CONTEXT('2D SPACE',''
  ) );
#6265 = PCURVE('',#2468,#6266);
#6266 = DEFINITIONAL_REPRESENTATION('',(#6267),#6271);
#6267 = LINE('',#6268,#6269);
#6268 = CARTESIAN_POINT('',(0.,-0.));
#6269 = VECTOR('',#6270,1.);
#6270 = DIRECTION('',(8.050851368566E-18,-1.));
#6271 = ( GEOMETRIC_REPRESENTATION_CONTEXT(2) 
PARAMETRIC_REPRESENTATION_CONTEXT() REPRESENTATION_CONTEXT('2D SPACE',''
  ) );
#6272 = ORIENTED_EDGE('',*,*,#2424,.T.);
#6273 = ORIENTED_EDGE('',*,*,#6227,.F.);
#6274 = ADVANCED_FACE('',(#6275),#2468,.F.);
#6275 = FACE_BOUND('',#6276,.T.);
#6276 = EDGE_LOOP('',(#6277,#6278,#6299,#6300));
#6277 = ORIENTED_EDGE('',*,*,#5212,.T.);
#6278 = ORIENTED_EDGE('',*,*,#6279,.T.);
#6279 = EDGE_CURVE('',#5189,#2453,#6280,.T.);
#6280 = SURFACE_CURVE('',#6281,(#6285,#6292),.PCURVE_S1.);
#6281 = LINE('',#6282,#6283);
#6282 = CARTESIAN_POINT('',(2.528656935329,-1.614278198891,-3.));
#6283 = VECTOR('',#6284,1.);
#6284 = DIRECTION('',(3.885780586188E-16,1.2E-16,1.));
#6285 = PCURVE('',#2468,#6286);
#6286 = DEFINITIONAL_REPRESENTATION('',(#6287),#6291);
#6287 = LINE('',#6288,#6289);
#6288 = CARTESIAN_POINT('',(0.380665870705,-3.169680107592E-17));
#6289 = VECTOR('',#6290,1.);
#6290 = DIRECTION('',(8.050851368566E-18,-1.));
#6291 = ( GEOMETRIC_REPRESENTATION_CONTEXT(2) 
PARAMETRIC_REPRESENTATION_CONTEXT() REPRESENTATION_CONTEXT('2D SPACE',''
  ) );
#6292 = PCURVE('',#2497,#6293);
#6293 = DEFINITIONAL_REPRESENTATION('',(#6294),#6298);
#6294 = LINE('',#6295,#6296);
#6295 = CARTESIAN_POINT('',(2.573419965516,-8.881784197001E-16));
#6296 = VECTOR('',#6297,1.);
#6297 = DIRECTION('',(-1.233581138472E-16,1.));
#6298 = ( GEOMETRIC_REPRESENTATION_CONTEXT(2) 
PARAMETRIC_REPRESENTATION_CONTEXT() REPRESENTATION_CONTEXT('2D SPACE',''
  ) );
#6299 = ORIENTED_EDGE('',*,*,#2452,.T.);
#6300 = ORIENTED_EDGE('',*,*,#6252,.F.);
#6301 = ADVANCED_FACE('',(#6302),#2497,.F.);
#6302 = FACE_BOUND('',#6303,.F.);
#6303 = EDGE_LOOP('',(#6304,#6305,#6306,#6307));
#6304 = ORIENTED_EDGE('',*,*,#5188,.T.);
#6305 = ORIENTED_EDGE('',*,*,#6279,.T.);
#6306 = ORIENTED_EDGE('',*,*,#2480,.F.);
#6307 = ORIENTED_EDGE('',*,*,#6308,.F.);
#6308 = EDGE_CURVE('',#5166,#2481,#6309,.T.);
#6309 = SURFACE_CURVE('',#6310,(#6314,#6321),.PCURVE_S1.);
#6310 = LINE('',#6311,#6312);
#6311 = CARTESIAN_POINT('',(2.306614256426,-1.918210278372,-3.));
#6312 = VECTOR('',#6313,1.);
#6313 = DIRECTION('',(3.330669073875E-16,1.4E-16,1.));
#6314 = PCURVE('',#2497,#6315);
#6315 = DEFINITIONAL_REPRESENTATION('',(#6316),#6320);
#6316 = LINE('',#6317,#6318);
#6317 = CARTESIAN_POINT('',(2.447870547041,-1.33226762955E-15));
#6318 = VECTOR('',#6319,1.);
#6319 = DIRECTION('',(-1.233581138472E-16,1.));
#6320 = ( GEOMETRIC_REPRESENTATION_CONTEXT(2) 
PARAMETRIC_REPRESENTATION_CONTEXT() REPRESENTATION_CONTEXT('2D SPACE',''
  ) );
#6321 = PCURVE('',#2525,#6322);
#6322 = DEFINITIONAL_REPRESENTATION('',(#6323),#6327);
#6323 = LINE('',#6324,#6325);
#6324 = CARTESIAN_POINT('',(0.,-0.));
#6325 = VECTOR('',#6326,1.);
#6326 = DIRECTION('',(-6.618269763323E-17,-1.));
#6327 = ( GEOMETRIC_REPRESENTATION_CONTEXT(2) 
PARAMETRIC_REPRESENTATION_CONTEXT() REPRESENTATION_CONTEXT('2D SPACE',''
  ) );
#6328 = ADVANCED_FACE('',(#6329),#2525,.F.);
#6329 = FACE_BOUND('',#6330,.T.);
#6330 = EDGE_LOOP('',(#6331,#6332,#6353,#6354));
#6331 = ORIENTED_EDGE('',*,*,#5165,.T.);
#6332 = ORIENTED_EDGE('',*,*,#6333,.T.);
#6333 = EDGE_CURVE('',#5143,#2510,#6334,.T.);
#6334 = SURFACE_CURVE('',#6335,(#6339,#6346),.PCURVE_S1.);
#6335 = LINE('',#6336,#6337);
#6336 = CARTESIAN_POINT('',(1.94451142118,-1.826017767764,-3.));
#6337 = VECTOR('',#6338,1.);
#6338 = DIRECTION('',(3.330669073875E-16,1.4E-16,1.));
#6339 = PCURVE('',#2525,#6340);
#6340 = DEFINITIONAL_REPRESENTATION('',(#6341),#6345);
#6341 = LINE('',#6342,#6343);
#6342 = CARTESIAN_POINT('',(0.373654817051,8.296803623043E-17));
#6343 = VECTOR('',#6344,1.);
#6344 = DIRECTION('',(-6.618269763323E-17,-1.));
#6345 = ( GEOMETRIC_REPRESENTATION_CONTEXT(2) 
PARAMETRIC_REPRESENTATION_CONTEXT() REPRESENTATION_CONTEXT('2D SPACE',''
  ) );
#6346 = PCURVE('',#2553,#6347);
#6347 = DEFINITIONAL_REPRESENTATION('',(#6348),#6352);
#6348 = LINE('',#6349,#6350);
#6349 = CARTESIAN_POINT('',(0.,-0.));
#6350 = VECTOR('',#6351,1.);
#6351 = DIRECTION('',(3.885285509066E-17,-1.));
#6352 = ( GEOMETRIC_REPRESENTATION_CONTEXT(2) 
PARAMETRIC_REPRESENTATION_CONTEXT() REPRESENTATION_CONTEXT('2D SPACE',''
  ) );
#6353 = ORIENTED_EDGE('',*,*,#2509,.T.);
#6354 = ORIENTED_EDGE('',*,*,#6308,.F.);
#6355 = ADVANCED_FACE('',(#6356),#2553,.F.);
#6356 = FACE_BOUND('',#6357,.T.);
#6357 = EDGE_LOOP('',(#6358,#6359,#6380,#6381));
#6358 = ORIENTED_EDGE('',*,*,#5142,.T.);
#6359 = ORIENTED_EDGE('',*,*,#6360,.T.);
#6360 = EDGE_CURVE('',#5119,#2538,#6361,.T.);
#6361 = SURFACE_CURVE('',#6362,(#6366,#6373),.PCURVE_S1.);
#6362 = LINE('',#6363,#6364);
#6363 = CARTESIAN_POINT('',(2.047759864696,-2.192414088748,-3.));
#6364 = VECTOR('',#6365,1.);
#6365 = DIRECTION('',(3.330669073875E-16,1.4E-16,1.));
#6366 = PCURVE('',#2553,#6367);
#6367 = DEFINITIONAL_REPRESENTATION('',(#6368),#6372);
#6368 = LINE('',#6369,#6370);
#6369 = CARTESIAN_POINT('',(0.380665870704,3.169680107587E-17));
#6370 = VECTOR('',#6371,1.);
#6371 = DIRECTION('',(3.885285509066E-17,-1.));
#6372 = ( GEOMETRIC_REPRESENTATION_CONTEXT(2) 
PARAMETRIC_REPRESENTATION_CONTEXT() REPRESENTATION_CONTEXT('2D SPACE',''
  ) );
#6373 = PCURVE('',#2582,#6374);
#6374 = DEFINITIONAL_REPRESENTATION('',(#6375),#6379);
#6375 = LINE('',#6376,#6377);
#6376 = CARTESIAN_POINT('',(2.322092553229,-1.33226762955E-15));
#6377 = VECTOR('',#6378,1.);
#6378 = DIRECTION('',(0.,1.));
#6379 = ( GEOMETRIC_REPRESENTATION_CONTEXT(2) 
PARAMETRIC_REPRESENTATION_CONTEXT() REPRESENTATION_CONTEXT('2D SPACE',''
  ) );
#6380 = ORIENTED_EDGE('',*,*,#2537,.T.);
#6381 = ORIENTED_EDGE('',*,*,#6333,.F.);
#6382 = ADVANCED_FACE('',(#6383),#2582,.F.);
#6383 = FACE_BOUND('',#6384,.F.);
#6384 = EDGE_LOOP('',(#6385,#6386,#6387,#6388));
#6385 = ORIENTED_EDGE('',*,*,#5118,.T.);
#6386 = ORIENTED_EDGE('',*,*,#6360,.T.);
#6387 = ORIENTED_EDGE('',*,*,#2565,.F.);
#6388 = ORIENTED_EDGE('',*,*,#6389,.F.);
#6389 = EDGE_CURVE('',#5096,#2566,#6390,.T.);
#6390 = SURFACE_CURVE('',#6391,(#6395,#6402),.PCURVE_S1.);
#6391 = LINE('',#6392,#6393);
#6392 = CARTESIAN_POINT('',(1.757108230307,-2.431577814298,-3.));
#6393 = VECTOR('',#6394,1.);
#6394 = DIRECTION('',(1.110223024625E-16,1.6E-16,1.));
#6395 = PCURVE('',#2582,#6396);
#6396 = DEFINITIONAL_REPRESENTATION('',(#6397),#6401);
#6397 = LINE('',#6398,#6399);
#6398 = CARTESIAN_POINT('',(2.196543134754,-1.7763568394E-15));
#6399 = VECTOR('',#6400,1.);
#6400 = DIRECTION('',(0.,1.));
#6401 = ( GEOMETRIC_REPRESENTATION_CONTEXT(2) 
PARAMETRIC_REPRESENTATION_CONTEXT() REPRESENTATION_CONTEXT('2D SPACE',''
  ) );
#6402 = PCURVE('',#2610,#6403);
#6403 = DEFINITIONAL_REPRESENTATION('',(#6404),#6408);
#6404 = LINE('',#6405,#6406);
#6405 = CARTESIAN_POINT('',(0.,-0.));
#6406 = VECTOR('',#6407,1.);
#6407 = DIRECTION('',(-7.611158645441E-17,-1.));
#6408 = ( GEOMETRIC_REPRESENTATION_CONTEXT(2) 
PARAMETRIC_REPRESENTATION_CONTEXT() REPRESENTATION_CONTEXT('2D SPACE',''
  ) );
#6409 = ADVANCED_FACE('',(#6410),#2610,.F.);
#6410 = FACE_BOUND('',#6411,.T.);
#6411 = EDGE_LOOP('',(#6412,#6413,#6434,#6435));
#6412 = ORIENTED_EDGE('',*,*,#5095,.T.);
#6413 = ORIENTED_EDGE('',*,*,#6414,.T.);
#6414 = EDGE_CURVE('',#5073,#2595,#6415,.T.);
#6415 = SURFACE_CURVE('',#6416,(#6420,#6427),.PCURVE_S1.);
#6416 = LINE('',#6417,#6418);
#6417 = CARTESIAN_POINT('',(1.429308866551,-2.252230387702,-3.));
#6418 = VECTOR('',#6419,1.);
#6419 = DIRECTION('',(1.110223024625E-16,1.6E-16,1.));
#6420 = PCURVE('',#2610,#6421);
#6421 = DEFINITIONAL_REPRESENTATION('',(#6422),#6426);
#6422 = LINE('',#6423,#6424);
#6423 = CARTESIAN_POINT('',(0.373654817051,-2.07420090576E-17));
#6424 = VECTOR('',#6425,1.);
#6425 = DIRECTION('',(-7.611158645441E-17,-1.));
#6426 = ( GEOMETRIC_REPRESENTATION_CONTEXT(2) 
PARAMETRIC_REPRESENTATION_CONTEXT() REPRESENTATION_CONTEXT('2D SPACE',''
  ) );
#6427 = PCURVE('',#2638,#6428);
#6428 = DEFINITIONAL_REPRESENTATION('',(#6429),#6433);
#6429 = LINE('',#6430,#6431);
#6430 = CARTESIAN_POINT('',(0.,0.));
#6431 = VECTOR('',#6432,1.);
#6432 = DIRECTION('',(-1.338283244918E-17,-1.));
#6433 = ( GEOMETRIC_REPRESENTATION_CONTEXT(2) 
PARAMETRIC_REPRESENTATION_CONTEXT() REPRESENTATION_CONTEXT('2D SPACE',''
  ) );
#6434 = ORIENTED_EDGE('',*,*,#2594,.T.);
#6435 = ORIENTED_EDGE('',*,*,#6389,.F.);
#6436 = ADVANCED_FACE('',(#6437),#2638,.F.);
#6437 = FACE_BOUND('',#6438,.T.);
#6438 = EDGE_LOOP('',(#6439,#6440,#6461,#6462));
#6439 = ORIENTED_EDGE('',*,*,#5072,.T.);
#6440 = ORIENTED_EDGE('',*,*,#6441,.T.);
#6441 = EDGE_CURVE('',#5049,#2623,#6442,.T.);
#6442 = SURFACE_CURVE('',#6443,(#6447,#6454),.PCURVE_S1.);
#6443 = LINE('',#6444,#6445);
#6444 = CARTESIAN_POINT('',(1.43819451063,-2.632792538275,-3.));
#6445 = VECTOR('',#6446,1.);
#6446 = DIRECTION('',(1.110223024625E-16,1.6E-16,1.));
#6447 = PCURVE('',#2638,#6448);
#6448 = DEFINITIONAL_REPRESENTATION('',(#6449),#6453);
#6449 = LINE('',#6450,#6451);
#6450 = CARTESIAN_POINT('',(0.380665870705,5.480905186044E-17));
#6451 = VECTOR('',#6452,1.);
#6452 = DIRECTION('',(-1.338283244918E-17,-1.));
#6453 = ( GEOMETRIC_REPRESENTATION_CONTEXT(2) 
PARAMETRIC_REPRESENTATION_CONTEXT() REPRESENTATION_CONTEXT('2D SPACE',''
  ) );
#6454 = PCURVE('',#2667,#6455);
#6455 = DEFINITIONAL_REPRESENTATION('',(#6456),#6460);
#6456 = LINE('',#6457,#6458);
#6457 = CARTESIAN_POINT('',(2.070765140941,-1.7763568394E-15));
#6458 = VECTOR('',#6459,1.);
#6459 = DIRECTION('',(0.,1.));
#6460 = ( GEOMETRIC_REPRESENTATION_CONTEXT(2) 
PARAMETRIC_REPRESENTATION_CONTEXT() REPRESENTATION_CONTEXT('2D SPACE',''
  ) );
#6461 = ORIENTED_EDGE('',*,*,#2622,.T.);
#6462 = ORIENTED_EDGE('',*,*,#6414,.F.);
#6463 = ADVANCED_FACE('',(#6464),#2667,.F.);
#6464 = FACE_BOUND('',#6465,.F.);
#6465 = EDGE_LOOP('',(#6466,#6467,#6468,#6469));
#6466 = ORIENTED_EDGE('',*,*,#5048,.T.);
#6467 = ORIENTED_EDGE('',*,*,#6441,.T.);
#6468 = ORIENTED_EDGE('',*,*,#2650,.F.);
#6469 = ORIENTED_EDGE('',*,*,#6470,.F.);
#6470 = EDGE_CURVE('',#5026,#2651,#6471,.T.);
#6471 = SURFACE_CURVE('',#6472,(#6476,#6483),.PCURVE_S1.);
#6472 = LINE('',#6473,#6474);
#6473 = CARTESIAN_POINT('',(1.097196631885,-2.792160373435,-3.));
#6474 = VECTOR('',#6475,1.);
#6475 = DIRECTION('',(-3.885780586188E-16,1.9E-16,1.));
#6476 = PCURVE('',#2667,#6477);
#6477 = DEFINITIONAL_REPRESENTATION('',(#6478),#6482);
#6478 = LINE('',#6479,#6480);
#6479 = CARTESIAN_POINT('',(1.945215722467,-1.7763568394E-15));
#6480 = VECTOR('',#6481,1.);
#6481 = DIRECTION('',(-1.233581138472E-16,1.));
#6482 = ( GEOMETRIC_REPRESENTATION_CONTEXT(2) 
PARAMETRIC_REPRESENTATION_CONTEXT() REPRESENTATION_CONTEXT('2D SPACE',''
  ) );
#6483 = PCURVE('',#2695,#6484);
#6484 = DEFINITIONAL_REPRESENTATION('',(#6485),#6489);
#6485 = LINE('',#6486,#6487);
#6486 = CARTESIAN_POINT('',(0.,0.));
#6487 = VECTOR('',#6488,1.);
#6488 = DIRECTION('',(-2.751630120525E-18,-1.));
#6489 = ( GEOMETRIC_REPRESENTATION_CONTEXT(2) 
PARAMETRIC_REPRESENTATION_CONTEXT() REPRESENTATION_CONTEXT('2D SPACE',''
  ) );
#6490 = ADVANCED_FACE('',(#6491),#2695,.F.);
#6491 = FACE_BOUND('',#6492,.T.);
#6492 = EDGE_LOOP('',(#6493,#6494,#6515,#6516));
#6493 = ORIENTED_EDGE('',*,*,#5025,.T.);
#6494 = ORIENTED_EDGE('',*,*,#6495,.T.);
#6495 = EDGE_CURVE('',#5003,#2680,#6496,.T.);
#6496 = SURFACE_CURVE('',#6497,(#6501,#6508),.PCURVE_S1.);
#6497 = LINE('',#6498,#6499);
#6498 = CARTESIAN_POINT('',(0.824297579206,-2.536927089257,-3.));
#6499 = VECTOR('',#6500,1.);
#6500 = DIRECTION('',(-3.885780586188E-16,1.9E-16,1.));
#6501 = PCURVE('',#2695,#6502);
#6502 = DEFINITIONAL_REPRESENTATION('',(#6503),#6507);
#6503 = LINE('',#6504,#6505);
#6504 = CARTESIAN_POINT('',(0.373654817051,-1.55565067932E-16));
#6505 = VECTOR('',#6506,1.);
#6506 = DIRECTION('',(-2.751630120525E-18,-1.));
#6507 = ( GEOMETRIC_REPRESENTATION_CONTEXT(2) 
PARAMETRIC_REPRESENTATION_CONTEXT() REPRESENTATION_CONTEXT('2D SPACE',''
  ) );
#6508 = PCURVE('',#2723,#6509);
#6509 = DEFINITIONAL_REPRESENTATION('',(#6510),#6514);
#6510 = LINE('',#6511,#6512);
#6511 = CARTESIAN_POINT('',(0.,0.));
#6512 = VECTOR('',#6513,1.);
#6513 = DIRECTION('',(-1.153640923727E-19,-1.));
#6514 = ( GEOMETRIC_REPRESENTATION_CONTEXT(2) 
PARAMETRIC_REPRESENTATION_CONTEXT() REPRESENTATION_CONTEXT('2D SPACE',''
  ) );
#6515 = ORIENTED_EDGE('',*,*,#2679,.T.);
#6516 = ORIENTED_EDGE('',*,*,#6470,.F.);
#6517 = ADVANCED_FACE('',(#6518),#2723,.F.);
#6518 = FACE_BOUND('',#6519,.T.);
#6519 = EDGE_LOOP('',(#6520,#6521,#6542,#6543));
#6520 = ORIENTED_EDGE('',*,*,#5002,.T.);
#6521 = ORIENTED_EDGE('',*,*,#6522,.T.);
#6522 = EDGE_CURVE('',#4979,#2708,#6523,.T.);
#6523 = SURFACE_CURVE('',#6524,(#6528,#6535),.PCURVE_S1.);
#6524 = LINE('',#6525,#6526);
#6525 = CARTESIAN_POINT('',(0.738262106152,-2.907742949888,-3.));
#6526 = VECTOR('',#6527,1.);
#6527 = DIRECTION('',(-3.885780586188E-16,1.9E-16,1.));
#6528 = PCURVE('',#2723,#6529);
#6529 = DEFINITIONAL_REPRESENTATION('',(#6530),#6534);
#6530 = LINE('',#6531,#6532);
#6531 = CARTESIAN_POINT('',(0.380665870704,3.697960125519E-17));
#6532 = VECTOR('',#6533,1.);
#6533 = DIRECTION('',(-1.153640923727E-19,-1.));
#6534 = ( GEOMETRIC_REPRESENTATION_CONTEXT(2) 
PARAMETRIC_REPRESENTATION_CONTEXT() REPRESENTATION_CONTEXT('2D SPACE',''
  ) );
#6535 = PCURVE('',#2752,#6536);
#6536 = DEFINITIONAL_REPRESENTATION('',(#6537),#6541);
#6537 = LINE('',#6538,#6539);
#6538 = CARTESIAN_POINT('',(1.819437728654,-1.7763568394E-15));
#6539 = VECTOR('',#6540,1.);
#6540 = DIRECTION('',(-1.850371707709E-16,1.));
#6541 = ( GEOMETRIC_REPRESENTATION_CONTEXT(2) 
PARAMETRIC_REPRESENTATION_CONTEXT() REPRESENTATION_CONTEXT('2D SPACE',''
  ) );
#6542 = ORIENTED_EDGE('',*,*,#2707,.T.);
#6543 = ORIENTED_EDGE('',*,*,#6495,.F.);
#6544 = ADVANCED_FACE('',(#6545),#2752,.F.);
#6545 = FACE_BOUND('',#6546,.F.);
#6546 = EDGE_LOOP('',(#6547,#6548,#6549,#6550));
#6547 = ORIENTED_EDGE('',*,*,#4978,.T.);
#6548 = ORIENTED_EDGE('',*,*,#6522,.T.);
#6549 = ORIENTED_EDGE('',*,*,#2735,.F.);
#6550 = ORIENTED_EDGE('',*,*,#6551,.F.);
#6551 = EDGE_CURVE('',#4956,#2736,#6552,.T.);
#6552 = SURFACE_CURVE('',#6553,(#6557,#6564),.PCURVE_S1.);
#6553 = LINE('',#6554,#6555);
#6554 = CARTESIAN_POINT('',(0.368344133876,-2.977301227461,-3.));
#6555 = VECTOR('',#6556,1.);
#6556 = DIRECTION('',(1.665334536938E-16,2.2E-16,1.));
#6557 = PCURVE('',#2752,#6558);
#6558 = DEFINITIONAL_REPRESENTATION('',(#6559),#6563);
#6559 = LINE('',#6560,#6561);
#6560 = CARTESIAN_POINT('',(1.69388831018,-1.7763568394E-15));
#6561 = VECTOR('',#6562,1.);
#6562 = DIRECTION('',(6.167905692362E-17,1.));
#6563 = ( GEOMETRIC_REPRESENTATION_CONTEXT(2) 
PARAMETRIC_REPRESENTATION_CONTEXT() REPRESENTATION_CONTEXT('2D SPACE',''
  ) );
#6564 = PCURVE('',#2780,#6565);
#6565 = DEFINITIONAL_REPRESENTATION('',(#6566),#6570);
#6566 = LINE('',#6567,#6568);
#6567 = CARTESIAN_POINT('',(0.,-0.));
#6568 = VECTOR('',#6569,1.);
#6569 = DIRECTION('',(-1.502588261504E-17,-1.));
#6570 = ( GEOMETRIC_REPRESENTATION_CONTEXT(2) 
PARAMETRIC_REPRESENTATION_CONTEXT() REPRESENTATION_CONTEXT('2D SPACE',''
  ) );
#6571 = ADVANCED_FACE('',(#6572),#2780,.F.);
#6572 = FACE_BOUND('',#6573,.T.);
#6573 = EDGE_LOOP('',(#6574,#6575,#6596,#6597));
#6574 = ORIENTED_EDGE('',*,*,#4955,.T.);
#6575 = ORIENTED_EDGE('',*,*,#6576,.T.);
#6576 = EDGE_CURVE('',#4933,#2765,#6577,.T.);
#6577 = SURFACE_CURVE('',#6578,(#6582,#6589),.PCURVE_S1.);
#6578 = LINE('',#6579,#6580);
#6579 = CARTESIAN_POINT('',(0.167492643406,-2.662219331628,-3.));
#6580 = VECTOR('',#6581,1.);
#6581 = DIRECTION('',(1.665334536938E-16,2.2E-16,1.));
#6582 = PCURVE('',#2780,#6583);
#6583 = DEFINITIONAL_REPRESENTATION('',(#6584),#6588);
#6584 = LINE('',#6585,#6586);
#6585 = CARTESIAN_POINT('',(0.373654817051,-4.148401811527E-17));
#6586 = VECTOR('',#6587,1.);
#6587 = DIRECTION('',(-1.502588261504E-17,-1.));
#6588 = ( GEOMETRIC_REPRESENTATION_CONTEXT(2) 
PARAMETRIC_REPRESENTATION_CONTEXT() REPRESENTATION_CONTEXT('2D SPACE',''
  ) );
#6589 = PCURVE('',#2808,#6590);
#6590 = DEFINITIONAL_REPRESENTATION('',(#6591),#6595);
#6591 = LINE('',#6592,#6593);
#6592 = CARTESIAN_POINT('',(0.,-0.));
#6593 = VECTOR('',#6594,1.);
#6594 = DIRECTION('',(-1.526961537338E-17,-1.));
#6595 = ( GEOMETRIC_REPRESENTATION_CONTEXT(2) 
PARAMETRIC_REPRESENTATION_CONTEXT() REPRESENTATION_CONTEXT('2D SPACE',''
  ) );
#6596 = ORIENTED_EDGE('',*,*,#2764,.T.);
#6597 = ORIENTED_EDGE('',*,*,#6551,.F.);
#6598 = ADVANCED_FACE('',(#6599),#2808,.F.);
#6599 = FACE_BOUND('',#6600,.T.);
#6600 = EDGE_LOOP('',(#6601,#6602,#6623,#6624));
#6601 = ORIENTED_EDGE('',*,*,#4932,.T.);
#6602 = ORIENTED_EDGE('',*,*,#6603,.T.);
#6603 = EDGE_CURVE('',#4909,#2793,#6604,.T.);
#6604 = SURFACE_CURVE('',#6605,(#6609,#6616),.PCURVE_S1.);
#6605 = LINE('',#6606,#6607);
#6606 = CARTESIAN_POINT('',(-8.058021594207E-03,-2.999989178028,-3.));
#6607 = VECTOR('',#6608,1.);
#6608 = DIRECTION('',(1.665334536938E-16,2.2E-16,1.));
#6609 = PCURVE('',#2808,#6610);
#6610 = DEFINITIONAL_REPRESENTATION('',(#6611),#6615);
#6611 = LINE('',#6612,#6613);
#6612 = CARTESIAN_POINT('',(0.380665870704,9.773180331728E-17));
#6613 = VECTOR('',#6614,1.);
#6614 = DIRECTION('',(-1.526961537338E-17,-1.));
#6615 = ( GEOMETRIC_REPRESENTATION_CONTEXT(2) 
PARAMETRIC_REPRESENTATION_CONTEXT() REPRESENTATION_CONTEXT('2D SPACE',''
  ) );
#6616 = PCURVE('',#2837,#6617);
#6617 = DEFINITIONAL_REPRESENTATION('',(#6618),#6622);
#6618 = LINE('',#6619,#6620);
#6619 = CARTESIAN_POINT('',(1.568110316367,-1.7763568394E-15));
#6620 = VECTOR('',#6621,1.);
#6621 = DIRECTION('',(6.167905692362E-17,1.));
#6622 = ( GEOMETRIC_REPRESENTATION_CONTEXT(2) 
PARAMETRIC_REPRESENTATION_CONTEXT() REPRESENTATION_CONTEXT('2D SPACE',''
  ) );
#6623 = ORIENTED_EDGE('',*,*,#2792,.T.);
#6624 = ORIENTED_EDGE('',*,*,#6576,.F.);
#6625 = ADVANCED_FACE('',(#6626),#2837,.F.);
#6626 = FACE_BOUND('',#6627,.F.);
#6627 = EDGE_LOOP('',(#6628,#6629,#6630,#6631));
#6628 = ORIENTED_EDGE('',*,*,#4908,.T.);
#6629 = ORIENTED_EDGE('',*,*,#6603,.T.);
#6630 = ORIENTED_EDGE('',*,*,#2820,.F.);
#6631 = ORIENTED_EDGE('',*,*,#6632,.F.);
#6632 = EDGE_CURVE('',#4886,#2821,#6633,.T.);
#6633 = SURFACE_CURVE('',#6634,(#6638,#6645),.PCURVE_S1.);
#6634 = LINE('',#6635,#6636);
#6635 = CARTESIAN_POINT('',(-0.383652780741,-2.975367295617,-3.));
#6636 = VECTOR('',#6637,1.);
#6637 = DIRECTION('',(-4.440892098501E-16,2.4E-16,1.));
#6638 = PCURVE('',#2837,#6639);
#6639 = DEFINITIONAL_REPRESENTATION('',(#6640),#6644);
#6640 = LINE('',#6641,#6642);
#6641 = CARTESIAN_POINT('',(1.442560897892,-1.7763568394E-15));
#6642 = VECTOR('',#6643,1.);
#6643 = DIRECTION('',(-1.233581138472E-16,1.));
#6644 = ( GEOMETRIC_REPRESENTATION_CONTEXT(2) 
PARAMETRIC_REPRESENTATION_CONTEXT() REPRESENTATION_CONTEXT('2D SPACE',''
  ) );
#6645 = PCURVE('',#2865,#6646);
#6646 = DEFINITIONAL_REPRESENTATION('',(#6647),#6651);
#6647 = LINE('',#6648,#6649);
#6648 = CARTESIAN_POINT('',(0.,0.));
#6649 = VECTOR('',#6650,1.);
#6650 = DIRECTION('',(5.365179519144E-18,-1.));
#6651 = ( GEOMETRIC_REPRESENTATION_CONTEXT(2) 
PARAMETRIC_REPRESENTATION_CONTEXT() REPRESENTATION_CONTEXT('2D SPACE',''
  ) );
#6652 = ADVANCED_FACE('',(#6653),#2865,.F.);
#6653 = FACE_BOUND('',#6654,.T.);
#6654 = EDGE_LOOP('',(#6655,#6656,#6677,#6678));
#6655 = ORIENTED_EDGE('',*,*,#4885,.T.);
#6656 = ORIENTED_EDGE('',*,*,#6657,.T.);
#6657 = EDGE_CURVE('',#4863,#2850,#6658,.T.);
#6658 = SURFACE_CURVE('',#6659,(#6663,#6670),.PCURVE_S1.);
#6659 = LINE('',#6660,#6661);
#6660 = CARTESIAN_POINT('',(-0.499836471175,-2.620234542436,-3.));
#6661 = VECTOR('',#6662,1.);
#6662 = DIRECTION('',(-4.440892098501E-16,2.4E-16,1.));
#6663 = PCURVE('',#2865,#6664);
#6664 = DEFINITIONAL_REPRESENTATION('',(#6665),#6669);
#6665 = LINE('',#6666,#6667);
#6666 = CARTESIAN_POINT('',(0.37365481705,-1.348230588741E-16));
#6667 = VECTOR('',#6668,1.);
#6668 = DIRECTION('',(5.365179519144E-18,-1.));
#6669 = ( GEOMETRIC_REPRESENTATION_CONTEXT(2) 
PARAMETRIC_REPRESENTATION_CONTEXT() REPRESENTATION_CONTEXT('2D SPACE',''
  ) );
#6670 = PCURVE('',#2893,#6671);
#6671 = DEFINITIONAL_REPRESENTATION('',(#6672),#6676);
#6672 = LINE('',#6673,#6674);
#6673 = CARTESIAN_POINT('',(-0.,0.));
#6674 = VECTOR('',#6675,1.);
#6675 = DIRECTION('',(-7.279245924975E-18,-1.));
#6676 = ( GEOMETRIC_REPRESENTATION_CONTEXT(2) 
PARAMETRIC_REPRESENTATION_CONTEXT() REPRESENTATION_CONTEXT('2D SPACE',''
  ) );
#6677 = ORIENTED_EDGE('',*,*,#2849,.T.);
#6678 = ORIENTED_EDGE('',*,*,#6632,.F.);
#6679 = ADVANCED_FACE('',(#6680),#2893,.F.);
#6680 = FACE_BOUND('',#6681,.T.);
#6681 = EDGE_LOOP('',(#6682,#6683,#6704,#6705));
#6682 = ORIENTED_EDGE('',*,*,#4862,.T.);
#6683 = ORIENTED_EDGE('',*,*,#6684,.T.);
#6684 = EDGE_CURVE('',#4839,#2878,#6685,.T.);
#6685 = SURFACE_CURVE('',#6686,(#6690,#6697),.PCURVE_S1.);
#6686 = LINE('',#6687,#6688);
#6687 = CARTESIAN_POINT('',(-0.753871834208,-2.903735052925,-3.));
#6688 = VECTOR('',#6689,1.);
#6689 = DIRECTION('',(-4.440892098501E-16,2.4E-16,1.));
#6690 = PCURVE('',#2893,#6691);
#6691 = DEFINITIONAL_REPRESENTATION('',(#6692),#6696);
#6692 = LINE('',#6693,#6694);
#6693 = CARTESIAN_POINT('',(0.380665870704,-4.754520161375E-17));
#6694 = VECTOR('',#6695,1.);
#6695 = DIRECTION('',(-7.279245924975E-18,-1.));
#6696 = ( GEOMETRIC_REPRESENTATION_CONTEXT(2) 
PARAMETRIC_REPRESENTATION_CONTEXT() REPRESENTATION_CONTEXT('2D SPACE',''
  ) );
#6697 = PCURVE('',#2922,#6698);
#6698 = DEFINITIONAL_REPRESENTATION('',(#6699),#6703);
#6699 = LINE('',#6700,#6701);
#6700 = CARTESIAN_POINT('',(1.31678290408,-1.7763568394E-15));
#6701 = VECTOR('',#6702,1.);
#6702 = DIRECTION('',(-1.233581138472E-16,1.));
#6703 = ( GEOMETRIC_REPRESENTATION_CONTEXT(2) 
PARAMETRIC_REPRESENTATION_CONTEXT() REPRESENTATION_CONTEXT('2D SPACE',''
  ) );
#6704 = ORIENTED_EDGE('',*,*,#2877,.T.);
#6705 = ORIENTED_EDGE('',*,*,#6657,.F.);
#6706 = ADVANCED_FACE('',(#6707),#2922,.F.);
#6707 = FACE_BOUND('',#6708,.F.);
#6708 = EDGE_LOOP('',(#6709,#6710,#6711,#6712));
#6709 = ORIENTED_EDGE('',*,*,#4838,.T.);
#6710 = ORIENTED_EDGE('',*,*,#6684,.T.);
#6711 = ORIENTED_EDGE('',*,*,#2905,.F.);
#6712 = ORIENTED_EDGE('',*,*,#6713,.F.);
#6713 = EDGE_CURVE('',#4816,#2906,#6714,.T.);
#6714 = SURFACE_CURVE('',#6715,(#6719,#6726),.PCURVE_S1.);
#6715 = LINE('',#6716,#6717);
#6716 = CARTESIAN_POINT('',(-1.111543380167,-2.786480093955,-3.));
#6717 = VECTOR('',#6718,1.);
#6718 = DIRECTION('',(2.775557561563E-16,2.7E-16,1.));
#6719 = PCURVE('',#2922,#6720);
#6720 = DEFINITIONAL_REPRESENTATION('',(#6721),#6725);
#6721 = LINE('',#6722,#6723);
#6722 = CARTESIAN_POINT('',(1.191233485605,-1.7763568394E-15));
#6723 = VECTOR('',#6724,1.);
#6724 = DIRECTION('',(1.233581138472E-16,1.));
#6725 = ( GEOMETRIC_REPRESENTATION_CONTEXT(2) 
PARAMETRIC_REPRESENTATION_CONTEXT() REPRESENTATION_CONTEXT('2D SPACE',''
  ) );
#6726 = PCURVE('',#2950,#6727);
#6727 = DEFINITIONAL_REPRESENTATION('',(#6728),#6732);
#6728 = LINE('',#6729,#6730);
#6729 = CARTESIAN_POINT('',(0.,-0.));
#6730 = VECTOR('',#6731,1.);
#6731 = DIRECTION('',(5.113967760936E-18,-1.));
#6732 = ( GEOMETRIC_REPRESENTATION_CONTEXT(2) 
PARAMETRIC_REPRESENTATION_CONTEXT() REPRESENTATION_CONTEXT('2D SPACE',''
  ) );
#6733 = ADVANCED_FACE('',(#6734),#2950,.F.);
#6734 = FACE_BOUND('',#6735,.T.);
#6735 = EDGE_LOOP('',(#6736,#6737,#6758,#6759));
#6736 = ORIENTED_EDGE('',*,*,#4815,.T.);
#6737 = ORIENTED_EDGE('',*,*,#6738,.T.);
#6738 = EDGE_CURVE('',#4793,#2935,#6739,.T.);
#6739 = SURFACE_CURVE('',#6740,(#6744,#6751),.PCURVE_S1.);
#6740 = LINE('',#6741,#6742);
#6741 = CARTESIAN_POINT('',(-1.135759022002,-2.413610780393,-3.));
#6742 = VECTOR('',#6743,1.);
#6743 = DIRECTION('',(2.775557561563E-16,2.7E-16,1.));
#6744 = PCURVE('',#2950,#6745);
#6745 = DEFINITIONAL_REPRESENTATION('',(#6746),#6750);
#6746 = LINE('',#6747,#6748);
#6747 = CARTESIAN_POINT('',(0.373654817051,-9.204266519324E-17));
#6748 = VECTOR('',#6749,1.);
#6749 = DIRECTION('',(5.113967760936E-18,-1.));
#6750 = ( GEOMETRIC_REPRESENTATION_CONTEXT(2) 
PARAMETRIC_REPRESENTATION_CONTEXT() REPRESENTATION_CONTEXT('2D SPACE',''
  ) );
#6751 = PCURVE('',#2978,#6752);
#6752 = DEFINITIONAL_REPRESENTATION('',(#6753),#6757);
#6753 = LINE('',#6754,#6755);
#6754 = CARTESIAN_POINT('',(0.,-0.));
#6755 = VECTOR('',#6756,1.);
#6756 = DIRECTION('',(6.332136487658E-17,-1.));
#6757 = ( GEOMETRIC_REPRESENTATION_CONTEXT(2) 
PARAMETRIC_REPRESENTATION_CONTEXT() REPRESENTATION_CONTEXT('2D SPACE',''
  ) );
#6758 = ORIENTED_EDGE('',*,*,#2934,.T.);
#6759 = ORIENTED_EDGE('',*,*,#6713,.F.);
#6760 = ADVANCED_FACE('',(#6761),#2978,.F.);
#6761 = FACE_BOUND('',#6762,.T.);
#6762 = EDGE_LOOP('',(#6763,#6764,#6785,#6786));
#6763 = ORIENTED_EDGE('',*,*,#4792,.T.);
#6764 = ORIENTED_EDGE('',*,*,#6765,.T.);
#6765 = EDGE_CURVE('',#4769,#2963,#6766,.T.);
#6766 = SURFACE_CURVE('',#6767,(#6771,#6778),.PCURVE_S1.);
#6767 = LINE('',#6768,#6769);
#6768 = CARTESIAN_POINT('',(-1.452317106932,-2.625028575257,-3.));
#6769 = VECTOR('',#6770,1.);
#6770 = DIRECTION('',(2.775557561563E-16,2.7E-16,1.));
#6771 = PCURVE('',#2978,#6772);
#6772 = DEFINITIONAL_REPRESENTATION('',(#6773),#6777);
#6773 = LINE('',#6774,#6775);
#6774 = CARTESIAN_POINT('',(0.380665870705,1.690496057384E-16));
#6775 = VECTOR('',#6776,1.);
#6776 = DIRECTION('',(6.332136487658E-17,-1.));
#6777 = ( GEOMETRIC_REPRESENTATION_CONTEXT(2) 
PARAMETRIC_REPRESENTATION_CONTEXT() REPRESENTATION_CONTEXT('2D SPACE',''
  ) );
#6778 = PCURVE('',#3007,#6779);
#6779 = DEFINITIONAL_REPRESENTATION('',(#6780),#6784);
#6780 = LINE('',#6781,#6782);
#6781 = CARTESIAN_POINT('',(1.065455491793,-1.7763568394E-15));
#6782 = VECTOR('',#6783,1.);
#6783 = DIRECTION('',(1.850371707709E-16,1.));
#6784 = ( GEOMETRIC_REPRESENTATION_CONTEXT(2) 
PARAMETRIC_REPRESENTATION_CONTEXT() REPRESENTATION_CONTEXT('2D SPACE',''
  ) );
#6785 = ORIENTED_EDGE('',*,*,#2962,.T.);
#6786 = ORIENTED_EDGE('',*,*,#6738,.F.);
#6787 = ADVANCED_FACE('',(#6788),#3007,.F.);
#6788 = FACE_BOUND('',#6789,.F.);
#6789 = EDGE_LOOP('',(#6790,#6791,#6792,#6793));
#6790 = ORIENTED_EDGE('',*,*,#4768,.T.);
#6791 = ORIENTED_EDGE('',*,*,#6765,.T.);
#6792 = ORIENTED_EDGE('',*,*,#2990,.F.);
#6793 = ORIENTED_EDGE('',*,*,#6794,.F.);
#6794 = EDGE_CURVE('',#4746,#2991,#6795,.T.);
#6795 = SURFACE_CURVE('',#6796,(#6800,#6807),.PCURVE_S1.);
#6796 = LINE('',#6797,#6798);
#6797 = CARTESIAN_POINT('',(-1.769591621046,-2.422508100032,-3.));
#6798 = VECTOR('',#6799,1.);
#6799 = DIRECTION('',(-4.996003610813E-16,2.9E-16,1.));
#6800 = PCURVE('',#3007,#6801);
#6801 = DEFINITIONAL_REPRESENTATION('',(#6802),#6806);
#6802 = LINE('',#6803,#6804);
#6803 = CARTESIAN_POINT('',(0.939906073318,-1.7763568394E-15));
#6804 = VECTOR('',#6805,1.);
#6805 = DIRECTION('',(-6.167905692362E-17,1.));
#6806 = ( GEOMETRIC_REPRESENTATION_CONTEXT(2) 
PARAMETRIC_REPRESENTATION_CONTEXT() REPRESENTATION_CONTEXT('2D SPACE',''
  ) );
#6807 = PCURVE('',#3035,#6808);
#6808 = DEFINITIONAL_REPRESENTATION('',(#6809),#6813);
#6809 = LINE('',#6810,#6811);
#6810 = CARTESIAN_POINT('',(0.,0.));
#6811 = VECTOR('',#6812,1.);
#6812 = DIRECTION('',(6.744874307074E-17,-1.));
#6813 = ( GEOMETRIC_REPRESENTATION_CONTEXT(2) 
PARAMETRIC_REPRESENTATION_CONTEXT() REPRESENTATION_CONTEXT('2D SPACE',''
  ) );
#6814 = ADVANCED_FACE('',(#6815),#3035,.F.);
#6815 = FACE_BOUND('',#6816,.T.);
#6816 = EDGE_LOOP('',(#6817,#6818,#6839,#6840));
#6817 = ORIENTED_EDGE('',*,*,#4745,.T.);
#6818 = ORIENTED_EDGE('',*,*,#6819,.T.);
#6819 = EDGE_CURVE('',#4723,#3020,#6820,.T.);
#6820 = SURFACE_CURVE('',#6821,(#6825,#6832),.PCURVE_S1.);
#6821 = LINE('',#6822,#6823);
#6822 = CARTESIAN_POINT('',(-1.700317656447,-2.055330976379,-3.));
#6823 = VECTOR('',#6824,1.);
#6824 = DIRECTION('',(-4.996003610813E-16,2.9E-16,1.));
#6825 = PCURVE('',#3035,#6826);
#6826 = DEFINITIONAL_REPRESENTATION('',(#6827),#6831);
#6827 = LINE('',#6828,#6829);
#6828 = CARTESIAN_POINT('',(0.373654817051,-4.666952037961E-17));
#6829 = VECTOR('',#6830,1.);
#6830 = DIRECTION('',(6.744874307074E-17,-1.));
#6831 = ( GEOMETRIC_REPRESENTATION_CONTEXT(2) 
PARAMETRIC_REPRESENTATION_CONTEXT() REPRESENTATION_CONTEXT('2D SPACE',''
  ) );
#6832 = PCURVE('',#3063,#6833);
#6833 = DEFINITIONAL_REPRESENTATION('',(#6834),#6838);
#6834 = LINE('',#6835,#6836);
#6835 = CARTESIAN_POINT('',(-0.,0.));
#6836 = VECTOR('',#6837,1.);
#6837 = DIRECTION('',(-1.79724995256E-16,-1.));
#6838 = ( GEOMETRIC_REPRESENTATION_CONTEXT(2) 
PARAMETRIC_REPRESENTATION_CONTEXT() REPRESENTATION_CONTEXT('2D SPACE',''
  ) );
#6839 = ORIENTED_EDGE('',*,*,#3019,.T.);
#6840 = ORIENTED_EDGE('',*,*,#6794,.F.);
#6841 = ADVANCED_FACE('',(#6842),#3063,.F.);
#6842 = FACE_BOUND('',#6843,.T.);
#6843 = EDGE_LOOP('',(#6844,#6845,#6866,#6867));
#6844 = ORIENTED_EDGE('',*,*,#4722,.T.);
#6845 = ORIENTED_EDGE('',*,*,#6846,.T.);
#6846 = EDGE_CURVE('',#4699,#3048,#6847,.T.);
#6847 = SURFACE_CURVE('',#6848,(#6852,#6859),.PCURVE_S1.);
#6848 = LINE('',#6849,#6850);
#6849 = CARTESIAN_POINT('',(-2.059507954578,-2.181381898025,-3.));
#6850 = VECTOR('',#6851,1.);
#6851 = DIRECTION('',(-4.996003610813E-16,2.9E-16,1.));
#6852 = PCURVE('',#3063,#6853);
#6853 = DEFINITIONAL_REPRESENTATION('',(#6854),#6858);
#6854 = LINE('',#6855,#6856);
#6855 = CARTESIAN_POINT('',(0.380665870705,-2.113120071726E-16));
#6856 = VECTOR('',#6857,1.);
#6857 = DIRECTION('',(-1.79724995256E-16,-1.));
#6858 = ( GEOMETRIC_REPRESENTATION_CONTEXT(2) 
PARAMETRIC_REPRESENTATION_CONTEXT() REPRESENTATION_CONTEXT('2D SPACE',''
  ) );
#6859 = PCURVE('',#3092,#6860);
#6860 = DEFINITIONAL_REPRESENTATION('',(#6861),#6865);
#6861 = LINE('',#6862,#6863);
#6862 = CARTESIAN_POINT('',(0.814128079506,-1.33226762955E-15));
#6863 = VECTOR('',#6864,1.);
#6864 = DIRECTION('',(-3.083952846181E-17,1.));
#6865 = ( GEOMETRIC_REPRESENTATION_CONTEXT(2) 
PARAMETRIC_REPRESENTATION_CONTEXT() REPRESENTATION_CONTEXT('2D SPACE',''
  ) );
#6866 = ORIENTED_EDGE('',*,*,#3047,.T.);
#6867 = ORIENTED_EDGE('',*,*,#6819,.F.);
#6868 = ADVANCED_FACE('',(#6869),#3092,.F.);
#6869 = FACE_BOUND('',#6870,.F.);
#6870 = EDGE_LOOP('',(#6871,#6872,#6873,#6874));
#6871 = ORIENTED_EDGE('',*,*,#4698,.T.);
#6872 = ORIENTED_EDGE('',*,*,#6846,.T.);
#6873 = ORIENTED_EDGE('',*,*,#3075,.F.);
#6874 = ORIENTED_EDGE('',*,*,#6875,.F.);
#6875 = EDGE_CURVE('',#4676,#3076,#6876,.T.);
#6876 = SURFACE_CURVE('',#6877,(#6881,#6888),.PCURVE_S1.);
#6877 = LINE('',#6878,#6879);
#6878 = CARTESIAN_POINT('',(-2.316449912273,-1.906321012823,-3.));
#6879 = VECTOR('',#6880,1.);
#6880 = DIRECTION('',(-5.551115123126E-17,3.1E-16,1.));
#6881 = PCURVE('',#3092,#6882);
#6882 = DEFINITIONAL_REPRESENTATION('',(#6883),#6887);
#6883 = LINE('',#6884,#6885);
#6884 = CARTESIAN_POINT('',(0.688578661031,-1.33226762955E-15));
#6885 = VECTOR('',#6886,1.);
#6886 = DIRECTION('',(9.251858538543E-17,1.));
#6887 = ( GEOMETRIC_REPRESENTATION_CONTEXT(2) 
PARAMETRIC_REPRESENTATION_CONTEXT() REPRESENTATION_CONTEXT('2D SPACE',''
  ) );
#6888 = PCURVE('',#3120,#6889);
#6889 = DEFINITIONAL_REPRESENTATION('',(#6890),#6894);
#6890 = LINE('',#6891,#6892);
#6891 = CARTESIAN_POINT('',(0.,0.));
#6892 = VECTOR('',#6893,1.);
#6893 = DIRECTION('',(3.518404503333E-17,-1.));
#6894 = ( GEOMETRIC_REPRESENTATION_CONTEXT(2) 
PARAMETRIC_REPRESENTATION_CONTEXT() REPRESENTATION_CONTEXT('2D SPACE',''
  ) );
#6895 = ADVANCED_FACE('',(#6896),#3120,.F.);
#6896 = FACE_BOUND('',#6897,.T.);
#6897 = EDGE_LOOP('',(#6898,#6899,#6920,#6921));
#6898 = ORIENTED_EDGE('',*,*,#4675,.T.);
#6899 = ORIENTED_EDGE('',*,*,#6900,.T.);
#6900 = EDGE_CURVE('',#4653,#3105,#6901,.T.);
#6901 = SURFACE_CURVE('',#6902,(#6906,#6913),.PCURVE_S1.);
#6902 = LINE('',#6903,#6904);
#6903 = CARTESIAN_POINT('',(-2.158039079206,-1.567907168141,-3.));
#6904 = VECTOR('',#6905,1.);
#6905 = DIRECTION('',(-5.551115123126E-17,3.1E-16,1.));
#6906 = PCURVE('',#3120,#6907);
#6907 = DEFINITIONAL_REPRESENTATION('',(#6908),#6912);
#6908 = LINE('',#6909,#6910);
#6909 = CARTESIAN_POINT('',(0.373654817051,-8.296803623042E-17));
#6910 = VECTOR('',#6911,1.);
#6911 = DIRECTION('',(3.518404503333E-17,-1.));
#6912 = ( GEOMETRIC_REPRESENTATION_CONTEXT(2) 
PARAMETRIC_REPRESENTATION_CONTEXT() REPRESENTATION_CONTEXT('2D SPACE',''
  ) );
#6913 = PCURVE('',#3148,#6914);
#6914 = DEFINITIONAL_REPRESENTATION('',(#6915),#6919);
#6915 = LINE('',#6916,#6917);
#6916 = CARTESIAN_POINT('',(0.,0.));
#6917 = VECTOR('',#6918,1.);
#6918 = DIRECTION('',(2.862354216586E-17,-1.));
#6919 = ( GEOMETRIC_REPRESENTATION_CONTEXT(2) 
PARAMETRIC_REPRESENTATION_CONTEXT() REPRESENTATION_CONTEXT('2D SPACE',''
  ) );
#6920 = ORIENTED_EDGE('',*,*,#3104,.T.);
#6921 = ORIENTED_EDGE('',*,*,#6875,.F.);
#6922 = ADVANCED_FACE('',(#6923),#3148,.F.);
#6923 = FACE_BOUND('',#6924,.T.);
#6924 = EDGE_LOOP('',(#6925,#6926,#6947,#6948));
#6925 = ORIENTED_EDGE('',*,*,#4652,.T.);
#6926 = ORIENTED_EDGE('',*,*,#6927,.T.);
#6927 = EDGE_CURVE('',#4629,#3133,#6928,.T.);
#6928 = SURFACE_CURVE('',#6929,(#6933,#6940),.PCURVE_S1.);
#6929 = LINE('',#6930,#6931);
#6930 = CARTESIAN_POINT('',(-2.537292343098,-1.600670973578,-3.));
#6931 = VECTOR('',#6932,1.);
#6932 = DIRECTION('',(-5.551115123126E-17,3.1E-16,1.));
#6933 = PCURVE('',#3148,#6934);
#6934 = DEFINITIONAL_REPRESENTATION('',(#6935),#6939);
#6935 = LINE('',#6936,#6937);
#6936 = CARTESIAN_POINT('',(0.380665870705,1.232595164408E-32));
#6937 = VECTOR('',#6938,1.);
#6938 = DIRECTION('',(2.862354216586E-17,-1.));
#6939 = ( GEOMETRIC_REPRESENTATION_CONTEXT(2) 
PARAMETRIC_REPRESENTATION_CONTEXT() REPRESENTATION_CONTEXT('2D SPACE',''
  ) );
#6940 = PCURVE('',#3177,#6941);
#6941 = DEFINITIONAL_REPRESENTATION('',(#6942),#6946);
#6942 = LINE('',#6943,#6944);
#6943 = CARTESIAN_POINT('',(0.562800667218,-8.881784197001E-16));
#6944 = VECTOR('',#6945,1.);
#6945 = DIRECTION('',(9.251858538543E-17,1.));
#6946 = ( GEOMETRIC_REPRESENTATION_CONTEXT(2) 
PARAMETRIC_REPRESENTATION_CONTEXT() REPRESENTATION_CONTEXT('2D SPACE',''
  ) );
#6947 = ORIENTED_EDGE('',*,*,#3132,.T.);
#6948 = ORIENTED_EDGE('',*,*,#6900,.F.);
#6949 = ADVANCED_FACE('',(#6950),#3177,.F.);
#6950 = FACE_BOUND('',#6951,.F.);
#6951 = EDGE_LOOP('',(#6952,#6953,#6954,#6955));
#6952 = ORIENTED_EDGE('',*,*,#4628,.T.);
#6953 = ORIENTED_EDGE('',*,*,#6927,.T.);
#6954 = ORIENTED_EDGE('',*,*,#3160,.F.);
#6955 = ORIENTED_EDGE('',*,*,#6956,.F.);
#6956 = EDGE_CURVE('',#4606,#3161,#6957,.T.);
#6957 = SURFACE_CURVE('',#6958,(#6962,#6969),.PCURVE_S1.);
#6958 = LINE('',#6959,#6960);
#6959 = CARTESIAN_POINT('',(-2.717757136204,-1.27035276542,-3.));
#6960 = VECTOR('',#6961,1.);
#6961 = DIRECTION('',(0.,3.3E-16,1.));
#6962 = PCURVE('',#3177,#6963);
#6963 = DEFINITIONAL_REPRESENTATION('',(#6964),#6968);
#6964 = LINE('',#6965,#6966);
#6965 = CARTESIAN_POINT('',(0.437251248744,-8.881784197001E-16));
#6966 = VECTOR('',#6967,1.);
#6967 = DIRECTION('',(1.233581138472E-16,1.));
#6968 = ( GEOMETRIC_REPRESENTATION_CONTEXT(2) 
PARAMETRIC_REPRESENTATION_CONTEXT() REPRESENTATION_CONTEXT('2D SPACE',''
  ) );
#6969 = PCURVE('',#3205,#6970);
#6970 = DEFINITIONAL_REPRESENTATION('',(#6971),#6975);
#6971 = LINE('',#6972,#6973);
#6972 = CARTESIAN_POINT('',(0.,0.));
#6973 = VECTOR('',#6974,1.);
#6974 = DIRECTION('',(-2.286176370636E-17,-1.));
#6975 = ( GEOMETRIC_REPRESENTATION_CONTEXT(2) 
PARAMETRIC_REPRESENTATION_CONTEXT() REPRESENTATION_CONTEXT('2D SPACE',''
  ) );
#6976 = ADVANCED_FACE('',(#6977),#3205,.F.);
#6977 = FACE_BOUND('',#6978,.T.);
#6978 = EDGE_LOOP('',(#6979,#6980,#7001,#7002));
#6979 = ORIENTED_EDGE('',*,*,#4605,.T.);
#6980 = ORIENTED_EDGE('',*,*,#6981,.T.);
#6981 = EDGE_CURVE('',#4583,#3190,#6982,.T.);
#6982 = SURFACE_CURVE('',#6983,(#6987,#6994),.PCURVE_S1.);
#6983 = LINE('',#6984,#6985);
#6984 = CARTESIAN_POINT('',(-2.480162969907,-0.981965986169,-3.));
#6985 = VECTOR('',#6986,1.);
#6986 = DIRECTION('',(0.,3.3E-16,1.));
#6987 = PCURVE('',#3205,#6988);
#6988 = DEFINITIONAL_REPRESENTATION('',(#6989),#6993);
#6989 = LINE('',#6990,#6991);
#6990 = CARTESIAN_POINT('',(0.373654817051,-1.037100452879E-16));
#6991 = VECTOR('',#6992,1.);
#6992 = DIRECTION('',(-2.286176370636E-17,-1.));
#6993 = ( GEOMETRIC_REPRESENTATION_CONTEXT(2) 
PARAMETRIC_REPRESENTATION_CONTEXT() REPRESENTATION_CONTEXT('2D SPACE',''
  ) );
#6994 = PCURVE('',#3233,#6995);
#6995 = DEFINITIONAL_REPRESENTATION('',(#6996),#7000);
#6996 = LINE('',#6997,#6998);
#6997 = CARTESIAN_POINT('',(0.,0.));
#6998 = VECTOR('',#6999,1.);
#6999 = DIRECTION('',(-1.122810098233E-16,-1.));
#7000 = ( GEOMETRIC_REPRESENTATION_CONTEXT(2) 
PARAMETRIC_REPRESENTATION_CONTEXT() REPRESENTATION_CONTEXT('2D SPACE',''
  ) );
#7001 = ORIENTED_EDGE('',*,*,#3189,.T.);
#7002 = ORIENTED_EDGE('',*,*,#6956,.F.);
#7003 = ADVANCED_FACE('',(#7004),#3233,.F.);
#7004 = FACE_BOUND('',#7005,.T.);
#7005 = EDGE_LOOP('',(#7006,#7007,#7028,#7029));
#7006 = ORIENTED_EDGE('',*,*,#4582,.T.);
#7007 = ORIENTED_EDGE('',*,*,#7008,.T.);
#7008 = EDGE_CURVE('',#4559,#3218,#7009,.T.);
#7009 = SURFACE_CURVE('',#7010,(#7014,#7021),.PCURVE_S1.);
#7010 = LINE('',#7011,#7012);
#7011 = CARTESIAN_POINT('',(-2.855649322193,-0.919384005006,-3.));
#7012 = VECTOR('',#7013,1.);
#7013 = DIRECTION('',(0.,3.3E-16,1.));
#7014 = PCURVE('',#3233,#7015);
#7015 = DEFINITIONAL_REPRESENTATION('',(#7016),#7020);
#7016 = LINE('',#7017,#7018);
#7017 = CARTESIAN_POINT('',(0.380665870705,-6.339360215179E-17));
#7018 = VECTOR('',#7019,1.);
#7019 = DIRECTION('',(-1.122810098233E-16,-1.));
#7020 = ( GEOMETRIC_REPRESENTATION_CONTEXT(2) 
PARAMETRIC_REPRESENTATION_CONTEXT() REPRESENTATION_CONTEXT('2D SPACE',''
  ) );
#7021 = PCURVE('',#3262,#7022);
#7022 = DEFINITIONAL_REPRESENTATION('',(#7023),#7027);
#7023 = LINE('',#7024,#7025);
#7024 = CARTESIAN_POINT('',(0.311473254931,-4.440892098501E-16));
#7025 = VECTOR('',#7026,1.);
#7026 = DIRECTION('',(1.079383496163E-16,1.));
#7027 = ( GEOMETRIC_REPRESENTATION_CONTEXT(2) 
PARAMETRIC_REPRESENTATION_CONTEXT() REPRESENTATION_CONTEXT('2D SPACE',''
  ) );
#7028 = ORIENTED_EDGE('',*,*,#3217,.T.);
#7029 = ORIENTED_EDGE('',*,*,#6981,.F.);
#7030 = ADVANCED_FACE('',(#7031),#3262,.F.);
#7031 = FACE_BOUND('',#7032,.F.);
#7032 = EDGE_LOOP('',(#7033,#7034,#7035,#7036));
#7033 = ORIENTED_EDGE('',*,*,#4558,.T.);
#7034 = ORIENTED_EDGE('',*,*,#7008,.T.);
#7035 = ORIENTED_EDGE('',*,*,#3245,.F.);
#7036 = ORIENTED_EDGE('',*,*,#7037,.F.);
#7037 = EDGE_CURVE('',#4536,#3246,#7038,.T.);
#7038 = SURFACE_CURVE('',#7039,(#7043,#7050),.PCURVE_S1.);
#7039 = LINE('',#7040,#7041);
#7040 = CARTESIAN_POINT('',(-2.948297684057,-0.554563581735,-3.));
#7041 = VECTOR('',#7042,1.);
#7042 = DIRECTION('',(-8.326672684689E-17,3.3E-16,1.));
#7043 = PCURVE('',#3262,#7044);
#7044 = DEFINITIONAL_REPRESENTATION('',(#7045),#7049);
#7045 = LINE('',#7046,#7047);
#7046 = CARTESIAN_POINT('',(0.185923836457,-4.440892098501E-16));
#7047 = VECTOR('',#7048,1.);
#7048 = DIRECTION('',(1.002284675009E-16,1.));
#7049 = ( GEOMETRIC_REPRESENTATION_CONTEXT(2) 
PARAMETRIC_REPRESENTATION_CONTEXT() REPRESENTATION_CONTEXT('2D SPACE',''
  ) );
#7050 = PCURVE('',#3290,#7051);
#7051 = DEFINITIONAL_REPRESENTATION('',(#7052),#7056);
#7052 = LINE('',#7053,#7054);
#7053 = CARTESIAN_POINT('',(0.,0.));
#7054 = VECTOR('',#7055,1.);
#7055 = DIRECTION('',(-1.153469230174E-17,-1.));
#7056 = ( GEOMETRIC_REPRESENTATION_CONTEXT(2) 
PARAMETRIC_REPRESENTATION_CONTEXT() REPRESENTATION_CONTEXT('2D SPACE',''
  ) );
#7057 = ADVANCED_FACE('',(#7058),#3290,.F.);
#7058 = FACE_BOUND('',#7059,.T.);
#7059 = EDGE_LOOP('',(#7060,#7061,#7082,#7083));
#7060 = ORIENTED_EDGE('',*,*,#4535,.T.);
#7061 = ORIENTED_EDGE('',*,*,#7062,.T.);
#7062 = EDGE_CURVE('',#4513,#3275,#7063,.T.);
#7063 = SURFACE_CURVE('',#7064,(#7068,#7075),.PCURVE_S1.);
#7064 = LINE('',#7065,#7066);
#7065 = CARTESIAN_POINT('',(-2.646449099806,-0.334324269868,-3.));
#7066 = VECTOR('',#7067,1.);
#7067 = DIRECTION('',(-8.326672684689E-17,3.3E-16,1.));
#7068 = PCURVE('',#3290,#7069);
#7069 = DEFINITIONAL_REPRESENTATION('',(#7070),#7074);
#7070 = LINE('',#7071,#7072);
#7071 = CARTESIAN_POINT('',(0.373654817052,-5.18550226441E-17));
#7072 = VECTOR('',#7073,1.);
#7073 = DIRECTION('',(-1.153469230174E-17,-1.));
#7074 = ( GEOMETRIC_REPRESENTATION_CONTEXT(2) 
PARAMETRIC_REPRESENTATION_CONTEXT() REPRESENTATION_CONTEXT('2D SPACE',''
  ) );
#7075 = PCURVE('',#3318,#7076);
#7076 = DEFINITIONAL_REPRESENTATION('',(#7077),#7081);
#7077 = LINE('',#7078,#7079);
#7078 = CARTESIAN_POINT('',(0.,0.));
#7079 = VECTOR('',#7080,1.);
#7080 = DIRECTION('',(-2.627435605909E-17,-1.));
#7081 = ( GEOMETRIC_REPRESENTATION_CONTEXT(2) 
PARAMETRIC_REPRESENTATION_CONTEXT() REPRESENTATION_CONTEXT('2D SPACE',''
  ) );
#7082 = ORIENTED_EDGE('',*,*,#3274,.T.);
#7083 = ORIENTED_EDGE('',*,*,#7037,.F.);
#7084 = ADVANCED_FACE('',(#7085),#3318,.F.);
#7085 = FACE_BOUND('',#7086,.T.);
#7086 = EDGE_LOOP('',(#7087,#7088,#7109,#7110));
#7087 = ORIENTED_EDGE('',*,*,#4512,.T.);
#7088 = ORIENTED_EDGE('',*,*,#7089,.T.);
#7089 = EDGE_CURVE('',#4489,#3303,#7090,.T.);
#7090 = SURFACE_CURVE('',#7091,(#7095,#7102),.PCURVE_S1.);
#7091 = LINE('',#7092,#7093);
#7092 = CARTESIAN_POINT('',(-2.99457535203,-0.180328758141,-3.));
#7093 = VECTOR('',#7094,1.);
#7094 = DIRECTION('',(-8.326672684689E-17,3.3E-16,1.));
#7095 = PCURVE('',#3318,#7096);
#7096 = DEFINITIONAL_REPRESENTATION('',(#7097),#7101);
#7097 = LINE('',#7098,#7099);
#7098 = CARTESIAN_POINT('',(0.380665870705,-8.98076030484E-17));
#7099 = VECTOR('',#7100,1.);
#7100 = DIRECTION('',(-2.627435605909E-17,-1.));
#7101 = ( GEOMETRIC_REPRESENTATION_CONTEXT(2) 
PARAMETRIC_REPRESENTATION_CONTEXT() REPRESENTATION_CONTEXT('2D SPACE',''
  ) );
#7102 = PCURVE('',#3347,#7103);
#7103 = DEFINITIONAL_REPRESENTATION('',(#7104),#7108);
#7104 = LINE('',#7105,#7106);
#7105 = CARTESIAN_POINT('',(6.343331149823,0.));
#7106 = VECTOR('',#7107,1.);
#7107 = DIRECTION('',(1.445602896647E-16,1.));
#7108 = ( GEOMETRIC_REPRESENTATION_CONTEXT(2) 
PARAMETRIC_REPRESENTATION_CONTEXT() REPRESENTATION_CONTEXT('2D SPACE',''
  ) );
#7109 = ORIENTED_EDGE('',*,*,#3302,.T.);
#7110 = ORIENTED_EDGE('',*,*,#7062,.F.);
#7111 = ADVANCED_FACE('',(#7112),#3347,.F.);
#7112 = FACE_BOUND('',#7113,.F.);
#7113 = EDGE_LOOP('',(#7114,#7115,#7116,#7137));
#7114 = ORIENTED_EDGE('',*,*,#7089,.T.);
#7115 = ORIENTED_EDGE('',*,*,#3330,.F.);
#7116 = ORIENTED_EDGE('',*,*,#7117,.F.);
#7117 = EDGE_CURVE('',#4487,#3331,#7118,.T.);
#7118 = SURFACE_CURVE('',#7119,(#7123,#7130),.PCURVE_S1.);
#7119 = LINE('',#7120,#7121);
#7120 = CARTESIAN_POINT('',(-2.993585845339,0.196070871333,-3.));
#7121 = VECTOR('',#7122,1.);
#7122 = DIRECTION('',(3.053113317719E-16,3.3E-16,1.));
#7123 = PCURVE('',#3347,#7124);
#7124 = DEFINITIONAL_REPRESENTATION('',(#7125),#7129);
#7125 = LINE('',#7126,#7127);
#7126 = CARTESIAN_POINT('',(6.217781731349,0.));
#7127 = VECTOR('',#7128,1.);
#7128 = DIRECTION('',(0.,1.));
#7129 = ( GEOMETRIC_REPRESENTATION_CONTEXT(2) 
PARAMETRIC_REPRESENTATION_CONTEXT() REPRESENTATION_CONTEXT('2D SPACE',''
  ) );
#7130 = PCURVE('',#3375,#7131);
#7131 = DEFINITIONAL_REPRESENTATION('',(#7132),#7136);
#7132 = LINE('',#7133,#7134);
#7133 = CARTESIAN_POINT('',(0.,-0.));
#7134 = VECTOR('',#7135,1.);
#7135 = DIRECTION('',(-3.834466519616E-17,-1.));
#7136 = ( GEOMETRIC_REPRESENTATION_CONTEXT(2) 
PARAMETRIC_REPRESENTATION_CONTEXT() REPRESENTATION_CONTEXT('2D SPACE',''
  ) );
#7137 = ORIENTED_EDGE('',*,*,#4486,.T.);
#7138 = ADVANCED_FACE('',(#7139),#3375,.F.);
#7139 = FACE_BOUND('',#7140,.T.);
#7140 = EDGE_LOOP('',(#7141,#7142,#7163,#7164));
#7141 = ORIENTED_EDGE('',*,*,#6146,.T.);
#7142 = ORIENTED_EDGE('',*,*,#7143,.T.);
#7143 = EDGE_CURVE('',#6124,#3360,#7144,.T.);
#7144 = SURFACE_CURVE('',#7145,(#7149,#7156),.PCURVE_S1.);
#7145 = LINE('',#7146,#7147);
#7146 = CARTESIAN_POINT('',(-2.646449099806,0.334324269868,-3.));
#7147 = VECTOR('',#7148,1.);
#7148 = DIRECTION('',(3.053113317719E-16,3.3E-16,1.));
#7149 = PCURVE('',#3375,#7150);
#7150 = DEFINITIONAL_REPRESENTATION('',(#7151),#7155);
#7151 = LINE('',#7152,#7153);
#7152 = CARTESIAN_POINT('',(0.373654817051,-1.65936072461E-16));
#7153 = VECTOR('',#7154,1.);
#7154 = DIRECTION('',(-3.834466519616E-17,-1.));
#7155 = ( GEOMETRIC_REPRESENTATION_CONTEXT(2) 
PARAMETRIC_REPRESENTATION_CONTEXT() REPRESENTATION_CONTEXT('2D SPACE',''
  ) );
#7156 = PCURVE('',#3403,#7157);
#7157 = DEFINITIONAL_REPRESENTATION('',(#7158),#7162);
#7158 = LINE('',#7159,#7160);
#7159 = CARTESIAN_POINT('',(0.,-0.));
#7160 = VECTOR('',#7161,1.);
#7161 = DIRECTION('',(2.014345360644E-17,-1.));
#7162 = ( GEOMETRIC_REPRESENTATION_CONTEXT(2) 
PARAMETRIC_REPRESENTATION_CONTEXT() REPRESENTATION_CONTEXT('2D SPACE',''
  ) );
#7163 = ORIENTED_EDGE('',*,*,#3359,.T.);
#7164 = ORIENTED_EDGE('',*,*,#7117,.F.);
#7165 = ADVANCED_FACE('',(#7166),#3403,.F.);
#7166 = FACE_BOUND('',#7167,.T.);
#7167 = EDGE_LOOP('',(#7168,#7169,#7190,#7191));
#7168 = ORIENTED_EDGE('',*,*,#6123,.T.);
#7169 = ORIENTED_EDGE('',*,*,#7170,.T.);
#7170 = EDGE_CURVE('',#6100,#3388,#7171,.T.);
#7171 = SURFACE_CURVE('',#7172,(#7176,#7183),.PCURVE_S1.);
#7172 = LINE('',#7173,#7174);
#7173 = CARTESIAN_POINT('',(-2.945341199222,0.5700572078,-3.));
#7174 = VECTOR('',#7175,1.);
#7175 = DIRECTION('',(3.053113317719E-16,3.3E-16,1.));
#7176 = PCURVE('',#3403,#7177);
#7177 = DEFINITIONAL_REPRESENTATION('',(#7178),#7182);
#7178 = LINE('',#7179,#7180);
#7179 = CARTESIAN_POINT('',(0.380665870705,2.113120071727E-17));
#7180 = VECTOR('',#7181,1.);
#7181 = DIRECTION('',(2.014345360644E-17,-1.));
#7182 = ( GEOMETRIC_REPRESENTATION_CONTEXT(2) 
PARAMETRIC_REPRESENTATION_CONTEXT() REPRESENTATION_CONTEXT('2D SPACE',''
  ) );
#7183 = PCURVE('',#3432,#7184);
#7184 = DEFINITIONAL_REPRESENTATION('',(#7185),#7189);
#7185 = LINE('',#7186,#7187);
#7186 = CARTESIAN_POINT('',(6.092003737536,4.440892098501E-16));
#7187 = VECTOR('',#7188,1.);
#7188 = DIRECTION('',(2.467162276945E-16,1.));
#7189 = ( GEOMETRIC_REPRESENTATION_CONTEXT(2) 
PARAMETRIC_REPRESENTATION_CONTEXT() REPRESENTATION_CONTEXT('2D SPACE',''
  ) );
#7190 = ORIENTED_EDGE('',*,*,#3387,.T.);
#7191 = ORIENTED_EDGE('',*,*,#7143,.F.);
#7192 = ADVANCED_FACE('',(#7193),#3432,.F.);
#7193 = FACE_BOUND('',#7194,.F.);
#7194 = EDGE_LOOP('',(#7195,#7196,#7197,#7198));
#7195 = ORIENTED_EDGE('',*,*,#6099,.T.);
#7196 = ORIENTED_EDGE('',*,*,#7170,.T.);
#7197 = ORIENTED_EDGE('',*,*,#3415,.F.);
#7198 = ORIENTED_EDGE('',*,*,#7199,.F.);
#7199 = EDGE_CURVE('',#6077,#3416,#7200,.T.);
#7200 = SURFACE_CURVE('',#7201,(#7205,#7212),.PCURVE_S1.);
#7201 = LINE('',#7202,#7203);
#7202 = CARTESIAN_POINT('',(-2.85077599832,0.934385470456,-3.));
#7203 = VECTOR('',#7204,1.);
#7204 = DIRECTION('',(-5.551115123126E-17,3.3E-16,1.));
#7205 = PCURVE('',#3432,#7206);
#7206 = DEFINITIONAL_REPRESENTATION('',(#7207),#7211);
#7207 = LINE('',#7208,#7209);
#7208 = CARTESIAN_POINT('',(5.966454319062,4.440892098501E-16));
#7209 = VECTOR('',#7210,1.);
#7210 = DIRECTION('',(2.467162276945E-16,1.));
#7211 = ( GEOMETRIC_REPRESENTATION_CONTEXT(2) 
PARAMETRIC_REPRESENTATION_CONTEXT() REPRESENTATION_CONTEXT('2D SPACE',''
  ) );
#7212 = PCURVE('',#3460,#7213);
#7213 = DEFINITIONAL_REPRESENTATION('',(#7214),#7218);
#7214 = LINE('',#7215,#7216);
#7215 = CARTESIAN_POINT('',(0.,0.));
#7216 = VECTOR('',#7217,1.);
#7217 = DIRECTION('',(-1.303766326856E-17,-1.));
#7218 = ( GEOMETRIC_REPRESENTATION_CONTEXT(2) 
PARAMETRIC_REPRESENTATION_CONTEXT() REPRESENTATION_CONTEXT('2D SPACE',''
  ) );
#7219 = ADVANCED_FACE('',(#7220),#3460,.F.);
#7220 = FACE_BOUND('',#7221,.T.);
#7221 = EDGE_LOOP('',(#7222,#7223,#7244,#7245));
#7222 = ORIENTED_EDGE('',*,*,#6076,.T.);
#7223 = ORIENTED_EDGE('',*,*,#7224,.T.);
#7224 = EDGE_CURVE('',#6054,#3445,#7225,.T.);
#7225 = SURFACE_CURVE('',#7226,(#7230,#7237),.PCURVE_S1.);
#7226 = LINE('',#7227,#7228);
#7227 = CARTESIAN_POINT('',(-2.480162969907,0.981965986169,-3.));
#7228 = VECTOR('',#7229,1.);
#7229 = DIRECTION('',(-5.551115123126E-17,3.3E-16,1.));
#7230 = PCURVE('',#3460,#7231);
#7231 = DEFINITIONAL_REPRESENTATION('',(#7232),#7236);
#7232 = LINE('',#7233,#7234);
#7233 = CARTESIAN_POINT('',(0.37365481705,-6.162975822039E-33));
#7234 = VECTOR('',#7235,1.);
#7235 = DIRECTION('',(-1.303766326856E-17,-1.));
#7236 = ( GEOMETRIC_REPRESENTATION_CONTEXT(2) 
PARAMETRIC_REPRESENTATION_CONTEXT() REPRESENTATION_CONTEXT('2D SPACE',''
  ) );
#7237 = PCURVE('',#3488,#7238);
#7238 = DEFINITIONAL_REPRESENTATION('',(#7239),#7243);
#7239 = LINE('',#7240,#7241);
#7240 = CARTESIAN_POINT('',(0.,0.));
#7241 = VECTOR('',#7242,1.);
#7242 = DIRECTION('',(4.62430242637E-17,-1.));
#7243 = ( GEOMETRIC_REPRESENTATION_CONTEXT(2) 
PARAMETRIC_REPRESENTATION_CONTEXT() REPRESENTATION_CONTEXT('2D SPACE',''
  ) );
#7244 = ORIENTED_EDGE('',*,*,#3444,.T.);
#7245 = ORIENTED_EDGE('',*,*,#7199,.F.);
#7246 = ADVANCED_FACE('',(#7247),#3488,.F.);
#7247 = FACE_BOUND('',#7248,.T.);
#7248 = EDGE_LOOP('',(#7249,#7250,#7271,#7272));
#7249 = ORIENTED_EDGE('',*,*,#6053,.T.);
#7250 = ORIENTED_EDGE('',*,*,#7251,.T.);
#7251 = EDGE_CURVE('',#6030,#3473,#7252,.T.);
#7252 = SURFACE_CURVE('',#7253,(#7257,#7264),.PCURVE_S1.);
#7253 = LINE('',#7254,#7255);
#7254 = CARTESIAN_POINT('',(-2.71104042666,1.284624382852,-3.));
#7255 = VECTOR('',#7256,1.);
#7256 = DIRECTION('',(-5.551115123126E-17,3.3E-16,1.));
#7257 = PCURVE('',#3488,#7258);
#7258 = DEFINITIONAL_REPRESENTATION('',(#7259),#7263);
#7259 = LINE('',#7260,#7261);
#7260 = CARTESIAN_POINT('',(0.380665870705,-9.50904032277E-17));
#7261 = VECTOR('',#7262,1.);
#7262 = DIRECTION('',(4.62430242637E-17,-1.));
#7263 = ( GEOMETRIC_REPRESENTATION_CONTEXT(2) 
PARAMETRIC_REPRESENTATION_CONTEXT() REPRESENTATION_CONTEXT('2D SPACE',''
  ) );
#7264 = PCURVE('',#3517,#7265);
#7265 = DEFINITIONAL_REPRESENTATION('',(#7266),#7270);
#7266 = LINE('',#7267,#7268);
#7267 = CARTESIAN_POINT('',(5.840676325249,8.881784197001E-16));
#7268 = VECTOR('',#7269,1.);
#7269 = DIRECTION('',(2.467162276945E-16,1.));
#7270 = ( GEOMETRIC_REPRESENTATION_CONTEXT(2) 
PARAMETRIC_REPRESENTATION_CONTEXT() REPRESENTATION_CONTEXT('2D SPACE',''
  ) );
#7271 = ORIENTED_EDGE('',*,*,#3472,.T.);
#7272 = ORIENTED_EDGE('',*,*,#7224,.F.);
#7273 = ADVANCED_FACE('',(#7274),#3517,.F.);
#7274 = FACE_BOUND('',#7275,.F.);
#7275 = EDGE_LOOP('',(#7276,#7277,#7278,#7279));
#7276 = ORIENTED_EDGE('',*,*,#6029,.T.);
#7277 = ORIENTED_EDGE('',*,*,#7251,.T.);
#7278 = ORIENTED_EDGE('',*,*,#3500,.F.);
#7279 = ORIENTED_EDGE('',*,*,#7280,.F.);
#7280 = EDGE_CURVE('',#6007,#3501,#7281,.T.);
#7281 = SURFACE_CURVE('',#7282,(#7286,#7293),.PCURVE_S1.);
#7282 = LINE('',#7283,#7284);
#7283 = CARTESIAN_POINT('',(-2.528841410907,1.613989194042,-3.));
#7284 = VECTOR('',#7285,1.);
#7285 = DIRECTION('',(2.775557561563E-16,3.1E-16,1.));
#7286 = PCURVE('',#3517,#7287);
#7287 = DEFINITIONAL_REPRESENTATION('',(#7288),#7292);
#7288 = LINE('',#7289,#7290);
#7289 = CARTESIAN_POINT('',(5.715126906775,8.881784197001E-16));
#7290 = VECTOR('',#7291,1.);
#7291 = DIRECTION('',(0.,1.));
#7292 = ( GEOMETRIC_REPRESENTATION_CONTEXT(2) 
PARAMETRIC_REPRESENTATION_CONTEXT() REPRESENTATION_CONTEXT('2D SPACE',''
  ) );
#7293 = PCURVE('',#3545,#7294);
#7294 = DEFINITIONAL_REPRESENTATION('',(#7295),#7299);
#7295 = LINE('',#7296,#7297);
#7296 = CARTESIAN_POINT('',(0.,-0.));
#7297 = VECTOR('',#7298,1.);
#7298 = DIRECTION('',(-9.586163266429E-17,-1.));
#7299 = ( GEOMETRIC_REPRESENTATION_CONTEXT(2) 
PARAMETRIC_REPRESENTATION_CONTEXT() REPRESENTATION_CONTEXT('2D SPACE',''
  ) );
#7300 = ADVANCED_FACE('',(#7301),#3545,.F.);
#7301 = FACE_BOUND('',#7302,.T.);
#7302 = EDGE_LOOP('',(#7303,#7304,#7325,#7326));
#7303 = ORIENTED_EDGE('',*,*,#6006,.T.);
#7304 = ORIENTED_EDGE('',*,*,#7305,.T.);
#7305 = EDGE_CURVE('',#5984,#3530,#7306,.T.);
#7306 = SURFACE_CURVE('',#7307,(#7311,#7318),.PCURVE_S1.);
#7307 = LINE('',#7308,#7309);
#7308 = CARTESIAN_POINT('',(-2.158039079206,1.567907168141,-3.));
#7309 = VECTOR('',#7310,1.);
#7310 = DIRECTION('',(2.775557561563E-16,3.1E-16,1.));
#7311 = PCURVE('',#3545,#7312);
#7312 = DEFINITIONAL_REPRESENTATION('',(#7313),#7317);
#7313 = LINE('',#7314,#7315);
#7314 = CARTESIAN_POINT('',(0.373654817052,-1.244520543459E-16));
#7315 = VECTOR('',#7316,1.);
#7316 = DIRECTION('',(-9.586163266429E-17,-1.));
#7317 = ( GEOMETRIC_REPRESENTATION_CONTEXT(2) 
PARAMETRIC_REPRESENTATION_CONTEXT() REPRESENTATION_CONTEXT('2D SPACE',''
  ) );
#7318 = PCURVE('',#3573,#7319);
#7319 = DEFINITIONAL_REPRESENTATION('',(#7320),#7324);
#7320 = LINE('',#7321,#7322);
#7321 = CARTESIAN_POINT('',(0.,-0.));
#7322 = VECTOR('',#7323,1.);
#7323 = DIRECTION('',(9.405055684647E-17,-1.));
#7324 = ( GEOMETRIC_REPRESENTATION_CONTEXT(2) 
PARAMETRIC_REPRESENTATION_CONTEXT() REPRESENTATION_CONTEXT('2D SPACE',''
  ) );
#7325 = ORIENTED_EDGE('',*,*,#3529,.T.);
#7326 = ORIENTED_EDGE('',*,*,#7280,.F.);
#7327 = ADVANCED_FACE('',(#7328),#3573,.F.);
#7328 = FACE_BOUND('',#7329,.T.);
#7329 = EDGE_LOOP('',(#7330,#7331,#7352,#7353));
#7330 = ORIENTED_EDGE('',*,*,#5983,.T.);
#7331 = ORIENTED_EDGE('',*,*,#7332,.T.);
#7332 = EDGE_CURVE('',#5960,#3558,#7333,.T.);
#7333 = SURFACE_CURVE('',#7334,(#7338,#7345),.PCURVE_S1.);
#7334 = LINE('',#7335,#7336);
#7335 = CARTESIAN_POINT('',(-2.306395013581,1.918473883411,-3.));
#7336 = VECTOR('',#7337,1.);
#7337 = DIRECTION('',(2.775557561563E-16,3.1E-16,1.));
#7338 = PCURVE('',#3573,#7339);
#7339 = DEFINITIONAL_REPRESENTATION('',(#7340),#7344);
#7340 = LINE('',#7341,#7342);
#7341 = CARTESIAN_POINT('',(0.380665870705,-3.169680107591E-17));
#7342 = VECTOR('',#7343,1.);
#7343 = DIRECTION('',(9.405055684647E-17,-1.));
#7344 = ( GEOMETRIC_REPRESENTATION_CONTEXT(2) 
PARAMETRIC_REPRESENTATION_CONTEXT() REPRESENTATION_CONTEXT('2D SPACE',''
  ) );
#7345 = PCURVE('',#3602,#7346);
#7346 = DEFINITIONAL_REPRESENTATION('',(#7347),#7351);
#7347 = LINE('',#7348,#7349);
#7348 = CARTESIAN_POINT('',(5.589348912962,1.33226762955E-15));
#7349 = VECTOR('',#7350,1.);
#7350 = DIRECTION('',(0.,1.));
#7351 = ( GEOMETRIC_REPRESENTATION_CONTEXT(2) 
PARAMETRIC_REPRESENTATION_CONTEXT() REPRESENTATION_CONTEXT('2D SPACE',''
  ) );
#7352 = ORIENTED_EDGE('',*,*,#3557,.T.);
#7353 = ORIENTED_EDGE('',*,*,#7305,.F.);
#7354 = ADVANCED_FACE('',(#7355),#3602,.F.);
#7355 = FACE_BOUND('',#7356,.F.);
#7356 = EDGE_LOOP('',(#7357,#7358,#7359,#7360));
#7357 = ORIENTED_EDGE('',*,*,#5959,.T.);
#7358 = ORIENTED_EDGE('',*,*,#7332,.T.);
#7359 = ORIENTED_EDGE('',*,*,#3585,.F.);
#7360 = ORIENTED_EDGE('',*,*,#7361,.F.);
#7361 = EDGE_CURVE('',#5937,#3586,#7362,.T.);
#7362 = SURFACE_CURVE('',#7363,(#7367,#7374),.PCURVE_S1.);
#7363 = LINE('',#7364,#7365);
#7364 = CARTESIAN_POINT('',(-2.048010417217,2.192180040729,-3.));
#7365 = VECTOR('',#7366,1.);
#7366 = DIRECTION('',(7.216449660064E-16,2.9E-16,1.));
#7367 = PCURVE('',#3602,#7368);
#7368 = DEFINITIONAL_REPRESENTATION('',(#7369),#7373);
#7369 = LINE('',#7370,#7371);
#7370 = CARTESIAN_POINT('',(5.463799494487,1.33226762955E-15));
#7371 = VECTOR('',#7372,1.);
#7372 = DIRECTION('',(0.,1.));
#7373 = ( GEOMETRIC_REPRESENTATION_CONTEXT(2) 
PARAMETRIC_REPRESENTATION_CONTEXT() REPRESENTATION_CONTEXT('2D SPACE',''
  ) );
#7374 = PCURVE('',#3630,#7375);
#7375 = DEFINITIONAL_REPRESENTATION('',(#7376),#7380);
#7376 = LINE('',#7377,#7378);
#7377 = CARTESIAN_POINT('',(0.,-0.));
#7378 = VECTOR('',#7379,1.);
#7379 = DIRECTION('',(1.212039222779E-16,-1.));
#7380 = ( GEOMETRIC_REPRESENTATION_CONTEXT(2) 
PARAMETRIC_REPRESENTATION_CONTEXT() REPRESENTATION_CONTEXT('2D SPACE',''
  ) );
#7381 = ADVANCED_FACE('',(#7382),#3630,.F.);
#7382 = FACE_BOUND('',#7383,.T.);
#7383 = EDGE_LOOP('',(#7384,#7385,#7406,#7407));
#7384 = ORIENTED_EDGE('',*,*,#5936,.T.);
#7385 = ORIENTED_EDGE('',*,*,#7386,.T.);
#7386 = EDGE_CURVE('',#5914,#3615,#7387,.T.);
#7387 = SURFACE_CURVE('',#7388,(#7392,#7399),.PCURVE_S1.);
#7388 = LINE('',#7389,#7390);
#7389 = CARTESIAN_POINT('',(-1.700317656447,2.055330976379,-3.));
#7390 = VECTOR('',#7391,1.);
#7391 = DIRECTION('',(7.216449660064E-16,2.9E-16,1.));
#7392 = PCURVE('',#3630,#7393);
#7393 = DEFINITIONAL_REPRESENTATION('',(#7394),#7398);
#7394 = LINE('',#7395,#7396);
#7395 = CARTESIAN_POINT('',(0.373654817051,-1.659360724609E-16));
#7396 = VECTOR('',#7397,1.);
#7397 = DIRECTION('',(1.212039222779E-16,-1.));
#7398 = ( GEOMETRIC_REPRESENTATION_CONTEXT(2) 
PARAMETRIC_REPRESENTATION_CONTEXT() REPRESENTATION_CONTEXT('2D SPACE',''
  ) );
#7399 = PCURVE('',#3658,#7400);
#7400 = DEFINITIONAL_REPRESENTATION('',(#7401),#7405);
#7401 = LINE('',#7402,#7403);
#7402 = CARTESIAN_POINT('',(0.,-0.));
#7403 = VECTOR('',#7404,1.);
#7404 = DIRECTION('',(1.31194688556E-17,-1.));
#7405 = ( GEOMETRIC_REPRESENTATION_CONTEXT(2) 
PARAMETRIC_REPRESENTATION_CONTEXT() REPRESENTATION_CONTEXT('2D SPACE',''
  ) );
#7406 = ORIENTED_EDGE('',*,*,#3614,.T.);
#7407 = ORIENTED_EDGE('',*,*,#7361,.F.);
#7408 = ADVANCED_FACE('',(#7409),#3658,.F.);
#7409 = FACE_BOUND('',#7410,.T.);
#7410 = EDGE_LOOP('',(#7411,#7412,#7433,#7434));
#7411 = ORIENTED_EDGE('',*,*,#5913,.T.);
#7412 = ORIENTED_EDGE('',*,*,#7413,.T.);
#7413 = EDGE_CURVE('',#5890,#3643,#7414,.T.);
#7414 = SURFACE_CURVE('',#7415,(#7419,#7426),.PCURVE_S1.);
#7415 = LINE('',#7416,#7417);
#7416 = CARTESIAN_POINT('',(-1.756830319471,2.431778614222,-3.));
#7417 = VECTOR('',#7418,1.);
#7418 = DIRECTION('',(7.216449660064E-16,2.9E-16,1.));
#7419 = PCURVE('',#3658,#7420);
#7420 = DEFINITIONAL_REPRESENTATION('',(#7421),#7425);
#7421 = LINE('',#7422,#7423);
#7422 = CARTESIAN_POINT('',(0.380665870705,-6.339360215189E-17));
#7423 = VECTOR('',#7424,1.);
#7424 = DIRECTION('',(1.31194688556E-17,-1.));
#7425 = ( GEOMETRIC_REPRESENTATION_CONTEXT(2) 
PARAMETRIC_REPRESENTATION_CONTEXT() REPRESENTATION_CONTEXT('2D SPACE',''
  ) );
#7426 = PCURVE('',#3687,#7427);
#7427 = DEFINITIONAL_REPRESENTATION('',(#7428),#7432);
#7428 = LINE('',#7429,#7430);
#7429 = CARTESIAN_POINT('',(5.338021500675,1.7763568394E-15));
#7430 = VECTOR('',#7431,1.);
#7431 = DIRECTION('',(0.,1.));
#7432 = ( GEOMETRIC_REPRESENTATION_CONTEXT(2) 
PARAMETRIC_REPRESENTATION_CONTEXT() REPRESENTATION_CONTEXT('2D SPACE',''
  ) );
#7433 = ORIENTED_EDGE('',*,*,#3642,.T.);
#7434 = ORIENTED_EDGE('',*,*,#7386,.F.);
#7435 = ADVANCED_FACE('',(#7436),#3687,.F.);
#7436 = FACE_BOUND('',#7437,.F.);
#7437 = EDGE_LOOP('',(#7438,#7439,#7440,#7441));
#7438 = ORIENTED_EDGE('',*,*,#5889,.T.);
#7439 = ORIENTED_EDGE('',*,*,#7413,.T.);
#7440 = ORIENTED_EDGE('',*,*,#3670,.F.);
#7441 = ORIENTED_EDGE('',*,*,#7442,.F.);
#7442 = EDGE_CURVE('',#5867,#3671,#7443,.T.);
#7443 = SURFACE_CURVE('',#7444,(#7448,#7455),.PCURVE_S1.);
#7444 = LINE('',#7445,#7446);
#7445 = CARTESIAN_POINT('',(-1.438495396959,2.632628153182,-3.));
#7446 = VECTOR('',#7447,1.);
#7447 = DIRECTION('',(8.326672684689E-16,2.7E-16,1.));
#7448 = PCURVE('',#3687,#7449);
#7449 = DEFINITIONAL_REPRESENTATION('',(#7450),#7454);
#7450 = LINE('',#7451,#7452);
#7451 = CARTESIAN_POINT('',(5.2124720822,1.7763568394E-15));
#7452 = VECTOR('',#7453,1.);
#7453 = DIRECTION('',(0.,1.));
#7454 = ( GEOMETRIC_REPRESENTATION_CONTEXT(2) 
PARAMETRIC_REPRESENTATION_CONTEXT() REPRESENTATION_CONTEXT('2D SPACE',''
  ) );
#7455 = PCURVE('',#3715,#7456);
#7456 = DEFINITIONAL_REPRESENTATION('',(#7457),#7461);
#7457 = LINE('',#7458,#7459);
#7458 = CARTESIAN_POINT('',(0.,-0.));
#7459 = VECTOR('',#7460,1.);
#7460 = DIRECTION('',(1.277915181776E-16,-1.));
#7461 = ( GEOMETRIC_REPRESENTATION_CONTEXT(2) 
PARAMETRIC_REPRESENTATION_CONTEXT() REPRESENTATION_CONTEXT('2D SPACE',''
  ) );
#7462 = ADVANCED_FACE('',(#7463),#3715,.F.);
#7463 = FACE_BOUND('',#7464,.T.);
#7464 = EDGE_LOOP('',(#7465,#7466,#7487,#7488));
#7465 = ORIENTED_EDGE('',*,*,#5866,.T.);
#7466 = ORIENTED_EDGE('',*,*,#7467,.T.);
#7467 = EDGE_CURVE('',#5844,#3700,#7468,.T.);
#7468 = SURFACE_CURVE('',#7469,(#7473,#7480),.PCURVE_S1.);
#7469 = LINE('',#7470,#7471);
#7470 = CARTESIAN_POINT('',(-1.135759022002,2.413610780393,-3.));
#7471 = VECTOR('',#7472,1.);
#7472 = DIRECTION('',(8.326672684689E-16,2.7E-16,1.));
#7473 = PCURVE('',#3715,#7474);
#7474 = DEFINITIONAL_REPRESENTATION('',(#7475),#7479);
#7475 = LINE('',#7476,#7477);
#7476 = CARTESIAN_POINT('',(0.373654817051,-1.451940634033E-16));
#7477 = VECTOR('',#7478,1.);
#7478 = DIRECTION('',(1.277915181776E-16,-1.));
#7479 = ( GEOMETRIC_REPRESENTATION_CONTEXT(2) 
PARAMETRIC_REPRESENTATION_CONTEXT() REPRESENTATION_CONTEXT('2D SPACE',''
  ) );
#7480 = PCURVE('',#3743,#7481);
#7481 = DEFINITIONAL_REPRESENTATION('',(#7482),#7486);
#7482 = LINE('',#7483,#7484);
#7483 = CARTESIAN_POINT('',(0.,-0.));
#7484 = VECTOR('',#7485,1.);
#7485 = DIRECTION('',(-4.187978529475E-17,-1.));
#7486 = ( GEOMETRIC_REPRESENTATION_CONTEXT(2) 
PARAMETRIC_REPRESENTATION_CONTEXT() REPRESENTATION_CONTEXT('2D SPACE',''
  ) );
#7487 = ORIENTED_EDGE('',*,*,#3699,.T.);
#7488 = ORIENTED_EDGE('',*,*,#7442,.F.);
#7489 = ADVANCED_FACE('',(#7490),#3743,.F.);
#7490 = FACE_BOUND('',#7491,.T.);
#7491 = EDGE_LOOP('',(#7492,#7493,#7514,#7515));
#7492 = ORIENTED_EDGE('',*,*,#5843,.T.);
#7493 = ORIENTED_EDGE('',*,*,#7494,.T.);
#7494 = EDGE_CURVE('',#5820,#3728,#7495,.T.);
#7495 = SURFACE_CURVE('',#7496,(#7500,#7507),.PCURVE_S1.);
#7496 = LINE('',#7497,#7498);
#7497 = CARTESIAN_POINT('',(-1.09687751522,2.792285751245,-3.));
#7498 = VECTOR('',#7499,1.);
#7499 = DIRECTION('',(8.326672684689E-16,2.7E-16,1.));
#7500 = PCURVE('',#3743,#7501);
#7501 = DEFINITIONAL_REPRESENTATION('',(#7502),#7506);
#7502 = LINE('',#7503,#7504);
#7503 = CARTESIAN_POINT('',(0.380665870705,-1.505598051105E-16));
#7504 = VECTOR('',#7505,1.);
#7505 = DIRECTION('',(-4.187978529475E-17,-1.));
#7506 = ( GEOMETRIC_REPRESENTATION_CONTEXT(2) 
PARAMETRIC_REPRESENTATION_CONTEXT() REPRESENTATION_CONTEXT('2D SPACE',''
  ) );
#7507 = PCURVE('',#3772,#7508);
#7508 = DEFINITIONAL_REPRESENTATION('',(#7509),#7513);
#7509 = LINE('',#7510,#7511);
#7510 = CARTESIAN_POINT('',(5.086694088388,1.7763568394E-15));
#7511 = VECTOR('',#7512,1.);
#7512 = DIRECTION('',(-2.467162276945E-16,1.));
#7513 = ( GEOMETRIC_REPRESENTATION_CONTEXT(2) 
PARAMETRIC_REPRESENTATION_CONTEXT() REPRESENTATION_CONTEXT('2D SPACE',''
  ) );
#7514 = ORIENTED_EDGE('',*,*,#3727,.T.);
#7515 = ORIENTED_EDGE('',*,*,#7467,.F.);
#7516 = ADVANCED_FACE('',(#7517),#3772,.F.);
#7517 = FACE_BOUND('',#7518,.F.);
#7518 = EDGE_LOOP('',(#7519,#7520,#7521,#7522));
#7519 = ORIENTED_EDGE('',*,*,#5819,.T.);
#7520 = ORIENTED_EDGE('',*,*,#7494,.T.);
#7521 = ORIENTED_EDGE('',*,*,#3755,.F.);
#7522 = ORIENTED_EDGE('',*,*,#7523,.F.);
#7523 = EDGE_CURVE('',#5797,#3756,#7524,.T.);
#7524 = SURFACE_CURVE('',#7525,(#7529,#7536),.PCURVE_S1.);
#7525 = LINE('',#7526,#7527);
#7526 = CARTESIAN_POINT('',(-0.738594420493,2.907658556642,-3.));
#7527 = VECTOR('',#7528,1.);
#7528 = DIRECTION('',(4.718447854657E-16,2.4E-16,1.));
#7529 = PCURVE('',#3772,#7530);
#7530 = DEFINITIONAL_REPRESENTATION('',(#7531),#7535);
#7531 = LINE('',#7532,#7533);
#7532 = CARTESIAN_POINT('',(4.961144669913,1.7763568394E-15));
#7533 = VECTOR('',#7534,1.);
#7534 = DIRECTION('',(-2.467162276945E-16,1.));
#7535 = ( GEOMETRIC_REPRESENTATION_CONTEXT(2) 
PARAMETRIC_REPRESENTATION_CONTEXT() REPRESENTATION_CONTEXT('2D SPACE',''
  ) );
#7536 = PCURVE('',#3800,#7537);
#7537 = DEFINITIONAL_REPRESENTATION('',(#7538),#7542);
#7538 = LINE('',#7539,#7540);
#7539 = CARTESIAN_POINT('',(0.,-0.));
#7540 = VECTOR('',#7541,1.);
#7541 = DIRECTION('',(5.863464752686E-18,-1.));
#7542 = ( GEOMETRIC_REPRESENTATION_CONTEXT(2) 
PARAMETRIC_REPRESENTATION_CONTEXT() REPRESENTATION_CONTEXT('2D SPACE',''
  ) );
#7543 = ADVANCED_FACE('',(#7544),#3800,.F.);
#7544 = FACE_BOUND('',#7545,.T.);
#7545 = EDGE_LOOP('',(#7546,#7547,#7568,#7569));
#7546 = ORIENTED_EDGE('',*,*,#5796,.T.);
#7547 = ORIENTED_EDGE('',*,*,#7548,.T.);
#7548 = EDGE_CURVE('',#5774,#3785,#7549,.T.);
#7549 = SURFACE_CURVE('',#7550,(#7554,#7561),.PCURVE_S1.);
#7550 = LINE('',#7551,#7552);
#7551 = CARTESIAN_POINT('',(-0.499836471175,2.620234542436,-3.));
#7552 = VECTOR('',#7553,1.);
#7553 = DIRECTION('',(4.718447854657E-16,2.4E-16,1.));
#7554 = PCURVE('',#3800,#7555);
#7555 = DEFINITIONAL_REPRESENTATION('',(#7556),#7560);
#7556 = LINE('',#7557,#7558);
#7557 = CARTESIAN_POINT('',(0.37365481705,-4.148401811513E-17));
#7558 = VECTOR('',#7559,1.);
#7559 = DIRECTION('',(5.863464752686E-18,-1.));
#7560 = ( GEOMETRIC_REPRESENTATION_CONTEXT(2) 
PARAMETRIC_REPRESENTATION_CONTEXT() REPRESENTATION_CONTEXT('2D SPACE',''
  ) );
#7561 = PCURVE('',#3828,#7562);
#7562 = DEFINITIONAL_REPRESENTATION('',(#7563),#7567);
#7563 = LINE('',#7564,#7565);
#7564 = CARTESIAN_POINT('',(0.,-0.));
#7565 = VECTOR('',#7566,1.);
#7566 = DIRECTION('',(-1.389820747341E-17,-1.));
#7567 = ( GEOMETRIC_REPRESENTATION_CONTEXT(2) 
PARAMETRIC_REPRESENTATION_CONTEXT() REPRESENTATION_CONTEXT('2D SPACE',''
  ) );
#7568 = ORIENTED_EDGE('',*,*,#3784,.T.);
#7569 = ORIENTED_EDGE('',*,*,#7523,.F.);
#7570 = ADVANCED_FACE('',(#7571),#3828,.F.);
#7571 = FACE_BOUND('',#7572,.T.);
#7572 = EDGE_LOOP('',(#7573,#7574,#7595,#7596));
#7573 = ORIENTED_EDGE('',*,*,#5773,.T.);
#7574 = ORIENTED_EDGE('',*,*,#7575,.T.);
#7575 = EDGE_CURVE('',#5750,#3813,#7576,.T.);
#7576 = SURFACE_CURVE('',#7577,(#7581,#7588),.PCURVE_S1.);
#7577 = LINE('',#7578,#7579);
#7578 = CARTESIAN_POINT('',(-0.368003862653,2.977343305209,-3.));
#7579 = VECTOR('',#7580,1.);
#7580 = DIRECTION('',(4.718447854657E-16,2.4E-16,1.));
#7581 = PCURVE('',#3828,#7582);
#7582 = DEFINITIONAL_REPRESENTATION('',(#7583),#7587);
#7583 = LINE('',#7584,#7585);
#7584 = CARTESIAN_POINT('',(0.380665870704,-1.532012052E-16));
#7585 = VECTOR('',#7586,1.);
#7586 = DIRECTION('',(-1.389820747341E-17,-1.));
#7587 = ( GEOMETRIC_REPRESENTATION_CONTEXT(2) 
PARAMETRIC_REPRESENTATION_CONTEXT() REPRESENTATION_CONTEXT('2D SPACE',''
  ) );
#7588 = PCURVE('',#3857,#7589);
#7589 = DEFINITIONAL_REPRESENTATION('',(#7590),#7594);
#7590 = LINE('',#7591,#7592);
#7591 = CARTESIAN_POINT('',(4.8353666761,1.7763568394E-15));
#7592 = VECTOR('',#7593,1.);
#7593 = DIRECTION('',(-2.467162276945E-16,1.));
#7594 = ( GEOMETRIC_REPRESENTATION_CONTEXT(2) 
PARAMETRIC_REPRESENTATION_CONTEXT() REPRESENTATION_CONTEXT('2D SPACE',''
  ) );
#7595 = ORIENTED_EDGE('',*,*,#3812,.T.);
#7596 = ORIENTED_EDGE('',*,*,#7548,.F.);
#7597 = ADVANCED_FACE('',(#7598),#3857,.F.);
#7598 = FACE_BOUND('',#7599,.F.);
#7599 = EDGE_LOOP('',(#7600,#7601,#7602,#7603));
#7600 = ORIENTED_EDGE('',*,*,#5749,.T.);
#7601 = ORIENTED_EDGE('',*,*,#7575,.T.);
#7602 = ORIENTED_EDGE('',*,*,#3840,.F.);
#7603 = ORIENTED_EDGE('',*,*,#7604,.F.);
#7604 = EDGE_CURVE('',#5727,#3841,#7605,.T.);
#7605 = SURFACE_CURVE('',#7606,(#7610,#7617),.PCURVE_S1.);
#7606 = LINE('',#7607,#7608);
#7607 = CARTESIAN_POINT('',(7.715159771787E-03,2.999990079369,-3.));
#7608 = VECTOR('',#7609,1.);
#7609 = DIRECTION('',(5.96744875736E-16,2.2E-16,1.));
#7610 = PCURVE('',#3857,#7611);
#7611 = DEFINITIONAL_REPRESENTATION('',(#7612),#7616);
#7612 = LINE('',#7613,#7614);
#7613 = CARTESIAN_POINT('',(4.709817257626,1.7763568394E-15));
#7614 = VECTOR('',#7615,1.);
#7615 = DIRECTION('',(0.,1.));
#7616 = ( GEOMETRIC_REPRESENTATION_CONTEXT(2) 
PARAMETRIC_REPRESENTATION_CONTEXT() REPRESENTATION_CONTEXT('2D SPACE',''
  ) );
#7617 = PCURVE('',#3885,#7618);
#7618 = DEFINITIONAL_REPRESENTATION('',(#7619),#7623);
#7619 = LINE('',#7620,#7621);
#7620 = CARTESIAN_POINT('',(0.,-0.));
#7621 = VECTOR('',#7622,1.);
#7622 = DIRECTION('',(4.258466770484E-18,-1.));
#7623 = ( GEOMETRIC_REPRESENTATION_CONTEXT(2) 
PARAMETRIC_REPRESENTATION_CONTEXT() REPRESENTATION_CONTEXT('2D SPACE',''
  ) );
#7624 = ADVANCED_FACE('',(#7625),#3885,.F.);
#7625 = FACE_BOUND('',#7626,.T.);
#7626 = EDGE_LOOP('',(#7627,#7628,#7649,#7650));
#7627 = ORIENTED_EDGE('',*,*,#5726,.T.);
#7628 = ORIENTED_EDGE('',*,*,#7629,.T.);
#7629 = EDGE_CURVE('',#5704,#3870,#7630,.T.);
#7630 = SURFACE_CURVE('',#7631,(#7635,#7642),.PCURVE_S1.);
#7631 = LINE('',#7632,#7633);
#7632 = CARTESIAN_POINT('',(0.167492643406,2.662219331628,-3.));
#7633 = VECTOR('',#7634,1.);
#7634 = DIRECTION('',(5.96744875736E-16,2.2E-16,1.));
#7635 = PCURVE('',#3885,#7636);
#7636 = DEFINITIONAL_REPRESENTATION('',(#7637),#7641);
#7637 = LINE('',#7638,#7639);
#7638 = CARTESIAN_POINT('',(0.373654817052,-1.944563349154E-17));
#7639 = VECTOR('',#7640,1.);
#7640 = DIRECTION('',(4.258466770484E-18,-1.));
#7641 = ( GEOMETRIC_REPRESENTATION_CONTEXT(2) 
PARAMETRIC_REPRESENTATION_CONTEXT() REPRESENTATION_CONTEXT('2D SPACE',''
  ) );
#7642 = PCURVE('',#3913,#7643);
#7643 = DEFINITIONAL_REPRESENTATION('',(#7644),#7648);
#7644 = LINE('',#7645,#7646);
#7645 = CARTESIAN_POINT('',(0.,-0.));
#7646 = VECTOR('',#7647,1.);
#7647 = DIRECTION('',(6.868673166636E-18,-1.));
#7648 = ( GEOMETRIC_REPRESENTATION_CONTEXT(2) 
PARAMETRIC_REPRESENTATION_CONTEXT() REPRESENTATION_CONTEXT('2D SPACE',''
  ) );
#7649 = ORIENTED_EDGE('',*,*,#3869,.T.);
#7650 = ORIENTED_EDGE('',*,*,#7604,.F.);
#7651 = ADVANCED_FACE('',(#7652),#3913,.F.);
#7652 = FACE_BOUND('',#7653,.T.);
#7653 = EDGE_LOOP('',(#7654,#7655,#7676,#7677));
#7654 = ORIENTED_EDGE('',*,*,#5703,.T.);
#7655 = ORIENTED_EDGE('',*,*,#7656,.T.);
#7656 = EDGE_CURVE('',#5680,#3898,#7657,.T.);
#7657 = SURFACE_CURVE('',#7658,(#7662,#7669),.PCURVE_S1.);
#7658 = LINE('',#7659,#7660);
#7659 = CARTESIAN_POINT('',(0.383992826027,2.975323429404,-3.));
#7660 = VECTOR('',#7661,1.);
#7661 = DIRECTION('',(5.96744875736E-16,2.2E-16,1.));
#7662 = PCURVE('',#3913,#7663);
#7663 = DEFINITIONAL_REPRESENTATION('',(#7664),#7668);
#7664 = LINE('',#7665,#7666);
#7665 = CARTESIAN_POINT('',(0.380665870704,-1.954636066344E-16));
#7666 = VECTOR('',#7667,1.);
#7667 = DIRECTION('',(6.868673166636E-18,-1.));
#7668 = ( GEOMETRIC_REPRESENTATION_CONTEXT(2) 
PARAMETRIC_REPRESENTATION_CONTEXT() REPRESENTATION_CONTEXT('2D SPACE',''
  ) );
#7669 = PCURVE('',#3942,#7670);
#7670 = DEFINITIONAL_REPRESENTATION('',(#7671),#7675);
#7671 = LINE('',#7672,#7673);
#7672 = CARTESIAN_POINT('',(4.584039263813,1.7763568394E-15));
#7673 = VECTOR('',#7674,1.);
#7674 = DIRECTION('',(-2.467162276945E-16,1.));
#7675 = ( GEOMETRIC_REPRESENTATION_CONTEXT(2) 
PARAMETRIC_REPRESENTATION_CONTEXT() REPRESENTATION_CONTEXT('2D SPACE',''
  ) );
#7676 = ORIENTED_EDGE('',*,*,#3897,.T.);
#7677 = ORIENTED_EDGE('',*,*,#7629,.F.);
#7678 = ADVANCED_FACE('',(#7679),#3942,.F.);
#7679 = FACE_BOUND('',#7680,.F.);
#7680 = EDGE_LOOP('',(#7681,#7682,#7683,#7684));
#7681 = ORIENTED_EDGE('',*,*,#5679,.T.);
#7682 = ORIENTED_EDGE('',*,*,#7656,.T.);
#7683 = ORIENTED_EDGE('',*,*,#3925,.F.);
#7684 = ORIENTED_EDGE('',*,*,#7685,.F.);
#7685 = EDGE_CURVE('',#5657,#3926,#7686,.T.);
#7686 = SURFACE_CURVE('',#7687,(#7691,#7698),.PCURVE_S1.);
#7687 = LINE('',#7688,#7689);
#7688 = CARTESIAN_POINT('',(0.753539968174,2.903821192216,-3.));
#7689 = VECTOR('',#7690,1.);
#7690 = DIRECTION('',(8.326672684689E-16,1.9E-16,1.));
#7691 = PCURVE('',#3942,#7692);
#7692 = DEFINITIONAL_REPRESENTATION('',(#7693),#7697);
#7693 = LINE('',#7694,#7695);
#7694 = CARTESIAN_POINT('',(4.458489845339,1.7763568394E-15));
#7695 = VECTOR('',#7696,1.);
#7696 = DIRECTION('',(-2.467162276945E-16,1.));
#7697 = ( GEOMETRIC_REPRESENTATION_CONTEXT(2) 
PARAMETRIC_REPRESENTATION_CONTEXT() REPRESENTATION_CONTEXT('2D SPACE',''
  ) );
#7698 = PCURVE('',#3970,#7699);
#7699 = DEFINITIONAL_REPRESENTATION('',(#7700),#7704);
#7700 = LINE('',#7701,#7702);
#7701 = CARTESIAN_POINT('',(0.,-0.));
#7702 = VECTOR('',#7703,1.);
#7703 = DIRECTION('',(5.81130685576E-18,-1.));
#7704 = ( GEOMETRIC_REPRESENTATION_CONTEXT(2) 
PARAMETRIC_REPRESENTATION_CONTEXT() REPRESENTATION_CONTEXT('2D SPACE',''
  ) );
#7705 = ADVANCED_FACE('',(#7706),#3970,.F.);
#7706 = FACE_BOUND('',#7707,.T.);
#7707 = EDGE_LOOP('',(#7708,#7709,#7730,#7731));
#7708 = ORIENTED_EDGE('',*,*,#5656,.T.);
#7709 = ORIENTED_EDGE('',*,*,#7710,.T.);
#7710 = EDGE_CURVE('',#5634,#3955,#7711,.T.);
#7711 = SURFACE_CURVE('',#7712,(#7716,#7723),.PCURVE_S1.);
#7712 = LINE('',#7713,#7714);
#7713 = CARTESIAN_POINT('',(0.824297579206,2.536927089257,-3.));
#7714 = VECTOR('',#7715,1.);
#7715 = DIRECTION('',(8.326672684689E-16,1.9E-16,1.));
#7716 = PCURVE('',#3970,#7717);
#7717 = DEFINITIONAL_REPRESENTATION('',(#7718),#7722);
#7718 = LINE('',#7719,#7720);
#7719 = CARTESIAN_POINT('',(0.373654817051,1.296375566098E-17));
#7720 = VECTOR('',#7721,1.);
#7721 = DIRECTION('',(5.81130685576E-18,-1.));
#7722 = ( GEOMETRIC_REPRESENTATION_CONTEXT(2) 
PARAMETRIC_REPRESENTATION_CONTEXT() REPRESENTATION_CONTEXT('2D SPACE',''
  ) );
#7723 = PCURVE('',#3998,#7724);
#7724 = DEFINITIONAL_REPRESENTATION('',(#7725),#7729);
#7725 = LINE('',#7726,#7727);
#7726 = CARTESIAN_POINT('',(0.,-0.));
#7727 = VECTOR('',#7728,1.);
#7728 = DIRECTION('',(1.151336846203E-16,-1.));
#7729 = ( GEOMETRIC_REPRESENTATION_CONTEXT(2) 
PARAMETRIC_REPRESENTATION_CONTEXT() REPRESENTATION_CONTEXT('2D SPACE',''
  ) );
#7730 = ORIENTED_EDGE('',*,*,#3954,.T.);
#7731 = ORIENTED_EDGE('',*,*,#7685,.F.);
#7732 = ADVANCED_FACE('',(#7733),#3998,.F.);
#7733 = FACE_BOUND('',#7734,.T.);
#7734 = EDGE_LOOP('',(#7735,#7736,#7757,#7758));
#7735 = ORIENTED_EDGE('',*,*,#5633,.T.);
#7736 = ORIENTED_EDGE('',*,*,#7737,.T.);
#7737 = EDGE_CURVE('',#5610,#3983,#7738,.T.);
#7738 = SURFACE_CURVE('',#7739,(#7743,#7750),.PCURVE_S1.);
#7739 = LINE('',#7740,#7741);
#7740 = CARTESIAN_POINT('',(1.111861833222,2.786353040055,-3.));
#7741 = VECTOR('',#7742,1.);
#7742 = DIRECTION('',(8.326672684689E-16,1.9E-16,1.));
#7743 = PCURVE('',#3998,#7744);
#7744 = DEFINITIONAL_REPRESENTATION('',(#7745),#7749);
#7745 = LINE('',#7746,#7747);
#7746 = CARTESIAN_POINT('',(0.380665870705,-2.430088082486E-16));
#7747 = VECTOR('',#7748,1.);
#7748 = DIRECTION('',(1.151336846203E-16,-1.));
#7749 = ( GEOMETRIC_REPRESENTATION_CONTEXT(2) 
PARAMETRIC_REPRESENTATION_CONTEXT() REPRESENTATION_CONTEXT('2D SPACE',''
  ) );
#7750 = PCURVE('',#4027,#7751);
#7751 = DEFINITIONAL_REPRESENTATION('',(#7752),#7756);
#7752 = LINE('',#7753,#7754);
#7753 = CARTESIAN_POINT('',(4.332711851526,1.7763568394E-15));
#7754 = VECTOR('',#7755,1.);
#7755 = DIRECTION('',(-2.467162276945E-16,1.));
#7756 = ( GEOMETRIC_REPRESENTATION_CONTEXT(2) 
PARAMETRIC_REPRESENTATION_CONTEXT() REPRESENTATION_CONTEXT('2D SPACE',''
  ) );
#7757 = ORIENTED_EDGE('',*,*,#3982,.T.);
#7758 = ORIENTED_EDGE('',*,*,#7710,.F.);
#7759 = ADVANCED_FACE('',(#7760),#4027,.F.);
#7760 = FACE_BOUND('',#7761,.F.);
#7761 = EDGE_LOOP('',(#7762,#7763,#7764,#7765));
#7762 = ORIENTED_EDGE('',*,*,#5609,.T.);
#7763 = ORIENTED_EDGE('',*,*,#7737,.T.);
#7764 = ORIENTED_EDGE('',*,*,#4010,.F.);
#7765 = ORIENTED_EDGE('',*,*,#7766,.F.);
#7766 = EDGE_CURVE('',#5587,#4011,#7767,.T.);
#7767 = SURFACE_CURVE('',#7768,(#7772,#7779),.PCURVE_S1.);
#7768 = LINE('',#7769,#7770);
#7769 = CARTESIAN_POINT('',(1.45201708905,2.62519454005,-3.));
#7770 = VECTOR('',#7771,1.);
#7771 = DIRECTION('',(-1.665334536938E-16,1.6E-16,1.));
#7772 = PCURVE('',#4027,#7773);
#7773 = DEFINITIONAL_REPRESENTATION('',(#7774),#7778);
#7774 = LINE('',#7775,#7776);
#7775 = CARTESIAN_POINT('',(4.207162433052,1.7763568394E-15));
#7776 = VECTOR('',#7777,1.);
#7777 = DIRECTION('',(0.,1.));
#7778 = ( GEOMETRIC_REPRESENTATION_CONTEXT(2) 
PARAMETRIC_REPRESENTATION_CONTEXT() REPRESENTATION_CONTEXT('2D SPACE',''
  ) );
#7779 = PCURVE('',#4055,#7780);
#7780 = DEFINITIONAL_REPRESENTATION('',(#7781),#7785);
#7781 = LINE('',#7782,#7783);
#7782 = CARTESIAN_POINT('',(0.,0.));
#7783 = VECTOR('',#7784,1.);
#7784 = DIRECTION('',(-7.336149088322E-18,-1.));
#7785 = ( GEOMETRIC_REPRESENTATION_CONTEXT(2) 
PARAMETRIC_REPRESENTATION_CONTEXT() REPRESENTATION_CONTEXT('2D SPACE',''
  ) );
#7786 = ADVANCED_FACE('',(#7787),#4055,.F.);
#7787 = FACE_BOUND('',#7788,.T.);
#7788 = EDGE_LOOP('',(#7789,#7790,#7811,#7812));
#7789 = ORIENTED_EDGE('',*,*,#5586,.T.);
#7790 = ORIENTED_EDGE('',*,*,#7791,.T.);
#7791 = EDGE_CURVE('',#5564,#4040,#7792,.T.);
#7792 = SURFACE_CURVE('',#7793,(#7797,#7804),.PCURVE_S1.);
#7793 = LINE('',#7794,#7795);
#7794 = CARTESIAN_POINT('',(1.429308866551,2.252230387702,-3.));
#7795 = VECTOR('',#7796,1.);
#7796 = DIRECTION('',(-1.665334536938E-16,1.6E-16,1.));
#7797 = PCURVE('',#4055,#7798);
#7798 = DEFINITIONAL_REPRESENTATION('',(#7799),#7803);
#7799 = LINE('',#7800,#7801);
#7800 = CARTESIAN_POINT('',(0.373654817051,5.315139821018E-17));
#7801 = VECTOR('',#7802,1.);
#7802 = DIRECTION('',(-7.336149088322E-18,-1.));
#7803 = ( GEOMETRIC_REPRESENTATION_CONTEXT(2) 
PARAMETRIC_REPRESENTATION_CONTEXT() REPRESENTATION_CONTEXT('2D SPACE',''
  ) );
#7804 = PCURVE('',#4083,#7805);
#7805 = DEFINITIONAL_REPRESENTATION('',(#7806),#7810);
#7806 = LINE('',#7807,#7808);
#7807 = CARTESIAN_POINT('',(0.,0.));
#7808 = VECTOR('',#7809,1.);
#7809 = DIRECTION('',(8.903111644244E-17,-1.));
#7810 = ( GEOMETRIC_REPRESENTATION_CONTEXT(2) 
PARAMETRIC_REPRESENTATION_CONTEXT() REPRESENTATION_CONTEXT('2D SPACE',''
  ) );
#7811 = ORIENTED_EDGE('',*,*,#4039,.T.);
#7812 = ORIENTED_EDGE('',*,*,#7766,.F.);
#7813 = ADVANCED_FACE('',(#7814),#4083,.F.);
#7814 = FACE_BOUND('',#7815,.T.);
#7815 = EDGE_LOOP('',(#7816,#7817,#7838,#7839));
#7816 = ORIENTED_EDGE('',*,*,#5563,.T.);
#7817 = ORIENTED_EDGE('',*,*,#7818,.T.);
#7818 = EDGE_CURVE('',#5540,#4068,#7819,.T.);
#7819 = SURFACE_CURVE('',#7820,(#7824,#7831),.PCURVE_S1.);
#7820 = LINE('',#7821,#7822);
#7821 = CARTESIAN_POINT('',(1.769868472293,2.42230584171,-3.));
#7822 = VECTOR('',#7823,1.);
#7823 = DIRECTION('',(-1.665334536938E-16,1.6E-16,1.));
#7824 = PCURVE('',#4083,#7825);
#7825 = DEFINITIONAL_REPRESENTATION('',(#7826),#7830);
#7826 = LINE('',#7827,#7828);
#7827 = CARTESIAN_POINT('',(0.380665870704,6.33936021518E-17));
#7828 = VECTOR('',#7829,1.);
#7829 = DIRECTION('',(8.903111644244E-17,-1.));
#7830 = ( GEOMETRIC_REPRESENTATION_CONTEXT(2) 
PARAMETRIC_REPRESENTATION_CONTEXT() REPRESENTATION_CONTEXT('2D SPACE',''
  ) );
#7831 = PCURVE('',#4112,#7832);
#7832 = DEFINITIONAL_REPRESENTATION('',(#7833),#7837);
#7833 = LINE('',#7834,#7835);
#7834 = CARTESIAN_POINT('',(4.081384439239,1.7763568394E-15));
#7835 = VECTOR('',#7836,1.);
#7836 = DIRECTION('',(0.,1.));
#7837 = ( GEOMETRIC_REPRESENTATION_CONTEXT(2) 
PARAMETRIC_REPRESENTATION_CONTEXT() REPRESENTATION_CONTEXT('2D SPACE',''
  ) );
#7838 = ORIENTED_EDGE('',*,*,#4067,.T.);
#7839 = ORIENTED_EDGE('',*,*,#7791,.F.);
#7840 = ADVANCED_FACE('',(#7841),#4112,.F.);
#7841 = FACE_BOUND('',#7842,.F.);
#7842 = EDGE_LOOP('',(#7843,#7844,#7845,#7846));
#7843 = ORIENTED_EDGE('',*,*,#5539,.T.);
#7844 = ORIENTED_EDGE('',*,*,#7818,.T.);
#7845 = ORIENTED_EDGE('',*,*,#4095,.F.);
#7846 = ORIENTED_EDGE('',*,*,#7847,.F.);
#7847 = EDGE_CURVE('',#5517,#4096,#7848,.T.);
#7848 = SURFACE_CURVE('',#7849,(#7853,#7860),.PCURVE_S1.);
#7849 = LINE('',#7850,#7851);
#7850 = CARTESIAN_POINT('',(2.059258636076,2.181617260142,-3.));
#7851 = VECTOR('',#7852,1.);
#7852 = DIRECTION('',(0.,1.4E-16,1.));
#7853 = PCURVE('',#4112,#7854);
#7854 = DEFINITIONAL_REPRESENTATION('',(#7855),#7859);
#7855 = LINE('',#7856,#7857);
#7856 = CARTESIAN_POINT('',(3.955835020764,1.33226762955E-15));
#7857 = VECTOR('',#7858,1.);
#7858 = DIRECTION('',(-1.233581138472E-16,1.));
#7859 = ( GEOMETRIC_REPRESENTATION_CONTEXT(2) 
PARAMETRIC_REPRESENTATION_CONTEXT() REPRESENTATION_CONTEXT('2D SPACE',''
  ) );
#7860 = PCURVE('',#4140,#7861);
#7861 = DEFINITIONAL_REPRESENTATION('',(#7862),#7866);
#7862 = LINE('',#7863,#7864);
#7863 = CARTESIAN_POINT('',(0.,-0.));
#7864 = VECTOR('',#7865,1.);
#7865 = DIRECTION('',(5.542799441157E-18,-1.));
#7866 = ( GEOMETRIC_REPRESENTATION_CONTEXT(2) 
PARAMETRIC_REPRESENTATION_CONTEXT() REPRESENTATION_CONTEXT('2D SPACE',''
  ) );
#7867 = ADVANCED_FACE('',(#7868),#4140,.F.);
#7868 = FACE_BOUND('',#7869,.T.);
#7869 = EDGE_LOOP('',(#7870,#7871,#7892,#7893));
#7870 = ORIENTED_EDGE('',*,*,#5516,.T.);
#7871 = ORIENTED_EDGE('',*,*,#7872,.T.);
#7872 = EDGE_CURVE('',#5494,#4125,#7873,.T.);
#7873 = SURFACE_CURVE('',#7874,(#7878,#7885),.PCURVE_S1.);
#7874 = LINE('',#7875,#7876);
#7875 = CARTESIAN_POINT('',(1.94451142118,1.826017767764,-3.));
#7876 = VECTOR('',#7877,1.);
#7877 = DIRECTION('',(0.,1.4E-16,1.));
#7878 = PCURVE('',#4140,#7879);
#7879 = DEFINITIONAL_REPRESENTATION('',(#7880),#7884);
#7880 = LINE('',#7881,#7882);
#7881 = CARTESIAN_POINT('',(0.373654817052,5.185502264406E-17));
#7882 = VECTOR('',#7883,1.);
#7883 = DIRECTION('',(5.542799441157E-18,-1.));
#7884 = ( GEOMETRIC_REPRESENTATION_CONTEXT(2) 
PARAMETRIC_REPRESENTATION_CONTEXT() REPRESENTATION_CONTEXT('2D SPACE',''
  ) );
#7885 = PCURVE('',#4168,#7886);
#7886 = DEFINITIONAL_REPRESENTATION('',(#7887),#7891);
#7887 = LINE('',#7888,#7889);
#7888 = CARTESIAN_POINT('',(0.,-0.));
#7889 = VECTOR('',#7890,1.);
#7890 = DIRECTION('',(-8.158601832143E-17,-1.));
#7891 = ( GEOMETRIC_REPRESENTATION_CONTEXT(2) 
PARAMETRIC_REPRESENTATION_CONTEXT() REPRESENTATION_CONTEXT('2D SPACE',''
  ) );
#7892 = ORIENTED_EDGE('',*,*,#4124,.T.);
#7893 = ORIENTED_EDGE('',*,*,#7847,.F.);
#7894 = ADVANCED_FACE('',(#7895),#4168,.F.);
#7895 = FACE_BOUND('',#7896,.T.);
#7896 = EDGE_LOOP('',(#7897,#7898,#7919,#7920));
#7897 = ORIENTED_EDGE('',*,*,#5493,.T.);
#7898 = ORIENTED_EDGE('',*,*,#7899,.T.);
#7899 = EDGE_CURVE('',#5470,#4153,#7900,.T.);
#7900 = SURFACE_CURVE('',#7901,(#7905,#7912),.PCURVE_S1.);
#7901 = LINE('',#7902,#7903);
#7902 = CARTESIAN_POINT('',(2.316667766129,1.906056258713,-3.));
#7903 = VECTOR('',#7904,1.);
#7904 = DIRECTION('',(0.,1.4E-16,1.));
#7905 = PCURVE('',#4168,#7906);
#7906 = DEFINITIONAL_REPRESENTATION('',(#7907),#7911);
#7907 = LINE('',#7908,#7909);
#7908 = CARTESIAN_POINT('',(0.380665870704,-4.226240143449E-17));
#7909 = VECTOR('',#7910,1.);
#7910 = DIRECTION('',(-8.158601832143E-17,-1.));
#7911 = ( GEOMETRIC_REPRESENTATION_CONTEXT(2) 
PARAMETRIC_REPRESENTATION_CONTEXT() REPRESENTATION_CONTEXT('2D SPACE',''
  ) );
#7912 = PCURVE('',#4197,#7913);
#7913 = DEFINITIONAL_REPRESENTATION('',(#7914),#7918);
#7914 = LINE('',#7915,#7916);
#7915 = CARTESIAN_POINT('',(3.830057026952,1.33226762955E-15));
#7916 = VECTOR('',#7917,1.);
#7917 = DIRECTION('',(-1.233581138472E-16,1.));
#7918 = ( GEOMETRIC_REPRESENTATION_CONTEXT(2) 
PARAMETRIC_REPRESENTATION_CONTEXT() REPRESENTATION_CONTEXT('2D SPACE',''
  ) );
#7919 = ORIENTED_EDGE('',*,*,#4152,.T.);
#7920 = ORIENTED_EDGE('',*,*,#7872,.F.);
#7921 = ADVANCED_FACE('',(#7922),#4197,.F.);
#7922 = FACE_BOUND('',#7923,.F.);
#7923 = EDGE_LOOP('',(#7924,#7925,#7926,#7927));
#7924 = ORIENTED_EDGE('',*,*,#5469,.T.);
#7925 = ORIENTED_EDGE('',*,*,#7899,.T.);
#7926 = ORIENTED_EDGE('',*,*,#4180,.F.);
#7927 = ORIENTED_EDGE('',*,*,#7928,.F.);
#7928 = EDGE_CURVE('',#5447,#4181,#7929,.T.);
#7929 = SURFACE_CURVE('',#7930,(#7934,#7941),.PCURVE_S1.);
#7930 = LINE('',#7931,#7932);
#7931 = CARTESIAN_POINT('',(2.537109389573,1.600960944352,-3.));
#7932 = VECTOR('',#7933,1.);
#7933 = DIRECTION('',(-3.885780586188E-16,1.2E-16,1.));
#7934 = PCURVE('',#4197,#7935);
#7935 = DEFINITIONAL_REPRESENTATION('',(#7936),#7940);
#7936 = LINE('',#7937,#7938);
#7937 = CARTESIAN_POINT('',(3.704507608477,8.881784197001E-16));
#7938 = VECTOR('',#7939,1.);
#7939 = DIRECTION('',(-1.233581138472E-16,1.));
#7940 = ( GEOMETRIC_REPRESENTATION_CONTEXT(2) 
PARAMETRIC_REPRESENTATION_CONTEXT() REPRESENTATION_CONTEXT('2D SPACE',''
  ) );
#7941 = PCURVE('',#4225,#7942);
#7942 = DEFINITIONAL_REPRESENTATION('',(#7943),#7947);
#7943 = LINE('',#7944,#7945);
#7944 = CARTESIAN_POINT('',(-0.,0.));
#7945 = VECTOR('',#7946,1.);
#7946 = DIRECTION('',(-3.26799705478E-17,-1.));
#7947 = ( GEOMETRIC_REPRESENTATION_CONTEXT(2) 
PARAMETRIC_REPRESENTATION_CONTEXT() REPRESENTATION_CONTEXT('2D SPACE',''
  ) );
#7948 = ADVANCED_FACE('',(#7949),#4225,.F.);
#7949 = FACE_BOUND('',#7950,.T.);
#7950 = EDGE_LOOP('',(#7951,#7952,#7973,#7974));
#7951 = ORIENTED_EDGE('',*,*,#5446,.T.);
#7952 = ORIENTED_EDGE('',*,*,#7953,.T.);
#7953 = EDGE_CURVE('',#5424,#4210,#7954,.T.);
#7954 = SURFACE_CURVE('',#7955,(#7959,#7966),.PCURVE_S1.);
#7955 = LINE('',#7956,#7957);
#7956 = CARTESIAN_POINT('',(2.337533171803,1.285069735854,-3.));
#7957 = VECTOR('',#7958,1.);
#7958 = DIRECTION('',(-3.885780586188E-16,1.2E-16,1.));
#7959 = PCURVE('',#4225,#7960);
#7960 = DEFINITIONAL_REPRESENTATION('',(#7961),#7965);
#7961 = LINE('',#7962,#7963);
#7962 = CARTESIAN_POINT('',(0.373654817051,-5.185502264405E-17));
#7963 = VECTOR('',#7964,1.);
#7964 = DIRECTION('',(-3.26799705478E-17,-1.));
#7965 = ( GEOMETRIC_REPRESENTATION_CONTEXT(2) 
PARAMETRIC_REPRESENTATION_CONTEXT() REPRESENTATION_CONTEXT('2D SPACE',''
  ) );
#7966 = PCURVE('',#4253,#7967);
#7967 = DEFINITIONAL_REPRESENTATION('',(#7968),#7972);
#7968 = LINE('',#7969,#7970);
#7969 = CARTESIAN_POINT('',(0.,0.));
#7970 = VECTOR('',#7971,1.);
#7971 = DIRECTION('',(-5.994549715687E-17,-1.));
#7972 = ( GEOMETRIC_REPRESENTATION_CONTEXT(2) 
PARAMETRIC_REPRESENTATION_CONTEXT() REPRESENTATION_CONTEXT('2D SPACE',''
  ) );
#7973 = ORIENTED_EDGE('',*,*,#4209,.T.);
#7974 = ORIENTED_EDGE('',*,*,#7928,.F.);
#7975 = ADVANCED_FACE('',(#7976),#4253,.F.);
#7976 = FACE_BOUND('',#7977,.T.);
#7977 = EDGE_LOOP('',(#7978,#7979,#8000,#8001));
#7978 = ORIENTED_EDGE('',*,*,#5423,.T.);
#7979 = ORIENTED_EDGE('',*,*,#7980,.T.);
#7980 = EDGE_CURVE('',#5400,#4238,#7981,.T.);
#7981 = SURFACE_CURVE('',#7982,(#7986,#7993),.PCURVE_S1.);
#7982 = LINE('',#7983,#7984);
#7983 = CARTESIAN_POINT('',(2.717902304111,1.270042150996,-3.));
#7984 = VECTOR('',#7985,1.);
#7985 = DIRECTION('',(-3.885780586188E-16,1.2E-16,1.));
#7986 = PCURVE('',#4253,#7987);
#7987 = DEFINITIONAL_REPRESENTATION('',(#7988),#7992);
#7988 = LINE('',#7989,#7990);
#7989 = CARTESIAN_POINT('',(0.380665870705,1.267872043037E-16));
#7990 = VECTOR('',#7991,1.);
#7991 = DIRECTION('',(-5.994549715687E-17,-1.));
#7992 = ( GEOMETRIC_REPRESENTATION_CONTEXT(2) 
PARAMETRIC_REPRESENTATION_CONTEXT() REPRESENTATION_CONTEXT('2D SPACE',''
  ) );
#7993 = PCURVE('',#4282,#7994);
#7994 = DEFINITIONAL_REPRESENTATION('',(#7995),#7999);
#7995 = LINE('',#7996,#7997);
#7996 = CARTESIAN_POINT('',(3.578729614665,8.881784197001E-16));
#7997 = VECTOR('',#7998,1.);
#7998 = DIRECTION('',(-1.233581138472E-16,1.));
#7999 = ( GEOMETRIC_REPRESENTATION_CONTEXT(2) 
PARAMETRIC_REPRESENTATION_CONTEXT() REPRESENTATION_CONTEXT('2D SPACE',''
  ) );
#8000 = ORIENTED_EDGE('',*,*,#4237,.T.);
#8001 = ORIENTED_EDGE('',*,*,#7953,.F.);
#8002 = ADVANCED_FACE('',(#8003),#4282,.F.);
#8003 = FACE_BOUND('',#8004,.F.);
#8004 = EDGE_LOOP('',(#8005,#8006,#8007,#8008));
#8005 = ORIENTED_EDGE('',*,*,#5399,.T.);
#8006 = ORIENTED_EDGE('',*,*,#7980,.T.);
#8007 = ORIENTED_EDGE('',*,*,#4265,.F.);
#8008 = ORIENTED_EDGE('',*,*,#8009,.F.);
#8009 = EDGE_CURVE('',#5377,#4266,#8010,.T.);
#8010 = SURFACE_CURVE('',#8011,(#8015,#8022),.PCURVE_S1.);
#8011 = LINE('',#8012,#8013);
#8012 = CARTESIAN_POINT('',(2.855544229288,0.919710364506,-3.));
#8013 = VECTOR('',#8014,1.);
#8014 = DIRECTION('',(2.775557561563E-16,1.1E-16,1.));
#8015 = PCURVE('',#4282,#8016);
#8016 = DEFINITIONAL_REPRESENTATION('',(#8017),#8021);
#8017 = LINE('',#8018,#8019);
#8018 = CARTESIAN_POINT('',(3.45318019619,4.440892098501E-16));
#8019 = VECTOR('',#8020,1.);
#8020 = DIRECTION('',(-2.467162276945E-16,1.));
#8021 = ( GEOMETRIC_REPRESENTATION_CONTEXT(2) 
PARAMETRIC_REPRESENTATION_CONTEXT() REPRESENTATION_CONTEXT('2D SPACE',''
  ) );
#8022 = PCURVE('',#4310,#8023);
#8023 = DEFINITIONAL_REPRESENTATION('',(#8024),#8028);
#8024 = LINE('',#8025,#8026);
#8025 = CARTESIAN_POINT('',(0.,-0.));
#8026 = VECTOR('',#8027,1.);
#8027 = DIRECTION('',(2.790422431539E-17,-1.));
#8028 = ( GEOMETRIC_REPRESENTATION_CONTEXT(2) 
PARAMETRIC_REPRESENTATION_CONTEXT() REPRESENTATION_CONTEXT('2D SPACE',''
  ) );
#8029 = ADVANCED_FACE('',(#8030),#4310,.F.);
#8030 = FACE_BOUND('',#8031,.T.);
#8031 = EDGE_LOOP('',(#8032,#8033,#8054,#8055));
#8032 = ORIENTED_EDGE('',*,*,#5376,.T.);
#8033 = ORIENTED_EDGE('',*,*,#8034,.T.);
#8034 = EDGE_CURVE('',#5354,#4295,#8035,.T.);
#8035 = SURFACE_CURVE('',#8036,(#8040,#8047),.PCURVE_S1.);
#8036 = LINE('',#8037,#8038);
#8037 = CARTESIAN_POINT('',(2.583679116397,0.663376046284,-3.));
#8038 = VECTOR('',#8039,1.);
#8039 = DIRECTION('',(2.775557561563E-16,1.1E-16,1.));
#8040 = PCURVE('',#4310,#8041);
#8041 = DEFINITIONAL_REPRESENTATION('',(#8042),#8046);
#8042 = LINE('',#8043,#8044);
#8043 = CARTESIAN_POINT('',(0.373654817051,1.14081049817E-16));
#8044 = VECTOR('',#8045,1.);
#8045 = DIRECTION('',(2.790422431539E-17,-1.));
#8046 = ( GEOMETRIC_REPRESENTATION_CONTEXT(2) 
PARAMETRIC_REPRESENTATION_CONTEXT() REPRESENTATION_CONTEXT('2D SPACE',''
  ) );
#8047 = PCURVE('',#4338,#8048);
#8048 = DEFINITIONAL_REPRESENTATION('',(#8049),#8053);
#8049 = LINE('',#8050,#8051);
#8050 = CARTESIAN_POINT('',(0.,-0.));
#8051 = VECTOR('',#8052,1.);
#8052 = DIRECTION('',(-1.543944911476E-17,-1.));
#8053 = ( GEOMETRIC_REPRESENTATION_CONTEXT(2) 
PARAMETRIC_REPRESENTATION_CONTEXT() REPRESENTATION_CONTEXT('2D SPACE',''
  ) );
#8054 = ORIENTED_EDGE('',*,*,#4294,.T.);
#8055 = ORIENTED_EDGE('',*,*,#8009,.F.);
#8056 = ADVANCED_FACE('',(#8057),#4338,.F.);
#8057 = FACE_BOUND('',#8058,.T.);
#8058 = EDGE_LOOP('',(#8059,#8060,#8081,#8082));
#8059 = ORIENTED_EDGE('',*,*,#5353,.T.);
#8060 = ORIENTED_EDGE('',*,*,#8061,.T.);
#8061 = EDGE_CURVE('',#5330,#4323,#8062,.T.);
#8062 = SURFACE_CURVE('',#8063,(#8067,#8074),.PCURVE_S1.);
#8063 = LINE('',#8064,#8065);
#8064 = CARTESIAN_POINT('',(2.948361044581,0.554226624044,-3.));
#8065 = VECTOR('',#8066,1.);
#8066 = DIRECTION('',(2.775557561563E-16,1.1E-16,1.));
#8067 = PCURVE('',#4338,#8068);
#8068 = DEFINITIONAL_REPRESENTATION('',(#8069),#8073);
#8069 = LINE('',#8070,#8071);
#8070 = CARTESIAN_POINT('',(0.380665870705,-9.509040322768E-17));
#8071 = VECTOR('',#8072,1.);
#8072 = DIRECTION('',(-1.543944911476E-17,-1.));
#8073 = ( GEOMETRIC_REPRESENTATION_CONTEXT(2) 
PARAMETRIC_REPRESENTATION_CONTEXT() REPRESENTATION_CONTEXT('2D SPACE',''
  ) );
#8074 = PCURVE('',#4365,#8075);
#8075 = DEFINITIONAL_REPRESENTATION('',(#8076),#8080);
#8076 = LINE('',#8077,#8078);
#8077 = CARTESIAN_POINT('',(3.327402202377,4.440892098501E-16));
#8078 = VECTOR('',#8079,1.);
#8079 = DIRECTION('',(-1.233581138472E-16,1.));
#8080 = ( GEOMETRIC_REPRESENTATION_CONTEXT(2) 
PARAMETRIC_REPRESENTATION_CONTEXT() REPRESENTATION_CONTEXT('2D SPACE',''
  ) );
#8081 = ORIENTED_EDGE('',*,*,#4322,.T.);
#8082 = ORIENTED_EDGE('',*,*,#8034,.F.);
#8083 = ADVANCED_FACE('',(#8084),#4365,.F.);
#8084 = FACE_BOUND('',#8085,.F.);
#8085 = EDGE_LOOP('',(#8086,#8087,#8088,#8089));
#8086 = ORIENTED_EDGE('',*,*,#5329,.T.);
#8087 = ORIENTED_EDGE('',*,*,#8061,.T.);
#8088 = ORIENTED_EDGE('',*,*,#4350,.F.);
#8089 = ORIENTED_EDGE('',*,*,#6200,.F.);
#8090 = ADVANCED_FACE('',(#8091),#4396,.F.);
#8091 = FACE_BOUND('',#8092,.F.);
#8092 = EDGE_LOOP('',(#8093,#8116,#8143,#8144));
#8093 = ORIENTED_EDGE('',*,*,#8094,.T.);
#8094 = EDGE_CURVE('',#4380,#8095,#8097,.T.);
#8095 = VERTEX_POINT('',#8096);
#8096 = CARTESIAN_POINT('',(1.5,1.375697019872E-15,1.8));
#8097 = SEAM_CURVE('',#8098,(#8102,#8109),.PCURVE_S1.);
#8098 = LINE('',#8099,#8100);
#8099 = CARTESIAN_POINT('',(1.5,5.836970198721E-16,0.6));
#8100 = VECTOR('',#8101,1.);
#8101 = DIRECTION('',(0.,6.6E-16,1.));
#8102 = PCURVE('',#4396,#8103);
#8103 = DEFINITIONAL_REPRESENTATION('',(#8104),#8108);
#8104 = LINE('',#8105,#8106);
#8105 = CARTESIAN_POINT('',(9.424777960769,0.));
#8106 = VECTOR('',#8107,1.);
#8107 = DIRECTION('',(0.,1.));
#8108 = ( GEOMETRIC_REPRESENTATION_CONTEXT(2) 
PARAMETRIC_REPRESENTATION_CONTEXT() REPRESENTATION_CONTEXT('2D SPACE',''
  ) );
#8109 = PCURVE('',#4396,#8110);
#8110 = DEFINITIONAL_REPRESENTATION('',(#8111),#8115);
#8111 = LINE('',#8112,#8113);
#8112 = CARTESIAN_POINT('',(3.14159265359,0.));
#8113 = VECTOR('',#8114,1.);
#8114 = DIRECTION('',(0.,1.));
#8115 = ( GEOMETRIC_REPRESENTATION_CONTEXT(2) 
PARAMETRIC_REPRESENTATION_CONTEXT() REPRESENTATION_CONTEXT('2D SPACE',''
  ) );
#8116 = ORIENTED_EDGE('',*,*,#8117,.F.);
#8117 = EDGE_CURVE('',#8095,#8095,#8118,.T.);
#8118 = SURFACE_CURVE('',#8119,(#8124,#8131),.PCURVE_S1.);
#8119 = CIRCLE('',#8120,1.5);
#8120 = AXIS2_PLACEMENT_3D('',#8121,#8122,#8123);
#8121 = CARTESIAN_POINT('',(0.,1.2E-15,1.8));
#8122 = DIRECTION('',(0.,6.6E-16,1.));
#8123 = DIRECTION('',(-1.,0.,0.));
#8124 = PCURVE('',#4396,#8125);
#8125 = DEFINITIONAL_REPRESENTATION('',(#8126),#8130);
#8126 = LINE('',#8127,#8128);
#8127 = CARTESIAN_POINT('',(0.,1.2));
#8128 = VECTOR('',#8129,1.);
#8129 = DIRECTION('',(1.,0.));
#8130 = ( GEOMETRIC_REPRESENTATION_CONTEXT(2) 
PARAMETRIC_REPRESENTATION_CONTEXT() REPRESENTATION_CONTEXT('2D SPACE',''
  ) );
#8131 = PCURVE('',#8132,#8137);
#8132 = PLANE('',#8133);
#8133 = AXIS2_PLACEMENT_3D('',#8134,#8135,#8136);
#8134 = CARTESIAN_POINT('',(0.,1.2E-15,1.8));
#8135 = DIRECTION('',(0.,6.6E-16,1.));
#8136 = DIRECTION('',(-1.,0.,0.));
#8137 = DEFINITIONAL_REPRESENTATION('',(#8138),#8142);
#8138 = CIRCLE('',#8139,1.5);
#8139 = AXIS2_PLACEMENT_2D('',#8140,#8141);
#8140 = CARTESIAN_POINT('',(0.,0.));
#8141 = DIRECTION('',(1.,0.));
#8142 = ( GEOMETRIC_REPRESENTATION_CONTEXT(2) 
PARAMETRIC_REPRESENTATION_CONTEXT() REPRESENTATION_CONTEXT('2D SPACE',''
  ) );
#8143 = ORIENTED_EDGE('',*,*,#8094,.F.);
#8144 = ORIENTED_EDGE('',*,*,#4379,.T.);
#8145 = ADVANCED_FACE('',(#8146),#1476,.T.);
#8146 = FACE_BOUND('',#8147,.T.);
#8147 = EDGE_LOOP('',(#8148,#8149,#8170,#8171));
#8148 = ORIENTED_EDGE('',*,*,#4460,.T.);
#8149 = ORIENTED_EDGE('',*,*,#8150,.T.);
#8150 = EDGE_CURVE('',#4461,#1456,#8151,.T.);
#8151 = SEAM_CURVE('',#8152,(#8156,#8163),.PCURVE_S1.);
#8152 = LINE('',#8153,#8154);
#8153 = CARTESIAN_POINT('',(4.5,-5.510910596163E-16,3.637200993468E-31)
  );
#8154 = VECTOR('',#8155,1.);
#8155 = DIRECTION('',(0.,6.6E-16,1.));
#8156 = PCURVE('',#1476,#8157);
#8157 = DEFINITIONAL_REPRESENTATION('',(#8158),#8162);
#8158 = LINE('',#8159,#8160);
#8159 = CARTESIAN_POINT('',(-3.14159265359,0.));
#8160 = VECTOR('',#8161,1.);
#8161 = DIRECTION('',(0.,-1.));
#8162 = ( GEOMETRIC_REPRESENTATION_CONTEXT(2) 
PARAMETRIC_REPRESENTATION_CONTEXT() REPRESENTATION_CONTEXT('2D SPACE',''
  ) );
#8163 = PCURVE('',#1476,#8164);
#8164 = DEFINITIONAL_REPRESENTATION('',(#8165),#8169);
#8165 = LINE('',#8166,#8167);
#8166 = CARTESIAN_POINT('',(3.14159265359,0.));
#8167 = VECTOR('',#8168,1.);
#8168 = DIRECTION('',(0.,-1.));
#8169 = ( GEOMETRIC_REPRESENTATION_CONTEXT(2) 
PARAMETRIC_REPRESENTATION_CONTEXT() REPRESENTATION_CONTEXT('2D SPACE',''
  ) );
#8170 = ORIENTED_EDGE('',*,*,#1455,.F.);
#8171 = ORIENTED_EDGE('',*,*,#8150,.F.);
#8172 = ADVANCED_FACE('',(#8173,#8204),#8132,.T.);
#8173 = FACE_BOUND('',#8174,.T.);
#8174 = EDGE_LOOP('',(#8175));
#8175 = ORIENTED_EDGE('',*,*,#8176,.T.);
#8176 = EDGE_CURVE('',#8177,#8177,#8179,.T.);
#8177 = VERTEX_POINT('',#8178);
#8178 = CARTESIAN_POINT('',(2.85,1.549024337757E-15,1.8));
#8179 = SURFACE_CURVE('',#8180,(#8185,#8192),.PCURVE_S1.);
#8180 = CIRCLE('',#8181,2.85);
#8181 = AXIS2_PLACEMENT_3D('',#8182,#8183,#8184);
#8182 = CARTESIAN_POINT('',(0.,1.2E-15,1.8));
#8183 = DIRECTION('',(0.,6.6E-16,1.));
#8184 = DIRECTION('',(-1.,0.,0.));
#8185 = PCURVE('',#8132,#8186);
#8186 = DEFINITIONAL_REPRESENTATION('',(#8187),#8191);
#8187 = CIRCLE('',#8188,2.85);
#8188 = AXIS2_PLACEMENT_2D('',#8189,#8190);
#8189 = CARTESIAN_POINT('',(0.,0.));
#8190 = DIRECTION('',(1.,0.));
#8191 = ( GEOMETRIC_REPRESENTATION_CONTEXT(2) 
PARAMETRIC_REPRESENTATION_CONTEXT() REPRESENTATION_CONTEXT('2D SPACE',''
  ) );
#8192 = PCURVE('',#8193,#8198);
#8193 = CYLINDRICAL_SURFACE('',#8194,2.85);
#8194 = AXIS2_PLACEMENT_3D('',#8195,#8196,#8197);
#8195 = CARTESIAN_POINT('',(0.,1.2E-15,1.8));
#8196 = DIRECTION('',(0.,6.6E-16,1.));
#8197 = DIRECTION('',(-1.,0.,0.));
#8198 = DEFINITIONAL_REPRESENTATION('',(#8199),#8203);
#8199 = LINE('',#8200,#8201);
#8200 = CARTESIAN_POINT('',(0.,0.));
#8201 = VECTOR('',#8202,1.);
#8202 = DIRECTION('',(1.,0.));
#8203 = ( GEOMETRIC_REPRESENTATION_CONTEXT(2) 
PARAMETRIC_REPRESENTATION_CONTEXT() REPRESENTATION_CONTEXT('2D SPACE',''
  ) );
#8204 = FACE_BOUND('',#8205,.T.);
#8205 = EDGE_LOOP('',(#8206));
#8206 = ORIENTED_EDGE('',*,*,#8117,.F.);
#8207 = ADVANCED_FACE('',(#8208),#8193,.F.);
#8208 = FACE_BOUND('',#8209,.F.);
#8209 = EDGE_LOOP('',(#8210,#8233,#8260,#8261));
#8210 = ORIENTED_EDGE('',*,*,#8211,.T.);
#8211 = EDGE_CURVE('',#8177,#8212,#8214,.T.);
#8212 = VERTEX_POINT('',#8213);
#8213 = CARTESIAN_POINT('',(2.85,2.539024337757E-15,3.3));
#8214 = SEAM_CURVE('',#8215,(#8219,#8226),.PCURVE_S1.);
#8215 = LINE('',#8216,#8217);
#8216 = CARTESIAN_POINT('',(2.85,1.549024337757E-15,1.8));
#8217 = VECTOR('',#8218,1.);
#8218 = DIRECTION('',(0.,6.6E-16,1.));
#8219 = PCURVE('',#8193,#8220);
#8220 = DEFINITIONAL_REPRESENTATION('',(#8221),#8225);
#8221 = LINE('',#8222,#8223);
#8222 = CARTESIAN_POINT('',(9.424777960769,0.));
#8223 = VECTOR('',#8224,1.);
#8224 = DIRECTION('',(0.,1.));
#8225 = ( GEOMETRIC_REPRESENTATION_CONTEXT(2) 
PARAMETRIC_REPRESENTATION_CONTEXT() REPRESENTATION_CONTEXT('2D SPACE',''
  ) );
#8226 = PCURVE('',#8193,#8227);
#8227 = DEFINITIONAL_REPRESENTATION('',(#8228),#8232);
#8228 = LINE('',#8229,#8230);
#8229 = CARTESIAN_POINT('',(3.14159265359,0.));
#8230 = VECTOR('',#8231,1.);
#8231 = DIRECTION('',(0.,1.));
#8232 = ( GEOMETRIC_REPRESENTATION_CONTEXT(2) 
PARAMETRIC_REPRESENTATION_CONTEXT() REPRESENTATION_CONTEXT('2D SPACE',''
  ) );
#8233 = ORIENTED_EDGE('',*,*,#8234,.F.);
#8234 = EDGE_CURVE('',#8212,#8212,#8235,.T.);
#8235 = SURFACE_CURVE('',#8236,(#8241,#8248),.PCURVE_S1.);
#8236 = CIRCLE('',#8237,2.85);
#8237 = AXIS2_PLACEMENT_3D('',#8238,#8239,#8240);
#8238 = CARTESIAN_POINT('',(0.,2.2E-15,3.3));
#8239 = DIRECTION('',(0.,6.6E-16,1.));
#8240 = DIRECTION('',(-1.,0.,0.));
#8241 = PCURVE('',#8193,#8242);
#8242 = DEFINITIONAL_REPRESENTATION('',(#8243),#8247);
#8243 = LINE('',#8244,#8245);
#8244 = CARTESIAN_POINT('',(0.,1.5));
#8245 = VECTOR('',#8246,1.);
#8246 = DIRECTION('',(1.,0.));
#8247 = ( GEOMETRIC_REPRESENTATION_CONTEXT(2) 
PARAMETRIC_REPRESENTATION_CONTEXT() REPRESENTATION_CONTEXT('2D SPACE',''
  ) );
#8248 = PCURVE('',#8249,#8254);
#8249 = PLANE('',#8250);
#8250 = AXIS2_PLACEMENT_3D('',#8251,#8252,#8253);
#8251 = CARTESIAN_POINT('',(0.,2.2E-15,3.3));
#8252 = DIRECTION('',(0.,6.6E-16,1.));
#8253 = DIRECTION('',(-1.,0.,0.));
#8254 = DEFINITIONAL_REPRESENTATION('',(#8255),#8259);
#8255 = CIRCLE('',#8256,2.85);
#8256 = AXIS2_PLACEMENT_2D('',#8257,#8258);
#8257 = CARTESIAN_POINT('',(0.,0.));
#8258 = DIRECTION('',(1.,0.));
#8259 = ( GEOMETRIC_REPRESENTATION_CONTEXT(2) 
PARAMETRIC_REPRESENTATION_CONTEXT() REPRESENTATION_CONTEXT('2D SPACE',''
  ) );
#8260 = ORIENTED_EDGE('',*,*,#8211,.F.);
#8261 = ORIENTED_EDGE('',*,*,#8176,.T.);
#8262 = ADVANCED_FACE('',(#8263,#8294),#8249,.T.);
#8263 = FACE_BOUND('',#8264,.T.);
#8264 = EDGE_LOOP('',(#8265));
#8265 = ORIENTED_EDGE('',*,*,#8266,.T.);
#8266 = EDGE_CURVE('',#8267,#8267,#8269,.T.);
#8267 = VERTEX_POINT('',#8268);
#8268 = CARTESIAN_POINT('',(3.625,1.756065535309E-15,3.3));
#8269 = SURFACE_CURVE('',#8270,(#8275,#8282),.PCURVE_S1.);
#8270 = CIRCLE('',#8271,3.625);
#8271 = AXIS2_PLACEMENT_3D('',#8272,#8273,#8274);
#8272 = CARTESIAN_POINT('',(0.,2.2E-15,3.3));
#8273 = DIRECTION('',(0.,6.6E-16,1.));
#8274 = DIRECTION('',(-1.,0.,0.));
#8275 = PCURVE('',#8249,#8276);
#8276 = DEFINITIONAL_REPRESENTATION('',(#8277),#8281);
#8277 = CIRCLE('',#8278,3.625);
#8278 = AXIS2_PLACEMENT_2D('',#8279,#8280);
#8279 = CARTESIAN_POINT('',(0.,0.));
#8280 = DIRECTION('',(1.,0.));
#8281 = ( GEOMETRIC_REPRESENTATION_CONTEXT(2) 
PARAMETRIC_REPRESENTATION_CONTEXT() REPRESENTATION_CONTEXT('2D SPACE',''
  ) );
#8282 = PCURVE('',#8283,#8288);
#8283 = CYLINDRICAL_SURFACE('',#8284,3.625);
#8284 = AXIS2_PLACEMENT_3D('',#8285,#8286,#8287);
#8285 = CARTESIAN_POINT('',(0.,2.2E-15,3.3));
#8286 = DIRECTION('',(0.,-6.6E-16,-1.));
#8287 = DIRECTION('',(-1.,-0.,0.));
#8288 = DEFINITIONAL_REPRESENTATION('',(#8289),#8293);
#8289 = LINE('',#8290,#8291);
#8290 = CARTESIAN_POINT('',(6.28318530718,0.));
#8291 = VECTOR('',#8292,1.);
#8292 = DIRECTION('',(-1.,0.));
#8293 = ( GEOMETRIC_REPRESENTATION_CONTEXT(2) 
PARAMETRIC_REPRESENTATION_CONTEXT() REPRESENTATION_CONTEXT('2D SPACE',''
  ) );
#8294 = FACE_BOUND('',#8295,.T.);
#8295 = EDGE_LOOP('',(#8296));
#8296 = ORIENTED_EDGE('',*,*,#8234,.F.);
#8297 = ADVANCED_FACE('',(#8298),#8283,.T.);
#8298 = FACE_BOUND('',#8299,.T.);
#8299 = EDGE_LOOP('',(#8300,#8353,#8381,#8410,#8438,#8489,#8517,#8546,
    #8574,#8625,#8653,#8682,#8710,#8761,#8789,#8818,#8846,#8874,#8895,
    #8896,#8897,#8920,#8948,#8977,#9005,#9056,#9084,#9113,#9141,#9192,
    #9220,#9249,#9277,#9328,#9356,#9385));
#8300 = ORIENTED_EDGE('',*,*,#8301,.T.);
#8301 = EDGE_CURVE('',#8302,#8304,#8306,.T.);
#8302 = VERTEX_POINT('',#8303);
#8303 = CARTESIAN_POINT('',(-3.590351654086,0.5,3.216406182158));
#8304 = VERTEX_POINT('',#8305);
#8305 = CARTESIAN_POINT('',(-3.590351654086,-0.5,3.216406182158));
#8306 = SURFACE_CURVE('',#8307,(#8312,#8341),.PCURVE_S1.);
#8307 = ELLIPSE('',#8308,4.511191026629,3.625);
#8308 = AXIS2_PLACEMENT_3D('',#8309,#8310,#8311);
#8309 = CARTESIAN_POINT('',(0.,3.91E-15,5.875925925926));
#8310 = DIRECTION('',(-0.595227550626,4.299999999998E-16,0.803557193345)
  );
#8311 = DIRECTION('',(-0.803557193345,-5.399999999998E-16,
    -0.595227550626));
#8312 = PCURVE('',#8283,#8313);
#8313 = DEFINITIONAL_REPRESENTATION('',(#8314),#8340);
#8314 = B_SPLINE_CURVE_WITH_KNOTS('',3,(#8315,#8316,#8317,#8318,#8319,
    #8320,#8321,#8322,#8323,#8324,#8325,#8326,#8327,#8328,#8329,#8330,
    #8331,#8332,#8333,#8334,#8335,#8336,#8337,#8338,#8339),
  .UNSPECIFIED.,.F.,.F.,(4,1,1,1,1,1,1,1,1,1,1,1,1,1,1,1,1,1,1,1,1,1,4),
  (6.144813129794,6.157392418648,6.169971707501,6.182550996354,
    6.195130285207,6.20770957406,6.220288862914,6.232868151767,
    6.24544744062,6.258026729473,6.270606018326,6.28318530718,
    6.295764596033,6.308343884886,6.320923173739,6.333502462592,
    6.346081751446,6.358661040299,6.371240329152,6.383819618005,
    6.396398906858,6.408978195712,6.421557484565),
  .QUASI_UNIFORM_KNOTS.);
#8315 = CARTESIAN_POINT('',(0.138372177385,8.359381784182E-02));
#8316 = CARTESIAN_POINT('',(0.134179081101,8.514682202601E-02));
#8317 = CARTESIAN_POINT('',(0.125792888532,8.811252980345E-02));
#8318 = CARTESIAN_POINT('',(0.113213599679,9.213955904136E-02));
#8319 = CARTESIAN_POINT('',(0.100634310826,9.574439899594E-02));
#8320 = CARTESIAN_POINT('',(8.805502197234E-02,9.89264845107E-02));
#8321 = CARTESIAN_POINT('',(7.547573311915E-02,0.101685310654));
#8322 = CARTESIAN_POINT('',(6.289644426596E-02,0.104020441258));
#8323 = CARTESIAN_POINT('',(5.031715541277E-02,0.105931506717));
#8324 = CARTESIAN_POINT('',(3.773786655958E-02,0.107418204659));
#8325 = CARTESIAN_POINT('',(2.515857770638E-02,0.108480299826));
#8326 = CARTESIAN_POINT('',(1.257928885319E-02,0.109117624159));
#8327 = CARTESIAN_POINT('',(0.,0.109330076809));
#8328 = CARTESIAN_POINT('',(-1.257928885319E-02,0.109117624159));
#8329 = CARTESIAN_POINT('',(-2.515857770638E-02,0.108480299826));
#8330 = CARTESIAN_POINT('',(-3.773786655958E-02,0.107418204659));
#8331 = CARTESIAN_POINT('',(-5.031715541277E-02,0.105931506717));
#8332 = CARTESIAN_POINT('',(-6.289644426596E-02,0.104020441258));
#8333 = CARTESIAN_POINT('',(-7.547573311915E-02,0.101685310654));
#8334 = CARTESIAN_POINT('',(-8.805502197235E-02,9.89264845107E-02));
#8335 = CARTESIAN_POINT('',(-0.100634310826,9.574439899594E-02));
#8336 = CARTESIAN_POINT('',(-0.113213599679,9.213955904136E-02));
#8337 = CARTESIAN_POINT('',(-0.125792888532,8.811252980345E-02));
#8338 = CARTESIAN_POINT('',(-0.134179081101,8.514682202601E-02));
#8339 = CARTESIAN_POINT('',(-0.138372177385,8.359381784182E-02));
#8340 = ( GEOMETRIC_REPRESENTATION_CONTEXT(2) 
PARAMETRIC_REPRESENTATION_CONTEXT() REPRESENTATION_CONTEXT('2D SPACE',''
  ) );
#8341 = PCURVE('',#8342,#8347);
#8342 = PLANE('',#8343);
#8343 = AXIS2_PLACEMENT_3D('',#8344,#8345,#8346);
#8344 = CARTESIAN_POINT('',(-3.545,-0.5,3.25));
#8345 = DIRECTION('',(-0.595227550626,6.235571933445E-16,0.803557193345)
  );
#8346 = DIRECTION('',(-0.803557193345,-4.652275506255E-16,
    -0.595227550626));
#8347 = DEFINITIONAL_REPRESENTATION('',(#8348),#8352);
#8348 = ELLIPSE('',#8349,4.511191026629,3.625);
#8349 = AXIS2_PLACEMENT_2D('',#8350,#8351);
#8350 = CARTESIAN_POINT('',(-4.411633707421,-0.5));
#8351 = DIRECTION('',(1.,7.477244937427E-17));
#8352 = ( GEOMETRIC_REPRESENTATION_CONTEXT(2) 
PARAMETRIC_REPRESENTATION_CONTEXT() REPRESENTATION_CONTEXT('2D SPACE',''
  ) );
#8353 = ORIENTED_EDGE('',*,*,#8354,.T.);
#8354 = EDGE_CURVE('',#8304,#8355,#8357,.T.);
#8355 = VERTEX_POINT('',#8356);
#8356 = CARTESIAN_POINT('',(-3.590351654086,-0.5,2.));
#8357 = SURFACE_CURVE('',#8358,(#8362,#8369),.PCURVE_S1.);
#8358 = LINE('',#8359,#8360);
#8359 = CARTESIAN_POINT('',(-3.590351654086,-0.5,3.3));
#8360 = VECTOR('',#8361,1.);
#8361 = DIRECTION('',(0.,-6.6E-16,-1.));
#8362 = PCURVE('',#8283,#8363);
#8363 = DEFINITIONAL_REPRESENTATION('',(#8364),#8368);
#8364 = LINE('',#8365,#8366);
#8365 = CARTESIAN_POINT('',(-0.138372177385,4.440892098501E-16));
#8366 = VECTOR('',#8367,1.);
#8367 = DIRECTION('',(0.,1.));
#8368 = ( GEOMETRIC_REPRESENTATION_CONTEXT(2) 
PARAMETRIC_REPRESENTATION_CONTEXT() REPRESENTATION_CONTEXT('2D SPACE',''
  ) );
#8369 = PCURVE('',#8370,#8375);
#8370 = PLANE('',#8371);
#8371 = AXIS2_PLACEMENT_3D('',#8372,#8373,#8374);
#8372 = CARTESIAN_POINT('',(-3.980247937457,-0.5,2.491005952328));
#8373 = DIRECTION('',(0.,-1.,1.E-15));
#8374 = DIRECTION('',(0.,1.E-15,1.));
#8375 = DEFINITIONAL_REPRESENTATION('',(#8376),#8380);
#8376 = LINE('',#8377,#8378);
#8377 = CARTESIAN_POINT('',(0.808994047672,-0.389896283371));
#8378 = VECTOR('',#8379,1.);
#8379 = DIRECTION('',(-1.,-0.));
#8380 = ( GEOMETRIC_REPRESENTATION_CONTEXT(2) 
PARAMETRIC_REPRESENTATION_CONTEXT() REPRESENTATION_CONTEXT('2D SPACE',''
  ) );
#8381 = ORIENTED_EDGE('',*,*,#8382,.T.);
#8382 = EDGE_CURVE('',#8355,#8383,#8385,.T.);
#8383 = VERTEX_POINT('',#8384);
#8384 = CARTESIAN_POINT('',(-2.892315392042,-2.185208610855,2.));
#8385 = SURFACE_CURVE('',#8386,(#8391,#8398),.PCURVE_S1.);
#8386 = CIRCLE('',#8387,3.625);
#8387 = AXIS2_PLACEMENT_3D('',#8388,#8389,#8390);
#8388 = CARTESIAN_POINT('',(0.,1.33E-15,2.));
#8389 = DIRECTION('',(0.,6.6E-16,1.));
#8390 = DIRECTION('',(-1.,0.,0.));
#8391 = PCURVE('',#8283,#8392);
#8392 = DEFINITIONAL_REPRESENTATION('',(#8393),#8397);
#8393 = LINE('',#8394,#8395);
#8394 = CARTESIAN_POINT('',(0.,1.3));
#8395 = VECTOR('',#8396,1.);
#8396 = DIRECTION('',(-1.,0.));
#8397 = ( GEOMETRIC_REPRESENTATION_CONTEXT(2) 
PARAMETRIC_REPRESENTATION_CONTEXT() REPRESENTATION_CONTEXT('2D SPACE',''
  ) );
#8398 = PCURVE('',#8399,#8404);
#8399 = PLANE('',#8400);
#8400 = AXIS2_PLACEMENT_3D('',#8401,#8402,#8403);
#8401 = CARTESIAN_POINT('',(0.,1.33E-15,2.));
#8402 = DIRECTION('',(0.,6.6E-16,1.));
#8403 = DIRECTION('',(-1.,0.,0.));
#8404 = DEFINITIONAL_REPRESENTATION('',(#8405),#8409);
#8405 = CIRCLE('',#8406,3.625);
#8406 = AXIS2_PLACEMENT_2D('',#8407,#8408);
#8407 = CARTESIAN_POINT('',(0.,0.));
#8408 = DIRECTION('',(1.,0.));
#8409 = ( GEOMETRIC_REPRESENTATION_CONTEXT(2) 
PARAMETRIC_REPRESENTATION_CONTEXT() REPRESENTATION_CONTEXT('2D SPACE',''
  ) );
#8410 = ORIENTED_EDGE('',*,*,#8411,.F.);
#8411 = EDGE_CURVE('',#8412,#8383,#8414,.T.);
#8412 = VERTEX_POINT('',#8413);
#8413 = CARTESIAN_POINT('',(-2.892315392042,-2.185208610855,
    3.216406182158));
#8414 = SURFACE_CURVE('',#8415,(#8419,#8426),.PCURVE_S1.);
#8415 = LINE('',#8416,#8417);
#8416 = CARTESIAN_POINT('',(-2.892315392042,-2.185208610855,3.3));
#8417 = VECTOR('',#8418,1.);
#8418 = DIRECTION('',(0.,-6.6E-16,-1.));
#8419 = PCURVE('',#8283,#8420);
#8420 = DEFINITIONAL_REPRESENTATION('',(#8421),#8425);
#8421 = LINE('',#8422,#8423);
#8422 = CARTESIAN_POINT('',(-0.647025986012,1.33226762955E-15));
#8423 = VECTOR('',#8424,1.);
#8424 = DIRECTION('',(0.,1.));
#8425 = ( GEOMETRIC_REPRESENTATION_CONTEXT(2) 
PARAMETRIC_REPRESENTATION_CONTEXT() REPRESENTATION_CONTEXT('2D SPACE',''
  ) );
#8426 = PCURVE('',#8427,#8432);
#8427 = PLANE('',#8428);
#8428 = AXIS2_PLACEMENT_3D('',#8429,#8430,#8431);
#8429 = CARTESIAN_POINT('',(-3.168013697973,-2.460906916787,
    2.491005952328));
#8430 = DIRECTION('',(0.707106781187,-0.707106781187,9.846625373422E-16)
  );
#8431 = DIRECTION('',(-3.072838597977E-16,1.085239254872E-15,1.));
#8432 = DEFINITIONAL_REPRESENTATION('',(#8433),#8437);
#8433 = LINE('',#8434,#8435);
#8434 = CARTESIAN_POINT('',(0.808994047672,-0.389896283372));
#8435 = VECTOR('',#8436,1.);
#8436 = DIRECTION('',(-1.,-8.340705973486E-17));
#8437 = ( GEOMETRIC_REPRESENTATION_CONTEXT(2) 
PARAMETRIC_REPRESENTATION_CONTEXT() REPRESENTATION_CONTEXT('2D SPACE',''
  ) );
#8438 = ORIENTED_EDGE('',*,*,#8439,.T.);
#8439 = EDGE_CURVE('',#8412,#8440,#8442,.T.);
#8440 = VERTEX_POINT('',#8441);
#8441 = CARTESIAN_POINT('',(-2.185208610855,-2.892315392042,
    3.216406182158));
#8442 = SURFACE_CURVE('',#8443,(#8448,#8477),.PCURVE_S1.);
#8443 = ELLIPSE('',#8444,4.511191026629,3.625);
#8444 = AXIS2_PLACEMENT_3D('',#8445,#8446,#8447);
#8445 = CARTESIAN_POINT('',(0.,3.91E-15,5.875925925926));
#8446 = DIRECTION('',(-0.420889437397,-0.420889437397,0.803557193345));
#8447 = DIRECTION('',(-0.568200740485,-0.568200740485,-0.595227550626));
#8448 = PCURVE('',#8283,#8449);
#8449 = DEFINITIONAL_REPRESENTATION('',(#8450),#8476);
#8450 = B_SPLINE_CURVE_WITH_KNOTS('',3,(#8451,#8452,#8453,#8454,#8455,
    #8456,#8457,#8458,#8459,#8460,#8461,#8462,#8463,#8464,#8465,#8466,
    #8467,#8468,#8469,#8470,#8471,#8472,#8473,#8474,#8475),
  .UNSPECIFIED.,.F.,.F.,(4,1,1,1,1,1,1,1,1,1,1,1,1,1,1,1,1,1,1,1,1,1,4),
  (6.144813129794,6.157392418648,6.169971707501,6.182550996354,
    6.195130285207,6.20770957406,6.220288862914,6.232868151767,
    6.24544744062,6.258026729473,6.270606018326,6.28318530718,
    6.295764596033,6.308343884886,6.320923173739,6.333502462592,
    6.346081751446,6.358661040299,6.371240329152,6.383819618005,
    6.396398906858,6.408978195712,6.421557484565),
  .QUASI_UNIFORM_KNOTS.);
#8451 = CARTESIAN_POINT('',(-0.647025986012,8.3593817843E-02));
#8452 = CARTESIAN_POINT('',(-0.651219082297,8.514682202719E-02));
#8453 = CARTESIAN_POINT('',(-0.659605274865,8.811252980464E-02));
#8454 = CARTESIAN_POINT('',(-0.672184563719,9.213955904256E-02));
#8455 = CARTESIAN_POINT('',(-0.684763852572,9.574439899714E-02));
#8456 = CARTESIAN_POINT('',(-0.697343141425,9.89264845119E-02));
#8457 = CARTESIAN_POINT('',(-0.709922430278,0.101685310655));
#8458 = CARTESIAN_POINT('',(-0.722501719131,0.104020441259));
#8459 = CARTESIAN_POINT('',(-0.735081007985,0.105931506718));
#8460 = CARTESIAN_POINT('',(-0.747660296838,0.10741820466));
#8461 = CARTESIAN_POINT('',(-0.760239585691,0.108480299827));
#8462 = CARTESIAN_POINT('',(-0.772818874544,0.10911762416));
#8463 = CARTESIAN_POINT('',(-0.785398163397,0.109330076811));
#8464 = CARTESIAN_POINT('',(-0.797977452251,0.10911762416));
#8465 = CARTESIAN_POINT('',(-0.810556741104,0.108480299827));
#8466 = CARTESIAN_POINT('',(-0.823136029957,0.10741820466));
#8467 = CARTESIAN_POINT('',(-0.83571531881,0.105931506718));
#8468 = CARTESIAN_POINT('',(-0.848294607663,0.104020441259));
#8469 = CARTESIAN_POINT('',(-0.860873896517,0.101685310655));
#8470 = CARTESIAN_POINT('',(-0.87345318537,9.892648451191E-02));
#8471 = CARTESIAN_POINT('',(-0.886032474223,9.574439899714E-02));
#8472 = CARTESIAN_POINT('',(-0.898611763076,9.213955904256E-02));
#8473 = CARTESIAN_POINT('',(-0.911191051929,8.811252980464E-02));
#8474 = CARTESIAN_POINT('',(-0.919577244498,8.514682202719E-02));
#8475 = CARTESIAN_POINT('',(-0.923770340783,8.3593817843E-02));
#8476 = ( GEOMETRIC_REPRESENTATION_CONTEXT(2) 
PARAMETRIC_REPRESENTATION_CONTEXT() REPRESENTATION_CONTEXT('2D SPACE',''
  ) );
#8477 = PCURVE('',#8478,#8483);
#8478 = PLANE('',#8479);
#8479 = AXIS2_PLACEMENT_3D('',#8480,#8481,#8482);
#8480 = CARTESIAN_POINT('',(-2.153140148713,-2.8602469299,3.25));
#8481 = DIRECTION('',(-0.420889437397,-0.420889437397,0.803557193345));
#8482 = DIRECTION('',(-0.568200740485,-0.568200740485,-0.595227550626));
#8483 = DEFINITIONAL_REPRESENTATION('',(#8484),#8488);
#8484 = ELLIPSE('',#8485,4.511191026629,3.625);
#8485 = AXIS2_PLACEMENT_2D('',#8486,#8487);
#8486 = CARTESIAN_POINT('',(-4.411633707421,-0.5));
#8487 = DIRECTION('',(1.,0.));
#8488 = ( GEOMETRIC_REPRESENTATION_CONTEXT(2) 
PARAMETRIC_REPRESENTATION_CONTEXT() REPRESENTATION_CONTEXT('2D SPACE',''
  ) );
#8489 = ORIENTED_EDGE('',*,*,#8490,.T.);
#8490 = EDGE_CURVE('',#8440,#8491,#8493,.T.);
#8491 = VERTEX_POINT('',#8492);
#8492 = CARTESIAN_POINT('',(-2.185208610855,-2.892315392042,2.));
#8493 = SURFACE_CURVE('',#8494,(#8498,#8505),.PCURVE_S1.);
#8494 = LINE('',#8495,#8496);
#8495 = CARTESIAN_POINT('',(-2.185208610855,-2.892315392042,3.3));
#8496 = VECTOR('',#8497,1.);
#8497 = DIRECTION('',(0.,-6.6E-16,-1.));
#8498 = PCURVE('',#8283,#8499);
#8499 = DEFINITIONAL_REPRESENTATION('',(#8500),#8504);
#8500 = LINE('',#8501,#8502);
#8501 = CARTESIAN_POINT('',(-0.923770340783,1.7763568394E-15));
#8502 = VECTOR('',#8503,1.);
#8503 = DIRECTION('',(0.,1.));
#8504 = ( GEOMETRIC_REPRESENTATION_CONTEXT(2) 
PARAMETRIC_REPRESENTATION_CONTEXT() REPRESENTATION_CONTEXT('2D SPACE',''
  ) );
#8505 = PCURVE('',#8506,#8511);
#8506 = PLANE('',#8507);
#8507 = AXIS2_PLACEMENT_3D('',#8508,#8509,#8510);
#8508 = CARTESIAN_POINT('',(-2.460906916787,-3.168013697973,
    2.491005952328));
#8509 = DIRECTION('',(0.707106781187,-0.707106781187,9.846625373422E-16)
  );
#8510 = DIRECTION('',(-3.072838597977E-16,1.085239254872E-15,1.));
#8511 = DEFINITIONAL_REPRESENTATION('',(#8512),#8516);
#8512 = LINE('',#8513,#8514);
#8513 = CARTESIAN_POINT('',(0.808994047672,-0.389896283372));
#8514 = VECTOR('',#8515,1.);
#8515 = DIRECTION('',(-1.,-8.340705973486E-17));
#8516 = ( GEOMETRIC_REPRESENTATION_CONTEXT(2) 
PARAMETRIC_REPRESENTATION_CONTEXT() REPRESENTATION_CONTEXT('2D SPACE',''
  ) );
#8517 = ORIENTED_EDGE('',*,*,#8518,.T.);
#8518 = EDGE_CURVE('',#8491,#8519,#8521,.T.);
#8519 = VERTEX_POINT('',#8520);
#8520 = CARTESIAN_POINT('',(-0.5,-3.590351654086,2.));
#8521 = SURFACE_CURVE('',#8522,(#8527,#8534),.PCURVE_S1.);
#8522 = CIRCLE('',#8523,3.625);
#8523 = AXIS2_PLACEMENT_3D('',#8524,#8525,#8526);
#8524 = CARTESIAN_POINT('',(0.,1.33E-15,2.));
#8525 = DIRECTION('',(0.,6.6E-16,1.));
#8526 = DIRECTION('',(-1.,0.,0.));
#8527 = PCURVE('',#8283,#8528);
#8528 = DEFINITIONAL_REPRESENTATION('',(#8529),#8533);
#8529 = LINE('',#8530,#8531);
#8530 = CARTESIAN_POINT('',(0.,1.3));
#8531 = VECTOR('',#8532,1.);
#8532 = DIRECTION('',(-1.,0.));
#8533 = ( GEOMETRIC_REPRESENTATION_CONTEXT(2) 
PARAMETRIC_REPRESENTATION_CONTEXT() REPRESENTATION_CONTEXT('2D SPACE',''
  ) );
#8534 = PCURVE('',#8535,#8540);
#8535 = PLANE('',#8536);
#8536 = AXIS2_PLACEMENT_3D('',#8537,#8538,#8539);
#8537 = CARTESIAN_POINT('',(0.,1.33E-15,2.));
#8538 = DIRECTION('',(0.,6.6E-16,1.));
#8539 = DIRECTION('',(-1.,0.,0.));
#8540 = DEFINITIONAL_REPRESENTATION('',(#8541),#8545);
#8541 = CIRCLE('',#8542,3.625);
#8542 = AXIS2_PLACEMENT_2D('',#8543,#8544);
#8543 = CARTESIAN_POINT('',(0.,0.));
#8544 = DIRECTION('',(1.,0.));
#8545 = ( GEOMETRIC_REPRESENTATION_CONTEXT(2) 
PARAMETRIC_REPRESENTATION_CONTEXT() REPRESENTATION_CONTEXT('2D SPACE',''
  ) );
#8546 = ORIENTED_EDGE('',*,*,#8547,.F.);
#8547 = EDGE_CURVE('',#8548,#8519,#8550,.T.);
#8548 = VERTEX_POINT('',#8549);
#8549 = CARTESIAN_POINT('',(-0.5,-3.590351654086,3.216406182158));
#8550 = SURFACE_CURVE('',#8551,(#8555,#8562),.PCURVE_S1.);
#8551 = LINE('',#8552,#8553);
#8552 = CARTESIAN_POINT('',(-0.5,-3.590351654086,3.3));
#8553 = VECTOR('',#8554,1.);
#8554 = DIRECTION('',(0.,-6.6E-16,-1.));
#8555 = PCURVE('',#8283,#8556);
#8556 = DEFINITIONAL_REPRESENTATION('',(#8557),#8561);
#8557 = LINE('',#8558,#8559);
#8558 = CARTESIAN_POINT('',(-1.43242414941,2.22044604925E-15));
#8559 = VECTOR('',#8560,1.);
#8560 = DIRECTION('',(0.,1.));
#8561 = ( GEOMETRIC_REPRESENTATION_CONTEXT(2) 
PARAMETRIC_REPRESENTATION_CONTEXT() REPRESENTATION_CONTEXT('2D SPACE',''
  ) );
#8562 = PCURVE('',#8563,#8568);
#8563 = PLANE('',#8564);
#8564 = AXIS2_PLACEMENT_3D('',#8565,#8566,#8567);
#8565 = CARTESIAN_POINT('',(-0.5,-3.980247937457,2.491005952328));
#8566 = DIRECTION('',(1.,0.,-2.2E-16));
#8567 = DIRECTION('',(2.2E-16,2.2E-16,1.));
#8568 = DEFINITIONAL_REPRESENTATION('',(#8569),#8573);
#8569 = LINE('',#8570,#8571);
#8570 = CARTESIAN_POINT('',(0.808994047672,-0.389896283371));
#8571 = VECTOR('',#8572,1.);
#8572 = DIRECTION('',(-1.,4.4E-16));
#8573 = ( GEOMETRIC_REPRESENTATION_CONTEXT(2) 
PARAMETRIC_REPRESENTATION_CONTEXT() REPRESENTATION_CONTEXT('2D SPACE',''
  ) );
#8574 = ORIENTED_EDGE('',*,*,#8575,.T.);
#8575 = EDGE_CURVE('',#8548,#8576,#8578,.T.);
#8576 = VERTEX_POINT('',#8577);
#8577 = CARTESIAN_POINT('',(0.5,-3.590351654086,3.216406182158));
#8578 = SURFACE_CURVE('',#8579,(#8584,#8613),.PCURVE_S1.);
#8579 = ELLIPSE('',#8580,4.511191026629,3.625);
#8580 = AXIS2_PLACEMENT_3D('',#8581,#8582,#8583);
#8581 = CARTESIAN_POINT('',(0.,3.91E-15,5.875925925926));
#8582 = DIRECTION('',(4.999999999998E-17,-0.595227550626,0.803557193345)
  );
#8583 = DIRECTION('',(5.999999999998E-17,-0.803557193345,-0.595227550626
    ));
#8584 = PCURVE('',#8283,#8585);
#8585 = DEFINITIONAL_REPRESENTATION('',(#8586),#8612);
#8586 = B_SPLINE_CURVE_WITH_KNOTS('',3,(#8587,#8588,#8589,#8590,#8591,
    #8592,#8593,#8594,#8595,#8596,#8597,#8598,#8599,#8600,#8601,#8602,
    #8603,#8604,#8605,#8606,#8607,#8608,#8609,#8610,#8611),
  .UNSPECIFIED.,.F.,.F.,(4,1,1,1,1,1,1,1,1,1,1,1,1,1,1,1,1,1,1,1,1,1,4),
  (6.144813129794,6.157392418648,6.169971707501,6.182550996354,
    6.195130285207,6.20770957406,6.220288862914,6.232868151767,
    6.24544744062,6.258026729473,6.270606018326,6.28318530718,
    6.295764596033,6.308343884886,6.320923173739,6.333502462592,
    6.346081751446,6.358661040299,6.371240329152,6.383819618005,
    6.396398906858,6.408978195712,6.421557484565),
  .QUASI_UNIFORM_KNOTS.);
#8587 = CARTESIAN_POINT('',(-1.43242414941,8.359381784182E-02));
#8588 = CARTESIAN_POINT('',(-1.436617245694,8.514682202601E-02));
#8589 = CARTESIAN_POINT('',(-1.445003438263,8.811252980346E-02));
#8590 = CARTESIAN_POINT('',(-1.457582727116,9.213955904137E-02));
#8591 = CARTESIAN_POINT('',(-1.470162015969,9.574439899595E-02));
#8592 = CARTESIAN_POINT('',(-1.482741304823,9.89264845107E-02));
#8593 = CARTESIAN_POINT('',(-1.495320593676,0.101685310654));
#8594 = CARTESIAN_POINT('',(-1.507899882529,0.104020441258));
#8595 = CARTESIAN_POINT('',(-1.520479171382,0.105931506717));
#8596 = CARTESIAN_POINT('',(-1.533058460235,0.107418204659));
#8597 = CARTESIAN_POINT('',(-1.545637749089,0.108480299826));
#8598 = CARTESIAN_POINT('',(-1.558217037942,0.109117624159));
#8599 = CARTESIAN_POINT('',(-1.570796326795,0.109330076809));
#8600 = CARTESIAN_POINT('',(-1.583375615648,0.109117624159));
#8601 = CARTESIAN_POINT('',(-1.595954904501,0.108480299826));
#8602 = CARTESIAN_POINT('',(-1.608534193354,0.107418204659));
#8603 = CARTESIAN_POINT('',(-1.621113482208,0.105931506717));
#8604 = CARTESIAN_POINT('',(-1.633692771061,0.104020441258));
#8605 = CARTESIAN_POINT('',(-1.646272059914,0.101685310654));
#8606 = CARTESIAN_POINT('',(-1.658851348767,9.89264845107E-02));
#8607 = CARTESIAN_POINT('',(-1.67143063762,9.574439899595E-02));
#8608 = CARTESIAN_POINT('',(-1.684009926474,9.213955904137E-02));
#8609 = CARTESIAN_POINT('',(-1.696589215327,8.811252980346E-02));
#8610 = CARTESIAN_POINT('',(-1.704975407896,8.514682202601E-02));
#8611 = CARTESIAN_POINT('',(-1.70916850418,8.359381784182E-02));
#8612 = ( GEOMETRIC_REPRESENTATION_CONTEXT(2) 
PARAMETRIC_REPRESENTATION_CONTEXT() REPRESENTATION_CONTEXT('2D SPACE',''
  ) );
#8613 = PCURVE('',#8614,#8619);
#8614 = PLANE('',#8615);
#8615 = AXIS2_PLACEMENT_3D('',#8616,#8617,#8618);
#8616 = CARTESIAN_POINT('',(0.5,-3.545,3.25));
#8617 = DIRECTION('',(3.599999999999E-16,-0.595227550626,0.803557193345)
  );
#8618 = DIRECTION('',(-2.599999999999E-16,-0.803557193345,
    -0.595227550626));
#8619 = DEFINITIONAL_REPRESENTATION('',(#8620),#8624);
#8620 = ELLIPSE('',#8621,4.511191026629,3.625);
#8621 = AXIS2_PLACEMENT_2D('',#8622,#8623);
#8622 = CARTESIAN_POINT('',(-4.411633707421,-0.5));
#8623 = DIRECTION('',(1.,3.199999999999E-16));
#8624 = ( GEOMETRIC_REPRESENTATION_CONTEXT(2) 
PARAMETRIC_REPRESENTATION_CONTEXT() REPRESENTATION_CONTEXT('2D SPACE',''
  ) );
#8625 = ORIENTED_EDGE('',*,*,#8626,.T.);
#8626 = EDGE_CURVE('',#8576,#8627,#8629,.T.);
#8627 = VERTEX_POINT('',#8628);
#8628 = CARTESIAN_POINT('',(0.5,-3.590351654086,2.));
#8629 = SURFACE_CURVE('',#8630,(#8634,#8641),.PCURVE_S1.);
#8630 = LINE('',#8631,#8632);
#8631 = CARTESIAN_POINT('',(0.5,-3.590351654086,3.3));
#8632 = VECTOR('',#8633,1.);
#8633 = DIRECTION('',(0.,-6.6E-16,-1.));
#8634 = PCURVE('',#8283,#8635);
#8635 = DEFINITIONAL_REPRESENTATION('',(#8636),#8640);
#8636 = LINE('',#8637,#8638);
#8637 = CARTESIAN_POINT('',(-1.70916850418,2.22044604925E-15));
#8638 = VECTOR('',#8639,1.);
#8639 = DIRECTION('',(0.,1.));
#8640 = ( GEOMETRIC_REPRESENTATION_CONTEXT(2) 
PARAMETRIC_REPRESENTATION_CONTEXT() REPRESENTATION_CONTEXT('2D SPACE',''
  ) );
#8641 = PCURVE('',#8642,#8647);
#8642 = PLANE('',#8643);
#8643 = AXIS2_PLACEMENT_3D('',#8644,#8645,#8646);
#8644 = CARTESIAN_POINT('',(0.5,-3.980247937457,2.491005952328));
#8645 = DIRECTION('',(1.,0.,-2.2E-16));
#8646 = DIRECTION('',(2.2E-16,2.2E-16,1.));
#8647 = DEFINITIONAL_REPRESENTATION('',(#8648),#8652);
#8648 = LINE('',#8649,#8650);
#8649 = CARTESIAN_POINT('',(0.808994047672,-0.389896283371));
#8650 = VECTOR('',#8651,1.);
#8651 = DIRECTION('',(-1.,4.4E-16));
#8652 = ( GEOMETRIC_REPRESENTATION_CONTEXT(2) 
PARAMETRIC_REPRESENTATION_CONTEXT() REPRESENTATION_CONTEXT('2D SPACE',''
  ) );
#8653 = ORIENTED_EDGE('',*,*,#8654,.T.);
#8654 = EDGE_CURVE('',#8627,#8655,#8657,.T.);
#8655 = VERTEX_POINT('',#8656);
#8656 = CARTESIAN_POINT('',(2.185208610855,-2.892315392042,2.));
#8657 = SURFACE_CURVE('',#8658,(#8663,#8670),.PCURVE_S1.);
#8658 = CIRCLE('',#8659,3.625);
#8659 = AXIS2_PLACEMENT_3D('',#8660,#8661,#8662);
#8660 = CARTESIAN_POINT('',(0.,1.33E-15,2.));
#8661 = DIRECTION('',(0.,6.6E-16,1.));
#8662 = DIRECTION('',(-1.,0.,0.));
#8663 = PCURVE('',#8283,#8664);
#8664 = DEFINITIONAL_REPRESENTATION('',(#8665),#8669);
#8665 = LINE('',#8666,#8667);
#8666 = CARTESIAN_POINT('',(0.,1.3));
#8667 = VECTOR('',#8668,1.);
#8668 = DIRECTION('',(-1.,0.));
#8669 = ( GEOMETRIC_REPRESENTATION_CONTEXT(2) 
PARAMETRIC_REPRESENTATION_CONTEXT() REPRESENTATION_CONTEXT('2D SPACE',''
  ) );
#8670 = PCURVE('',#8671,#8676);
#8671 = PLANE('',#8672);
#8672 = AXIS2_PLACEMENT_3D('',#8673,#8674,#8675);
#8673 = CARTESIAN_POINT('',(0.,1.33E-15,2.));
#8674 = DIRECTION('',(0.,6.6E-16,1.));
#8675 = DIRECTION('',(-1.,0.,0.));
#8676 = DEFINITIONAL_REPRESENTATION('',(#8677),#8681);
#8677 = CIRCLE('',#8678,3.625);
#8678 = AXIS2_PLACEMENT_2D('',#8679,#8680);
#8679 = CARTESIAN_POINT('',(0.,0.));
#8680 = DIRECTION('',(1.,0.));
#8681 = ( GEOMETRIC_REPRESENTATION_CONTEXT(2) 
PARAMETRIC_REPRESENTATION_CONTEXT() REPRESENTATION_CONTEXT('2D SPACE',''
  ) );
#8682 = ORIENTED_EDGE('',*,*,#8683,.F.);
#8683 = EDGE_CURVE('',#8684,#8655,#8686,.T.);
#8684 = VERTEX_POINT('',#8685);
#8685 = CARTESIAN_POINT('',(2.185208610855,-2.892315392042,
    3.216406182158));
#8686 = SURFACE_CURVE('',#8687,(#8691,#8698),.PCURVE_S1.);
#8687 = LINE('',#8688,#8689);
#8688 = CARTESIAN_POINT('',(2.185208610855,-2.892315392042,3.3));
#8689 = VECTOR('',#8690,1.);
#8690 = DIRECTION('',(0.,-6.6E-16,-1.));
#8691 = PCURVE('',#8283,#8692);
#8692 = DEFINITIONAL_REPRESENTATION('',(#8693),#8697);
#8693 = LINE('',#8694,#8695);
#8694 = CARTESIAN_POINT('',(-2.217822312807,1.7763568394E-15));
#8695 = VECTOR('',#8696,1.);
#8696 = DIRECTION('',(0.,1.));
#8697 = ( GEOMETRIC_REPRESENTATION_CONTEXT(2) 
PARAMETRIC_REPRESENTATION_CONTEXT() REPRESENTATION_CONTEXT('2D SPACE',''
  ) );
#8698 = PCURVE('',#8699,#8704);
#8699 = PLANE('',#8700);
#8700 = AXIS2_PLACEMENT_3D('',#8701,#8702,#8703);
#8701 = CARTESIAN_POINT('',(2.460906916787,-3.168013697973,
    2.491005952328));
#8702 = DIRECTION('',(0.707106781187,0.707106781187,-3.330669073873E-16)
  );
#8703 = DIRECTION('',(2.077582931867E-16,2.63269444418E-16,1.));
#8704 = DEFINITIONAL_REPRESENTATION('',(#8705),#8709);
#8705 = LINE('',#8706,#8707);
#8706 = CARTESIAN_POINT('',(0.808994047672,-0.389896283372));
#8707 = VECTOR('',#8708,1.);
#8708 = DIRECTION('',(-1.,4.27438164116E-16));
#8709 = ( GEOMETRIC_REPRESENTATION_CONTEXT(2) 
PARAMETRIC_REPRESENTATION_CONTEXT() REPRESENTATION_CONTEXT('2D SPACE',''
  ) );
#8710 = ORIENTED_EDGE('',*,*,#8711,.T.);
#8711 = EDGE_CURVE('',#8684,#8712,#8714,.T.);
#8712 = VERTEX_POINT('',#8713);
#8713 = CARTESIAN_POINT('',(2.892315392042,-2.185208610855,
    3.216406182158));
#8714 = SURFACE_CURVE('',#8715,(#8720,#8749),.PCURVE_S1.);
#8715 = ELLIPSE('',#8716,4.511191026629,3.625);
#8716 = AXIS2_PLACEMENT_3D('',#8717,#8718,#8719);
#8717 = CARTESIAN_POINT('',(0.,3.91E-15,5.875925925926));
#8718 = DIRECTION('',(0.420889437397,-0.420889437397,0.803557193345));
#8719 = DIRECTION('',(0.568200740485,-0.568200740485,-0.595227550626));
#8720 = PCURVE('',#8283,#8721);
#8721 = DEFINITIONAL_REPRESENTATION('',(#8722),#8748);
#8722 = B_SPLINE_CURVE_WITH_KNOTS('',3,(#8723,#8724,#8725,#8726,#8727,
    #8728,#8729,#8730,#8731,#8732,#8733,#8734,#8735,#8736,#8737,#8738,
    #8739,#8740,#8741,#8742,#8743,#8744,#8745,#8746,#8747),
  .UNSPECIFIED.,.F.,.F.,(4,1,1,1,1,1,1,1,1,1,1,1,1,1,1,1,1,1,1,1,1,1,4),
  (6.144813129794,6.157392418648,6.169971707501,6.182550996354,
    6.195130285207,6.20770957406,6.220288862914,6.232868151767,
    6.24544744062,6.258026729473,6.270606018326,6.28318530718,
    6.295764596033,6.308343884886,6.320923173739,6.333502462592,
    6.346081751446,6.358661040299,6.371240329152,6.383819618005,
    6.396398906858,6.408978195712,6.421557484565),
  .QUASI_UNIFORM_KNOTS.);
#8723 = CARTESIAN_POINT('',(-2.217822312807,8.3593817843E-02));
#8724 = CARTESIAN_POINT('',(-2.222015409092,8.514682202719E-02));
#8725 = CARTESIAN_POINT('',(-2.23040160166,8.811252980464E-02));
#8726 = CARTESIAN_POINT('',(-2.242980890514,9.213955904256E-02));
#8727 = CARTESIAN_POINT('',(-2.255560179367,9.574439899714E-02));
#8728 = CARTESIAN_POINT('',(-2.26813946822,9.89264845119E-02));
#8729 = CARTESIAN_POINT('',(-2.280718757073,0.101685310655));
#8730 = CARTESIAN_POINT('',(-2.293298045926,0.104020441259));
#8731 = CARTESIAN_POINT('',(-2.30587733478,0.105931506718));
#8732 = CARTESIAN_POINT('',(-2.318456623633,0.10741820466));
#8733 = CARTESIAN_POINT('',(-2.331035912486,0.108480299827));
#8734 = CARTESIAN_POINT('',(-2.343615201339,0.10911762416));
#8735 = CARTESIAN_POINT('',(-2.356194490192,0.109330076811));
#8736 = CARTESIAN_POINT('',(-2.368773779046,0.10911762416));
#8737 = CARTESIAN_POINT('',(-2.381353067899,0.108480299827));
#8738 = CARTESIAN_POINT('',(-2.393932356752,0.10741820466));
#8739 = CARTESIAN_POINT('',(-2.406511645605,0.105931506718));
#8740 = CARTESIAN_POINT('',(-2.419090934458,0.104020441259));
#8741 = CARTESIAN_POINT('',(-2.431670223312,0.101685310655));
#8742 = CARTESIAN_POINT('',(-2.444249512165,9.89264845119E-02));
#8743 = CARTESIAN_POINT('',(-2.456828801018,9.574439899714E-02));
#8744 = CARTESIAN_POINT('',(-2.469408089871,9.213955904256E-02));
#8745 = CARTESIAN_POINT('',(-2.481987378724,8.811252980464E-02));
#8746 = CARTESIAN_POINT('',(-2.490373571293,8.514682202719E-02));
#8747 = CARTESIAN_POINT('',(-2.494566667578,8.3593817843E-02));
#8748 = ( GEOMETRIC_REPRESENTATION_CONTEXT(2) 
PARAMETRIC_REPRESENTATION_CONTEXT() REPRESENTATION_CONTEXT('2D SPACE',''
  ) );
#8749 = PCURVE('',#8750,#8755);
#8750 = PLANE('',#8751);
#8751 = AXIS2_PLACEMENT_3D('',#8752,#8753,#8754);
#8752 = CARTESIAN_POINT('',(2.8602469299,-2.153140148713,3.25));
#8753 = DIRECTION('',(0.420889437397,-0.420889437397,0.803557193345));
#8754 = DIRECTION('',(0.568200740485,-0.568200740485,-0.595227550626));
#8755 = DEFINITIONAL_REPRESENTATION('',(#8756),#8760);
#8756 = ELLIPSE('',#8757,4.511191026629,3.625);
#8757 = AXIS2_PLACEMENT_2D('',#8758,#8759);
#8758 = CARTESIAN_POINT('',(-4.411633707421,-0.5));
#8759 = DIRECTION('',(1.,0.));
#8760 = ( GEOMETRIC_REPRESENTATION_CONTEXT(2) 
PARAMETRIC_REPRESENTATION_CONTEXT() REPRESENTATION_CONTEXT('2D SPACE',''
  ) );
#8761 = ORIENTED_EDGE('',*,*,#8762,.T.);
#8762 = EDGE_CURVE('',#8712,#8763,#8765,.T.);
#8763 = VERTEX_POINT('',#8764);
#8764 = CARTESIAN_POINT('',(2.892315392042,-2.185208610855,2.));
#8765 = SURFACE_CURVE('',#8766,(#8770,#8777),.PCURVE_S1.);
#8766 = LINE('',#8767,#8768);
#8767 = CARTESIAN_POINT('',(2.892315392042,-2.185208610855,3.3));
#8768 = VECTOR('',#8769,1.);
#8769 = DIRECTION('',(0.,-6.6E-16,-1.));
#8770 = PCURVE('',#8283,#8771);
#8771 = DEFINITIONAL_REPRESENTATION('',(#8772),#8776);
#8772 = LINE('',#8773,#8774);
#8773 = CARTESIAN_POINT('',(-2.494566667578,1.33226762955E-15));
#8774 = VECTOR('',#8775,1.);
#8775 = DIRECTION('',(0.,1.));
#8776 = ( GEOMETRIC_REPRESENTATION_CONTEXT(2) 
PARAMETRIC_REPRESENTATION_CONTEXT() REPRESENTATION_CONTEXT('2D SPACE',''
  ) );
#8777 = PCURVE('',#8778,#8783);
#8778 = PLANE('',#8779);
#8779 = AXIS2_PLACEMENT_3D('',#8780,#8781,#8782);
#8780 = CARTESIAN_POINT('',(3.168013697973,-2.460906916787,
    2.491005952328));
#8781 = DIRECTION('',(0.707106781187,0.707106781187,-3.330669073873E-16)
  );
#8782 = DIRECTION('',(2.077582931867E-16,2.63269444418E-16,1.));
#8783 = DEFINITIONAL_REPRESENTATION('',(#8784),#8788);
#8784 = LINE('',#8785,#8786);
#8785 = CARTESIAN_POINT('',(0.808994047672,-0.389896283372));
#8786 = VECTOR('',#8787,1.);
#8787 = DIRECTION('',(-1.,4.27438164116E-16));
#8788 = ( GEOMETRIC_REPRESENTATION_CONTEXT(2) 
PARAMETRIC_REPRESENTATION_CONTEXT() REPRESENTATION_CONTEXT('2D SPACE',''
  ) );
#8789 = ORIENTED_EDGE('',*,*,#8790,.T.);
#8790 = EDGE_CURVE('',#8763,#8791,#8793,.T.);
#8791 = VERTEX_POINT('',#8792);
#8792 = CARTESIAN_POINT('',(3.590351654086,-0.5,2.));
#8793 = SURFACE_CURVE('',#8794,(#8799,#8806),.PCURVE_S1.);
#8794 = CIRCLE('',#8795,3.625);
#8795 = AXIS2_PLACEMENT_3D('',#8796,#8797,#8798);
#8796 = CARTESIAN_POINT('',(0.,1.33E-15,2.));
#8797 = DIRECTION('',(0.,6.6E-16,1.));
#8798 = DIRECTION('',(-1.,0.,0.));
#8799 = PCURVE('',#8283,#8800);
#8800 = DEFINITIONAL_REPRESENTATION('',(#8801),#8805);
#8801 = LINE('',#8802,#8803);
#8802 = CARTESIAN_POINT('',(0.,1.3));
#8803 = VECTOR('',#8804,1.);
#8804 = DIRECTION('',(-1.,0.));
#8805 = ( GEOMETRIC_REPRESENTATION_CONTEXT(2) 
PARAMETRIC_REPRESENTATION_CONTEXT() REPRESENTATION_CONTEXT('2D SPACE',''
  ) );
#8806 = PCURVE('',#8807,#8812);
#8807 = PLANE('',#8808);
#8808 = AXIS2_PLACEMENT_3D('',#8809,#8810,#8811);
#8809 = CARTESIAN_POINT('',(0.,1.33E-15,2.));
#8810 = DIRECTION('',(0.,6.6E-16,1.));
#8811 = DIRECTION('',(-1.,0.,0.));
#8812 = DEFINITIONAL_REPRESENTATION('',(#8813),#8817);
#8813 = CIRCLE('',#8814,3.625);
#8814 = AXIS2_PLACEMENT_2D('',#8815,#8816);
#8815 = CARTESIAN_POINT('',(0.,0.));
#8816 = DIRECTION('',(1.,0.));
#8817 = ( GEOMETRIC_REPRESENTATION_CONTEXT(2) 
PARAMETRIC_REPRESENTATION_CONTEXT() REPRESENTATION_CONTEXT('2D SPACE',''
  ) );
#8818 = ORIENTED_EDGE('',*,*,#8819,.F.);
#8819 = EDGE_CURVE('',#8820,#8791,#8822,.T.);
#8820 = VERTEX_POINT('',#8821);
#8821 = CARTESIAN_POINT('',(3.590351654086,-0.5,3.216406182158));
#8822 = SURFACE_CURVE('',#8823,(#8827,#8834),.PCURVE_S1.);
#8823 = LINE('',#8824,#8825);
#8824 = CARTESIAN_POINT('',(3.590351654086,-0.5,3.3));
#8825 = VECTOR('',#8826,1.);
#8826 = DIRECTION('',(0.,-6.6E-16,-1.));
#8827 = PCURVE('',#8283,#8828);
#8828 = DEFINITIONAL_REPRESENTATION('',(#8829),#8833);
#8829 = LINE('',#8830,#8831);
#8830 = CARTESIAN_POINT('',(-3.003220476205,4.440892098501E-16));
#8831 = VECTOR('',#8832,1.);
#8832 = DIRECTION('',(0.,1.));
#8833 = ( GEOMETRIC_REPRESENTATION_CONTEXT(2) 
PARAMETRIC_REPRESENTATION_CONTEXT() REPRESENTATION_CONTEXT('2D SPACE',''
  ) );
#8834 = PCURVE('',#8835,#8840);
#8835 = PLANE('',#8836);
#8836 = AXIS2_PLACEMENT_3D('',#8837,#8838,#8839);
#8837 = CARTESIAN_POINT('',(3.980247937457,-0.5,2.491005952328));
#8838 = DIRECTION('',(0.,1.,-4.4E-16));
#8839 = DIRECTION('',(0.,4.4E-16,1.));
#8840 = DEFINITIONAL_REPRESENTATION('',(#8841),#8845);
#8841 = LINE('',#8842,#8843);
#8842 = CARTESIAN_POINT('',(0.808994047672,-0.389896283371));
#8843 = VECTOR('',#8844,1.);
#8844 = DIRECTION('',(-1.,0.));
#8845 = ( GEOMETRIC_REPRESENTATION_CONTEXT(2) 
PARAMETRIC_REPRESENTATION_CONTEXT() REPRESENTATION_CONTEXT('2D SPACE',''
  ) );
#8846 = ORIENTED_EDGE('',*,*,#8847,.T.);
#8847 = EDGE_CURVE('',#8820,#8848,#8850,.T.);
#8848 = VERTEX_POINT('',#8849);
#8849 = CARTESIAN_POINT('',(3.625,1.683954424198E-15,3.190740740741));
#8850 = SURFACE_CURVE('',#8851,(#8856,#8862),.PCURVE_S1.);
#8851 = ELLIPSE('',#8852,4.511191026629,3.625);
#8852 = AXIS2_PLACEMENT_3D('',#8853,#8854,#8855);
#8853 = CARTESIAN_POINT('',(0.,3.91E-15,5.875925925926));
#8854 = DIRECTION('',(0.595227550626,5.399999999998E-16,0.803557193345)
  );
#8855 = DIRECTION('',(0.803557193345,-3.899999999999E-16,-0.595227550626
    ));
#8856 = PCURVE('',#8283,#8857);
#8857 = DEFINITIONAL_REPRESENTATION('',(#8858),#8861);
#8858 = B_SPLINE_CURVE_WITH_KNOTS('',1,(#8859,#8860),.UNSPECIFIED.,.F.,
  .F.,(2,2),(6.144813129794,6.28318530718),.PIECEWISE_BEZIER_KNOTS.);
#8859 = CARTESIAN_POINT('',(-3.003220476205,8.359381784182E-02));
#8860 = CARTESIAN_POINT('',(-3.14159265359,0.109259259259));
#8861 = ( GEOMETRIC_REPRESENTATION_CONTEXT(2) 
PARAMETRIC_REPRESENTATION_CONTEXT() REPRESENTATION_CONTEXT('2D SPACE',''
  ) );
#8862 = PCURVE('',#8863,#8868);
#8863 = PLANE('',#8864);
#8864 = AXIS2_PLACEMENT_3D('',#8865,#8866,#8867);
#8865 = CARTESIAN_POINT('',(3.545,0.5,3.25));
#8866 = DIRECTION('',(0.595227550626,5.399999999998E-16,0.803557193345)
  );
#8867 = DIRECTION('',(0.803557193345,-3.899999999999E-16,-0.595227550626
    ));
#8868 = DEFINITIONAL_REPRESENTATION('',(#8869),#8873);
#8869 = ELLIPSE('',#8870,4.511191026629,3.625);
#8870 = AXIS2_PLACEMENT_2D('',#8871,#8872);
#8871 = CARTESIAN_POINT('',(-4.411633707421,-0.5));
#8872 = DIRECTION('',(1.,0.));
#8873 = ( GEOMETRIC_REPRESENTATION_CONTEXT(2) 
PARAMETRIC_REPRESENTATION_CONTEXT() REPRESENTATION_CONTEXT('2D SPACE',''
  ) );
#8874 = ORIENTED_EDGE('',*,*,#8875,.T.);
#8875 = EDGE_CURVE('',#8848,#8267,#8876,.T.);
#8876 = SEAM_CURVE('',#8877,(#8881,#8888),.PCURVE_S1.);
#8877 = LINE('',#8878,#8879);
#8878 = CARTESIAN_POINT('',(3.625,1.756065535309E-15,3.3));
#8879 = VECTOR('',#8880,1.);
#8880 = DIRECTION('',(0.,6.6E-16,1.));
#8881 = PCURVE('',#8283,#8882);
#8882 = DEFINITIONAL_REPRESENTATION('',(#8883),#8887);
#8883 = LINE('',#8884,#8885);
#8884 = CARTESIAN_POINT('',(-3.14159265359,0.));
#8885 = VECTOR('',#8886,1.);
#8886 = DIRECTION('',(0.,-1.));
#8887 = ( GEOMETRIC_REPRESENTATION_CONTEXT(2) 
PARAMETRIC_REPRESENTATION_CONTEXT() REPRESENTATION_CONTEXT('2D SPACE',''
  ) );
#8888 = PCURVE('',#8283,#8889);
#8889 = DEFINITIONAL_REPRESENTATION('',(#8890),#8894);
#8890 = LINE('',#8891,#8892);
#8891 = CARTESIAN_POINT('',(3.14159265359,0.));
#8892 = VECTOR('',#8893,1.);
#8893 = DIRECTION('',(0.,-1.));
#8894 = ( GEOMETRIC_REPRESENTATION_CONTEXT(2) 
PARAMETRIC_REPRESENTATION_CONTEXT() REPRESENTATION_CONTEXT('2D SPACE',''
  ) );
#8895 = ORIENTED_EDGE('',*,*,#8266,.F.);
#8896 = ORIENTED_EDGE('',*,*,#8875,.F.);
#8897 = ORIENTED_EDGE('',*,*,#8898,.T.);
#8898 = EDGE_CURVE('',#8848,#8899,#8901,.T.);
#8899 = VERTEX_POINT('',#8900);
#8900 = CARTESIAN_POINT('',(3.590351654086,0.5,3.216406182158));
#8901 = SURFACE_CURVE('',#8902,(#8907,#8913),.PCURVE_S1.);
#8902 = ELLIPSE('',#8903,4.511191026629,3.625);
#8903 = AXIS2_PLACEMENT_3D('',#8904,#8905,#8906);
#8904 = CARTESIAN_POINT('',(0.,3.91E-15,5.875925925926));
#8905 = DIRECTION('',(0.595227550626,5.399999999998E-16,0.803557193345)
  );
#8906 = DIRECTION('',(0.803557193345,-3.899999999999E-16,-0.595227550626
    ));
#8907 = PCURVE('',#8283,#8908);
#8908 = DEFINITIONAL_REPRESENTATION('',(#8909),#8912);
#8909 = B_SPLINE_CURVE_WITH_KNOTS('',1,(#8910,#8911),.UNSPECIFIED.,.F.,
  .F.,(2,2),(0.,0.138372177385),.PIECEWISE_BEZIER_KNOTS.);
#8910 = CARTESIAN_POINT('',(3.14159265359,0.109259259259));
#8911 = CARTESIAN_POINT('',(3.003220476205,8.359381784182E-02));
#8912 = ( GEOMETRIC_REPRESENTATION_CONTEXT(2) 
PARAMETRIC_REPRESENTATION_CONTEXT() REPRESENTATION_CONTEXT('2D SPACE',''
  ) );
#8913 = PCURVE('',#8863,#8914);
#8914 = DEFINITIONAL_REPRESENTATION('',(#8915),#8919);
#8915 = ELLIPSE('',#8916,4.511191026629,3.625);
#8916 = AXIS2_PLACEMENT_2D('',#8917,#8918);
#8917 = CARTESIAN_POINT('',(-4.411633707421,-0.5));
#8918 = DIRECTION('',(1.,0.));
#8919 = ( GEOMETRIC_REPRESENTATION_CONTEXT(2) 
PARAMETRIC_REPRESENTATION_CONTEXT() REPRESENTATION_CONTEXT('2D SPACE',''
  ) );
#8920 = ORIENTED_EDGE('',*,*,#8921,.T.);
#8921 = EDGE_CURVE('',#8899,#8922,#8924,.T.);
#8922 = VERTEX_POINT('',#8923);
#8923 = CARTESIAN_POINT('',(3.590351654086,0.5,2.));
#8924 = SURFACE_CURVE('',#8925,(#8929,#8936),.PCURVE_S1.);
#8925 = LINE('',#8926,#8927);
#8926 = CARTESIAN_POINT('',(3.590351654086,0.5,3.3));
#8927 = VECTOR('',#8928,1.);
#8928 = DIRECTION('',(0.,-6.6E-16,-1.));
#8929 = PCURVE('',#8283,#8930);
#8930 = DEFINITIONAL_REPRESENTATION('',(#8931),#8935);
#8931 = LINE('',#8932,#8933);
#8932 = CARTESIAN_POINT('',(3.003220476205,-4.440892098501E-16));
#8933 = VECTOR('',#8934,1.);
#8934 = DIRECTION('',(0.,1.));
#8935 = ( GEOMETRIC_REPRESENTATION_CONTEXT(2) 
PARAMETRIC_REPRESENTATION_CONTEXT() REPRESENTATION_CONTEXT('2D SPACE',''
  ) );
#8936 = PCURVE('',#8937,#8942);
#8937 = PLANE('',#8938);
#8938 = AXIS2_PLACEMENT_3D('',#8939,#8940,#8941);
#8939 = CARTESIAN_POINT('',(3.980247937457,0.5,2.491005952328));
#8940 = DIRECTION('',(0.,1.,-4.4E-16));
#8941 = DIRECTION('',(0.,4.4E-16,1.));
#8942 = DEFINITIONAL_REPRESENTATION('',(#8943),#8947);
#8943 = LINE('',#8944,#8945);
#8944 = CARTESIAN_POINT('',(0.808994047672,-0.389896283371));
#8945 = VECTOR('',#8946,1.);
#8946 = DIRECTION('',(-1.,0.));
#8947 = ( GEOMETRIC_REPRESENTATION_CONTEXT(2) 
PARAMETRIC_REPRESENTATION_CONTEXT() REPRESENTATION_CONTEXT('2D SPACE',''
  ) );
#8948 = ORIENTED_EDGE('',*,*,#8949,.T.);
#8949 = EDGE_CURVE('',#8922,#8950,#8952,.T.);
#8950 = VERTEX_POINT('',#8951);
#8951 = CARTESIAN_POINT('',(2.892315392042,2.185208610855,2.));
#8952 = SURFACE_CURVE('',#8953,(#8958,#8965),.PCURVE_S1.);
#8953 = CIRCLE('',#8954,3.625);
#8954 = AXIS2_PLACEMENT_3D('',#8955,#8956,#8957);
#8955 = CARTESIAN_POINT('',(0.,1.33E-15,2.));
#8956 = DIRECTION('',(0.,6.6E-16,1.));
#8957 = DIRECTION('',(-1.,0.,0.));
#8958 = PCURVE('',#8283,#8959);
#8959 = DEFINITIONAL_REPRESENTATION('',(#8960),#8964);
#8960 = LINE('',#8961,#8962);
#8961 = CARTESIAN_POINT('',(6.28318530718,1.3));
#8962 = VECTOR('',#8963,1.);
#8963 = DIRECTION('',(-1.,0.));
#8964 = ( GEOMETRIC_REPRESENTATION_CONTEXT(2) 
PARAMETRIC_REPRESENTATION_CONTEXT() REPRESENTATION_CONTEXT('2D SPACE',''
  ) );
#8965 = PCURVE('',#8966,#8971);
#8966 = PLANE('',#8967);
#8967 = AXIS2_PLACEMENT_3D('',#8968,#8969,#8970);
#8968 = CARTESIAN_POINT('',(0.,1.33E-15,2.));
#8969 = DIRECTION('',(0.,6.6E-16,1.));
#8970 = DIRECTION('',(-1.,0.,0.));
#8971 = DEFINITIONAL_REPRESENTATION('',(#8972),#8976);
#8972 = CIRCLE('',#8973,3.625);
#8973 = AXIS2_PLACEMENT_2D('',#8974,#8975);
#8974 = CARTESIAN_POINT('',(0.,0.));
#8975 = DIRECTION('',(1.,0.));
#8976 = ( GEOMETRIC_REPRESENTATION_CONTEXT(2) 
PARAMETRIC_REPRESENTATION_CONTEXT() REPRESENTATION_CONTEXT('2D SPACE',''
  ) );
#8977 = ORIENTED_EDGE('',*,*,#8978,.F.);
#8978 = EDGE_CURVE('',#8979,#8950,#8981,.T.);
#8979 = VERTEX_POINT('',#8980);
#8980 = CARTESIAN_POINT('',(2.892315392042,2.185208610855,3.216406182158
    ));
#8981 = SURFACE_CURVE('',#8982,(#8986,#8993),.PCURVE_S1.);
#8982 = LINE('',#8983,#8984);
#8983 = CARTESIAN_POINT('',(2.892315392042,2.185208610855,3.3));
#8984 = VECTOR('',#8985,1.);
#8985 = DIRECTION('',(0.,-6.6E-16,-1.));
#8986 = PCURVE('',#8283,#8987);
#8987 = DEFINITIONAL_REPRESENTATION('',(#8988),#8992);
#8988 = LINE('',#8989,#8990);
#8989 = CARTESIAN_POINT('',(2.494566667578,-1.33226762955E-15));
#8990 = VECTOR('',#8991,1.);
#8991 = DIRECTION('',(0.,1.));
#8992 = ( GEOMETRIC_REPRESENTATION_CONTEXT(2) 
PARAMETRIC_REPRESENTATION_CONTEXT() REPRESENTATION_CONTEXT('2D SPACE',''
  ) );
#8993 = PCURVE('',#8994,#8999);
#8994 = PLANE('',#8995);
#8995 = AXIS2_PLACEMENT_3D('',#8996,#8997,#8998);
#8996 = CARTESIAN_POINT('',(3.168013697973,2.460906916787,2.491005952328
    ));
#8997 = DIRECTION('',(-0.707106781187,0.707106781187,-3.885780586186E-16
    ));
#8998 = DIRECTION('',(-6.659936315228E-17,4.829329973867E-16,1.));
#8999 = DEFINITIONAL_REPRESENTATION('',(#9000),#9004);
#9000 = LINE('',#9001,#9002);
#9001 = CARTESIAN_POINT('',(0.808994047672,-0.389896283372));
#9002 = VECTOR('',#9003,1.);
#9003 = DIRECTION('',(-1.,-1.722981395799E-16));
#9004 = ( GEOMETRIC_REPRESENTATION_CONTEXT(2) 
PARAMETRIC_REPRESENTATION_CONTEXT() REPRESENTATION_CONTEXT('2D SPACE',''
  ) );
#9005 = ORIENTED_EDGE('',*,*,#9006,.T.);
#9006 = EDGE_CURVE('',#8979,#9007,#9009,.T.);
#9007 = VERTEX_POINT('',#9008);
#9008 = CARTESIAN_POINT('',(2.185208610855,2.892315392042,3.216406182158
    ));
#9009 = SURFACE_CURVE('',#9010,(#9015,#9044),.PCURVE_S1.);
#9010 = ELLIPSE('',#9011,4.511191026629,3.625);
#9011 = AXIS2_PLACEMENT_3D('',#9012,#9013,#9014);
#9012 = CARTESIAN_POINT('',(0.,3.91E-15,5.875925925926));
#9013 = DIRECTION('',(0.420889437397,0.420889437397,0.803557193345));
#9014 = DIRECTION('',(0.568200740485,0.568200740485,-0.595227550626));
#9015 = PCURVE('',#8283,#9016);
#9016 = DEFINITIONAL_REPRESENTATION('',(#9017),#9043);
#9017 = B_SPLINE_CURVE_WITH_KNOTS('',3,(#9018,#9019,#9020,#9021,#9022,
    #9023,#9024,#9025,#9026,#9027,#9028,#9029,#9030,#9031,#9032,#9033,
    #9034,#9035,#9036,#9037,#9038,#9039,#9040,#9041,#9042),
  .UNSPECIFIED.,.F.,.F.,(4,1,1,1,1,1,1,1,1,1,1,1,1,1,1,1,1,1,1,1,1,1,4),
  (6.144813129794,6.157392418648,6.169971707501,6.182550996354,
    6.195130285207,6.20770957406,6.220288862914,6.232868151767,
    6.24544744062,6.258026729473,6.270606018326,6.28318530718,
    6.295764596033,6.308343884886,6.320923173739,6.333502462592,
    6.346081751446,6.358661040299,6.371240329152,6.383819618005,
    6.396398906858,6.408978195712,6.421557484565),
  .QUASI_UNIFORM_KNOTS.);
#9018 = CARTESIAN_POINT('',(2.494566667578,8.359381784299E-02));
#9019 = CARTESIAN_POINT('',(2.490373571293,8.514682202718E-02));
#9020 = CARTESIAN_POINT('',(2.481987378724,8.811252980464E-02));
#9021 = CARTESIAN_POINT('',(2.469408089871,9.213955904255E-02));
#9022 = CARTESIAN_POINT('',(2.456828801018,9.574439899714E-02));
#9023 = CARTESIAN_POINT('',(2.444249512165,9.89264845119E-02));
#9024 = CARTESIAN_POINT('',(2.431670223312,0.101685310655));
#9025 = CARTESIAN_POINT('',(2.419090934458,0.104020441259));
#9026 = CARTESIAN_POINT('',(2.406511645605,0.105931506718));
#9027 = CARTESIAN_POINT('',(2.393932356752,0.10741820466));
#9028 = CARTESIAN_POINT('',(2.381353067899,0.108480299827));
#9029 = CARTESIAN_POINT('',(2.368773779046,0.10911762416));
#9030 = CARTESIAN_POINT('',(2.356194490192,0.109330076811));
#9031 = CARTESIAN_POINT('',(2.343615201339,0.10911762416));
#9032 = CARTESIAN_POINT('',(2.331035912486,0.108480299827));
#9033 = CARTESIAN_POINT('',(2.318456623633,0.10741820466));
#9034 = CARTESIAN_POINT('',(2.30587733478,0.105931506718));
#9035 = CARTESIAN_POINT('',(2.293298045926,0.104020441259));
#9036 = CARTESIAN_POINT('',(2.280718757073,0.101685310655));
#9037 = CARTESIAN_POINT('',(2.26813946822,9.89264845119E-02));
#9038 = CARTESIAN_POINT('',(2.255560179367,9.574439899714E-02));
#9039 = CARTESIAN_POINT('',(2.242980890514,9.213955904255E-02));
#9040 = CARTESIAN_POINT('',(2.23040160166,8.811252980464E-02));
#9041 = CARTESIAN_POINT('',(2.222015409092,8.514682202718E-02));
#9042 = CARTESIAN_POINT('',(2.217822312807,8.359381784299E-02));
#9043 = ( GEOMETRIC_REPRESENTATION_CONTEXT(2) 
PARAMETRIC_REPRESENTATION_CONTEXT() REPRESENTATION_CONTEXT('2D SPACE',''
  ) );
#9044 = PCURVE('',#9045,#9050);
#9045 = PLANE('',#9046);
#9046 = AXIS2_PLACEMENT_3D('',#9047,#9048,#9049);
#9047 = CARTESIAN_POINT('',(2.153140148713,2.8602469299,3.25));
#9048 = DIRECTION('',(0.420889437397,0.420889437397,0.803557193345));
#9049 = DIRECTION('',(0.568200740485,0.568200740485,-0.595227550626));
#9050 = DEFINITIONAL_REPRESENTATION('',(#9051),#9055);
#9051 = ELLIPSE('',#9052,4.511191026629,3.625);
#9052 = AXIS2_PLACEMENT_2D('',#9053,#9054);
#9053 = CARTESIAN_POINT('',(-4.411633707421,-0.5));
#9054 = DIRECTION('',(1.,0.));
#9055 = ( GEOMETRIC_REPRESENTATION_CONTEXT(2) 
PARAMETRIC_REPRESENTATION_CONTEXT() REPRESENTATION_CONTEXT('2D SPACE',''
  ) );
#9056 = ORIENTED_EDGE('',*,*,#9057,.T.);
#9057 = EDGE_CURVE('',#9007,#9058,#9060,.T.);
#9058 = VERTEX_POINT('',#9059);
#9059 = CARTESIAN_POINT('',(2.185208610855,2.892315392042,2.));
#9060 = SURFACE_CURVE('',#9061,(#9065,#9072),.PCURVE_S1.);
#9061 = LINE('',#9062,#9063);
#9062 = CARTESIAN_POINT('',(2.185208610855,2.892315392042,3.3));
#9063 = VECTOR('',#9064,1.);
#9064 = DIRECTION('',(0.,-6.6E-16,-1.));
#9065 = PCURVE('',#8283,#9066);
#9066 = DEFINITIONAL_REPRESENTATION('',(#9067),#9071);
#9067 = LINE('',#9068,#9069);
#9068 = CARTESIAN_POINT('',(2.217822312807,-1.7763568394E-15));
#9069 = VECTOR('',#9070,1.);
#9070 = DIRECTION('',(0.,1.));
#9071 = ( GEOMETRIC_REPRESENTATION_CONTEXT(2) 
PARAMETRIC_REPRESENTATION_CONTEXT() REPRESENTATION_CONTEXT('2D SPACE',''
  ) );
#9072 = PCURVE('',#9073,#9078);
#9073 = PLANE('',#9074);
#9074 = AXIS2_PLACEMENT_3D('',#9075,#9076,#9077);
#9075 = CARTESIAN_POINT('',(2.460906916787,3.168013697973,2.491005952328
    ));
#9076 = DIRECTION('',(-0.707106781187,0.707106781187,-3.885780586186E-16
    ));
#9077 = DIRECTION('',(-6.659936315228E-17,4.829329973867E-16,1.));
#9078 = DEFINITIONAL_REPRESENTATION('',(#9079),#9083);
#9079 = LINE('',#9080,#9081);
#9080 = CARTESIAN_POINT('',(0.808994047672,-0.389896283372));
#9081 = VECTOR('',#9082,1.);
#9082 = DIRECTION('',(-1.,-1.722981395799E-16));
#9083 = ( GEOMETRIC_REPRESENTATION_CONTEXT(2) 
PARAMETRIC_REPRESENTATION_CONTEXT() REPRESENTATION_CONTEXT('2D SPACE',''
  ) );
#9084 = ORIENTED_EDGE('',*,*,#9085,.T.);
#9085 = EDGE_CURVE('',#9058,#9086,#9088,.T.);
#9086 = VERTEX_POINT('',#9087);
#9087 = CARTESIAN_POINT('',(0.5,3.590351654086,2.));
#9088 = SURFACE_CURVE('',#9089,(#9094,#9101),.PCURVE_S1.);
#9089 = CIRCLE('',#9090,3.625);
#9090 = AXIS2_PLACEMENT_3D('',#9091,#9092,#9093);
#9091 = CARTESIAN_POINT('',(0.,1.33E-15,2.));
#9092 = DIRECTION('',(0.,6.6E-16,1.));
#9093 = DIRECTION('',(-1.,0.,0.));
#9094 = PCURVE('',#8283,#9095);
#9095 = DEFINITIONAL_REPRESENTATION('',(#9096),#9100);
#9096 = LINE('',#9097,#9098);
#9097 = CARTESIAN_POINT('',(6.28318530718,1.3));
#9098 = VECTOR('',#9099,1.);
#9099 = DIRECTION('',(-1.,0.));
#9100 = ( GEOMETRIC_REPRESENTATION_CONTEXT(2) 
PARAMETRIC_REPRESENTATION_CONTEXT() REPRESENTATION_CONTEXT('2D SPACE',''
  ) );
#9101 = PCURVE('',#9102,#9107);
#9102 = PLANE('',#9103);
#9103 = AXIS2_PLACEMENT_3D('',#9104,#9105,#9106);
#9104 = CARTESIAN_POINT('',(0.,1.33E-15,2.));
#9105 = DIRECTION('',(0.,6.6E-16,1.));
#9106 = DIRECTION('',(-1.,0.,0.));
#9107 = DEFINITIONAL_REPRESENTATION('',(#9108),#9112);
#9108 = CIRCLE('',#9109,3.625);
#9109 = AXIS2_PLACEMENT_2D('',#9110,#9111);
#9110 = CARTESIAN_POINT('',(0.,0.));
#9111 = DIRECTION('',(1.,0.));
#9112 = ( GEOMETRIC_REPRESENTATION_CONTEXT(2) 
PARAMETRIC_REPRESENTATION_CONTEXT() REPRESENTATION_CONTEXT('2D SPACE',''
  ) );
#9113 = ORIENTED_EDGE('',*,*,#9114,.F.);
#9114 = EDGE_CURVE('',#9115,#9086,#9117,.T.);
#9115 = VERTEX_POINT('',#9116);
#9116 = CARTESIAN_POINT('',(0.5,3.590351654086,3.216406182158));
#9117 = SURFACE_CURVE('',#9118,(#9122,#9129),.PCURVE_S1.);
#9118 = LINE('',#9119,#9120);
#9119 = CARTESIAN_POINT('',(0.5,3.590351654086,3.3));
#9120 = VECTOR('',#9121,1.);
#9121 = DIRECTION('',(0.,-6.6E-16,-1.));
#9122 = PCURVE('',#8283,#9123);
#9123 = DEFINITIONAL_REPRESENTATION('',(#9124),#9128);
#9124 = LINE('',#9125,#9126);
#9125 = CARTESIAN_POINT('',(1.70916850418,-2.22044604925E-15));
#9126 = VECTOR('',#9127,1.);
#9127 = DIRECTION('',(0.,1.));
#9128 = ( GEOMETRIC_REPRESENTATION_CONTEXT(2) 
PARAMETRIC_REPRESENTATION_CONTEXT() REPRESENTATION_CONTEXT('2D SPACE',''
  ) );
#9129 = PCURVE('',#9130,#9135);
#9130 = PLANE('',#9131);
#9131 = AXIS2_PLACEMENT_3D('',#9132,#9133,#9134);
#9132 = CARTESIAN_POINT('',(0.5,3.980247937457,2.491005952328));
#9133 = DIRECTION('',(-1.,0.,-2.2E-16));
#9134 = DIRECTION('',(-2.2E-16,2.2E-16,1.));
#9135 = DEFINITIONAL_REPRESENTATION('',(#9136),#9140);
#9136 = LINE('',#9137,#9138);
#9137 = CARTESIAN_POINT('',(0.808994047672,-0.389896283371));
#9138 = VECTOR('',#9139,1.);
#9139 = DIRECTION('',(-1.,-4.4E-16));
#9140 = ( GEOMETRIC_REPRESENTATION_CONTEXT(2) 
PARAMETRIC_REPRESENTATION_CONTEXT() REPRESENTATION_CONTEXT('2D SPACE',''
  ) );
#9141 = ORIENTED_EDGE('',*,*,#9142,.T.);
#9142 = EDGE_CURVE('',#9115,#9143,#9145,.T.);
#9143 = VERTEX_POINT('',#9144);
#9144 = CARTESIAN_POINT('',(-0.5,3.590351654086,3.216406182158));
#9145 = SURFACE_CURVE('',#9146,(#9151,#9180),.PCURVE_S1.);
#9146 = ELLIPSE('',#9147,4.511191026629,3.625);
#9147 = AXIS2_PLACEMENT_3D('',#9148,#9149,#9150);
#9148 = CARTESIAN_POINT('',(0.,3.91E-15,5.875925925926));
#9149 = DIRECTION('',(6.999999999997E-17,0.595227550626,0.803557193345)
  );
#9150 = DIRECTION('',(8.999999999997E-17,0.803557193345,-0.595227550626)
  );
#9151 = PCURVE('',#8283,#9152);
#9152 = DEFINITIONAL_REPRESENTATION('',(#9153),#9179);
#9153 = B_SPLINE_CURVE_WITH_KNOTS('',3,(#9154,#9155,#9156,#9157,#9158,
    #9159,#9160,#9161,#9162,#9163,#9164,#9165,#9166,#9167,#9168,#9169,
    #9170,#9171,#9172,#9173,#9174,#9175,#9176,#9177,#9178),
  .UNSPECIFIED.,.F.,.F.,(4,1,1,1,1,1,1,1,1,1,1,1,1,1,1,1,1,1,1,1,1,1,4),
  (6.144813129794,6.157392418648,6.169971707501,6.182550996354,
    6.195130285207,6.20770957406,6.220288862914,6.232868151767,
    6.24544744062,6.258026729473,6.270606018326,6.28318530718,
    6.295764596033,6.308343884886,6.320923173739,6.333502462592,
    6.346081751446,6.358661040299,6.371240329152,6.383819618005,
    6.396398906858,6.408978195712,6.421557484565),
  .QUASI_UNIFORM_KNOTS.);
#9154 = CARTESIAN_POINT('',(1.70916850418,8.359381784182E-02));
#9155 = CARTESIAN_POINT('',(1.704975407896,8.5146822026E-02));
#9156 = CARTESIAN_POINT('',(1.696589215327,8.811252980345E-02));
#9157 = CARTESIAN_POINT('',(1.684009926474,9.213955904136E-02));
#9158 = CARTESIAN_POINT('',(1.67143063762,9.574439899594E-02));
#9159 = CARTESIAN_POINT('',(1.658851348767,9.89264845107E-02));
#9160 = CARTESIAN_POINT('',(1.646272059914,0.101685310654));
#9161 = CARTESIAN_POINT('',(1.633692771061,0.104020441258));
#9162 = CARTESIAN_POINT('',(1.621113482208,0.105931506717));
#9163 = CARTESIAN_POINT('',(1.608534193354,0.107418204659));
#9164 = CARTESIAN_POINT('',(1.595954904501,0.108480299826));
#9165 = CARTESIAN_POINT('',(1.583375615648,0.109117624159));
#9166 = CARTESIAN_POINT('',(1.570796326795,0.109330076809));
#9167 = CARTESIAN_POINT('',(1.558217037942,0.109117624159));
#9168 = CARTESIAN_POINT('',(1.545637749089,0.108480299826));
#9169 = CARTESIAN_POINT('',(1.533058460235,0.107418204659));
#9170 = CARTESIAN_POINT('',(1.520479171382,0.105931506717));
#9171 = CARTESIAN_POINT('',(1.507899882529,0.104020441258));
#9172 = CARTESIAN_POINT('',(1.495320593676,0.101685310654));
#9173 = CARTESIAN_POINT('',(1.482741304823,9.89264845107E-02));
#9174 = CARTESIAN_POINT('',(1.470162015969,9.574439899594E-02));
#9175 = CARTESIAN_POINT('',(1.457582727116,9.213955904136E-02));
#9176 = CARTESIAN_POINT('',(1.445003438263,8.811252980345E-02));
#9177 = CARTESIAN_POINT('',(1.436617245694,8.514682202601E-02));
#9178 = CARTESIAN_POINT('',(1.43242414941,8.359381784182E-02));
#9179 = ( GEOMETRIC_REPRESENTATION_CONTEXT(2) 
PARAMETRIC_REPRESENTATION_CONTEXT() REPRESENTATION_CONTEXT('2D SPACE',''
  ) );
#9180 = PCURVE('',#9181,#9186);
#9181 = PLANE('',#9182);
#9182 = AXIS2_PLACEMENT_3D('',#9183,#9184,#9185);
#9183 = CARTESIAN_POINT('',(-0.5,3.545,3.25));
#9184 = DIRECTION('',(-3.599999999999E-16,0.595227550626,0.803557193345)
  );
#9185 = DIRECTION('',(2.599999999999E-16,0.803557193345,-0.595227550626)
  );
#9186 = DEFINITIONAL_REPRESENTATION('',(#9187),#9191);
#9187 = ELLIPSE('',#9188,4.511191026629,3.625);
#9188 = AXIS2_PLACEMENT_2D('',#9189,#9190);
#9189 = CARTESIAN_POINT('',(-4.411633707421,-0.5));
#9190 = DIRECTION('',(1.,1.699999999999E-16));
#9191 = ( GEOMETRIC_REPRESENTATION_CONTEXT(2) 
PARAMETRIC_REPRESENTATION_CONTEXT() REPRESENTATION_CONTEXT('2D SPACE',''
  ) );
#9192 = ORIENTED_EDGE('',*,*,#9193,.T.);
#9193 = EDGE_CURVE('',#9143,#9194,#9196,.T.);
#9194 = VERTEX_POINT('',#9195);
#9195 = CARTESIAN_POINT('',(-0.5,3.590351654086,2.));
#9196 = SURFACE_CURVE('',#9197,(#9201,#9208),.PCURVE_S1.);
#9197 = LINE('',#9198,#9199);
#9198 = CARTESIAN_POINT('',(-0.5,3.590351654086,3.3));
#9199 = VECTOR('',#9200,1.);
#9200 = DIRECTION('',(0.,-6.6E-16,-1.));
#9201 = PCURVE('',#8283,#9202);
#9202 = DEFINITIONAL_REPRESENTATION('',(#9203),#9207);
#9203 = LINE('',#9204,#9205);
#9204 = CARTESIAN_POINT('',(1.43242414941,-2.22044604925E-15));
#9205 = VECTOR('',#9206,1.);
#9206 = DIRECTION('',(0.,1.));
#9207 = ( GEOMETRIC_REPRESENTATION_CONTEXT(2) 
PARAMETRIC_REPRESENTATION_CONTEXT() REPRESENTATION_CONTEXT('2D SPACE',''
  ) );
#9208 = PCURVE('',#9209,#9214);
#9209 = PLANE('',#9210);
#9210 = AXIS2_PLACEMENT_3D('',#9211,#9212,#9213);
#9211 = CARTESIAN_POINT('',(-0.5,3.980247937457,2.491005952328));
#9212 = DIRECTION('',(-1.,0.,-2.2E-16));
#9213 = DIRECTION('',(-2.2E-16,2.2E-16,1.));
#9214 = DEFINITIONAL_REPRESENTATION('',(#9215),#9219);
#9215 = LINE('',#9216,#9217);
#9216 = CARTESIAN_POINT('',(0.808994047672,-0.389896283371));
#9217 = VECTOR('',#9218,1.);
#9218 = DIRECTION('',(-1.,-4.4E-16));
#9219 = ( GEOMETRIC_REPRESENTATION_CONTEXT(2) 
PARAMETRIC_REPRESENTATION_CONTEXT() REPRESENTATION_CONTEXT('2D SPACE',''
  ) );
#9220 = ORIENTED_EDGE('',*,*,#9221,.T.);
#9221 = EDGE_CURVE('',#9194,#9222,#9224,.T.);
#9222 = VERTEX_POINT('',#9223);
#9223 = CARTESIAN_POINT('',(-2.185208610855,2.892315392042,2.));
#9224 = SURFACE_CURVE('',#9225,(#9230,#9237),.PCURVE_S1.);
#9225 = CIRCLE('',#9226,3.625);
#9226 = AXIS2_PLACEMENT_3D('',#9227,#9228,#9229);
#9227 = CARTESIAN_POINT('',(0.,1.33E-15,2.));
#9228 = DIRECTION('',(0.,6.6E-16,1.));
#9229 = DIRECTION('',(-1.,0.,0.));
#9230 = PCURVE('',#8283,#9231);
#9231 = DEFINITIONAL_REPRESENTATION('',(#9232),#9236);
#9232 = LINE('',#9233,#9234);
#9233 = CARTESIAN_POINT('',(6.28318530718,1.3));
#9234 = VECTOR('',#9235,1.);
#9235 = DIRECTION('',(-1.,0.));
#9236 = ( GEOMETRIC_REPRESENTATION_CONTEXT(2) 
PARAMETRIC_REPRESENTATION_CONTEXT() REPRESENTATION_CONTEXT('2D SPACE',''
  ) );
#9237 = PCURVE('',#9238,#9243);
#9238 = PLANE('',#9239);
#9239 = AXIS2_PLACEMENT_3D('',#9240,#9241,#9242);
#9240 = CARTESIAN_POINT('',(0.,1.33E-15,2.));
#9241 = DIRECTION('',(0.,6.6E-16,1.));
#9242 = DIRECTION('',(-1.,0.,0.));
#9243 = DEFINITIONAL_REPRESENTATION('',(#9244),#9248);
#9244 = CIRCLE('',#9245,3.625);
#9245 = AXIS2_PLACEMENT_2D('',#9246,#9247);
#9246 = CARTESIAN_POINT('',(0.,0.));
#9247 = DIRECTION('',(1.,0.));
#9248 = ( GEOMETRIC_REPRESENTATION_CONTEXT(2) 
PARAMETRIC_REPRESENTATION_CONTEXT() REPRESENTATION_CONTEXT('2D SPACE',''
  ) );
#9249 = ORIENTED_EDGE('',*,*,#9250,.F.);
#9250 = EDGE_CURVE('',#9251,#9222,#9253,.T.);
#9251 = VERTEX_POINT('',#9252);
#9252 = CARTESIAN_POINT('',(-2.185208610855,2.892315392042,
    3.216406182158));
#9253 = SURFACE_CURVE('',#9254,(#9258,#9265),.PCURVE_S1.);
#9254 = LINE('',#9255,#9256);
#9255 = CARTESIAN_POINT('',(-2.185208610855,2.892315392042,3.3));
#9256 = VECTOR('',#9257,1.);
#9257 = DIRECTION('',(0.,-6.6E-16,-1.));
#9258 = PCURVE('',#8283,#9259);
#9259 = DEFINITIONAL_REPRESENTATION('',(#9260),#9264);
#9260 = LINE('',#9261,#9262);
#9261 = CARTESIAN_POINT('',(0.923770340783,-1.7763568394E-15));
#9262 = VECTOR('',#9263,1.);
#9263 = DIRECTION('',(0.,1.));
#9264 = ( GEOMETRIC_REPRESENTATION_CONTEXT(2) 
PARAMETRIC_REPRESENTATION_CONTEXT() REPRESENTATION_CONTEXT('2D SPACE',''
  ) );
#9265 = PCURVE('',#9266,#9271);
#9266 = PLANE('',#9267);
#9267 = AXIS2_PLACEMENT_3D('',#9268,#9269,#9270);
#9268 = CARTESIAN_POINT('',(-2.460906916787,3.168013697973,
    2.491005952328));
#9269 = DIRECTION('',(-0.707106781187,-0.707106781187,
    -5.551115123122E-17));
#9270 = DIRECTION('',(-2.196635529686E-16,1.411589300345E-16,1.));
#9271 = DEFINITIONAL_REPRESENTATION('',(#9272),#9276);
#9272 = LINE('',#9273,#9274);
#9273 = CARTESIAN_POINT('',(0.808994047672,-0.389896283372));
#9274 = VECTOR('',#9275,1.);
#9275 = DIRECTION('',(-1.,-2.115504510471E-16));
#9276 = ( GEOMETRIC_REPRESENTATION_CONTEXT(2) 
PARAMETRIC_REPRESENTATION_CONTEXT() REPRESENTATION_CONTEXT('2D SPACE',''
  ) );
#9277 = ORIENTED_EDGE('',*,*,#9278,.T.);
#9278 = EDGE_CURVE('',#9251,#9279,#9281,.T.);
#9279 = VERTEX_POINT('',#9280);
#9280 = CARTESIAN_POINT('',(-2.892315392042,2.185208610855,
    3.216406182158));
#9281 = SURFACE_CURVE('',#9282,(#9287,#9316),.PCURVE_S1.);
#9282 = ELLIPSE('',#9283,4.511191026629,3.625);
#9283 = AXIS2_PLACEMENT_3D('',#9284,#9285,#9286);
#9284 = CARTESIAN_POINT('',(0.,3.91E-15,5.875925925926));
#9285 = DIRECTION('',(-0.420889437397,0.420889437397,0.803557193345));
#9286 = DIRECTION('',(-0.568200740485,0.568200740485,-0.595227550626));
#9287 = PCURVE('',#8283,#9288);
#9288 = DEFINITIONAL_REPRESENTATION('',(#9289),#9315);
#9289 = B_SPLINE_CURVE_WITH_KNOTS('',3,(#9290,#9291,#9292,#9293,#9294,
    #9295,#9296,#9297,#9298,#9299,#9300,#9301,#9302,#9303,#9304,#9305,
    #9306,#9307,#9308,#9309,#9310,#9311,#9312,#9313,#9314),
  .UNSPECIFIED.,.F.,.F.,(4,1,1,1,1,1,1,1,1,1,1,1,1,1,1,1,1,1,1,1,1,1,4),
  (6.144813129794,6.157392418648,6.169971707501,6.182550996354,
    6.195130285207,6.20770957406,6.220288862914,6.232868151767,
    6.24544744062,6.258026729473,6.270606018326,6.28318530718,
    6.295764596033,6.308343884886,6.320923173739,6.333502462592,
    6.346081751446,6.358661040299,6.371240329152,6.383819618005,
    6.396398906858,6.408978195712,6.421557484565),
  .QUASI_UNIFORM_KNOTS.);
#9290 = CARTESIAN_POINT('',(0.923770340783,8.359381784299E-02));
#9291 = CARTESIAN_POINT('',(0.919577244498,8.514682202718E-02));
#9292 = CARTESIAN_POINT('',(0.911191051929,8.811252980464E-02));
#9293 = CARTESIAN_POINT('',(0.898611763076,9.213955904255E-02));
#9294 = CARTESIAN_POINT('',(0.886032474223,9.574439899714E-02));
#9295 = CARTESIAN_POINT('',(0.87345318537,9.89264845119E-02));
#9296 = CARTESIAN_POINT('',(0.860873896517,0.101685310655));
#9297 = CARTESIAN_POINT('',(0.848294607663,0.104020441259));
#9298 = CARTESIAN_POINT('',(0.83571531881,0.105931506718));
#9299 = CARTESIAN_POINT('',(0.823136029957,0.10741820466));
#9300 = CARTESIAN_POINT('',(0.810556741104,0.108480299827));
#9301 = CARTESIAN_POINT('',(0.797977452251,0.10911762416));
#9302 = CARTESIAN_POINT('',(0.785398163397,0.109330076811));
#9303 = CARTESIAN_POINT('',(0.772818874544,0.10911762416));
#9304 = CARTESIAN_POINT('',(0.760239585691,0.108480299827));
#9305 = CARTESIAN_POINT('',(0.747660296838,0.10741820466));
#9306 = CARTESIAN_POINT('',(0.735081007985,0.105931506718));
#9307 = CARTESIAN_POINT('',(0.722501719131,0.104020441259));
#9308 = CARTESIAN_POINT('',(0.709922430278,0.101685310655));
#9309 = CARTESIAN_POINT('',(0.697343141425,9.89264845119E-02));
#9310 = CARTESIAN_POINT('',(0.684763852572,9.574439899714E-02));
#9311 = CARTESIAN_POINT('',(0.672184563719,9.213955904255E-02));
#9312 = CARTESIAN_POINT('',(0.659605274865,8.811252980464E-02));
#9313 = CARTESIAN_POINT('',(0.651219082297,8.514682202718E-02));
#9314 = CARTESIAN_POINT('',(0.647025986012,8.359381784299E-02));
#9315 = ( GEOMETRIC_REPRESENTATION_CONTEXT(2) 
PARAMETRIC_REPRESENTATION_CONTEXT() REPRESENTATION_CONTEXT('2D SPACE',''
  ) );
#9316 = PCURVE('',#9317,#9322);
#9317 = PLANE('',#9318);
#9318 = AXIS2_PLACEMENT_3D('',#9319,#9320,#9321);
#9319 = CARTESIAN_POINT('',(-2.8602469299,2.153140148713,3.25));
#9320 = DIRECTION('',(-0.420889437397,0.420889437397,0.803557193345));
#9321 = DIRECTION('',(-0.568200740485,0.568200740485,-0.595227550626));
#9322 = DEFINITIONAL_REPRESENTATION('',(#9323),#9327);
#9323 = ELLIPSE('',#9324,4.511191026629,3.625);
#9324 = AXIS2_PLACEMENT_2D('',#9325,#9326);
#9325 = CARTESIAN_POINT('',(-4.411633707421,-0.5));
#9326 = DIRECTION('',(1.,0.));
#9327 = ( GEOMETRIC_REPRESENTATION_CONTEXT(2) 
PARAMETRIC_REPRESENTATION_CONTEXT() REPRESENTATION_CONTEXT('2D SPACE',''
  ) );
#9328 = ORIENTED_EDGE('',*,*,#9329,.T.);
#9329 = EDGE_CURVE('',#9279,#9330,#9332,.T.);
#9330 = VERTEX_POINT('',#9331);
#9331 = CARTESIAN_POINT('',(-2.892315392042,2.185208610855,2.));
#9332 = SURFACE_CURVE('',#9333,(#9337,#9344),.PCURVE_S1.);
#9333 = LINE('',#9334,#9335);
#9334 = CARTESIAN_POINT('',(-2.892315392042,2.185208610855,3.3));
#9335 = VECTOR('',#9336,1.);
#9336 = DIRECTION('',(0.,-6.6E-16,-1.));
#9337 = PCURVE('',#8283,#9338);
#9338 = DEFINITIONAL_REPRESENTATION('',(#9339),#9343);
#9339 = LINE('',#9340,#9341);
#9340 = CARTESIAN_POINT('',(0.647025986012,-1.33226762955E-15));
#9341 = VECTOR('',#9342,1.);
#9342 = DIRECTION('',(0.,1.));
#9343 = ( GEOMETRIC_REPRESENTATION_CONTEXT(2) 
PARAMETRIC_REPRESENTATION_CONTEXT() REPRESENTATION_CONTEXT('2D SPACE',''
  ) );
#9344 = PCURVE('',#9345,#9350);
#9345 = PLANE('',#9346);
#9346 = AXIS2_PLACEMENT_3D('',#9347,#9348,#9349);
#9347 = CARTESIAN_POINT('',(-3.168013697973,2.460906916787,
    2.491005952328));
#9348 = DIRECTION('',(-0.707106781187,-0.707106781187,
    -5.551115123122E-17));
#9349 = DIRECTION('',(-2.196635529686E-16,1.411589300345E-16,1.));
#9350 = DEFINITIONAL_REPRESENTATION('',(#9351),#9355);
#9351 = LINE('',#9352,#9353);
#9352 = CARTESIAN_POINT('',(0.808994047672,-0.389896283372));
#9353 = VECTOR('',#9354,1.);
#9354 = DIRECTION('',(-1.,-2.115504510471E-16));
#9355 = ( GEOMETRIC_REPRESENTATION_CONTEXT(2) 
PARAMETRIC_REPRESENTATION_CONTEXT() REPRESENTATION_CONTEXT('2D SPACE',''
  ) );
#9356 = ORIENTED_EDGE('',*,*,#9357,.T.);
#9357 = EDGE_CURVE('',#9330,#9358,#9360,.T.);
#9358 = VERTEX_POINT('',#9359);
#9359 = CARTESIAN_POINT('',(-3.590351654086,0.5,2.));
#9360 = SURFACE_CURVE('',#9361,(#9366,#9373),.PCURVE_S1.);
#9361 = CIRCLE('',#9362,3.625);
#9362 = AXIS2_PLACEMENT_3D('',#9363,#9364,#9365);
#9363 = CARTESIAN_POINT('',(0.,1.33E-15,2.));
#9364 = DIRECTION('',(0.,6.6E-16,1.));
#9365 = DIRECTION('',(-1.,0.,0.));
#9366 = PCURVE('',#8283,#9367);
#9367 = DEFINITIONAL_REPRESENTATION('',(#9368),#9372);
#9368 = LINE('',#9369,#9370);
#9369 = CARTESIAN_POINT('',(6.28318530718,1.3));
#9370 = VECTOR('',#9371,1.);
#9371 = DIRECTION('',(-1.,0.));
#9372 = ( GEOMETRIC_REPRESENTATION_CONTEXT(2) 
PARAMETRIC_REPRESENTATION_CONTEXT() REPRESENTATION_CONTEXT('2D SPACE',''
  ) );
#9373 = PCURVE('',#9374,#9379);
#9374 = PLANE('',#9375);
#9375 = AXIS2_PLACEMENT_3D('',#9376,#9377,#9378);
#9376 = CARTESIAN_POINT('',(0.,1.33E-15,2.));
#9377 = DIRECTION('',(0.,6.6E-16,1.));
#9378 = DIRECTION('',(-1.,0.,0.));
#9379 = DEFINITIONAL_REPRESENTATION('',(#9380),#9384);
#9380 = CIRCLE('',#9381,3.625);
#9381 = AXIS2_PLACEMENT_2D('',#9382,#9383);
#9382 = CARTESIAN_POINT('',(0.,0.));
#9383 = DIRECTION('',(1.,0.));
#9384 = ( GEOMETRIC_REPRESENTATION_CONTEXT(2) 
PARAMETRIC_REPRESENTATION_CONTEXT() REPRESENTATION_CONTEXT('2D SPACE',''
  ) );
#9385 = ORIENTED_EDGE('',*,*,#9386,.F.);
#9386 = EDGE_CURVE('',#8302,#9358,#9387,.T.);
#9387 = SURFACE_CURVE('',#9388,(#9392,#9399),.PCURVE_S1.);
#9388 = LINE('',#9389,#9390);
#9389 = CARTESIAN_POINT('',(-3.590351654086,0.5,3.3));
#9390 = VECTOR('',#9391,1.);
#9391 = DIRECTION('',(0.,-6.6E-16,-1.));
#9392 = PCURVE('',#8283,#9393);
#9393 = DEFINITIONAL_REPRESENTATION('',(#9394),#9398);
#9394 = LINE('',#9395,#9396);
#9395 = CARTESIAN_POINT('',(0.138372177385,-4.440892098501E-16));
#9396 = VECTOR('',#9397,1.);
#9397 = DIRECTION('',(0.,1.));
#9398 = ( GEOMETRIC_REPRESENTATION_CONTEXT(2) 
PARAMETRIC_REPRESENTATION_CONTEXT() REPRESENTATION_CONTEXT('2D SPACE',''
  ) );
#9399 = PCURVE('',#9400,#9405);
#9400 = PLANE('',#9401);
#9401 = AXIS2_PLACEMENT_3D('',#9402,#9403,#9404);
#9402 = CARTESIAN_POINT('',(-3.980247937457,0.5,2.491005952328));
#9403 = DIRECTION('',(0.,-1.,1.E-15));
#9404 = DIRECTION('',(0.,1.E-15,1.));
#9405 = DEFINITIONAL_REPRESENTATION('',(#9406),#9410);
#9406 = LINE('',#9407,#9408);
#9407 = CARTESIAN_POINT('',(0.808994047672,-0.389896283371));
#9408 = VECTOR('',#9409,1.);
#9409 = DIRECTION('',(-1.,-0.));
#9410 = ( GEOMETRIC_REPRESENTATION_CONTEXT(2) 
PARAMETRIC_REPRESENTATION_CONTEXT() REPRESENTATION_CONTEXT('2D SPACE',''
  ) );
#9411 = ADVANCED_FACE('',(#9412),#8342,.T.);
#9412 = FACE_BOUND('',#9413,.T.);
#9413 = EDGE_LOOP('',(#9414,#9437,#9438,#9461));
#9414 = ORIENTED_EDGE('',*,*,#9415,.F.);
#9415 = EDGE_CURVE('',#8304,#9416,#9418,.T.);
#9416 = VERTEX_POINT('',#9417);
#9417 = CARTESIAN_POINT('',(-4.597893539437,-0.5,2.470078859676));
#9418 = SURFACE_CURVE('',#9419,(#9423,#9430),.PCURVE_S1.);
#9419 = LINE('',#9420,#9421);
#9420 = CARTESIAN_POINT('',(-3.545,-0.5,3.25));
#9421 = VECTOR('',#9422,1.);
#9422 = DIRECTION('',(-0.803557193345,-7.252275506254E-16,
    -0.595227550626));
#9423 = PCURVE('',#8342,#9424);
#9424 = DEFINITIONAL_REPRESENTATION('',(#9425),#9429);
#9425 = LINE('',#9426,#9427);
#9426 = CARTESIAN_POINT('',(-0.,0.));
#9427 = VECTOR('',#9428,1.);
#9428 = DIRECTION('',(1.,2.599999999999E-16));
#9429 = ( GEOMETRIC_REPRESENTATION_CONTEXT(2) 
PARAMETRIC_REPRESENTATION_CONTEXT() REPRESENTATION_CONTEXT('2D SPACE',''
  ) );
#9430 = PCURVE('',#8370,#9431);
#9431 = DEFINITIONAL_REPRESENTATION('',(#9432),#9436);
#9432 = LINE('',#9433,#9434);
#9433 = CARTESIAN_POINT('',(0.758994047672,-0.435247937457));
#9434 = VECTOR('',#9435,1.);
#9435 = DIRECTION('',(-0.595227550626,0.803557193345));
#9436 = ( GEOMETRIC_REPRESENTATION_CONTEXT(2) 
PARAMETRIC_REPRESENTATION_CONTEXT() REPRESENTATION_CONTEXT('2D SPACE',''
  ) );
#9437 = ORIENTED_EDGE('',*,*,#8301,.F.);
#9438 = ORIENTED_EDGE('',*,*,#9439,.T.);
#9439 = EDGE_CURVE('',#8302,#9440,#9442,.T.);
#9440 = VERTEX_POINT('',#9441);
#9441 = CARTESIAN_POINT('',(-4.597893539437,0.5,2.470078859676));
#9442 = SURFACE_CURVE('',#9443,(#9447,#9454),.PCURVE_S1.);
#9443 = LINE('',#9444,#9445);
#9444 = CARTESIAN_POINT('',(-3.545,0.5,3.25));
#9445 = VECTOR('',#9446,1.);
#9446 = DIRECTION('',(-0.803557193345,-7.252275506254E-16,
    -0.595227550626));
#9447 = PCURVE('',#8342,#9448);
#9448 = DEFINITIONAL_REPRESENTATION('',(#9449),#9453);
#9449 = LINE('',#9450,#9451);
#9450 = CARTESIAN_POINT('',(-5.577444970489E-16,-1.));
#9451 = VECTOR('',#9452,1.);
#9452 = DIRECTION('',(1.,2.599999999999E-16));
#9453 = ( GEOMETRIC_REPRESENTATION_CONTEXT(2) 
PARAMETRIC_REPRESENTATION_CONTEXT() REPRESENTATION_CONTEXT('2D SPACE',''
  ) );
#9454 = PCURVE('',#9400,#9455);
#9455 = DEFINITIONAL_REPRESENTATION('',(#9456),#9460);
#9456 = LINE('',#9457,#9458);
#9457 = CARTESIAN_POINT('',(0.758994047672,-0.435247937457));
#9458 = VECTOR('',#9459,1.);
#9459 = DIRECTION('',(-0.595227550626,0.803557193345));
#9460 = ( GEOMETRIC_REPRESENTATION_CONTEXT(2) 
PARAMETRIC_REPRESENTATION_CONTEXT() REPRESENTATION_CONTEXT('2D SPACE',''
  ) );
#9461 = ORIENTED_EDGE('',*,*,#9462,.T.);
#9462 = EDGE_CURVE('',#9440,#9416,#9463,.T.);
#9463 = SURFACE_CURVE('',#9464,(#9469,#9476),.PCURVE_S1.);
#9464 = ELLIPSE('',#9465,5.755657516734,4.625);
#9465 = AXIS2_PLACEMENT_3D('',#9466,#9467,#9468);
#9466 = CARTESIAN_POINT('',(0.,3.91E-15,5.875925925926));
#9467 = DIRECTION('',(-0.595227550626,4.299999999998E-16,0.803557193345)
  );
#9468 = DIRECTION('',(0.803557193345,5.399999999998E-16,0.595227550626)
  );
#9469 = PCURVE('',#8342,#9470);
#9470 = DEFINITIONAL_REPRESENTATION('',(#9471),#9475);
#9471 = ELLIPSE('',#9472,5.755657516734,4.625);
#9472 = AXIS2_PLACEMENT_2D('',#9473,#9474);
#9473 = CARTESIAN_POINT('',(-4.411633707421,-0.5));
#9474 = DIRECTION('',(-1.,-7.477244937427E-17));
#9475 = ( GEOMETRIC_REPRESENTATION_CONTEXT(2) 
PARAMETRIC_REPRESENTATION_CONTEXT() REPRESENTATION_CONTEXT('2D SPACE',''
  ) );
#9476 = PCURVE('',#9477,#9482);
#9477 = CYLINDRICAL_SURFACE('',#9478,4.625);
#9478 = AXIS2_PLACEMENT_3D('',#9479,#9480,#9481);
#9479 = CARTESIAN_POINT('',(0.,1.33E-15,2.));
#9480 = DIRECTION('',(0.,6.6E-16,1.));
#9481 = DIRECTION('',(-1.,0.,0.));
#9482 = DEFINITIONAL_REPRESENTATION('',(#9483),#9509);
#9483 = B_SPLINE_CURVE_WITH_KNOTS('',3,(#9484,#9485,#9486,#9487,#9488,
    #9489,#9490,#9491,#9492,#9493,#9494,#9495,#9496,#9497,#9498,#9499,
    #9500,#9501,#9502,#9503,#9504,#9505,#9506,#9507,#9508),
  .UNSPECIFIED.,.F.,.F.,(4,1,1,1,1,1,1,1,1,1,1,1,1,1,1,1,1,1,1,1,1,1,4),
  (3.033272847075,3.043120102212,3.05296735735,3.062814612488,
    3.072661867626,3.082509122763,3.092356377901,3.102203633039,
    3.112050888177,3.121898143314,3.131745398452,3.14159265359,
    3.151439908728,3.161287163865,3.171134419003,3.180981674141,
    3.190828929278,3.200676184416,3.210523439554,3.220370694692,
    3.230217949829,3.240065204967,3.249912460105),
  .QUASI_UNIFORM_KNOTS.);
#9484 = CARTESIAN_POINT('',(6.174865500664,0.470078859676));
#9485 = CARTESIAN_POINT('',(6.178147919044,0.468863146493));
#9486 = CARTESIAN_POINT('',(6.184712755802,0.466541816825));
#9487 = CARTESIAN_POINT('',(6.19456001094,0.463390414848));
#9488 = CARTESIAN_POINT('',(6.204407266078,0.460569920415));
#9489 = CARTESIAN_POINT('',(6.214254521215,0.458080604493));
#9490 = CARTESIAN_POINT('',(6.224101776353,0.455922709145));
#9491 = CARTESIAN_POINT('',(6.233949031491,0.454096443433));
#9492 = CARTESIAN_POINT('',(6.243796286629,0.452601984496));
#9493 = CARTESIAN_POINT('',(6.253643541766,0.451439477235));
#9494 = CARTESIAN_POINT('',(6.263490796904,0.450609034378));
#9495 = CARTESIAN_POINT('',(6.273338052042,0.450110736451));
#9496 = CARTESIAN_POINT('',(6.28318530718,0.449944631774));
#9497 = CARTESIAN_POINT('',(6.293032562317,0.450110736451));
#9498 = CARTESIAN_POINT('',(6.302879817455,0.450609034378));
#9499 = CARTESIAN_POINT('',(6.312727072593,0.451439477235));
#9500 = CARTESIAN_POINT('',(6.322574327731,0.452601984496));
#9501 = CARTESIAN_POINT('',(6.332421582868,0.454096443433));
#9502 = CARTESIAN_POINT('',(6.342268838006,0.455922709145));
#9503 = CARTESIAN_POINT('',(6.352116093144,0.458080604493));
#9504 = CARTESIAN_POINT('',(6.361963348282,0.460569920415));
#9505 = CARTESIAN_POINT('',(6.371810603419,0.463390414848));
#9506 = CARTESIAN_POINT('',(6.381657858557,0.466541816825));
#9507 = CARTESIAN_POINT('',(6.388222695315,0.468863146493));
#9508 = CARTESIAN_POINT('',(6.391505113695,0.470078859676));
#9509 = ( GEOMETRIC_REPRESENTATION_CONTEXT(2) 
PARAMETRIC_REPRESENTATION_CONTEXT() REPRESENTATION_CONTEXT('2D SPACE',''
  ) );
#9510 = ADVANCED_FACE('',(#9511),#8370,.T.);
#9511 = FACE_BOUND('',#9512,.T.);
#9512 = EDGE_LOOP('',(#9513,#9514,#9515,#9538));
#9513 = ORIENTED_EDGE('',*,*,#8354,.F.);
#9514 = ORIENTED_EDGE('',*,*,#9415,.T.);
#9515 = ORIENTED_EDGE('',*,*,#9516,.F.);
#9516 = EDGE_CURVE('',#9517,#9416,#9519,.T.);
#9517 = VERTEX_POINT('',#9518);
#9518 = CARTESIAN_POINT('',(-4.597893539437,-0.5,2.));
#9519 = SURFACE_CURVE('',#9520,(#9524,#9531),.PCURVE_S1.);
#9520 = LINE('',#9521,#9522);
#9521 = CARTESIAN_POINT('',(-4.597893539437,-0.5,2.));
#9522 = VECTOR('',#9523,1.);
#9523 = DIRECTION('',(0.,6.6E-16,1.));
#9524 = PCURVE('',#8370,#9525);
#9525 = DEFINITIONAL_REPRESENTATION('',(#9526),#9530);
#9526 = LINE('',#9527,#9528);
#9527 = CARTESIAN_POINT('',(-0.491005952328,0.61764560198));
#9528 = VECTOR('',#9529,1.);
#9529 = DIRECTION('',(1.,0.));
#9530 = ( GEOMETRIC_REPRESENTATION_CONTEXT(2) 
PARAMETRIC_REPRESENTATION_CONTEXT() REPRESENTATION_CONTEXT('2D SPACE',''
  ) );
#9531 = PCURVE('',#9477,#9532);
#9532 = DEFINITIONAL_REPRESENTATION('',(#9533),#9537);
#9533 = LINE('',#9534,#9535);
#9534 = CARTESIAN_POINT('',(6.391505113695,-2.22044604925E-16));
#9535 = VECTOR('',#9536,1.);
#9536 = DIRECTION('',(0.,1.));
#9537 = ( GEOMETRIC_REPRESENTATION_CONTEXT(2) 
PARAMETRIC_REPRESENTATION_CONTEXT() REPRESENTATION_CONTEXT('2D SPACE',''
  ) );
#9538 = ORIENTED_EDGE('',*,*,#9539,.T.);
#9539 = EDGE_CURVE('',#9517,#8355,#9540,.T.);
#9540 = SURFACE_CURVE('',#9541,(#9545,#9552),.PCURVE_S1.);
#9541 = LINE('',#9542,#9543);
#9542 = CARTESIAN_POINT('',(-4.625,-0.5,2.));
#9543 = VECTOR('',#9544,1.);
#9544 = DIRECTION('',(1.,0.,0.));
#9545 = PCURVE('',#8370,#9546);
#9546 = DEFINITIONAL_REPRESENTATION('',(#9547),#9551);
#9547 = LINE('',#9548,#9549);
#9548 = CARTESIAN_POINT('',(-0.491005952328,0.644752062543));
#9549 = VECTOR('',#9550,1.);
#9550 = DIRECTION('',(0.,-1.));
#9551 = ( GEOMETRIC_REPRESENTATION_CONTEXT(2) 
PARAMETRIC_REPRESENTATION_CONTEXT() REPRESENTATION_CONTEXT('2D SPACE',''
  ) );
#9552 = PCURVE('',#8399,#9553);
#9553 = DEFINITIONAL_REPRESENTATION('',(#9554),#9558);
#9554 = LINE('',#9555,#9556);
#9555 = CARTESIAN_POINT('',(4.625,0.5));
#9556 = VECTOR('',#9557,1.);
#9557 = DIRECTION('',(-1.,0.));
#9558 = ( GEOMETRIC_REPRESENTATION_CONTEXT(2) 
PARAMETRIC_REPRESENTATION_CONTEXT() REPRESENTATION_CONTEXT('2D SPACE',''
  ) );
#9559 = ADVANCED_FACE('',(#9560),#8399,.T.);
#9560 = FACE_BOUND('',#9561,.T.);
#9561 = EDGE_LOOP('',(#9562,#9563,#9587,#9608));
#9562 = ORIENTED_EDGE('',*,*,#9539,.F.);
#9563 = ORIENTED_EDGE('',*,*,#9564,.T.);
#9564 = EDGE_CURVE('',#9517,#9565,#9567,.T.);
#9565 = VERTEX_POINT('',#9566);
#9566 = CARTESIAN_POINT('',(-3.604755091503,-2.897648310317,2.));
#9567 = SURFACE_CURVE('',#9568,(#9573,#9580),.PCURVE_S1.);
#9568 = CIRCLE('',#9569,4.625);
#9569 = AXIS2_PLACEMENT_3D('',#9570,#9571,#9572);
#9570 = CARTESIAN_POINT('',(0.,1.33E-15,2.));
#9571 = DIRECTION('',(0.,6.6E-16,1.));
#9572 = DIRECTION('',(-1.,0.,0.));
#9573 = PCURVE('',#8399,#9574);
#9574 = DEFINITIONAL_REPRESENTATION('',(#9575),#9579);
#9575 = CIRCLE('',#9576,4.625);
#9576 = AXIS2_PLACEMENT_2D('',#9577,#9578);
#9577 = CARTESIAN_POINT('',(0.,0.));
#9578 = DIRECTION('',(1.,0.));
#9579 = ( GEOMETRIC_REPRESENTATION_CONTEXT(2) 
PARAMETRIC_REPRESENTATION_CONTEXT() REPRESENTATION_CONTEXT('2D SPACE',''
  ) );
#9580 = PCURVE('',#9477,#9581);
#9581 = DEFINITIONAL_REPRESENTATION('',(#9582),#9586);
#9582 = LINE('',#9583,#9584);
#9583 = CARTESIAN_POINT('',(6.28318530718,4.228829373673E-17));
#9584 = VECTOR('',#9585,1.);
#9585 = DIRECTION('',(1.,-3.904022274156E-16));
#9586 = ( GEOMETRIC_REPRESENTATION_CONTEXT(2) 
PARAMETRIC_REPRESENTATION_CONTEXT() REPRESENTATION_CONTEXT('2D SPACE',''
  ) );
#9587 = ORIENTED_EDGE('',*,*,#9588,.T.);
#9588 = EDGE_CURVE('',#9565,#8383,#9589,.T.);
#9589 = SURFACE_CURVE('',#9590,(#9594,#9601),.PCURVE_S1.);
#9590 = LINE('',#9591,#9592);
#9591 = CARTESIAN_POINT('',(-3.623922253581,-2.916815472395,2.));
#9592 = VECTOR('',#9593,1.);
#9593 = DIRECTION('',(0.707106781187,0.707106781187,-4.440892098498E-16)
  );
#9594 = PCURVE('',#8399,#9595);
#9595 = DEFINITIONAL_REPRESENTATION('',(#9596),#9600);
#9596 = LINE('',#9597,#9598);
#9597 = CARTESIAN_POINT('',(3.623922253581,2.916815472395));
#9598 = VECTOR('',#9599,1.);
#9599 = DIRECTION('',(-0.707106781187,-0.707106781187));
#9600 = ( GEOMETRIC_REPRESENTATION_CONTEXT(2) 
PARAMETRIC_REPRESENTATION_CONTEXT() REPRESENTATION_CONTEXT('2D SPACE',''
  ) );
#9601 = PCURVE('',#8427,#9602);
#9602 = DEFINITIONAL_REPRESENTATION('',(#9603),#9607);
#9603 = LINE('',#9604,#9605);
#9604 = CARTESIAN_POINT('',(-0.491005952328,0.644752062543));
#9605 = VECTOR('',#9606,1.);
#9606 = DIRECTION('',(1.060083254682E-16,-1.));
#9607 = ( GEOMETRIC_REPRESENTATION_CONTEXT(2) 
PARAMETRIC_REPRESENTATION_CONTEXT() REPRESENTATION_CONTEXT('2D SPACE',''
  ) );
#9608 = ORIENTED_EDGE('',*,*,#8382,.F.);
#9609 = ADVANCED_FACE('',(#9610),#8427,.F.);
#9610 = FACE_BOUND('',#9611,.T.);
#9611 = EDGE_LOOP('',(#9612,#9613,#9614,#9637));
#9612 = ORIENTED_EDGE('',*,*,#8411,.T.);
#9613 = ORIENTED_EDGE('',*,*,#9588,.F.);
#9614 = ORIENTED_EDGE('',*,*,#9615,.T.);
#9615 = EDGE_CURVE('',#9565,#9616,#9618,.T.);
#9616 = VERTEX_POINT('',#9617);
#9617 = CARTESIAN_POINT('',(-3.604755091503,-2.897648310317,
    2.470078859676));
#9618 = SURFACE_CURVE('',#9619,(#9623,#9630),.PCURVE_S1.);
#9619 = LINE('',#9620,#9621);
#9620 = CARTESIAN_POINT('',(-3.604755091503,-2.897648310317,2.));
#9621 = VECTOR('',#9622,1.);
#9622 = DIRECTION('',(0.,6.6E-16,1.));
#9623 = PCURVE('',#8427,#9624);
#9624 = DEFINITIONAL_REPRESENTATION('',(#9625),#9629);
#9625 = LINE('',#9626,#9627);
#9626 = CARTESIAN_POINT('',(-0.491005952328,0.61764560198));
#9627 = VECTOR('',#9628,1.);
#9628 = DIRECTION('',(1.,8.340705973486E-17));
#9629 = ( GEOMETRIC_REPRESENTATION_CONTEXT(2) 
PARAMETRIC_REPRESENTATION_CONTEXT() REPRESENTATION_CONTEXT('2D SPACE',''
  ) );
#9630 = PCURVE('',#9477,#9631);
#9631 = DEFINITIONAL_REPRESENTATION('',(#9632),#9636);
#9632 = LINE('',#9633,#9634);
#9633 = CARTESIAN_POINT('',(6.960263664062,-1.998401444325E-15));
#9634 = VECTOR('',#9635,1.);
#9635 = DIRECTION('',(0.,1.));
#9636 = ( GEOMETRIC_REPRESENTATION_CONTEXT(2) 
PARAMETRIC_REPRESENTATION_CONTEXT() REPRESENTATION_CONTEXT('2D SPACE',''
  ) );
#9637 = ORIENTED_EDGE('',*,*,#9638,.F.);
#9638 = EDGE_CURVE('',#8412,#9616,#9639,.T.);
#9639 = SURFACE_CURVE('',#9640,(#9644,#9651),.PCURVE_S1.);
#9640 = LINE('',#9641,#9642);
#9641 = CARTESIAN_POINT('',(-2.8602469299,-2.153140148713,3.25));
#9642 = VECTOR('',#9643,1.);
#9643 = DIRECTION('',(-0.568200740485,-0.568200740485,-0.595227550626));
#9644 = PCURVE('',#8427,#9645);
#9645 = DEFINITIONAL_REPRESENTATION('',(#9646),#9650);
#9646 = LINE('',#9647,#9648);
#9647 = CARTESIAN_POINT('',(0.758994047672,-0.435247937457));
#9648 = VECTOR('',#9649,1.);
#9649 = DIRECTION('',(-0.595227550626,0.803557193344));
#9650 = ( GEOMETRIC_REPRESENTATION_CONTEXT(2) 
PARAMETRIC_REPRESENTATION_CONTEXT() REPRESENTATION_CONTEXT('2D SPACE',''
  ) );
#9651 = PCURVE('',#8478,#9652);
#9652 = DEFINITIONAL_REPRESENTATION('',(#9653),#9657);
#9653 = LINE('',#9654,#9655);
#9654 = CARTESIAN_POINT('',(0.,-1.000000000001));
#9655 = VECTOR('',#9656,1.);
#9656 = DIRECTION('',(1.,0.));
#9657 = ( GEOMETRIC_REPRESENTATION_CONTEXT(2) 
PARAMETRIC_REPRESENTATION_CONTEXT() REPRESENTATION_CONTEXT('2D SPACE',''
  ) );
#9658 = ADVANCED_FACE('',(#9659),#8478,.T.);
#9659 = FACE_BOUND('',#9660,.T.);
#9660 = EDGE_LOOP('',(#9661,#9684,#9685,#9686));
#9661 = ORIENTED_EDGE('',*,*,#9662,.F.);
#9662 = EDGE_CURVE('',#8440,#9663,#9665,.T.);
#9663 = VERTEX_POINT('',#9664);
#9664 = CARTESIAN_POINT('',(-2.897648310317,-3.604755091503,
    2.470078859676));
#9665 = SURFACE_CURVE('',#9666,(#9670,#9677),.PCURVE_S1.);
#9666 = LINE('',#9667,#9668);
#9667 = CARTESIAN_POINT('',(-2.153140148713,-2.8602469299,3.25));
#9668 = VECTOR('',#9669,1.);
#9669 = DIRECTION('',(-0.568200740485,-0.568200740485,-0.595227550626));
#9670 = PCURVE('',#8478,#9671);
#9671 = DEFINITIONAL_REPRESENTATION('',(#9672),#9676);
#9672 = LINE('',#9673,#9674);
#9673 = CARTESIAN_POINT('',(-0.,0.));
#9674 = VECTOR('',#9675,1.);
#9675 = DIRECTION('',(1.,0.));
#9676 = ( GEOMETRIC_REPRESENTATION_CONTEXT(2) 
PARAMETRIC_REPRESENTATION_CONTEXT() REPRESENTATION_CONTEXT('2D SPACE',''
  ) );
#9677 = PCURVE('',#8506,#9678);
#9678 = DEFINITIONAL_REPRESENTATION('',(#9679),#9683);
#9679 = LINE('',#9680,#9681);
#9680 = CARTESIAN_POINT('',(0.758994047672,-0.435247937457));
#9681 = VECTOR('',#9682,1.);
#9682 = DIRECTION('',(-0.595227550626,0.803557193344));
#9683 = ( GEOMETRIC_REPRESENTATION_CONTEXT(2) 
PARAMETRIC_REPRESENTATION_CONTEXT() REPRESENTATION_CONTEXT('2D SPACE',''
  ) );
#9684 = ORIENTED_EDGE('',*,*,#8439,.F.);
#9685 = ORIENTED_EDGE('',*,*,#9638,.T.);
#9686 = ORIENTED_EDGE('',*,*,#9687,.T.);
#9687 = EDGE_CURVE('',#9616,#9663,#9688,.T.);
#9688 = SURFACE_CURVE('',#9689,(#9694,#9701),.PCURVE_S1.);
#9689 = ELLIPSE('',#9690,5.755657516734,4.625);
#9690 = AXIS2_PLACEMENT_3D('',#9691,#9692,#9693);
#9691 = CARTESIAN_POINT('',(0.,3.91E-15,5.875925925926));
#9692 = DIRECTION('',(-0.420889437397,-0.420889437397,0.803557193345));
#9693 = DIRECTION('',(0.568200740485,0.568200740485,0.595227550626));
#9694 = PCURVE('',#8478,#9695);
#9695 = DEFINITIONAL_REPRESENTATION('',(#9696),#9700);
#9696 = ELLIPSE('',#9697,5.755657516734,4.625);
#9697 = AXIS2_PLACEMENT_2D('',#9698,#9699);
#9698 = CARTESIAN_POINT('',(-4.411633707421,-0.5));
#9699 = DIRECTION('',(-1.,0.));
#9700 = ( GEOMETRIC_REPRESENTATION_CONTEXT(2) 
PARAMETRIC_REPRESENTATION_CONTEXT() REPRESENTATION_CONTEXT('2D SPACE',''
  ) );
#9701 = PCURVE('',#9477,#9702);
#9702 = DEFINITIONAL_REPRESENTATION('',(#9703),#9729);
#9703 = B_SPLINE_CURVE_WITH_KNOTS('',3,(#9704,#9705,#9706,#9707,#9708,
    #9709,#9710,#9711,#9712,#9713,#9714,#9715,#9716,#9717,#9718,#9719,
    #9720,#9721,#9722,#9723,#9724,#9725,#9726,#9727,#9728),
  .UNSPECIFIED.,.F.,.F.,(4,1,1,1,1,1,1,1,1,1,1,1,1,1,1,1,1,1,1,1,1,1,4),
  (3.033272847075,3.043120102212,3.05296735735,3.062814612488,
    3.072661867626,3.082509122763,3.092356377901,3.102203633039,
    3.112050888177,3.121898143314,3.131745398452,3.14159265359,
    3.151439908728,3.161287163865,3.171134419003,3.180981674141,
    3.190828929278,3.200676184416,3.210523439554,3.220370694692,
    3.230217949829,3.240065204967,3.249912460105),
  .QUASI_UNIFORM_KNOTS.);
#9704 = CARTESIAN_POINT('',(6.960263664062,0.470078859674));
#9705 = CARTESIAN_POINT('',(6.963546082441,0.468863146491));
#9706 = CARTESIAN_POINT('',(6.9701109192,0.466541816823));
#9707 = CARTESIAN_POINT('',(6.979958174337,0.463390414846));
#9708 = CARTESIAN_POINT('',(6.989805429475,0.460569920413));
#9709 = CARTESIAN_POINT('',(6.999652684613,0.458080604492));
#9710 = CARTESIAN_POINT('',(7.009499939751,0.455922709143));
#9711 = CARTESIAN_POINT('',(7.019347194888,0.454096443432));
#9712 = CARTESIAN_POINT('',(7.029194450026,0.452601984495));
#9713 = CARTESIAN_POINT('',(7.039041705164,0.451439477233));
#9714 = CARTESIAN_POINT('',(7.048888960302,0.450609034377));
#9715 = CARTESIAN_POINT('',(7.058736215439,0.45011073645));
#9716 = CARTESIAN_POINT('',(7.068583470577,0.449944631772));
#9717 = CARTESIAN_POINT('',(7.078430725715,0.45011073645));
#9718 = CARTESIAN_POINT('',(7.088277980853,0.450609034377));
#9719 = CARTESIAN_POINT('',(7.09812523599,0.451439477233));
#9720 = CARTESIAN_POINT('',(7.107972491128,0.452601984495));
#9721 = CARTESIAN_POINT('',(7.117819746266,0.454096443432));
#9722 = CARTESIAN_POINT('',(7.127667001403,0.455922709143));
#9723 = CARTESIAN_POINT('',(7.137514256541,0.458080604492));
#9724 = CARTESIAN_POINT('',(7.147361511679,0.460569920413));
#9725 = CARTESIAN_POINT('',(7.157208766817,0.463390414846));
#9726 = CARTESIAN_POINT('',(7.167056021954,0.466541816823));
#9727 = CARTESIAN_POINT('',(7.173620858713,0.468863146491));
#9728 = CARTESIAN_POINT('',(7.176903277092,0.470078859674));
#9729 = ( GEOMETRIC_REPRESENTATION_CONTEXT(2) 
PARAMETRIC_REPRESENTATION_CONTEXT() REPRESENTATION_CONTEXT('2D SPACE',''
  ) );
#9730 = ADVANCED_FACE('',(#9731),#8506,.T.);
#9731 = FACE_BOUND('',#9732,.T.);
#9732 = EDGE_LOOP('',(#9733,#9734,#9735,#9758));
#9733 = ORIENTED_EDGE('',*,*,#8490,.F.);
#9734 = ORIENTED_EDGE('',*,*,#9662,.T.);
#9735 = ORIENTED_EDGE('',*,*,#9736,.F.);
#9736 = EDGE_CURVE('',#9737,#9663,#9739,.T.);
#9737 = VERTEX_POINT('',#9738);
#9738 = CARTESIAN_POINT('',(-2.897648310317,-3.604755091503,2.));
#9739 = SURFACE_CURVE('',#9740,(#9744,#9751),.PCURVE_S1.);
#9740 = LINE('',#9741,#9742);
#9741 = CARTESIAN_POINT('',(-2.897648310317,-3.604755091503,2.));
#9742 = VECTOR('',#9743,1.);
#9743 = DIRECTION('',(0.,6.6E-16,1.));
#9744 = PCURVE('',#8506,#9745);
#9745 = DEFINITIONAL_REPRESENTATION('',(#9746),#9750);
#9746 = LINE('',#9747,#9748);
#9747 = CARTESIAN_POINT('',(-0.491005952328,0.61764560198));
#9748 = VECTOR('',#9749,1.);
#9749 = DIRECTION('',(1.,8.340705973486E-17));
#9750 = ( GEOMETRIC_REPRESENTATION_CONTEXT(2) 
PARAMETRIC_REPRESENTATION_CONTEXT() REPRESENTATION_CONTEXT('2D SPACE',''
  ) );
#9751 = PCURVE('',#9477,#9752);
#9752 = DEFINITIONAL_REPRESENTATION('',(#9753),#9757);
#9753 = LINE('',#9754,#9755);
#9754 = CARTESIAN_POINT('',(7.176903277092,-2.442490654175E-15));
#9755 = VECTOR('',#9756,1.);
#9756 = DIRECTION('',(0.,1.));
#9757 = ( GEOMETRIC_REPRESENTATION_CONTEXT(2) 
PARAMETRIC_REPRESENTATION_CONTEXT() REPRESENTATION_CONTEXT('2D SPACE',''
  ) );
#9758 = ORIENTED_EDGE('',*,*,#9759,.T.);
#9759 = EDGE_CURVE('',#9737,#8491,#9760,.T.);
#9760 = SURFACE_CURVE('',#9761,(#9765,#9772),.PCURVE_S1.);
#9761 = LINE('',#9762,#9763);
#9762 = CARTESIAN_POINT('',(-2.916815472395,-3.623922253581,2.));
#9763 = VECTOR('',#9764,1.);
#9764 = DIRECTION('',(0.707106781187,0.707106781187,-4.440892098498E-16)
  );
#9765 = PCURVE('',#8506,#9766);
#9766 = DEFINITIONAL_REPRESENTATION('',(#9767),#9771);
#9767 = LINE('',#9768,#9769);
#9768 = CARTESIAN_POINT('',(-0.491005952328,0.644752062543));
#9769 = VECTOR('',#9770,1.);
#9770 = DIRECTION('',(1.060083254682E-16,-1.));
#9771 = ( GEOMETRIC_REPRESENTATION_CONTEXT(2) 
PARAMETRIC_REPRESENTATION_CONTEXT() REPRESENTATION_CONTEXT('2D SPACE',''
  ) );
#9772 = PCURVE('',#8535,#9773);
#9773 = DEFINITIONAL_REPRESENTATION('',(#9774),#9778);
#9774 = LINE('',#9775,#9776);
#9775 = CARTESIAN_POINT('',(2.916815472395,3.623922253581));
#9776 = VECTOR('',#9777,1.);
#9777 = DIRECTION('',(-0.707106781187,-0.707106781187));
#9778 = ( GEOMETRIC_REPRESENTATION_CONTEXT(2) 
PARAMETRIC_REPRESENTATION_CONTEXT() REPRESENTATION_CONTEXT('2D SPACE',''
  ) );
#9779 = ADVANCED_FACE('',(#9780),#8535,.T.);
#9780 = FACE_BOUND('',#9781,.T.);
#9781 = EDGE_LOOP('',(#9782,#9783,#9807,#9828));
#9782 = ORIENTED_EDGE('',*,*,#9759,.F.);
#9783 = ORIENTED_EDGE('',*,*,#9784,.T.);
#9784 = EDGE_CURVE('',#9737,#9785,#9787,.T.);
#9785 = VERTEX_POINT('',#9786);
#9786 = CARTESIAN_POINT('',(-0.5,-4.597893539437,2.));
#9787 = SURFACE_CURVE('',#9788,(#9793,#9800),.PCURVE_S1.);
#9788 = CIRCLE('',#9789,4.625);
#9789 = AXIS2_PLACEMENT_3D('',#9790,#9791,#9792);
#9790 = CARTESIAN_POINT('',(0.,1.33E-15,2.));
#9791 = DIRECTION('',(0.,6.6E-16,1.));
#9792 = DIRECTION('',(-1.,0.,0.));
#9793 = PCURVE('',#8535,#9794);
#9794 = DEFINITIONAL_REPRESENTATION('',(#9795),#9799);
#9795 = CIRCLE('',#9796,4.625);
#9796 = AXIS2_PLACEMENT_2D('',#9797,#9798);
#9797 = CARTESIAN_POINT('',(0.,0.));
#9798 = DIRECTION('',(1.,0.));
#9799 = ( GEOMETRIC_REPRESENTATION_CONTEXT(2) 
PARAMETRIC_REPRESENTATION_CONTEXT() REPRESENTATION_CONTEXT('2D SPACE',''
  ) );
#9800 = PCURVE('',#9477,#9801);
#9801 = DEFINITIONAL_REPRESENTATION('',(#9802),#9806);
#9802 = LINE('',#9803,#9804);
#9803 = CARTESIAN_POINT('',(6.28318530718,-5.709540910602E-16));
#9804 = VECTOR('',#9805,1.);
#9805 = DIRECTION('',(1.,3.904022274156E-16));
#9806 = ( GEOMETRIC_REPRESENTATION_CONTEXT(2) 
PARAMETRIC_REPRESENTATION_CONTEXT() REPRESENTATION_CONTEXT('2D SPACE',''
  ) );
#9807 = ORIENTED_EDGE('',*,*,#9808,.T.);
#9808 = EDGE_CURVE('',#9785,#8519,#9809,.T.);
#9809 = SURFACE_CURVE('',#9810,(#9814,#9821),.PCURVE_S1.);
#9810 = LINE('',#9811,#9812);
#9811 = CARTESIAN_POINT('',(-0.5,-4.625,2.));
#9812 = VECTOR('',#9813,1.);
#9813 = DIRECTION('',(0.,1.,-2.2E-16));
#9814 = PCURVE('',#8535,#9815);
#9815 = DEFINITIONAL_REPRESENTATION('',(#9816),#9820);
#9816 = LINE('',#9817,#9818);
#9817 = CARTESIAN_POINT('',(0.5,4.625));
#9818 = VECTOR('',#9819,1.);
#9819 = DIRECTION('',(0.,-1.));
#9820 = ( GEOMETRIC_REPRESENTATION_CONTEXT(2) 
PARAMETRIC_REPRESENTATION_CONTEXT() REPRESENTATION_CONTEXT('2D SPACE',''
  ) );
#9821 = PCURVE('',#8563,#9822);
#9822 = DEFINITIONAL_REPRESENTATION('',(#9823),#9827);
#9823 = LINE('',#9824,#9825);
#9824 = CARTESIAN_POINT('',(-0.491005952328,0.644752062543));
#9825 = VECTOR('',#9826,1.);
#9826 = DIRECTION('',(0.,-1.));
#9827 = ( GEOMETRIC_REPRESENTATION_CONTEXT(2) 
PARAMETRIC_REPRESENTATION_CONTEXT() REPRESENTATION_CONTEXT('2D SPACE',''
  ) );
#9828 = ORIENTED_EDGE('',*,*,#8518,.F.);
#9829 = ADVANCED_FACE('',(#9830),#8563,.F.);
#9830 = FACE_BOUND('',#9831,.T.);
#9831 = EDGE_LOOP('',(#9832,#9833,#9834,#9857));
#9832 = ORIENTED_EDGE('',*,*,#8547,.T.);
#9833 = ORIENTED_EDGE('',*,*,#9808,.F.);
#9834 = ORIENTED_EDGE('',*,*,#9835,.T.);
#9835 = EDGE_CURVE('',#9785,#9836,#9838,.T.);
#9836 = VERTEX_POINT('',#9837);
#9837 = CARTESIAN_POINT('',(-0.5,-4.597893539437,2.470078859676));
#9838 = SURFACE_CURVE('',#9839,(#9843,#9850),.PCURVE_S1.);
#9839 = LINE('',#9840,#9841);
#9840 = CARTESIAN_POINT('',(-0.5,-4.597893539437,2.));
#9841 = VECTOR('',#9842,1.);
#9842 = DIRECTION('',(0.,6.6E-16,1.));
#9843 = PCURVE('',#8563,#9844);
#9844 = DEFINITIONAL_REPRESENTATION('',(#9845),#9849);
#9845 = LINE('',#9846,#9847);
#9846 = CARTESIAN_POINT('',(-0.491005952328,0.61764560198));
#9847 = VECTOR('',#9848,1.);
#9848 = DIRECTION('',(1.,-4.4E-16));
#9849 = ( GEOMETRIC_REPRESENTATION_CONTEXT(2) 
PARAMETRIC_REPRESENTATION_CONTEXT() REPRESENTATION_CONTEXT('2D SPACE',''
  ) );
#9850 = PCURVE('',#9477,#9851);
#9851 = DEFINITIONAL_REPRESENTATION('',(#9852),#9856);
#9852 = LINE('',#9853,#9854);
#9853 = CARTESIAN_POINT('',(7.745661827459,-3.10862446895E-15));
#9854 = VECTOR('',#9855,1.);
#9855 = DIRECTION('',(0.,1.));
#9856 = ( GEOMETRIC_REPRESENTATION_CONTEXT(2) 
PARAMETRIC_REPRESENTATION_CONTEXT() REPRESENTATION_CONTEXT('2D SPACE',''
  ) );
#9857 = ORIENTED_EDGE('',*,*,#9858,.F.);
#9858 = EDGE_CURVE('',#8548,#9836,#9859,.T.);
#9859 = SURFACE_CURVE('',#9860,(#9864,#9871),.PCURVE_S1.);
#9860 = LINE('',#9861,#9862);
#9861 = CARTESIAN_POINT('',(-0.5,-3.545,3.25));
#9862 = VECTOR('',#9863,1.);
#9863 = DIRECTION('',(0.,-0.803557193345,-0.595227550626));
#9864 = PCURVE('',#8563,#9865);
#9865 = DEFINITIONAL_REPRESENTATION('',(#9866),#9870);
#9866 = LINE('',#9867,#9868);
#9867 = CARTESIAN_POINT('',(0.758994047672,-0.435247937457));
#9868 = VECTOR('',#9869,1.);
#9869 = DIRECTION('',(-0.595227550626,0.803557193345));
#9870 = ( GEOMETRIC_REPRESENTATION_CONTEXT(2) 
PARAMETRIC_REPRESENTATION_CONTEXT() REPRESENTATION_CONTEXT('2D SPACE',''
  ) );
#9871 = PCURVE('',#8614,#9872);
#9872 = DEFINITIONAL_REPRESENTATION('',(#9873),#9877);
#9873 = LINE('',#9874,#9875);
#9874 = CARTESIAN_POINT('',(-4.334132638487E-18,-1.));
#9875 = VECTOR('',#9876,1.);
#9876 = DIRECTION('',(1.,2.599999999999E-16));
#9877 = ( GEOMETRIC_REPRESENTATION_CONTEXT(2) 
PARAMETRIC_REPRESENTATION_CONTEXT() REPRESENTATION_CONTEXT('2D SPACE',''
  ) );
#9878 = ADVANCED_FACE('',(#9879),#8614,.T.);
#9879 = FACE_BOUND('',#9880,.T.);
#9880 = EDGE_LOOP('',(#9881,#9904,#9905,#9906));
#9881 = ORIENTED_EDGE('',*,*,#9882,.F.);
#9882 = EDGE_CURVE('',#8576,#9883,#9885,.T.);
#9883 = VERTEX_POINT('',#9884);
#9884 = CARTESIAN_POINT('',(0.5,-4.597893539437,2.470078859676));
#9885 = SURFACE_CURVE('',#9886,(#9890,#9897),.PCURVE_S1.);
#9886 = LINE('',#9887,#9888);
#9887 = CARTESIAN_POINT('',(0.5,-3.545,3.25));
#9888 = VECTOR('',#9889,1.);
#9889 = DIRECTION('',(0.,-0.803557193345,-0.595227550626));
#9890 = PCURVE('',#8614,#9891);
#9891 = DEFINITIONAL_REPRESENTATION('',(#9892),#9896);
#9892 = LINE('',#9893,#9894);
#9893 = CARTESIAN_POINT('',(-0.,0.));
#9894 = VECTOR('',#9895,1.);
#9895 = DIRECTION('',(1.,2.599999999999E-16));
#9896 = ( GEOMETRIC_REPRESENTATION_CONTEXT(2) 
PARAMETRIC_REPRESENTATION_CONTEXT() REPRESENTATION_CONTEXT('2D SPACE',''
  ) );
#9897 = PCURVE('',#8642,#9898);
#9898 = DEFINITIONAL_REPRESENTATION('',(#9899),#9903);
#9899 = LINE('',#9900,#9901);
#9900 = CARTESIAN_POINT('',(0.758994047672,-0.435247937457));
#9901 = VECTOR('',#9902,1.);
#9902 = DIRECTION('',(-0.595227550626,0.803557193345));
#9903 = ( GEOMETRIC_REPRESENTATION_CONTEXT(2) 
PARAMETRIC_REPRESENTATION_CONTEXT() REPRESENTATION_CONTEXT('2D SPACE',''
  ) );
#9904 = ORIENTED_EDGE('',*,*,#8575,.F.);
#9905 = ORIENTED_EDGE('',*,*,#9858,.T.);
#9906 = ORIENTED_EDGE('',*,*,#9907,.T.);
#9907 = EDGE_CURVE('',#9836,#9883,#9908,.T.);
#9908 = SURFACE_CURVE('',#9909,(#9914,#9921),.PCURVE_S1.);
#9909 = ELLIPSE('',#9910,5.755657516734,4.625);
#9910 = AXIS2_PLACEMENT_3D('',#9911,#9912,#9913);
#9911 = CARTESIAN_POINT('',(0.,3.91E-15,5.875925925926));
#9912 = DIRECTION('',(4.999999999998E-17,-0.595227550626,0.803557193345)
  );
#9913 = DIRECTION('',(-5.999999999998E-17,0.803557193345,0.595227550626)
  );
#9914 = PCURVE('',#8614,#9915);
#9915 = DEFINITIONAL_REPRESENTATION('',(#9916),#9920);
#9916 = ELLIPSE('',#9917,5.755657516734,4.625);
#9917 = AXIS2_PLACEMENT_2D('',#9918,#9919);
#9918 = CARTESIAN_POINT('',(-4.411633707421,-0.5));
#9919 = DIRECTION('',(-1.,-3.199999999999E-16));
#9920 = ( GEOMETRIC_REPRESENTATION_CONTEXT(2) 
PARAMETRIC_REPRESENTATION_CONTEXT() REPRESENTATION_CONTEXT('2D SPACE',''
  ) );
#9921 = PCURVE('',#9477,#9922);
#9922 = DEFINITIONAL_REPRESENTATION('',(#9923),#9949);
#9923 = B_SPLINE_CURVE_WITH_KNOTS('',3,(#9924,#9925,#9926,#9927,#9928,
    #9929,#9930,#9931,#9932,#9933,#9934,#9935,#9936,#9937,#9938,#9939,
    #9940,#9941,#9942,#9943,#9944,#9945,#9946,#9947,#9948),
  .UNSPECIFIED.,.F.,.F.,(4,1,1,1,1,1,1,1,1,1,1,1,1,1,1,1,1,1,1,1,1,1,4),
  (3.033272847075,3.043120102212,3.05296735735,3.062814612488,
    3.072661867626,3.082509122763,3.092356377901,3.102203633039,
    3.112050888177,3.121898143314,3.131745398452,3.14159265359,
    3.151439908728,3.161287163865,3.171134419003,3.180981674141,
    3.190828929278,3.200676184416,3.210523439554,3.220370694692,
    3.230217949829,3.240065204967,3.249912460105),
  .QUASI_UNIFORM_KNOTS.);
#9924 = CARTESIAN_POINT('',(7.745661827459,0.470078859676));
#9925 = CARTESIAN_POINT('',(7.748944245839,0.468863146493));
#9926 = CARTESIAN_POINT('',(7.755509082597,0.466541816825));
#9927 = CARTESIAN_POINT('',(7.765356337735,0.463390414848));
#9928 = CARTESIAN_POINT('',(7.775203592873,0.460569920415));
#9929 = CARTESIAN_POINT('',(7.78505084801,0.458080604493));
#9930 = CARTESIAN_POINT('',(7.794898103148,0.455922709145));
#9931 = CARTESIAN_POINT('',(7.804745358286,0.454096443433));
#9932 = CARTESIAN_POINT('',(7.814592613424,0.452601984496));
#9933 = CARTESIAN_POINT('',(7.824439868561,0.451439477235));
#9934 = CARTESIAN_POINT('',(7.834287123699,0.450609034378));
#9935 = CARTESIAN_POINT('',(7.844134378837,0.450110736451));
#9936 = CARTESIAN_POINT('',(7.853981633974,0.449944631774));
#9937 = CARTESIAN_POINT('',(7.863828889112,0.450110736451));
#9938 = CARTESIAN_POINT('',(7.87367614425,0.450609034378));
#9939 = CARTESIAN_POINT('',(7.883523399388,0.451439477235));
#9940 = CARTESIAN_POINT('',(7.893370654525,0.452601984496));
#9941 = CARTESIAN_POINT('',(7.903217909663,0.454096443433));
#9942 = CARTESIAN_POINT('',(7.913065164801,0.455922709145));
#9943 = CARTESIAN_POINT('',(7.922912419939,0.458080604493));
#9944 = CARTESIAN_POINT('',(7.932759675076,0.460569920415));
#9945 = CARTESIAN_POINT('',(7.942606930214,0.463390414848));
#9946 = CARTESIAN_POINT('',(7.952454185352,0.466541816825));
#9947 = CARTESIAN_POINT('',(7.95901902211,0.468863146493));
#9948 = CARTESIAN_POINT('',(7.96230144049,0.470078859676));
#9949 = ( GEOMETRIC_REPRESENTATION_CONTEXT(2) 
PARAMETRIC_REPRESENTATION_CONTEXT() REPRESENTATION_CONTEXT('2D SPACE',''
  ) );
#9950 = ADVANCED_FACE('',(#9951),#8642,.T.);
#9951 = FACE_BOUND('',#9952,.T.);
#9952 = EDGE_LOOP('',(#9953,#9954,#9955,#9978));
#9953 = ORIENTED_EDGE('',*,*,#8626,.F.);
#9954 = ORIENTED_EDGE('',*,*,#9882,.T.);
#9955 = ORIENTED_EDGE('',*,*,#9956,.F.);
#9956 = EDGE_CURVE('',#9957,#9883,#9959,.T.);
#9957 = VERTEX_POINT('',#9958);
#9958 = CARTESIAN_POINT('',(0.5,-4.597893539437,2.));
#9959 = SURFACE_CURVE('',#9960,(#9964,#9971),.PCURVE_S1.);
#9960 = LINE('',#9961,#9962);
#9961 = CARTESIAN_POINT('',(0.5,-4.597893539437,2.));
#9962 = VECTOR('',#9963,1.);
#9963 = DIRECTION('',(0.,6.6E-16,1.));
#9964 = PCURVE('',#8642,#9965);
#9965 = DEFINITIONAL_REPRESENTATION('',(#9966),#9970);
#9966 = LINE('',#9967,#9968);
#9967 = CARTESIAN_POINT('',(-0.491005952328,0.61764560198));
#9968 = VECTOR('',#9969,1.);
#9969 = DIRECTION('',(1.,-4.4E-16));
#9970 = ( GEOMETRIC_REPRESENTATION_CONTEXT(2) 
PARAMETRIC_REPRESENTATION_CONTEXT() REPRESENTATION_CONTEXT('2D SPACE',''
  ) );
#9971 = PCURVE('',#9477,#9972);
#9972 = DEFINITIONAL_REPRESENTATION('',(#9973),#9977);
#9973 = LINE('',#9974,#9975);
#9974 = CARTESIAN_POINT('',(7.96230144049,-3.10862446895E-15));
#9975 = VECTOR('',#9976,1.);
#9976 = DIRECTION('',(0.,1.));
#9977 = ( GEOMETRIC_REPRESENTATION_CONTEXT(2) 
PARAMETRIC_REPRESENTATION_CONTEXT() REPRESENTATION_CONTEXT('2D SPACE',''
  ) );
#9978 = ORIENTED_EDGE('',*,*,#9979,.T.);
#9979 = EDGE_CURVE('',#9957,#8627,#9980,.T.);
#9980 = SURFACE_CURVE('',#9981,(#9985,#9992),.PCURVE_S1.);
#9981 = LINE('',#9982,#9983);
#9982 = CARTESIAN_POINT('',(0.5,-4.625,2.));
#9983 = VECTOR('',#9984,1.);
#9984 = DIRECTION('',(0.,1.,-2.2E-16));
#9985 = PCURVE('',#8642,#9986);
#9986 = DEFINITIONAL_REPRESENTATION('',(#9987),#9991);
#9987 = LINE('',#9988,#9989);
#9988 = CARTESIAN_POINT('',(-0.491005952328,0.644752062543));
#9989 = VECTOR('',#9990,1.);
#9990 = DIRECTION('',(0.,-1.));
#9991 = ( GEOMETRIC_REPRESENTATION_CONTEXT(2) 
PARAMETRIC_REPRESENTATION_CONTEXT() REPRESENTATION_CONTEXT('2D SPACE',''
  ) );
#9992 = PCURVE('',#8671,#9993);
#9993 = DEFINITIONAL_REPRESENTATION('',(#9994),#9998);
#9994 = LINE('',#9995,#9996);
#9995 = CARTESIAN_POINT('',(-0.5,4.625));
#9996 = VECTOR('',#9997,1.);
#9997 = DIRECTION('',(0.,-1.));
#9998 = ( GEOMETRIC_REPRESENTATION_CONTEXT(2) 
PARAMETRIC_REPRESENTATION_CONTEXT() REPRESENTATION_CONTEXT('2D SPACE',''
  ) );
#9999 = ADVANCED_FACE('',(#10000),#8671,.T.);
#10000 = FACE_BOUND('',#10001,.T.);
#10001 = EDGE_LOOP('',(#10002,#10003,#10027,#10048));
#10002 = ORIENTED_EDGE('',*,*,#9979,.F.);
#10003 = ORIENTED_EDGE('',*,*,#10004,.T.);
#10004 = EDGE_CURVE('',#9957,#10005,#10007,.T.);
#10005 = VERTEX_POINT('',#10006);
#10006 = CARTESIAN_POINT('',(2.897648310317,-3.604755091503,2.));
#10007 = SURFACE_CURVE('',#10008,(#10013,#10020),.PCURVE_S1.);
#10008 = CIRCLE('',#10009,4.625);
#10009 = AXIS2_PLACEMENT_3D('',#10010,#10011,#10012);
#10010 = CARTESIAN_POINT('',(0.,1.33E-15,2.));
#10011 = DIRECTION('',(0.,6.6E-16,1.));
#10012 = DIRECTION('',(-1.,0.,0.));
#10013 = PCURVE('',#8671,#10014);
#10014 = DEFINITIONAL_REPRESENTATION('',(#10015),#10019);
#10015 = CIRCLE('',#10016,4.625);
#10016 = AXIS2_PLACEMENT_2D('',#10017,#10018);
#10017 = CARTESIAN_POINT('',(0.,0.));
#10018 = DIRECTION('',(1.,0.));
#10019 = ( GEOMETRIC_REPRESENTATION_CONTEXT(2) 
PARAMETRIC_REPRESENTATION_CONTEXT() REPRESENTATION_CONTEXT('2D SPACE',''
  ) );
#10020 = PCURVE('',#9477,#10021);
#10021 = DEFINITIONAL_REPRESENTATION('',(#10022),#10026);
#10022 = LINE('',#10023,#10024);
#10023 = CARTESIAN_POINT('',(6.28318530718,6.555306785336E-16));
#10024 = VECTOR('',#10025,1.);
#10025 = DIRECTION('',(1.,-3.904022274156E-16));
#10026 = ( GEOMETRIC_REPRESENTATION_CONTEXT(2) 
PARAMETRIC_REPRESENTATION_CONTEXT() REPRESENTATION_CONTEXT('2D SPACE',''
  ) );
#10027 = ORIENTED_EDGE('',*,*,#10028,.T.);
#10028 = EDGE_CURVE('',#10005,#8655,#10029,.T.);
#10029 = SURFACE_CURVE('',#10030,(#10034,#10041),.PCURVE_S1.);
#10030 = LINE('',#10031,#10032);
#10031 = CARTESIAN_POINT('',(2.916815472395,-3.623922253581,2.));
#10032 = VECTOR('',#10033,1.);
#10033 = DIRECTION('',(-0.707106781187,0.707106781187,
    -1.665334536937E-16));
#10034 = PCURVE('',#8671,#10035);
#10035 = DEFINITIONAL_REPRESENTATION('',(#10036),#10040);
#10036 = LINE('',#10037,#10038);
#10037 = CARTESIAN_POINT('',(-2.916815472395,3.623922253581));
#10038 = VECTOR('',#10039,1.);
#10039 = DIRECTION('',(0.707106781187,-0.707106781187));
#10040 = ( GEOMETRIC_REPRESENTATION_CONTEXT(2) 
PARAMETRIC_REPRESENTATION_CONTEXT() REPRESENTATION_CONTEXT('2D SPACE',''
  ) );
#10041 = PCURVE('',#8699,#10042);
#10042 = DEFINITIONAL_REPRESENTATION('',(#10043),#10047);
#10043 = LINE('',#10044,#10045);
#10044 = CARTESIAN_POINT('',(-0.491005952328,0.644752062543));
#10045 = VECTOR('',#10046,1.);
#10046 = DIRECTION('',(-1.272811422266E-16,-1.));
#10047 = ( GEOMETRIC_REPRESENTATION_CONTEXT(2) 
PARAMETRIC_REPRESENTATION_CONTEXT() REPRESENTATION_CONTEXT('2D SPACE',''
  ) );
#10048 = ORIENTED_EDGE('',*,*,#8654,.F.);
#10049 = ADVANCED_FACE('',(#10050),#8699,.F.);
#10050 = FACE_BOUND('',#10051,.T.);
#10051 = EDGE_LOOP('',(#10052,#10053,#10054,#10077));
#10052 = ORIENTED_EDGE('',*,*,#8683,.T.);
#10053 = ORIENTED_EDGE('',*,*,#10028,.F.);
#10054 = ORIENTED_EDGE('',*,*,#10055,.T.);
#10055 = EDGE_CURVE('',#10005,#10056,#10058,.T.);
#10056 = VERTEX_POINT('',#10057);
#10057 = CARTESIAN_POINT('',(2.897648310317,-3.604755091503,
    2.470078859676));
#10058 = SURFACE_CURVE('',#10059,(#10063,#10070),.PCURVE_S1.);
#10059 = LINE('',#10060,#10061);
#10060 = CARTESIAN_POINT('',(2.897648310317,-3.604755091503,2.));
#10061 = VECTOR('',#10062,1.);
#10062 = DIRECTION('',(0.,6.6E-16,1.));
#10063 = PCURVE('',#8699,#10064);
#10064 = DEFINITIONAL_REPRESENTATION('',(#10065),#10069);
#10065 = LINE('',#10066,#10067);
#10066 = CARTESIAN_POINT('',(-0.491005952328,0.61764560198));
#10067 = VECTOR('',#10068,1.);
#10068 = DIRECTION('',(1.,-4.27438164116E-16));
#10069 = ( GEOMETRIC_REPRESENTATION_CONTEXT(2) 
PARAMETRIC_REPRESENTATION_CONTEXT() REPRESENTATION_CONTEXT('2D SPACE',''
  ) );
#10070 = PCURVE('',#9477,#10071);
#10071 = DEFINITIONAL_REPRESENTATION('',(#10072),#10076);
#10072 = LINE('',#10073,#10074);
#10073 = CARTESIAN_POINT('',(8.531059990857,-2.442490654175E-15));
#10074 = VECTOR('',#10075,1.);
#10075 = DIRECTION('',(0.,1.));
#10076 = ( GEOMETRIC_REPRESENTATION_CONTEXT(2) 
PARAMETRIC_REPRESENTATION_CONTEXT() REPRESENTATION_CONTEXT('2D SPACE',''
  ) );
#10077 = ORIENTED_EDGE('',*,*,#10078,.F.);
#10078 = EDGE_CURVE('',#8684,#10056,#10079,.T.);
#10079 = SURFACE_CURVE('',#10080,(#10084,#10091),.PCURVE_S1.);
#10080 = LINE('',#10081,#10082);
#10081 = CARTESIAN_POINT('',(2.153140148713,-2.8602469299,3.25));
#10082 = VECTOR('',#10083,1.);
#10083 = DIRECTION('',(0.568200740485,-0.568200740485,-0.595227550626));
#10084 = PCURVE('',#8699,#10085);
#10085 = DEFINITIONAL_REPRESENTATION('',(#10086),#10090);
#10086 = LINE('',#10087,#10088);
#10087 = CARTESIAN_POINT('',(0.758994047672,-0.435247937457));
#10088 = VECTOR('',#10089,1.);
#10089 = DIRECTION('',(-0.595227550626,0.803557193344));
#10090 = ( GEOMETRIC_REPRESENTATION_CONTEXT(2) 
PARAMETRIC_REPRESENTATION_CONTEXT() REPRESENTATION_CONTEXT('2D SPACE',''
  ) );
#10091 = PCURVE('',#8750,#10092);
#10092 = DEFINITIONAL_REPRESENTATION('',(#10093),#10097);
#10093 = LINE('',#10094,#10095);
#10094 = CARTESIAN_POINT('',(0.,-1.000000000001));
#10095 = VECTOR('',#10096,1.);
#10096 = DIRECTION('',(1.,0.));
#10097 = ( GEOMETRIC_REPRESENTATION_CONTEXT(2) 
PARAMETRIC_REPRESENTATION_CONTEXT() REPRESENTATION_CONTEXT('2D SPACE',''
  ) );
#10098 = ADVANCED_FACE('',(#10099),#8750,.T.);
#10099 = FACE_BOUND('',#10100,.T.);
#10100 = EDGE_LOOP('',(#10101,#10124,#10125,#10126));
#10101 = ORIENTED_EDGE('',*,*,#10102,.F.);
#10102 = EDGE_CURVE('',#8712,#10103,#10105,.T.);
#10103 = VERTEX_POINT('',#10104);
#10104 = CARTESIAN_POINT('',(3.604755091503,-2.897648310317,
    2.470078859676));
#10105 = SURFACE_CURVE('',#10106,(#10110,#10117),.PCURVE_S1.);
#10106 = LINE('',#10107,#10108);
#10107 = CARTESIAN_POINT('',(2.8602469299,-2.153140148713,3.25));
#10108 = VECTOR('',#10109,1.);
#10109 = DIRECTION('',(0.568200740485,-0.568200740485,-0.595227550626));
#10110 = PCURVE('',#8750,#10111);
#10111 = DEFINITIONAL_REPRESENTATION('',(#10112),#10116);
#10112 = LINE('',#10113,#10114);
#10113 = CARTESIAN_POINT('',(0.,0.));
#10114 = VECTOR('',#10115,1.);
#10115 = DIRECTION('',(1.,0.));
#10116 = ( GEOMETRIC_REPRESENTATION_CONTEXT(2) 
PARAMETRIC_REPRESENTATION_CONTEXT() REPRESENTATION_CONTEXT('2D SPACE',''
  ) );
#10117 = PCURVE('',#8778,#10118);
#10118 = DEFINITIONAL_REPRESENTATION('',(#10119),#10123);
#10119 = LINE('',#10120,#10121);
#10120 = CARTESIAN_POINT('',(0.758994047672,-0.435247937457));
#10121 = VECTOR('',#10122,1.);
#10122 = DIRECTION('',(-0.595227550626,0.803557193344));
#10123 = ( GEOMETRIC_REPRESENTATION_CONTEXT(2) 
PARAMETRIC_REPRESENTATION_CONTEXT() REPRESENTATION_CONTEXT('2D SPACE',''
  ) );
#10124 = ORIENTED_EDGE('',*,*,#8711,.F.);
#10125 = ORIENTED_EDGE('',*,*,#10078,.T.);
#10126 = ORIENTED_EDGE('',*,*,#10127,.T.);
#10127 = EDGE_CURVE('',#10056,#10103,#10128,.T.);
#10128 = SURFACE_CURVE('',#10129,(#10134,#10141),.PCURVE_S1.);
#10129 = ELLIPSE('',#10130,5.755657516734,4.625);
#10130 = AXIS2_PLACEMENT_3D('',#10131,#10132,#10133);
#10131 = CARTESIAN_POINT('',(0.,3.91E-15,5.875925925926));
#10132 = DIRECTION('',(0.420889437397,-0.420889437397,0.803557193345));
#10133 = DIRECTION('',(-0.568200740485,0.568200740485,0.595227550626));
#10134 = PCURVE('',#8750,#10135);
#10135 = DEFINITIONAL_REPRESENTATION('',(#10136),#10140);
#10136 = ELLIPSE('',#10137,5.755657516734,4.625);
#10137 = AXIS2_PLACEMENT_2D('',#10138,#10139);
#10138 = CARTESIAN_POINT('',(-4.411633707421,-0.5));
#10139 = DIRECTION('',(-1.,0.));
#10140 = ( GEOMETRIC_REPRESENTATION_CONTEXT(2) 
PARAMETRIC_REPRESENTATION_CONTEXT() REPRESENTATION_CONTEXT('2D SPACE',''
  ) );
#10141 = PCURVE('',#9477,#10142);
#10142 = DEFINITIONAL_REPRESENTATION('',(#10143),#10169);
#10143 = B_SPLINE_CURVE_WITH_KNOTS('',3,(#10144,#10145,#10146,#10147,
    #10148,#10149,#10150,#10151,#10152,#10153,#10154,#10155,#10156,
    #10157,#10158,#10159,#10160,#10161,#10162,#10163,#10164,#10165,
    #10166,#10167,#10168),.UNSPECIFIED.,.F.,.F.,(4,1,1,1,1,1,1,1,1,1,1,1
    ,1,1,1,1,1,1,1,1,1,1,4),(3.033272847075,3.043120102212,3.05296735735
    ,3.062814612488,3.072661867626,3.082509122763,3.092356377901,
    3.102203633039,3.112050888177,3.121898143314,3.131745398452,
    3.14159265359,3.151439908728,3.161287163865,3.171134419003,
    3.180981674141,3.190828929278,3.200676184416,3.210523439554,
    3.220370694692,3.230217949829,3.240065204967,3.249912460105),
  .QUASI_UNIFORM_KNOTS.);
#10144 = CARTESIAN_POINT('',(8.531059990857,0.470078859674));
#10145 = CARTESIAN_POINT('',(8.534342409236,0.468863146491));
#10146 = CARTESIAN_POINT('',(8.540907245995,0.466541816823));
#10147 = CARTESIAN_POINT('',(8.550754501132,0.463390414846));
#10148 = CARTESIAN_POINT('',(8.56060175627,0.460569920413));
#10149 = CARTESIAN_POINT('',(8.570449011408,0.458080604492));
#10150 = CARTESIAN_POINT('',(8.580296266546,0.455922709143));
#10151 = CARTESIAN_POINT('',(8.590143521683,0.454096443432));
#10152 = CARTESIAN_POINT('',(8.599990776821,0.452601984495));
#10153 = CARTESIAN_POINT('',(8.609838031959,0.451439477233));
#10154 = CARTESIAN_POINT('',(8.619685287096,0.450609034377));
#10155 = CARTESIAN_POINT('',(8.629532542234,0.45011073645));
#10156 = CARTESIAN_POINT('',(8.639379797372,0.449944631772));
#10157 = CARTESIAN_POINT('',(8.64922705251,0.45011073645));
#10158 = CARTESIAN_POINT('',(8.659074307647,0.450609034377));
#10159 = CARTESIAN_POINT('',(8.668921562785,0.451439477233));
#10160 = CARTESIAN_POINT('',(8.678768817923,0.452601984495));
#10161 = CARTESIAN_POINT('',(8.688616073061,0.454096443432));
#10162 = CARTESIAN_POINT('',(8.698463328198,0.455922709143));
#10163 = CARTESIAN_POINT('',(8.708310583336,0.458080604492));
#10164 = CARTESIAN_POINT('',(8.718157838474,0.460569920413));
#10165 = CARTESIAN_POINT('',(8.728005093612,0.463390414846));
#10166 = CARTESIAN_POINT('',(8.737852348749,0.466541816823));
#10167 = CARTESIAN_POINT('',(8.744417185508,0.468863146491));
#10168 = CARTESIAN_POINT('',(8.747699603887,0.470078859674));
#10169 = ( GEOMETRIC_REPRESENTATION_CONTEXT(2) 
PARAMETRIC_REPRESENTATION_CONTEXT() REPRESENTATION_CONTEXT('2D SPACE',''
  ) );
#10170 = ADVANCED_FACE('',(#10171),#8778,.T.);
#10171 = FACE_BOUND('',#10172,.T.);
#10172 = EDGE_LOOP('',(#10173,#10174,#10175,#10198));
#10173 = ORIENTED_EDGE('',*,*,#8762,.F.);
#10174 = ORIENTED_EDGE('',*,*,#10102,.T.);
#10175 = ORIENTED_EDGE('',*,*,#10176,.F.);
#10176 = EDGE_CURVE('',#10177,#10103,#10179,.T.);
#10177 = VERTEX_POINT('',#10178);
#10178 = CARTESIAN_POINT('',(3.604755091503,-2.897648310317,2.));
#10179 = SURFACE_CURVE('',#10180,(#10184,#10191),.PCURVE_S1.);
#10180 = LINE('',#10181,#10182);
#10181 = CARTESIAN_POINT('',(3.604755091503,-2.897648310317,2.));
#10182 = VECTOR('',#10183,1.);
#10183 = DIRECTION('',(0.,6.6E-16,1.));
#10184 = PCURVE('',#8778,#10185);
#10185 = DEFINITIONAL_REPRESENTATION('',(#10186),#10190);
#10186 = LINE('',#10187,#10188);
#10187 = CARTESIAN_POINT('',(-0.491005952328,0.61764560198));
#10188 = VECTOR('',#10189,1.);
#10189 = DIRECTION('',(1.,-4.27438164116E-16));
#10190 = ( GEOMETRIC_REPRESENTATION_CONTEXT(2) 
PARAMETRIC_REPRESENTATION_CONTEXT() REPRESENTATION_CONTEXT('2D SPACE',''
  ) );
#10191 = PCURVE('',#9477,#10192);
#10192 = DEFINITIONAL_REPRESENTATION('',(#10193),#10197);
#10193 = LINE('',#10194,#10195);
#10194 = CARTESIAN_POINT('',(8.747699603887,-1.998401444325E-15));
#10195 = VECTOR('',#10196,1.);
#10196 = DIRECTION('',(0.,1.));
#10197 = ( GEOMETRIC_REPRESENTATION_CONTEXT(2) 
PARAMETRIC_REPRESENTATION_CONTEXT() REPRESENTATION_CONTEXT('2D SPACE',''
  ) );
#10198 = ORIENTED_EDGE('',*,*,#10199,.T.);
#10199 = EDGE_CURVE('',#10177,#8763,#10200,.T.);
#10200 = SURFACE_CURVE('',#10201,(#10205,#10212),.PCURVE_S1.);
#10201 = LINE('',#10202,#10203);
#10202 = CARTESIAN_POINT('',(3.623922253581,-2.916815472395,2.));
#10203 = VECTOR('',#10204,1.);
#10204 = DIRECTION('',(-0.707106781187,0.707106781187,
    -1.665334536937E-16));
#10205 = PCURVE('',#8778,#10206);
#10206 = DEFINITIONAL_REPRESENTATION('',(#10207),#10211);
#10207 = LINE('',#10208,#10209);
#10208 = CARTESIAN_POINT('',(-0.491005952328,0.644752062543));
#10209 = VECTOR('',#10210,1.);
#10210 = DIRECTION('',(-1.272811422266E-16,-1.));
#10211 = ( GEOMETRIC_REPRESENTATION_CONTEXT(2) 
PARAMETRIC_REPRESENTATION_CONTEXT() REPRESENTATION_CONTEXT('2D SPACE',''
  ) );
#10212 = PCURVE('',#8807,#10213);
#10213 = DEFINITIONAL_REPRESENTATION('',(#10214),#10218);
#10214 = LINE('',#10215,#10216);
#10215 = CARTESIAN_POINT('',(-3.623922253581,2.916815472395));
#10216 = VECTOR('',#10217,1.);
#10217 = DIRECTION('',(0.707106781187,-0.707106781187));
#10218 = ( GEOMETRIC_REPRESENTATION_CONTEXT(2) 
PARAMETRIC_REPRESENTATION_CONTEXT() REPRESENTATION_CONTEXT('2D SPACE',''
  ) );
#10219 = ADVANCED_FACE('',(#10220),#8807,.T.);
#10220 = FACE_BOUND('',#10221,.T.);
#10221 = EDGE_LOOP('',(#10222,#10223,#10247,#10268));
#10222 = ORIENTED_EDGE('',*,*,#10199,.F.);
#10223 = ORIENTED_EDGE('',*,*,#10224,.T.);
#10224 = EDGE_CURVE('',#10177,#10225,#10227,.T.);
#10225 = VERTEX_POINT('',#10226);
#10226 = CARTESIAN_POINT('',(4.597893539437,-0.5,2.));
#10227 = SURFACE_CURVE('',#10228,(#10233,#10240),.PCURVE_S1.);
#10228 = CIRCLE('',#10229,4.625);
#10229 = AXIS2_PLACEMENT_3D('',#10230,#10231,#10232);
#10230 = CARTESIAN_POINT('',(0.,1.33E-15,2.));
#10231 = DIRECTION('',(0.,6.6E-16,1.));
#10232 = DIRECTION('',(-1.,0.,0.));
#10233 = PCURVE('',#8807,#10234);
#10234 = DEFINITIONAL_REPRESENTATION('',(#10235),#10239);
#10235 = CIRCLE('',#10236,4.625);
#10236 = AXIS2_PLACEMENT_2D('',#10237,#10238);
#10237 = CARTESIAN_POINT('',(0.,0.));
#10238 = DIRECTION('',(1.,0.));
#10239 = ( GEOMETRIC_REPRESENTATION_CONTEXT(2) 
PARAMETRIC_REPRESENTATION_CONTEXT() REPRESENTATION_CONTEXT('2D SPACE',''
  ) );
#10240 = PCURVE('',#9477,#10241);
#10241 = DEFINITIONAL_REPRESENTATION('',(#10242),#10246);
#10242 = LINE('',#10243,#10244);
#10243 = CARTESIAN_POINT('',(6.28318530718,-1.184196475857E-15));
#10244 = VECTOR('',#10245,1.);
#10245 = DIRECTION('',(1.,3.904022274156E-16));
#10246 = ( GEOMETRIC_REPRESENTATION_CONTEXT(2) 
PARAMETRIC_REPRESENTATION_CONTEXT() REPRESENTATION_CONTEXT('2D SPACE',''
  ) );
#10247 = ORIENTED_EDGE('',*,*,#10248,.T.);
#10248 = EDGE_CURVE('',#10225,#8791,#10249,.T.);
#10249 = SURFACE_CURVE('',#10250,(#10254,#10261),.PCURVE_S1.);
#10250 = LINE('',#10251,#10252);
#10251 = CARTESIAN_POINT('',(4.625,-0.5,2.));
#10252 = VECTOR('',#10253,1.);
#10253 = DIRECTION('',(-1.,0.,0.));
#10254 = PCURVE('',#8807,#10255);
#10255 = DEFINITIONAL_REPRESENTATION('',(#10256),#10260);
#10256 = LINE('',#10257,#10258);
#10257 = CARTESIAN_POINT('',(-4.625,0.5));
#10258 = VECTOR('',#10259,1.);
#10259 = DIRECTION('',(1.,0.));
#10260 = ( GEOMETRIC_REPRESENTATION_CONTEXT(2) 
PARAMETRIC_REPRESENTATION_CONTEXT() REPRESENTATION_CONTEXT('2D SPACE',''
  ) );
#10261 = PCURVE('',#8835,#10262);
#10262 = DEFINITIONAL_REPRESENTATION('',(#10263),#10267);
#10263 = LINE('',#10264,#10265);
#10264 = CARTESIAN_POINT('',(-0.491005952328,0.644752062543));
#10265 = VECTOR('',#10266,1.);
#10266 = DIRECTION('',(0.,-1.));
#10267 = ( GEOMETRIC_REPRESENTATION_CONTEXT(2) 
PARAMETRIC_REPRESENTATION_CONTEXT() REPRESENTATION_CONTEXT('2D SPACE',''
  ) );
#10268 = ORIENTED_EDGE('',*,*,#8790,.F.);
#10269 = ADVANCED_FACE('',(#10270),#8835,.F.);
#10270 = FACE_BOUND('',#10271,.T.);
#10271 = EDGE_LOOP('',(#10272,#10273,#10274,#10297));
#10272 = ORIENTED_EDGE('',*,*,#8819,.T.);
#10273 = ORIENTED_EDGE('',*,*,#10248,.F.);
#10274 = ORIENTED_EDGE('',*,*,#10275,.T.);
#10275 = EDGE_CURVE('',#10225,#10276,#10278,.T.);
#10276 = VERTEX_POINT('',#10277);
#10277 = CARTESIAN_POINT('',(4.597893539437,-0.5,2.470078859676));
#10278 = SURFACE_CURVE('',#10279,(#10283,#10290),.PCURVE_S1.);
#10279 = LINE('',#10280,#10281);
#10280 = CARTESIAN_POINT('',(4.597893539437,-0.5,2.));
#10281 = VECTOR('',#10282,1.);
#10282 = DIRECTION('',(0.,6.6E-16,1.));
#10283 = PCURVE('',#8835,#10284);
#10284 = DEFINITIONAL_REPRESENTATION('',(#10285),#10289);
#10285 = LINE('',#10286,#10287);
#10286 = CARTESIAN_POINT('',(-0.491005952328,0.61764560198));
#10287 = VECTOR('',#10288,1.);
#10288 = DIRECTION('',(1.,0.));
#10289 = ( GEOMETRIC_REPRESENTATION_CONTEXT(2) 
PARAMETRIC_REPRESENTATION_CONTEXT() REPRESENTATION_CONTEXT('2D SPACE',''
  ) );
#10290 = PCURVE('',#9477,#10291);
#10291 = DEFINITIONAL_REPRESENTATION('',(#10292),#10296);
#10292 = LINE('',#10293,#10294);
#10293 = CARTESIAN_POINT('',(9.316458154254,-2.22044604925E-16));
#10294 = VECTOR('',#10295,1.);
#10295 = DIRECTION('',(0.,1.));
#10296 = ( GEOMETRIC_REPRESENTATION_CONTEXT(2) 
PARAMETRIC_REPRESENTATION_CONTEXT() REPRESENTATION_CONTEXT('2D SPACE',''
  ) );
#10297 = ORIENTED_EDGE('',*,*,#10298,.F.);
#10298 = EDGE_CURVE('',#8820,#10276,#10299,.T.);
#10299 = SURFACE_CURVE('',#10300,(#10304,#10311),.PCURVE_S1.);
#10300 = LINE('',#10301,#10302);
#10301 = CARTESIAN_POINT('',(3.545,-0.5,3.25));
#10302 = VECTOR('',#10303,1.);
#10303 = DIRECTION('',(0.803557193345,-1.3E-16,-0.595227550626));
#10304 = PCURVE('',#8835,#10305);
#10305 = DEFINITIONAL_REPRESENTATION('',(#10306),#10310);
#10306 = LINE('',#10307,#10308);
#10307 = CARTESIAN_POINT('',(0.758994047672,-0.435247937457));
#10308 = VECTOR('',#10309,1.);
#10309 = DIRECTION('',(-0.595227550626,0.803557193345));
#10310 = ( GEOMETRIC_REPRESENTATION_CONTEXT(2) 
PARAMETRIC_REPRESENTATION_CONTEXT() REPRESENTATION_CONTEXT('2D SPACE',''
  ) );
#10311 = PCURVE('',#8863,#10312);
#10312 = DEFINITIONAL_REPRESENTATION('',(#10313),#10317);
#10313 = LINE('',#10314,#10315);
#10314 = CARTESIAN_POINT('',(4.825169464233E-16,-1.));
#10315 = VECTOR('',#10316,1.);
#10316 = DIRECTION('',(1.,2.599999999999E-16));
#10317 = ( GEOMETRIC_REPRESENTATION_CONTEXT(2) 
PARAMETRIC_REPRESENTATION_CONTEXT() REPRESENTATION_CONTEXT('2D SPACE',''
  ) );
#10318 = ADVANCED_FACE('',(#10319),#8863,.T.);
#10319 = FACE_BOUND('',#10320,.T.);
#10320 = EDGE_LOOP('',(#10321,#10344,#10345,#10346,#10347,#10370));
#10321 = ORIENTED_EDGE('',*,*,#10322,.F.);
#10322 = EDGE_CURVE('',#8899,#10323,#10325,.T.);
#10323 = VERTEX_POINT('',#10324);
#10324 = CARTESIAN_POINT('',(4.597893539437,0.5,2.470078859676));
#10325 = SURFACE_CURVE('',#10326,(#10330,#10337),.PCURVE_S1.);
#10326 = LINE('',#10327,#10328);
#10327 = CARTESIAN_POINT('',(3.545,0.5,3.25));
#10328 = VECTOR('',#10329,1.);
#10329 = DIRECTION('',(0.803557193345,-1.3E-16,-0.595227550626));
#10330 = PCURVE('',#8863,#10331);
#10331 = DEFINITIONAL_REPRESENTATION('',(#10332),#10336);
#10332 = LINE('',#10333,#10334);
#10333 = CARTESIAN_POINT('',(0.,0.));
#10334 = VECTOR('',#10335,1.);
#10335 = DIRECTION('',(1.,2.599999999999E-16));
#10336 = ( GEOMETRIC_REPRESENTATION_CONTEXT(2) 
PARAMETRIC_REPRESENTATION_CONTEXT() REPRESENTATION_CONTEXT('2D SPACE',''
  ) );
#10337 = PCURVE('',#8937,#10338);
#10338 = DEFINITIONAL_REPRESENTATION('',(#10339),#10343);
#10339 = LINE('',#10340,#10341);
#10340 = CARTESIAN_POINT('',(0.758994047672,-0.435247937457));
#10341 = VECTOR('',#10342,1.);
#10342 = DIRECTION('',(-0.595227550626,0.803557193345));
#10343 = ( GEOMETRIC_REPRESENTATION_CONTEXT(2) 
PARAMETRIC_REPRESENTATION_CONTEXT() REPRESENTATION_CONTEXT('2D SPACE',''
  ) );
#10344 = ORIENTED_EDGE('',*,*,#8898,.F.);
#10345 = ORIENTED_EDGE('',*,*,#8847,.F.);
#10346 = ORIENTED_EDGE('',*,*,#10298,.T.);
#10347 = ORIENTED_EDGE('',*,*,#10348,.T.);
#10348 = EDGE_CURVE('',#10276,#10349,#10351,.T.);
#10349 = VERTEX_POINT('',#10350);
#10350 = CARTESIAN_POINT('',(4.625,2.193399144605E-15,2.45));
#10351 = SURFACE_CURVE('',#10352,(#10357,#10364),.PCURVE_S1.);
#10352 = ELLIPSE('',#10353,5.755657516734,4.625);
#10353 = AXIS2_PLACEMENT_3D('',#10354,#10355,#10356);
#10354 = CARTESIAN_POINT('',(0.,3.91E-15,5.875925925926));
#10355 = DIRECTION('',(0.595227550626,5.399999999998E-16,0.803557193345)
  );
#10356 = DIRECTION('',(-0.803557193345,3.899999999999E-16,0.595227550626
    ));
#10357 = PCURVE('',#8863,#10358);
#10358 = DEFINITIONAL_REPRESENTATION('',(#10359),#10363);
#10359 = ELLIPSE('',#10360,5.755657516734,4.625);
#10360 = AXIS2_PLACEMENT_2D('',#10361,#10362);
#10361 = CARTESIAN_POINT('',(-4.411633707421,-0.5));
#10362 = DIRECTION('',(-1.,0.));
#10363 = ( GEOMETRIC_REPRESENTATION_CONTEXT(2) 
PARAMETRIC_REPRESENTATION_CONTEXT() REPRESENTATION_CONTEXT('2D SPACE',''
  ) );
#10364 = PCURVE('',#9477,#10365);
#10365 = DEFINITIONAL_REPRESENTATION('',(#10366),#10369);
#10366 = B_SPLINE_CURVE_WITH_KNOTS('',1,(#10367,#10368),.UNSPECIFIED.,
  .F.,.F.,(2,2),(3.033272847075,3.14159265359),
  .PIECEWISE_BEZIER_KNOTS.);
#10367 = CARTESIAN_POINT('',(9.316458154254,0.470078859676));
#10368 = CARTESIAN_POINT('',(9.424777960769,0.45));
#10369 = ( GEOMETRIC_REPRESENTATION_CONTEXT(2) 
PARAMETRIC_REPRESENTATION_CONTEXT() REPRESENTATION_CONTEXT('2D SPACE',''
  ) );
#10370 = ORIENTED_EDGE('',*,*,#10371,.T.);
#10371 = EDGE_CURVE('',#10349,#10323,#10372,.T.);
#10372 = SURFACE_CURVE('',#10373,(#10378,#10385),.PCURVE_S1.);
#10373 = ELLIPSE('',#10374,5.755657516734,4.625);
#10374 = AXIS2_PLACEMENT_3D('',#10375,#10376,#10377);
#10375 = CARTESIAN_POINT('',(0.,3.91E-15,5.875925925926));
#10376 = DIRECTION('',(0.595227550626,5.399999999998E-16,0.803557193345)
  );
#10377 = DIRECTION('',(-0.803557193345,3.899999999999E-16,0.595227550626
    ));
#10378 = PCURVE('',#8863,#10379);
#10379 = DEFINITIONAL_REPRESENTATION('',(#10380),#10384);
#10380 = ELLIPSE('',#10381,5.755657516734,4.625);
#10381 = AXIS2_PLACEMENT_2D('',#10382,#10383);
#10382 = CARTESIAN_POINT('',(-4.411633707421,-0.5));
#10383 = DIRECTION('',(-1.,0.));
#10384 = ( GEOMETRIC_REPRESENTATION_CONTEXT(2) 
PARAMETRIC_REPRESENTATION_CONTEXT() REPRESENTATION_CONTEXT('2D SPACE',''
  ) );
#10385 = PCURVE('',#9477,#10386);
#10386 = DEFINITIONAL_REPRESENTATION('',(#10387),#10390);
#10387 = B_SPLINE_CURVE_WITH_KNOTS('',1,(#10388,#10389),.UNSPECIFIED.,
  .F.,.F.,(2,2),(3.14159265359,3.249912460105),
  .PIECEWISE_BEZIER_KNOTS.);
#10388 = CARTESIAN_POINT('',(3.14159265359,0.45));
#10389 = CARTESIAN_POINT('',(3.249912460105,0.470078859676));
#10390 = ( GEOMETRIC_REPRESENTATION_CONTEXT(2) 
PARAMETRIC_REPRESENTATION_CONTEXT() REPRESENTATION_CONTEXT('2D SPACE',''
  ) );
#10391 = ADVANCED_FACE('',(#10392),#8937,.T.);
#10392 = FACE_BOUND('',#10393,.T.);
#10393 = EDGE_LOOP('',(#10394,#10395,#10396,#10419));
#10394 = ORIENTED_EDGE('',*,*,#8921,.F.);
#10395 = ORIENTED_EDGE('',*,*,#10322,.T.);
#10396 = ORIENTED_EDGE('',*,*,#10397,.F.);
#10397 = EDGE_CURVE('',#10398,#10323,#10400,.T.);
#10398 = VERTEX_POINT('',#10399);
#10399 = CARTESIAN_POINT('',(4.597893539437,0.5,2.));
#10400 = SURFACE_CURVE('',#10401,(#10405,#10412),.PCURVE_S1.);
#10401 = LINE('',#10402,#10403);
#10402 = CARTESIAN_POINT('',(4.597893539437,0.5,2.));
#10403 = VECTOR('',#10404,1.);
#10404 = DIRECTION('',(0.,6.6E-16,1.));
#10405 = PCURVE('',#8937,#10406);
#10406 = DEFINITIONAL_REPRESENTATION('',(#10407),#10411);
#10407 = LINE('',#10408,#10409);
#10408 = CARTESIAN_POINT('',(-0.491005952328,0.61764560198));
#10409 = VECTOR('',#10410,1.);
#10410 = DIRECTION('',(1.,0.));
#10411 = ( GEOMETRIC_REPRESENTATION_CONTEXT(2) 
PARAMETRIC_REPRESENTATION_CONTEXT() REPRESENTATION_CONTEXT('2D SPACE',''
  ) );
#10412 = PCURVE('',#9477,#10413);
#10413 = DEFINITIONAL_REPRESENTATION('',(#10414),#10418);
#10414 = LINE('',#10415,#10416);
#10415 = CARTESIAN_POINT('',(3.249912460105,4.440892098501E-16));
#10416 = VECTOR('',#10417,1.);
#10417 = DIRECTION('',(0.,1.));
#10418 = ( GEOMETRIC_REPRESENTATION_CONTEXT(2) 
PARAMETRIC_REPRESENTATION_CONTEXT() REPRESENTATION_CONTEXT('2D SPACE',''
  ) );
#10419 = ORIENTED_EDGE('',*,*,#10420,.T.);
#10420 = EDGE_CURVE('',#10398,#8922,#10421,.T.);
#10421 = SURFACE_CURVE('',#10422,(#10426,#10433),.PCURVE_S1.);
#10422 = LINE('',#10423,#10424);
#10423 = CARTESIAN_POINT('',(4.625,0.5,2.));
#10424 = VECTOR('',#10425,1.);
#10425 = DIRECTION('',(-1.,0.,0.));
#10426 = PCURVE('',#8937,#10427);
#10427 = DEFINITIONAL_REPRESENTATION('',(#10428),#10432);
#10428 = LINE('',#10429,#10430);
#10429 = CARTESIAN_POINT('',(-0.491005952328,0.644752062543));
#10430 = VECTOR('',#10431,1.);
#10431 = DIRECTION('',(0.,-1.));
#10432 = ( GEOMETRIC_REPRESENTATION_CONTEXT(2) 
PARAMETRIC_REPRESENTATION_CONTEXT() REPRESENTATION_CONTEXT('2D SPACE',''
  ) );
#10433 = PCURVE('',#8966,#10434);
#10434 = DEFINITIONAL_REPRESENTATION('',(#10435),#10439);
#10435 = LINE('',#10436,#10437);
#10436 = CARTESIAN_POINT('',(-4.625,-0.5));
#10437 = VECTOR('',#10438,1.);
#10438 = DIRECTION('',(1.,0.));
#10439 = ( GEOMETRIC_REPRESENTATION_CONTEXT(2) 
PARAMETRIC_REPRESENTATION_CONTEXT() REPRESENTATION_CONTEXT('2D SPACE',''
  ) );
#10440 = ADVANCED_FACE('',(#10441),#8966,.T.);
#10441 = FACE_BOUND('',#10442,.T.);
#10442 = EDGE_LOOP('',(#10443,#10444,#10468,#10489));
#10443 = ORIENTED_EDGE('',*,*,#10420,.F.);
#10444 = ORIENTED_EDGE('',*,*,#10445,.T.);
#10445 = EDGE_CURVE('',#10398,#10446,#10448,.T.);
#10446 = VERTEX_POINT('',#10447);
#10447 = CARTESIAN_POINT('',(3.604755091503,2.897648310317,2.));
#10448 = SURFACE_CURVE('',#10449,(#10454,#10461),.PCURVE_S1.);
#10449 = CIRCLE('',#10450,4.625);
#10450 = AXIS2_PLACEMENT_3D('',#10451,#10452,#10453);
#10451 = CARTESIAN_POINT('',(0.,1.33E-15,2.));
#10452 = DIRECTION('',(0.,6.6E-16,1.));
#10453 = DIRECTION('',(-1.,0.,0.));
#10454 = PCURVE('',#8966,#10455);
#10455 = DEFINITIONAL_REPRESENTATION('',(#10456),#10460);
#10456 = CIRCLE('',#10457,4.625);
#10457 = AXIS2_PLACEMENT_2D('',#10458,#10459);
#10458 = CARTESIAN_POINT('',(0.,0.));
#10459 = DIRECTION('',(1.,0.));
#10460 = ( GEOMETRIC_REPRESENTATION_CONTEXT(2) 
PARAMETRIC_REPRESENTATION_CONTEXT() REPRESENTATION_CONTEXT('2D SPACE',''
  ) );
#10461 = PCURVE('',#9477,#10462);
#10462 = DEFINITIONAL_REPRESENTATION('',(#10463),#10467);
#10463 = LINE('',#10464,#10465);
#10464 = CARTESIAN_POINT('',(-4.440892098501E-16,0.));
#10465 = VECTOR('',#10466,1.);
#10466 = DIRECTION('',(1.,0.));
#10467 = ( GEOMETRIC_REPRESENTATION_CONTEXT(2) 
PARAMETRIC_REPRESENTATION_CONTEXT() REPRESENTATION_CONTEXT('2D SPACE',''
  ) );
#10468 = ORIENTED_EDGE('',*,*,#10469,.T.);
#10469 = EDGE_CURVE('',#10446,#8950,#10470,.T.);
#10470 = SURFACE_CURVE('',#10471,(#10475,#10482),.PCURVE_S1.);
#10471 = LINE('',#10472,#10473);
#10472 = CARTESIAN_POINT('',(3.623922253581,2.916815472395,2.));
#10473 = VECTOR('',#10474,1.);
#10474 = DIRECTION('',(-0.707106781187,-0.707106781187,
    2.220446049249E-16));
#10475 = PCURVE('',#8966,#10476);
#10476 = DEFINITIONAL_REPRESENTATION('',(#10477),#10481);
#10477 = LINE('',#10478,#10479);
#10478 = CARTESIAN_POINT('',(-3.623922253581,-2.916815472395));
#10479 = VECTOR('',#10480,1.);
#10480 = DIRECTION('',(0.707106781187,0.707106781187));
#10481 = ( GEOMETRIC_REPRESENTATION_CONTEXT(2) 
PARAMETRIC_REPRESENTATION_CONTEXT() REPRESENTATION_CONTEXT('2D SPACE',''
  ) );
#10482 = PCURVE('',#8994,#10483);
#10483 = DEFINITIONAL_REPRESENTATION('',(#10484),#10488);
#10484 = LINE('',#10485,#10486);
#10485 = CARTESIAN_POINT('',(-0.491005952328,0.644752062543));
#10486 = VECTOR('',#10487,1.);
#10487 = DIRECTION('',(-7.234773107833E-17,-1.));
#10488 = ( GEOMETRIC_REPRESENTATION_CONTEXT(2) 
PARAMETRIC_REPRESENTATION_CONTEXT() REPRESENTATION_CONTEXT('2D SPACE',''
  ) );
#10489 = ORIENTED_EDGE('',*,*,#8949,.F.);
#10490 = ADVANCED_FACE('',(#10491),#8994,.F.);
#10491 = FACE_BOUND('',#10492,.T.);
#10492 = EDGE_LOOP('',(#10493,#10494,#10495,#10518));
#10493 = ORIENTED_EDGE('',*,*,#8978,.T.);
#10494 = ORIENTED_EDGE('',*,*,#10469,.F.);
#10495 = ORIENTED_EDGE('',*,*,#10496,.T.);
#10496 = EDGE_CURVE('',#10446,#10497,#10499,.T.);
#10497 = VERTEX_POINT('',#10498);
#10498 = CARTESIAN_POINT('',(3.604755091503,2.897648310317,
    2.470078859676));
#10499 = SURFACE_CURVE('',#10500,(#10504,#10511),.PCURVE_S1.);
#10500 = LINE('',#10501,#10502);
#10501 = CARTESIAN_POINT('',(3.604755091503,2.897648310317,2.));
#10502 = VECTOR('',#10503,1.);
#10503 = DIRECTION('',(0.,6.6E-16,1.));
#10504 = PCURVE('',#8994,#10505);
#10505 = DEFINITIONAL_REPRESENTATION('',(#10506),#10510);
#10506 = LINE('',#10507,#10508);
#10507 = CARTESIAN_POINT('',(-0.491005952328,0.61764560198));
#10508 = VECTOR('',#10509,1.);
#10509 = DIRECTION('',(1.,1.722981395799E-16));
#10510 = ( GEOMETRIC_REPRESENTATION_CONTEXT(2) 
PARAMETRIC_REPRESENTATION_CONTEXT() REPRESENTATION_CONTEXT('2D SPACE',''
  ) );
#10511 = PCURVE('',#9477,#10512);
#10512 = DEFINITIONAL_REPRESENTATION('',(#10513),#10517);
#10513 = LINE('',#10514,#10515);
#10514 = CARTESIAN_POINT('',(3.818671010472,1.7763568394E-15));
#10515 = VECTOR('',#10516,1.);
#10516 = DIRECTION('',(0.,1.));
#10517 = ( GEOMETRIC_REPRESENTATION_CONTEXT(2) 
PARAMETRIC_REPRESENTATION_CONTEXT() REPRESENTATION_CONTEXT('2D SPACE',''
  ) );
#10518 = ORIENTED_EDGE('',*,*,#10519,.F.);
#10519 = EDGE_CURVE('',#8979,#10497,#10520,.T.);
#10520 = SURFACE_CURVE('',#10521,(#10525,#10532),.PCURVE_S1.);
#10521 = LINE('',#10522,#10523);
#10522 = CARTESIAN_POINT('',(2.8602469299,2.153140148713,3.25));
#10523 = VECTOR('',#10524,1.);
#10524 = DIRECTION('',(0.568200740485,0.568200740485,-0.595227550626));
#10525 = PCURVE('',#8994,#10526);
#10526 = DEFINITIONAL_REPRESENTATION('',(#10527),#10531);
#10527 = LINE('',#10528,#10529);
#10528 = CARTESIAN_POINT('',(0.758994047672,-0.435247937457));
#10529 = VECTOR('',#10530,1.);
#10530 = DIRECTION('',(-0.595227550626,0.803557193344));
#10531 = ( GEOMETRIC_REPRESENTATION_CONTEXT(2) 
PARAMETRIC_REPRESENTATION_CONTEXT() REPRESENTATION_CONTEXT('2D SPACE',''
  ) );
#10532 = PCURVE('',#9045,#10533);
#10533 = DEFINITIONAL_REPRESENTATION('',(#10534),#10538);
#10534 = LINE('',#10535,#10536);
#10535 = CARTESIAN_POINT('',(0.,-1.000000000001));
#10536 = VECTOR('',#10537,1.);
#10537 = DIRECTION('',(1.,0.));
#10538 = ( GEOMETRIC_REPRESENTATION_CONTEXT(2) 
PARAMETRIC_REPRESENTATION_CONTEXT() REPRESENTATION_CONTEXT('2D SPACE',''
  ) );
#10539 = ADVANCED_FACE('',(#10540),#9045,.T.);
#10540 = FACE_BOUND('',#10541,.T.);
#10541 = EDGE_LOOP('',(#10542,#10565,#10566,#10567));
#10542 = ORIENTED_EDGE('',*,*,#10543,.F.);
#10543 = EDGE_CURVE('',#9007,#10544,#10546,.T.);
#10544 = VERTEX_POINT('',#10545);
#10545 = CARTESIAN_POINT('',(2.897648310317,3.604755091503,
    2.470078859676));
#10546 = SURFACE_CURVE('',#10547,(#10551,#10558),.PCURVE_S1.);
#10547 = LINE('',#10548,#10549);
#10548 = CARTESIAN_POINT('',(2.153140148713,2.8602469299,3.25));
#10549 = VECTOR('',#10550,1.);
#10550 = DIRECTION('',(0.568200740485,0.568200740485,-0.595227550626));
#10551 = PCURVE('',#9045,#10552);
#10552 = DEFINITIONAL_REPRESENTATION('',(#10553),#10557);
#10553 = LINE('',#10554,#10555);
#10554 = CARTESIAN_POINT('',(0.,0.));
#10555 = VECTOR('',#10556,1.);
#10556 = DIRECTION('',(1.,0.));
#10557 = ( GEOMETRIC_REPRESENTATION_CONTEXT(2) 
PARAMETRIC_REPRESENTATION_CONTEXT() REPRESENTATION_CONTEXT('2D SPACE',''
  ) );
#10558 = PCURVE('',#9073,#10559);
#10559 = DEFINITIONAL_REPRESENTATION('',(#10560),#10564);
#10560 = LINE('',#10561,#10562);
#10561 = CARTESIAN_POINT('',(0.758994047672,-0.435247937457));
#10562 = VECTOR('',#10563,1.);
#10563 = DIRECTION('',(-0.595227550626,0.803557193344));
#10564 = ( GEOMETRIC_REPRESENTATION_CONTEXT(2) 
PARAMETRIC_REPRESENTATION_CONTEXT() REPRESENTATION_CONTEXT('2D SPACE',''
  ) );
#10565 = ORIENTED_EDGE('',*,*,#9006,.F.);
#10566 = ORIENTED_EDGE('',*,*,#10519,.T.);
#10567 = ORIENTED_EDGE('',*,*,#10568,.T.);
#10568 = EDGE_CURVE('',#10497,#10544,#10569,.T.);
#10569 = SURFACE_CURVE('',#10570,(#10575,#10582),.PCURVE_S1.);
#10570 = ELLIPSE('',#10571,5.755657516734,4.625);
#10571 = AXIS2_PLACEMENT_3D('',#10572,#10573,#10574);
#10572 = CARTESIAN_POINT('',(0.,3.91E-15,5.875925925926));
#10573 = DIRECTION('',(0.420889437397,0.420889437397,0.803557193345));
#10574 = DIRECTION('',(-0.568200740485,-0.568200740485,0.595227550626));
#10575 = PCURVE('',#9045,#10576);
#10576 = DEFINITIONAL_REPRESENTATION('',(#10577),#10581);
#10577 = ELLIPSE('',#10578,5.755657516734,4.625);
#10578 = AXIS2_PLACEMENT_2D('',#10579,#10580);
#10579 = CARTESIAN_POINT('',(-4.411633707421,-0.5));
#10580 = DIRECTION('',(-1.,0.));
#10581 = ( GEOMETRIC_REPRESENTATION_CONTEXT(2) 
PARAMETRIC_REPRESENTATION_CONTEXT() REPRESENTATION_CONTEXT('2D SPACE',''
  ) );
#10582 = PCURVE('',#9477,#10583);
#10583 = DEFINITIONAL_REPRESENTATION('',(#10584),#10610);
#10584 = B_SPLINE_CURVE_WITH_KNOTS('',3,(#10585,#10586,#10587,#10588,
    #10589,#10590,#10591,#10592,#10593,#10594,#10595,#10596,#10597,
    #10598,#10599,#10600,#10601,#10602,#10603,#10604,#10605,#10606,
    #10607,#10608,#10609),.UNSPECIFIED.,.F.,.F.,(4,1,1,1,1,1,1,1,1,1,1,1
    ,1,1,1,1,1,1,1,1,1,1,4),(3.033272847075,3.043120102212,3.05296735735
    ,3.062814612488,3.072661867626,3.082509122763,3.092356377901,
    3.102203633039,3.112050888177,3.121898143314,3.131745398452,
    3.14159265359,3.151439908728,3.161287163865,3.171134419003,
    3.180981674141,3.190828929278,3.200676184416,3.210523439554,
    3.220370694692,3.230217949829,3.240065204967,3.249912460105),
  .QUASI_UNIFORM_KNOTS.);
#10585 = CARTESIAN_POINT('',(3.818671010472,0.470078859674));
#10586 = CARTESIAN_POINT('',(3.821953428851,0.468863146491));
#10587 = CARTESIAN_POINT('',(3.82851826561,0.466541816823));
#10588 = CARTESIAN_POINT('',(3.838365520748,0.463390414846));
#10589 = CARTESIAN_POINT('',(3.848212775885,0.460569920413));
#10590 = CARTESIAN_POINT('',(3.858060031023,0.458080604492));
#10591 = CARTESIAN_POINT('',(3.867907286161,0.455922709143));
#10592 = CARTESIAN_POINT('',(3.877754541299,0.454096443432));
#10593 = CARTESIAN_POINT('',(3.887601796436,0.452601984495));
#10594 = CARTESIAN_POINT('',(3.897449051574,0.451439477233));
#10595 = CARTESIAN_POINT('',(3.907296306712,0.450609034377));
#10596 = CARTESIAN_POINT('',(3.91714356185,0.45011073645));
#10597 = CARTESIAN_POINT('',(3.926990816987,0.449944631772));
#10598 = CARTESIAN_POINT('',(3.936838072125,0.45011073645));
#10599 = CARTESIAN_POINT('',(3.946685327263,0.450609034377));
#10600 = CARTESIAN_POINT('',(3.9565325824,0.451439477233));
#10601 = CARTESIAN_POINT('',(3.966379837538,0.452601984495));
#10602 = CARTESIAN_POINT('',(3.976227092676,0.454096443432));
#10603 = CARTESIAN_POINT('',(3.986074347814,0.455922709143));
#10604 = CARTESIAN_POINT('',(3.995921602951,0.458080604492));
#10605 = CARTESIAN_POINT('',(4.005768858089,0.460569920413));
#10606 = CARTESIAN_POINT('',(4.015616113227,0.463390414846));
#10607 = CARTESIAN_POINT('',(4.025463368365,0.466541816823));
#10608 = CARTESIAN_POINT('',(4.032028205123,0.468863146491));
#10609 = CARTESIAN_POINT('',(4.035310623502,0.470078859674));
#10610 = ( GEOMETRIC_REPRESENTATION_CONTEXT(2) 
PARAMETRIC_REPRESENTATION_CONTEXT() REPRESENTATION_CONTEXT('2D SPACE',''
  ) );
#10611 = ADVANCED_FACE('',(#10612),#9073,.T.);
#10612 = FACE_BOUND('',#10613,.T.);
#10613 = EDGE_LOOP('',(#10614,#10615,#10616,#10639));
#10614 = ORIENTED_EDGE('',*,*,#9057,.F.);
#10615 = ORIENTED_EDGE('',*,*,#10543,.T.);
#10616 = ORIENTED_EDGE('',*,*,#10617,.F.);
#10617 = EDGE_CURVE('',#10618,#10544,#10620,.T.);
#10618 = VERTEX_POINT('',#10619);
#10619 = CARTESIAN_POINT('',(2.897648310317,3.604755091503,2.));
#10620 = SURFACE_CURVE('',#10621,(#10625,#10632),.PCURVE_S1.);
#10621 = LINE('',#10622,#10623);
#10622 = CARTESIAN_POINT('',(2.897648310317,3.604755091503,2.));
#10623 = VECTOR('',#10624,1.);
#10624 = DIRECTION('',(0.,6.6E-16,1.));
#10625 = PCURVE('',#9073,#10626);
#10626 = DEFINITIONAL_REPRESENTATION('',(#10627),#10631);
#10627 = LINE('',#10628,#10629);
#10628 = CARTESIAN_POINT('',(-0.491005952328,0.61764560198));
#10629 = VECTOR('',#10630,1.);
#10630 = DIRECTION('',(1.,1.722981395799E-16));
#10631 = ( GEOMETRIC_REPRESENTATION_CONTEXT(2) 
PARAMETRIC_REPRESENTATION_CONTEXT() REPRESENTATION_CONTEXT('2D SPACE',''
  ) );
#10632 = PCURVE('',#9477,#10633);
#10633 = DEFINITIONAL_REPRESENTATION('',(#10634),#10638);
#10634 = LINE('',#10635,#10636);
#10635 = CARTESIAN_POINT('',(4.035310623502,2.22044604925E-15));
#10636 = VECTOR('',#10637,1.);
#10637 = DIRECTION('',(0.,1.));
#10638 = ( GEOMETRIC_REPRESENTATION_CONTEXT(2) 
PARAMETRIC_REPRESENTATION_CONTEXT() REPRESENTATION_CONTEXT('2D SPACE',''
  ) );
#10639 = ORIENTED_EDGE('',*,*,#10640,.T.);
#10640 = EDGE_CURVE('',#10618,#9058,#10641,.T.);
#10641 = SURFACE_CURVE('',#10642,(#10646,#10653),.PCURVE_S1.);
#10642 = LINE('',#10643,#10644);
#10643 = CARTESIAN_POINT('',(2.916815472395,3.623922253581,2.));
#10644 = VECTOR('',#10645,1.);
#10645 = DIRECTION('',(-0.707106781187,-0.707106781187,
    2.220446049249E-16));
#10646 = PCURVE('',#9073,#10647);
#10647 = DEFINITIONAL_REPRESENTATION('',(#10648),#10652);
#10648 = LINE('',#10649,#10650);
#10649 = CARTESIAN_POINT('',(-0.491005952328,0.644752062543));
#10650 = VECTOR('',#10651,1.);
#10651 = DIRECTION('',(-7.234773107833E-17,-1.));
#10652 = ( GEOMETRIC_REPRESENTATION_CONTEXT(2) 
PARAMETRIC_REPRESENTATION_CONTEXT() REPRESENTATION_CONTEXT('2D SPACE',''
  ) );
#10653 = PCURVE('',#9102,#10654);
#10654 = DEFINITIONAL_REPRESENTATION('',(#10655),#10659);
#10655 = LINE('',#10656,#10657);
#10656 = CARTESIAN_POINT('',(-2.916815472395,-3.623922253581));
#10657 = VECTOR('',#10658,1.);
#10658 = DIRECTION('',(0.707106781187,0.707106781187));
#10659 = ( GEOMETRIC_REPRESENTATION_CONTEXT(2) 
PARAMETRIC_REPRESENTATION_CONTEXT() REPRESENTATION_CONTEXT('2D SPACE',''
  ) );
#10660 = ADVANCED_FACE('',(#10661),#9102,.T.);
#10661 = FACE_BOUND('',#10662,.T.);
#10662 = EDGE_LOOP('',(#10663,#10664,#10688,#10709));
#10663 = ORIENTED_EDGE('',*,*,#10640,.F.);
#10664 = ORIENTED_EDGE('',*,*,#10665,.T.);
#10665 = EDGE_CURVE('',#10618,#10666,#10668,.T.);
#10666 = VERTEX_POINT('',#10667);
#10667 = CARTESIAN_POINT('',(0.5,4.597893539437,2.));
#10668 = SURFACE_CURVE('',#10669,(#10674,#10681),.PCURVE_S1.);
#10669 = CIRCLE('',#10670,4.625);
#10670 = AXIS2_PLACEMENT_3D('',#10671,#10672,#10673);
#10671 = CARTESIAN_POINT('',(0.,1.33E-15,2.));
#10672 = DIRECTION('',(0.,6.6E-16,1.));
#10673 = DIRECTION('',(-1.,0.,0.));
#10674 = PCURVE('',#9102,#10675);
#10675 = DEFINITIONAL_REPRESENTATION('',(#10676),#10680);
#10676 = CIRCLE('',#10677,4.625);
#10677 = AXIS2_PLACEMENT_2D('',#10678,#10679);
#10678 = CARTESIAN_POINT('',(0.,0.));
#10679 = DIRECTION('',(1.,0.));
#10680 = ( GEOMETRIC_REPRESENTATION_CONTEXT(2) 
PARAMETRIC_REPRESENTATION_CONTEXT() REPRESENTATION_CONTEXT('2D SPACE',''
  ) );
#10681 = PCURVE('',#9477,#10682);
#10682 = DEFINITIONAL_REPRESENTATION('',(#10683),#10687);
#10683 = LINE('',#10684,#10685);
#10684 = CARTESIAN_POINT('',(0.,0.));
#10685 = VECTOR('',#10686,1.);
#10686 = DIRECTION('',(1.,0.));
#10687 = ( GEOMETRIC_REPRESENTATION_CONTEXT(2) 
PARAMETRIC_REPRESENTATION_CONTEXT() REPRESENTATION_CONTEXT('2D SPACE',''
  ) );
#10688 = ORIENTED_EDGE('',*,*,#10689,.T.);
#10689 = EDGE_CURVE('',#10666,#9086,#10690,.T.);
#10690 = SURFACE_CURVE('',#10691,(#10695,#10702),.PCURVE_S1.);
#10691 = LINE('',#10692,#10693);
#10692 = CARTESIAN_POINT('',(0.5,4.625,2.));
#10693 = VECTOR('',#10694,1.);
#10694 = DIRECTION('',(0.,-1.,2.2E-16));
#10695 = PCURVE('',#9102,#10696);
#10696 = DEFINITIONAL_REPRESENTATION('',(#10697),#10701);
#10697 = LINE('',#10698,#10699);
#10698 = CARTESIAN_POINT('',(-0.5,-4.625));
#10699 = VECTOR('',#10700,1.);
#10700 = DIRECTION('',(0.,1.));
#10701 = ( GEOMETRIC_REPRESENTATION_CONTEXT(2) 
PARAMETRIC_REPRESENTATION_CONTEXT() REPRESENTATION_CONTEXT('2D SPACE',''
  ) );
#10702 = PCURVE('',#9130,#10703);
#10703 = DEFINITIONAL_REPRESENTATION('',(#10704),#10708);
#10704 = LINE('',#10705,#10706);
#10705 = CARTESIAN_POINT('',(-0.491005952328,0.644752062543));
#10706 = VECTOR('',#10707,1.);
#10707 = DIRECTION('',(0.,-1.));
#10708 = ( GEOMETRIC_REPRESENTATION_CONTEXT(2) 
PARAMETRIC_REPRESENTATION_CONTEXT() REPRESENTATION_CONTEXT('2D SPACE',''
  ) );
#10709 = ORIENTED_EDGE('',*,*,#9085,.F.);
#10710 = ADVANCED_FACE('',(#10711),#9130,.F.);
#10711 = FACE_BOUND('',#10712,.T.);
#10712 = EDGE_LOOP('',(#10713,#10714,#10715,#10738));
#10713 = ORIENTED_EDGE('',*,*,#9114,.T.);
#10714 = ORIENTED_EDGE('',*,*,#10689,.F.);
#10715 = ORIENTED_EDGE('',*,*,#10716,.T.);
#10716 = EDGE_CURVE('',#10666,#10717,#10719,.T.);
#10717 = VERTEX_POINT('',#10718);
#10718 = CARTESIAN_POINT('',(0.5,4.597893539437,2.470078859676));
#10719 = SURFACE_CURVE('',#10720,(#10724,#10731),.PCURVE_S1.);
#10720 = LINE('',#10721,#10722);
#10721 = CARTESIAN_POINT('',(0.5,4.597893539437,2.));
#10722 = VECTOR('',#10723,1.);
#10723 = DIRECTION('',(0.,6.6E-16,1.));
#10724 = PCURVE('',#9130,#10725);
#10725 = DEFINITIONAL_REPRESENTATION('',(#10726),#10730);
#10726 = LINE('',#10727,#10728);
#10727 = CARTESIAN_POINT('',(-0.491005952328,0.61764560198));
#10728 = VECTOR('',#10729,1.);
#10729 = DIRECTION('',(1.,4.4E-16));
#10730 = ( GEOMETRIC_REPRESENTATION_CONTEXT(2) 
PARAMETRIC_REPRESENTATION_CONTEXT() REPRESENTATION_CONTEXT('2D SPACE',''
  ) );
#10731 = PCURVE('',#9477,#10732);
#10732 = DEFINITIONAL_REPRESENTATION('',(#10733),#10737);
#10733 = LINE('',#10734,#10735);
#10734 = CARTESIAN_POINT('',(4.60406917387,3.10862446895E-15));
#10735 = VECTOR('',#10736,1.);
#10736 = DIRECTION('',(0.,1.));
#10737 = ( GEOMETRIC_REPRESENTATION_CONTEXT(2) 
PARAMETRIC_REPRESENTATION_CONTEXT() REPRESENTATION_CONTEXT('2D SPACE',''
  ) );
#10738 = ORIENTED_EDGE('',*,*,#10739,.F.);
#10739 = EDGE_CURVE('',#9115,#10717,#10740,.T.);
#10740 = SURFACE_CURVE('',#10741,(#10745,#10752),.PCURVE_S1.);
#10741 = LINE('',#10742,#10743);
#10742 = CARTESIAN_POINT('',(0.5,3.545,3.25));
#10743 = VECTOR('',#10744,1.);
#10744 = DIRECTION('',(0.,0.803557193345,-0.595227550626));
#10745 = PCURVE('',#9130,#10746);
#10746 = DEFINITIONAL_REPRESENTATION('',(#10747),#10751);
#10747 = LINE('',#10748,#10749);
#10748 = CARTESIAN_POINT('',(0.758994047672,-0.435247937457));
#10749 = VECTOR('',#10750,1.);
#10750 = DIRECTION('',(-0.595227550626,0.803557193345));
#10751 = ( GEOMETRIC_REPRESENTATION_CONTEXT(2) 
PARAMETRIC_REPRESENTATION_CONTEXT() REPRESENTATION_CONTEXT('2D SPACE',''
  ) );
#10752 = PCURVE('',#9181,#10753);
#10753 = DEFINITIONAL_REPRESENTATION('',(#10754),#10758);
#10754 = LINE('',#10755,#10756);
#10755 = CARTESIAN_POINT('',(-4.334132638487E-18,-1.));
#10756 = VECTOR('',#10757,1.);
#10757 = DIRECTION('',(1.,2.599999999999E-16));
#10758 = ( GEOMETRIC_REPRESENTATION_CONTEXT(2) 
PARAMETRIC_REPRESENTATION_CONTEXT() REPRESENTATION_CONTEXT('2D SPACE',''
  ) );
#10759 = ADVANCED_FACE('',(#10760),#9181,.T.);
#10760 = FACE_BOUND('',#10761,.T.);
#10761 = EDGE_LOOP('',(#10762,#10785,#10786,#10787));
#10762 = ORIENTED_EDGE('',*,*,#10763,.F.);
#10763 = EDGE_CURVE('',#9143,#10764,#10766,.T.);
#10764 = VERTEX_POINT('',#10765);
#10765 = CARTESIAN_POINT('',(-0.5,4.597893539437,2.470078859676));
#10766 = SURFACE_CURVE('',#10767,(#10771,#10778),.PCURVE_S1.);
#10767 = LINE('',#10768,#10769);
#10768 = CARTESIAN_POINT('',(-0.5,3.545,3.25));
#10769 = VECTOR('',#10770,1.);
#10770 = DIRECTION('',(0.,0.803557193345,-0.595227550626));
#10771 = PCURVE('',#9181,#10772);
#10772 = DEFINITIONAL_REPRESENTATION('',(#10773),#10777);
#10773 = LINE('',#10774,#10775);
#10774 = CARTESIAN_POINT('',(0.,-0.));
#10775 = VECTOR('',#10776,1.);
#10776 = DIRECTION('',(1.,2.599999999999E-16));
#10777 = ( GEOMETRIC_REPRESENTATION_CONTEXT(2) 
PARAMETRIC_REPRESENTATION_CONTEXT() REPRESENTATION_CONTEXT('2D SPACE',''
  ) );
#10778 = PCURVE('',#9209,#10779);
#10779 = DEFINITIONAL_REPRESENTATION('',(#10780),#10784);
#10780 = LINE('',#10781,#10782);
#10781 = CARTESIAN_POINT('',(0.758994047672,-0.435247937457));
#10782 = VECTOR('',#10783,1.);
#10783 = DIRECTION('',(-0.595227550626,0.803557193345));
#10784 = ( GEOMETRIC_REPRESENTATION_CONTEXT(2) 
PARAMETRIC_REPRESENTATION_CONTEXT() REPRESENTATION_CONTEXT('2D SPACE',''
  ) );
#10785 = ORIENTED_EDGE('',*,*,#9142,.F.);
#10786 = ORIENTED_EDGE('',*,*,#10739,.T.);
#10787 = ORIENTED_EDGE('',*,*,#10788,.T.);
#10788 = EDGE_CURVE('',#10717,#10764,#10789,.T.);
#10789 = SURFACE_CURVE('',#10790,(#10795,#10802),.PCURVE_S1.);
#10790 = ELLIPSE('',#10791,5.755657516734,4.625);
#10791 = AXIS2_PLACEMENT_3D('',#10792,#10793,#10794);
#10792 = CARTESIAN_POINT('',(0.,3.91E-15,5.875925925926));
#10793 = DIRECTION('',(6.999999999997E-17,0.595227550626,0.803557193345)
  );
#10794 = DIRECTION('',(-8.999999999997E-17,-0.803557193345,
    0.595227550626));
#10795 = PCURVE('',#9181,#10796);
#10796 = DEFINITIONAL_REPRESENTATION('',(#10797),#10801);
#10797 = ELLIPSE('',#10798,5.755657516734,4.625);
#10798 = AXIS2_PLACEMENT_2D('',#10799,#10800);
#10799 = CARTESIAN_POINT('',(-4.411633707421,-0.5));
#10800 = DIRECTION('',(-1.,-1.699999999999E-16));
#10801 = ( GEOMETRIC_REPRESENTATION_CONTEXT(2) 
PARAMETRIC_REPRESENTATION_CONTEXT() REPRESENTATION_CONTEXT('2D SPACE',''
  ) );
#10802 = PCURVE('',#9477,#10803);
#10803 = DEFINITIONAL_REPRESENTATION('',(#10804),#10830);
#10804 = B_SPLINE_CURVE_WITH_KNOTS('',3,(#10805,#10806,#10807,#10808,
    #10809,#10810,#10811,#10812,#10813,#10814,#10815,#10816,#10817,
    #10818,#10819,#10820,#10821,#10822,#10823,#10824,#10825,#10826,
    #10827,#10828,#10829),.UNSPECIFIED.,.F.,.F.,(4,1,1,1,1,1,1,1,1,1,1,1
    ,1,1,1,1,1,1,1,1,1,1,4),(3.033272847075,3.043120102212,3.05296735735
    ,3.062814612488,3.072661867626,3.082509122763,3.092356377901,
    3.102203633039,3.112050888177,3.121898143314,3.131745398452,
    3.14159265359,3.151439908728,3.161287163865,3.171134419003,
    3.180981674141,3.190828929278,3.200676184416,3.210523439554,
    3.220370694692,3.230217949829,3.240065204967,3.249912460105),
  .QUASI_UNIFORM_KNOTS.);
#10805 = CARTESIAN_POINT('',(4.60406917387,0.470078859676));
#10806 = CARTESIAN_POINT('',(4.607351592249,0.468863146493));
#10807 = CARTESIAN_POINT('',(4.613916429007,0.466541816825));
#10808 = CARTESIAN_POINT('',(4.623763684145,0.463390414848));
#10809 = CARTESIAN_POINT('',(4.633610939283,0.460569920415));
#10810 = CARTESIAN_POINT('',(4.643458194421,0.458080604493));
#10811 = CARTESIAN_POINT('',(4.653305449558,0.455922709145));
#10812 = CARTESIAN_POINT('',(4.663152704696,0.454096443433));
#10813 = CARTESIAN_POINT('',(4.672999959834,0.452601984496));
#10814 = CARTESIAN_POINT('',(4.682847214971,0.451439477235));
#10815 = CARTESIAN_POINT('',(4.692694470109,0.450609034378));
#10816 = CARTESIAN_POINT('',(4.702541725247,0.450110736451));
#10817 = CARTESIAN_POINT('',(4.712388980385,0.449944631774));
#10818 = CARTESIAN_POINT('',(4.722236235522,0.450110736451));
#10819 = CARTESIAN_POINT('',(4.73208349066,0.450609034378));
#10820 = CARTESIAN_POINT('',(4.741930745798,0.451439477235));
#10821 = CARTESIAN_POINT('',(4.751778000936,0.452601984496));
#10822 = CARTESIAN_POINT('',(4.761625256073,0.454096443433));
#10823 = CARTESIAN_POINT('',(4.771472511211,0.455922709145));
#10824 = CARTESIAN_POINT('',(4.781319766349,0.458080604493));
#10825 = CARTESIAN_POINT('',(4.791167021487,0.460569920415));
#10826 = CARTESIAN_POINT('',(4.801014276624,0.463390414848));
#10827 = CARTESIAN_POINT('',(4.810861531762,0.466541816825));
#10828 = CARTESIAN_POINT('',(4.817426368521,0.468863146493));
#10829 = CARTESIAN_POINT('',(4.8207087869,0.470078859676));
#10830 = ( GEOMETRIC_REPRESENTATION_CONTEXT(2) 
PARAMETRIC_REPRESENTATION_CONTEXT() REPRESENTATION_CONTEXT('2D SPACE',''
  ) );
#10831 = ADVANCED_FACE('',(#10832),#9209,.T.);
#10832 = FACE_BOUND('',#10833,.T.);
#10833 = EDGE_LOOP('',(#10834,#10835,#10836,#10859));
#10834 = ORIENTED_EDGE('',*,*,#9193,.F.);
#10835 = ORIENTED_EDGE('',*,*,#10763,.T.);
#10836 = ORIENTED_EDGE('',*,*,#10837,.F.);
#10837 = EDGE_CURVE('',#10838,#10764,#10840,.T.);
#10838 = VERTEX_POINT('',#10839);
#10839 = CARTESIAN_POINT('',(-0.5,4.597893539437,2.));
#10840 = SURFACE_CURVE('',#10841,(#10845,#10852),.PCURVE_S1.);
#10841 = LINE('',#10842,#10843);
#10842 = CARTESIAN_POINT('',(-0.5,4.597893539437,2.));
#10843 = VECTOR('',#10844,1.);
#10844 = DIRECTION('',(0.,6.6E-16,1.));
#10845 = PCURVE('',#9209,#10846);
#10846 = DEFINITIONAL_REPRESENTATION('',(#10847),#10851);
#10847 = LINE('',#10848,#10849);
#10848 = CARTESIAN_POINT('',(-0.491005952328,0.61764560198));
#10849 = VECTOR('',#10850,1.);
#10850 = DIRECTION('',(1.,4.4E-16));
#10851 = ( GEOMETRIC_REPRESENTATION_CONTEXT(2) 
PARAMETRIC_REPRESENTATION_CONTEXT() REPRESENTATION_CONTEXT('2D SPACE',''
  ) );
#10852 = PCURVE('',#9477,#10853);
#10853 = DEFINITIONAL_REPRESENTATION('',(#10854),#10858);
#10854 = LINE('',#10855,#10856);
#10855 = CARTESIAN_POINT('',(4.8207087869,3.10862446895E-15));
#10856 = VECTOR('',#10857,1.);
#10857 = DIRECTION('',(0.,1.));
#10858 = ( GEOMETRIC_REPRESENTATION_CONTEXT(2) 
PARAMETRIC_REPRESENTATION_CONTEXT() REPRESENTATION_CONTEXT('2D SPACE',''
  ) );
#10859 = ORIENTED_EDGE('',*,*,#10860,.T.);
#10860 = EDGE_CURVE('',#10838,#9194,#10861,.T.);
#10861 = SURFACE_CURVE('',#10862,(#10866,#10873),.PCURVE_S1.);
#10862 = LINE('',#10863,#10864);
#10863 = CARTESIAN_POINT('',(-0.5,4.625,2.));
#10864 = VECTOR('',#10865,1.);
#10865 = DIRECTION('',(0.,-1.,2.2E-16));
#10866 = PCURVE('',#9209,#10867);
#10867 = DEFINITIONAL_REPRESENTATION('',(#10868),#10872);
#10868 = LINE('',#10869,#10870);
#10869 = CARTESIAN_POINT('',(-0.491005952328,0.644752062543));
#10870 = VECTOR('',#10871,1.);
#10871 = DIRECTION('',(0.,-1.));
#10872 = ( GEOMETRIC_REPRESENTATION_CONTEXT(2) 
PARAMETRIC_REPRESENTATION_CONTEXT() REPRESENTATION_CONTEXT('2D SPACE',''
  ) );
#10873 = PCURVE('',#9238,#10874);
#10874 = DEFINITIONAL_REPRESENTATION('',(#10875),#10879);
#10875 = LINE('',#10876,#10877);
#10876 = CARTESIAN_POINT('',(0.5,-4.625));
#10877 = VECTOR('',#10878,1.);
#10878 = DIRECTION('',(0.,1.));
#10879 = ( GEOMETRIC_REPRESENTATION_CONTEXT(2) 
PARAMETRIC_REPRESENTATION_CONTEXT() REPRESENTATION_CONTEXT('2D SPACE',''
  ) );
#10880 = ADVANCED_FACE('',(#10881),#9238,.T.);
#10881 = FACE_BOUND('',#10882,.T.);
#10882 = EDGE_LOOP('',(#10883,#10884,#10908,#10929));
#10883 = ORIENTED_EDGE('',*,*,#10860,.F.);
#10884 = ORIENTED_EDGE('',*,*,#10885,.T.);
#10885 = EDGE_CURVE('',#10838,#10886,#10888,.T.);
#10886 = VERTEX_POINT('',#10887);
#10887 = CARTESIAN_POINT('',(-2.897648310317,3.604755091503,2.));
#10888 = SURFACE_CURVE('',#10889,(#10894,#10901),.PCURVE_S1.);
#10889 = CIRCLE('',#10890,4.625);
#10890 = AXIS2_PLACEMENT_3D('',#10891,#10892,#10893);
#10891 = CARTESIAN_POINT('',(0.,1.33E-15,2.));
#10892 = DIRECTION('',(0.,6.6E-16,1.));
#10893 = DIRECTION('',(-1.,0.,0.));
#10894 = PCURVE('',#9238,#10895);
#10895 = DEFINITIONAL_REPRESENTATION('',(#10896),#10900);
#10896 = CIRCLE('',#10897,4.625);
#10897 = AXIS2_PLACEMENT_2D('',#10898,#10899);
#10898 = CARTESIAN_POINT('',(0.,0.));
#10899 = DIRECTION('',(1.,0.));
#10900 = ( GEOMETRIC_REPRESENTATION_CONTEXT(2) 
PARAMETRIC_REPRESENTATION_CONTEXT() REPRESENTATION_CONTEXT('2D SPACE',''
  ) );
#10901 = PCURVE('',#9477,#10902);
#10902 = DEFINITIONAL_REPRESENTATION('',(#10903),#10907);
#10903 = LINE('',#10904,#10905);
#10904 = CARTESIAN_POINT('',(0.,0.));
#10905 = VECTOR('',#10906,1.);
#10906 = DIRECTION('',(1.,0.));
#10907 = ( GEOMETRIC_REPRESENTATION_CONTEXT(2) 
PARAMETRIC_REPRESENTATION_CONTEXT() REPRESENTATION_CONTEXT('2D SPACE',''
  ) );
#10908 = ORIENTED_EDGE('',*,*,#10909,.T.);
#10909 = EDGE_CURVE('',#10886,#9222,#10910,.T.);
#10910 = SURFACE_CURVE('',#10911,(#10915,#10922),.PCURVE_S1.);
#10911 = LINE('',#10912,#10913);
#10912 = CARTESIAN_POINT('',(-2.916815472395,3.623922253581,2.));
#10913 = VECTOR('',#10914,1.);
#10914 = DIRECTION('',(0.707106781187,-0.707106781187,1.665334536937E-16
    ));
#10915 = PCURVE('',#9238,#10916);
#10916 = DEFINITIONAL_REPRESENTATION('',(#10917),#10921);
#10917 = LINE('',#10918,#10919);
#10918 = CARTESIAN_POINT('',(2.916815472395,-3.623922253581));
#10919 = VECTOR('',#10920,1.);
#10920 = DIRECTION('',(-0.707106781187,0.707106781187));
#10921 = ( GEOMETRIC_REPRESENTATION_CONTEXT(2) 
PARAMETRIC_REPRESENTATION_CONTEXT() REPRESENTATION_CONTEXT('2D SPACE',''
  ) );
#10922 = PCURVE('',#9266,#10923);
#10923 = DEFINITIONAL_REPRESENTATION('',(#10924),#10928);
#10924 = LINE('',#10925,#10926);
#10925 = CARTESIAN_POINT('',(-0.491005952328,0.644752062543));
#10926 = VECTOR('',#10927,1.);
#10927 = DIRECTION('',(-8.860657084237E-17,-1.));
#10928 = ( GEOMETRIC_REPRESENTATION_CONTEXT(2) 
PARAMETRIC_REPRESENTATION_CONTEXT() REPRESENTATION_CONTEXT('2D SPACE',''
  ) );
#10929 = ORIENTED_EDGE('',*,*,#9221,.F.);
#10930 = ADVANCED_FACE('',(#10931),#9266,.F.);
#10931 = FACE_BOUND('',#10932,.T.);
#10932 = EDGE_LOOP('',(#10933,#10934,#10935,#10958));
#10933 = ORIENTED_EDGE('',*,*,#9250,.T.);
#10934 = ORIENTED_EDGE('',*,*,#10909,.F.);
#10935 = ORIENTED_EDGE('',*,*,#10936,.T.);
#10936 = EDGE_CURVE('',#10886,#10937,#10939,.T.);
#10937 = VERTEX_POINT('',#10938);
#10938 = CARTESIAN_POINT('',(-2.897648310317,3.604755091503,
    2.470078859676));
#10939 = SURFACE_CURVE('',#10940,(#10944,#10951),.PCURVE_S1.);
#10940 = LINE('',#10941,#10942);
#10941 = CARTESIAN_POINT('',(-2.897648310317,3.604755091503,2.));
#10942 = VECTOR('',#10943,1.);
#10943 = DIRECTION('',(0.,6.6E-16,1.));
#10944 = PCURVE('',#9266,#10945);
#10945 = DEFINITIONAL_REPRESENTATION('',(#10946),#10950);
#10946 = LINE('',#10947,#10948);
#10947 = CARTESIAN_POINT('',(-0.491005952328,0.61764560198));
#10948 = VECTOR('',#10949,1.);
#10949 = DIRECTION('',(1.,2.115504510471E-16));
#10950 = ( GEOMETRIC_REPRESENTATION_CONTEXT(2) 
PARAMETRIC_REPRESENTATION_CONTEXT() REPRESENTATION_CONTEXT('2D SPACE',''
  ) );
#10951 = PCURVE('',#9477,#10952);
#10952 = DEFINITIONAL_REPRESENTATION('',(#10953),#10957);
#10953 = LINE('',#10954,#10955);
#10954 = CARTESIAN_POINT('',(5.389467337267,2.22044604925E-15));
#10955 = VECTOR('',#10956,1.);
#10956 = DIRECTION('',(0.,1.));
#10957 = ( GEOMETRIC_REPRESENTATION_CONTEXT(2) 
PARAMETRIC_REPRESENTATION_CONTEXT() REPRESENTATION_CONTEXT('2D SPACE',''
  ) );
#10958 = ORIENTED_EDGE('',*,*,#10959,.F.);
#10959 = EDGE_CURVE('',#9251,#10937,#10960,.T.);
#10960 = SURFACE_CURVE('',#10961,(#10965,#10972),.PCURVE_S1.);
#10961 = LINE('',#10962,#10963);
#10962 = CARTESIAN_POINT('',(-2.153140148713,2.8602469299,3.25));
#10963 = VECTOR('',#10964,1.);
#10964 = DIRECTION('',(-0.568200740485,0.568200740485,-0.595227550626));
#10965 = PCURVE('',#9266,#10966);
#10966 = DEFINITIONAL_REPRESENTATION('',(#10967),#10971);
#10967 = LINE('',#10968,#10969);
#10968 = CARTESIAN_POINT('',(0.758994047672,-0.435247937457));
#10969 = VECTOR('',#10970,1.);
#10970 = DIRECTION('',(-0.595227550626,0.803557193344));
#10971 = ( GEOMETRIC_REPRESENTATION_CONTEXT(2) 
PARAMETRIC_REPRESENTATION_CONTEXT() REPRESENTATION_CONTEXT('2D SPACE',''
  ) );
#10972 = PCURVE('',#9317,#10973);
#10973 = DEFINITIONAL_REPRESENTATION('',(#10974),#10978);
#10974 = LINE('',#10975,#10976);
#10975 = CARTESIAN_POINT('',(0.,-1.000000000001));
#10976 = VECTOR('',#10977,1.);
#10977 = DIRECTION('',(1.,0.));
#10978 = ( GEOMETRIC_REPRESENTATION_CONTEXT(2) 
PARAMETRIC_REPRESENTATION_CONTEXT() REPRESENTATION_CONTEXT('2D SPACE',''
  ) );
#10979 = ADVANCED_FACE('',(#10980),#9317,.T.);
#10980 = FACE_BOUND('',#10981,.T.);
#10981 = EDGE_LOOP('',(#10982,#11005,#11006,#11007));
#10982 = ORIENTED_EDGE('',*,*,#10983,.F.);
#10983 = EDGE_CURVE('',#9279,#10984,#10986,.T.);
#10984 = VERTEX_POINT('',#10985);
#10985 = CARTESIAN_POINT('',(-3.604755091503,2.897648310317,
    2.470078859676));
#10986 = SURFACE_CURVE('',#10987,(#10991,#10998),.PCURVE_S1.);
#10987 = LINE('',#10988,#10989);
#10988 = CARTESIAN_POINT('',(-2.8602469299,2.153140148713,3.25));
#10989 = VECTOR('',#10990,1.);
#10990 = DIRECTION('',(-0.568200740485,0.568200740485,-0.595227550626));
#10991 = PCURVE('',#9317,#10992);
#10992 = DEFINITIONAL_REPRESENTATION('',(#10993),#10997);
#10993 = LINE('',#10994,#10995);
#10994 = CARTESIAN_POINT('',(0.,0.));
#10995 = VECTOR('',#10996,1.);
#10996 = DIRECTION('',(1.,0.));
#10997 = ( GEOMETRIC_REPRESENTATION_CONTEXT(2) 
PARAMETRIC_REPRESENTATION_CONTEXT() REPRESENTATION_CONTEXT('2D SPACE',''
  ) );
#10998 = PCURVE('',#9345,#10999);
#10999 = DEFINITIONAL_REPRESENTATION('',(#11000),#11004);
#11000 = LINE('',#11001,#11002);
#11001 = CARTESIAN_POINT('',(0.758994047672,-0.435247937457));
#11002 = VECTOR('',#11003,1.);
#11003 = DIRECTION('',(-0.595227550626,0.803557193344));
#11004 = ( GEOMETRIC_REPRESENTATION_CONTEXT(2) 
PARAMETRIC_REPRESENTATION_CONTEXT() REPRESENTATION_CONTEXT('2D SPACE',''
  ) );
#11005 = ORIENTED_EDGE('',*,*,#9278,.F.);
#11006 = ORIENTED_EDGE('',*,*,#10959,.T.);
#11007 = ORIENTED_EDGE('',*,*,#11008,.T.);
#11008 = EDGE_CURVE('',#10937,#10984,#11009,.T.);
#11009 = SURFACE_CURVE('',#11010,(#11015,#11022),.PCURVE_S1.);
#11010 = ELLIPSE('',#11011,5.755657516734,4.625);
#11011 = AXIS2_PLACEMENT_3D('',#11012,#11013,#11014);
#11012 = CARTESIAN_POINT('',(0.,3.91E-15,5.875925925926));
#11013 = DIRECTION('',(-0.420889437397,0.420889437397,0.803557193345));
#11014 = DIRECTION('',(0.568200740485,-0.568200740485,0.595227550626));
#11015 = PCURVE('',#9317,#11016);
#11016 = DEFINITIONAL_REPRESENTATION('',(#11017),#11021);
#11017 = ELLIPSE('',#11018,5.755657516734,4.625);
#11018 = AXIS2_PLACEMENT_2D('',#11019,#11020);
#11019 = CARTESIAN_POINT('',(-4.411633707421,-0.5));
#11020 = DIRECTION('',(-1.,0.));
#11021 = ( GEOMETRIC_REPRESENTATION_CONTEXT(2) 
PARAMETRIC_REPRESENTATION_CONTEXT() REPRESENTATION_CONTEXT('2D SPACE',''
  ) );
#11022 = PCURVE('',#9477,#11023);
#11023 = DEFINITIONAL_REPRESENTATION('',(#11024),#11050);
#11024 = B_SPLINE_CURVE_WITH_KNOTS('',3,(#11025,#11026,#11027,#11028,
    #11029,#11030,#11031,#11032,#11033,#11034,#11035,#11036,#11037,
    #11038,#11039,#11040,#11041,#11042,#11043,#11044,#11045,#11046,
    #11047,#11048,#11049),.UNSPECIFIED.,.F.,.F.,(4,1,1,1,1,1,1,1,1,1,1,1
    ,1,1,1,1,1,1,1,1,1,1,4),(3.033272847075,3.043120102212,3.05296735735
    ,3.062814612488,3.072661867626,3.082509122763,3.092356377901,
    3.102203633039,3.112050888177,3.121898143314,3.131745398452,
    3.14159265359,3.151439908728,3.161287163865,3.171134419003,
    3.180981674141,3.190828929278,3.200676184416,3.210523439554,
    3.220370694692,3.230217949829,3.240065204967,3.249912460105),
  .QUASI_UNIFORM_KNOTS.);
#11025 = CARTESIAN_POINT('',(5.389467337267,0.470078859674));
#11026 = CARTESIAN_POINT('',(5.392749755646,0.468863146491));
#11027 = CARTESIAN_POINT('',(5.399314592405,0.466541816823));
#11028 = CARTESIAN_POINT('',(5.409161847543,0.463390414846));
#11029 = CARTESIAN_POINT('',(5.41900910268,0.460569920413));
#11030 = CARTESIAN_POINT('',(5.428856357818,0.458080604492));
#11031 = CARTESIAN_POINT('',(5.438703612956,0.455922709143));
#11032 = CARTESIAN_POINT('',(5.448550868093,0.454096443432));
#11033 = CARTESIAN_POINT('',(5.458398123231,0.452601984495));
#11034 = CARTESIAN_POINT('',(5.468245378369,0.451439477233));
#11035 = CARTESIAN_POINT('',(5.478092633507,0.450609034377));
#11036 = CARTESIAN_POINT('',(5.487939888644,0.45011073645));
#11037 = CARTESIAN_POINT('',(5.497787143782,0.449944631772));
#11038 = CARTESIAN_POINT('',(5.50763439892,0.45011073645));
#11039 = CARTESIAN_POINT('',(5.517481654058,0.450609034377));
#11040 = CARTESIAN_POINT('',(5.527328909195,0.451439477233));
#11041 = CARTESIAN_POINT('',(5.537176164333,0.452601984495));
#11042 = CARTESIAN_POINT('',(5.547023419471,0.454096443432));
#11043 = CARTESIAN_POINT('',(5.556870674609,0.455922709143));
#11044 = CARTESIAN_POINT('',(5.566717929746,0.458080604492));
#11045 = CARTESIAN_POINT('',(5.576565184884,0.460569920413));
#11046 = CARTESIAN_POINT('',(5.586412440022,0.463390414846));
#11047 = CARTESIAN_POINT('',(5.596259695159,0.466541816823));
#11048 = CARTESIAN_POINT('',(5.602824531918,0.468863146491));
#11049 = CARTESIAN_POINT('',(5.606106950297,0.470078859674));
#11050 = ( GEOMETRIC_REPRESENTATION_CONTEXT(2) 
PARAMETRIC_REPRESENTATION_CONTEXT() REPRESENTATION_CONTEXT('2D SPACE',''
  ) );
#11051 = ADVANCED_FACE('',(#11052),#9345,.T.);
#11052 = FACE_BOUND('',#11053,.T.);
#11053 = EDGE_LOOP('',(#11054,#11055,#11056,#11079));
#11054 = ORIENTED_EDGE('',*,*,#9329,.F.);
#11055 = ORIENTED_EDGE('',*,*,#10983,.T.);
#11056 = ORIENTED_EDGE('',*,*,#11057,.F.);
#11057 = EDGE_CURVE('',#11058,#10984,#11060,.T.);
#11058 = VERTEX_POINT('',#11059);
#11059 = CARTESIAN_POINT('',(-3.604755091503,2.897648310317,2.));
#11060 = SURFACE_CURVE('',#11061,(#11065,#11072),.PCURVE_S1.);
#11061 = LINE('',#11062,#11063);
#11062 = CARTESIAN_POINT('',(-3.604755091503,2.897648310317,2.));
#11063 = VECTOR('',#11064,1.);
#11064 = DIRECTION('',(0.,6.6E-16,1.));
#11065 = PCURVE('',#9345,#11066);
#11066 = DEFINITIONAL_REPRESENTATION('',(#11067),#11071);
#11067 = LINE('',#11068,#11069);
#11068 = CARTESIAN_POINT('',(-0.491005952328,0.61764560198));
#11069 = VECTOR('',#11070,1.);
#11070 = DIRECTION('',(1.,2.115504510471E-16));
#11071 = ( GEOMETRIC_REPRESENTATION_CONTEXT(2) 
PARAMETRIC_REPRESENTATION_CONTEXT() REPRESENTATION_CONTEXT('2D SPACE',''
  ) );
#11072 = PCURVE('',#9477,#11073);
#11073 = DEFINITIONAL_REPRESENTATION('',(#11074),#11078);
#11074 = LINE('',#11075,#11076);
#11075 = CARTESIAN_POINT('',(5.606106950297,1.7763568394E-15));
#11076 = VECTOR('',#11077,1.);
#11077 = DIRECTION('',(0.,1.));
#11078 = ( GEOMETRIC_REPRESENTATION_CONTEXT(2) 
PARAMETRIC_REPRESENTATION_CONTEXT() REPRESENTATION_CONTEXT('2D SPACE',''
  ) );
#11079 = ORIENTED_EDGE('',*,*,#11080,.T.);
#11080 = EDGE_CURVE('',#11058,#9330,#11081,.T.);
#11081 = SURFACE_CURVE('',#11082,(#11086,#11093),.PCURVE_S1.);
#11082 = LINE('',#11083,#11084);
#11083 = CARTESIAN_POINT('',(-3.623922253581,2.916815472395,2.));
#11084 = VECTOR('',#11085,1.);
#11085 = DIRECTION('',(0.707106781187,-0.707106781187,1.665334536937E-16
    ));
#11086 = PCURVE('',#9345,#11087);
#11087 = DEFINITIONAL_REPRESENTATION('',(#11088),#11092);
#11088 = LINE('',#11089,#11090);
#11089 = CARTESIAN_POINT('',(-0.491005952328,0.644752062543));
#11090 = VECTOR('',#11091,1.);
#11091 = DIRECTION('',(-8.860657084237E-17,-1.));
#11092 = ( GEOMETRIC_REPRESENTATION_CONTEXT(2) 
PARAMETRIC_REPRESENTATION_CONTEXT() REPRESENTATION_CONTEXT('2D SPACE',''
  ) );
#11093 = PCURVE('',#9374,#11094);
#11094 = DEFINITIONAL_REPRESENTATION('',(#11095),#11099);
#11095 = LINE('',#11096,#11097);
#11096 = CARTESIAN_POINT('',(3.623922253581,-2.916815472395));
#11097 = VECTOR('',#11098,1.);
#11098 = DIRECTION('',(-0.707106781187,0.707106781187));
#11099 = ( GEOMETRIC_REPRESENTATION_CONTEXT(2) 
PARAMETRIC_REPRESENTATION_CONTEXT() REPRESENTATION_CONTEXT('2D SPACE',''
  ) );
#11100 = ADVANCED_FACE('',(#11101),#9374,.T.);
#11101 = FACE_BOUND('',#11102,.T.);
#11102 = EDGE_LOOP('',(#11103,#11104,#11128,#11149));
#11103 = ORIENTED_EDGE('',*,*,#11080,.F.);
#11104 = ORIENTED_EDGE('',*,*,#11105,.T.);
#11105 = EDGE_CURVE('',#11058,#11106,#11108,.T.);
#11106 = VERTEX_POINT('',#11107);
#11107 = CARTESIAN_POINT('',(-4.597893539437,0.5,2.));
#11108 = SURFACE_CURVE('',#11109,(#11114,#11121),.PCURVE_S1.);
#11109 = CIRCLE('',#11110,4.625);
#11110 = AXIS2_PLACEMENT_3D('',#11111,#11112,#11113);
#11111 = CARTESIAN_POINT('',(0.,1.33E-15,2.));
#11112 = DIRECTION('',(0.,6.6E-16,1.));
#11113 = DIRECTION('',(-1.,0.,0.));
#11114 = PCURVE('',#9374,#11115);
#11115 = DEFINITIONAL_REPRESENTATION('',(#11116),#11120);
#11116 = CIRCLE('',#11117,4.625);
#11117 = AXIS2_PLACEMENT_2D('',#11118,#11119);
#11118 = CARTESIAN_POINT('',(0.,0.));
#11119 = DIRECTION('',(1.,0.));
#11120 = ( GEOMETRIC_REPRESENTATION_CONTEXT(2) 
PARAMETRIC_REPRESENTATION_CONTEXT() REPRESENTATION_CONTEXT('2D SPACE',''
  ) );
#11121 = PCURVE('',#9477,#11122);
#11122 = DEFINITIONAL_REPRESENTATION('',(#11123),#11127);
#11123 = LINE('',#11124,#11125);
#11124 = CARTESIAN_POINT('',(0.,0.));
#11125 = VECTOR('',#11126,1.);
#11126 = DIRECTION('',(1.,0.));
#11127 = ( GEOMETRIC_REPRESENTATION_CONTEXT(2) 
PARAMETRIC_REPRESENTATION_CONTEXT() REPRESENTATION_CONTEXT('2D SPACE',''
  ) );
#11128 = ORIENTED_EDGE('',*,*,#11129,.T.);
#11129 = EDGE_CURVE('',#11106,#9358,#11130,.T.);
#11130 = SURFACE_CURVE('',#11131,(#11135,#11142),.PCURVE_S1.);
#11131 = LINE('',#11132,#11133);
#11132 = CARTESIAN_POINT('',(-4.625,0.5,2.));
#11133 = VECTOR('',#11134,1.);
#11134 = DIRECTION('',(1.,0.,0.));
#11135 = PCURVE('',#9374,#11136);
#11136 = DEFINITIONAL_REPRESENTATION('',(#11137),#11141);
#11137 = LINE('',#11138,#11139);
#11138 = CARTESIAN_POINT('',(4.625,-0.5));
#11139 = VECTOR('',#11140,1.);
#11140 = DIRECTION('',(-1.,0.));
#11141 = ( GEOMETRIC_REPRESENTATION_CONTEXT(2) 
PARAMETRIC_REPRESENTATION_CONTEXT() REPRESENTATION_CONTEXT('2D SPACE',''
  ) );
#11142 = PCURVE('',#9400,#11143);
#11143 = DEFINITIONAL_REPRESENTATION('',(#11144),#11148);
#11144 = LINE('',#11145,#11146);
#11145 = CARTESIAN_POINT('',(-0.491005952328,0.644752062543));
#11146 = VECTOR('',#11147,1.);
#11147 = DIRECTION('',(0.,-1.));
#11148 = ( GEOMETRIC_REPRESENTATION_CONTEXT(2) 
PARAMETRIC_REPRESENTATION_CONTEXT() REPRESENTATION_CONTEXT('2D SPACE',''
  ) );
#11149 = ORIENTED_EDGE('',*,*,#9357,.F.);
#11150 = ADVANCED_FACE('',(#11151),#9400,.F.);
#11151 = FACE_BOUND('',#11152,.T.);
#11152 = EDGE_LOOP('',(#11153,#11154,#11155,#11176));
#11153 = ORIENTED_EDGE('',*,*,#9386,.T.);
#11154 = ORIENTED_EDGE('',*,*,#11129,.F.);
#11155 = ORIENTED_EDGE('',*,*,#11156,.T.);
#11156 = EDGE_CURVE('',#11106,#9440,#11157,.T.);
#11157 = SURFACE_CURVE('',#11158,(#11162,#11169),.PCURVE_S1.);
#11158 = LINE('',#11159,#11160);
#11159 = CARTESIAN_POINT('',(-4.597893539437,0.5,2.));
#11160 = VECTOR('',#11161,1.);
#11161 = DIRECTION('',(0.,6.6E-16,1.));
#11162 = PCURVE('',#9400,#11163);
#11163 = DEFINITIONAL_REPRESENTATION('',(#11164),#11168);
#11164 = LINE('',#11165,#11166);
#11165 = CARTESIAN_POINT('',(-0.491005952328,0.61764560198));
#11166 = VECTOR('',#11167,1.);
#11167 = DIRECTION('',(1.,0.));
#11168 = ( GEOMETRIC_REPRESENTATION_CONTEXT(2) 
PARAMETRIC_REPRESENTATION_CONTEXT() REPRESENTATION_CONTEXT('2D SPACE',''
  ) );
#11169 = PCURVE('',#9477,#11170);
#11170 = DEFINITIONAL_REPRESENTATION('',(#11171),#11175);
#11171 = LINE('',#11172,#11173);
#11172 = CARTESIAN_POINT('',(6.174865500664,4.440892098501E-16));
#11173 = VECTOR('',#11174,1.);
#11174 = DIRECTION('',(0.,1.));
#11175 = ( GEOMETRIC_REPRESENTATION_CONTEXT(2) 
PARAMETRIC_REPRESENTATION_CONTEXT() REPRESENTATION_CONTEXT('2D SPACE',''
  ) );
#11176 = ORIENTED_EDGE('',*,*,#9439,.F.);
#11177 = ADVANCED_FACE('',(#11178),#9477,.F.);
#11178 = FACE_BOUND('',#11179,.F.);
#11179 = EDGE_LOOP('',(#11180,#11181,#11182,#11183,#11184,#11185,#11186,
    #11187,#11188,#11189,#11190,#11191,#11192,#11193,#11194,#11195,
    #11196,#11219,#11241,#11242,#11243,#11244,#11245,#11246,#11247,
    #11248,#11249,#11250,#11251,#11252,#11253,#11254,#11255,#11256,
    #11257,#11258));
#11180 = ORIENTED_EDGE('',*,*,#9516,.F.);
#11181 = ORIENTED_EDGE('',*,*,#9564,.T.);
#11182 = ORIENTED_EDGE('',*,*,#9615,.T.);
#11183 = ORIENTED_EDGE('',*,*,#9687,.T.);
#11184 = ORIENTED_EDGE('',*,*,#9736,.F.);
#11185 = ORIENTED_EDGE('',*,*,#9784,.T.);
#11186 = ORIENTED_EDGE('',*,*,#9835,.T.);
#11187 = ORIENTED_EDGE('',*,*,#9907,.T.);
#11188 = ORIENTED_EDGE('',*,*,#9956,.F.);
#11189 = ORIENTED_EDGE('',*,*,#10004,.T.);
#11190 = ORIENTED_EDGE('',*,*,#10055,.T.);
#11191 = ORIENTED_EDGE('',*,*,#10127,.T.);
#11192 = ORIENTED_EDGE('',*,*,#10176,.F.);
#11193 = ORIENTED_EDGE('',*,*,#10224,.T.);
#11194 = ORIENTED_EDGE('',*,*,#10275,.T.);
#11195 = ORIENTED_EDGE('',*,*,#10348,.T.);
#11196 = ORIENTED_EDGE('',*,*,#11197,.T.);
#11197 = EDGE_CURVE('',#10349,#11198,#11200,.T.);
#11198 = VERTEX_POINT('',#11199);
#11199 = CARTESIAN_POINT('',(4.625,2.226399144606E-15,2.5));
#11200 = SEAM_CURVE('',#11201,(#11205,#11212),.PCURVE_S1.);
#11201 = LINE('',#11202,#11203);
#11202 = CARTESIAN_POINT('',(4.625,1.896399144606E-15,2.));
#11203 = VECTOR('',#11204,1.);
#11204 = DIRECTION('',(0.,6.6E-16,1.));
#11205 = PCURVE('',#9477,#11206);
#11206 = DEFINITIONAL_REPRESENTATION('',(#11207),#11211);
#11207 = LINE('',#11208,#11209);
#11208 = CARTESIAN_POINT('',(9.424777960769,0.));
#11209 = VECTOR('',#11210,1.);
#11210 = DIRECTION('',(0.,1.));
#11211 = ( GEOMETRIC_REPRESENTATION_CONTEXT(2) 
PARAMETRIC_REPRESENTATION_CONTEXT() REPRESENTATION_CONTEXT('2D SPACE',''
  ) );
#11212 = PCURVE('',#9477,#11213);
#11213 = DEFINITIONAL_REPRESENTATION('',(#11214),#11218);
#11214 = LINE('',#11215,#11216);
#11215 = CARTESIAN_POINT('',(3.14159265359,0.));
#11216 = VECTOR('',#11217,1.);
#11217 = DIRECTION('',(0.,1.));
#11218 = ( GEOMETRIC_REPRESENTATION_CONTEXT(2) 
PARAMETRIC_REPRESENTATION_CONTEXT() REPRESENTATION_CONTEXT('2D SPACE',''
  ) );
#11219 = ORIENTED_EDGE('',*,*,#11220,.F.);
#11220 = EDGE_CURVE('',#11198,#11198,#11221,.T.);
#11221 = SURFACE_CURVE('',#11222,(#11227,#11234),.PCURVE_S1.);
#11222 = CIRCLE('',#11223,4.625);
#11223 = AXIS2_PLACEMENT_3D('',#11224,#11225,#11226);
#11224 = CARTESIAN_POINT('',(0.,1.67E-15,2.5));
#11225 = DIRECTION('',(0.,6.6E-16,1.));
#11226 = DIRECTION('',(-1.,0.,0.));
#11227 = PCURVE('',#9477,#11228);
#11228 = DEFINITIONAL_REPRESENTATION('',(#11229),#11233);
#11229 = LINE('',#11230,#11231);
#11230 = CARTESIAN_POINT('',(0.,0.5));
#11231 = VECTOR('',#11232,1.);
#11232 = DIRECTION('',(1.,0.));
#11233 = ( GEOMETRIC_REPRESENTATION_CONTEXT(2) 
PARAMETRIC_REPRESENTATION_CONTEXT() REPRESENTATION_CONTEXT('2D SPACE',''
  ) );
#11234 = PCURVE('',#100,#11235);
#11235 = DEFINITIONAL_REPRESENTATION('',(#11236),#11240);
#11236 = CIRCLE('',#11237,4.625);
#11237 = AXIS2_PLACEMENT_2D('',#11238,#11239);
#11238 = CARTESIAN_POINT('',(1.32E-15,1.54E-15));
#11239 = DIRECTION('',(-1.,2.42E-32));
#11240 = ( GEOMETRIC_REPRESENTATION_CONTEXT(2) 
PARAMETRIC_REPRESENTATION_CONTEXT() REPRESENTATION_CONTEXT('2D SPACE',''
  ) );
#11241 = ORIENTED_EDGE('',*,*,#11197,.F.);
#11242 = ORIENTED_EDGE('',*,*,#10371,.T.);
#11243 = ORIENTED_EDGE('',*,*,#10397,.F.);
#11244 = ORIENTED_EDGE('',*,*,#10445,.T.);
#11245 = ORIENTED_EDGE('',*,*,#10496,.T.);
#11246 = ORIENTED_EDGE('',*,*,#10568,.T.);
#11247 = ORIENTED_EDGE('',*,*,#10617,.F.);
#11248 = ORIENTED_EDGE('',*,*,#10665,.T.);
#11249 = ORIENTED_EDGE('',*,*,#10716,.T.);
#11250 = ORIENTED_EDGE('',*,*,#10788,.T.);
#11251 = ORIENTED_EDGE('',*,*,#10837,.F.);
#11252 = ORIENTED_EDGE('',*,*,#10885,.T.);
#11253 = ORIENTED_EDGE('',*,*,#10936,.T.);
#11254 = ORIENTED_EDGE('',*,*,#11008,.T.);
#11255 = ORIENTED_EDGE('',*,*,#11057,.F.);
#11256 = ORIENTED_EDGE('',*,*,#11105,.T.);
#11257 = ORIENTED_EDGE('',*,*,#11156,.T.);
#11258 = ORIENTED_EDGE('',*,*,#9462,.T.);
#11259 = ADVANCED_FACE('',(#11260),#1511,.F.);
#11260 = FACE_BOUND('',#11261,.F.);
#11261 = EDGE_LOOP('',(#11262,#11285,#11286,#11287));
#11262 = ORIENTED_EDGE('',*,*,#11263,.T.);
#11263 = EDGE_CURVE('',#11264,#1491,#11266,.T.);
#11264 = VERTEX_POINT('',#11265);
#11265 = CARTESIAN_POINT('',(6.45,3.668485099361E-16,2.5));
#11266 = SEAM_CURVE('',#11267,(#11271,#11278),.PCURVE_S1.);
#11267 = LINE('',#11268,#11269);
#11268 = CARTESIAN_POINT('',(6.45,9.184850993605E-17,-1.010333609297E-32
    ));
#11269 = VECTOR('',#11270,1.);
#11270 = DIRECTION('',(0.,-1.1E-16,-1.));
#11271 = PCURVE('',#1511,#11272);
#11272 = DEFINITIONAL_REPRESENTATION('',(#11273),#11277);
#11273 = LINE('',#11274,#11275);
#11274 = CARTESIAN_POINT('',(3.14159265359,0.));
#11275 = VECTOR('',#11276,1.);
#11276 = DIRECTION('',(0.,1.));
#11277 = ( GEOMETRIC_REPRESENTATION_CONTEXT(2) 
PARAMETRIC_REPRESENTATION_CONTEXT() REPRESENTATION_CONTEXT('2D SPACE',''
  ) );
#11278 = PCURVE('',#1511,#11279);
#11279 = DEFINITIONAL_REPRESENTATION('',(#11280),#11284);
#11280 = LINE('',#11281,#11282);
#11281 = CARTESIAN_POINT('',(-3.14159265359,0.));
#11282 = VECTOR('',#11283,1.);
#11283 = DIRECTION('',(0.,1.));
#11284 = ( GEOMETRIC_REPRESENTATION_CONTEXT(2) 
PARAMETRIC_REPRESENTATION_CONTEXT() REPRESENTATION_CONTEXT('2D SPACE',''
  ) );
#11285 = ORIENTED_EDGE('',*,*,#1490,.T.);
#11286 = ORIENTED_EDGE('',*,*,#11263,.F.);
#11287 = ORIENTED_EDGE('',*,*,#11288,.F.);
#11288 = EDGE_CURVE('',#11264,#11264,#11289,.T.);
#11289 = SURFACE_CURVE('',#11290,(#11295,#11302),.PCURVE_S1.);
#11290 = CIRCLE('',#11291,0.75);
#11291 = AXIS2_PLACEMENT_3D('',#11292,#11293,#11294);
#11292 = CARTESIAN_POINT('',(7.2,4.440892098501E-16,2.5));
#11293 = DIRECTION('',(0.,2.2E-16,1.));
#11294 = DIRECTION('',(1.,0.,-0.));
#11295 = PCURVE('',#1511,#11296);
#11296 = DEFINITIONAL_REPRESENTATION('',(#11297),#11301);
#11297 = LINE('',#11298,#11299);
#11298 = CARTESIAN_POINT('',(6.28318530718,-2.5));
#11299 = VECTOR('',#11300,1.);
#11300 = DIRECTION('',(-1.,0.));
#11301 = ( GEOMETRIC_REPRESENTATION_CONTEXT(2) 
PARAMETRIC_REPRESENTATION_CONTEXT() REPRESENTATION_CONTEXT('2D SPACE',''
  ) );
#11302 = PCURVE('',#100,#11303);
#11303 = DEFINITIONAL_REPRESENTATION('',(#11304),#11308);
#11304 = CIRCLE('',#11305,0.75);
#11305 = AXIS2_PLACEMENT_2D('',#11306,#11307);
#11306 = CARTESIAN_POINT('',(7.2,3.140892098501E-16));
#11307 = DIRECTION('',(1.,-2.42E-32));
#11308 = ( GEOMETRIC_REPRESENTATION_CONTEXT(2) 
PARAMETRIC_REPRESENTATION_CONTEXT() REPRESENTATION_CONTEXT('2D SPACE',''
  ) );
#11309 = ADVANCED_FACE('',(#11310),#1546,.F.);
#11310 = FACE_BOUND('',#11311,.F.);
#11311 = EDGE_LOOP('',(#11312,#11335,#11336,#11337));
#11312 = ORIENTED_EDGE('',*,*,#11313,.T.);
#11313 = EDGE_CURVE('',#11314,#1526,#11316,.T.);
#11314 = VERTEX_POINT('',#11315);
#11315 = CARTESIAN_POINT('',(9.65,3.668485099361E-16,2.5));
#11316 = SEAM_CURVE('',#11317,(#11321,#11328),.PCURVE_S1.);
#11317 = LINE('',#11318,#11319);
#11318 = CARTESIAN_POINT('',(9.65,9.184850993605E-17,-1.010333609297E-32
    ));
#11319 = VECTOR('',#11320,1.);
#11320 = DIRECTION('',(0.,-1.1E-16,-1.));
#11321 = PCURVE('',#1546,#11322);
#11322 = DEFINITIONAL_REPRESENTATION('',(#11323),#11327);
#11323 = LINE('',#11324,#11325);
#11324 = CARTESIAN_POINT('',(3.14159265359,0.));
#11325 = VECTOR('',#11326,1.);
#11326 = DIRECTION('',(0.,1.));
#11327 = ( GEOMETRIC_REPRESENTATION_CONTEXT(2) 
PARAMETRIC_REPRESENTATION_CONTEXT() REPRESENTATION_CONTEXT('2D SPACE',''
  ) );
#11328 = PCURVE('',#1546,#11329);
#11329 = DEFINITIONAL_REPRESENTATION('',(#11330),#11334);
#11330 = LINE('',#11331,#11332);
#11331 = CARTESIAN_POINT('',(-3.14159265359,0.));
#11332 = VECTOR('',#11333,1.);
#11333 = DIRECTION('',(0.,1.));
#11334 = ( GEOMETRIC_REPRESENTATION_CONTEXT(2) 
PARAMETRIC_REPRESENTATION_CONTEXT() REPRESENTATION_CONTEXT('2D SPACE',''
  ) );
#11335 = ORIENTED_EDGE('',*,*,#1525,.T.);
#11336 = ORIENTED_EDGE('',*,*,#11313,.F.);
#11337 = ORIENTED_EDGE('',*,*,#11338,.F.);
#11338 = EDGE_CURVE('',#11314,#11314,#11339,.T.);
#11339 = SURFACE_CURVE('',#11340,(#11345,#11352),.PCURVE_S1.);
#11340 = CIRCLE('',#11341,0.75);
#11341 = AXIS2_PLACEMENT_3D('',#11342,#11343,#11344);
#11342 = CARTESIAN_POINT('',(10.4,4.440892098501E-16,2.5));
#11343 = DIRECTION('',(0.,2.2E-16,1.));
#11344 = DIRECTION('',(1.,0.,-0.));
#11345 = PCURVE('',#1546,#11346);
#11346 = DEFINITIONAL_REPRESENTATION('',(#11347),#11351);
#11347 = LINE('',#11348,#11349);
#11348 = CARTESIAN_POINT('',(6.28318530718,-2.5));
#11349 = VECTOR('',#11350,1.);
#11350 = DIRECTION('',(-1.,0.));
#11351 = ( GEOMETRIC_REPRESENTATION_CONTEXT(2) 
PARAMETRIC_REPRESENTATION_CONTEXT() REPRESENTATION_CONTEXT('2D SPACE',''
  ) );
#11352 = PCURVE('',#100,#11353);
#11353 = DEFINITIONAL_REPRESENTATION('',(#11354),#11358);
#11354 = CIRCLE('',#11355,0.75);
#11355 = AXIS2_PLACEMENT_2D('',#11356,#11357);
#11356 = CARTESIAN_POINT('',(10.4,3.140892098501E-16));
#11357 = DIRECTION('',(1.,-2.42E-32));
#11358 = ( GEOMETRIC_REPRESENTATION_CONTEXT(2) 
PARAMETRIC_REPRESENTATION_CONTEXT() REPRESENTATION_CONTEXT('2D SPACE',''
  ) );
#11359 = ADVANCED_FACE('',(#11360),#1581,.F.);
#11360 = FACE_BOUND('',#11361,.F.);
#11361 = EDGE_LOOP('',(#11362,#11385,#11386,#11387));
#11362 = ORIENTED_EDGE('',*,*,#11363,.T.);
#11363 = EDGE_CURVE('',#11364,#1561,#11366,.T.);
#11364 = VERTEX_POINT('',#11365);
#11365 = CARTESIAN_POINT('',(12.85,3.668485099361E-16,2.5));
#11366 = SEAM_CURVE('',#11367,(#11371,#11378),.PCURVE_S1.);
#11367 = LINE('',#11368,#11369);
#11368 = CARTESIAN_POINT('',(12.85,9.184850993605E-17,
    -1.010333609297E-32));
#11369 = VECTOR('',#11370,1.);
#11370 = DIRECTION('',(0.,-1.1E-16,-1.));
#11371 = PCURVE('',#1581,#11372);
#11372 = DEFINITIONAL_REPRESENTATION('',(#11373),#11377);
#11373 = LINE('',#11374,#11375);
#11374 = CARTESIAN_POINT('',(3.14159265359,0.));
#11375 = VECTOR('',#11376,1.);
#11376 = DIRECTION('',(0.,1.));
#11377 = ( GEOMETRIC_REPRESENTATION_CONTEXT(2) 
PARAMETRIC_REPRESENTATION_CONTEXT() REPRESENTATION_CONTEXT('2D SPACE',''
  ) );
#11378 = PCURVE('',#1581,#11379);
#11379 = DEFINITIONAL_REPRESENTATION('',(#11380),#11384);
#11380 = LINE('',#11381,#11382);
#11381 = CARTESIAN_POINT('',(-3.14159265359,0.));
#11382 = VECTOR('',#11383,1.);
#11383 = DIRECTION('',(0.,1.));
#11384 = ( GEOMETRIC_REPRESENTATION_CONTEXT(2) 
PARAMETRIC_REPRESENTATION_CONTEXT() REPRESENTATION_CONTEXT('2D SPACE',''
  ) );
#11385 = ORIENTED_EDGE('',*,*,#1560,.T.);
#11386 = ORIENTED_EDGE('',*,*,#11363,.F.);
#11387 = ORIENTED_EDGE('',*,*,#11388,.F.);
#11388 = EDGE_CURVE('',#11364,#11364,#11389,.T.);
#11389 = SURFACE_CURVE('',#11390,(#11395,#11402),.PCURVE_S1.);
#11390 = CIRCLE('',#11391,0.75);
#11391 = AXIS2_PLACEMENT_3D('',#11392,#11393,#11394);
#11392 = CARTESIAN_POINT('',(13.6,4.440892098501E-16,2.5));
#11393 = DIRECTION('',(0.,2.2E-16,1.));
#11394 = DIRECTION('',(1.,0.,-0.));
#11395 = PCURVE('',#1581,#11396);
#11396 = DEFINITIONAL_REPRESENTATION('',(#11397),#11401);
#11397 = LINE('',#11398,#11399);
#11398 = CARTESIAN_POINT('',(6.28318530718,-2.5));
#11399 = VECTOR('',#11400,1.);
#11400 = DIRECTION('',(-1.,0.));
#11401 = ( GEOMETRIC_REPRESENTATION_CONTEXT(2) 
PARAMETRIC_REPRESENTATION_CONTEXT() REPRESENTATION_CONTEXT('2D SPACE',''
  ) );
#11402 = PCURVE('',#100,#11403);
#11403 = DEFINITIONAL_REPRESENTATION('',(#11404),#11408);
#11404 = CIRCLE('',#11405,0.75);
#11405 = AXIS2_PLACEMENT_2D('',#11406,#11407);
#11406 = CARTESIAN_POINT('',(13.6,3.140892098501E-16));
#11407 = DIRECTION('',(1.,-2.42E-32));
#11408 = ( GEOMETRIC_REPRESENTATION_CONTEXT(2) 
PARAMETRIC_REPRESENTATION_CONTEXT() REPRESENTATION_CONTEXT('2D SPACE',''
  ) );
#11409 = ADVANCED_FACE('',(#11410),#1616,.F.);
#11410 = FACE_BOUND('',#11411,.F.);
#11411 = EDGE_LOOP('',(#11412,#11435,#11436,#11437));
#11412 = ORIENTED_EDGE('',*,*,#11413,.T.);
#11413 = EDGE_CURVE('',#11414,#1596,#11416,.T.);
#11414 = VERTEX_POINT('',#11415);
#11415 = CARTESIAN_POINT('',(3.225,5.58586385441,2.5));
#11416 = SEAM_CURVE('',#11417,(#11421,#11428),.PCURVE_S1.);
#11417 = LINE('',#11418,#11419);
#11418 = CARTESIAN_POINT('',(3.225,5.58586385441,-2.79003941285E-15));
#11419 = VECTOR('',#11420,1.);
#11420 = DIRECTION('',(-5.551115123126E-16,-1.7E-16,-1.));
#11421 = PCURVE('',#1616,#11422);
#11422 = DEFINITIONAL_REPRESENTATION('',(#11423),#11427);
#11423 = LINE('',#11424,#11425);
#11424 = CARTESIAN_POINT('',(9.424777960769,0.));
#11425 = VECTOR('',#11426,1.);
#11426 = DIRECTION('',(1.7763568394E-16,1.));
#11427 = ( GEOMETRIC_REPRESENTATION_CONTEXT(2) 
PARAMETRIC_REPRESENTATION_CONTEXT() REPRESENTATION_CONTEXT('2D SPACE',''
  ) );
#11428 = PCURVE('',#1616,#11429);
#11429 = DEFINITIONAL_REPRESENTATION('',(#11430),#11434);
#11430 = LINE('',#11431,#11432);
#11431 = CARTESIAN_POINT('',(3.14159265359,0.));
#11432 = VECTOR('',#11433,1.);
#11433 = DIRECTION('',(1.7763568394E-16,1.));
#11434 = ( GEOMETRIC_REPRESENTATION_CONTEXT(2) 
PARAMETRIC_REPRESENTATION_CONTEXT() REPRESENTATION_CONTEXT('2D SPACE',''
  ) );
#11435 = ORIENTED_EDGE('',*,*,#1595,.T.);
#11436 = ORIENTED_EDGE('',*,*,#11413,.F.);
#11437 = ORIENTED_EDGE('',*,*,#11438,.F.);
#11438 = EDGE_CURVE('',#11414,#11414,#11439,.T.);
#11439 = SURFACE_CURVE('',#11440,(#11445,#11452),.PCURVE_S1.);
#11440 = CIRCLE('',#11441,0.75);
#11441 = AXIS2_PLACEMENT_3D('',#11442,#11443,#11444);
#11442 = CARTESIAN_POINT('',(3.6,6.235382907248,2.5));
#11443 = DIRECTION('',(5.243667956904E-16,2.420961171627E-16,1.));
#11444 = DIRECTION('',(0.5,0.866025403784,-4.718447854657E-16));
#11445 = PCURVE('',#1616,#11446);
#11446 = DEFINITIONAL_REPRESENTATION('',(#11447),#11451);
#11447 = LINE('',#11448,#11449);
#11448 = CARTESIAN_POINT('',(12.566370614359,-2.5));
#11449 = VECTOR('',#11450,1.);
#11450 = DIRECTION('',(-1.,0.));
#11451 = ( GEOMETRIC_REPRESENTATION_CONTEXT(2) 
PARAMETRIC_REPRESENTATION_CONTEXT() REPRESENTATION_CONTEXT('2D SPACE',''
  ) );
#11452 = PCURVE('',#100,#11453);
#11453 = DEFINITIONAL_REPRESENTATION('',(#11454),#11458);
#11454 = CIRCLE('',#11455,0.75);
#11455 = AXIS2_PLACEMENT_2D('',#11456,#11457);
#11456 = CARTESIAN_POINT('',(3.6,6.235382907248));
#11457 = DIRECTION('',(0.5,0.866025403784));
#11458 = ( GEOMETRIC_REPRESENTATION_CONTEXT(2) 
PARAMETRIC_REPRESENTATION_CONTEXT() REPRESENTATION_CONTEXT('2D SPACE',''
  ) );
#11459 = ADVANCED_FACE('',(#11460),#1651,.F.);
#11460 = FACE_BOUND('',#11461,.F.);
#11461 = EDGE_LOOP('',(#11462,#11485,#11486,#11487));
#11462 = ORIENTED_EDGE('',*,*,#11463,.T.);
#11463 = EDGE_CURVE('',#11464,#1631,#11466,.T.);
#11464 = VERTEX_POINT('',#11465);
#11465 = CARTESIAN_POINT('',(-6.45,8.815149006395E-17,2.5));
#11466 = SEAM_CURVE('',#11467,(#11471,#11478),.PCURVE_S1.);
#11467 = LINE('',#11468,#11469);
#11468 = CARTESIAN_POINT('',(-6.45,-7.368485099361E-16,2.225E-15));
#11469 = VECTOR('',#11470,1.);
#11470 = DIRECTION('',(-3.4E-16,-3.3E-16,-1.));
#11471 = PCURVE('',#1651,#11472);
#11472 = DEFINITIONAL_REPRESENTATION('',(#11473),#11477);
#11473 = LINE('',#11474,#11475);
#11474 = CARTESIAN_POINT('',(3.14159265359,0.));
#11475 = VECTOR('',#11476,1.);
#11476 = DIRECTION('',(0.,1.));
#11477 = ( GEOMETRIC_REPRESENTATION_CONTEXT(2) 
PARAMETRIC_REPRESENTATION_CONTEXT() REPRESENTATION_CONTEXT('2D SPACE',''
  ) );
#11478 = PCURVE('',#1651,#11479);
#11479 = DEFINITIONAL_REPRESENTATION('',(#11480),#11484);
#11480 = LINE('',#11481,#11482);
#11481 = CARTESIAN_POINT('',(-3.14159265359,0.));
#11482 = VECTOR('',#11483,1.);
#11483 = DIRECTION('',(0.,1.));
#11484 = ( GEOMETRIC_REPRESENTATION_CONTEXT(2) 
PARAMETRIC_REPRESENTATION_CONTEXT() REPRESENTATION_CONTEXT('2D SPACE',''
  ) );
#11485 = ORIENTED_EDGE('',*,*,#1630,.T.);
#11486 = ORIENTED_EDGE('',*,*,#11463,.F.);
#11487 = ORIENTED_EDGE('',*,*,#11488,.F.);
#11488 = EDGE_CURVE('',#11464,#11464,#11489,.T.);
#11489 = SURFACE_CURVE('',#11490,(#11495,#11502),.PCURVE_S1.);
#11490 = CIRCLE('',#11491,0.75);
#11491 = AXIS2_PLACEMENT_3D('',#11492,#11493,#11494);
#11492 = CARTESIAN_POINT('',(-7.2,-4.440892098501E-16,2.5));
#11493 = DIRECTION('',(3.4E-16,2.2E-16,1.));
#11494 = DIRECTION('',(-1.,-1.E-16,3.4E-16));
#11495 = PCURVE('',#1651,#11496);
#11496 = DEFINITIONAL_REPRESENTATION('',(#11497),#11501);
#11497 = LINE('',#11498,#11499);
#11498 = CARTESIAN_POINT('',(6.28318530718,-2.5));
#11499 = VECTOR('',#11500,1.);
#11500 = DIRECTION('',(-1.,0.));
#11501 = ( GEOMETRIC_REPRESENTATION_CONTEXT(2) 
PARAMETRIC_REPRESENTATION_CONTEXT() REPRESENTATION_CONTEXT('2D SPACE',''
  ) );
#11502 = PCURVE('',#100,#11503);
#11503 = DEFINITIONAL_REPRESENTATION('',(#11504),#11508);
#11504 = CIRCLE('',#11505,0.75);
#11505 = AXIS2_PLACEMENT_2D('',#11506,#11507);
#11506 = CARTESIAN_POINT('',(-7.2,-5.740892098501E-16));
#11507 = DIRECTION('',(-1.,-1.E-16));
#11508 = ( GEOMETRIC_REPRESENTATION_CONTEXT(2) 
PARAMETRIC_REPRESENTATION_CONTEXT() REPRESENTATION_CONTEXT('2D SPACE',''
  ) );
#11509 = ADVANCED_FACE('',(#11510),#1686,.F.);
#11510 = FACE_BOUND('',#11511,.F.);
#11511 = EDGE_LOOP('',(#11512,#11535,#11536,#11537));
#11512 = ORIENTED_EDGE('',*,*,#11513,.T.);
#11513 = EDGE_CURVE('',#11514,#1666,#11516,.T.);
#11514 = VERTEX_POINT('',#11515);
#11515 = CARTESIAN_POINT('',(-9.65,-2.318485099361E-16,2.5));
#11516 = SEAM_CURVE('',#11517,(#11521,#11528),.PCURVE_S1.);
#11517 = LINE('',#11518,#11519);
#11518 = CARTESIAN_POINT('',(-9.65,-1.056848509936E-15,3.325E-15));
#11519 = VECTOR('',#11520,1.);
#11520 = DIRECTION('',(-3.4E-16,-3.3E-16,-1.));
#11521 = PCURVE('',#1686,#11522);
#11522 = DEFINITIONAL_REPRESENTATION('',(#11523),#11527);
#11523 = LINE('',#11524,#11525);
#11524 = CARTESIAN_POINT('',(3.14159265359,0.));
#11525 = VECTOR('',#11526,1.);
#11526 = DIRECTION('',(0.,1.));
#11527 = ( GEOMETRIC_REPRESENTATION_CONTEXT(2) 
PARAMETRIC_REPRESENTATION_CONTEXT() REPRESENTATION_CONTEXT('2D SPACE',''
  ) );
#11528 = PCURVE('',#1686,#11529);
#11529 = DEFINITIONAL_REPRESENTATION('',(#11530),#11534);
#11530 = LINE('',#11531,#11532);
#11531 = CARTESIAN_POINT('',(-3.14159265359,0.));
#11532 = VECTOR('',#11533,1.);
#11533 = DIRECTION('',(0.,1.));
#11534 = ( GEOMETRIC_REPRESENTATION_CONTEXT(2) 
PARAMETRIC_REPRESENTATION_CONTEXT() REPRESENTATION_CONTEXT('2D SPACE',''
  ) );
#11535 = ORIENTED_EDGE('',*,*,#1665,.T.);
#11536 = ORIENTED_EDGE('',*,*,#11513,.F.);
#11537 = ORIENTED_EDGE('',*,*,#11538,.F.);
#11538 = EDGE_CURVE('',#11514,#11514,#11539,.T.);
#11539 = SURFACE_CURVE('',#11540,(#11545,#11552),.PCURVE_S1.);
#11540 = CIRCLE('',#11541,0.75);
#11541 = AXIS2_PLACEMENT_3D('',#11542,#11543,#11544);
#11542 = CARTESIAN_POINT('',(-10.4,-4.440892098501E-16,2.5));
#11543 = DIRECTION('',(3.4E-16,2.2E-16,1.));
#11544 = DIRECTION('',(-1.,-1.E-16,3.4E-16));
#11545 = PCURVE('',#1686,#11546);
#11546 = DEFINITIONAL_REPRESENTATION('',(#11547),#11551);
#11547 = LINE('',#11548,#11549);
#11548 = CARTESIAN_POINT('',(6.28318530718,-2.5));
#11549 = VECTOR('',#11550,1.);
#11550 = DIRECTION('',(-1.,0.));
#11551 = ( GEOMETRIC_REPRESENTATION_CONTEXT(2) 
PARAMETRIC_REPRESENTATION_CONTEXT() REPRESENTATION_CONTEXT('2D SPACE',''
  ) );
#11552 = PCURVE('',#100,#11553);
#11553 = DEFINITIONAL_REPRESENTATION('',(#11554),#11558);
#11554 = CIRCLE('',#11555,0.75);
#11555 = AXIS2_PLACEMENT_2D('',#11556,#11557);
#11556 = CARTESIAN_POINT('',(-10.4,-5.740892098501E-16));
#11557 = DIRECTION('',(-1.,-1.E-16));
#11558 = ( GEOMETRIC_REPRESENTATION_CONTEXT(2) 
PARAMETRIC_REPRESENTATION_CONTEXT() REPRESENTATION_CONTEXT('2D SPACE',''
  ) );
#11559 = ADVANCED_FACE('',(#11560),#1721,.F.);
#11560 = FACE_BOUND('',#11561,.F.);
#11561 = EDGE_LOOP('',(#11562,#11585,#11586,#11587));
#11562 = ORIENTED_EDGE('',*,*,#11563,.T.);
#11563 = EDGE_CURVE('',#11564,#1701,#11566,.T.);
#11564 = VERTEX_POINT('',#11565);
#11565 = CARTESIAN_POINT('',(-12.85,-5.418485099361E-16,2.5));
#11566 = SEAM_CURVE('',#11567,(#11571,#11578),.PCURVE_S1.);
#11567 = LINE('',#11568,#11569);
#11568 = CARTESIAN_POINT('',(-12.85,-1.366848509936E-15,4.435E-15));
#11569 = VECTOR('',#11570,1.);
#11570 = DIRECTION('',(-3.4E-16,-3.3E-16,-1.));
#11571 = PCURVE('',#1721,#11572);
#11572 = DEFINITIONAL_REPRESENTATION('',(#11573),#11577);
#11573 = LINE('',#11574,#11575);
#11574 = CARTESIAN_POINT('',(3.14159265359,0.));
#11575 = VECTOR('',#11576,1.);
#11576 = DIRECTION('',(0.,1.));
#11577 = ( GEOMETRIC_REPRESENTATION_CONTEXT(2) 
PARAMETRIC_REPRESENTATION_CONTEXT() REPRESENTATION_CONTEXT('2D SPACE',''
  ) );
#11578 = PCURVE('',#1721,#11579);
#11579 = DEFINITIONAL_REPRESENTATION('',(#11580),#11584);
#11580 = LINE('',#11581,#11582);
#11581 = CARTESIAN_POINT('',(-3.14159265359,0.));
#11582 = VECTOR('',#11583,1.);
#11583 = DIRECTION('',(0.,1.));
#11584 = ( GEOMETRIC_REPRESENTATION_CONTEXT(2) 
PARAMETRIC_REPRESENTATION_CONTEXT() REPRESENTATION_CONTEXT('2D SPACE',''
  ) );
#11585 = ORIENTED_EDGE('',*,*,#1700,.T.);
#11586 = ORIENTED_EDGE('',*,*,#11563,.F.);
#11587 = ORIENTED_EDGE('',*,*,#11588,.F.);
#11588 = EDGE_CURVE('',#11564,#11564,#11589,.T.);
#11589 = SURFACE_CURVE('',#11590,(#11595,#11602),.PCURVE_S1.);
#11590 = CIRCLE('',#11591,0.75);
#11591 = AXIS2_PLACEMENT_3D('',#11592,#11593,#11594);
#11592 = CARTESIAN_POINT('',(-13.6,-8.881784197001E-16,2.5));
#11593 = DIRECTION('',(3.4E-16,2.2E-16,1.));
#11594 = DIRECTION('',(-1.,-1.E-16,3.4E-16));
#11595 = PCURVE('',#1721,#11596);
#11596 = DEFINITIONAL_REPRESENTATION('',(#11597),#11601);
#11597 = LINE('',#11598,#11599);
#11598 = CARTESIAN_POINT('',(6.28318530718,-2.5));
#11599 = VECTOR('',#11600,1.);
#11600 = DIRECTION('',(-1.,0.));
#11601 = ( GEOMETRIC_REPRESENTATION_CONTEXT(2) 
PARAMETRIC_REPRESENTATION_CONTEXT() REPRESENTATION_CONTEXT('2D SPACE',''
  ) );
#11602 = PCURVE('',#100,#11603);
#11603 = DEFINITIONAL_REPRESENTATION('',(#11604),#11608);
#11604 = CIRCLE('',#11605,0.75);
#11605 = AXIS2_PLACEMENT_2D('',#11606,#11607);
#11606 = CARTESIAN_POINT('',(-13.6,-1.0181784197E-15));
#11607 = DIRECTION('',(-1.,-1.E-16));
#11608 = ( GEOMETRIC_REPRESENTATION_CONTEXT(2) 
PARAMETRIC_REPRESENTATION_CONTEXT() REPRESENTATION_CONTEXT('2D SPACE',''
  ) );
#11609 = ADVANCED_FACE('',(#11610),#1756,.F.);
#11610 = FACE_BOUND('',#11611,.F.);
#11611 = EDGE_LOOP('',(#11612,#11635,#11636,#11637));
#11612 = ORIENTED_EDGE('',*,*,#11613,.T.);
#11613 = EDGE_CURVE('',#11614,#1736,#11616,.T.);
#11614 = VERTEX_POINT('',#11615);
#11615 = CARTESIAN_POINT('',(-4.825,8.35714514652,2.5));
#11616 = SEAM_CURVE('',#11617,(#11621,#11628),.PCURVE_S1.);
#11617 = LINE('',#11618,#11619);
#11618 = CARTESIAN_POINT('',(-4.825,8.35714514652,-4.079406470375E-16));
#11619 = VECTOR('',#11620,1.);
#11620 = DIRECTION('',(-3.885780586188E-16,-2.8E-16,-1.));
#11621 = PCURVE('',#1756,#11622);
#11622 = DEFINITIONAL_REPRESENTATION('',(#11623),#11627);
#11623 = LINE('',#11624,#11625);
#11624 = CARTESIAN_POINT('',(3.14159265359,0.));
#11625 = VECTOR('',#11626,1.);
#11626 = DIRECTION('',(-5.329070518201E-16,1.));
#11627 = ( GEOMETRIC_REPRESENTATION_CONTEXT(2) 
PARAMETRIC_REPRESENTATION_CONTEXT() REPRESENTATION_CONTEXT('2D SPACE',''
  ) );
#11628 = PCURVE('',#1756,#11629);
#11629 = DEFINITIONAL_REPRESENTATION('',(#11630),#11634);
#11630 = LINE('',#11631,#11632);
#11631 = CARTESIAN_POINT('',(-3.14159265359,0.));
#11632 = VECTOR('',#11633,1.);
#11633 = DIRECTION('',(-5.329070518201E-16,1.));
#11634 = ( GEOMETRIC_REPRESENTATION_CONTEXT(2) 
PARAMETRIC_REPRESENTATION_CONTEXT() REPRESENTATION_CONTEXT('2D SPACE',''
  ) );
#11635 = ORIENTED_EDGE('',*,*,#1735,.T.);
#11636 = ORIENTED_EDGE('',*,*,#11613,.F.);
#11637 = ORIENTED_EDGE('',*,*,#11638,.F.);
#11638 = EDGE_CURVE('',#11614,#11614,#11639,.T.);
#11639 = SURFACE_CURVE('',#11640,(#11645,#11652),.PCURVE_S1.);
#11640 = CIRCLE('',#11641,0.75);
#11641 = AXIS2_PLACEMENT_3D('',#11642,#11643,#11644);
#11642 = CARTESIAN_POINT('',(-5.2,9.006664199358,2.5));
#11643 = DIRECTION('',(3.365184701171E-16,1.942890293094E-16,1.));
#11644 = DIRECTION('',(-0.5,0.866025403784,7.545947596505E-29));
#11645 = PCURVE('',#1756,#11646);
#11646 = DEFINITIONAL_REPRESENTATION('',(#11647),#11651);
#11647 = LINE('',#11648,#11649);
#11648 = CARTESIAN_POINT('',(6.28318530718,-2.5));
#11649 = VECTOR('',#11650,1.);
#11650 = DIRECTION('',(-1.,0.));
#11651 = ( GEOMETRIC_REPRESENTATION_CONTEXT(2) 
PARAMETRIC_REPRESENTATION_CONTEXT() REPRESENTATION_CONTEXT('2D SPACE',''
  ) );
#11652 = PCURVE('',#100,#11653);
#11653 = DEFINITIONAL_REPRESENTATION('',(#11654),#11658);
#11654 = CIRCLE('',#11655,0.75);
#11655 = AXIS2_PLACEMENT_2D('',#11656,#11657);
#11656 = CARTESIAN_POINT('',(-5.2,9.006664199358));
#11657 = DIRECTION('',(-0.5,0.866025403784));
#11658 = ( GEOMETRIC_REPRESENTATION_CONTEXT(2) 
PARAMETRIC_REPRESENTATION_CONTEXT() REPRESENTATION_CONTEXT('2D SPACE',''
  ) );
#11659 = ADVANCED_FACE('',(#11660),#1791,.F.);
#11660 = FACE_BOUND('',#11661,.F.);
#11661 = EDGE_LOOP('',(#11662,#11685,#11686,#11687));
#11662 = ORIENTED_EDGE('',*,*,#11663,.T.);
#11663 = EDGE_CURVE('',#11664,#1771,#11666,.T.);
#11664 = VERTEX_POINT('',#11665);
#11665 = CARTESIAN_POINT('',(-6.425,11.12842643863,2.5));
#11666 = SEAM_CURVE('',#11667,(#11671,#11678),.PCURVE_S1.);
#11667 = LINE('',#11668,#11669);
#11668 = CARTESIAN_POINT('',(-6.425,11.12842643863,3.61485628126E-17));
#11669 = VECTOR('',#11670,1.);
#11670 = DIRECTION('',(-3.885780586188E-16,-2.8E-16,-1.));
#11671 = PCURVE('',#1791,#11672);
#11672 = DEFINITIONAL_REPRESENTATION('',(#11673),#11677);
#11673 = LINE('',#11674,#11675);
#11674 = CARTESIAN_POINT('',(9.424777960769,0.));
#11675 = VECTOR('',#11676,1.);
#11676 = DIRECTION('',(-1.7763568394E-16,1.));
#11677 = ( GEOMETRIC_REPRESENTATION_CONTEXT(2) 
PARAMETRIC_REPRESENTATION_CONTEXT() REPRESENTATION_CONTEXT('2D SPACE',''
  ) );
#11678 = PCURVE('',#1791,#11679);
#11679 = DEFINITIONAL_REPRESENTATION('',(#11680),#11684);
#11680 = LINE('',#11681,#11682);
#11681 = CARTESIAN_POINT('',(3.14159265359,0.));
#11682 = VECTOR('',#11683,1.);
#11683 = DIRECTION('',(-1.7763568394E-16,1.));
#11684 = ( GEOMETRIC_REPRESENTATION_CONTEXT(2) 
PARAMETRIC_REPRESENTATION_CONTEXT() REPRESENTATION_CONTEXT('2D SPACE',''
  ) );
#11685 = ORIENTED_EDGE('',*,*,#1770,.T.);
#11686 = ORIENTED_EDGE('',*,*,#11663,.F.);
#11687 = ORIENTED_EDGE('',*,*,#11688,.F.);
#11688 = EDGE_CURVE('',#11664,#11664,#11689,.T.);
#11689 = SURFACE_CURVE('',#11690,(#11695,#11702),.PCURVE_S1.);
#11690 = CIRCLE('',#11691,0.75);
#11691 = AXIS2_PLACEMENT_3D('',#11692,#11693,#11694);
#11692 = CARTESIAN_POINT('',(-6.8,11.777945491468,2.5));
#11693 = DIRECTION('',(3.365184701171E-16,1.942890293094E-16,1.));
#11694 = DIRECTION('',(-0.5,0.866025403784,7.545947596505E-29));
#11695 = PCURVE('',#1791,#11696);
#11696 = DEFINITIONAL_REPRESENTATION('',(#11697),#11701);
#11697 = LINE('',#11698,#11699);
#11698 = CARTESIAN_POINT('',(12.566370614359,-2.5));
#11699 = VECTOR('',#11700,1.);
#11700 = DIRECTION('',(-1.,0.));
#11701 = ( GEOMETRIC_REPRESENTATION_CONTEXT(2) 
PARAMETRIC_REPRESENTATION_CONTEXT() REPRESENTATION_CONTEXT('2D SPACE',''
  ) );
#11702 = PCURVE('',#100,#11703);
#11703 = DEFINITIONAL_REPRESENTATION('',(#11704),#11708);
#11704 = CIRCLE('',#11705,0.75);
#11705 = AXIS2_PLACEMENT_2D('',#11706,#11707);
#11706 = CARTESIAN_POINT('',(-6.8,11.777945491468));
#11707 = DIRECTION('',(-0.5,0.866025403784));
#11708 = ( GEOMETRIC_REPRESENTATION_CONTEXT(2) 
PARAMETRIC_REPRESENTATION_CONTEXT() REPRESENTATION_CONTEXT('2D SPACE',''
  ) );
#11709 = ADVANCED_FACE('',(#11710),#1826,.F.);
#11710 = FACE_BOUND('',#11711,.F.);
#11711 = EDGE_LOOP('',(#11712,#11735,#11736,#11737));
#11712 = ORIENTED_EDGE('',*,*,#11713,.T.);
#11713 = EDGE_CURVE('',#11714,#1806,#11716,.T.);
#11714 = VERTEX_POINT('',#11715);
#11715 = CARTESIAN_POINT('',(4.825,8.35714514652,2.5));
#11716 = SEAM_CURVE('',#11717,(#11721,#11728),.PCURVE_S1.);
#11717 = LINE('',#11718,#11719);
#11718 = CARTESIAN_POINT('',(4.825,8.35714514652,-4.122307042401E-15));
#11719 = VECTOR('',#11720,1.);
#11720 = DIRECTION('',(-5.551115123126E-16,-1.7E-16,-1.));
#11721 = PCURVE('',#1826,#11722);
#11722 = DEFINITIONAL_REPRESENTATION('',(#11723),#11727);
#11723 = LINE('',#11724,#11725);
#11724 = CARTESIAN_POINT('',(9.424777960769,0.));
#11725 = VECTOR('',#11726,1.);
#11726 = DIRECTION('',(3.5527136788E-16,1.));
#11727 = ( GEOMETRIC_REPRESENTATION_CONTEXT(2) 
PARAMETRIC_REPRESENTATION_CONTEXT() REPRESENTATION_CONTEXT('2D SPACE',''
  ) );
#11728 = PCURVE('',#1826,#11729);
#11729 = DEFINITIONAL_REPRESENTATION('',(#11730),#11734);
#11730 = LINE('',#11731,#11732);
#11731 = CARTESIAN_POINT('',(3.14159265359,0.));
#11732 = VECTOR('',#11733,1.);
#11733 = DIRECTION('',(3.5527136788E-16,1.));
#11734 = ( GEOMETRIC_REPRESENTATION_CONTEXT(2) 
PARAMETRIC_REPRESENTATION_CONTEXT() REPRESENTATION_CONTEXT('2D SPACE',''
  ) );
#11735 = ORIENTED_EDGE('',*,*,#1805,.T.);
#11736 = ORIENTED_EDGE('',*,*,#11713,.F.);
#11737 = ORIENTED_EDGE('',*,*,#11738,.F.);
#11738 = EDGE_CURVE('',#11714,#11714,#11739,.T.);
#11739 = SURFACE_CURVE('',#11740,(#11745,#11752),.PCURVE_S1.);
#11740 = CIRCLE('',#11741,0.75);
#11741 = AXIS2_PLACEMENT_3D('',#11742,#11743,#11744);
#11742 = CARTESIAN_POINT('',(5.2,9.006664199358,2.5));
#11743 = DIRECTION('',(5.243667956904E-16,2.420961171627E-16,1.));
#11744 = DIRECTION('',(0.5,0.866025403784,-4.718447854657E-16));
#11745 = PCURVE('',#1826,#11746);
#11746 = DEFINITIONAL_REPRESENTATION('',(#11747),#11751);
#11747 = LINE('',#11748,#11749);
#11748 = CARTESIAN_POINT('',(12.566370614359,-2.5));
#11749 = VECTOR('',#11750,1.);
#11750 = DIRECTION('',(-1.,0.));
#11751 = ( GEOMETRIC_REPRESENTATION_CONTEXT(2) 
PARAMETRIC_REPRESENTATION_CONTEXT() REPRESENTATION_CONTEXT('2D SPACE',''
  ) );
#11752 = PCURVE('',#100,#11753);
#11753 = DEFINITIONAL_REPRESENTATION('',(#11754),#11758);
#11754 = CIRCLE('',#11755,0.75);
#11755 = AXIS2_PLACEMENT_2D('',#11756,#11757);
#11756 = CARTESIAN_POINT('',(5.2,9.006664199358));
#11757 = DIRECTION('',(0.5,0.866025403784));
#11758 = ( GEOMETRIC_REPRESENTATION_CONTEXT(2) 
PARAMETRIC_REPRESENTATION_CONTEXT() REPRESENTATION_CONTEXT('2D SPACE',''
  ) );
#11759 = ADVANCED_FACE('',(#11760),#1861,.F.);
#11760 = FACE_BOUND('',#11761,.F.);
#11761 = EDGE_LOOP('',(#11762,#11785,#11786,#11787));
#11762 = ORIENTED_EDGE('',*,*,#11763,.T.);
#11763 = EDGE_CURVE('',#11764,#1841,#11766,.T.);
#11764 = VERTEX_POINT('',#11765);
#11765 = CARTESIAN_POINT('',(6.425,11.12842643863,2.5));
#11766 = SEAM_CURVE('',#11767,(#11771,#11778),.PCURVE_S1.);
#11767 = LINE('',#11768,#11769);
#11768 = CARTESIAN_POINT('',(6.425,11.12842643863,-5.010485462101E-15));
#11769 = VECTOR('',#11770,1.);
#11770 = DIRECTION('',(-5.551115123126E-16,-1.7E-16,-1.));
#11771 = PCURVE('',#1861,#11772);
#11772 = DEFINITIONAL_REPRESENTATION('',(#11773),#11777);
#11773 = LINE('',#11774,#11775);
#11774 = CARTESIAN_POINT('',(3.14159265359,0.));
#11775 = VECTOR('',#11776,1.);
#11776 = DIRECTION('',(5.329070518201E-16,1.));
#11777 = ( GEOMETRIC_REPRESENTATION_CONTEXT(2) 
PARAMETRIC_REPRESENTATION_CONTEXT() REPRESENTATION_CONTEXT('2D SPACE',''
  ) );
#11778 = PCURVE('',#1861,#11779);
#11779 = DEFINITIONAL_REPRESENTATION('',(#11780),#11784);
#11780 = LINE('',#11781,#11782);
#11781 = CARTESIAN_POINT('',(-3.14159265359,0.));
#11782 = VECTOR('',#11783,1.);
#11783 = DIRECTION('',(5.329070518201E-16,1.));
#11784 = ( GEOMETRIC_REPRESENTATION_CONTEXT(2) 
PARAMETRIC_REPRESENTATION_CONTEXT() REPRESENTATION_CONTEXT('2D SPACE',''
  ) );
#11785 = ORIENTED_EDGE('',*,*,#1840,.T.);
#11786 = ORIENTED_EDGE('',*,*,#11763,.F.);
#11787 = ORIENTED_EDGE('',*,*,#11788,.F.);
#11788 = EDGE_CURVE('',#11764,#11764,#11789,.T.);
#11789 = SURFACE_CURVE('',#11790,(#11795,#11802),.PCURVE_S1.);
#11790 = CIRCLE('',#11791,0.75);
#11791 = AXIS2_PLACEMENT_3D('',#11792,#11793,#11794);
#11792 = CARTESIAN_POINT('',(6.8,11.777945491468,2.5));
#11793 = DIRECTION('',(5.243667956904E-16,2.420961171627E-16,1.));
#11794 = DIRECTION('',(0.5,0.866025403784,-4.718447854657E-16));
#11795 = PCURVE('',#1861,#11796);
#11796 = DEFINITIONAL_REPRESENTATION('',(#11797),#11801);
#11797 = LINE('',#11798,#11799);
#11798 = CARTESIAN_POINT('',(6.28318530718,-2.5));
#11799 = VECTOR('',#11800,1.);
#11800 = DIRECTION('',(-1.,0.));
#11801 = ( GEOMETRIC_REPRESENTATION_CONTEXT(2) 
PARAMETRIC_REPRESENTATION_CONTEXT() REPRESENTATION_CONTEXT('2D SPACE',''
  ) );
#11802 = PCURVE('',#100,#11803);
#11803 = DEFINITIONAL_REPRESENTATION('',(#11804),#11808);
#11804 = CIRCLE('',#11805,0.75);
#11805 = AXIS2_PLACEMENT_2D('',#11806,#11807);
#11806 = CARTESIAN_POINT('',(6.8,11.777945491468));
#11807 = DIRECTION('',(0.5,0.866025403784));
#11808 = ( GEOMETRIC_REPRESENTATION_CONTEXT(2) 
PARAMETRIC_REPRESENTATION_CONTEXT() REPRESENTATION_CONTEXT('2D SPACE',''
  ) );
#11809 = ADVANCED_FACE('',(#11810),#1896,.F.);
#11810 = FACE_BOUND('',#11811,.F.);
#11811 = EDGE_LOOP('',(#11812,#11835,#11836,#11837));
#11812 = ORIENTED_EDGE('',*,*,#11813,.T.);
#11813 = EDGE_CURVE('',#11814,#1876,#11816,.T.);
#11814 = VERTEX_POINT('',#11815);
#11815 = CARTESIAN_POINT('',(3.225,-5.58586385441,2.5));
#11816 = SEAM_CURVE('',#11817,(#11821,#11828),.PCURVE_S1.);
#11817 = LINE('',#11818,#11819);
#11818 = CARTESIAN_POINT('',(3.225,-5.58586385441,2.165538961499E-15));
#11819 = VECTOR('',#11820,1.);
#11820 = DIRECTION('',(4.440892098501E-16,-1.7E-16,-1.));
#11821 = PCURVE('',#1896,#11822);
#11822 = DEFINITIONAL_REPRESENTATION('',(#11823),#11827);
#11823 = LINE('',#11824,#11825);
#11824 = CARTESIAN_POINT('',(3.14159265359,0.));
#11825 = VECTOR('',#11826,1.);
#11826 = DIRECTION('',(0.,1.));
#11827 = ( GEOMETRIC_REPRESENTATION_CONTEXT(2) 
PARAMETRIC_REPRESENTATION_CONTEXT() REPRESENTATION_CONTEXT('2D SPACE',''
  ) );
#11828 = PCURVE('',#1896,#11829);
#11829 = DEFINITIONAL_REPRESENTATION('',(#11830),#11834);
#11830 = LINE('',#11831,#11832);
#11831 = CARTESIAN_POINT('',(-3.14159265359,0.));
#11832 = VECTOR('',#11833,1.);
#11833 = DIRECTION('',(0.,1.));
#11834 = ( GEOMETRIC_REPRESENTATION_CONTEXT(2) 
PARAMETRIC_REPRESENTATION_CONTEXT() REPRESENTATION_CONTEXT('2D SPACE',''
  ) );
#11835 = ORIENTED_EDGE('',*,*,#1875,.T.);
#11836 = ORIENTED_EDGE('',*,*,#11813,.F.);
#11837 = ORIENTED_EDGE('',*,*,#11838,.F.);
#11838 = EDGE_CURVE('',#11814,#11814,#11839,.T.);
#11839 = SURFACE_CURVE('',#11840,(#11845,#11852),.PCURVE_S1.);
#11840 = CIRCLE('',#11841,0.75);
#11841 = AXIS2_PLACEMENT_3D('',#11842,#11843,#11844);
#11842 = CARTESIAN_POINT('',(3.6,-6.235382907248,2.5));
#11843 = DIRECTION('',(-4.004630857556E-16,2.495332012344E-16,1.));
#11844 = DIRECTION('',(0.5,-0.866025403784,4.163336342345E-16));
#11845 = PCURVE('',#1896,#11846);
#11846 = DEFINITIONAL_REPRESENTATION('',(#11847),#11851);
#11847 = LINE('',#11848,#11849);
#11848 = CARTESIAN_POINT('',(6.28318530718,-2.5));
#11849 = VECTOR('',#11850,1.);
#11850 = DIRECTION('',(-1.,0.));
#11851 = ( GEOMETRIC_REPRESENTATION_CONTEXT(2) 
PARAMETRIC_REPRESENTATION_CONTEXT() REPRESENTATION_CONTEXT('2D SPACE',''
  ) );
#11852 = PCURVE('',#100,#11853);
#11853 = DEFINITIONAL_REPRESENTATION('',(#11854),#11858);
#11854 = CIRCLE('',#11855,0.75);
#11855 = AXIS2_PLACEMENT_2D('',#11856,#11857);
#11856 = CARTESIAN_POINT('',(3.6,-6.235382907248));
#11857 = DIRECTION('',(0.5,-0.866025403784));
#11858 = ( GEOMETRIC_REPRESENTATION_CONTEXT(2) 
PARAMETRIC_REPRESENTATION_CONTEXT() REPRESENTATION_CONTEXT('2D SPACE',''
  ) );
#11859 = ADVANCED_FACE('',(#11860),#1931,.F.);
#11860 = FACE_BOUND('',#11861,.F.);
#11861 = EDGE_LOOP('',(#11862,#11885,#11886,#11887));
#11862 = ORIENTED_EDGE('',*,*,#11863,.T.);
#11863 = EDGE_CURVE('',#11864,#1911,#11866,.T.);
#11864 = VERTEX_POINT('',#11865);
#11865 = CARTESIAN_POINT('',(4.825,-8.35714514652,2.5));
#11866 = SEAM_CURVE('',#11867,(#11871,#11878),.PCURVE_S1.);
#11867 = LINE('',#11868,#11869);
#11868 = CARTESIAN_POINT('',(4.825,-8.35714514652,3.275761986125E-15));
#11869 = VECTOR('',#11870,1.);
#11870 = DIRECTION('',(4.440892098501E-16,-1.7E-16,-1.));
#11871 = PCURVE('',#1931,#11872);
#11872 = DEFINITIONAL_REPRESENTATION('',(#11873),#11877);
#11873 = LINE('',#11874,#11875);
#11874 = CARTESIAN_POINT('',(3.14159265359,0.));
#11875 = VECTOR('',#11876,1.);
#11876 = DIRECTION('',(-3.552713678801E-16,1.));
#11877 = ( GEOMETRIC_REPRESENTATION_CONTEXT(2) 
PARAMETRIC_REPRESENTATION_CONTEXT() REPRESENTATION_CONTEXT('2D SPACE',''
  ) );
#11878 = PCURVE('',#1931,#11879);
#11879 = DEFINITIONAL_REPRESENTATION('',(#11880),#11884);
#11880 = LINE('',#11881,#11882);
#11881 = CARTESIAN_POINT('',(-3.14159265359,0.));
#11882 = VECTOR('',#11883,1.);
#11883 = DIRECTION('',(-3.552713678801E-16,1.));
#11884 = ( GEOMETRIC_REPRESENTATION_CONTEXT(2) 
PARAMETRIC_REPRESENTATION_CONTEXT() REPRESENTATION_CONTEXT('2D SPACE',''
  ) );
#11885 = ORIENTED_EDGE('',*,*,#1910,.T.);
#11886 = ORIENTED_EDGE('',*,*,#11863,.F.);
#11887 = ORIENTED_EDGE('',*,*,#11888,.F.);
#11888 = EDGE_CURVE('',#11864,#11864,#11889,.T.);
#11889 = SURFACE_CURVE('',#11890,(#11895,#11902),.PCURVE_S1.);
#11890 = CIRCLE('',#11891,0.75);
#11891 = AXIS2_PLACEMENT_3D('',#11892,#11893,#11894);
#11892 = CARTESIAN_POINT('',(5.2,-9.006664199358,2.5));
#11893 = DIRECTION('',(-4.004630857556E-16,2.495332012344E-16,1.));
#11894 = DIRECTION('',(0.5,-0.866025403784,4.163336342345E-16));
#11895 = PCURVE('',#1931,#11896);
#11896 = DEFINITIONAL_REPRESENTATION('',(#11897),#11901);
#11897 = LINE('',#11898,#11899);
#11898 = CARTESIAN_POINT('',(6.28318530718,-2.5));
#11899 = VECTOR('',#11900,1.);
#11900 = DIRECTION('',(-1.,0.));
#11901 = ( GEOMETRIC_REPRESENTATION_CONTEXT(2) 
PARAMETRIC_REPRESENTATION_CONTEXT() REPRESENTATION_CONTEXT('2D SPACE',''
  ) );
#11902 = PCURVE('',#100,#11903);
#11903 = DEFINITIONAL_REPRESENTATION('',(#11904),#11908);
#11904 = CIRCLE('',#11905,0.75);
#11905 = AXIS2_PLACEMENT_2D('',#11906,#11907);
#11906 = CARTESIAN_POINT('',(5.2,-9.006664199358));
#11907 = DIRECTION('',(0.5,-0.866025403784));
#11908 = ( GEOMETRIC_REPRESENTATION_CONTEXT(2) 
PARAMETRIC_REPRESENTATION_CONTEXT() REPRESENTATION_CONTEXT('2D SPACE',''
  ) );
#11909 = ADVANCED_FACE('',(#11910),#1966,.F.);
#11910 = FACE_BOUND('',#11911,.F.);
#11911 = EDGE_LOOP('',(#11912,#11935,#11936,#11937));
#11912 = ORIENTED_EDGE('',*,*,#11913,.T.);
#11913 = EDGE_CURVE('',#11914,#1946,#11916,.T.);
#11914 = VERTEX_POINT('',#11915);
#11915 = CARTESIAN_POINT('',(6.425,-11.12842643862,2.5));
#11916 = SEAM_CURVE('',#11917,(#11921,#11928),.PCURVE_S1.);
#11917 = LINE('',#11918,#11919);
#11918 = CARTESIAN_POINT('',(6.425,-11.12842643862,4.608029615675E-15));
#11919 = VECTOR('',#11920,1.);
#11920 = DIRECTION('',(4.440892098501E-16,-1.7E-16,-1.));
#11921 = PCURVE('',#1966,#11922);
#11922 = DEFINITIONAL_REPRESENTATION('',(#11923),#11927);
#11923 = LINE('',#11924,#11925);
#11924 = CARTESIAN_POINT('',(9.424777960769,4.440892098501E-16));
#11925 = VECTOR('',#11926,1.);
#11926 = DIRECTION('',(0.,1.));
#11927 = ( GEOMETRIC_REPRESENTATION_CONTEXT(2) 
PARAMETRIC_REPRESENTATION_CONTEXT() REPRESENTATION_CONTEXT('2D SPACE',''
  ) );
#11928 = PCURVE('',#1966,#11929);
#11929 = DEFINITIONAL_REPRESENTATION('',(#11930),#11934);
#11930 = LINE('',#11931,#11932);
#11931 = CARTESIAN_POINT('',(3.14159265359,4.440892098501E-16));
#11932 = VECTOR('',#11933,1.);
#11933 = DIRECTION('',(0.,1.));
#11934 = ( GEOMETRIC_REPRESENTATION_CONTEXT(2) 
PARAMETRIC_REPRESENTATION_CONTEXT() REPRESENTATION_CONTEXT('2D SPACE',''
  ) );
#11935 = ORIENTED_EDGE('',*,*,#1945,.T.);
#11936 = ORIENTED_EDGE('',*,*,#11913,.F.);
#11937 = ORIENTED_EDGE('',*,*,#11938,.F.);
#11938 = EDGE_CURVE('',#11914,#11914,#11939,.T.);
#11939 = SURFACE_CURVE('',#11940,(#11945,#11952),.PCURVE_S1.);
#11940 = CIRCLE('',#11941,0.75);
#11941 = AXIS2_PLACEMENT_3D('',#11942,#11943,#11944);
#11942 = CARTESIAN_POINT('',(6.8,-11.77794549146,2.5));
#11943 = DIRECTION('',(-4.004630857556E-16,2.495332012344E-16,1.));
#11944 = DIRECTION('',(0.5,-0.866025403784,4.163336342345E-16));
#11945 = PCURVE('',#1966,#11946);
#11946 = DEFINITIONAL_REPRESENTATION('',(#11947),#11951);
#11947 = LINE('',#11948,#11949);
#11948 = CARTESIAN_POINT('',(12.566370614359,-2.5));
#11949 = VECTOR('',#11950,1.);
#11950 = DIRECTION('',(-1.,0.));
#11951 = ( GEOMETRIC_REPRESENTATION_CONTEXT(2) 
PARAMETRIC_REPRESENTATION_CONTEXT() REPRESENTATION_CONTEXT('2D SPACE',''
  ) );
#11952 = PCURVE('',#100,#11953);
#11953 = DEFINITIONAL_REPRESENTATION('',(#11954),#11958);
#11954 = CIRCLE('',#11955,0.75);
#11955 = AXIS2_PLACEMENT_2D('',#11956,#11957);
#11956 = CARTESIAN_POINT('',(6.8,-11.77794549146));
#11957 = DIRECTION('',(0.5,-0.866025403784));
#11958 = ( GEOMETRIC_REPRESENTATION_CONTEXT(2) 
PARAMETRIC_REPRESENTATION_CONTEXT() REPRESENTATION_CONTEXT('2D SPACE',''
  ) );
#11959 = ADVANCED_FACE('',(#11960),#2001,.F.);
#11960 = FACE_BOUND('',#11961,.F.);
#11961 = EDGE_LOOP('',(#11962,#11985,#11986,#11987));
#11962 = ORIENTED_EDGE('',*,*,#11963,.T.);
#11963 = EDGE_CURVE('',#11964,#1981,#11966,.T.);
#11964 = VERTEX_POINT('',#11965);
#11965 = CARTESIAN_POINT('',(-3.225,-5.58586385441,2.5));
#11966 = SEAM_CURVE('',#11967,(#11971,#11978),.PCURVE_S1.);
#11967 = LINE('',#11968,#11969);
#11968 = CARTESIAN_POINT('',(-3.225,-5.58586385441,1.552858141182E-15));
#11969 = VECTOR('',#11970,1.);
#11970 = DIRECTION('',(-1.110223024625E-16,-2.8E-16,-1.));
#11971 = PCURVE('',#2001,#11972);
#11972 = DEFINITIONAL_REPRESENTATION('',(#11973),#11977);
#11973 = LINE('',#11974,#11975);
#11974 = CARTESIAN_POINT('',(9.424777960769,0.));
#11975 = VECTOR('',#11976,1.);
#11976 = DIRECTION('',(1.7763568394E-16,1.));
#11977 = ( GEOMETRIC_REPRESENTATION_CONTEXT(2) 
PARAMETRIC_REPRESENTATION_CONTEXT() REPRESENTATION_CONTEXT('2D SPACE',''
  ) );
#11978 = PCURVE('',#2001,#11979);
#11979 = DEFINITIONAL_REPRESENTATION('',(#11980),#11984);
#11980 = LINE('',#11981,#11982);
#11981 = CARTESIAN_POINT('',(3.14159265359,0.));
#11982 = VECTOR('',#11983,1.);
#11983 = DIRECTION('',(1.7763568394E-16,1.));
#11984 = ( GEOMETRIC_REPRESENTATION_CONTEXT(2) 
PARAMETRIC_REPRESENTATION_CONTEXT() REPRESENTATION_CONTEXT('2D SPACE',''
  ) );
#11985 = ORIENTED_EDGE('',*,*,#1980,.T.);
#11986 = ORIENTED_EDGE('',*,*,#11963,.F.);
#11987 = ORIENTED_EDGE('',*,*,#11988,.F.);
#11988 = EDGE_CURVE('',#11964,#11964,#11989,.T.);
#11989 = SURFACE_CURVE('',#11990,(#11995,#12002),.PCURVE_S1.);
#11990 = CIRCLE('',#11991,0.75);
#11991 = AXIS2_PLACEMENT_3D('',#11992,#11993,#11994);
#11992 = CARTESIAN_POINT('',(-3.6,-6.235382907248,2.5));
#11993 = DIRECTION('',(1.932926489739E-16,1.127480838273E-16,1.));
#11994 = DIRECTION('',(-0.5,-0.866025403784,1.942890293094E-16));
#11995 = PCURVE('',#2001,#11996);
#11996 = DEFINITIONAL_REPRESENTATION('',(#11997),#12001);
#11997 = LINE('',#11998,#11999);
#11998 = CARTESIAN_POINT('',(12.566370614359,-2.5));
#11999 = VECTOR('',#12000,1.);
#12000 = DIRECTION('',(-1.,0.));
#12001 = ( GEOMETRIC_REPRESENTATION_CONTEXT(2) 
PARAMETRIC_REPRESENTATION_CONTEXT() REPRESENTATION_CONTEXT('2D SPACE',''
  ) );
#12002 = PCURVE('',#100,#12003);
#12003 = DEFINITIONAL_REPRESENTATION('',(#12004),#12008);
#12004 = CIRCLE('',#12005,0.75);
#12005 = AXIS2_PLACEMENT_2D('',#12006,#12007);
#12006 = CARTESIAN_POINT('',(-3.6,-6.235382907248));
#12007 = DIRECTION('',(-0.5,-0.866025403784));
#12008 = ( GEOMETRIC_REPRESENTATION_CONTEXT(2) 
PARAMETRIC_REPRESENTATION_CONTEXT() REPRESENTATION_CONTEXT('2D SPACE',''
  ) );
#12009 = ADVANCED_FACE('',(#12010),#2036,.F.);
#12010 = FACE_BOUND('',#12011,.F.);
#12011 = EDGE_LOOP('',(#12012,#12035,#12036,#12037));
#12012 = ORIENTED_EDGE('',*,*,#12013,.T.);
#12013 = EDGE_CURVE('',#12014,#2016,#12016,.T.);
#12014 = VERTEX_POINT('',#12015);
#12015 = CARTESIAN_POINT('',(-4.825,-8.35714514652,2.5));
#12016 = SEAM_CURVE('',#12017,(#12021,#12028),.PCURVE_S1.);
#12017 = LINE('',#12018,#12019);
#12018 = CARTESIAN_POINT('',(-4.825,-8.35714514652,2.885125770732E-15));
#12019 = VECTOR('',#12020,1.);
#12020 = DIRECTION('',(-1.110223024625E-16,-2.8E-16,-1.));
#12021 = PCURVE('',#2036,#12022);
#12022 = DEFINITIONAL_REPRESENTATION('',(#12023),#12027);
#12023 = LINE('',#12024,#12025);
#12024 = CARTESIAN_POINT('',(9.424777960769,0.));
#12025 = VECTOR('',#12026,1.);
#12026 = DIRECTION('',(-1.7763568394E-16,1.));
#12027 = ( GEOMETRIC_REPRESENTATION_CONTEXT(2) 
PARAMETRIC_REPRESENTATION_CONTEXT() REPRESENTATION_CONTEXT('2D SPACE',''
  ) );
#12028 = PCURVE('',#2036,#12029);
#12029 = DEFINITIONAL_REPRESENTATION('',(#12030),#12034);
#12030 = LINE('',#12031,#12032);
#12031 = CARTESIAN_POINT('',(3.14159265359,0.));
#12032 = VECTOR('',#12033,1.);
#12033 = DIRECTION('',(-1.7763568394E-16,1.));
#12034 = ( GEOMETRIC_REPRESENTATION_CONTEXT(2) 
PARAMETRIC_REPRESENTATION_CONTEXT() REPRESENTATION_CONTEXT('2D SPACE',''
  ) );
#12035 = ORIENTED_EDGE('',*,*,#2015,.T.);
#12036 = ORIENTED_EDGE('',*,*,#12013,.F.);
#12037 = ORIENTED_EDGE('',*,*,#12038,.F.);
#12038 = EDGE_CURVE('',#12014,#12014,#12039,.T.);
#12039 = SURFACE_CURVE('',#12040,(#12045,#12052),.PCURVE_S1.);
#12040 = CIRCLE('',#12041,0.75);
#12041 = AXIS2_PLACEMENT_3D('',#12042,#12043,#12044);
#12042 = CARTESIAN_POINT('',(-5.2,-9.006664199358,2.5));
#12043 = DIRECTION('',(1.932926489739E-16,1.127480838273E-16,1.));
#12044 = DIRECTION('',(-0.5,-0.866025403784,1.942890293094E-16));
#12045 = PCURVE('',#2036,#12046);
#12046 = DEFINITIONAL_REPRESENTATION('',(#12047),#12051);
#12047 = LINE('',#12048,#12049);
#12048 = CARTESIAN_POINT('',(12.566370614359,-2.5));
#12049 = VECTOR('',#12050,1.);
#12050 = DIRECTION('',(-1.,0.));
#12051 = ( GEOMETRIC_REPRESENTATION_CONTEXT(2) 
PARAMETRIC_REPRESENTATION_CONTEXT() REPRESENTATION_CONTEXT('2D SPACE',''
  ) );
#12052 = PCURVE('',#100,#12053);
#12053 = DEFINITIONAL_REPRESENTATION('',(#12054),#12058);
#12054 = CIRCLE('',#12055,0.75);
#12055 = AXIS2_PLACEMENT_2D('',#12056,#12057);
#12056 = CARTESIAN_POINT('',(-5.2,-9.006664199358));
#12057 = DIRECTION('',(-0.5,-0.866025403784));
#12058 = ( GEOMETRIC_REPRESENTATION_CONTEXT(2) 
PARAMETRIC_REPRESENTATION_CONTEXT() REPRESENTATION_CONTEXT('2D SPACE',''
  ) );
#12059 = ADVANCED_FACE('',(#12060),#2071,.F.);
#12060 = FACE_BOUND('',#12061,.F.);
#12061 = EDGE_LOOP('',(#12062,#12085,#12086,#12087));
#12062 = ORIENTED_EDGE('',*,*,#12063,.T.);
#12063 = EDGE_CURVE('',#12064,#2051,#12066,.T.);
#12064 = VERTEX_POINT('',#12065);
#12065 = CARTESIAN_POINT('',(-6.425,-11.12842643862,2.5));
#12066 = SEAM_CURVE('',#12067,(#12071,#12078),.PCURVE_S1.);
#12067 = LINE('',#12068,#12069);
#12068 = CARTESIAN_POINT('',(-6.425,-11.12842643862,3.773304190433E-15)
  );
#12069 = VECTOR('',#12070,1.);
#12070 = DIRECTION('',(-1.110223024625E-16,-2.8E-16,-1.));
#12071 = PCURVE('',#2071,#12072);
#12072 = DEFINITIONAL_REPRESENTATION('',(#12073),#12077);
#12073 = LINE('',#12074,#12075);
#12074 = CARTESIAN_POINT('',(3.14159265359,4.440892098501E-16));
#12075 = VECTOR('',#12076,1.);
#12076 = DIRECTION('',(0.,1.));
#12077 = ( GEOMETRIC_REPRESENTATION_CONTEXT(2) 
PARAMETRIC_REPRESENTATION_CONTEXT() REPRESENTATION_CONTEXT('2D SPACE',''
  ) );
#12078 = PCURVE('',#2071,#12079);
#12079 = DEFINITIONAL_REPRESENTATION('',(#12080),#12084);
#12080 = LINE('',#12081,#12082);
#12081 = CARTESIAN_POINT('',(-3.14159265359,4.440892098501E-16));
#12082 = VECTOR('',#12083,1.);
#12083 = DIRECTION('',(0.,1.));
#12084 = ( GEOMETRIC_REPRESENTATION_CONTEXT(2) 
PARAMETRIC_REPRESENTATION_CONTEXT() REPRESENTATION_CONTEXT('2D SPACE',''
  ) );
#12085 = ORIENTED_EDGE('',*,*,#2050,.T.);
#12086 = ORIENTED_EDGE('',*,*,#12063,.F.);
#12087 = ORIENTED_EDGE('',*,*,#12088,.F.);
#12088 = EDGE_CURVE('',#12064,#12064,#12089,.T.);
#12089 = SURFACE_CURVE('',#12090,(#12095,#12102),.PCURVE_S1.);
#12090 = CIRCLE('',#12091,0.75);
#12091 = AXIS2_PLACEMENT_3D('',#12092,#12093,#12094);
#12092 = CARTESIAN_POINT('',(-6.8,-11.77794549146,2.5));
#12093 = DIRECTION('',(1.932926489739E-16,1.127480838273E-16,1.));
#12094 = DIRECTION('',(-0.5,-0.866025403784,1.942890293094E-16));
#12095 = PCURVE('',#2071,#12096);
#12096 = DEFINITIONAL_REPRESENTATION('',(#12097),#12101);
#12097 = LINE('',#12098,#12099);
#12098 = CARTESIAN_POINT('',(6.28318530718,-2.5));
#12099 = VECTOR('',#12100,1.);
#12100 = DIRECTION('',(-1.,0.));
#12101 = ( GEOMETRIC_REPRESENTATION_CONTEXT(2) 
PARAMETRIC_REPRESENTATION_CONTEXT() REPRESENTATION_CONTEXT('2D SPACE',''
  ) );
#12102 = PCURVE('',#100,#12103);
#12103 = DEFINITIONAL_REPRESENTATION('',(#12104),#12108);
#12104 = CIRCLE('',#12105,0.75);
#12105 = AXIS2_PLACEMENT_2D('',#12106,#12107);
#12106 = CARTESIAN_POINT('',(-6.8,-11.77794549146));
#12107 = DIRECTION('',(-0.5,-0.866025403784));
#12108 = ( GEOMETRIC_REPRESENTATION_CONTEXT(2) 
PARAMETRIC_REPRESENTATION_CONTEXT() REPRESENTATION_CONTEXT('2D SPACE',''
  ) );
#12109 = ADVANCED_FACE('',(#12110),#2106,.F.);
#12110 = FACE_BOUND('',#12111,.F.);
#12111 = EDGE_LOOP('',(#12112,#12135,#12136,#12137));
#12112 = ORIENTED_EDGE('',*,*,#12113,.T.);
#12113 = EDGE_CURVE('',#12114,#2086,#12116,.T.);
#12114 = VERTEX_POINT('',#12115);
#12115 = CARTESIAN_POINT('',(-3.225,5.58586385441,2.5));
#12116 = SEAM_CURVE('',#12117,(#12121,#12128),.PCURVE_S1.);
#12117 = LINE('',#12118,#12119);
#12118 = CARTESIAN_POINT('',(-3.225,5.58586385441,-1.858960421124E-16));
#12119 = VECTOR('',#12120,1.);
#12120 = DIRECTION('',(-3.885780586188E-16,-2.8E-16,-1.));
#12121 = PCURVE('',#2106,#12122);
#12122 = DEFINITIONAL_REPRESENTATION('',(#12123),#12127);
#12123 = LINE('',#12124,#12125);
#12124 = CARTESIAN_POINT('',(3.14159265359,-4.440892098501E-16));
#12125 = VECTOR('',#12126,1.);
#12126 = DIRECTION('',(-1.7763568394E-16,1.));
#12127 = ( GEOMETRIC_REPRESENTATION_CONTEXT(2) 
PARAMETRIC_REPRESENTATION_CONTEXT() REPRESENTATION_CONTEXT('2D SPACE',''
  ) );
#12128 = PCURVE('',#2106,#12129);
#12129 = DEFINITIONAL_REPRESENTATION('',(#12130),#12134);
#12130 = LINE('',#12131,#12132);
#12131 = CARTESIAN_POINT('',(-3.14159265359,-4.440892098501E-16));
#12132 = VECTOR('',#12133,1.);
#12133 = DIRECTION('',(-1.7763568394E-16,1.));
#12134 = ( GEOMETRIC_REPRESENTATION_CONTEXT(2) 
PARAMETRIC_REPRESENTATION_CONTEXT() REPRESENTATION_CONTEXT('2D SPACE',''
  ) );
#12135 = ORIENTED_EDGE('',*,*,#2085,.T.);
#12136 = ORIENTED_EDGE('',*,*,#12113,.F.);
#12137 = ORIENTED_EDGE('',*,*,#12138,.F.);
#12138 = EDGE_CURVE('',#12114,#12114,#12139,.T.);
#12139 = SURFACE_CURVE('',#12140,(#12145,#12152),.PCURVE_S1.);
#12140 = CIRCLE('',#12141,0.75);
#12141 = AXIS2_PLACEMENT_3D('',#12142,#12143,#12144);
#12142 = CARTESIAN_POINT('',(-3.6,6.235382907248,2.5));
#12143 = DIRECTION('',(3.365184701171E-16,1.942890293094E-16,1.));
#12144 = DIRECTION('',(-0.5,0.866025403784,7.545947596505E-29));
#12145 = PCURVE('',#2106,#12146);
#12146 = DEFINITIONAL_REPRESENTATION('',(#12147),#12151);
#12147 = LINE('',#12148,#12149);
#12148 = CARTESIAN_POINT('',(6.28318530718,-2.5));
#12149 = VECTOR('',#12150,1.);
#12150 = DIRECTION('',(-1.,0.));
#12151 = ( GEOMETRIC_REPRESENTATION_CONTEXT(2) 
PARAMETRIC_REPRESENTATION_CONTEXT() REPRESENTATION_CONTEXT('2D SPACE',''
  ) );
#12152 = PCURVE('',#100,#12153);
#12153 = DEFINITIONAL_REPRESENTATION('',(#12154),#12158);
#12154 = CIRCLE('',#12155,0.75);
#12155 = AXIS2_PLACEMENT_2D('',#12156,#12157);
#12156 = CARTESIAN_POINT('',(-3.6,6.235382907248));
#12157 = DIRECTION('',(-0.5,0.866025403784));
#12158 = ( GEOMETRIC_REPRESENTATION_CONTEXT(2) 
PARAMETRIC_REPRESENTATION_CONTEXT() REPRESENTATION_CONTEXT('2D SPACE',''
  ) );
#12159 = ADVANCED_FACE('',(#12160,#12180,#12183,#12186,#12189,#12192,
    #12195,#12198,#12201,#12204,#12207,#12210,#12213,#12216,#12219,
    #12222,#12225,#12228,#12231,#12234),#100,.T.);
#12160 = FACE_BOUND('',#12161,.T.);
#12161 = EDGE_LOOP('',(#12162,#12163,#12164,#12165,#12166,#12167,#12168,
    #12169,#12170,#12171,#12172,#12173,#12174,#12175,#12176,#12177,
    #12178,#12179));
#12162 = ORIENTED_EDGE('',*,*,#84,.T.);
#12163 = ORIENTED_EDGE('',*,*,#198,.T.);
#12164 = ORIENTED_EDGE('',*,*,#274,.F.);
#12165 = ORIENTED_EDGE('',*,*,#350,.T.);
#12166 = ORIENTED_EDGE('',*,*,#432,.T.);
#12167 = ORIENTED_EDGE('',*,*,#508,.F.);
#12168 = ORIENTED_EDGE('',*,*,#584,.T.);
#12169 = ORIENTED_EDGE('',*,*,#666,.T.);
#12170 = ORIENTED_EDGE('',*,*,#742,.F.);
#12171 = ORIENTED_EDGE('',*,*,#818,.T.);
#12172 = ORIENTED_EDGE('',*,*,#900,.T.);
#12173 = ORIENTED_EDGE('',*,*,#976,.F.);
#12174 = ORIENTED_EDGE('',*,*,#1052,.T.);
#12175 = ORIENTED_EDGE('',*,*,#1134,.T.);
#12176 = ORIENTED_EDGE('',*,*,#1210,.F.);
#12177 = ORIENTED_EDGE('',*,*,#1286,.T.);
#12178 = ORIENTED_EDGE('',*,*,#1410,.T.);
#12179 = ORIENTED_EDGE('',*,*,#1335,.F.);
#12180 = FACE_BOUND('',#12181,.T.);
#12181 = EDGE_LOOP('',(#12182));
#12182 = ORIENTED_EDGE('',*,*,#11220,.F.);
#12183 = FACE_BOUND('',#12184,.T.);
#12184 = EDGE_LOOP('',(#12185));
#12185 = ORIENTED_EDGE('',*,*,#11288,.F.);
#12186 = FACE_BOUND('',#12187,.T.);
#12187 = EDGE_LOOP('',(#12188));
#12188 = ORIENTED_EDGE('',*,*,#11338,.F.);
#12189 = FACE_BOUND('',#12190,.T.);
#12190 = EDGE_LOOP('',(#12191));
#12191 = ORIENTED_EDGE('',*,*,#11388,.F.);
#12192 = FACE_BOUND('',#12193,.T.);
#12193 = EDGE_LOOP('',(#12194));
#12194 = ORIENTED_EDGE('',*,*,#12138,.F.);
#12195 = FACE_BOUND('',#12196,.T.);
#12196 = EDGE_LOOP('',(#12197));
#12197 = ORIENTED_EDGE('',*,*,#11488,.F.);
#12198 = FACE_BOUND('',#12199,.T.);
#12199 = EDGE_LOOP('',(#12200));
#12200 = ORIENTED_EDGE('',*,*,#11538,.F.);
#12201 = FACE_BOUND('',#12202,.T.);
#12202 = EDGE_LOOP('',(#12203));
#12203 = ORIENTED_EDGE('',*,*,#11588,.F.);
#12204 = FACE_BOUND('',#12205,.T.);
#12205 = EDGE_LOOP('',(#12206));
#12206 = ORIENTED_EDGE('',*,*,#11638,.F.);
#12207 = FACE_BOUND('',#12208,.T.);
#12208 = EDGE_LOOP('',(#12209));
#12209 = ORIENTED_EDGE('',*,*,#11688,.F.);
#12210 = FACE_BOUND('',#12211,.T.);
#12211 = EDGE_LOOP('',(#12212));
#12212 = ORIENTED_EDGE('',*,*,#11438,.F.);
#12213 = FACE_BOUND('',#12214,.T.);
#12214 = EDGE_LOOP('',(#12215));
#12215 = ORIENTED_EDGE('',*,*,#11738,.F.);
#12216 = FACE_BOUND('',#12217,.T.);
#12217 = EDGE_LOOP('',(#12218));
#12218 = ORIENTED_EDGE('',*,*,#11788,.F.);
#12219 = FACE_BOUND('',#12220,.T.);
#12220 = EDGE_LOOP('',(#12221));
#12221 = ORIENTED_EDGE('',*,*,#11888,.F.);
#12222 = FACE_BOUND('',#12223,.T.);
#12223 = EDGE_LOOP('',(#12224));
#12224 = ORIENTED_EDGE('',*,*,#11938,.F.);
#12225 = FACE_BOUND('',#12226,.T.);
#12226 = EDGE_LOOP('',(#12227));
#12227 = ORIENTED_EDGE('',*,*,#11988,.F.);
#12228 = FACE_BOUND('',#12229,.T.);
#12229 = EDGE_LOOP('',(#12230));
#12230 = ORIENTED_EDGE('',*,*,#12038,.F.);
#12231 = FACE_BOUND('',#12232,.T.);
#12232 = EDGE_LOOP('',(#12233));
#12233 = ORIENTED_EDGE('',*,*,#12088,.F.);
#12234 = FACE_BOUND('',#12235,.T.);
#12235 = EDGE_LOOP('',(#12236));
#12236 = ORIENTED_EDGE('',*,*,#11838,.F.);
#12237 = ( GEOMETRIC_REPRESENTATION_CONTEXT(3) 
GLOBAL_UNCERTAINTY_ASSIGNED_CONTEXT((#12241)) 
GLOBAL_UNIT_ASSIGNED_CONTEXT((#12238,#12239,#12240)) 
REPRESENTATION_CONTEXT('Context #1',
  '3D Context with UNIT and UNCERTAINTY') );
#12238 = ( LENGTH_UNIT() NAMED_UNIT(*) SI_UNIT(.MILLI.,.METRE.) );
#12239 = ( NAMED_UNIT(*) PLANE_ANGLE_UNIT() SI_UNIT($,.RADIAN.) );
#12240 = ( NAMED_UNIT(*) SI_UNIT($,.STERADIAN.) SOLID_ANGLE_UNIT() );
#12241 = UNCERTAINTY_MEASURE_WITH_UNIT(LENGTH_MEASURE(1.E-04),#12238,
  'distance_accuracy_value','confusion accuracy');
#12242 = PRODUCT_RELATED_PRODUCT_CATEGORY('part',$,(#7));
ENDSEC;
END-ISO-10303-21;
